first_race_date,horse_id,horse_name,last_race_date,sex_age,starts_2025
2025-07-13,pw01dud102023102893/98,アイアムアッパレ,2025-12-14,牡2,2
2025-10-11,pw01dud102023102209/94,アイアムアヒーロー,2025-10-11,牡2,1
2025-04-26,pw01dud102022103183/94,アイアムイチバン,2025-04-26,牡3,2
2025-01-11,pw01dud102017101159/89,アイアムイチリュウ,2025-01-11,牡8,1
2025-11-02,pw01dud102023103601/AF,アイアムコロンブス,2025-11-30,牡2,2
2025-10-18,pw01dud102023102210/99,アイアムステキ,2025-10-18,牝2,1
2025-07-05,pw01dud102021103204/2C,アイアムユウシュン,2025-12-28,牡4,3
2025-05-04,pw01dud102022103184/07,アイアムルンルン,2025-05-25,牝3,3
2025-07-12,pw01dud102022100587/57,アイアンオバーカム,2025-09-15,牝3,9
2025-12-27,pw01dud102023100232/C1,アイアンクラッド,2025-12-27,牡2,1
2025-11-08,pw01dud102022100588/CA,アイアンソリッド,2025-12-21,牝3,9
2025-10-11,pw01dud102023100633/F8,アイアンナックル,2025-10-26,牡2,2
2025-12-20,pw01dud102023102633/D6,アイアンパイク,2025-12-20,牝2,1
2025-10-13,pw01dud102023100099/E4,アイアンブランド,2025-12-28,牝2,3
2025-07-26,pw01dud102021103502/D9,アイウィル,2025-10-25,牡4,8
2025-08-03,pw01dud102020104160/F2,アイオブザストーム,2025-08-31,牝5,6
2025-08-03,pw01dud102022104310/1C,アイオリア,2025-10-19,牡3,6
2025-06-14,pw01dud102023106728/F2,アイオロステソーロ,2025-11-16,牡2,4
2025-03-01,pw01dud102022103591/82,アイカチャン,2025-03-01,牝3,3
2025-10-25,pw01dud102023102036/09,アイカンアズーラ,2025-11-29,牝2,3
2025-03-01,pw01dud102022101641/85,アイガー,2025-03-23,牝3,2
2025-11-15,pw01dud102023103474/16,アイガーリー,2025-11-15,牡2,2
2025-07-06,pw01dud102019105793/11,アイキャンドウイッ,2025-09-28,牡6,6
2025-07-26,pw01dud102023105012/EA,アイク,2025-10-25,牝2,4
2025-10-25,pw01dud102023100118/22,アイクルムズ,2025-10-25,牝2,1
2025-07-27,pw01dud102022104886/33,アイサイト,2025-07-27,牝3,2
2025-05-25,pw01dud102022103875/C1,アイサンサン,2025-11-08,牝3,7
2025-04-20,pw01dud102020101548/61,アイザックバローズ,2025-11-22,牡5,5
2025-11-15,pw01dud102023102937/35,アイスアイスベイビ,2025-12-14,牡2,2
2025-07-19,pw01dud102023103691/3F,アイスアンドスノー,2025-12-27,牡2,2
2025-08-23,pw01dud102020103354/21,アイスグリーン,2025-11-15,牡5,7
2025-06-14,pw01dud102022103330/4D,アイスフィールド,2025-06-22,牡3,4
2025-02-16,pw01dud102021103332/A7,アイスブレイカー,2025-12-06,牡4,5
2025-12-27,pw01dud102023103274/B4,アイスメルティング,2025-12-27,牝2,1
2025-01-12,pw01dud102022102931/F7,アイスモント,2025-08-16,牝3,10
2025-04-26,pw01dud102021103575/A2,アイスリンディ,2025-11-08,牝4,6
2025-08-10,pw01dud102022106995/DF,アイスリーディング,2025-09-21,牝3,10
2025-08-24,pw01dud102022103702/C7,アイスヴィレッジ,2025-09-07,牡3,5
2025-05-25,pw01dud102021107154/07,アイズ,2025-06-08,牡4,4
2025-08-17,pw01dud102022104364/38,アイズミサクラ,2025-08-17,牝3,5
2025-01-11,pw01dud102020102819/26,アイソラシー,2025-01-11,牝5,1
2025-03-30,pw01dud102022105888/08,アイヅワカマツ,2025-03-30,牡3,1
2025-01-06,pw01dud102022109083/FD,アイトカコイトカ,2025-04-13,牝3,2
2025-11-22,pw01dud102023104487/6E,アイドクレース,2025-11-22,牝2,5
2025-07-06,pw01dud102022105966/33,アイドル,2025-12-21,牝3,10
2025-08-16,pw01dud102022104653/48,アイドルアイズ,2025-08-16,牝3,5
2025-04-20,pw01dud102022103246/DE,アイドルフェスタ,2025-07-26,牝3,4
2025-08-09,pw01dud102023101159/C4,アイニードユー,2025-12-13,牝2,3
2025-06-15,pw01dud102020100632/E1,アイノセンシ,2025-11-08,牡5,5
2025-07-12,pw01dud102022100039/F8,アイビーガオー,2025-07-12,牡3,5
2025-10-26,pw01dud102023106574/14,アイビーキラリ,2025-12-20,牝2,2
2025-05-17,pw01dud102022101851/F7,アイビースピネル,2025-05-17,せん3,3
2025-03-23,pw01dud102022103959/9E,アイビーヒメチャン,2025-03-23,牝3,1
2025-12-14,pw01dud102023101755/1E,アイビーミャーオ,2025-12-14,牝2,2
2025-08-09,pw01dud102023100657/E4,アイファーアイドル,2025-08-09,牡2,2
2025-03-22,pw01dud102019101325/07,アイファーエポック,2025-09-28,牡6,3
2025-05-24,pw01dud102021107295/EB,アイファーキャップ,2025-07-27,牡4,6
2025-04-19,pw01dud102019101330/D8,アイファーグローブ,2025-12-06,牡6,8
2025-10-04,pw01dud102023100656/71,アイファーサックス,2025-11-30,牝2,2
2025-03-01,pw01dud102020107113/C8,アイファーシアトル,2025-03-01,牝5,2
2025-08-03,pw01dud102022104259/36,アイファーシャドー,2025-08-31,牡3,6
2025-01-12,pw01dud102022101114/B9,アイファージェット,2025-08-02,牡3,4
2025-06-07,pw01dud102020101271/D9,アイファースキャン,2025-12-13,牡5,4
2025-07-19,pw01dud102018100099/35,アイファーチーター,2025-07-19,牡7,1
2025-08-23,pw01dud102020101275/A5,アイファーテイオー,2025-08-23,牡5,6
2025-02-16,pw01dud102021101023/99,アイファーバトル,2025-12-20,牡4,10
2025-04-26,pw01dud102019101233/00,アイファーファイト,2025-12-20,牡6,8
2025-05-24,pw01dud102018100107/F0,アイファーベア,2025-05-24,牡7,1
2025-03-16,pw01dud102019106470/F4,アイファーマオ,2025-03-16,牝6,1
2025-04-12,pw01dud102022101117/12,アイファーモービル,2025-09-07,牡3,10
2025-01-12,pw01dud102022101112/D3,アイファーリーオー,2025-04-05,牡3,3
2025-08-09,pw01dud102019102950/0D,アイファーリーベン,2025-12-28,牝6,9
2025-10-11,pw01dud102023100075/F8,アイファーローレル,2025-10-11,牝2,2
2025-01-11,pw01dud102022100358/38,アイブリンク,2025-12-14,牝3,7
2025-05-11,pw01dud102022100181/E1,アイムアクイーン,2025-10-18,牝3,8
2025-11-09,pw01dud102023107111/86,アイムイン,2025-11-30,牡2,2
2025-08-02,pw01dud102023106595/A7,アイムスティルミー,2025-11-09,せん2,5
2025-01-06,pw01dud102022105896/32,アイヨトワニ,2025-01-18,牝3,2
2025-07-06,pw01dud102021101363/6C,アイランドピーク,2025-07-06,牡4,3
2025-05-03,pw01dud102020103608/30,アイリッシュパール,2025-05-03,牝5,2
2025-06-15,pw01dud102022103486/80,アイルクラウン,2025-06-15,せん3,2
2025-03-15,pw01dud102022101474/AC,アイルシャンス,2025-05-31,牝3,3
2025-07-26,pw01dud102023102920/00,アイルトン,2025-11-08,牡2,3
2025-04-12,pw01dud102022104323/85,アイルトンバローズ,2025-08-23,牡3,5
2025-04-13,pw01dud102021105605/41,アイルドリアン,2025-04-13,牝4,3
2025-08-23,pw01dud102022103176/DD,アイルビリーヴ,2025-08-23,牡3,6
2025-05-04,pw01dud102022106859/3A,アイルフィレール,2025-08-24,牝3,3
2025-05-24,pw01dud102022106580/CC,アイルランズコール,2025-08-23,牡3,6
2025-08-10,pw01dud102020101378/2F,アイヲツグモノ,2025-11-29,牝5,4
2025-04-06,pw01dud102022110055/1A,アインプレーゲン,2025-04-19,牡3,2
2025-08-02,pw01dud102022104823/7A,アインホルン,2025-08-02,牡3,5
2025-10-13,pw01dud102023110027/5C,アウェイクネス,2025-12-27,牝2,4
2025-11-15,pw01dud102020103261/A7,アウクソー,2025-11-15,牝5,9
2025-08-09,pw01dud102022100638/AB,アウスラフラッグ,2025-08-09,牝3,5
2025-08-17,pw01dud102018101010/99,アウスヴァール,2025-08-17,せん7,4
2025-06-08,pw01dud102023107321/F8,アウダーシア,2025-11-30,牡2,2
2025-08-16,pw01dud102023110020/37,アウトザロー,2025-08-24,牡2,3
2025-01-18,pw01dud102021100868/B1,アウトドライブ,2025-09-28,牡4,4
2025-12-07,pw01dud102020105621/09,アウトレンジ,2025-12-07,牡5,3
2025-03-29,pw01dud102020105305/22,アウフヘーベン,2025-12-07,牝5,9
2025-07-12,pw01dud102022105353/A4,アウフヴィント,2025-09-28,牝3,7
2025-08-23,pw01dud102022103503/D8,アウルムレガリア,2025-08-23,牝3,5
2025-05-25,pw01dud102020106306/84,アウロス,2025-06-15,牝5,2
2025-04-20,pw01dud102020101781/DE,アウローラシエル,2025-11-15,牡5,5
2025-04-13,pw01dud102022104162/F0,アオイアイ,2025-07-13,牝3,3
2025-02-16,pw01dud102020101861/EF,アオイイーグル,2025-05-31,牡5,2
2025-05-04,pw01dud102022105742/E5,アオイウィンダム,2025-05-25,牝3,4
2025-01-25,pw01dud102020101866/2E,アオイコウキ,2025-01-25,牡5,1
2025-08-10,pw01dud102022100330/80,アオイタケル,2025-12-06,牡3,5
2025-08-10,pw01dud102022102937/A9,アオイハナミチ,2025-09-07,牝3,8
2025-10-05,pw01dud102023106068/DB,アオイハルカ,2025-10-05,牝2,1
2025-05-04,pw01dud102022101875/E3,アオイフォトグラフ,2025-05-04,牝3,3
2025-10-11,pw01dud102023101814/9C,アオイミズホ,2025-12-13,牡2,3
2025-02-15,pw01dud102021100873/82,アオイミモザ,2025-05-24,せん4,4
2025-04-06,pw01dud102021100574/62,アオイメルスイ,2025-04-19,牝4,2
2025-01-19,pw01dud102022102939/8F,アオイレーギーナ,2025-10-26,牝3,6
2025-04-19,pw01dud102019101753/15,アオカミ,2025-11-29,せん6,8
2025-10-19,pw01dud102023102313/23,アオハルブルース,2025-12-21,牡2,3
2025-03-02,pw01dud102022102889/AE,アオユウスター,2025-03-02,牝3,1
2025-11-15,pw01dud102020106692/DB,アオラキ,2025-11-15,牡5,1
2025-01-13,pw01dud102022102767/77,アカイツキ,2025-04-19,牝3,4
2025-01-06,pw01dud102022109019/3F,アカイツメ,2025-01-06,牝3,1
2025-12-14,pw01dud102023105438/80,アカウフリューゲル,2025-12-27,牝2,2
2025-08-17,pw01dud102022104471/20,アカオー,2025-08-17,牡3,2
2025-04-20,pw01dud102020100081/98,アカツキロットリー,2025-12-21,牡5,3
2025-11-09,pw01dud102022105180/19,アカデミア,2025-12-20,牡3,4
2025-05-03,pw01dud102021100653/00,アガシ,2025-11-09,せん4,4
2025-01-05,pw01dud102021105344/7B,アキミューミュー,2025-01-18,牝4,2
2025-11-02,pw01dud102023106837/C0,アクアアイ,2025-11-02,牝2,1
2025-08-09,pw01dud102022104076/9B,アクアジェット,2025-08-09,牡3,3
2025-09-13,pw01dud102023102464/17,アクアマイスター,2025-12-27,牡2,3
2025-05-10,pw01dud102018104872/34,アクアマリンブルー,2025-05-10,せん7,3
2025-09-27,pw01dud102022102026/6D,アクアマリーナ,2025-12-20,牝3,4
2025-11-09,pw01dud102023107364/91,アクアマーズ,2025-12-06,牡2,3
2025-05-18,pw01dud102021105433/29,アクアヴァーナル,2025-11-22,牝4,7
2025-12-14,pw01dud102021101059/7B,アクイローネ,2025-12-14,牡4,1
2025-01-25,pw01dud102022100351/13,アクシオン,2025-02-09,牝3,2
2025-12-07,pw01dud102023105799/E6,アクシズ,2025-12-07,牡2,1
2025-12-14,pw01dud102023104416/8B,アクシュラ,2025-12-14,牝2,2
2025-11-16,pw01dud102020100116/98,アクションプラン,2025-12-14,牡5,3
2025-11-16,pw01dud102023100947/67,アクセス,2025-11-16,牡2,1
2025-08-31,pw01dud102022103393/06,アクセルギア,2025-08-31,牝3,1
2025-10-26,pw01dud102022105107/BE,アクチノータス,2025-10-26,牝3,4
2025-12-13,pw01dud102023101726/61,アクティブヘイロー,2025-12-13,牡2,1
2025-11-08,pw01dud102023109090/40,アクティングエリア,2025-12-14,牝2,6
2025-08-17,pw01dud102022103851/D5,アクデニズ,2025-09-06,牡3,6
2025-01-13,pw01dud102022100335/BF,アクルクス,2025-11-09,牡3,7
2025-04-19,pw01dud102022100481/74,アクロスザリバー,2025-08-24,牡3,6
2025-10-12,pw01dud102023102399/55,アクロスメモリア,2025-12-13,牝2,3
2025-12-06,pw01dud102023106978/A4,アクロフェイズ,2025-12-06,牡2,2
2025-07-26,pw01dud102020102625/08,アクートゥス,2025-11-16,牡5,7
2025-12-13,pw01dud102023103579/86,アグアフレスカ,2025-12-13,牝2,1
2025-08-16,pw01dud102022102316/F0,アグネス,2025-08-16,牝3,2
2025-10-26,pw01dud102023101727/D4,アグネスクレスト,2025-11-29,牡2,3
2025-02-16,pw01dud102022100155/7D,アグネスサンキ,2025-02-16,牡3,1
2025-01-11,pw01dud102022100180/6E,アグネスヒーロー,2025-01-11,牡3,1
2025-08-23,pw01dud102020104912/10,アグラシアド,2025-12-28,牝5,6
2025-08-09,pw01dud102021105429/CB,アグラード,2025-12-20,牡4,6
2025-02-22,pw01dud102019105126/D4,アグリ,2025-03-16,牡6,2
2025-12-20,pw01dud102023103676/5E,アグレイビューティ,2025-12-20,牝2,1
2025-12-21,pw01dud102019105792/9E,アケルナルスター,2025-12-21,牡6,1
2025-10-19,pw01dud102023102443/84,アゲンストオッズ,2025-10-19,牝2,1
2025-01-05,pw01dud102018106145/E4,アコルダール,2025-01-05,牝7,1
2025-01-13,pw01dud102019104478/AE,アコークロー,2025-01-13,牝6,1
2025-05-03,pw01dud102020105154/9D,アサカラキング,2025-12-20,牡5,6
2025-07-26,pw01dud102022106600/7D,アサガクル,2025-08-30,牝3,5
2025-05-24,pw01dud102021100610/67,アサギリ,2025-08-10,牝4,6
2025-08-17,pw01dud102022100547/17,アサクサグレース,2025-10-12,牝3,9
2025-08-16,pw01dud102015110032/DA,アサクサゲンキ,2025-11-15,せん10,5
2025-11-15,pw01dud102023100532/54,アサクサダイアナ,2025-11-15,牝2,1
2025-07-05,pw01dud102020102741/8D,アサクサヴィーナス,2025-12-07,牝5,8
2025-05-31,pw01dud102019105482/FB,アサヒ,2025-09-06,牡6,4
2025-01-11,pw01dud102022104066/8B,アシャカウイング,2025-01-11,牡3,1
2025-04-13,pw01dud102020102299/80,アシャカタカ,2025-11-08,牡5,6
2025-06-29,pw01dud102022107163/30,アシャカトベ,2025-12-28,牡3,7
2025-06-28,pw01dud102023100760/00,アシャカバッハ,2025-06-28,牡2,1
2025-08-02,pw01dud102021105933/1E,アシャカブラン,2025-11-30,牡4,7
2025-12-14,pw01dud102023103233/01,アシャカルッカ,2025-12-27,牝2,2
2025-11-29,pw01dud102023104967/43,アシャカルー,2025-11-29,牡2,1
2025-08-10,pw01dud102022104486/6F,アシャカルーク,2025-09-07,牡3,6
2025-04-12,pw01dud102022101755/92,アシレ,2025-04-12,牝3,1
2025-11-16,pw01dud102021100316/86,アジアミッション,2025-11-29,牡4,4
2025-04-26,pw01dud102022103080/0A,アジアンテーラー,2025-06-07,牝3,3
2025-11-16,pw01dud102023102392/30,アジアントレジャー,2025-11-16,牡2,1
2025-03-08,pw01dud102022100157/63,アジアート,2025-03-08,牝3,1
2025-11-24,pw01dud102023102676/6F,アジャイブ,2025-12-13,牝2,2
2025-10-19,pw01dud102023105022/FA,アジュアカレンツ,2025-12-06,牝2,2
2025-06-15,pw01dud102022101241/C1,アジュマン,2025-12-07,牡3,8
2025-11-02,pw01dud102023102951/A3,アジーザム,2025-11-02,牝2,1
2025-08-02,pw01dud102022103653/59,アスカノソング,2025-08-02,牡3,4
2025-01-26,pw01dud102018100967/D8,アスカノミライ,2025-01-26,牡7,1
2025-03-16,pw01dud102020104924/06,アスキステソーロ,2025-03-29,牡5,2
2025-05-18,pw01dud102020106149/BB,アスキーアート,2025-07-26,牝5,2
2025-07-06,pw01dud102021102154/5C,アスクアイルビゼア,2025-12-27,牡4,8
2025-11-16,pw01dud102022110139/F7,アスクアットバット,2025-11-16,せん3,9
2025-07-27,pw01dud102021105128/C5,アスクアメージモア,2025-11-30,牡4,5
2025-07-06,pw01dud102022104136/8C,アスクアーバンシー,2025-08-24,牡3,5
2025-10-25,pw01dud102023105237/AB,アスクウルトラモア,2025-11-08,牡2,2
2025-08-16,pw01dud102023106400/A7,アスクエジンバラ,2025-12-27,牡2,6
2025-06-29,pw01dud102020101031/37,アスクエピソード,2025-06-29,牡5,3
2025-08-02,pw01dud102019101612/31,アスクオンディープ,2025-12-07,せん6,6
2025-08-31,pw01dud102021105236/20,アスクカムオンモア,2025-09-13,牡4,5
2025-08-31,pw01dud102022102300/2E,アスクガンバーレ,2025-08-31,牡3,8
2025-01-13,pw01dud102018104534/47,アスクキングコング,2025-11-15,せん7,5
2025-03-09,pw01dud102022105352/31,アスククラウンモア,2025-03-09,牡3,3
2025-11-09,pw01dud102023110100/48,アスクケンタッキー,2025-11-09,牡2,2
2025-04-19,pw01dud102022102303/87,アスクコモンタレヴ,2025-12-21,牡3,10
2025-01-05,pw01dud102019104642/2E,アスクコンナモンダ,2025-02-15,牡6,2
2025-04-26,pw01dud102022106979/8B,アスクサヴァイバル,2025-06-08,牡3,3
2025-12-06,pw01dud102022106719/C9,アスクザアメリカン,2025-12-13,牡3,4
2025-10-25,pw01dud102022100161/C1,アスクシュタイン,2025-10-25,牡3,3
2025-08-30,pw01dud102022105202/B0,アスクセクシーモア,2025-11-23,牡3,7
2025-10-12,pw01dud102023106403/00,アスクチャンスマン,2025-12-20,牡2,5
2025-08-10,pw01dud102022105839/2B,アスクデッドヒート,2025-12-20,牡3,12
2025-02-01,pw01dud102021104824/61,アスクデビューモア,2025-11-16,牡4,8
2025-04-13,pw01dud102020101025/F3,アスクドゥポルテ,2025-08-31,牡5,5
2025-08-17,pw01dud102019105400/95,アスクドゥラメンテ,2025-11-01,牡6,6
2025-08-31,pw01dud102020101217/2B,アスクドリームモア,2025-10-11,牡5,7
2025-06-28,pw01dud102021106954/A0,アスクナイスショー,2025-10-25,牡4,5
2025-01-26,pw01dud102021105212/34,アスクハッピーモア,2025-01-26,牡4,1
2025-03-16,pw01dud102021104952/DC,アスクヒロイズガイ,2025-03-16,牡4,4
2025-01-06,pw01dud102019101079/90,アスクビギンアゲン,2025-12-28,牡6,6
2025-07-27,pw01dud102019106414/60,アスクビックスター,2025-07-27,牡6,6
2025-12-07,pw01dud102023100472/63,アスクブームキセキ,2025-12-20,牡2,2
2025-04-27,pw01dud102021102318/4A,アスクムービーオン,2025-08-10,牡4,7
2025-04-13,pw01dud102020101029/BF,アスクメークシェア,2025-11-24,牡5,7
2025-04-27,pw01dud102021102315/F1,アスクワンタイム,2025-12-27,牡4,7
2025-05-31,pw01dud102019106357/C8,アスクヴィヴァユー,2025-05-31,牡6,1
2025-07-26,pw01dud102022102305/6D,アスクヴォルテージ,2025-07-26,牡3,5
2025-04-26,pw01dud102022103485/0D,アスコットアイ,2025-12-21,牝3,11
2025-08-10,pw01dud102023105144/31,アスコットダンス,2025-12-20,牝2,4
2025-06-28,pw01dud102022104042/9F,アスコットレイ,2025-07-13,牝3,5
2025-05-04,pw01dud102022101287/B3,アスコットロマン,2025-05-24,牡3,5
2025-11-30,pw01dud102023109067/35,アスコットヴェール,2025-12-20,牝2,2
2025-05-18,pw01dud102021105354/8B,アスコリピチェーノ,2025-11-23,牝4,2
2025-04-20,pw01dud102020103195/72,アスコルティアーモ,2025-12-20,牝5,5
2025-06-15,pw01dud102022103704/AD,アスゴッド,2025-11-15,牡3,7
2025-04-26,pw01dud102022106143/21,アスタイクウス,2025-04-26,牡3,3
2025-11-02,pw01dud102023101988/09,アスタウイン,2025-11-02,牝2,1
2025-11-09,pw01dud102023101047/9D,アスターエポワス,2025-11-22,牝2,2
2025-01-13,pw01dud102022104923/AB,アスターシッキム,2025-02-23,牝3,3
2025-10-11,pw01dud102023102795/4D,アスターシャウルス,2025-10-11,牝2,1
2025-02-15,pw01dud102022103983/1C,アスターディンブラ,2025-03-08,牡3,3
2025-03-29,pw01dud102022100205/5E,アスターニルギリ,2025-07-26,牡3,2
2025-09-07,pw01dud102020103111/26,アスターブジエ,2025-12-27,牡5,8
2025-10-18,pw01dud102023105666/2C,アスターリコッタ,2025-10-18,牝2,1
2025-12-07,pw01dud102021101548/ED,アスタールテニウム,2025-12-13,牡4,5
2025-03-23,pw01dud102022101557/16,アスタールフナ,2025-11-02,牝3,9
2025-04-26,pw01dud102021105358/57,アスティスプマンテ,2025-12-28,牝4,8
2025-12-21,pw01dud102023104883/66,アステルディーヴァ,2025-12-21,牝2,1
2025-01-12,pw01dud102022105579/D8,アステルリヴェール,2025-04-05,牡3,3
2025-07-12,pw01dud102020101709/F6,アステロイドメア,2025-07-12,牝5,5
2025-04-13,pw01dud102022101602/B8,アストラアヴィス,2025-04-13,牝3,1
2025-10-26,pw01dud102021100639/92,アストラカ,2025-10-26,せん4,2
2025-07-27,pw01dud102021100454/11,アストラッド,2025-09-21,牝4,4
2025-11-01,pw01dud102023106720/5A,アストラリオン,2025-12-20,牡2,2
2025-06-29,pw01dud102022102540/D0,アストラン,2025-08-24,せん3,4
2025-11-15,pw01dud102023101591/30,アストリル,2025-11-15,牝2,2
2025-03-02,pw01dud102019105080/51,アストロフィライト,2025-03-02,牝6,1
2025-06-01,pw01dud102022100670/53,アストロマーチ,2025-06-01,牝3,2
2025-08-10,pw01dud102023107326/37,アストロレガシー,2025-08-10,牡2,1
2025-08-31,pw01dud102023100332/F2,アスパラゴ,2025-12-28,牝2,3
2025-01-26,pw01dud102022103364/49,アスピノール,2025-01-26,牡3,1
2025-10-12,pw01dud102023104056/07,アスピラシオン,2025-12-20,牡2,3
2025-05-24,pw01dud102021100761/5B,アスプリージャ,2025-08-31,牡4,6
2025-10-26,pw01dud102023104960/1E,アスミル,2025-12-27,牡2,6
2025-10-04,pw01dud102023101052/6E,アズサ,2025-12-07,牝2,2
2025-01-05,pw01dud102022101767/88,アズユーライク,2025-09-13,牝3,7
2025-11-15,pw01dud102023100785/5F,アズライトアスール,2025-12-06,牡2,2
2025-07-20,pw01dud102022103034/86,アズーラ,2025-07-20,牝3,4
2025-08-10,pw01dud102022104728/88,アズーロエマローネ,2025-09-06,牡3,3
2025-07-26,pw01dud102021106689/7C,アセレラシオン,2025-08-10,牡4,7
2025-08-09,pw01dud102022104133/33,アセンディア,2025-09-15,牝3,6
2025-02-02,pw01dud102022104811/84,アセンブリールーム,2025-11-08,牡3,5
2025-11-24,pw01dud102022102823/9C,アゼム,2025-11-24,牡3,7
2025-01-12,pw01dud102022106475/CA,アタゴバリュー,2025-01-12,牝3,1
2025-10-04,pw01dud102023107463/4F,アタックエース,2025-12-13,牡2,2
2025-01-05,pw01dud102022104113/13,アタックスリー,2025-01-25,牡3,2
2025-06-29,pw01dud102022104097/2E,アタラシイカドデニ,2025-06-29,牡3,6
2025-04-13,pw01dud102022107138/3F,アタリダイキチ,2025-11-09,牡3,5
2025-10-25,pw01dud102023107442/BC,アダマント,2025-11-01,牡2,4
2025-08-09,pw01dud102023106288/5D,アッカン,2025-11-02,牡2,4
2025-08-02,pw01dud102022106182/EE,アックアヴィリーレ,2025-12-06,せん3,4
2025-03-09,pw01dud102022104446/2F,アックラマーレ,2025-03-09,牝3,1
2025-04-13,pw01dud102022110033/14,アッケシ,2025-08-30,牡3,6
2025-07-20,pw01dud102022102393/17,アッサジャン,2025-07-20,牝3,3
2025-08-10,pw01dud102023107360/C5,アッシズオブローズ,2025-10-25,牝2,2
2025-08-09,pw01dud102021101383/8C,アッシュバーグ,2025-12-07,牝4,8
2025-05-04,pw01dud102021110128/E8,アッシュルバニパル,2025-12-13,牡4,5
2025-02-02,pw01dud102020102843/A4,アッチャゴーラ,2025-12-21,牡5,7
2025-07-05,pw01dud102023107504/93,アッチョンブリケ,2025-11-30,牝2,3
2025-06-28,pw01dud102020102185/73,アッティラ,2025-06-28,牡5,4
2025-06-08,pw01dud102014104716/3F,アッティーヴォ,2025-06-08,牡11,1
2025-02-23,pw01dud102020101323/A0,アットアブラスト,2025-12-21,せん5,11
2025-04-12,pw01dud102022105861/C3,アットザホップ,2025-08-23,牝3,4
2025-09-13,pw01dud102022104436/1F,アットザラヴアスク,2025-09-13,牝3,1
2025-05-10,pw01dud102022105889/7B,アットワンス,2025-06-08,牡3,4
2025-10-05,pw01dud102023106939/D7,アッパーウォーター,2025-10-05,牝2,1
2025-06-01,pw01dud102021103426/94,アップステート,2025-06-01,牡4,1
2025-08-23,pw01dud102019104675/B7,アップストローク,2025-12-27,せん6,11
2025-02-09,pw01dud102020103641/4B,アップトゥミー,2025-02-22,牝5,2
2025-04-27,pw01dud102019102510/09,アップフルーク,2025-12-14,牡6,8
2025-04-13,pw01dud102022104721/63,アップライト,2025-04-13,牝3,2
2025-05-24,pw01dud102022104926/04,アップリンク,2025-08-10,牝3,4
2025-01-11,pw01dud102022102881/16,アツィオーネ,2025-04-06,牝3,2
2025-08-09,pw01dud102021103918/5F,アツキヤマト,2025-12-20,牡4,9
2025-12-21,pw01dud102023106576/FA,アツンケル,2025-12-21,牝2,1
2025-05-25,pw01dud102022101667/57,アテナパルテノス,2025-05-25,牝3,2
2025-08-09,pw01dud102022105272/20,アデニウム,2025-08-09,牝3,4
2025-08-10,pw01dud102021103525/52,アデランテ,2025-10-12,せん4,2
2025-10-05,pw01dud102023105753/F4,アデルフィー,2025-12-20,牡2,4
2025-02-15,pw01dud102022102847/88,アデーレカフェ,2025-05-17,牝3,2
2025-01-19,pw01dud102018100190/5B,アトミックフレア,2025-02-15,牝7,2
2025-11-08,pw01dud102023100145/F9,アトモス,2025-11-08,牡2,2
2025-06-28,pw01dud102019100641/FF,アトラクティーボ,2025-12-20,牡6,5
2025-08-03,pw01dud102022104297/90,アトラクトラン,2025-11-01,牡3,4
2025-09-21,pw01dud102023106749/85,アトラステソーロ,2025-09-21,牡2,1
2025-08-17,pw01dud102022109094/80,アトラーレ,2025-08-17,牝3,5
2025-10-12,pw01dud102023106885/2A,アトリ,2025-12-27,牝2,4
2025-07-13,pw01dud102021105078/E4,アトリウムチャペル,2025-12-20,牝4,7
2025-11-24,pw01dud102021107224/08,アドアプローズ,2025-12-14,牡4,5
2025-06-21,pw01dud102022110086/BD,アドバンスオーセン,2025-06-21,牡3,2
2025-10-26,pw01dud102020110106/56,アドバンスファラオ,2025-11-30,牡5,7
2025-10-19,pw01dud102023110089/A2,アドバンスモダン,2025-12-27,牡2,4
2025-07-06,pw01dud102022104306/BE,アドバンテスロード,2025-07-06,牡3,5
2025-07-26,pw01dud102023105187/CA,アドフランマム,2025-10-25,牡2,6
2025-08-02,pw01dud102022105205/09,アドベントシーズン,2025-08-02,牡3,4
2025-01-19,pw01dud102021105728/EB,アドマイヤアストラ,2025-03-22,牡4,3
2025-08-23,pw01dud102022105096/AA,アドマイヤアーデル,2025-08-23,牝3,2
2025-04-26,pw01dud102020103187/48,アドマイヤイル,2025-04-26,牡5,2
2025-10-11,pw01dud102023106836/4D,アドマイヤウルトラ,2025-12-13,牡2,4
2025-10-18,pw01dud102023105311/0A,アドマイヤクワッズ,2025-12-21,牡2,3
2025-07-26,pw01dud102022105523/D6,アドマイヤコーク,2025-09-13,せん3,4
2025-07-27,pw01dud102020103792/3F,アドマイヤサジー,2025-08-30,牝5,6
2025-11-08,pw01dud102023106840/AB,アドマイヤシュラ,2025-11-08,牝2,1
2025-04-26,pw01dud102019105487/3A,アドマイヤジェイ,2025-12-21,牡6,6
2025-05-11,pw01dud102022105396/3D,アドマイヤズーム,2025-10-13,牡3,3
2025-05-17,pw01dud102020103212/CA,アドマイヤソラ,2025-06-07,牡5,3
2025-06-01,pw01dud102021105369/DA,アドマイヤテラ,2025-12-28,牡4,5
2025-02-08,pw01dud102022104584/BA,アドマイヤデイトナ,2025-11-15,牡3,3
2025-06-14,pw01dud102018105092/BB,アドマイヤハダル,2025-06-14,牡7,1
2025-02-01,pw01dud102018104895/AD,アドマイヤハレー,2025-02-01,牡7,1
2025-01-05,pw01dud102017105214/F7,アドマイヤビルゴ,2025-01-05,牡8,1
2025-06-22,pw01dud102022101046/9E,アドマイヤフェニー,2025-06-22,牝3,3
2025-11-02,pw01dud102023101048/10,アドマイヤフク,2025-11-02,牝2,1
2025-04-20,pw01dud102021101549/60,アドマイヤマツリ,2025-10-12,牝4,5
2025-07-06,pw01dud102023100283/84,アドミ,2025-12-27,牝2,4
2025-11-16,pw01dud102019106113/5A,アドミラブルエース,2025-11-16,牡6,6
2025-04-20,pw01dud102021102708/FE,アドミラルシップ,2025-12-13,牡4,8
2025-02-02,pw01dud102022105759/1A,アドラビーレ,2025-11-29,牝3,8
2025-01-25,pw01dud102022101996/A7,アドラマリク,2025-04-20,牡3,4
2025-06-28,pw01dud102022104941/E5,アドリアフレイバー,2025-09-20,牝3,5
2025-06-07,pw01dud102023105947/12,アドレニコル,2025-06-07,牝2,1
2025-03-09,pw01dud102019102041/B7,アドヴァイス,2025-03-09,牝6,2
2025-03-16,pw01dud102018102227/1F,アナゴサン,2025-11-30,牡7,6
2025-05-18,pw01dud102020104005/A0,アナザーエース,2025-12-28,牡5,8
2025-01-13,pw01dud102021100493/DE,アナスタシス,2025-03-16,牝4,3
2025-07-05,pw01dud102022101744/0F,アナベルケイツー,2025-07-19,牝3,3
2025-08-16,pw01dud102022101719/1E,アナベルデアモンテ,2025-08-16,牡3,4
2025-02-01,pw01dud102022100049/08,アナポリス,2025-02-10,牡3,2
2025-04-20,pw01dud102021103532/09,アナレクタ,2025-05-18,牡4,4
2025-08-17,pw01dud102018105462/4F,アナレンマ,2025-12-21,せん7,5
2025-01-12,pw01dud102018110064/94,アナンシエーション,2025-01-12,せん7,1
2025-11-15,pw01dud102023105230/86,アニゴザントス,2025-11-15,牝2,1
2025-08-10,pw01dud102020102679/24,アニトラ,2025-12-06,牝5,9
2025-08-09,pw01dud102023105279/D1,アニマレイ,2025-08-24,牡2,4
2025-02-08,pw01dud102022100972/CC,アニュスノーバス,2025-02-08,牡3,1
2025-08-02,pw01dud102022104464/69,アニュレス,2025-08-23,牝3,8
2025-08-03,pw01dud102022105800/F0,アニラ,2025-08-03,牝3,4
2025-05-25,pw01dud102019103634/15,アニージョ,2025-05-25,せん6,2
2025-05-04,pw01dud102019106102/D7,アネゴハダ,2025-05-04,牝6,2
2025-11-22,pw01dud102020104164/BE,アネモス,2025-11-22,牝5,6
2025-12-14,pw01dud102022101139/18,アバットゥータ,2025-12-14,牡3,9
2025-08-02,pw01dud102022100390/E0,アバレリュウ,2025-12-20,牡3,7
2025-05-04,pw01dud102019106269/8D,アバンダンス,2025-09-13,牡6,3
2025-07-05,pw01dud102019105347/C9,アバンチュリエ,2025-10-25,せん6,4
2025-02-15,pw01dud102021105499/3B,アバンデル,2025-06-01,牡4,3
2025-07-12,pw01dud102021100005/70,アパイシュナール,2025-12-28,牝4,6
2025-06-15,pw01dud102023106739/75,アパタイトテソーロ,2025-12-28,牝2,3
2025-07-27,pw01dud102022104732/E6,アパッシメント,2025-09-28,牡3,4
2025-07-26,pw01dud102023106321/09,アパレイユ,2025-12-07,牝2,4
2025-06-29,pw01dud102023104221/FA,アビエーション,2025-10-25,牝2,4
2025-02-15,pw01dud102022105203/23,アビッサルスター,2025-10-04,牝3,4
2025-12-07,pw01dud102023107017/07,アビラーシャ,2025-12-27,牡2,2
2025-12-20,pw01dud102023103904/9B,アビル,2025-12-20,牡2,1
2025-07-06,pw01dud102021104914/82,アピーリングルック,2025-10-19,牝4,6
2025-08-10,pw01dud102022110065/2A,アファリン,2025-08-10,牝3,3
2025-07-13,pw01dud102021105397/24,アフィリオン,2025-07-13,せん4,1
2025-08-24,pw01dud102022103736/C3,アフェシス,2025-08-24,牝3,2
2025-05-25,pw01dud102020102592/EE,アフトクラーティラ,2025-12-21,牝5,8
2025-02-23,pw01dud102022101623/4B,アブキールベイ,2025-11-30,牝3,6
2025-03-16,pw01dud102020110050/C3,アブストゥルース,2025-03-16,牡5,1
2025-04-20,pw01dud102022103331/C0,アブラカタブラ,2025-04-20,せん3,1
2025-10-12,pw01dud102021109113/32,アベベ,2025-12-13,牡4,3
2025-01-18,pw01dud102018100170/3B,アポロハクジャ,2025-03-02,牝7,3
2025-11-16,pw01dud102019101264/A3,アポロプラネット,2025-11-16,牡6,6
2025-06-29,pw01dud102023109087/55,アポロマインド,2025-07-19,牡2,2
2025-02-16,pw01dud102019106637/3B,アポロルタ,2025-02-16,牝6,2
2025-07-20,pw01dud102023104622/31,アポロンテソーロ,2025-11-08,牡2,3
2025-08-02,pw01dud102020100809/38,アマイ,2025-12-13,牝5,7
2025-11-16,pw01dud102023105156/27,アマイクチヅケ,2025-12-27,牝2,3
2025-08-17,pw01dud102022104615/EE,アマキヒ,2025-12-27,牡3,6
2025-12-21,pw01dud102023103244/84,アマテラスイメル,2025-12-21,牝2,1
2025-11-16,pw01dud102023103060/76,アマビエ,2025-11-23,牝2,3
2025-04-12,pw01dud102020110079/EE,アマルナ,2025-11-15,牝5,4
2025-01-18,pw01dud102021106081/BE,アマルフィー,2025-02-10,牡4,2
2025-03-08,pw01dud102020103754/E5,アマートカヴァロ,2025-03-08,牡5,2
2025-11-16,pw01dud102021104881/68,アミアン,2025-11-16,牝4,1
2025-04-12,pw01dud102022107225/07,アミグダラ,2025-04-20,牝3,3
2025-01-05,pw01dud102022105713/28,アミドゥクール,2025-01-05,牡3,1
2025-11-08,pw01dud102023101479/77,アミナス,2025-12-13,牡2,3
2025-07-20,pw01dud102022100043/56,アミラジオネ,2025-08-23,牝3,6
2025-09-06,pw01dud102023104682/91,アミラル,2025-12-14,牡2,2
2025-02-23,pw01dud102021105264/6A,アムールドパリ,2025-12-21,牝4,6
2025-09-06,pw01dud102021105659/5D,アムールリーベ,2025-12-20,牝4,7
2025-06-29,pw01dud102023109089/3B,アメアメフレフレ,2025-07-19,牝2,3
2025-10-25,pw01dud102023106727/7F,アメジストテソーロ,2025-10-25,牝2,1
2025-06-21,pw01dud102019105051/94,アメジストブラック,2025-11-09,牡6,5
2025-08-16,pw01dud102023104768/54,アメジストブルー,2025-09-27,牝2,3
2025-11-08,pw01dud102023101744/9B,アメジストロード,2025-12-20,牡2,3
2025-11-15,pw01dud102023105807/A1,アメティスタ,2025-11-15,牝2,2
2025-07-19,pw01dud102023103814/7A,アメテュストス,2025-12-06,牡2,4
2025-12-07,pw01dud102023110081/0A,アメリカンイズム,2025-12-07,牡2,2
2025-08-24,pw01dud102018110132/AF,アメリカンエール,2025-12-28,せん7,5
2025-04-13,pw01dud102022110103/15,アメリカンクール,2025-06-07,牡3,2
2025-12-27,pw01dud102023106867/F0,アメリカンコール,2025-12-27,牡2,1
2025-12-07,pw01dud102023110080/97,アメリカンサクラ,2025-12-07,牡2,1
2025-10-05,pw01dud102022110105/FB,アメリカンステージ,2025-10-05,牡3,1
2025-07-27,pw01dud102022106178/90,アメリカンタロー,2025-07-27,牡3,5
2025-12-06,pw01dud102021110122/36,アメリカンチケット,2025-12-06,せん4,3
2025-04-20,pw01dud102021110123/A9,アメリカンチーフ,2025-12-28,牡4,6
2025-01-05,pw01dud102022105006/1A,アメリカンバー,2025-09-15,牡3,7
2025-01-18,pw01dud102022104957/A7,アメリカンビキニ,2025-10-12,牝3,6
2025-05-25,pw01dud102022110104/88,アメリカンビヨンド,2025-12-07,牡3,4
2025-11-22,pw01dud102018110131/3C,アメリカンピース,2025-12-20,せん7,9
2025-07-27,pw01dud102022110106/6E,アメリカンポリス,2025-11-08,牡3,5
2025-04-13,pw01dud102021110136/12,アメリカンマーチ,2025-11-15,牡4,5
2025-05-10,pw01dud102021110121/C3,アメリカンランナー,2025-11-23,牡4,3
2025-11-01,pw01dud102023100801/44,アメリカンロマン,2025-12-20,牡2,3
2025-08-30,pw01dud102022103199/56,アメリータ,2025-09-07,牝3,6
2025-11-15,pw01dud102022107287/4D,アメージング,2025-11-15,牡3,3
2025-02-15,pw01dud102022107063/FF,アメージングハナビ,2025-05-11,牝3,4
2025-04-27,pw01dud102022105642/B4,アヤチャンス,2025-05-18,牝3,3
2025-05-25,pw01dud102022100237/74,アユツリムスメ,2025-06-07,牝3,2
2025-07-06,pw01dud102022104318/B4,アユツリー,2025-08-09,牝3,5
2025-03-16,pw01dud102022101276/30,アライアンスデイ,2025-03-16,牡3,1
2025-12-20,pw01dud102023100684/BB,アライブテーラー,2025-12-20,牝2,1
2025-01-13,pw01dud102022102187/71,アラウズ,2025-06-14,牡3,3
2025-05-18,pw01dud102022101065/4B,アラクシュミー,2025-09-07,牝3,3
2025-10-13,pw01dud102023107086/04,アラクラン,2025-11-01,牡2,2
2025-04-13,pw01dud102019100755/0C,アラクレ,2025-04-13,牝6,1
2025-02-09,pw01dud102022101188/F5,アラスカフレイバー,2025-05-11,牡3,6
2025-08-17,pw01dud102017104756/23,アラタ,2025-12-28,牡8,6
2025-08-02,pw01dud102021102115/8F,アラタマフェーヴル,2025-10-25,牡4,5
2025-01-05,pw01dud102022107369/44,アラック,2025-06-29,せん3,4
2025-11-15,pw01dud102021103002/E4,アラナコア,2025-12-28,牡4,11
2025-08-09,pw01dud102022104872/57,アラバンサ,2025-12-27,牡3,4
2025-11-15,pw01dud102023102939/1B,アラビアンジョイ,2025-12-06,牝2,2
2025-12-13,pw01dud102023102398/E2,アラビアンドリーム,2025-12-13,牡2,1
2025-03-15,pw01dud102022102487/04,アラベスク,2025-05-25,牝3,4
2025-08-02,pw01dud102022104638/67,アラベラ,2025-12-13,牝3,6
2025-07-27,pw01dud102022105025/C7,アラマンダ,2025-08-31,牝3,4
2025-12-06,pw01dud102023105683/F3,アラムシャピラス,2025-12-20,牡2,2
2025-08-03,pw01dud102023101151/2C,アラムベイ,2025-08-03,牡2,1
2025-01-13,pw01dud102022105090/F8,アラモアナ,2025-09-07,牡3,5
2025-03-15,pw01dud102021106440/CF,アララララ,2025-05-04,牡4,3
2025-07-12,pw01dud102021107192/61,アラレタバシル,2025-12-13,牡4,8
2025-07-05,pw01dud102023107046/C4,アランカール,2025-12-14,牝2,3
2025-04-19,pw01dud102018104994/6B,アランデル,2025-04-19,せん7,2
2025-02-09,pw01dud102019100667/D1,アランヴェリテ,2025-02-09,せん6,1
2025-11-24,pw01dud102023104857/02,アリアス,2025-12-14,牝2,3
2025-10-13,pw01dud102023105226/28,アリアベルデ,2025-10-13,牝2,1
2025-08-02,pw01dud102022105278/D2,アリアルブラック,2025-09-07,牡3,8
2025-04-26,pw01dud102021101468/DC,アリエスキング,2025-11-02,牡4,5
2025-02-01,pw01dud102022103478/56,アリオーンスマイル,2025-02-01,牡3,3
2025-04-27,pw01dud102022102227/42,アリステア,2025-05-24,牡3,3
2025-07-27,pw01dud102021105238/06,アリストクラシア,2025-11-09,牝4,7
2025-12-20,pw01dud102023106430/D7,アリストクラット,2025-12-20,牝2,1
2025-08-09,pw01dud102022105796/01,アリスメティーク,2025-11-16,牝3,5
2025-08-03,pw01dud102020105655/05,アリスヴェリテ,2025-08-03,牝5,4
2025-12-20,pw01dud102023102063/E0,アリディプラチノ,2025-12-20,牝2,2
2025-05-03,pw01dud102019106962/BF,アリュシナシオン,2025-05-03,せん6,2
2025-02-09,pw01dud102020103305/44,アリーチェ,2025-03-01,牝5,2
2025-02-02,pw01dud102021105390/FF,アリーバ,2025-04-05,牝4,2
2025-07-12,pw01dud102022101325/9E,アリーワーク,2025-09-15,牝3,3
2025-06-21,pw01dud102023110061/EA,アルカディアカフェ,2025-11-29,牡2,3
2025-04-26,pw01dud102022105767/44,アルカナエ,2025-05-04,せん3,2
2025-11-22,pw01dud102023107376/87,アルカマル,2025-11-22,牡2,3
2025-02-08,pw01dud102022101777/98,アルカラス,2025-03-15,牡3,3
2025-11-09,pw01dud102019101023/8E,アルカンサス,2025-12-28,牡6,15
2025-08-10,pw01dud102022105082/CE,アルガムベイ,2025-09-06,牡3,6
2025-01-19,pw01dud102022105542/83,アルクドラ,2025-06-08,牝3,4
2025-10-04,pw01dud102023106717/6F,アルクノワール,2025-12-21,牝2,2
2025-10-26,pw01dud102023102074/63,アルケミラモリス,2025-12-07,牝2,3
2025-08-10,pw01dud102019105497/4A,アルゲンテウス,2025-11-15,せん6,9
2025-10-12,pw01dud102023104565/99,アルコア,2025-11-08,牡2,2
2025-05-03,pw01dud102021105750/83,アルゴナヴィス,2025-12-20,牡4,8
2025-04-20,pw01dud102022101598/C9,アルサクレイグ,2025-04-20,牝3,2
2025-11-09,pw01dud102023105125/84,アルサック,2025-11-24,牝2,3
2025-07-26,pw01dud102018106561/FC,アルシオーネ,2025-11-08,牡7,2
2025-06-21,pw01dud102021105805/A3,アルシミスト,2025-10-25,牡4,3
2025-08-03,pw01dud102022102978/5C,アルシャンティ,2025-08-16,牝3,5
2025-07-27,pw01dud102021103706/07,アルジェンタージョ,2025-11-22,牝4,10
2025-12-13,pw01dud102023107057/47,アルジェンテーラ,2025-12-13,牝2,1
2025-08-03,pw01dud102020100148/AE,アルジーヌ,2025-08-03,牝5,3
2025-11-16,pw01dud102023104121/C9,アルスマグナ,2025-12-27,牡2,4
2025-07-27,pw01dud102021105548/A9,アルセナール,2025-12-07,牝4,5
2025-03-23,pw01dud102020103579/E2,アルタビスタ,2025-10-18,牝5,5
2025-10-26,pw01dud102023103703/C6,アルダ,2025-10-26,牡2,1
2025-06-21,pw01dud102023104962/04,アルティオーラ,2025-12-21,牝2,2
2025-08-31,pw01dud102023103533/94,アルティソナンテ,2025-12-20,牝2,3
2025-01-06,pw01dud102022105195/68,アルティテュード,2025-04-19,牡3,2
2025-12-06,pw01dud102023106062/29,アルティーノ,2025-12-06,牡2,1
2025-07-27,pw01dud102022106678/85,アルテボーイ,2025-07-27,牡3,4
2025-05-11,pw01dud102022104751/93,アルテヴェローチェ,2025-11-08,牡3,5
2025-08-10,pw01dud102022105817/25,アルディスティーノ,2025-11-29,牝3,7
2025-03-01,pw01dud102022105825/4F,アルディマジオ,2025-03-01,牡3,1
2025-08-31,pw01dud102023102160/B8,アルデキングダム,2025-12-20,牡2,5
2025-08-09,pw01dud102022102542/B6,アルデココ,2025-08-09,牝3,3
2025-05-17,pw01dud102022105311/7E,アルデコンティ,2025-06-08,牡3,2
2025-06-29,pw01dud102022106648/55,アルデショワ,2025-12-13,牝3,6
2025-06-07,pw01dud102022106738/76,アルデスト,2025-06-07,牡3,2
2025-07-19,pw01dud102022101481/63,アルデツヨシ,2025-11-01,せん3,9
2025-10-13,pw01dud102023105106/D7,アルデトップガン,2025-12-28,牡2,4
2025-08-17,pw01dud102021100361/97,アルデドゥオーモ,2025-12-27,牡4,7
2025-12-28,pw01dud102023102693/36,アルデナイン,2025-12-28,牝2,1
2025-10-18,pw01dud102023100285/6A,アルデバローズ,2025-10-26,牝2,2
2025-08-17,pw01dud102022110091/8E,アルデフォックス,2025-09-14,せん3,5
2025-12-27,pw01dud102023106951/5F,アルデマン,2025-12-27,牡2,1
2025-04-12,pw01dud102022100218/C7,アルデムラータ,2025-04-12,牝3,3
2025-08-09,pw01dud102022105340/3B,アルデヤーノ,2025-08-09,牡3,5
2025-01-26,pw01dud102022100223/98,アルデラックス,2025-09-13,牡3,2
2025-08-31,pw01dud102021105746/25,アルトゥーム,2025-11-23,牡4,10
2025-05-10,pw01dud102019105449/E0,アルトシュタット,2025-10-18,牡6,5
2025-11-22,pw01dud102023103480/5A,アルトラムス,2025-11-22,牡2,1
2025-02-08,pw01dud102021105707/58,アルドール,2025-06-15,牝4,3
2025-07-05,pw01dud102021105917/CA,アルナイル,2025-10-04,牡4,4
2025-08-17,pw01dud102019105252/69,アルナシーム,2025-10-05,牡6,6
2025-02-08,pw01dud102021109088/B0,アルニラム,2025-12-06,牡4,7
2025-08-03,pw01dud102022110002/71,アルハイルフォート,2025-08-03,牡3,7
2025-07-26,pw01dud102023102921/73,アルバニクス,2025-12-06,牝2,3
2025-05-03,pw01dud102021105715/82,アルバニー,2025-10-25,牝4,5
2025-05-11,pw01dud102022105054/84,アルバパテラ,2025-05-11,牡3,1
2025-08-17,pw01dud102023105327/CC,アルバンヌ,2025-12-14,牝2,4
2025-06-21,pw01dud102022100221/B2,アルバーチョ,2025-06-21,牝3,3
2025-01-12,pw01dud102022101661/A5,アルパインハット,2025-04-19,牝3,5
2025-12-21,pw01dud102023103150/97,アルビオン,2025-12-21,牝2,1
2025-03-08,pw01dud102022101125/3C,アルピナセブン,2025-06-15,牝3,3
2025-08-09,pw01dud102022101721/96,アルピノ,2025-08-09,牡3,5
2025-04-20,pw01dud102020103535/D6,アルファインディ,2025-04-20,牡5,2
2025-07-27,pw01dud102022106903/69,アルファシリウス,2025-07-27,牡3,6
2025-08-03,pw01dud102023104572/50,アルファシーナ,2025-12-20,牡2,3
2025-08-02,pw01dud102019105322/6A,アルファヒディ,2025-10-26,せん6,5
2025-06-14,pw01dud102022106930/40,アルファベガ,2025-09-06,牝3,4
2025-08-17,pw01dud102019103529/13,アルファマム,2025-12-07,牝6,7
2025-11-30,pw01dud102023103772/C3,アルファリラエ,2025-11-30,牝2,1
2025-09-21,pw01dud102023105218/FE,アルファローバ,2025-09-21,牡2,1
2025-02-02,pw01dud102022103017/BF,アルフィオーレ,2025-03-01,牝3,2
2025-06-01,pw01dud102022102775/A1,アルフィー,2025-06-01,せん3,1
2025-07-19,pw01dud102021100540/66,アルプスオジョー,2025-08-09,牝4,4
2025-04-26,pw01dud102021104455/40,アルヘンティニータ,2025-11-22,牝4,4
2025-08-17,pw01dud102021101554/31,アルベリック,2025-11-23,牡4,7
2025-11-09,pw01dud102023106817/A0,アルペングロー,2025-11-09,牡2,1
2025-11-16,pw01dud102023105243/EF,アルペンローゼ,2025-11-16,牝2,1
2025-05-10,pw01dud102022100649/2E,アルボロート,2025-05-18,牡3,2
2025-08-03,pw01dud102022100216/E1,アルマグラース,2025-10-05,牝3,8
2025-11-24,pw01dud102023101871/A3,アルマサーガ,2025-11-24,牝2,1
2025-08-03,pw01dud102022102199/67,アルマデオロ,2025-11-09,牡3,9
2025-06-07,pw01dud102018105328/90,アルマドラード,2025-06-07,せん7,2
2025-04-13,pw01dud102022100121/81,アルマリアルト,2025-04-13,牡3,1
2025-07-26,pw01dud102022101248/E6,アルマリカシバ,2025-09-13,牝3,9
2025-08-02,pw01dud102020100759/57,アルマロクザン,2025-09-07,牝5,8
2025-08-09,pw01dud102022100217/54,アルマヴィーナス,2025-09-21,牝3,7
2025-05-25,pw01dud102022105110/A9,アルマヴェローチェ,2025-05-25,牝3,2
2025-04-06,pw01dud102021105455/2F,アルマーザアミール,2025-11-02,牡4,8
2025-04-20,pw01dud102021100675/06,アルマーレシチー,2025-12-28,牡4,5
2025-11-23,pw01dud102023104328/50,アルムアポジェ,2025-12-07,牝2,2
2025-01-12,pw01dud102022106563/05,アルムウーリエ,2025-03-22,牡3,3
2025-04-19,pw01dud102020105540/85,アルムエアフォルク,2025-04-19,牝5,3
2025-05-24,pw01dud102022106567/D1,アルムチャーチル,2025-08-09,牡3,4
2025-05-24,pw01dud102019100551/DE,アルムブラーヴ,2025-05-24,牡6,2
2025-08-23,pw01dud102020105545/C4,アルムラトゥール,2025-11-01,牡5,8
2025-10-05,pw01dud102023104323/11,アルムランプシー,2025-10-05,牝2,1
2025-05-03,pw01dud102022104616/61,アルメントフーベル,2025-06-22,牝3,3
2025-08-10,pw01dud102022104898/29,アルレッキーノ,2025-10-18,せん3,3
2025-08-17,pw01dud102023106908/34,アルヴァルディ,2025-08-17,牡2,1
2025-07-19,pw01dud102021103041/B1,アルヴァレス,2025-12-21,牡4,8
2025-11-16,pw01dud102023107113/6C,アルヴァンドルード,2025-11-30,牡2,4
2025-11-16,pw01dud102021106965/23,アルヴィア,2025-12-13,牡4,3
2025-11-22,pw01dud102020103225/33,アルヴィエンヌ,2025-11-22,牝5,6
2025-02-01,pw01dud102021104829/A0,アルーリングタイム,2025-09-20,牝4,4
2025-01-26,pw01dud102020102630/D9,アルーリングビュー,2025-01-26,牝5,1
2025-10-26,pw01dud102021103287/05,アレ,2025-11-22,牡4,3
2025-10-11,pw01dud102023100810/E1,アレキサンダーサン,2025-10-19,牡2,2
2025-06-22,pw01dud102020100189/61,アレクサ,2025-07-20,牡5,3
2025-08-24,pw01dud102022104851/C4,アレクレア,2025-08-24,牝3,2
2025-07-19,pw01dud102022105806/A2,アレグランサ,2025-07-19,牡3,7
2025-06-15,pw01dud102022104599/09,アレグリーニ,2025-07-12,牡3,6
2025-06-08,pw01dud102022101452/A6,アレグロコンブリオ,2025-06-08,牡3,1
2025-01-11,pw01dud102021105625/61,アレグロブリランテ,2025-01-11,牡4,1
2025-05-04,pw01dud102021104541/95,アレスエルピーダ,2025-05-04,牡4,5
2025-06-28,pw01dud102022101095/7B,アレスグート,2025-10-12,牡3,7
2025-06-28,pw01dud102023106755/C9,アレステソーロ,2025-11-16,牡2,3
2025-11-02,pw01dud102023100440/4D,アレステリオス,2025-12-20,牡2,2
2025-02-22,pw01dud102022106349/35,アレナトーレ,2025-05-17,牝3,4
2025-04-27,pw01dud102021100752/BE,アレナパラシオ,2025-11-24,牡4,7
2025-04-19,pw01dud102019105824/45,アレナリア,2025-12-28,牝6,7
2025-07-12,pw01dud102021100350/14,アレンジャー,2025-07-12,牡4,2
2025-04-27,pw01dud102020102539/B3,アレンテージョ,2025-11-29,牡5,8
2025-06-14,pw01dud102022100101/61,アレーティア,2025-11-22,牝3,8
2025-07-26,pw01dud102022105360/5B,アロガントシェイム,2025-11-23,牝3,7
2025-07-05,pw01dud102020106611/E8,アロットドリーム,2025-08-23,牝5,5
2025-10-13,pw01dud102023106115/63,アロハ,2025-10-13,牝2,1
2025-08-16,pw01dud102023104261/3A,アロハオエ,2025-12-28,牝2,4
2025-08-17,pw01dud102023100537/93,アロハマウロア,2025-11-22,牝2,5
2025-01-06,pw01dud102022104682/05,アロヒアリイ,2025-04-20,牡3,3
2025-01-06,pw01dud102020103729/F4,アロマデローサ,2025-09-14,牝5,6
2025-08-02,pw01dud102022104624/8B,アロマフェリス,2025-12-14,牝3,8
2025-02-08,pw01dud102022104635/0E,アロンズロッド,2025-11-24,牡3,4
2025-11-22,pw01dud102023103958/B7,アロンソア,2025-11-22,牡2,2
2025-01-11,pw01dud102022105827/35,アロンディ,2025-12-20,牡3,6
2025-05-10,pw01dud102022104604/6B,アローオブライト,2025-05-10,牡3,3
2025-02-08,pw01dud102022104802/E7,アローグレイシャー,2025-05-04,牡3,3
2025-11-02,pw01dud102023107256/36,アローメタル,2025-11-02,牡2,1
2025-05-10,pw01dud102022103520/9F,アローロ,2025-05-10,牝3,1
2025-07-26,pw01dud102022101401/E3,アンアルモニー,2025-07-26,牝3,3
2025-08-03,pw01dud102022104571/51,アンエクスプロード,2025-08-03,牡3,6
2025-05-31,pw01dud102020103867/7F,アンカリング,2025-05-31,牝5,2
2025-08-09,pw01dud102022106195/57,アンガアヴィス,2025-09-14,せん3,6
2025-10-05,pw01dud102023106856/6D,アンガーザガール,2025-12-13,牝2,3
2025-08-02,pw01dud102021101660/A6,アンクエンチャブル,2025-11-16,せん4,4
2025-03-09,pw01dud102018104503/A4,アンクラウデッド,2025-03-09,牡7,1
2025-05-04,pw01dud102021101598/3D,アンクルクロス,2025-11-23,牡4,4
2025-05-17,pw01dud102020101756/ED,アンクルブラック,2025-05-17,牡5,3
2025-12-27,pw01dud102023104419/E4,アングランパ,2025-12-27,牡2,1
2025-06-22,pw01dud102023105936/8F,アングレット,2025-06-22,牝2,1
2025-12-28,pw01dud102023101440/3C,アンコ,2025-12-28,牝2,1
2025-09-14,pw01dud102023100333/65,アンコンケラブル,2025-09-14,牡2,1
2025-02-08,pw01dud102021104143/B7,アンコーナ,2025-02-08,牝4,1
2025-11-16,pw01dud102023102215/D8,アンコールアゲイン,2025-11-16,牡2,1
2025-06-28,pw01dud102021105738/FB,アンゴラブラック,2025-10-12,牝4,4
2025-11-30,pw01dud102023101929/1C,アンシュウマト,2025-11-30,牡2,1
2025-02-09,pw01dud102021106637/46,アンシール,2025-11-29,せん4,8
2025-12-07,pw01dud102023105814/58,アンジェラス,2025-12-07,牝2,1
2025-04-19,pw01dud102020106380/52,アンジェリカル,2025-09-13,牝5,6
2025-05-10,pw01dud102022102954/70,アンジュアルディ,2025-12-06,牝3,5
2025-05-24,pw01dud102022100784/60,アンジュオスリール,2025-08-10,牝3,3
2025-04-12,pw01dud102021105613/6B,アンジュグルーヴ,2025-10-26,牝4,7
2025-04-27,pw01dud102020101582/EF,アンジュフィールド,2025-12-21,牝5,6
2025-08-17,pw01dud102022102168/C4,アンジュフラム,2025-08-17,牝3,2
2025-02-09,pw01dud102022103718/89,アンジュフローラ,2025-02-23,牝3,2
2025-11-09,pw01dud102023102577/B1,アンジュプロミス,2025-11-09,牝2,5
2025-11-22,pw01dud102023101077/CD,アンジュラフィーユ,2025-12-07,牝2,2
2025-11-02,pw01dud102023103145/C6,アンジュリオ,2025-12-27,牝2,2
2025-10-19,pw01dud102021106682/57,アンジョルラス,2025-11-09,せん4,6
2025-06-08,pw01dud102020102636/8B,アンスリウム,2025-06-08,牝5,2
2025-02-01,pw01dud102022107154/93,アンスリウムリリー,2025-03-22,牝3,2
2025-05-18,pw01dud102022106689/08,アンズアメ,2025-12-28,牝3,8
2025-11-09,pw01dud102023105251/19,アンセートゥモダン,2025-11-09,牝2,2
2025-12-07,pw01dud102023106187/B9,アンソニー,2025-12-07,牡2,1
2025-08-10,pw01dud102022104626/71,アンソレイユ,2025-08-10,牝3,1
2025-04-26,pw01dud102020106963/B1,アンタノバラード,2025-12-21,牝5,5
2025-12-13,pw01dud102023100017/7E,アンタレス,2025-12-13,牡2,1
2025-08-09,pw01dud102022100146/E0,アンタンシオン,2025-09-07,牝3,6
2025-08-03,pw01dud102022109100/55,アンダーザブリッジ,2025-08-03,せん3,4
2025-04-27,pw01dud102022102962/9A,アンダーザライト,2025-10-26,牡3,8
2025-04-20,pw01dud102022106470/8B,アンダースコア,2025-11-16,牡3,7
2025-09-13,pw01dud102023104427/0E,アンチヒーロー,2025-09-13,牡2,1
2025-07-13,pw01dud102022104978/3A,アンティジャミーラ,2025-08-31,牝3,4
2025-11-16,pw01dud102023100989/8D,アンティスマ,2025-11-16,牝2,1
2025-08-03,pw01dud102023110007/3C,アンティミスト,2025-12-28,牡2,4
2025-08-23,pw01dud102020103540/A7,アンティーゾ,2025-08-23,牡5,3
2025-05-24,pw01dud102022103487/F3,アンテステーリア,2025-05-24,牡3,2
2025-01-26,pw01dud102022103000/8A,アンテニトルス,2025-03-02,牝3,2
2025-04-12,pw01dud102020100678/D3,アンテロース,2025-09-15,牡5,5
2025-12-20,pw01dud102023103797/22,アンディムジーク,2025-12-20,牝2,4
2025-11-08,pw01dud102023107237/89,アンディラメナ,2025-11-08,牝2,2
2025-02-10,pw01dud102021105387/14,アンデスビエント,2025-11-30,牝4,2
2025-08-23,pw01dud102023106764/66,アンデルストープ,2025-11-22,牝2,2
2025-05-03,pw01dud102022105193/82,アンデルマット,2025-08-17,牝3,6
2025-08-10,pw01dud102021110003/58,アンドアイラヴハー,2025-12-06,牝4,5
2025-03-22,pw01dud102021100480/75,アンドゥーラ,2025-03-22,牡4,1
2025-10-18,pw01dud102023103752/A3,アンドゥーリル,2025-12-27,牡2,4
2025-05-03,pw01dud102022101457/E5,アンドリーナ,2025-12-07,牝3,7
2025-07-05,pw01dud102021105911/18,アンドローゼス,2025-10-25,牝4,8
2025-01-19,pw01dud102021103291/63,アンナバローズ,2025-08-17,牝4,5
2025-01-13,pw01dud102019100577/B0,アンノウンウォリア,2025-09-15,牡6,3
2025-08-02,pw01dud102022106643/16,アンノドミニ,2025-08-31,牡3,8
2025-11-09,pw01dud102023103216/3A,アンバサダネージュ,2025-12-06,牡2,3
2025-12-21,pw01dud102023106899/06,アンバーウェイヴス,2025-12-21,牝2,1
2025-04-13,pw01dud102021104448/89,アンバードール,2025-11-01,牡4,7
2025-04-26,pw01dud102021100594/82,アンバーニードル,2025-10-19,牡4,5
2025-02-01,pw01dud102020104754/D4,アンバーホーク,2025-02-01,せん5,2
2025-08-02,pw01dud102021110030/2F,アンパドゥ,2025-11-29,牡4,3
2025-06-07,pw01dud102022106634/79,アンビアンス,2025-12-20,牝3,10
2025-06-14,pw01dud102022101903/BE,アンビシャスヨシノ,2025-11-30,牡3,8
2025-08-03,pw01dud102021102756/68,アンビシュー,2025-10-12,牝4,3
2025-07-27,pw01dud102020102140/F4,アンビバレント,2025-12-27,牡5,12
2025-08-17,pw01dud102022104426/0F,アンピュルシオン,2025-08-17,牝3,6
2025-05-17,pw01dud102022101477/05,アンファング,2025-07-19,牡3,3
2025-05-24,pw01dud102022107402/F0,アンファンテリブル,2025-06-21,牝3,3
2025-10-19,pw01dud102023104466/DB,アンファール,2025-12-14,牝2,3
2025-08-02,pw01dud102019100620/6C,アンブロジアーナ,2025-08-02,牝6,7
2025-10-05,pw01dud102023101146/5B,アンプイットアップ,2025-10-05,牡2,2
2025-11-01,pw01dud102023109164/0D,アンヘリータス,2025-12-14,牝2,4
2025-04-27,pw01dud102022103841/C5,アンヘリート,2025-04-27,牝3,3
2025-06-28,pw01dud102022100800/45,アンヘルカイド,2025-08-24,牡3,3
2025-05-24,pw01dud102022105309/06,アンボワテ,2025-09-06,牝3,2
2025-01-06,pw01dud102022107004/12,アンミツヒメ,2025-03-30,牝3,3
2025-02-23,pw01dud102021100682/BD,アンモシエラ,2025-02-23,牝4,1
2025-11-08,pw01dud102023106408/3F,アンラコル,2025-11-15,牝2,3
2025-08-02,pw01dud102023104417/FE,アンリミテッド,2025-10-25,牡2,4
2025-04-12,pw01dud102021103723/CE,アンリーベイビー,2025-12-07,牝4,6
2025-07-19,pw01dud102020103304/D1,アンリーロード,2025-11-22,牝5,7
2025-10-19,pw01dud102023107044/DE,アンヴデット,2025-10-19,牝2,1
2025-11-08,pw01dud102023101495/CB,アヴァランチ,2025-11-29,牡2,2
2025-12-21,pw01dud102023103525/6A,アヴァンフライト,2025-12-21,牝2,1
2025-01-18,pw01dud102020103684/E4,アヴィオンドール,2025-01-18,牝5,1
2025-02-02,pw01dud102020103803/53,アヴニールドブリエ,2025-11-24,牡5,7
2025-06-22,pw01dud102023103718/15,アーガイルショア,2025-11-16,牝2,3
2025-04-20,pw01dud102022102011/1E,アークエタニティ,2025-06-01,牝3,3
2025-08-30,pw01dud102022105286/FC,アークシャルダーム,2025-08-30,牝3,6
2025-08-31,pw01dud102019102793/44,アークデトリオンフ,2025-08-31,牡6,2
2025-06-28,pw01dud102021110012/F5,アークドール,2025-12-20,牡4,7
2025-12-20,pw01dud102023105414/94,アークブリッツ,2025-12-20,牝2,1
2025-06-01,pw01dud102021103507/18,アークレアル,2025-09-15,牝4,2
2025-11-15,pw01dud102021104091/F0,アーコレード,2025-11-15,牝4,3
2025-04-26,pw01dud102022106433/A4,アーサーズウェイン,2025-11-15,牝3,7
2025-08-24,pw01dud102023105468/B0,アーサーバローズ,2025-12-06,牡2,5
2025-10-19,pw01dud102023102411/6E,アージェンタイド,2025-12-06,牡2,3
2025-05-11,pw01dud102021105716/F5,アージェント,2025-11-23,牡4,3
2025-09-07,pw01dud102021102555/93,アースイオス,2025-09-07,牡4,5
2025-11-09,pw01dud102023104816/4F,アースインハマー,2025-11-09,牡2,1
2025-01-13,pw01dud102022102558/78,アースカムイ,2025-04-12,牡3,2
2025-08-17,pw01dud102022100030/ED,アースグレーザー,2025-09-06,牡3,6
2025-10-05,pw01dud102023103954/EB,アースジャッジ,2025-10-05,牡2,1
2025-05-10,pw01dud102022106262/FF,アースノイド,2025-07-19,牡3,5
2025-08-17,pw01dud102017106236/EC,アースブレイブ,2025-08-17,せん8,4
2025-08-02,pw01dud102022105909/2C,アースミューズ,2025-12-14,牝3,7
2025-03-15,pw01dud102022110032/A1,アースリング,2025-03-15,牡3,1
2025-11-23,pw01dud102023103789/F8,アースヴィンチ,2025-12-06,牝2,3
2025-08-24,pw01dud102022104082/DF,アーチボールド,2025-09-07,牡3,3
2025-10-19,pw01dud102022105628/46,アーチーテソーロ,2025-10-19,牡3,4
2025-12-28,pw01dud102023106860/CB,アーティキュレート,2025-12-28,牡2,1
2025-11-08,pw01dud102023105452/EE,アーティラリー,2025-12-20,牝2,5
2025-02-23,pw01dud102019104564/03,アーテルアストレア,2025-02-23,牝6,1
2025-11-15,pw01dud102023102460/4B,アーディアイリ,2025-11-30,牝2,2
2025-12-27,pw01dud102023106863/24,アーデルブリックス,2025-12-27,牡2,1
2025-08-03,pw01dud102022104633/28,アーデルリーベ,2025-10-18,牝3,5
2025-08-30,pw01dud102023110022/1D,アーデントアイ,2025-10-13,牡2,2
2025-05-11,pw01dud102022101643/6B,アートコレクション,2025-05-11,牡3,3
2025-08-02,pw01dud102023106964/C8,アートバーゼル,2025-10-18,牝2,2
2025-11-16,pw01dud102021102433/5C,アートフォーム,2025-11-16,牝4,9
2025-12-28,pw01dud102022105987/C6,アートレスマインド,2025-12-28,牡3,10
2025-10-05,pw01dud102023103292/EE,アーネストアイズ,2025-10-26,牝2,2
2025-02-22,pw01dud102022105211/4D,アーバリアンジム,2025-03-15,牡3,2
2025-02-09,pw01dud102014102562/83,アーバンイェーガー,2025-04-05,牡11,2
2025-05-18,pw01dud102021110019/1A,アーバンエア,2025-05-18,牡4,1
2025-05-17,pw01dud102022102203/56,アーバンガール,2025-05-17,牝3,3
2025-04-12,pw01dud102022101650/22,アーバンキング,2025-04-12,牡3,1
2025-11-02,pw01dud102021105436/82,アーバンシック,2025-11-02,牡4,3
2025-08-17,pw01dud102022102998/7C,アーブルラーブル,2025-08-17,牝3,1
2025-01-25,pw01dud102021103057/73,アーベントイアー,2025-01-25,牡4,1
2025-08-10,pw01dud102022104492/B3,アーベントゾンネ,2025-08-10,牝3,4
2025-01-13,pw01dud102021105811/E7,アーマルコライト,2025-11-02,牡4,7
2025-08-17,pw01dud102020100484/B5,アームズレイン,2025-08-17,牡5,3
2025-11-02,pw01dud102023106637/5E,アームズレジェンド,2025-11-02,牡2,1
2025-07-26,pw01dud102020106900/F8,アームテイル,2025-10-04,牝5,6
2025-05-03,pw01dud102020102925/9B,アームブランシュ,2025-12-27,牡5,8
2025-08-02,pw01dud102022104702/B6,アーラグラシア,2025-08-30,牝3,5
2025-08-03,pw01dud102022107173/40,アーリドラータ,2025-08-03,牡3,4
2025-01-13,pw01dud102022105921/B4,アーリントンロウ,2025-07-06,牡3,3
2025-12-06,pw01dud102023107071/B5,アーリーハーベスト,2025-12-06,牝2,2
2025-05-17,pw01dud102022105788/D7,アールオブケント,2025-06-28,せん3,2
2025-12-21,pw01dud102023105003/4D,アールグレイ,2025-12-21,牝2,1
2025-07-27,pw01dud102022102167/51,アールプロスト,2025-11-29,牡3,7
2025-02-02,pw01dud102022104756/D2,アールヴィヴァン,2025-11-24,牡3,4
2025-09-06,pw01dud102023105223/CF,アーレムアレス,2025-12-27,牡2,4
2025-08-02,pw01dud102022110097/40,アーロッタレット,2025-08-02,牝3,4
2025-08-10,pw01dud102021100255/22,アーロンイメル,2025-11-30,牡4,9
2025-10-19,pw01dud102023104161/09,イアム,2025-12-07,牝2,2
2025-06-28,pw01dud102023100102/60,イイクニパッション,2025-12-28,牡2,6
2025-11-30,pw01dud102021107123/64,イイデカンタロウ,2025-12-28,牡4,3
2025-04-27,pw01dud102022107141/2A,イイデテッシン,2025-05-10,牡3,3
2025-06-29,pw01dud102021110117/65,イェルマーク,2025-11-09,牡4,3
2025-10-25,pw01dud102020100472/BF,イエスウィズキャン,2025-10-25,牡5,10
2025-02-15,pw01dud102022106595/1B,イエスユイキャン,2025-03-02,牝3,2
2025-09-27,pw01dud102023106881/5E,イエッサー,2025-09-27,牡2,1
2025-02-22,pw01dud102021103701/C8,イエデゴロゴロ,2025-07-12,牝4,7
2025-05-18,pw01dud102022100864/71,イエヤス,2025-05-18,牡3,2
2025-02-08,pw01dud102020106899/62,イエルバブエナ,2025-02-15,牡5,2
2025-04-12,pw01dud102021104116/E0,イエローサファイア,2025-05-24,牝4,3
2025-11-15,pw01dud102022105493/15,イエローブリック,2025-11-15,牡3,6
2025-04-20,pw01dud102019110124/11,イエローベリル,2025-04-20,牝6,2
2025-07-06,pw01dud102022103561/52,イオリ,2025-08-17,牝3,6
2025-11-24,pw01dud102022100699/7E,イガッチ,2025-12-14,牡3,5
2025-01-19,pw01dud102022105596/9F,イクアンロー,2025-01-19,牝3,1
2025-10-12,pw01dud102023107030/02,イクシード,2025-10-12,牝2,1
2025-10-13,pw01dud102023102290/19,イクヒロ,2025-10-13,牡2,2
2025-08-17,pw01dud102021106563/79,イクリール,2025-11-24,牡4,5
2025-07-27,pw01dud102019101741/1F,イグザルト,2025-07-27,牡6,1
2025-08-03,pw01dud102020103898/22,イグニション,2025-11-29,牡5,8
2025-07-06,pw01dud102021106592/36,イグニス,2025-07-06,牡4,4
2025-03-08,pw01dud102022101653/7B,イグニススピリタス,2025-04-05,牝3,2
2025-07-19,pw01dud102020107121/F2,イケイケドンドン,2025-12-14,牡5,7
2025-11-01,pw01dud102023106244/51,イケイケルノワール,2025-11-01,牡2,1
2025-05-04,pw01dud102020106914/D4,イコサン,2025-10-26,牡5,5
2025-04-13,pw01dud102020103530/97,イコノスタシス,2025-11-24,牝5,7
2025-11-08,pw01dud102023101713/F8,イサギ,2025-12-06,牡2,5
2025-04-20,pw01dud102022101463/29,イサゴールド,2025-08-16,牝3,6
2025-05-24,pw01dud102022104542/94,イサチルオアシス,2025-05-24,牝3,2
2025-04-27,pw01dud102021101322/B9,イサチルカゼニタツ,2025-10-04,牡4,4
2025-02-23,pw01dud102022102698/E9,イサチルカムカム,2025-06-14,牡3,4
2025-09-27,pw01dud102023102680/CD,イサチルクイーン,2025-12-06,牝2,2
2025-11-08,pw01dud102023107394/C1,イサチルシーキング,2025-11-08,牡2,1
2025-11-08,pw01dud102021102670/A5,イサチルシーサイド,2025-11-08,牡4,6
2025-11-24,pw01dud102023100756/A2,イサチルニャーニャ,2025-11-24,牝2,1
2025-05-10,pw01dud102022102924/40,イサナ,2025-08-02,牡3,5
2025-06-29,pw01dud102022106098/7F,イサムダイヤモンド,2025-10-26,牡3,5
2025-10-26,pw01dud102023100600/6F,イザショウブ,2025-10-26,牡2,1
2025-10-26,pw01dud102023106555/67,イザベラサンライズ,2025-11-15,牝2,2
2025-06-29,pw01dud102022101012/A2,イザベルソレイユ,2025-06-29,牝3,3
2025-02-02,pw01dud102022105223/43,イスキオス,2025-02-02,牡3,2
2025-10-18,pw01dud102021110115/7F,イスタンテ,2025-10-18,牡4,1
2025-07-20,pw01dud102019105741/DB,イスラアネーロ,2025-11-08,牡6,6
2025-01-11,pw01dud102019104548/AF,イスラグランデ,2025-03-22,せん6,2
2025-05-03,pw01dud102022105445/AB,イスラコラソン,2025-12-27,牝3,8
2025-05-24,pw01dud102022105835/5F,イスラパシフィカ,2025-05-24,牝3,2
2025-09-07,pw01dud102021107101/5E,イズジョーノヒカリ,2025-09-07,牝4,5
2025-08-10,pw01dud102022101694/2E,イズジョーレイナス,2025-08-10,牝3,6
2025-06-29,pw01dud102022101908/FD,イズルード,2025-06-29,牡3,4
2025-10-19,pw01dud102023101056/3A,イズントイット,2025-11-08,牝2,2
2025-10-18,pw01dud102023107497/4B,イソダ,2025-10-18,牝2,2
2025-07-05,pw01dud102021105516/93,イゾラフェリーチェ,2025-11-24,牝4,6
2025-08-03,pw01dud102020102785/99,イゾレエオリア,2025-12-14,牝5,8
2025-05-24,pw01dud102022106268/B1,イタリックタイプ,2025-09-07,牡3,4
2025-01-18,pw01dud102022106680/FD,イダイ,2025-07-26,牡3,5
2025-08-10,pw01dud102023110091/1A,イダテンシャチョウ,2025-10-18,牡2,3
2025-07-06,pw01dud102023102554/38,イチザペガサス,2025-12-28,牡2,6
2025-05-24,pw01dud102022109117/8A,イチザマジック,2025-05-24,牝3,1
2025-05-24,pw01dud102022102140/0C,イチジョウサクラ,2025-07-12,牝3,3
2025-08-24,pw01dud102022101607/F7,イチトゼロノアイダ,2025-12-07,牝3,8
2025-05-18,pw01dud102021101022/26,イチナイス,2025-05-18,牝4,1
2025-04-20,pw01dud102019106684/32,イチネンエーグミ,2025-04-20,牡6,1
2025-07-20,pw01dud102021100123/DB,イチリュウオー,2025-10-26,牡4,3
2025-07-13,pw01dud102022102876/45,イッカクセンキン,2025-07-13,牡3,1
2025-10-18,pw01dud102022101416/32,イッシンフラン,2025-10-18,牝3,4
2025-08-24,pw01dud102023102485/AA,イッスンボウシ,2025-08-24,牡2,3
2025-11-01,pw01dud102023105058/DC,イッタレイッタレ,2025-12-21,牡2,2
2025-11-29,pw01dud102023106600/09,イッツソーブライト,2025-12-27,牡2,3
2025-11-24,pw01dud102023105698/42,イッツユー,2025-11-24,牝2,2
2025-10-19,pw01dud102023103142/6D,イッテラッシャイ,2025-12-13,牡2,2
2025-12-07,pw01dud102023102275/38,イッテルビウム,2025-12-07,牡2,1
2025-04-26,pw01dud102021107063/73,イツモニコニコ,2025-12-28,牝4,6
2025-03-22,pw01dud102020102890/9B,イティネラートル,2025-03-22,牝5,1
2025-02-09,pw01dud102021103096/40,イデアイゴッソウ,2025-11-30,牡4,6
2025-11-16,pw01dud102023102033/B0,イデアクリスタル,2025-12-28,牝2,3
2025-10-18,pw01dud102023102157/CD,イデアジュアンイハ,2025-12-27,牝2,3
2025-06-15,pw01dud102022103091/8D,イデアニポーテ,2025-06-15,牡3,4
2025-05-17,pw01dud102022102601/34,イデアブリランテ,2025-05-17,牝3,3
2025-06-28,pw01dud102020106549/7F,イデアユウシン,2025-12-20,牡5,10
2025-07-19,pw01dud102022106693/66,イトウ,2025-07-19,牡3,5
2025-10-26,pw01dud102020100446/5B,イトカワサクラ,2025-12-13,牝5,4
2025-11-01,pw01dud102023106849/B6,イトシサ,2025-11-24,牡2,2
2025-06-22,pw01dud102023106114/F0,イトハマー,2025-06-22,牡2,1
2025-02-08,pw01dud102022100659/3E,イドリス,2025-04-13,牝3,2
2025-08-03,pw01dud102023107158/EB,イナズマダイモン,2025-11-24,牡2,4
2025-04-19,pw01dud102020101833/A5,イナフセド,2025-11-22,牡5,9
2025-10-13,pw01dud102023105869/E7,イニシオ,2025-10-13,牡2,1
2025-10-18,pw01dud102023106895/3A,イヌボウノアサヒ,2025-11-09,牝2,3
2025-10-18,pw01dud102023103086/48,イヌボウノウタゴエ,2025-12-14,牝2,3
2025-11-30,pw01dud102023103090/A6,イヌボウノキラメキ,2025-12-28,牝2,2
2025-12-20,pw01dud102023102126/2A,イヌボウノツキ,2025-12-20,牝2,1
2025-08-31,pw01dud102023103099/B1,イヌボウノユウヒ,2025-11-08,牝2,3
2025-11-30,pw01dud102023103314/85,イネガラーブル,2025-12-13,牡2,2
2025-08-17,pw01dud102022100757/89,イノキ,2025-12-14,牡3,8
2025-08-16,pw01dud102021104745/C3,イノセントキャット,2025-10-19,牝4,5
2025-09-06,pw01dud102023106508/70,イノリ,2025-12-14,牝2,4
2025-11-01,pw01dud102023101298/C2,イバラヒメ,2025-12-06,牝2,2
2025-08-10,pw01dud102022100126/C0,イフウドウドウ,2025-08-30,牡3,7
2025-06-28,pw01dud102021104955/35,イフェイオン,2025-06-28,牝4,4
2025-03-01,pw01dud102022103649/FB,イフリーティア,2025-12-14,牝3,3
2025-07-12,pw01dud102022105751/82,イフルジャンス,2025-12-06,牡3,9
2025-10-12,pw01dud102023105248/2E,イブキ,2025-11-01,牡2,3
2025-08-23,pw01dud102022105232/E0,イブニングタイド,2025-12-21,牝3,6
2025-08-16,pw01dud102022107301/4C,イプシロンナンバー,2025-08-16,牡3,1
2025-11-09,pw01dud102023106870/DB,イベリスアマラ,2025-11-09,牡2,1
2025-07-13,pw01dud102022105275/79,イベンチュアリー,2025-07-13,牡3,2
2025-12-13,pw01dud102023107287/D9,イベントホライゾン,2025-12-13,牡2,1
2025-01-19,pw01dud102022104600/9F,イマージョン,2025-12-20,牡3,7
2025-07-27,pw01dud102022104697/54,イミグラントソング,2025-07-27,牡3,4
2025-08-16,pw01dud102020104346/E6,イミュータブル,2025-12-06,牡5,8
2025-08-10,pw01dud102022104983/0B,イムホテプ,2025-12-21,牡3,6
2025-04-13,pw01dud102022100782/7A,イモルテル,2025-08-31,せん3,7
2025-12-06,pw01dud102023107032/E8,イモータリス,2025-12-06,牡2,1
2025-08-03,pw01dud102022101681/C5,イモータリティ,2025-08-03,牡3,2
2025-05-11,pw01dud102018103802/D5,イモータルソウル,2025-05-31,牡7,6
2025-07-05,pw01dud102021100674/93,イモータルバード,2025-12-06,牡4,9
2025-01-25,pw01dud102019104486/D8,イモータルフェイム,2025-01-25,牝6,1
2025-02-09,pw01dud102022103015/D9,イモータルプラチナ,2025-04-27,牡3,2
2025-08-30,pw01dud102018103507/81,イヤサカ,2025-11-22,牝7,8
2025-04-19,pw01dud102021107166/FD,イラーナ,2025-12-13,牝4,6
2025-01-12,pw01dud102019100666/5E,イラーレ,2025-01-12,牝6,1
2025-08-23,pw01dud102021103493/AB,イリスアスール,2025-12-14,牝4,9
2025-07-27,pw01dud102020102802/F1,イリスレーン,2025-09-28,牝5,10
2025-02-16,pw01dud102021105614/DE,イリディセント,2025-05-24,牝4,3
2025-11-22,pw01dud102023105171/08,イリノセラビア,2025-11-22,牝2,1
2025-03-30,pw01dud102022106834/DB,イリバーレ,2025-03-30,牡3,1
2025-08-03,pw01dud102022110077/20,イリフィ,2025-11-15,牝3,7
2025-02-08,pw01dud102022105154/B5,イリュストル,2025-05-10,牡3,2
2025-07-26,pw01dud102020103975/DA,イリュージョン,2025-08-30,牝5,6
2025-09-13,pw01dud102023100213/14,イルカンダ,2025-09-21,牝2,2
2025-06-22,pw01dud102018106077/C9,イルクオーレ,2025-06-22,せん7,3
2025-08-09,pw01dud102019102736/3D,イルザ,2025-10-12,牝6,7
2025-05-11,pw01dud102022105133/22,イルジーリオ,2025-08-16,牝3,4
2025-12-06,pw01dud102023101843/59,イルダメリーノ,2025-12-21,牡2,2
2025-01-26,pw01dud102019104613/71,イルチルコ,2025-03-22,牝6,2
2025-07-06,pw01dud102020103349/50,イルディヴィーノ,2025-11-09,せん5,5
2025-10-11,pw01dud102023106872/C1,イルミナジーティー,2025-10-11,牝2,2
2025-05-17,pw01dud102022102318/D6,イルヴィゴーレ,2025-05-17,牡3,2
2025-10-13,pw01dud102023106126/E6,イロゴルシ,2025-10-26,牡2,2
2025-05-24,pw01dud102021107019/D5,イロハニホ,2025-07-12,牝4,4
2025-11-22,pw01dud102020110085/32,イングランドアイズ,2025-11-22,牝5,7
2025-08-09,pw01dud102022103544/8B,インサイト,2025-08-31,牡3,5
2025-05-25,pw01dud102022104889/8C,インザスカイ,2025-07-19,牡3,2
2025-03-09,pw01dud102021106635/60,インザモーメント,2025-11-22,牡4,6
2025-11-09,pw01dud102023106441/5A,インザライムライト,2025-11-09,牝2,5
2025-08-30,pw01dud102023107203/8D,インシオン,2025-12-13,牡2,3
2025-02-09,pw01dud102022104564/9A,インシーズン,2025-02-09,牝3,1
2025-11-08,pw01dud102021103574/2F,インジケーター,2025-12-20,牡4,10
2025-12-13,pw01dud102023101444/08,インスウィング,2025-12-13,せん2,1
2025-07-12,pw01dud102020104843/82,インスタキング,2025-07-12,せん5,4
2025-05-18,pw01dud102022104880/81,インターアーバン,2025-12-20,牡3,7
2025-06-21,pw01dud102022103576/A1,インターステラ,2025-11-24,牡3,8
2025-11-22,pw01dud102022104649/EA,インターポーザー,2025-11-22,牡3,6
2025-08-10,pw01dud102022102137/21,インティパイロ,2025-08-31,牝3,3
2025-03-02,pw01dud102021107044/C6,インテグレイト,2025-03-02,牡4,2
2025-04-27,pw01dud102021104922/AC,インテルメディオ,2025-04-27,牡4,3
2025-11-08,pw01dud102023106418/4F,インテンスゲイズ,2025-12-06,牝2,3
2025-10-19,pw01dud102020103636/7A,インテンソ,2025-10-19,せん5,4
2025-10-19,pw01dud102022101062/F2,インディゴ,2025-12-28,牡3,6
2025-05-17,pw01dud102022103440/8E,インディゴアスール,2025-12-14,牡3,7
2025-10-19,pw01dud102019105143/9B,インディゴブラック,2025-11-15,せん6,6
2025-07-12,pw01dud102023104336/7A,インディジョーズ,2025-07-12,牝2,1
2025-01-11,pw01dud102022101689/5D,インディーフィルム,2025-01-11,牝3,1
2025-06-28,pw01dud102023104288/7F,イントゥゴールデン,2025-12-28,牡2,5
2025-11-16,pw01dud102023106771/1D,イントゥディープ,2025-11-24,牡2,2
2025-01-06,pw01dud102022100636/C5,インナモラート,2025-03-15,牝3,3
2025-11-01,pw01dud102023103714/49,インナーパッション,2025-11-01,牡2,1
2025-06-28,pw01dud102022101346/31,インナーリソース,2025-06-28,牡3,1
2025-11-24,pw01dud102023102751/41,インナーヴォイス,2025-12-14,牡2,2
2025-07-19,pw01dud102022101230/3E,インパクトシー,2025-11-15,牡3,9
2025-03-30,pw01dud102021105349/BA,インビジブルセルフ,2025-03-30,牡4,1
2025-06-14,pw01dud102021110164/5C,インビンシブルパパ,2025-08-10,牡4,3
2025-05-24,pw01dud102022103469/B9,インピッシュ,2025-05-24,牝3,4
2025-07-26,pw01dud102021101225/E1,インファンタ,2025-08-30,牝4,2
2025-10-19,pw01dud102023102923/59,インフィオラータ,2025-11-23,牝2,3
2025-07-26,pw01dud102022102729/1D,インフローレ,2025-12-07,牝3,6
2025-01-18,pw01dud102022101686/04,インブロリオ,2025-09-15,牝3,6
2025-08-16,pw01dud102019104899/05,インプレス,2025-08-16,牡6,3
2025-04-13,pw01dud102019104498/CE,インプロバイザー,2025-09-27,牡6,5
2025-03-08,pw01dud102022104956/34,インプロペリア,2025-03-08,牝3,1
2025-06-14,pw01dud102022102416/21,インヘリット,2025-06-29,牝3,4
2025-11-08,pw01dud102020102561/4B,インペリアルコート,2025-12-20,牝5,8
2025-03-29,pw01dud102021102352/D8,インペリアルモート,2025-03-29,牡4,1
2025-08-02,pw01dud102019104953/44,インペリアルライン,2025-12-20,せん6,6
2025-06-29,pw01dud102022101071/8F,インマイハート,2025-06-29,牝3,4
2025-05-11,pw01dud102022104165/49,インマイブラッド,2025-07-19,牝3,5
2025-08-17,pw01dud102021105466/B2,インマイポケット,2025-08-17,牝4,4
2025-08-02,pw01dud102022100651/A6,インユアアイズ,2025-12-21,牝3,5
2025-05-24,pw01dud102021110126/02,インユアパレス,2025-10-26,牡4,8
2025-08-02,pw01dud102022101640/12,インレット,2025-08-02,牝3,3
2025-07-20,pw01dud102018105423/82,インヴァリアンス,2025-07-20,せん7,2
2025-11-16,pw01dud102022104145/29,インヴォーグ,2025-11-16,牝3,8
2025-07-05,pw01dud102019104746/2B,イヴニングスター,2025-12-13,せん6,5
2025-10-11,pw01dud102023100461/E0,イーアンベ,2025-11-02,牡2,3
2025-11-09,pw01dud102023100234/A7,イーガービーバー,2025-12-07,牡2,3
2025-11-02,pw01dud102023102672/A3,イーグルチョイス,2025-12-27,牡2,2
2025-01-11,pw01dud102021107170/5B,イーグルノワール,2025-01-11,牡4,1
2025-08-10,pw01dud102019100326/8B,イーサンアイ,2025-12-20,牡6,10
2025-08-09,pw01dud102021104362/C6,イーサンハンター,2025-08-09,牡4,3
2025-05-03,pw01dud102019104192/89,イーサンバーニング,2025-12-13,牡6,5
2025-06-29,pw01dud102022107199/12,イーサンペガサス,2025-06-29,牝3,2
2025-12-20,pw01dud102023106657/7E,イーサンミラー,2025-12-20,牡2,1
2025-01-13,pw01dud102020101563/42,イージスバローズ,2025-01-13,せん5,1
2025-07-13,pw01dud102020101143/5E,イージーオンミー,2025-12-07,牝5,6
2025-05-25,pw01dud102022103087/2F,イージーゴーイング,2025-08-03,牡3,4
2025-08-16,pw01dud102021105035/4B,イージーブリージー,2025-12-07,牝4,8
2025-08-31,pw01dud102023102814/8B,イージーライダー,2025-12-13,牡2,4
2025-10-18,pw01dud102021110007/24,イーブンナウ,2025-10-18,牝4,2
2025-01-19,pw01dud102022106540/8C,イーブンベター,2025-12-20,牝3,5
2025-09-06,pw01dud102023100792/16,イーリスアスター,2025-12-28,牝2,3
2025-07-06,pw01dud102022106761/81,ウアーシュプルング,2025-12-27,牝3,6
2025-05-10,pw01dud102022106326/BC,ウィアステーラ,2025-09-13,牝3,5
2025-08-17,pw01dud102021102347/07,ウィウィルウィン,2025-08-17,牡4,4
2025-02-09,pw01dud102022104655/2E,ウィクトルウェルス,2025-11-09,牡3,3
2025-10-04,pw01dud102023100805/10,ウィザードオブマリ,2025-10-04,牝2,1
2025-07-20,pw01dud102022103022/90,ウィステリアベル,2025-07-20,牝3,3
2025-05-18,pw01dud102020104708/50,ウィステリアリヴァ,2025-12-07,牡5,4
2025-08-09,pw01dud102022100219/3A,ウィスパーボイス,2025-08-09,牡3,6
2025-08-02,pw01dud102023103417/0F,ウィズクィーン,2025-10-04,牝2,3
2025-04-27,pw01dud102020102575/27,ウィズザドリーム,2025-05-18,せん5,3
2025-03-15,pw01dud102020103365/A4,ウィズダムハート,2025-03-15,牝5,1
2025-04-20,pw01dud102022103956/45,ウィズプライド,2025-07-20,牡3,5
2025-07-06,pw01dud102021106218/D5,ウィズホープ,2025-07-06,牝4,2
2025-06-29,pw01dud102022106346/DC,ウィズマイマミー,2025-06-29,牝3,4
2025-06-15,pw01dud102022106045/D6,ウィズマスタング,2025-11-16,牡3,7
2025-07-06,pw01dud102020101918/F5,ウィズユアドリーム,2025-12-20,牡5,8
2025-10-11,pw01dud102023101397/80,ウィッキドピケット,2025-11-29,牡2,2
2025-03-30,pw01dud102022101178/E5,ウィッシュソング,2025-04-05,牝3,3
2025-03-02,pw01dud102022104979/AD,ウィッシュツリー,2025-12-27,牝3,2
2025-08-17,pw01dud102022105780/3F,ウィッティクオウト,2025-08-24,牝3,4
2025-03-16,pw01dud102022101494/CC,ウィッティングハム,2025-07-26,牝3,2
2025-08-09,pw01dud102022104968/2A,ウィットビーアビー,2025-08-09,牡3,3
2025-06-22,pw01dud102021105253/E7,ウィップスティッチ,2025-06-22,牝4,2
2025-11-08,pw01dud102022105936/03,ウィテカービート,2025-12-28,牡3,6
2025-07-06,pw01dud102023102010/37,ウィナーズロジャー,2025-08-09,牡2,3
2025-01-26,pw01dud102022106888/F7,ウィノウザウェイ,2025-04-20,牝3,3
2025-07-20,pw01dud102022105686/C0,ウィラコチャ,2025-07-20,牡3,1
2025-08-09,pw01dud102018100829/4D,ウィリアムバローズ,2025-12-07,牡7,3
2025-12-20,pw01dud102023102117/8D,ウィリーズロック,2025-12-20,牡2,1
2025-08-24,pw01dud102022104748/A8,ウィルサヴァイブ,2025-12-13,牝3,6
2025-01-19,pw01dud102021101688/5E,ウィルソンウェイ,2025-01-25,牡4,2
2025-12-07,pw01dud102019102383/70,ウィルソンテソーロ,2025-12-07,牡6,1
2025-05-18,pw01dud102021102787/0B,ウィルダネス,2025-05-18,牝4,2
2025-07-20,pw01dud102022102272/53,ウィルマテソーロ,2025-07-20,牝3,2
2025-08-23,pw01dud102023106544/E4,ウィルラウス,2025-08-23,牝2,1
2025-11-01,pw01dud102023106981/8F,ウィロークリーク,2025-11-01,牡2,2
2025-07-05,pw01dud102020106837/1C,ウィンウッドテール,2025-09-20,牝5,4
2025-05-11,pw01dud102022104135/19,ウィングコマンダー,2025-12-14,せん3,4
2025-07-19,pw01dud102023105317/BC,ウィングブルー,2025-12-21,牝2,7
2025-06-29,pw01dud102022104684/EB,ウィンスタンリー,2025-06-29,牡3,3
2025-08-30,pw01dud102022101683/AB,ウィンストン,2025-12-20,牡3,8
2025-01-05,pw01dud102021105857/D9,ウィンターガーデン,2025-11-22,牝4,8
2025-08-24,pw01dud102022101649/1D,ウィンターサン,2025-12-07,牝3,7
2025-05-04,pw01dud102020103246/C6,ウィンターダフネ,2025-11-09,牝5,6
2025-01-26,pw01dud102022104939/6D,ウィンターベル,2025-12-14,牡3,2
2025-04-27,pw01dud102019106808/E0,ウィンダミア,2025-06-08,牡6,4
2025-08-02,pw01dud102021105156/0F,ウィンドフォール,2025-08-02,牡4,1
2025-07-27,pw01dud102022104514/4A,ウィンビュー,2025-09-13,牝3,4
2025-02-01,pw01dud102020104768/B0,ウィービースティ,2025-02-01,牡5,1
2025-06-15,pw01dud102021105412/96,ウィープディライト,2025-11-16,せん4,5
2025-03-08,pw01dud102022106336/CC,ウイキャンウイン,2025-03-08,牝3,1
2025-08-17,pw01dud102023106638/D1,ウイッチボニータ,2025-11-22,牝2,3
2025-09-27,pw01dud102023102820/CF,ウイナーズナイン,2025-12-27,牡2,4
2025-01-06,pw01dud102020107143/F8,ウイニンググレイス,2025-02-22,牡5,2
2025-08-10,pw01dud102020105203/0B,ウインアイオライト,2025-11-23,牝5,9
2025-12-13,pw01dud102023105852/B2,ウインアイルグロウ,2025-12-13,牡2,1
2025-08-24,pw01dud102021107085/79,ウインアクトゥール,2025-11-22,牡4,10
2025-04-26,pw01dud102021101084/6C,ウインアザレア,2025-04-26,牝4,3
2025-01-26,pw01dud102017101448/99,ウインアステロイド,2025-03-02,牡8,3
2025-11-24,pw01dud102023105853/25,ウインアベリア,2025-11-24,牝2,1
2025-09-07,pw01dud102021106224/19,ウインアリス,2025-10-13,牝4,3
2025-07-26,pw01dud102021106192/72,ウインアルドーレ,2025-11-29,牡4,8
2025-04-19,pw01dud102022106210/C9,ウインアレース,2025-08-02,牡3,4
2025-08-03,pw01dud102022106229/E4,ウインイザナミ,2025-08-03,牝3,6
2025-04-26,pw01dud102021106213/96,ウインイメル,2025-12-06,牡4,8
2025-06-21,pw01dud102022106221/4C,ウインイルネージュ,2025-11-15,牝3,6
2025-05-04,pw01dud102017101436/A3,ウインエアフォルク,2025-11-02,牡8,4
2025-01-25,pw01dud102019100215/D7,ウインエクレール,2025-01-25,牝6,1
2025-02-02,pw01dud102020105201/25,ウインエタンセル,2025-02-02,牡5,1
2025-07-20,pw01dud102022106042/7D,ウインエンデバー,2025-07-20,牡3,2
2025-06-22,pw01dud102020107030/5E,ウインエーデル,2025-12-13,牝5,7
2025-06-29,pw01dud102022106230/E9,ウインオアシス,2025-06-29,牡3,1
2025-06-28,pw01dud102020105217/E7,ウインオーディン,2025-11-30,牡5,7
2025-10-26,pw01dud102021106200/2D,ウインオーブ,2025-10-26,牡4,2
2025-10-19,pw01dud102023105134/21,ウインカグヤヒメ,2025-11-29,牝2,3
2025-11-23,pw01dud102023105857/F1,ウインカトリーヌ,2025-11-23,牝2,1
2025-08-24,pw01dud102017101429/EC,ウインカーネリアン,2025-09-28,牡8,3
2025-07-26,pw01dud102022106213/22,ウインキララ,2025-09-06,牝3,8
2025-02-22,pw01dud102022105640/CE,ウインギャラン,2025-02-22,牡3,1
2025-08-02,pw01dud102022101596/E3,ウインクルキセキ,2025-08-31,牝3,5
2025-02-15,pw01dud102022101597/56,ウインクルホープ,2025-07-19,牝3,3
2025-05-10,pw01dud102022106211/3C,ウインクレドール,2025-05-10,牡3,3
2025-01-19,pw01dud102019106615/35,ウイングスオブラヴ,2025-12-20,せん6,6
2025-02-22,pw01dud102022106747/13,ウイングラフトン,2025-03-02,牡3,2
2025-03-09,pw01dud102020105211/35,ウイングランブルー,2025-12-20,牡5,5
2025-12-27,pw01dud102023103164/73,ウイングリフィス,2025-12-27,牡2,1
2025-06-14,pw01dud102017101423/3A,ウイングレイテスト,2025-12-20,牡8,7
2025-07-06,pw01dud102022102926/26,ウインコンパス,2025-07-13,牡3,2
2025-09-07,pw01dud102021106217/62,ウインサマースノー,2025-09-15,牡4,2
2025-06-15,pw01dud102022106209/C4,ウインシャーガス,2025-12-06,牝3,9
2025-07-13,pw01dud102018101615/FE,ウインシュクラン,2025-11-29,せん7,5
2025-10-25,pw01dud102023104010/15,ウインジャスミン,2025-10-25,牝2,1
2025-10-26,pw01dud102023105883/55,ウインスターリング,2025-10-26,牡2,1
2025-05-17,pw01dud102022106228/71,ウインスティーガ,2025-05-17,牡3,3
2025-08-24,pw01dud102020105198/A9,ウインスノーライト,2025-10-25,牡5,7
2025-02-08,pw01dud102022101105/1C,ウインソラネル,2025-02-08,牡3,2
2025-10-04,pw01dud102023106590/68,ウインターアヘッド,2025-10-18,牡2,2
2025-08-03,pw01dud102023103521/9E,ウインターブレス,2025-12-20,牡2,5
2025-08-02,pw01dud102018101630/DF,ウインチェレステ,2025-08-02,牡7,3
2025-03-09,pw01dud102022106216/7B,ウインティターニア,2025-03-23,牝3,2
2025-08-09,pw01dud102021106194/58,ウインデイジー,2025-11-23,牝4,10
2025-12-13,pw01dud102023105886/AE,ウインデイブレイク,2025-12-13,牡2,1
2025-11-24,pw01dud102023109092/26,ウイントッペン,2025-12-14,牡2,4
2025-09-06,pw01dud102021106193/E5,ウイントレメンデス,2025-11-22,牡4,6
2025-02-15,pw01dud102022106232/CF,ウイントワイライト,2025-12-21,牝3,5
2025-04-20,pw01dud102021101525/74,ウイントールキン,2025-07-20,牡4,6
2025-11-02,pw01dud102023100734/9C,ウインドオブヘヴン,2025-11-30,牡2,3
2025-11-24,pw01dud102023102363/73,ウインドトリック,2025-11-24,牡2,3
2025-05-11,pw01dud102021106199/97,ウインドラート,2025-12-13,牡4,5
2025-10-12,pw01dud102020103901/9E,ウインドワンピース,2025-12-14,牡5,6
2025-08-17,pw01dud102020105205/F1,ウインネモフィラ,2025-11-16,牝5,5
2025-03-01,pw01dud102022106227/FE,ウインハイエスト,2025-04-19,牡3,2
2025-12-06,pw01dud102023105987/52,ウインハルフォード,2025-12-06,牡2,2
2025-01-26,pw01dud102019100210/98,ウインバグース,2025-01-26,牡6,1
2025-04-20,pw01dud102019100195/26,ウインバリオス,2025-05-18,牡6,3
2025-07-20,pw01dud102022103014/66,ウインバーテックス,2025-08-30,牡3,7
2025-10-05,pw01dud102023100291/AE,ウインビギニング,2025-12-27,牡2,4
2025-10-12,pw01dud102023105865/1B,ウインビスタ,2025-10-26,牡2,2
2025-10-26,pw01dud102022106218/61,ウインファヴォリ,2025-10-26,せん3,1
2025-03-30,pw01dud102022102652/F7,ウインフォーユー,2025-03-30,牝3,1
2025-01-19,pw01dud102020105196/C3,ウインフランシーズ,2025-02-16,牝5,2
2025-07-27,pw01dud102022106219/D4,ウインフルゴラ,2025-07-27,牝3,2
2025-11-15,pw01dud102023105874/B8,ウインブリザード,2025-11-15,牡2,2
2025-08-23,pw01dud102022107084/92,ウインヘリオドール,2025-08-31,牡3,9
2025-07-05,pw01dud102022106214/95,ウインベアトリス,2025-12-14,牝3,4
2025-06-14,pw01dud102022106231/5C,ウインベラーノ,2025-11-15,牡3,8
2025-08-24,pw01dud102023105879/F7,ウインベルチェーロ,2025-08-24,牝2,1
2025-07-27,pw01dud102022106233/42,ウインボニータ,2025-09-06,牝3,3
2025-07-19,pw01dud102022101102/C3,ウインポセイドン,2025-07-19,牡3,5
2025-07-12,pw01dud102022106226/8B,ウインポラリス,2025-08-24,牝3,5
2025-11-15,pw01dud102023105854/98,ウインポーシャ,2025-11-15,牝2,1
2025-04-20,pw01dud102019100212/7E,ウインマイルート,2025-12-28,牡6,6
2025-07-26,pw01dud102021106211/B0,ウインマクシマム,2025-08-17,牡4,2
2025-07-13,pw01dud102022106222/BF,ウインマグノリア,2025-07-27,牡3,3
2025-04-26,pw01dud102022106217/EE,ウインマスカレード,2025-04-26,牡3,4
2025-07-26,pw01dud102023105862/C2,ウインマニフィーク,2025-11-24,牡2,4
2025-06-08,pw01dud102019100213/F1,ウインマーベル,2025-11-23,牡6,3
2025-05-18,pw01dud102021106196/3E,ウインメラナイト,2025-06-29,牡4,4
2025-11-02,pw01dud102023105867/01,ウインモアナ,2025-11-02,牝2,1
2025-06-28,pw01dud102019100214/64,ウインモナーク,2025-12-07,牡6,5
2025-06-28,pw01dud102020105216/74,ウインユアソング,2025-08-30,牡5,3
2025-03-16,pw01dud102021106206/DF,ウインラウダ,2025-12-06,牡4,9
2025-05-11,pw01dud102021106216/EF,ウインラグラス,2025-07-20,牝4,6
2025-02-16,pw01dud102022106936/F2,ウインラテアート,2025-02-16,牝3,1
2025-11-15,pw01dud102023105888/94,ウインラファーガ,2025-12-27,牡2,4
2025-04-20,pw01dud102022106236/9B,ウインリバイバル,2025-04-20,牡3,2
2025-11-09,pw01dud102023105893/65,ウインリフレクト,2025-11-15,牡2,3
2025-03-22,pw01dud102018101621/42,ウインリブルマン,2025-08-16,牡7,6
2025-04-26,pw01dud102022106224/A5,ウインリベラシオン,2025-11-24,牡3,8
2025-04-12,pw01dud102020105189/0C,ウインリュクス,2025-12-13,牝5,9
2025-08-02,pw01dud102020105183/5A,ウインルピナス,2025-11-30,牝5,7
2025-01-11,pw01dud102020105206/64,ウインルーティン,2025-11-22,牡5,3
2025-05-17,pw01dud102022106235/28,ウインレアリゼ,2025-08-03,牝3,7
2025-08-31,pw01dud102020105185/40,ウインレイアー,2025-11-15,牝5,7
2025-11-08,pw01dud102022106729/D9,ウインレオネッサ,2025-11-08,牝3,5
2025-08-24,pw01dud102023101078/40,ウインロズパレード,2025-08-24,牝2,3
2025-08-16,pw01dud102022106212/AF,ウインロゼライト,2025-08-30,牝3,7
2025-11-24,pw01dud102023103500/0B,ウェイクフィールド,2025-12-06,牡2,2
2025-08-16,pw01dud102021104413/1A,ウェイトゥゴー,2025-08-16,牝4,8
2025-08-03,pw01dud102021104768/3C,ウェイトゥザドーン,2025-11-29,せん4,5
2025-09-14,pw01dud102023110071/FA,ウェイニースー,2025-12-20,牡2,2
2025-01-06,pw01dud102020104764/E4,ウェイビー,2025-07-06,牝5,6
2025-07-26,pw01dud102023110087/BC,ウェイヨー,2025-12-27,牡2,4
2025-02-16,pw01dud102020110024/5F,ウェイワードアクト,2025-11-23,牡5,4
2025-08-31,pw01dud102022104488/55,ウェカピポ,2025-08-31,牡3,4
2025-10-26,pw01dud102023100861/A4,ウェスケンジントン,2025-11-09,牡2,2
2025-02-08,pw01dud102021110112/26,ウェットシーズン,2025-11-15,せん4,4
2025-03-16,pw01dud102022103868/0A,ウェルウィッチア,2025-03-16,牡3,1
2025-05-04,pw01dud102019105537/1B,ウェルカムニュース,2025-05-04,牡6,2
2025-02-01,pw01dud102022105240/0A,ウェルカムホーム,2025-02-01,牝3,2
2025-04-27,pw01dud102021105294/9A,ウェルキン,2025-11-09,牝4,6
2025-11-23,pw01dud102023103173/10,ウェルム,2025-12-21,牝2,3
2025-07-19,pw01dud102022105333/84,ウェーヴレット,2025-07-19,牝3,3
2025-10-18,pw01dud102023102327/FF,ウエスタンオレンジ,2025-11-08,牝2,2
2025-05-11,pw01dud102022103457/C3,ウエスタンクリス,2025-05-17,牡3,3
2025-05-18,pw01dud102022103465/ED,ウエスタンタマヤ,2025-05-18,牝3,3
2025-01-25,pw01dud102022104660/FF,ウエスタンレーヴ,2025-08-16,牡3,3
2025-06-29,pw01dud102021103505/32,ウエストチェリー,2025-07-13,牝4,2
2025-10-13,pw01dud102021106645/70,ウエストナウ,2025-12-06,牡4,7
2025-04-12,pw01dud102021103226/32,ウエヲムイテゴラン,2025-12-13,牝4,6
2025-08-09,pw01dud102020106687/0A,ウォルラス,2025-12-20,牡5,9
2025-08-09,pw01dud102022100405/C0,ウォーターアデル,2025-08-09,牝3,2
2025-03-08,pw01dud102022100404/4D,ウォーターエアリー,2025-03-08,牝3,1
2025-02-22,pw01dud102022102796/34,ウォーターエルピス,2025-10-18,牝3,6
2025-01-12,pw01dud102022100406/33,ウォーターカルエル,2025-03-01,牡3,2
2025-06-15,pw01dud102022100407/A6,ウォーターカルミア,2025-06-29,牝3,5
2025-11-01,pw01dud102022100403/DA,ウォーターガーベラ,2025-11-01,牝3,6
2025-02-01,pw01dud102022100055/4C,ウォーターキリンジ,2025-02-23,牡3,2
2025-08-02,pw01dud102022103345/9C,ウォータークラーク,2025-12-14,牡3,7
2025-11-15,pw01dud102023101666/70,ウォーターコトノハ,2025-11-15,牝2,2
2025-12-07,pw01dud102023105190/B5,ウォーターサグラダ,2025-12-07,牡2,1
2025-07-26,pw01dud102023105555/78,ウォータースパウト,2025-11-22,牝2,3
2025-10-19,pw01dud102023101865/5F,ウォーターデライト,2025-10-19,牡2,1
2025-08-17,pw01dud102020102664/D5,ウォーターハウス,2025-09-20,せん5,4
2025-02-22,pw01dud102022103344/29,ウォーターバンドル,2025-02-22,牡3,2
2025-08-02,pw01dud102022103229/17,ウォーターパラディ,2025-12-28,牡3,10
2025-12-13,pw01dud102023101867/45,ウォーターブビンガ,2025-12-13,牡2,4
2025-02-09,pw01dud102021100953/93,ウォーターリヒト,2025-11-23,牡4,6
2025-07-26,pw01dud102020100948/36,ウォーターリーダー,2025-11-16,牡5,11
2025-05-10,pw01dud102019102786/8D,ウォータールグラン,2025-06-29,牝6,4
2025-08-23,pw01dud102020103574/A3,ウォーハンマー,2025-11-02,牡5,3
2025-12-21,pw01dud102023102365/59,ウシャス,2025-12-21,牝2,1
2025-12-20,pw01dud102023105459/13,ウシワカマル,2025-12-20,牡2,3
2025-08-30,pw01dud102022101644/DE,ウチナータイム,2025-08-30,牝3,3
2025-08-02,pw01dud102023106665/A8,ウチュウノセカイ,2025-09-20,牡2,4
2025-11-29,pw01dud102023101549/78,ウチュウノハナ,2025-11-29,牝2,1
2025-10-18,pw01dud102023102527/61,ウッケン,2025-10-18,牝2,1
2025-07-20,pw01dud102019106923/F2,ウッドショック,2025-08-17,牡6,8
2025-10-25,pw01dud102023107228/EC,ウップヘリーア,2025-10-25,牡2,1
2025-08-16,pw01dud102019107016/71,ウナギノボリ,2025-12-21,牡6,11
2025-04-20,pw01dud102021104052/23,ウヌボレヤサン,2025-12-20,牡4,5
2025-08-10,pw01dud102022105257/3F,ウフドゥウフ,2025-08-30,牡3,7
2025-01-19,pw01dud102021101193/3A,ウフフトルンナ,2025-06-29,牝4,4
2025-08-03,pw01dud102022104621/32,ウフルピーク,2025-08-03,牝3,6
2025-10-19,pw01dud102023100465/AC,ウマナミカイドウ,2025-10-25,せん2,2
2025-06-22,pw01dud102020105478/1C,ウマピョイ,2025-06-22,牝5,3
2025-05-31,pw01dud102022106620/9D,ウラルト,2025-09-14,牡3,4
2025-10-11,pw01dud102023103709/78,ウリズンベー,2025-11-01,牡2,2
2025-04-20,pw01dud102022103630/E0,ウルスクローム,2025-11-08,牡3,7
2025-12-21,pw01dud102023102478/F3,ウルスツイスター,2025-12-21,牡2,1
2025-10-18,pw01dud102018102091/7B,ウルトラソニック,2025-12-21,牡7,8
2025-10-18,pw01dud102023104157/AB,ウルトラハート,2025-11-08,牡2,4
2025-12-14,pw01dud102023103636/1E,ウルフ,2025-12-14,牡2,1
2025-11-30,pw01dud102023107045/51,ウルフマン,2025-12-27,牡2,2
2025-08-24,pw01dud102023106170/84,ウルヴァリン,2025-12-21,牡2,8
2025-06-21,pw01dud102023106583/B1,ウレシイゴサン,2025-10-13,牡2,5
2025-03-22,pw01dud102019100295/57,ウン,2025-03-22,牡6,2
2025-04-19,pw01dud102021104456/B3,ウンガイソウテン,2025-05-17,牡4,2
2025-10-26,pw01dud102023103329/D4,ウンナターシャ,2025-12-07,牝2,3
2025-08-09,pw01dud102020103674/D4,ウンブライル,2025-12-20,牝5,6
2025-08-24,pw01dud102023100185/39,ウンボイクザーム,2025-09-07,牡2,2
2025-05-11,pw01dud102022103877/A7,ウンメイノイタズラ,2025-05-11,牝3,1
2025-07-20,pw01dud102022103016/4C,ウーナファータ,2025-07-20,牝3,5
2025-11-08,pw01dud102022103629/DB,ウーバーストロング,2025-11-24,牡3,8
2025-07-26,pw01dud102022104572/C4,ウーバーミッション,2025-07-26,牝3,4
2025-08-16,pw01dud102023103929/FA,ウーマンズパワー,2025-12-06,牝2,5
2025-11-15,pw01dud102021104860/D5,ウールデュボヌール,2025-11-15,牡4,4
2025-04-12,pw01dud102022105299/65,ウールワース,2025-12-21,牝3,4
2025-06-29,pw01dud102023102442/11,ウールヴヘジン,2025-12-06,牡2,6
2025-03-15,pw01dud102022106816/A1,エアイナーン,2025-03-15,牝3,1
2025-08-10,pw01dud102020110082/D9,エアグリフォン,2025-09-28,牡5,2
2025-02-15,pw01dud102021110159/8B,エアサンサーラ,2025-05-10,牡4,3
2025-08-16,pw01dud102022105248/A2,エアザキントス,2025-08-16,牡3,3
2025-11-15,pw01dud102023100964/2E,エアトベーレ,2025-12-14,牝2,2
2025-08-09,pw01dud102022102308/C6,エアニゲラ,2025-12-06,牝3,6
2025-10-26,pw01dud102022105250/1A,エアビッグマム,2025-12-06,牝3,11
2025-11-23,pw01dud102023103342/CF,エアビーアゲイル,2025-11-23,牝2,2
2025-01-05,pw01dud102017110138/D5,エアファンディタ,2025-11-02,牡8,5
2025-01-19,pw01dud102019103506/9A,エアフォースワン,2025-01-19,牡6,1
2025-04-27,pw01dud102018106663/13,エアミアーニ,2025-10-12,せん7,6
2025-01-18,pw01dud102020110118/4C,エアメテオラ,2025-01-18,牡5,1
2025-07-12,pw01dud102021100409/00,エアロソニック,2025-11-08,牡4,4
2025-11-09,pw01dud102017104685/AF,エアロロノア,2025-11-09,せん8,1
2025-10-04,pw01dud102023106910/AC,エアヴァイブス,2025-10-04,牝2,1
2025-04-26,pw01dud102022104940/72,エイカイカッシーナ,2025-09-28,牝3,4
2025-12-13,pw01dud102021105094/38,エイカイソウル,2025-12-13,牡4,1
2025-05-17,pw01dud102022102345/AD,エイカイソフィア,2025-06-21,牝3,3
2025-05-03,pw01dud102021105298/66,エイカイボクサー,2025-05-24,牡4,2
2025-02-23,pw01dud102019104800/6A,エイカイマッケンロ,2025-12-28,牡6,6
2025-02-23,pw01dud102022102343/C7,エイカイラウール,2025-03-22,牝3,3
2025-01-05,pw01dud102022103367/A2,エイシンアニーモ,2025-10-13,牡3,10
2025-08-10,pw01dud102022102618/69,エイシンアビス,2025-08-10,牝3,5
2025-07-19,pw01dud102023105536/CB,エイシンイクサボシ,2025-09-21,牝2,3
2025-11-09,pw01dud102023105534/E5,エイシンイグニース,2025-11-09,牡2,1
2025-11-15,pw01dud102023105518/91,エイシンウィゾール,2025-11-15,牝2,3
2025-01-06,pw01dud102020100443/02,エイシンエイト,2025-01-06,牝5,1
2025-08-03,pw01dud102021100443/8E,エイシンオニキス,2025-08-03,牝4,5
2025-08-24,pw01dud102022104474/79,エイシンカリス,2025-08-24,牝3,5
2025-03-09,pw01dud102022100571/95,エイシンカルナボン,2025-03-09,牡3,1
2025-08-10,pw01dud102022103655/3F,エイシンカーバイン,2025-08-10,牡3,3
2025-01-06,pw01dud102022102616/83,エイシンガウディ,2025-07-27,牡3,5
2025-05-17,pw01dud102022102614/9D,エイシンキャプテン,2025-07-12,牡3,2
2025-03-22,pw01dud102022100104/BA,エイシンキャロッツ,2025-07-19,牡3,5
2025-03-16,pw01dud102022103976/65,エイシンクァンタム,2025-06-28,牡3,3
2025-03-23,pw01dud102021100090/C1,エイシンコクスン,2025-12-21,牝4,5
2025-06-14,pw01dud102020107017/63,エイシンジェンマ,2025-12-20,牝5,10
2025-09-21,pw01dud102023105506/9B,エイシンジザイテン,2025-12-21,牡2,2
2025-02-02,pw01dud102019102979/38,エイシンスポッター,2025-02-02,牡6,1
2025-04-20,pw01dud102022102617/F6,エイシンダリア,2025-04-20,牝3,1
2025-10-26,pw01dud102023105516/AB,エイシンティザー,2025-11-16,牡2,3
2025-11-22,pw01dud102023109161/B4,エイシンディアマン,2025-12-14,牝2,5
2025-07-20,pw01dud102023105505/28,エイシンディード,2025-11-15,牡2,2
2025-02-09,pw01dud102022100566/C4,エイシンナザレ,2025-05-31,牝3,5
2025-07-05,pw01dud102022103355/AC,エイシンナデシコ,2025-12-07,牝3,4
2025-11-15,pw01dud102023105519/04,エイシンニンバス,2025-11-15,牝2,1
2025-08-10,pw01dud102022102871/06,エイシンパルサー,2025-09-15,牡3,7
2025-05-18,pw01dud102022100981/69,エイシンパンタレイ,2025-08-24,牡3,5
2025-10-25,pw01dud102023105514/C5,エイシンビリオン,2025-11-16,牝2,3
2025-12-13,pw01dud102023105513/52,エイシンビーコン,2025-12-28,牡2,2
2025-01-18,pw01dud102020100105/15,エイシンフェンサー,2025-12-27,牝5,5
2025-02-16,pw01dud102021100088/49,エイシンホイップ,2025-02-16,牝4,1
2025-04-12,pw01dud102021102841/4A,エイシンポリシー,2025-05-04,牝4,3
2025-08-24,pw01dud102022100575/61,エイシンマイア,2025-08-24,牝3,4
2025-08-23,pw01dud102022102851/E6,エイシンマクルーベ,2025-12-13,牝3,6
2025-10-19,pw01dud102022102624/AD,エイシンマールス,2025-12-13,牡3,9
2025-04-12,pw01dud102022103977/D8,エイシンヤタガラス,2025-08-03,牡3,4
2025-05-11,pw01dud102020106518/DC,エイシンレジューム,2025-05-11,牡5,3
2025-11-09,pw01dud102022102849/6E,エイシンワンド,2025-11-09,牡3,4
2025-10-25,pw01dud102023102996/22,エイズルブルーム,2025-12-21,牝2,2
2025-07-13,pw01dud102022106255/48,エイチエヌハーモニ,2025-07-13,牡3,4
2025-12-06,pw01dud102023102945/5F,エイチエヌライ,2025-12-13,牡2,2
2025-09-07,pw01dud102020103772/1F,エイトスターズ,2025-09-07,牝5,7
2025-02-16,pw01dud102022107018/EE,エイトビートレター,2025-05-18,牝3,4
2025-08-24,pw01dud102021100260/F3,エイブラムス,2025-12-13,牡4,9
2025-10-12,pw01dud102022105381/EE,エイプリルインパリ,2025-11-09,牝3,7
2025-08-09,pw01dud102022105557/D2,エイヘンハールト,2025-12-20,牡3,7
2025-03-23,pw01dud102022100545/31,エイミーショコラ,2025-04-13,牝3,2
2025-02-16,pw01dud102022106013/C0,エイミームーン,2025-12-20,牝3,7
2025-04-13,pw01dud102020110068/6B,エイムインライフ,2025-11-09,牝5,5
2025-09-07,pw01dud102021104167/A3,エイムフォーエース,2025-12-28,牡4,13
2025-01-26,pw01dud102021105960/F5,エイユーキュート,2025-02-16,牝4,2
2025-12-21,pw01dud102023101933/7A,エイユーサクラ,2025-12-21,牝2,1
2025-05-24,pw01dud102022106852/15,エイユーサブリナ,2025-05-24,牝3,1
2025-05-11,pw01dud102022106162/CE,エイユービューティ,2025-08-10,牝3,3
2025-01-13,pw01dud102022102710/02,エイユーファイヤー,2025-12-20,牡3,10
2025-06-01,pw01dud102022109145/D4,エイヨーアメジスト,2025-09-27,牝3,5
2025-07-19,pw01dud102023109118/89,エイヨーニニギ,2025-07-19,牡2,1
2025-07-06,pw01dud102022103572/D5,エウクレイア,2025-07-26,牝3,2
2025-06-29,pw01dud102022104881/F4,エウテルペ,2025-06-29,牝3,4
2025-04-27,pw01dud102020105295/81,エエヤン,2025-05-25,せん5,3
2025-08-09,pw01dud102022103222/F2,エオアリイ,2025-12-27,牡3,7
2025-11-15,pw01dud102023107222/3A,エオリアンリッジ,2025-11-30,牡2,3
2025-09-06,pw01dud102022101501/14,エガオムテキ,2025-09-06,牝3,1
2025-06-29,pw01dud102022104614/7B,エキサイトバイオ,2025-12-28,牡3,7
2025-05-04,pw01dud102022106831/82,エキゾチックガール,2025-09-06,牝3,6
2025-11-24,pw01dud102023101892/36,エクストラダーク,2025-12-14,牡2,2
2025-07-26,pw01dud102022110096/CD,エクストラチャージ,2025-07-26,牝3,4
2025-08-16,pw01dud102017103267/C2,エクストラノート,2025-12-21,せん8,11
2025-04-12,pw01dud102021110023/78,エクストラバック,2025-11-16,牡4,9
2025-07-26,pw01dud102023105329/B2,エクストラプッシュ,2025-12-13,牡2,5
2025-08-10,pw01dud102023104074/41,エクスプレスナイト,2025-11-02,牡2,5
2025-09-06,pw01dud102023104155/C5,エクスプロウド,2025-12-06,牡2,3
2025-11-08,pw01dud102023105579/64,エクスペクタント,2025-11-08,牡2,2
2025-12-20,pw01dud102023110009/22,エクスマウス,2025-12-20,牝2,1
2025-04-19,pw01dud102021104490/41,エクセルゴールド,2025-11-16,牡4,7
2025-08-24,pw01dud102023107035/41,エクラドット,2025-08-24,牡2,1
2025-07-27,pw01dud102022105593/46,エクラドネージュ,2025-07-27,牝3,3
2025-12-13,pw01dud102021106623/6A,エクリプスルバン,2025-12-13,せん4,2
2025-11-29,pw01dud102023104305/D7,エクリュ,2025-11-29,牝2,1
2025-01-06,pw01dud102022104393/F5,エクレア,2025-02-16,牝3,3
2025-05-24,pw01dud102020103295/A3,エクロジャイト,2025-09-07,せん5,2
2025-12-07,pw01dud102023104348/70,エクヴァータル,2025-12-07,牡2,2
2025-11-15,pw01dud102023103155/D6,エグジスタンス,2025-11-29,牡2,4
2025-01-19,pw01dud102019100664/78,エグランタイン,2025-02-10,牝6,2
2025-05-10,pw01dud102022103002/70,エコセーズ,2025-05-10,牝3,3
2025-11-22,pw01dud102021101116/13,エコテーラー,2025-12-13,牝4,9
2025-02-10,pw01dud102020110137/F9,エコロアイ,2025-02-10,牝5,1
2025-07-05,pw01dud102022110107/E1,エコロアゼル,2025-12-14,牡3,6
2025-08-17,pw01dud102022105526/2F,エコロアテナ,2025-08-17,牝3,3
2025-11-15,pw01dud102023102982/46,エコロアビス,2025-11-15,牝2,2
2025-07-26,pw01dud102023103184/93,エコロアルバ,2025-12-21,牡2,3
2025-04-13,pw01dud102020110136/86,エコロアレス,2025-11-16,牡5,4
2025-07-06,pw01dud102021110104/FC,エコロエイト,2025-12-13,牡4,6
2025-07-06,pw01dud102022110126/8E,エコロカディス,2025-12-07,牡3,7
2025-11-09,pw01dud102021103484/0E,エコロカレン,2025-12-14,牝4,8
2025-07-20,pw01dud102021110056/01,エコロガイア,2025-12-21,牡4,7
2025-10-19,pw01dud102023100858/B9,エコロガノン,2025-12-20,牡2,4
2025-08-09,pw01dud102023103344/B5,エコロガルダ,2025-10-25,牡2,2
2025-10-04,pw01dud102023110060/77,エコログレン,2025-12-13,牡2,2
2025-06-22,pw01dud102023100961/D5,エコログロウ,2025-06-22,牡2,1
2025-08-02,pw01dud102022101430/A0,エコログロス,2025-08-31,牡3,4
2025-09-06,pw01dud102023110104/14,エコロシード,2025-12-28,牡2,4
2025-04-27,pw01dud102022103497/03,エコロジェイド,2025-05-31,牡3,3
2025-08-10,pw01dud102022110108/54,エコロジーク,2025-10-18,牡3,3
2025-03-22,pw01dud102022105602/74,エコロスパーダ,2025-12-06,牡3,5
2025-02-08,pw01dud102022110109/C7,エコロスヴァル,2025-08-24,牡3,4
2025-10-04,pw01dud102023107403/EF,エコロセレナ,2025-12-06,牝2,3
2025-12-06,pw01dud102023106146/06,エコロゼット,2025-12-06,牡2,1
2025-01-05,pw01dud102022105073/31,エコロディノス,2025-12-14,牡3,6
2025-01-06,pw01dud102022105733/48,エコロディーナ,2025-03-29,牝3,2
2025-10-19,pw01dud102019101614/17,エコロデュエル,2025-12-27,牡6,4
2025-05-04,pw01dud102020102731/7D,エコロドゥネス,2025-05-04,牡5,4
2025-11-09,pw01dud102021110131/D3,エコロネオ,2025-12-06,牡4,9
2025-04-26,pw01dud102022105212/C0,エコロハート,2025-11-15,牝3,7
2025-08-10,pw01dud102023104992/34,エコロバロン,2025-10-13,牡2,3
2025-05-11,pw01dud102021105565/70,エコロブルーム,2025-05-11,牡4,2
2025-04-13,pw01dud102021105180/8D,エコロブレス,2025-10-26,牡4,2
2025-01-13,pw01dud102021103713/BE,エコロブレード,2025-04-05,牡4,3
2025-11-09,pw01dud102023110063/D0,エコロボルト,2025-11-09,牡2,2
2025-07-13,pw01dud102021102016/D1,エコロマーズ,2025-12-14,牡4,8
2025-07-19,pw01dud102020102902/22,エコロマーベリック,2025-09-13,せん5,6
2025-08-30,pw01dud102021106102/E2,エコロライジン,2025-12-21,牡4,5
2025-10-11,pw01dud102023105384/D3,エコロラヴァー,2025-12-06,牝2,2
2025-01-12,pw01dud102022101341/F2,エコロルキナ,2025-01-12,牝3,1
2025-04-20,pw01dud102021103976/D9,エコロレイズ,2025-12-28,牡4,10
2025-07-27,pw01dud102022110110/CC,エコロレオナ,2025-11-24,牝3,10
2025-06-22,pw01dud102020101262/3C,エコロレジーナ,2025-12-07,牝5,8
2025-11-15,pw01dud102023103625/9B,エコロレバン,2025-11-15,牝2,1
2025-11-09,pw01dud102023110090/A7,エコロレーヴ,2025-11-09,牡2,4
2025-07-19,pw01dud102022110128/74,エコロヴァイス,2025-08-30,牡3,3
2025-11-22,pw01dud102021101436/C6,エコロヴァルツ,2025-11-22,牡4,6
2025-02-08,pw01dud102021103529/1E,エコロヴァルム,2025-12-13,牡4,10
2025-08-10,pw01dud102023107060/32,エコールナヴァール,2025-10-13,牝2,3
2025-10-26,pw01dud102023104068/FD,エゴンウレア,2025-10-26,牝2,1
2025-12-21,pw01dud102023103755/FC,エシェックオロワ,2025-12-21,牡2,3
2025-11-30,pw01dud102023107216/F6,エジプシャンマウ,2025-11-30,牝2,1
2025-04-20,pw01dud102022101664/FE,エスカラムサ,2025-05-17,牝3,2
2025-07-20,pw01dud102021110069/6A,エスカル,2025-12-21,牡4,5
2025-08-23,pw01dud102023105815/CB,エスカレイト,2025-12-13,牝2,5
2025-07-06,pw01dud102022105255/59,エスキモーギャル,2025-07-06,牝3,5
2025-08-17,pw01dud102019105830/89,エスグラシア,2025-12-21,牝6,11
2025-02-08,pw01dud102022104547/D3,エスケンダンス,2025-02-08,牝3,1
2025-11-23,pw01dud102018106154/81,エスコバル,2025-11-23,せん7,3
2025-08-23,pw01dud102022100301/C3,エスシーボニー,2025-08-23,牝3,5
2025-03-23,pw01dud102021100845/38,エスシーヤマト,2025-03-23,牝4,1
2025-08-16,pw01dud102023104309/A3,エスシーレイジュ,2025-10-26,牝2,4
2025-07-06,pw01dud102022100304/1C,エスシーレベッカ,2025-10-19,牝3,5
2025-04-19,pw01dud102020100130/06,エスジースパークル,2025-05-11,牝5,3
2025-08-31,pw01dud102022105004/34,エスタア,2025-08-31,牡3,3
2025-05-24,pw01dud102022100092/33,エスタトゥイル,2025-06-14,牝3,4
2025-08-17,pw01dud102022105061/3B,エスタンシア,2025-09-13,牝3,8
2025-06-29,pw01dud102019102648/02,エスティメート,2025-09-21,牡6,5
2025-08-17,pw01dud102023103615/8B,エスティヴァリス,2025-12-13,牝2,4
2025-08-16,pw01dud102022101192/53,エストゥペンダ,2025-11-08,牝3,7
2025-08-09,pw01dud102022109091/27,エストソール,2025-08-09,牝3,2
2025-02-15,pw01dud102021106587/65,エストレヤデベレン,2025-11-29,牡4,6
2025-07-19,pw01dud102022106535/BB,エスプラネード,2025-07-19,牝3,3
2025-08-16,pw01dud102022103707/06,エスペシャリー,2025-11-08,牝3,8
2025-06-14,pw01dud102019105172/58,エスペラント,2025-07-19,せん6,4
2025-01-11,pw01dud102021101776/99,エスペラード,2025-03-22,牡4,3
2025-07-27,pw01dud102022106990/A0,エスポワールドロワ,2025-08-02,牝3,4
2025-02-15,pw01dud102021105138/D5,エセルフリーダ,2025-11-30,牝4,5
2025-02-01,pw01dud102022103340/5D,エソテリック,2025-02-08,牡3,2
2025-07-27,pw01dud102020103794/25,エゾダイモン,2025-08-23,牡5,4
2025-07-05,pw01dud102017105027/FE,エターナリー,2025-07-05,牡8,4
2025-06-14,pw01dud102023109034/AC,エターナルギア,2025-07-06,牡2,2
2025-07-27,pw01dud102022106737/03,エターナルシルバー,2025-08-31,牡3,7
2025-10-18,pw01dud102023101083/11,エターナルビジョン,2025-12-06,牝2,3
2025-09-21,pw01dud102022104917/67,エターナルプロミス,2025-12-07,牝3,5
2025-04-12,pw01dud102022105626/60,エターナルライズ,2025-04-12,牝3,2
2025-01-12,pw01dud102016102362/39,エターナルヴィテス,2025-01-12,牡9,1
2025-08-30,pw01dud102023102810/BF,エチゴドラゴン,2025-09-20,牡2,3
2025-08-23,pw01dud102021106673/BA,エチャケナ,2025-11-16,牝4,7
2025-01-05,pw01dud102022101654/EE,エッグハント,2025-03-02,牡3,4
2025-08-30,pw01dud102023104540/3A,エッジアキュート,2025-11-09,牡2,3
2025-04-12,pw01dud102020106910/08,エッセレンチ,2025-04-12,牝5,1
2025-11-09,pw01dud102023106914/78,エッチェレンテ,2025-11-09,牡2,1
2025-07-19,pw01dud102022103315/6C,エットトゥカム,2025-08-16,牡3,5
2025-04-20,pw01dud102019105761/FB,エティエンヌ,2025-12-07,せん6,6
2025-05-24,pw01dud102022105459/87,エテオクロス,2025-09-13,牡3,7
2025-07-19,pw01dud102022106344/F6,エテルニータ,2025-11-08,牡3,3
2025-12-14,pw01dud102022107185/36,エテルノレガーメ,2025-12-14,牡3,3
2025-06-28,pw01dud102022104774/0C,エデルクローネ,2025-11-16,牡3,6
2025-08-24,pw01dud102021110027/44,エトヴプレ,2025-08-24,牝4,3
2025-12-14,pw01dud102023107201/A7,エドウィンナルコ,2025-12-14,牡2,1
2025-02-15,pw01dud102022105962/67,エドワードバローズ,2025-11-29,牡3,8
2025-10-19,pw01dud102023105737/A0,エナジーアユ,2025-11-16,牝2,2
2025-05-17,pw01dud102022103286/1E,エナジーガンツ,2025-09-28,牡3,7
2025-06-29,pw01dud102022101425/CF,エナジーショット,2025-12-27,牝3,8
2025-11-15,pw01dud102023106089/6E,エナスティール,2025-11-15,牝2,1
2025-05-04,pw01dud102022101883/0D,エナドライブ,2025-06-15,牝3,4
2025-08-03,pw01dud102019100094/82,エナハツホ,2025-10-26,牝6,7
2025-08-03,pw01dud102022104676/C1,エニグマティーク,2025-08-03,牝3,3
2025-01-05,pw01dud102022107346/CB,エニーサンダー,2025-03-23,牡3,2
2025-07-13,pw01dud102022104976/54,エヌマエリシュ,2025-10-26,牡3,4
2025-01-18,pw01dud102022101279/89,エネルゲイア,2025-01-18,牡3,1
2025-08-31,pw01dud102022104685/5E,エネルジコ,2025-10-26,牡3,4
2025-01-19,pw01dud102021105396/B1,エノラブエナ,2025-01-19,牡4,1
2025-11-16,pw01dud102023104397/4D,エバイダンス,2025-12-07,牝2,4
2025-07-12,pw01dud102022100709/1F,エバーグリーン,2025-07-12,牡3,6
2025-10-04,pw01dud102022105032/7E,エバーグルーヴ,2025-11-22,牝3,8
2025-06-22,pw01dud102023107217/69,エバーグレイト,2025-06-22,牝2,1
2025-08-16,pw01dud102023106919/B7,エバーシャンティ,2025-08-16,牝2,2
2025-08-17,pw01dud102022104686/D1,エバーステイ,2025-11-15,牝3,5
2025-08-09,pw01dud102020103240/14,エバーハピネス,2025-12-07,牝5,9
2025-03-29,pw01dud102019104674/44,エバーハンティング,2025-04-06,牝6,2
2025-09-06,pw01dud102023104764/88,エバーラスト,2025-09-06,牡2,1
2025-05-10,pw01dud102017100464/FE,エヒト,2025-05-10,牡8,3
2025-11-16,pw01dud102023103138/0F,エビュレンス,2025-11-24,牡2,2
2025-03-16,pw01dud102022106927/55,エピストゥラ,2025-03-16,牝3,1
2025-10-18,pw01dud102023106999/37,エピッククイーン,2025-10-18,牝2,1
2025-08-16,pw01dud102022105268/C2,エピックサイクル,2025-08-16,牝3,5
2025-09-28,pw01dud102023107285/F3,エピックフライト,2025-09-28,牡2,1
2025-02-22,pw01dud102021102710/76,エピファドール,2025-02-22,牝4,2
2025-05-17,pw01dud102019105532/DC,エピファニー,2025-05-17,牡6,2
2025-07-26,pw01dud102022105126/6B,エピファランド,2025-09-07,牝3,7
2025-01-26,pw01dud102019105209/3E,エピプランセス,2025-01-26,牝6,1
2025-08-10,pw01dud102022105221/5D,エファセデリエール,2025-08-10,牝3,5
2025-05-10,pw01dud102022103419/69,エファルジェント,2025-08-02,牝3,4
2025-04-27,pw01dud102021109016/5A,エフエイト,2025-12-28,牡4,8
2025-07-27,pw01dud102021100564/52,エフォートレス,2025-11-15,牡4,8
2025-10-04,pw01dud102023105600/1A,エフティヴェント,2025-10-26,牡2,2
2025-12-07,pw01dud102023105800/7C,エフハリスト,2025-12-07,牝2,1
2025-11-08,pw01dud102021101443/7D,エブライト,2025-11-08,牝4,6
2025-08-17,pw01dud102023102902/C6,エブリデイ,2025-09-27,牡2,3
2025-01-19,pw01dud102021104649/5E,エブリモーメント,2025-10-12,牡4,5
2025-11-29,pw01dud102023106940/DC,エブリーポッシブル,2025-11-29,牝2,2
2025-06-29,pw01dud102022102264/29,エベリンテソーロ,2025-11-22,牝3,6
2025-08-09,pw01dud102023102889/3A,エボニードール,2025-12-13,牝2,7
2025-05-18,pw01dud102021105865/03,エボルヴィング,2025-12-21,牡4,7
2025-01-11,pw01dud102022104636/81,エポエポサン,2025-09-13,牡3,5
2025-11-16,pw01dud102022101532/B7,エポカスピーガ,2025-12-06,牝3,7
2025-08-03,pw01dud102022107233/31,エポカリーナ,2025-12-13,牡3,15
2025-12-28,pw01dud102021104153/C7,エポックヴィーナス,2025-12-28,牝4,8
2025-05-17,pw01dud102022104620/BF,エポナ,2025-10-04,牝3,4
2025-04-27,pw01dud102022101063/65,エマダイヤモンド,2025-06-01,牝3,4
2025-07-26,pw01dud102020103280/54,エマヌエーレ,2025-12-28,牡5,9
2025-05-10,pw01dud102022105616/50,エマリオンレイ,2025-05-10,牝3,4
2025-08-09,pw01dud102022105448/04,エマージェンス,2025-09-13,牡3,7
2025-08-03,pw01dud102023103800/9E,エマープ,2025-12-06,牡2,4
2025-08-17,pw01dud102020102751/9D,エミサキホコル,2025-09-14,牡5,5
2025-08-24,pw01dud102022109102/3B,エミネンス,2025-08-24,牡3,3
2025-07-26,pw01dud102022105327/40,エミネントキャリア,2025-07-26,牝3,4
2025-06-22,pw01dud102023100428/C5,エミフルソウタ,2025-11-08,牡2,4
2025-03-08,pw01dud102020105631/19,エミュー,2025-03-08,牝5,2
2025-10-12,pw01dud102023103834/9A,エムアイプレスト,2025-11-16,牝2,2
2025-06-01,pw01dud102022105105/D8,エムズ,2025-06-01,牡3,3
2025-08-09,pw01dud102022101493/59,エムズオルフェ,2025-09-06,牝3,4
2025-08-17,pw01dud102022101176/FF,エムズドリーム,2025-08-17,牡3,4
2025-11-24,pw01dud102023107127/48,エムズビギン,2025-11-24,牡2,2
2025-01-13,pw01dud102020101641/6D,エムズマインド,2025-05-25,牡5,2
2025-02-02,pw01dud102022104234/D7,エムティエスターテ,2025-05-17,牡3,6
2025-08-09,pw01dud102022100427/C6,エムティキング,2025-08-09,牡3,6
2025-06-21,pw01dud102022100463/3A,エムティヒララ,2025-06-29,牝3,3
2025-08-30,pw01dud102023101551/F0,エムティリオ,2025-08-30,牝2,1
2025-11-16,pw01dud102023104757/D1,エムノビアンカ,2025-11-16,牝2,1
2025-07-05,pw01dud102023100630/9F,エムフォー,2025-12-28,牡2,2
2025-04-12,pw01dud102022100967/FB,エメラルドシティー,2025-07-05,牝3,3
2025-12-14,pw01dud102023106758/22,エメラルドテソーロ,2025-12-14,牝2,1
2025-01-26,pw01dud102020110055/02,エメラルドビーチ,2025-03-15,牡5,2
2025-08-03,pw01dud102022102795/C1,エメラルドライン,2025-08-03,牝3,2
2025-02-23,pw01dud102022106423/94,エメラルドラグーン,2025-07-27,牡3,8
2025-01-25,pw01dud102022102765/91,エメラルハッピー,2025-01-25,牝3,1
2025-09-06,pw01dud102022100135/5D,エメラヴィ,2025-12-21,牝3,4
2025-02-22,pw01dud102020103120/C3,エメリヨン,2025-04-20,牝5,2
2025-08-09,pw01dud102019104907/C0,エメヴィベール,2025-08-09,牡6,3
2025-08-02,pw01dud102021105442/C6,エラトー,2025-08-02,牝4,3
2025-12-07,pw01dud102023110006/C9,エラルディーク,2025-12-07,牝2,1
2025-08-09,pw01dud102021105453/49,エラン,2025-11-09,牡4,8
2025-07-20,pw01dud102020104429/50,エランティス,2025-08-03,牝5,4
2025-06-21,pw01dud102022110060/EB,エリカアンディーヴ,2025-11-02,牝3,4
2025-05-25,pw01dud102022103205/2B,エリカエクスプレス,2025-11-16,牝3,6
2025-07-19,pw01dud102021105814/40,エリカエスティーム,2025-07-19,牝4,2
2025-08-23,pw01dud102021105485/5F,エリカカリーナ,2025-12-06,牝4,5
2025-07-05,pw01dud102019105286/65,エリカコレクト,2025-07-05,牝6,4
2025-11-24,pw01dud102021103732/6B,エリカサファイア,2025-11-24,牝4,3
2025-08-16,pw01dud102022103054/A6,エリカサンタモニカ,2025-08-16,牝3,4
2025-08-30,pw01dud102020104123/0B,エリカドリーム,2025-12-27,牝5,5
2025-08-10,pw01dud102023102608/E5,エリカビアリッツ,2025-08-30,牝2,2
2025-07-19,pw01dud102022100726/E6,エリカブルージュ,2025-07-19,牝3,3
2025-11-15,pw01dud102022103781/D4,エリカマユーリ,2025-12-20,牝3,4
2025-03-15,pw01dud102022102797/A7,エリカマルセイユ,2025-08-17,牝3,4
2025-11-22,pw01dud102021105478/A8,エリカリーシャン,2025-11-22,牝4,2
2025-04-13,pw01dud102019105448/6D,エリカヴィータ,2025-10-19,牝6,5
2025-04-20,pw01dud102021110106/E2,エリカヴェネチア,2025-12-21,牝4,7
2025-11-08,pw01dud102021110058/E7,エリカヴェローナ,2025-11-08,牝4,1
2025-06-01,pw01dud102022105099/03,エリキング,2025-10-26,牡3,4
2025-12-20,pw01dud102023106545/57,エリザベスタウン,2025-12-20,牝2,1
2025-04-19,pw01dud102022106403/74,エリジブル,2025-05-10,牡3,4
2025-04-12,pw01dud102022105200/CA,エリセイラ,2025-06-29,牝3,4
2025-03-15,pw01dud102022103534/7B,エリタージュソング,2025-08-31,牝3,3
2025-05-18,pw01dud102020105760/07,エリダヌス,2025-11-30,牝5,6
2025-04-20,pw01dud102022101492/E6,エリナ,2025-11-29,牝3,8
2025-08-31,pw01dud102023103908/67,エリプティクカーブ,2025-11-02,牡2,2
2025-09-06,pw01dud102020102803/64,エリム,2025-11-24,牝5,8
2025-11-08,pw01dud102023103467/5F,エリュグレイス,2025-11-08,牝2,1
2025-05-25,pw01dud102022101212/04,エリュテイア,2025-09-13,牝3,6
2025-07-06,pw01dud102020105361/B6,エリンアキレウス,2025-11-16,牡5,7
2025-11-08,pw01dud102023103226/4A,エリースノー,2025-11-08,牝2,1
2025-07-27,pw01dud102020102734/D6,エリーズダイヤ,2025-12-28,牝5,8
2025-08-23,pw01dud102022105030/98,エリーナストーム,2025-09-13,牝3,6
2025-12-20,pw01dud102023103227/BD,エリーニック,2025-12-20,牝2,1
2025-07-20,pw01dud102023100787/45,エルアン,2025-11-16,牡2,4
2025-04-26,pw01dud102022101060/0C,エルオレンス,2025-12-28,牡3,6
2025-11-15,pw01dud102022104775/7F,エルオンセ,2025-12-13,牝3,6
2025-03-30,pw01dud102022103496/90,エルクレスタワー,2025-05-04,牡3,4
2025-07-06,pw01dud102019102044/10,エルゲルージ,2025-10-26,牡6,4
2025-08-16,pw01dud102022100933/FF,エルサトアナ,2025-12-20,牝3,12
2025-11-16,pw01dud102018104512/41,エルディアブロ,2025-11-30,牡7,5
2025-10-05,pw01dud102020100680/4B,エルトンバローズ,2025-12-28,牡5,4
2025-01-06,pw01dud102022106784/FA,エルドジュリエーネ,2025-03-15,牝3,2
2025-08-16,pw01dud102023106347/DB,エルドラド,2025-12-20,牡2,5
2025-08-03,pw01dud102023106930/CC,エルナト,2025-12-28,牡2,3
2025-12-06,pw01dud102023107169/6E,エルハーベン,2025-12-06,牡2,1
2025-07-27,pw01dud102022105145/18,エルバステラ,2025-07-27,牝3,4
2025-08-23,pw01dud102022104021/0C,エルピーゾ,2025-08-23,牝3,6
2025-12-20,pw01dud102023103842/C4,エルファリス,2025-12-20,牝2,1
2025-08-31,pw01dud102022104010/89,エルフェニックス,2025-08-31,牡3,4
2025-05-17,pw01dud102021105616/C4,エルフストラック,2025-11-23,牝4,8
2025-04-13,pw01dud102020101586/BB,エルフレスアリー,2025-07-05,牝5,3
2025-05-11,pw01dud102021101605/85,エルプロフェッサー,2025-05-11,牝4,5
2025-06-22,pw01dud102022105601/01,エルマーゴ,2025-11-08,牡3,3
2025-10-13,pw01dud102023103898/C6,エルミー,2025-10-13,牝2,1
2025-11-08,pw01dud102022104678/A7,エルムラント,2025-11-08,牡3,3
2025-11-22,pw01dud102023101602/44,エルモサカスターノ,2025-11-22,牝2,1
2025-04-19,pw01dud102022105536/3F,エルモサメロディア,2025-09-06,牝3,4
2025-06-14,pw01dud102022105304/C7,エルモッソペンドロ,2025-06-29,牡3,3
2025-05-03,pw01dud102022105186/CB,エルモドンナ,2025-07-19,牝3,4
2025-10-05,pw01dud102023100614/4B,エルリオ,2025-10-05,牝2,2
2025-12-06,pw01dud102023110098/3F,エルル,2025-12-06,牝2,1
2025-11-22,pw01dud102023104086/37,エルヴ,2025-12-07,牝2,3
2025-12-07,pw01dud102023103573/D4,エルヴィッタ,2025-12-07,牝2,1
2025-08-03,pw01dud102022103705/20,エレガンシア,2025-12-14,牝3,9
2025-03-15,pw01dud102022105515/AC,エレガンスドパリ,2025-06-22,牝3,3
2025-01-11,pw01dud102021105300/6F,エレガントウインク,2025-09-07,牝4,3
2025-12-21,pw01dud102023107526/99,エレガントファラオ,2025-12-21,牝2,1
2025-07-12,pw01dud102022106188/A0,エレガントプルーフ,2025-07-12,牡3,3
2025-01-13,pw01dud102020103643/31,エレガントムーン,2025-12-13,牝5,6
2025-07-13,pw01dud102021104995/75,エレクトリックブギ,2025-11-24,牡4,6
2025-03-29,pw01dud102022104701/43,エレクトリファイド,2025-03-29,牡3,2
2025-07-06,pw01dud102023106608/A1,エレクトロン,2025-12-20,牡2,8
2025-05-03,pw01dud102022104565/0D,エレパイオ,2025-05-03,牝3,3
2025-08-31,pw01dud102022101382/A5,エレレラナキラ,2025-08-31,牡3,8
2025-11-02,pw01dud102023100912/F8,エレーデサンライズ,2025-11-02,牝2,1
2025-12-06,pw01dud102023106993/85,エロイーズ,2025-12-06,牝2,2
2025-06-14,pw01dud102023101101/DC,エンカウンターベイ,2025-12-14,牝2,3
2025-07-20,pw01dud102022102400/5F,エンゲルシュピール,2025-08-02,牝3,7
2025-11-09,pw01dud102023104162/7C,エンゲルベルク,2025-11-09,牝2,3
2025-05-03,pw01dud102022103905/82,エンゲージプライド,2025-06-22,牡3,6
2025-01-05,pw01dud102022103411/D1,エンジェライト,2025-03-02,牝3,3
2025-10-05,pw01dud102023104979/39,エンジェルグラース,2025-10-26,牝2,3
2025-02-02,pw01dud102022104152/E0,エンジェルトリガー,2025-02-02,牝3,1
2025-04-27,pw01dud102022104418/E5,エンジェルブリーズ,2025-12-20,牝3,4
2025-10-12,pw01dud102023104390/28,エンジェルボイス,2025-10-12,牡2,1
2025-09-06,pw01dud102022104855/90,エンジェルマーク,2025-11-29,牝3,5
2025-02-08,pw01dud102020103269/3F,エンジェルラウンド,2025-02-22,牝5,2
2025-07-26,pw01dud102022110064/B7,エンジェルラダー,2025-07-26,牝3,5
2025-08-03,pw01dud102022102713/5B,エンジョイドライブ,2025-09-07,牡3,9
2025-03-30,pw01dud102022104936/14,エンスエーニョ,2025-12-14,牝3,5
2025-05-04,pw01dud102021100300/C4,エンセリオ,2025-08-02,牝4,6
2025-10-13,pw01dud102023104149/81,エンゼルランプ,2025-10-13,牝2,2
2025-06-08,pw01dud102022104890/91,エンダードラゴン,2025-12-13,牡3,7
2025-10-26,pw01dud102023104082/6B,エンチャンテッド,2025-12-06,牝2,3
2025-05-31,pw01dud102022105417/61,エンチャントリバー,2025-06-21,牝3,2
2025-05-03,pw01dud102021105076/FE,エンツォ,2025-05-03,牡4,2
2025-01-12,pw01dud102020104790/48,エンツォウーノ,2025-03-29,せん5,3
2025-03-15,pw01dud102020103545/E6,エンデミズム,2025-03-15,牡5,1
2025-11-22,pw01dud102017106153/82,エンデュミオン,2025-11-22,牡8,9
2025-05-31,pw01dud102022104962/78,エンデューロ,2025-05-31,牡3,3
2025-11-08,pw01dud102023106019/FE,エントルード,2025-11-08,牡2,1
2025-05-24,pw01dud102022101797/B8,エントロピー,2025-06-01,牝3,2
2025-09-07,pw01dud102019103888/93,エンドウノハナ,2025-10-13,牡6,5
2025-07-13,pw01dud102022104769/3B,エンドレスサマー,2025-07-13,せん3,3
2025-08-03,pw01dud102022102860/83,エンドレスバンカー,2025-09-07,牡3,8
2025-12-14,pw01dud102019100665/EB,エンドレスロード,2025-12-14,牡6,6
2025-06-28,pw01dud102019103081/E6,エンドロール,2025-06-28,牡6,5
2025-04-19,pw01dud102022105249/15,エンハンス,2025-06-21,牡3,2
2025-01-25,pw01dud102019105571/A9,エンパイアウエスト,2025-01-25,牝6,1
2025-07-06,pw01dud102021100833/42,エンピリカルルール,2025-07-19,牝4,2
2025-08-16,pw01dud102020103007/97,エンファサイズ,2025-11-23,牡5,4
2025-11-15,pw01dud102023100144/86,エンブルーシャ,2025-11-15,牝2,1
2025-02-02,pw01dud102022105410/3C,エンブレイスメント,2025-07-05,牝3,3
2025-11-08,pw01dud102021110134/2C,エンブレムボム,2025-11-23,牡4,3
2025-02-15,pw01dud102022105185/58,エンブロイダリー,2025-10-19,牝3,4
2025-08-09,pw01dud102022107254/C4,エンプレスフレーム,2025-12-28,牝3,10
2025-05-18,pw01dud102020103779/44,エンプレスペイ,2025-11-15,牝5,6
2025-07-27,pw01dud102022104824/ED,エンベッカ,2025-10-25,牝3,6
2025-08-23,pw01dud102022106691/80,エンペラーズソード,2025-11-23,せん3,9
2025-02-23,pw01dud102020101547/EE,エンペラーワケア,2025-02-23,牡5,1
2025-10-19,pw01dud102022102956/56,エンマ,2025-12-20,牡3,10
2025-09-28,pw01dud102021101737/CC,エンヤラヴフェイス,2025-12-13,牡4,7
2025-06-28,pw01dud102023110040/57,エンヴィーミー,2025-11-16,牝2,5
2025-08-02,pw01dud102023105792/C1,エンヴェロップ,2025-08-02,牝2,1
2025-08-31,pw01dud102023102864/DB,エヴァラック,2025-09-20,牡2,2
2025-08-03,pw01dud102021105689/8D,エヴァンスウィート,2025-12-21,牝4,5
2025-11-24,pw01dud102023103345/28,エヴァンスベイ,2025-11-24,牝2,1
2025-02-16,pw01dud102019106932/8F,エヴィダンシア,2025-02-16,牡6,1
2025-12-21,pw01dud102023106997/51,エヴィーヴァ,2025-12-21,牝2,1
2025-06-29,pw01dud102022102738/BA,エーオーキング,2025-11-24,牡3,6
2025-08-30,pw01dud102022105544/69,エーグルドール,2025-08-30,牡3,3
2025-05-25,pw01dud102021102098/37,エースアビリティ,2025-12-20,牡4,9
2025-12-06,pw01dud102023103287/1D,エースフライト,2025-12-28,牡2,2
2025-11-01,pw01dud102020101677/4F,エーティータキオン,2025-12-21,牡5,4
2025-08-24,pw01dud102019105859/B4,エーティーマクフィ,2025-11-30,牡6,6
2025-04-27,pw01dud102021105321/02,エーデル,2025-12-21,牝4,7
2025-03-29,pw01dud102020102329/41,エーデルサンライズ,2025-10-19,牝5,6
2025-08-24,pw01dud102023103370/19,エーデルゼーレ,2025-09-28,牡2,2
2025-10-12,pw01dud102023103047/7B,エーデルハイ,2025-10-12,牝2,2
2025-07-19,pw01dud102022101092/22,エーデルムート,2025-07-19,牝3,5
2025-08-03,pw01dud102022100779/8F,エーデルワイス,2025-09-15,牝3,5
2025-08-09,pw01dud102022104647/04,エーデルヴェーグ,2025-11-01,牝3,5
2025-12-14,pw01dud102021104876/97,エートラックス,2025-12-14,牡4,3
2025-04-13,pw01dud102022110155/4B,エーピーポエティス,2025-09-14,牝3,4
2025-08-02,pw01dud102018106314/A3,エープラス,2025-11-15,牝7,4
2025-05-25,pw01dud102021104856/77,エーリアル,2025-06-15,牝4,5
2025-11-08,pw01dud102020103301/78,エーリチェ,2025-11-08,牝5,1
2025-02-15,pw01dud102019101416/9B,エールトゥヘヴン,2025-12-07,牡6,9
2025-11-02,pw01dud102023100375/8B,エールドリー,2025-11-29,牝2,2
2025-08-17,pw01dud102022105834/EC,エールラヴィクトワ,2025-09-13,牝3,6
2025-05-24,pw01dud102020102738/A2,エールレヴリー,2025-08-30,牝5,6
2025-03-29,pw01dud102022104225/3A,エールヴィリース,2025-06-22,牡3,5
2025-01-13,pw01dud102022105886/22,エールヴェガ,2025-05-10,牝3,3
2025-08-03,pw01dud102023102459/46,オアシスアラン,2025-12-27,牡2,4
2025-01-13,pw01dud102021103583/CC,オアシスドール,2025-03-15,牝4,2
2025-05-03,pw01dud102022109141/08,オアシスブリーズ,2025-05-03,牝3,1
2025-01-25,pw01dud102022106008/EF,オイセサン,2025-03-22,牝3,2
2025-04-27,pw01dud102022102475/0E,オイナリサン,2025-04-27,牡3,1
2025-09-07,pw01dud102022103192/31,オイランブチ,2025-09-07,牝3,3
2025-08-16,pw01dud102020106873/90,オウギノカナメ,2025-11-01,牡5,5
2025-11-01,pw01dud102021103017/33,オウケンシルヴァー,2025-12-14,牡4,10
2025-10-13,pw01dud102023106936/7E,オウケンハニー,2025-10-13,牝2,1
2025-08-17,pw01dud102021103010/0E,オウケンベリー,2025-08-17,牝4,1
2025-02-02,pw01dud102019103827/C0,オウケンボルト,2025-12-28,牡6,9
2025-10-18,pw01dud102021105451/63,オウケンヴィーナス,2025-11-24,牝4,6
2025-01-26,pw01dud102021105606/B4,オウバイトウリ,2025-03-29,牝4,2
2025-01-05,pw01dud102022101817/69,オオイリブクロ,2025-01-05,牡3,1
2025-01-06,pw01dud102019100675/FB,オオキニ,2025-01-25,牡6,2
2025-07-19,pw01dud102021101793/60,オオゾラヒバリ,2025-11-08,牝4,7
2025-07-26,pw01dud102022101234/0A,オオタチ,2025-11-15,牡3,9
2025-02-09,pw01dud102021110004/CB,オオタニサーン,2025-02-09,牡4,2
2025-12-14,pw01dud102023103919/EA,オオツカ,2025-12-14,牡2,2
2025-08-31,pw01dud102022100361/23,オオデンタ,2025-09-14,牡3,2
2025-05-03,pw01dud102021107173/B4,オオナミコナミ,2025-05-03,牝4,3
2025-05-03,pw01dud102020104243/5C,オオバンブルマイ,2025-05-03,牡5,2
2025-05-03,pw01dud102022104068/71,オカゲサン,2025-07-26,牡3,6
2025-02-15,pw01dud102022104055/08,オカノマルコチャン,2025-04-12,牝3,2
2025-06-15,pw01dud102022106698/A5,オカメノコイ,2025-12-21,牝3,6
2025-08-10,pw01dud102022100220/3F,オキョンピー,2025-09-06,牡3,9
2025-08-10,pw01dud102020103132/B9,オクタヴィアヌス,2025-10-13,牡5,2
2025-11-29,pw01dud102023103962/15,オクトーバーナイン,2025-12-21,牡2,2
2025-09-27,pw01dud102023103241/2B,オグナ,2025-09-27,牡2,1
2025-06-29,pw01dud102020101265/95,オコジュ,2025-11-08,牝5,11
2025-08-10,pw01dud102021105849/AF,オコタンペ,2025-12-06,牡4,11
2025-05-04,pw01dud102022100525/11,オゴオゴ,2025-12-21,牡3,8
2025-04-26,pw01dud102022101727/48,オスカージュディ,2025-04-26,牝3,1
2025-11-24,pw01dud102019103208/ED,オステリア,2025-11-24,牡6,9
2025-06-28,pw01dud102022105456/2E,オストラヴァ,2025-12-28,牡3,4
2025-07-12,pw01dud102023110048/EF,オスロクィーン,2025-10-19,牝2,2
2025-08-31,pw01dud102021104145/9D,オセアエクスプレス,2025-11-16,牡4,10
2025-02-09,pw01dud102018102362/51,オセアダイナスティ,2025-02-09,牡7,1
2025-05-31,pw01dud102020100060/05,オセアバトルプラン,2025-12-21,牡5,6
2025-10-12,pw01dud102023105962/F3,オセアフェアモント,2025-12-13,牡2,2
2025-05-25,pw01dud102020102044/8F,オセアフラッグ,2025-12-27,牡5,4
2025-05-18,pw01dud102022104178/B2,オセアフランケル,2025-05-18,せん3,3
2025-05-18,pw01dud102020102578/80,オソルノ,2025-05-18,せん5,3
2025-11-15,pw01dud102021106510/D0,オソレ,2025-12-14,牡4,4
2025-05-11,pw01dud102022106494/77,オタマジャクシ,2025-05-18,牡3,5
2025-07-26,pw01dud102023100611/F2,オタルイーグル,2025-11-29,牡2,4
2025-04-20,pw01dud102019105658/DF,オタルエバー,2025-11-30,牡6,5
2025-05-03,pw01dud102021105289/C9,オタルグリーン,2025-10-26,牝4,7
2025-11-24,pw01dud102023100892/47,オダイ,2025-12-14,牝2,2
2025-12-28,pw01dud102023105810/8C,オックスアイ,2025-12-28,牡2,1
2025-03-29,pw01dud102020103238/9C,オックスリップ,2025-05-04,牝5,3
2025-01-19,pw01dud102022101707/28,オッシレイション,2025-06-15,牝3,3
2025-05-24,pw01dud102022106435/8A,オッスイレブン,2025-09-07,牝3,2
2025-08-10,pw01dud102023102457/60,オッハッピー,2025-11-22,牝2,6
2025-12-27,pw01dud102023106165/B3,オッピポイカ,2025-12-27,牡2,1
2025-10-19,pw01dud102023109104/AD,オテモヤン,2025-12-28,牝2,6
2025-06-28,pw01dud102023103913/38,オテンバプリンセス,2025-06-28,牝2,1
2025-03-30,pw01dud102022101925/C4,オデット,2025-10-25,牝3,7
2025-01-05,pw01dud102021102727/AB,オトコギアンパン,2025-10-19,牡4,8
2025-07-06,pw01dud102023105093/DD,オトコノロマン,2025-07-20,牡2,2
2025-11-08,pw01dud102023102283/62,オトシダマ,2025-12-14,牝2,4
2025-11-22,pw01dud102022110088/A3,オトメナシャチョウ,2025-11-22,牝3,4
2025-11-02,pw01dud102023103816/60,オドラタス,2025-11-02,牝2,1
2025-08-03,pw01dud102022102756/F4,オドラニャソンソン,2025-08-31,牡3,14
2025-08-23,pw01dud102023106942/C2,オドワローズ,2025-11-02,牝2,3
2025-11-16,pw01dud102023102525/7B,オニノウタゲ,2025-11-16,牝2,1
2025-04-20,pw01dud102022100355/DF,オニマル,2025-06-07,牡3,3
2025-08-03,pw01dud102022100242/45,オニムシャ,2025-09-15,牡3,8
2025-07-13,pw01dud102019104756/3B,オニャンコポン,2025-12-13,せん6,7
2025-03-02,pw01dud102022100494/DD,オハナフリューゲル,2025-03-02,牝3,1
2025-04-13,pw01dud102020109129/68,オバケノキンタ,2025-05-03,牡5,5
2025-10-26,pw01dud102023106756/3C,オパールテソーロ,2025-11-01,牝2,2
2025-04-19,pw01dud102022100073/86,オビドス,2025-08-17,牡3,7
2025-10-05,pw01dud102023102105/97,オフクマメ,2025-12-21,牝2,3
2025-07-26,pw01dud102022100662/29,オフザチェイン,2025-08-31,牝3,3
2025-07-27,pw01dud102021110031/A2,オフトレイル,2025-11-23,牡4,6
2025-04-27,pw01dud102020100307/5D,オブシディアン,2025-12-21,牡5,9
2025-04-20,pw01dud102022102994/B0,オブシディアーナ,2025-08-03,牝3,6
2025-09-06,pw01dud102023100237/00,オブラプリーマ,2025-12-06,牝2,3
2025-03-16,pw01dud102022105003/C1,オブラマエストラ,2025-12-06,牡3,5
2025-02-23,pw01dud102022100289/AA,オプティクス,2025-07-06,牡3,4
2025-12-13,pw01dud102023104805/CC,オプティモ,2025-12-13,牡2,2
2025-07-19,pw01dud102022105365/9A,オプレントジュエル,2025-11-22,牝3,8
2025-07-19,pw01dud102021102952/FE,オベイユアマスター,2025-12-21,せん4,7
2025-05-25,pw01dud102021104784/90,オペラプラージュ,2025-12-07,牡4,4
2025-01-11,pw01dud102020104144/9E,オマツリオトコ,2025-01-11,牡5,1
2025-06-14,pw01dud102021110078/07,オメガインペリアル,2025-06-28,牡4,4
2025-08-24,pw01dud102021103559/4E,オメガウインク,2025-11-01,牝4,6
2025-08-09,pw01dud102022105270/3A,オメガエクレール,2025-08-09,牝3,2
2025-02-02,pw01dud102020103960/8B,オメガキャプテン,2025-11-15,牡5,4
2025-10-04,pw01dud102020102904/08,オメガギネス,2025-11-15,牡5,5
2025-01-13,pw01dud102022106537/A1,オメガショータイム,2025-02-02,牡3,2
2025-03-09,pw01dud102020103892/70,オメガシンフォニー,2025-03-09,牝5,1
2025-12-06,pw01dud102022105292/40,オメガストリーム,2025-12-06,牝3,5
2025-03-16,pw01dud102022106532/62,オメガセレナーデ,2025-07-12,牝3,3
2025-05-03,pw01dud102020102988/54,オメガタキシード,2025-11-24,せん5,7
2025-11-02,pw01dud102023105255/E5,オメガディコン,2025-12-27,牡2,2
2025-07-26,pw01dud102022105253/73,オメガドライヴ,2025-12-20,牡3,5
2025-11-24,pw01dud102021105247/A3,オメガナビゲーター,2025-11-24,せん4,3
2025-11-16,pw01dud102023105245/D5,オメガヒストリー,2025-12-14,牡2,3
2025-01-11,pw01dud102022103589/0A,オメガフリーク,2025-01-11,せん3,1
2025-08-03,pw01dud102022103586/B1,オラリオン,2025-09-15,牡3,7
2025-08-23,pw01dud102021101409/EF,オランジェロ,2025-08-23,牝4,1
2025-01-05,pw01dud102020103375/B4,オランジー,2025-01-05,牝5,1
2025-06-14,pw01dud102023103689/C7,オラヴィンリンナ,2025-12-07,牝2,4
2025-09-21,pw01dud102019102376/B9,オリ,2025-09-21,牡6,1
2025-05-04,pw01dud102018106612/50,オリアメンディ,2025-11-09,牝7,7
2025-11-09,pw01dud102023101564/59,オリエンタルガール,2025-12-07,牝2,2
2025-04-13,pw01dud102019100069/91,オリエンタルキング,2025-06-29,牡6,5
2025-05-10,pw01dud102021104751/07,オリエンタルナイト,2025-12-07,牡4,5
2025-07-12,pw01dud102022105132/AF,オリオアルセーリオ,2025-12-27,牝3,5
2025-09-27,pw01dud102023100625/CE,オリジナルアポジー,2025-12-20,牡2,2
2025-08-17,pw01dud102022102906/06,オリジナルファイン,2025-09-21,牝3,9
2025-05-31,pw01dud102022100381/43,オリバナム,2025-11-01,牝3,5
2025-10-25,pw01dud102023103612/32,オリヒメボシ,2025-10-25,牝2,1
2025-01-13,pw01dud102022103123/34,オリビアサンライズ,2025-08-17,牝3,6
2025-05-25,pw01dud102020100714/D8,オリビアジュテーム,2025-12-20,牝5,3
2025-01-11,pw01dud102020102013/EC,オリンポスカズマ,2025-12-28,牡5,3
2025-11-24,pw01dud102022101068/A4,オリージネアリア,2025-11-24,牝3,5
2025-05-03,pw01dud102022105694/EA,オリーブグリーン,2025-12-21,牡3,8
2025-04-19,pw01dud102021105739/6E,オリーボーレン,2025-10-11,牝4,9
2025-08-23,pw01dud102022104875/B0,オルグジェシダ,2025-11-24,牝3,7
2025-08-30,pw01dud102021110147/95,オルゴーリオ,2025-11-16,せん4,5
2025-07-06,pw01dud102020102918/E4,オルソビアンコ,2025-10-11,牝5,5
2025-01-12,pw01dud102022103024/76,オルティジア,2025-09-13,牡3,3
2025-01-05,pw01dud102021105056/DE,オルトパラティウム,2025-12-14,牡4,3
2025-08-10,pw01dud102023107288/4C,オルネーロ,2025-10-26,牡2,2
2025-06-14,pw01dud102020103929/56,オルノア,2025-12-21,牝5,6
2025-12-14,pw01dud102023101235/09,オルビスケリー,2025-12-14,牝2,1
2025-07-27,pw01dud102020102718/82,オルフェスト,2025-07-27,牝5,4
2025-10-25,pw01dud102023105642/40,オルフセン,2025-12-27,牡2,3
2025-10-25,pw01dud102023101644/6A,オルブライト,2025-12-20,牡2,4
2025-07-26,pw01dud102022103731/84,オルペラー,2025-07-26,牡3,2
2025-07-27,pw01dud102022105986/53,オルミラベル,2025-07-27,牝3,4
2025-06-28,pw01dud102022105820/10,オルロジェール,2025-08-24,牝3,5
2025-11-30,pw01dud102023100395/AB,オルン,2025-11-30,牝2,1
2025-08-02,pw01dud102018101243/84,オレデイイノカ,2025-12-07,牡7,7
2025-12-14,pw01dud102020105472/6A,オレノアイバ,2025-12-14,牡5,6
2025-01-19,pw01dud102022105976/43,オレノナオミ,2025-04-27,牝3,3
2025-09-06,pw01dud102023104392/0E,オレンジキャンパス,2025-09-06,牝2,1
2025-01-25,pw01dud102022101609/DD,オレンジジュース,2025-02-22,牝3,2
2025-08-17,pw01dud102023102640/8D,オレンジフィールド,2025-12-21,牝2,4
2025-07-19,pw01dud102023103727/B2,オレンジリバー,2025-12-21,牝2,3
2025-08-31,pw01dud102022105395/CA,オロスコピオ,2025-09-20,牝3,7
2025-07-26,pw01dud102022102567/15,オロパタジン,2025-11-22,牡3,9
2025-07-27,pw01dud102022106754/CA,オンクラウドナイン,2025-08-30,牡3,10
2025-08-02,pw01dud102022100423/FA,オンサイト,2025-08-02,牡3,5
2025-03-23,pw01dud102020103055/01,オンザスカイ,2025-03-23,牡5,1
2025-09-07,pw01dud102022105798/E7,オンザスクエア,2025-11-30,牝3,7
2025-02-22,pw01dud102019104621/9B,オンザダブル,2025-02-22,牡6,1
2025-08-30,pw01dud102023103399/44,オンザノアール,2025-12-06,牝2,3
2025-08-02,pw01dud102022105377/90,オンザバサラ,2025-08-02,牡3,7
2025-08-23,pw01dud102022104163/63,オンザブルースカイ,2025-12-07,牡3,12
2025-11-30,pw01dud102023100956/04,オンザマーチ,2025-11-30,牝2,1
2025-12-13,pw01dud102023102455/7A,オンザムービー,2025-12-13,牡2,2
2025-03-02,pw01dud102022105971/04,オンザムーブ,2025-07-20,牡3,6
2025-06-29,pw01dud102018104646/6E,オンザライン,2025-11-24,せん7,8
2025-07-12,pw01dud102022102255/8C,オンザレイディオ,2025-07-12,牝3,2
2025-04-13,pw01dud102021105057/51,オンザヴィーナス,2025-11-24,牝4,5
2025-06-21,pw01dud102022101704/CF,オントゥザステージ,2025-06-21,牝3,3
2025-07-26,pw01dud102023100344/E8,オンマイビート,2025-12-14,牡2,5
2025-06-15,pw01dud102019106105/30,オンマガトオル,2025-06-21,牝6,5
2025-05-11,pw01dud102020106394/2E,オンリーラヴ,2025-06-28,牝5,2
2025-01-05,pw01dud102022103627/F5,オーウェンズバレー,2025-09-14,牡3,6
2025-02-10,pw01dud102019105161/D5,オーガスタスカイ,2025-02-10,牝6,1
2025-02-02,pw01dud102022100244/2B,オーガスタフラッグ,2025-03-30,牝3,2
2025-05-25,pw01dud102021103323/0A,オーキッドロマンス,2025-05-25,牡4,3
2025-08-31,pw01dud102023100313/45,オーキッドワン,2025-12-28,牡2,6
2025-12-27,pw01dud102023102492/61,オーキーベルセルク,2025-12-27,牡2,1
2025-08-16,pw01dud102022104883/DA,オーケアニス,2025-10-12,牝3,5
2025-04-20,pw01dud102022104553/17,オーケーエンジェル,2025-12-14,牝3,6
2025-01-11,pw01dud102021102380/22,オーケーカルメン,2025-11-16,牝4,7
2025-10-13,pw01dud102023101880/40,オーケーグリット,2025-11-15,牡2,3
2025-08-17,pw01dud102023104951/81,オーケーグレイス,2025-08-17,牝2,1
2025-03-15,pw01dud102022102872/79,オーケーサイン,2025-03-29,牝3,2
2025-02-08,pw01dud102022101574/DD,オーケースマイル,2025-10-13,牝3,4
2025-01-11,pw01dud102021103823/FF,オーケーソニック,2025-01-11,牝4,1
2025-08-30,pw01dud102022101039/E7,オーケーダイナ,2025-09-07,牝3,8
2025-08-30,pw01dud102023103900/CF,オーケートムボーイ,2025-12-14,牝2,3
2025-04-12,pw01dud102021100980/6A,オーケーバーディー,2025-11-09,牝4,4
2025-07-19,pw01dud102022100432/97,オーケーマヒナ,2025-12-28,牝3,6
2025-05-03,pw01dud102022105349/46,オーサムシャドウ,2025-05-03,牝3,3
2025-08-31,pw01dud102021100557/9B,オーサムストローク,2025-11-15,牡4,7
2025-07-13,pw01dud102020102952/72,オーサムデアラー,2025-11-30,せん5,6
2025-10-18,pw01dud102021104148/F6,オーサムピクチャ,2025-11-01,牝4,9
2025-11-09,pw01dud102021105687/A7,オーサムユニバンス,2025-12-07,牡4,8
2025-08-02,pw01dud102023107206/E6,オーシャンステラ,2025-11-02,牝2,3
2025-05-18,pw01dud102020103538/2F,オーシャントライブ,2025-08-23,せん5,6
2025-10-13,pw01dud102023106154/30,オーシャンドリーム,2025-10-13,牝2,1
2025-01-13,pw01dud102022101541/54,オーシンエイチ,2025-04-12,牡3,2
2025-01-18,pw01dud102022101608/6A,オーシンエス,2025-08-30,牡3,7
2025-03-16,pw01dud102021101419/FF,オーシンハーフ,2025-12-13,せん4,7
2025-04-19,pw01dud102022100993/5F,オーシンブーケ,2025-05-24,牝3,5
2025-07-26,pw01dud102022105366/0D,オースミストロング,2025-08-24,牡3,6
2025-03-15,pw01dud102019105860/B9,オースミメッシーナ,2025-11-02,牝6,6
2025-05-10,pw01dud102022103610/C0,オースミライト,2025-10-26,牝3,7
2025-01-25,pw01dud102019102635/99,オースミリン,2025-06-29,牝6,3
2025-07-06,pw01dud102022106345/69,オーセンティアン,2025-07-06,牝3,2
2025-08-16,pw01dud102022106966/22,オータムメモリー,2025-08-16,牝3,2
2025-12-20,pw01dud102023103555/9A,オートカリテ,2025-12-20,牝2,1
2025-06-22,pw01dud102019103010/03,オードゥメール,2025-06-22,牝6,4
2025-02-02,pw01dud102020104678/8F,オードリーバローズ,2025-03-23,牝5,2
2025-05-10,pw01dud102020105734/A3,オーバーザドリーム,2025-08-02,牡5,5
2025-10-19,pw01dud102022106354/06,オーバースタンド,2025-12-06,牡3,5
2025-01-26,pw01dud102022103773/AA,オーバード,2025-01-26,牡3,1
2025-08-10,pw01dud102023104067/8A,オーバーランダー,2025-08-30,牡2,2
2025-10-18,pw01dud102023103915/1E,オーパパ,2025-11-01,牡2,2
2025-07-05,pw01dud102021103095/CD,オーブルクール,2025-07-20,牝4,4
2025-08-24,pw01dud102020103373/CE,オープンファイア,2025-09-06,牡5,5
2025-12-21,pw01dud102023104618/D3,オーベール,2025-12-21,牝2,1
2025-10-26,pw01dud102023105011/77,オーライカモン,2025-12-06,牡2,2
2025-05-18,pw01dud102022100158/D6,オーラエグザート,2025-08-30,牡3,6
2025-06-22,pw01dud102021105479/1B,オールウェズキズナ,2025-07-05,牝4,4
2025-01-25,pw01dud102022104713/39,オールザレイジ,2025-08-10,牝3,4
2025-11-15,pw01dud102017105248/F3,オールザワールド,2025-11-15,牡8,3
2025-08-30,pw01dud102021104971/89,オールセインツ,2025-12-14,牡4,4
2025-06-21,pw01dud102021104891/78,オールデュスヴラン,2025-12-14,牡4,9
2025-05-17,pw01dud102021104846/67,オールナット,2025-12-06,牡4,5
2025-06-15,pw01dud102022103212/E2,オールニッポン,2025-06-15,牝3,4
2025-07-26,pw01dud102020103718/71,オールマイデイズ,2025-12-07,牡5,4
2025-08-02,pw01dud102020100387/DD,オールマキシマム,2025-12-28,牝5,9
2025-05-11,pw01dud102022104841/B4,オーレアミスト,2025-10-13,牡3,7
2025-12-20,pw01dud102023106797/EF,オーロアルジェント,2025-12-20,牝2,2
2025-02-22,pw01dud102020103308/9D,オーロイプラータ,2025-06-29,牡5,4
2025-01-05,pw01dud102022101726/D5,オーロプロサングエ,2025-04-13,牡3,3
2025-04-13,pw01dud102019103162/6A,オーロベルディ,2025-04-13,牝6,1
2025-07-27,pw01dud102019102186/67,オーロラアーク,2025-10-18,牝6,8
2025-08-10,pw01dud102021101387/58,オーロラエックス,2025-11-16,牝4,8
2025-08-24,pw01dud102023103348/81,オーロラボレアリス,2025-12-06,牝2,3
2025-11-15,pw01dud102023101406/AE,オーロヴェント,2025-12-21,牡2,2
2025-07-27,pw01dud102021103232/76,オーロヴェール,2025-07-27,牝4,2
2025-01-13,pw01dud102019104536/B9,カイカノキセキ,2025-01-13,牝6,1
2025-11-15,pw01dud102023106882/D1,カイキアス,2025-12-14,牡2,2
2025-07-20,pw01dud102021102388/BA,カイコウ,2025-10-18,せん4,7
2025-05-25,pw01dud102020106384/1E,カイザーブリッツ,2025-12-13,せん5,5
2025-06-14,pw01dud102023104998/E6,カイショー,2025-12-06,牝2,4
2025-01-18,pw01dud102019103063/AC,カイタロー,2025-07-26,牡6,4
2025-07-26,pw01dud102023102029/52,カイトアザリー,2025-11-02,牝2,4
2025-02-15,pw01dud102021106308/F6,カイトグート,2025-12-14,牝4,9
2025-02-09,pw01dud102022103044/96,カイトベルク,2025-06-21,牡3,4
2025-06-15,pw01dud102022103076/AC,カイトリヒト,2025-06-15,牡3,4
2025-05-18,pw01dud102017100641/E7,カイトレッド,2025-05-31,牝8,5
2025-06-28,pw01dud102023109039/EB,カイトヴァイター,2025-11-15,牡2,4
2025-07-05,pw01dud102022102991/57,カイトヴィント,2025-12-14,牡3,8
2025-07-27,pw01dud102022100777/A9,カイブショウ,2025-07-27,牡3,1
2025-10-05,pw01dud102023104476/EB,カイラーサ,2025-12-28,牡2,2
2025-08-17,pw01dud102022100627/28,カウスリップ,2025-12-28,牝3,7
2025-01-26,pw01dud102022106307/0F,カウニスミエリ,2025-01-26,牝3,1
2025-05-24,pw01dud102021105487/45,カウネウス,2025-05-24,牝4,2
2025-09-07,pw01dud102022104197/5F,カウンターセブン,2025-11-24,牡3,9
2025-05-04,pw01dud102022104121/3D,カウンティフェア,2025-12-14,牝3,9
2025-04-12,pw01dud102021105160/6D,カエルム,2025-11-16,牡4,7
2025-01-06,pw01dud102022103119/D6,カガセブンスター,2025-06-07,牡3,6
2025-07-19,pw01dud102023104751/1F,カガチャンプ,2025-08-16,牡2,2
2025-07-06,pw01dud102022106677/12,カガバベル,2025-12-21,牡3,10
2025-08-16,pw01dud102023103036/F8,カガラプンツェル,2025-08-16,牝2,3
2025-08-24,pw01dud102023101405/3B,カクウチ,2025-12-21,牡2,4
2025-12-20,pw01dud102023106684/55,カゲムシャ,2025-12-20,牡2,1
2025-04-20,pw01dud102021102578/0C,カゲンノツキ,2025-04-20,牝4,3
2025-05-10,pw01dud102022102322/34,カコウガン,2025-05-17,牡3,4
2025-10-19,pw01dud102023100156/7C,カサナルキセキ,2025-11-01,牝2,3
2025-04-13,pw01dud102022105337/50,カサビセンス,2025-09-13,牝3,8
2025-02-08,pw01dud102020104936/FC,カサブランカキッド,2025-12-20,牡5,6
2025-08-02,pw01dud102022104666/B1,カザンラク,2025-10-05,牡3,5
2025-02-23,pw01dud102022100364/7C,カザーナ,2025-02-23,牝3,1
2025-03-23,pw01dud102022106203/12,カシオペア,2025-03-23,牡3,1
2025-08-09,pw01dud102023109127/26,カシノアラート,2025-08-09,牡2,2
2025-04-27,pw01dud102020104175/41,カシノインディード,2025-08-10,牡5,6
2025-01-05,pw01dud102022101935/D4,カシノエイサップ,2025-01-05,牡3,1
2025-02-15,pw01dud102022109146/47,カシノクンプウ,2025-03-02,牡3,2
2025-06-28,pw01dud102023109128/99,カシノサスケ,2025-07-19,牡2,3
2025-08-30,pw01dud102023104795/2B,カシノサルパーレ,2025-11-09,牝2,3
2025-08-31,pw01dud102023105779/C6,カシノスパーク,2025-12-14,牡2,3
2025-10-25,pw01dud102023109129/0C,カシノハンゾウ,2025-11-09,牡2,6
2025-06-29,pw01dud102023109126/B3,カシノフレックス,2025-07-20,牡2,3
2025-07-13,pw01dud102022103490/DE,カシノフロレゾン,2025-07-26,牡3,5
2025-02-08,pw01dud102016100297/99,カシノブレンド,2025-02-08,せん9,1
2025-11-24,pw01dud102023100842/F7,カシノプロスペリテ,2025-12-14,牝2,4
2025-04-13,pw01dud102022109130/85,カシノベティ,2025-04-19,牝3,3
2025-04-26,pw01dud102022102175/7B,カシノメンコチャン,2025-07-13,牝3,4
2025-10-04,pw01dud102023109103/3A,カシノユメミヅキ,2025-10-26,牡2,8
2025-10-18,pw01dud102023100421/A0,カシノリアーナ,2025-10-25,牝2,5
2025-07-26,pw01dud102022101090/3C,カシマスウィープ,2025-07-26,牝3,6
2025-11-09,pw01dud102023105439/F3,カシマライフウ,2025-12-06,牡2,2
2025-06-07,pw01dud102022106625/DC,カシンフウ,2025-06-07,牝3,2
2025-11-09,pw01dud102021106519/DB,カジカライズ,2025-12-14,牡4,2
2025-06-15,pw01dud102019106870/B8,カジュフェイス,2025-06-15,牡6,1
2025-01-13,pw01dud102022107179/F2,カスカナノゾミ,2025-01-13,牝3,1
2025-11-15,pw01dud102023105775/FA,カスタニッチャ,2025-11-15,牝2,1
2025-11-29,pw01dud102023101260/FA,カスターニエ,2025-12-27,牝2,2
2025-12-28,pw01dud102023103397/5E,カステッロトゥーレ,2025-12-28,牝2,1
2025-08-03,pw01dud102022102263/B6,カスバートテソーロ,2025-12-20,牝3,8
2025-01-13,pw01dud102022103401/C1,カスミヅキ,2025-04-05,牡3,2
2025-09-28,pw01dud102021105608/9A,カズゴルティス,2025-11-08,せん4,5
2025-05-11,pw01dud102021101259/DD,カズタンジャー,2025-06-21,牡4,4
2025-07-26,pw01dud102022104381/FF,カズナリ,2025-07-26,牡3,5
2025-07-12,pw01dud102023104442/EF,カズノダイジョウ,2025-11-29,牝2,5
2025-01-06,pw01dud102022106696/BF,カズノマリア,2025-03-29,牝3,3
2025-04-12,pw01dud102019102869/F7,カズプレスト,2025-11-30,牡6,6
2025-01-26,pw01dud102020105585/04,カズペトシーン,2025-03-01,牡5,2
2025-09-21,pw01dud102021105564/FD,カズミクラーシュ,2025-09-21,牡4,1
2025-05-18,pw01dud102019105148/DA,カズラポニアン,2025-06-08,牡6,5
2025-08-16,pw01dud102023104150/86,カセノアステリア,2025-11-15,牝2,4
2025-05-11,pw01dud102022106327/2F,カセノクララ,2025-05-24,牝3,2
2025-10-05,pw01dud102023100541/F1,カセノコンコルド,2025-11-02,牡2,4
2025-11-16,pw01dud102023104154/52,カセノソレイユ,2025-12-14,牡2,2
2025-11-09,pw01dud102023100530/6E,カセノナユタ,2025-11-23,牡2,2
2025-02-16,pw01dud102022110075/3A,カゼニナッテル,2025-06-01,牝3,3
2025-07-05,pw01dud102022107226/7A,カゼノタカトシ,2025-11-29,牡3,6
2025-07-06,pw01dud102023103073/DF,カゼノハゴロモ,2025-10-13,牝2,4
2025-05-17,pw01dud102021106611/74,カゼノランナー,2025-10-19,牡4,5
2025-10-25,pw01dud102023103118/EF,カタッポチャン,2025-11-09,牝2,2
2025-12-13,pw01dud102023105357/FC,カタフラクト,2025-12-13,牡2,1
2025-12-21,pw01dud102023104626/FD,カタリテ,2025-12-21,牡2,2
2025-08-10,pw01dud102023103999/6A,カッサンドラ,2025-11-16,牝2,3
2025-10-13,pw01dud102023107534/C3,カッタッパ,2025-11-01,牡2,3
2025-04-19,pw01dud102020104091/64,カッティングジェム,2025-04-19,牡5,1
2025-07-27,pw01dud102017104266/3E,カップッチョ,2025-12-21,牡8,15
2025-02-16,pw01dud102022101822/3A,カツコノヒヤザケ,2025-02-16,牡3,1
2025-04-19,pw01dud102020105525/A4,カツノテンス,2025-12-13,牡5,10
2025-04-27,pw01dud102022101055/3B,カツノトゥウェルヴ,2025-08-09,牝3,6
2025-01-05,pw01dud102021101461/B7,カツラノキサノキ,2025-12-20,牡4,7
2025-10-25,pw01dud102023103668/34,カテドラルクォーツ,2025-12-27,牡2,3
2025-08-09,pw01dud102021101485/A3,カテリーナ,2025-11-24,牝4,6
2025-08-09,pw01dud102023105200/56,カデナボニータ,2025-08-23,牝2,2
2025-08-31,pw01dud102023103367/2E,カトマンズゴールド,2025-12-06,牝2,3
2025-10-18,pw01dud102023100812/C7,カドドゥディエ,2025-10-18,牝2,1
2025-04-27,pw01dud102022104263/94,カドバンソコヂカラ,2025-08-03,牡3,3
2025-03-30,pw01dud102020103419/51,カナウ,2025-04-12,牡5,2
2025-01-05,pw01dud102020103321/98,カナオールウェイズ,2025-02-22,牡5,3
2025-10-26,pw01dud102023104700/5C,カナタコナタ,2025-12-14,牡2,3
2025-07-27,pw01dud102019105293/1C,カナテープ,2025-11-16,牝6,5
2025-10-05,pw01dud102023104534/F6,カナデライド,2025-10-05,牡2,2
2025-05-03,pw01dud102022101613/3B,カナメイシ,2025-07-20,牝3,4
2025-12-21,pw01dud102023106846/5D,カナルサンマルタン,2025-12-21,牝2,1
2025-05-03,pw01dud102022104877/96,カナルビーグル,2025-05-03,牡3,2
2025-05-04,pw01dud102021104865/14,カニキュル,2025-12-28,牝4,4
2025-01-05,pw01dud102019101055/A4,カネコメシスター,2025-12-06,牝6,6
2025-05-25,pw01dud102021104151/E1,カネコメファミリー,2025-05-25,牝4,5
2025-10-25,pw01dud102023100014/25,カネコメブライト,2025-12-14,牝2,3
2025-07-19,pw01dud102022102790/82,カネショウレジェン,2025-11-30,牡3,6
2025-07-26,pw01dud102022100167/73,カネトシエテルノ,2025-08-10,牝3,3
2025-05-04,pw01dud102021100709/93,カネトシゴウト,2025-11-16,牡4,7
2025-12-21,pw01dud102023104005/44,カネトシパンドラ,2025-12-21,牝2,1
2025-08-17,pw01dud102020100716/BE,カネトシフラム,2025-09-07,牝5,4
2025-11-08,pw01dud102023101709/9A,カネトシフレイア,2025-11-08,牝2,1
2025-04-27,pw01dud102022106360/4A,カネトシブライト,2025-06-08,牡3,2
2025-01-25,pw01dud102019106475/33,カネトシブルーム,2025-12-27,牡6,4
2025-06-15,pw01dud102022100169/59,カネトシブレーブ,2025-06-22,牡3,6
2025-05-17,pw01dud102020103082/D8,カネフラ,2025-12-13,牡5,7
2025-06-28,pw01dud102022104839/3C,カネラフィーナ,2025-10-19,牝3,3
2025-06-22,pw01dud102022110041/3E,カハンガハンガ,2025-06-22,牡3,2
2025-05-11,pw01dud102022103322/23,カパラミプ,2025-07-27,牝3,3
2025-12-06,pw01dud102023105234/52,カパルア,2025-12-20,牡2,2
2025-05-18,pw01dud102020106639/A0,カビーリア,2025-08-31,牡5,5
2025-08-17,pw01dud102022105034/64,カピオラ,2025-08-17,牝3,5
2025-06-14,pw01dud102021104073/B6,カピリナ,2025-12-20,牝4,5
2025-04-27,pw01dud102022103270/5C,カフェアリス,2025-08-03,牝3,3
2025-07-05,pw01dud102021100469/60,カフェアローロ,2025-12-28,牝4,9
2025-10-11,pw01dud102023106252/7B,カフェオリーブ,2025-12-27,牝2,2
2025-04-19,pw01dud102019106183/CA,カフェクロニクル,2025-04-19,牡6,2
2025-02-15,pw01dud102021102838/5F,カフェグランデ,2025-06-15,牡4,4
2025-07-13,pw01dud102022100913/DF,カフェスカーレット,2025-08-10,牝3,3
2025-12-20,pw01dud102023106251/08,カフェタンガロア,2025-12-20,牡2,1
2025-02-16,pw01dud102021103288/78,カフェニクス,2025-11-02,牝4,5
2025-03-15,pw01dud102020100683/A4,カフェノワール,2025-11-16,牝5,4
2025-08-31,pw01dud102022100949/C1,カフェノーチェ,2025-12-21,牡3,7
2025-03-15,pw01dud102020103552/9D,カフェブルーム,2025-03-15,牝5,1
2025-07-27,pw01dud102022103235/5B,カフェブーケット,2025-11-24,牡3,7
2025-07-27,pw01dud102022100096/FF,カフェヘニーハイ,2025-09-15,牡3,5
2025-05-24,pw01dud102019103308/1E,カフェベラノッテ,2025-12-13,牡6,3
2025-12-07,pw01dud102023102248/61,カフェラジェム,2025-12-07,牡2,1
2025-11-24,pw01dud102023107276/56,カフェラバー,2025-11-24,牝2,1
2025-01-06,pw01dud102022106717/E3,カフェロワイヤル,2025-10-19,牝3,7
2025-09-06,pw01dud102022102846/15,カフェロワドール,2025-10-12,牡3,6
2025-08-03,pw01dud102022105881/E3,カフジアッサム,2025-08-17,牡3,8
2025-05-04,pw01dud102022110050/DB,カフジウヴァ,2025-05-04,牡3,2
2025-04-13,pw01dud102019102753/04,カフジエニアゴン,2025-12-28,牝6,6
2025-09-21,pw01dud102023103899/39,カフジエメンタール,2025-12-20,牡2,3
2025-04-12,pw01dud102020103256/D6,カフジキアッキエレ,2025-12-21,牝5,9
2025-01-25,pw01dud102022103988/5B,カフジキームン,2025-08-24,牝3,5
2025-08-31,pw01dud102023110034/13,カフジクロミエ,2025-12-27,牝2,4
2025-01-26,pw01dud102022101560/01,カフジジャワ,2025-06-15,牡3,2
2025-05-10,pw01dud102019106184/3D,カフジテトラゴン,2025-08-17,牝6,4
2025-01-25,pw01dud102021105826/36,カフジレニウム,2025-01-25,牝4,1
2025-04-13,pw01dud102018105386/0A,カフジヴィオレッタ,2025-04-13,牝7,2
2025-02-08,pw01dud102022101986/97,カプア,2025-06-08,牝3,2
2025-08-02,pw01dud102019104592/4D,カプラローラ,2025-08-24,牝6,5
2025-11-08,pw01dud102023102282/EF,カプリースカラー,2025-11-08,牝2,1
2025-08-03,pw01dud102022105262/10,カペルブリュッケ,2025-11-29,牡3,7
2025-07-27,pw01dud102022106593/35,カポレイラ,2025-12-14,牝3,6
2025-04-06,pw01dud102020105950/59,カマチョクイン,2025-08-23,牝5,4
2025-09-27,pw01dud102023109056/B2,カミノテイオー,2025-12-13,牡2,2
2025-11-23,pw01dud102023109054/CC,カミノトップワン,2025-11-23,牡2,1
2025-01-11,pw01dud102022104550/BE,カミノレアル,2025-11-16,牡3,8
2025-02-10,pw01dud102020102027/C8,カミーロ,2025-06-15,牡5,4
2025-06-15,pw01dud102023104386/CA,カムアップローゼス,2025-11-02,牡2,4
2025-04-27,pw01dud102022105402/12,カムニャック,2025-10-19,牝3,5
2025-02-15,pw01dud102020101803/75,カムランベイ,2025-10-11,牡5,6
2025-11-15,pw01dud102023103611/BF,カモメガトンダ,2025-11-15,牝2,1
2025-08-31,pw01dud102023107226/06,カモンメーン,2025-11-09,牡2,2
2025-11-02,pw01dud102023104378/A0,カモンレイル,2025-11-22,牡2,2
2025-08-31,pw01dud102019104159/6E,カヨウネンカ,2025-12-13,牝6,10
2025-01-26,pw01dud102022106931/B3,カラギヌ,2025-01-26,牝3,1
2025-10-18,pw01dud102023109117/16,カラクニダケ,2025-10-18,牡2,3
2025-09-27,pw01dud102023104432/DF,カラクリスピリッツ,2025-09-27,牝2,1
2025-07-05,pw01dud102022100868/3D,カラジシ,2025-07-05,牡3,3
2025-05-10,pw01dud102016106606/F4,カラテ,2025-05-10,牡9,5
2025-01-11,pw01dud102021103219/7B,カラフルメロディー,2025-03-16,牝4,2
2025-08-10,pw01dud102023103371/8C,カラペルソナ,2025-11-29,牝2,3
2025-02-16,pw01dud102022104896/43,カラマティアノス,2025-11-01,牡3,5
2025-11-30,pw01dud102021190001/E2,カランダガン,2025-11-30,せん4,1
2025-06-14,pw01dud102022107295/77,カランダッシュ,2025-06-22,牝3,5
2025-08-23,pw01dud102022110006/3D,カラヴァジェスティ,2025-11-16,牡3,5
2025-08-09,pw01dud102023102896/F1,カラーオブサクセス,2025-10-26,牝2,4
2025-01-12,pw01dud102021100360/24,カラーオブジアース,2025-03-23,牡4,4
2025-08-03,pw01dud102022109028/DC,カラーズリング,2025-08-03,牝3,5
2025-04-05,pw01dud102022106035/C6,カリスパール,2025-04-05,牝3,2
2025-08-10,pw01dud102023103527/50,カリドーラ,2025-12-14,牝2,3
2025-10-25,pw01dud102023104765/FB,カリビアンダンサー,2025-11-16,牝2,2
2025-07-27,pw01dud102022101570/11,カリビアンブルー,2025-09-15,牡3,6
2025-02-02,pw01dud102021103728/0D,カリフォルニア,2025-02-02,牡4,1
2025-06-15,pw01dud102016104668/5C,カリボール,2025-12-27,牡9,10
2025-05-04,pw01dud102019106714/F3,カリュウ,2025-05-04,牝6,3
2025-09-15,pw01dud102023107220/54,カリヨンアヴォン,2025-12-07,牝2,2
2025-03-30,pw01dud102022106778/B6,カリヨンベル,2025-03-30,牝3,2
2025-08-03,pw01dud102021105833/ED,カリーシ,2025-12-20,牝4,12
2025-08-02,pw01dud102022105504/29,カリータフェリス,2025-08-31,牝3,7
2025-04-26,pw01dud102021105585/90,カリーニョ,2025-12-27,牡4,7
2025-05-03,pw01dud102022105532/73,カリーン,2025-05-03,牝3,3
2025-01-12,pw01dud102022106363/A3,カルストンブランド,2025-01-12,牝3,1
2025-04-27,pw01dud102022105121/2C,カルタジローネ,2025-04-27,牝3,3
2025-08-23,pw01dud102023107051/95,カルダモン,2025-11-08,牝2,2
2025-06-14,pw01dud102021104556/E4,カルチャーデイ,2025-12-14,牝4,6
2025-08-23,pw01dud102021102933/51,カルツァクライン,2025-08-23,牡4,4
2025-01-05,pw01dud102022105739/FA,カルテシウス,2025-03-29,牡3,3
2025-04-20,pw01dud102022104778/D8,カルデライト,2025-08-23,牝3,4
2025-08-09,pw01dud102022105503/B6,カルドウェル,2025-09-28,牝3,6
2025-05-17,pw01dud102021103720/75,カルネヴァーレ,2025-12-20,牝4,6
2025-10-25,pw01dud102021105736/15,カルパ,2025-10-25,牡4,7
2025-11-22,pw01dud102021103342/B7,カルフ,2025-12-14,せん4,9
2025-07-26,pw01dud102022104960/92,カルプスペルシュ,2025-12-07,牝3,8
2025-01-13,pw01dud102021104842/9B,カルマンフィルター,2025-09-06,牡4,4
2025-03-29,pw01dud102022107317/0E,カルミアクラウン,2025-10-26,牝3,7
2025-07-26,pw01dud102022103154/D7,カルミネイション,2025-07-26,牝3,6
2025-05-24,pw01dud102016101865/98,カルリーノ,2025-05-24,せん9,1
2025-10-26,pw01dud102023105339/C2,カルロット,2025-10-26,牡2,2
2025-08-24,pw01dud102020103434/32,カルロヴェローチェ,2025-12-20,せん5,8
2025-11-24,pw01dud102023107116/C5,カレイジャスビート,2025-11-24,牡2,4
2025-07-12,pw01dud102023100589/C9,カレックス,2025-12-13,牡2,2
2025-01-05,pw01dud102022105085/27,カレラエンブレマ,2025-03-29,牡3,3
2025-05-03,pw01dud102022106878/E7,カレリアンダンス,2025-06-08,牝3,2
2025-11-15,pw01dud102023101061/0B,カレンココナ,2025-11-15,牝2,1
2025-01-05,pw01dud102017102897/29,カレンシュトラウス,2025-01-05,牡8,1
2025-06-22,pw01dud102023103374/E5,カレンショー,2025-10-26,牡2,4
2025-02-16,pw01dud102022105804/BC,カレンスカーレル,2025-02-16,牝3,1
2025-06-28,pw01dud102023106613/72,カレンデュラ,2025-11-24,牝2,8
2025-10-04,pw01dud102023100553/E7,カレントゥルーシー,2025-10-26,牡2,2
2025-11-24,pw01dud102021103325/F0,カレンナオトメ,2025-12-07,牝4,6
2025-03-01,pw01dud102021101577/AA,カレンマウラー,2025-04-13,牡4,5
2025-11-22,pw01dud102019105140/42,カレンマックナイト,2025-11-22,牡6,5
2025-10-18,pw01dud102022104723/49,カレンラップスター,2025-12-06,牡3,7
2025-01-06,pw01dud102018104579/C6,カレンルシェルブル,2025-01-06,牡7,1
2025-05-04,pw01dud102021104321/13,カレンワッツアップ,2025-12-07,牡4,7
2025-08-10,pw01dud102022105772/15,カロローザ,2025-12-13,牝3,6
2025-10-26,pw01dud102023100091/4C,カワキタスズリノ,2025-12-27,牝2,3
2025-10-18,pw01dud102023104048/DD,カワキタベレッタ,2025-12-27,牝2,2
2025-08-31,pw01dud102022100568/AA,カワキタホクレア,2025-09-07,牝3,7
2025-08-16,pw01dud102022106169/F3,カワキタマナレア,2025-11-23,牝3,6
2025-08-10,pw01dud102022100401/F4,カワテンティアラ,2025-08-10,牝3,2
2025-12-06,pw01dud102022105917/56,カワテンマックス,2025-12-06,牡3,1
2025-08-09,pw01dud102021102303/FB,カンカール,2025-12-07,牝4,8
2025-08-03,pw01dud102019106704/E3,カンザシ,2025-12-20,牝6,5
2025-03-16,pw01dud102022103146/AD,カンシン,2025-11-02,牡3,7
2025-08-10,pw01dud102021110108/C8,カンジ,2025-08-10,牡4,3
2025-05-17,pw01dud102022105630/BE,カンタカナリート,2025-06-01,牡3,2
2025-08-09,pw01dud102023101471/DF,カンタベリービーム,2025-10-25,牡2,5
2025-05-03,pw01dud102020101503/E2,カンチェンジュンガ,2025-11-23,牡5,6
2025-05-17,pw01dud102021105860/C4,カンティアーモ,2025-05-17,牝4,2
2025-08-24,pw01dud102023104576/1C,カンティーナ,2025-11-16,牝2,3
2025-01-18,pw01dud102018103515/AB,カンティーユ,2025-01-18,牡7,1
2025-04-12,pw01dud102021104933/2F,カントゥータ,2025-12-14,牝4,4
2025-04-12,pw01dud102022106810/EF,カンナギ,2025-05-17,牝3,3
2025-09-06,pw01dud102021105709/3E,カンバーランド,2025-09-06,牝4,2
2025-08-17,pw01dud102019104385/34,カンパニョーラ,2025-12-28,牝6,8
2025-07-19,pw01dud102019100286/BA,カンピオーネ,2025-11-22,牡6,6
2025-01-06,pw01dud102022105129/C4,カンピドリオ,2025-05-31,牡3,2
2025-11-16,pw01dud102023107544/D3,カンフージョン,2025-12-07,牡2,2
2025-12-21,pw01dud102023101482/62,カンフーヒーロー,2025-12-27,牡2,3
2025-04-12,pw01dud102022103837/67,カンプウ,2025-07-13,牡3,6
2025-10-12,pw01dud102022106545/CB,カンレイスキー,2025-10-12,牡3,2
2025-07-26,pw01dud102023105558/D1,カンレイスター,2025-12-20,牝2,5
2025-08-31,pw01dud102023107153/AC,カヴァレリッツォ,2025-12-21,牡2,3
2025-06-28,pw01dud102022100805/84,カークスマイル,2025-06-28,牝3,2
2025-04-20,pw01dud102022101264/3A,カーシュジアン,2025-08-16,牝3,3
2025-07-12,pw01dud102022104062/BF,カージオイド,2025-11-01,牡3,9
2025-04-12,pw01dud102022102321/C1,カーティブヨーク,2025-04-12,牝3,3
2025-06-22,pw01dud102022103639/EB,カーヌスティ,2025-07-12,牡3,4
2025-08-02,pw01dud102022107246/9A,カービスベイ,2025-09-15,牡3,7
2025-07-20,pw01dud102022104840/41,カーフキック,2025-12-20,牡3,7
2025-02-09,pw01dud102019105472/EB,カーペンタリア,2025-02-09,牝6,1
2025-05-03,pw01dud102022105013/D1,カーボナード,2025-07-27,牡3,4
2025-09-07,pw01dud102023103404/A6,カーボフリオ,2025-12-06,牝2,2
2025-10-19,pw01dud102023107096/14,カーマインジュエル,2025-12-27,牝2,2
2025-05-25,pw01dud102021105329/9A,カーマンライン,2025-08-17,牡4,3
2025-08-03,pw01dud102022104725/2F,カーミングライツ,2025-11-24,牡3,5
2025-03-23,pw01dud102022105594/B9,カーラ,2025-03-23,牝3,1
2025-08-02,pw01dud102022104912/28,カーラデマドレ,2025-11-23,牝3,4
2025-10-11,pw01dud102023101115/B8,カーリキュー,2025-10-11,牝2,1
2025-04-19,pw01dud102021106982/EA,カーリングホリデー,2025-09-27,牝4,4
2025-03-15,pw01dud102022102430/8F,カーリンハート,2025-08-03,牝3,4
2025-08-16,pw01dud102023105590/79,カーリーエンジェル,2025-08-16,牝2,1
2025-04-20,pw01dud102021105554/ED,カールスタード,2025-11-09,せん4,5
2025-02-01,pw01dud102022102830/53,カールルイコ,2025-05-10,牝3,3
2025-12-27,pw01dud102023103347/0E,カーヴドヴァン,2025-12-27,牝2,1
2025-07-05,pw01dud102022101140/1D,ガイ,2025-08-03,牡3,5
2025-02-23,pw01dud102019104476/C8,ガイアフォース,2025-11-23,牡6,4
2025-09-27,pw01dud102021105808/FC,ガイアメンテ,2025-11-16,牡4,6
2025-10-12,pw01dud102023106948/74,ガイストライヒ,2025-11-23,牡2,2
2025-04-20,pw01dud102022103623/29,ガイラルディア,2025-06-21,牝3,3
2025-11-01,pw01dud102023105897/31,ガウディ,2025-11-01,牡2,1
2025-06-28,pw01dud102022103612/A6,ガウラサンダー,2025-07-20,牡3,5
2025-05-11,pw01dud102021103586/25,ガウラスパーク,2025-10-19,牡4,6
2025-08-03,pw01dud102023102462/31,ガウラディスコ,2025-08-30,牡2,2
2025-01-11,pw01dud102020105873/A1,ガウロン,2025-01-11,牡5,1
2025-12-21,pw01dud102023109088/C8,ガクエンテンゴク,2025-12-21,牡2,1
2025-08-02,pw01dud102021101724/63,ガジュノリ,2025-12-28,牝4,8
2025-08-23,pw01dud102022101730/33,ガジュノリホワイト,2025-08-23,牡3,8
2025-08-03,pw01dud102022103029/B5,ガストフロント,2025-08-03,牡3,7
2025-12-20,pw01dud102019105461/68,ガストン,2025-12-20,せん6,1
2025-08-24,pw01dud102022105354/17,ガスパール,2025-08-24,牡3,4
2025-04-26,pw01dud102020105073/19,ガットネロ,2025-11-22,牝5,7
2025-07-05,pw01dud102022102271/E0,ガトリンテソーロ,2025-08-31,牡3,5
2025-12-14,pw01dud102021104461/84,ガビーズシスター,2025-12-14,牝4,1
2025-05-04,pw01dud102022104448/15,ガビーズブラザー,2025-08-02,牡3,5
2025-07-26,pw01dud102023106468/9F,ガミーヌ,2025-12-06,牝2,6
2025-11-23,pw01dud102023100414/E9,ガムチョン,2025-11-23,牡2,1
2025-07-13,pw01dud102022104093/62,ガラク,2025-12-21,牝3,9
2025-06-21,pw01dud102021104276/71,ガラスノブルース,2025-12-27,牡4,8
2025-08-16,pw01dud102023107279/AF,ガラベイヤ,2025-10-18,牝2,2
2025-07-27,pw01dud102023100681/62,ガリレア,2025-11-15,牡2,4
2025-08-31,pw01dud102017102809/7F,ガリレイ,2025-08-31,せん8,2
2025-08-02,pw01dud102022102789/7D,ガルガファルム,2025-08-02,牡3,2
2025-05-31,pw01dud102021105556/D3,ガルサブランカ,2025-11-15,牝4,5
2025-04-26,pw01dud102022104596/B0,ガルダイア,2025-11-15,牡3,5
2025-09-13,pw01dud102023106926/6E,ガルディエンヌ,2025-12-13,牝2,3
2025-10-25,pw01dud102023105402/9E,ガルディーノ,2025-12-14,牡2,3
2025-03-22,pw01dud102021105480/20,ガルデルクラージュ,2025-03-22,牡4,2
2025-03-15,pw01dud102020101587/2E,ガルムキャット,2025-03-15,牡5,2
2025-05-11,pw01dud102020103360/65,ガレストロ,2025-06-07,牡5,3
2025-08-24,pw01dud102023105289/E1,ガロアモジュール,2025-08-24,牡2,1
2025-08-24,pw01dud102021100494/51,ガロンヌ,2025-11-16,牡4,6
2025-08-31,pw01dud102023107107/28,ガローファノ,2025-11-02,牝2,2
2025-06-14,pw01dud102020110120/C4,ガンウルフ,2025-12-21,牡5,8
2025-11-08,pw01dud102023101383/A4,ガンダ,2025-12-13,牡2,3
2025-05-03,pw01dud102018104907/34,ガンダルフ,2025-05-03,牡7,2
2025-01-05,pw01dud102022106629/A8,ガンナール,2025-07-20,牡3,4
2025-04-27,pw01dud102022100050/0D,ガンハンマー,2025-10-11,牡3,6
2025-03-09,pw01dud102022101307/64,ガンバルマン,2025-04-05,牡3,2
2025-07-20,pw01dud102022101141/90,ガンバレベアー,2025-09-13,牝3,9
2025-08-17,pw01dud102022102087/40,ガンビーチ,2025-08-17,牝3,5
2025-02-15,pw01dud102022106123/01,ガンマジーティーピ,2025-12-20,牡3,7
2025-01-12,pw01dud102020104640/C7,ガンモヘラクレス,2025-01-12,牡5,1
2025-09-20,pw01dud102023106934/98,ガヴァルニー,2025-09-20,牡2,1
2025-12-14,pw01dud102023106654/25,ガーディアンスター,2025-12-14,牝2,1
2025-10-05,pw01dud102023106958/84,ガーディアンテイル,2025-12-13,牡2,2
2025-08-31,pw01dud102021110139/6B,ガーデンカメリア,2025-12-20,牝4,3
2025-04-27,pw01dud102021101427/29,ガーデンプランナー,2025-12-21,牝4,5
2025-07-13,pw01dud102023107327/AA,ガードオブオナー,2025-11-15,牡2,3
2025-07-06,pw01dud102022100417/B6,ガーネットウインク,2025-12-21,牝3,6
2025-10-26,pw01dud102023106734/36,ガーネットテソーロ,2025-10-26,牝2,3
2025-10-04,pw01dud102023107075/81,ガーネットフレア,2025-12-13,牝2,3
2025-10-12,pw01dud102023104343/31,ガーリッシュ,2025-11-16,牝2,3
2025-07-05,pw01dud102022106650/CD,ガールクラッシュ,2025-07-05,牝3,1
2025-07-27,pw01dud102022101706/B5,ガールズデイアウト,2025-08-31,牝3,8
2025-06-07,pw01dud102020103653/41,ガールズレジェンド,2025-06-07,牝5,5
2025-08-02,pw01dud102022103326/EF,ガールネクストドア,2025-11-08,牝3,10
2025-06-29,pw01dud102022106787/53,ガーンディーヴァ,2025-08-02,牝3,5
2025-08-09,pw01dud102022110122/C2,キアニーナ,2025-08-09,牝3,4
2025-10-04,pw01dud102022106585/0B,キアヌ,2025-10-04,牡3,3
2025-07-20,pw01dud102022105864/1C,キアラメンテ,2025-12-14,牝3,5
2025-03-16,pw01dud102020106156/72,キイロノトマト,2025-04-12,牝5,3
2025-08-10,pw01dud102022109052/5A,キカオクベシ,2025-11-23,牝3,7
2025-04-20,pw01dud102020104342/1A,キガン,2025-05-25,牝5,4
2025-12-14,pw01dud102023103321/3C,キコリータ,2025-12-14,牝2,1
2025-12-28,pw01dud102023106960/FC,キシダンチョウ,2025-12-28,牡2,1
2025-12-28,pw01dud102023100685/2E,キシャール,2025-12-28,牝2,1
2025-10-05,pw01dud102023106092/59,キシュウサラトイロ,2025-11-01,牝2,2
2025-01-18,pw01dud102022106616/3F,キスアンドクライ,2025-01-18,牝3,1
2025-06-01,pw01dud102022103335/8C,キスメット,2025-06-01,牡3,1
2025-07-19,pw01dud102019106416/46,キセキノエンジェル,2025-09-15,牝6,7
2025-09-07,pw01dud102023105682/80,キセログラフィカ,2025-12-06,牡2,2
2025-06-14,pw01dud102023100204/77,キタイノホシ,2025-11-30,牡2,4
2025-04-27,pw01dud102020106967/7D,キタウイング,2025-12-20,牝5,6
2025-01-25,pw01dud102021107047/1F,キタサンシデン,2025-03-16,牡4,3
2025-12-06,pw01dud102023107122/09,キタサンスーザン,2025-12-28,牝2,2
2025-05-17,pw01dud102020102310/26,キタサンダムール,2025-11-15,牝5,7
2025-03-16,pw01dud102022104914/0E,キタサンハナビラ,2025-11-01,牝3,5
2025-05-24,pw01dud102022103672/06,キタサンモンドー,2025-05-31,牡3,4
2025-05-11,pw01dud102022101015/FB,キタサンライザー,2025-08-31,牡3,5
2025-08-24,pw01dud102023102715/CD,キタノアヤカ,2025-09-27,牝2,2
2025-08-23,pw01dud102022101045/2B,キタノアルテミス,2025-08-23,牝3,2
2025-01-12,pw01dud102022100984/C2,キタノアルペジオ,2025-01-12,牡3,1
2025-08-17,pw01dud102022106550/9C,キタノアンシェル,2025-08-17,牝3,9
2025-03-30,pw01dud102018102281/CD,キタノエクスプレス,2025-07-06,牡7,4
2025-12-28,pw01dud102023100485/CC,キタノエピックアン,2025-12-28,牝2,1
2025-03-29,pw01dud102022102320/4E,キタノエモシオン,2025-03-29,牝3,1
2025-08-23,pw01dud102022103316/DF,キタノクニカラ,2025-12-14,牝3,9
2025-07-20,pw01dud102022104007/9E,キタノゲルニカ,2025-07-20,牡3,1
2025-12-13,pw01dud102023105977/42,キタノサリスカ,2025-12-13,牝2,1
2025-12-20,pw01dud102022102501/03,キタノサワヤカ,2025-12-20,牡3,4
2025-11-09,pw01dud102023101767/14,キタノザブリーズ,2025-11-09,牝2,1
2025-12-13,pw01dud102023100475/BC,キタノシャカール,2025-12-13,牡2,3
2025-06-21,pw01dud102022101041/5F,キタノシュナイダー,2025-06-21,牝3,1
2025-07-13,pw01dud102022102042/C1,キタノショウリュウ,2025-07-13,牡3,4
2025-01-13,pw01dud102021100505/65,キタノズエッジ,2025-12-07,牡4,8
2025-01-18,pw01dud102021106421/22,キタノソワレ,2025-12-06,牝4,7
2025-05-18,pw01dud102022106476/3D,キタノタラーシュ,2025-08-16,牡3,3
2025-03-01,pw01dud102020105498/3C,キタノチェロキー,2025-03-29,牝5,2
2025-06-15,pw01dud102022106040/97,キタノチェンジ,2025-08-30,牡3,8
2025-01-25,pw01dud102022100934/72,キタノチャンス,2025-02-16,牝3,3
2025-07-19,pw01dud102023102651/10,キタノドンカルロ,2025-11-16,牡2,5
2025-04-13,pw01dud102022103533/08,キタノニーソング,2025-06-22,牡3,5
2025-11-15,pw01dud102023104820/AD,キタノファーンヒル,2025-11-15,牝2,2
2025-02-09,pw01dud102022100821/D8,キタノフローラ,2025-03-02,牝3,2
2025-07-26,pw01dud102020106174/AC,キタノブライド,2025-10-12,牝5,7
2025-04-19,pw01dud102022100733/9D,キタノブリッジ,2025-08-09,牝3,5
2025-04-27,pw01dud102022102486/91,キタノブレイク,2025-06-15,牡3,6
2025-08-03,pw01dud102019100510/2B,キタノブレイド,2025-08-03,牡6,3
2025-05-11,pw01dud102022102504/5C,キタノプレンティ,2025-06-21,牝3,6
2025-08-09,pw01dud102022107145/F6,キタノホウセキ,2025-09-07,牝3,6
2025-11-16,pw01dud102021100514/02,キタノマキシム,2025-11-16,牡4,3
2025-11-08,pw01dud102023105620/3A,キタノマテンロウ,2025-12-13,牝2,5
2025-04-26,pw01dud102022106164/B4,キタノマーシャル,2025-11-16,牝3,12
2025-01-12,pw01dud102021104561/B5,キタノライジン,2025-01-12,牡4,1
2025-07-06,pw01dud102022106471/FE,キタノライブリー,2025-09-07,牝3,9
2025-05-03,pw01dud102022104465/DC,キタノラブミー,2025-05-18,牝3,6
2025-05-11,pw01dud102022101535/10,キタノラータム,2025-06-01,牝3,3
2025-08-10,pw01dud102023104435/38,キタノリスクミー,2025-10-25,牝2,2
2025-07-06,pw01dud102018104462/60,キタノリューオー,2025-10-04,牡7,5
2025-02-01,pw01dud102022104523/E7,キタノルシール,2025-06-21,牝3,2
2025-04-12,pw01dud102022101921/F8,キタノロジック,2025-04-27,牡3,2
2025-01-11,pw01dud102022106945/8F,キタノロワーズ,2025-03-22,牝3,2
2025-12-27,pw01dud102023100693/58,キタノローズ,2025-12-27,牝2,1
2025-04-19,pw01dud102022100029/E8,キタノヴァルカン,2025-05-04,牡3,4
2025-02-10,pw01dud102017102011/6F,キタノヴィジョン,2025-02-10,牡8,1
2025-07-06,pw01dud102022103636/92,キチロクキャップ,2025-11-29,牡3,11
2025-10-26,pw01dud102023104996/00,キッコベッロ,2025-11-16,牡2,3
2025-12-07,pw01dud102023106095/B2,キッショウダラニ,2025-12-28,牡2,2
2025-02-09,pw01dud102022101415/BF,キッスミーアイ,2025-02-09,牝3,1
2025-01-25,pw01dud102022103646/A2,キッズムリブシ,2025-01-25,牡3,1
2025-04-20,pw01dud102021105980/15,キットハナガサク,2025-04-20,牝4,4
2025-11-24,pw01dud102023104722/62,キトゥンズシルバー,2025-11-24,牡2,4
2025-12-20,pw01dud102022105983/FA,キトンインザスカイ,2025-12-20,牝3,3
2025-03-02,pw01dud102022106391/ED,キボウノチカラ,2025-06-22,牝3,4
2025-09-07,pw01dud102019101165/E5,キボウノホシ,2025-12-20,せん6,7
2025-11-22,pw01dud102023103431/7D,キボウホー,2025-12-14,牡2,2
2025-04-26,pw01dud102022105335/6A,キミオモウハナ,2025-11-24,牝3,7
2025-09-28,pw01dud102023100101/ED,キミガイチバンイイ,2025-09-28,牡2,1
2025-10-18,pw01dud102023100605/AE,キミガスキダ,2025-11-08,牝2,2
2025-08-31,pw01dud102022104288/F3,キミガタメ,2025-08-31,牝3,2
2025-12-28,pw01dud102023105034/F0,キミガハマ,2025-12-28,牝2,1
2025-11-15,pw01dud102023105199/C0,キミノナハオリョウ,2025-12-20,牝2,2
2025-09-07,pw01dud102020102873/D4,キミノナハマリア,2025-10-19,牝5,6
2025-05-17,pw01dud102021104313/E9,キミハスコール,2025-11-24,牡4,9
2025-01-18,pw01dud102019104470/16,キミワクイーン,2025-01-18,牝6,1
2025-06-21,pw01dud102022102130/FC,キムケンフォトン,2025-07-12,牝3,5
2025-08-17,pw01dud102022100727/59,キムタックフェイス,2025-08-17,牡3,4
2025-03-01,pw01dud102021104235/BE,キモンゲーム,2025-03-01,牡4,1
2025-12-13,pw01dud102023102968/D8,キャスケード,2025-12-13,牝2,2
2025-07-26,pw01dud102023106220/65,キャストアイズミー,2025-09-27,牝2,2
2025-11-15,pw01dud102022100749/5F,キャストロププ,2025-12-14,牡3,9
2025-01-12,pw01dud102021100257/08,キャストロペペ,2025-03-30,牡4,4
2025-02-23,pw01dud102022100963/2F,キャスパインパクト,2025-07-20,牡3,6
2025-01-18,pw01dud102022100642/09,キャッスルレイク,2025-09-27,牝3,6
2025-11-15,pw01dud102023103810/AE,キャッチアシーフ,2025-12-14,牡2,3
2025-03-15,pw01dud102022102495/2E,キャッチーラン,2025-03-29,牝3,3
2025-01-13,pw01dud102022103122/C1,キャットサンライズ,2025-07-19,牝3,4
2025-08-09,pw01dud102022101678/DA,キャットテイル,2025-12-06,牝3,4
2025-07-26,pw01dud102022110124/A8,キャットデイ,2025-09-07,牝3,6
2025-10-12,pw01dud102021101685/05,キャットファイト,2025-10-12,牝4,1
2025-02-16,pw01dud102022105293/B3,キャトルエピス,2025-12-21,牝3,6
2025-07-27,pw01dud102022101402/56,キャナルクルーズ,2025-09-21,牝3,6
2025-08-02,pw01dud102022104752/06,キャニオンデシェイ,2025-08-02,牡3,8
2025-08-02,pw01dud102021105885/23,キャネル,2025-12-07,牡4,8
2025-04-12,pw01dud102022107159/D2,キャバリエクエスト,2025-06-08,牡3,6
2025-08-16,pw01dud102021106706/D4,キャピタルサックス,2025-11-23,牡4,6
2025-07-13,pw01dud102022106676/9F,キャピタルプレイン,2025-07-13,牝3,4
2025-05-04,pw01dud102022101480/F0,キャピタルリッチ,2025-12-13,牡3,8
2025-01-05,pw01dud102022103312/13,キャプティバ,2025-04-13,牡3,3
2025-04-12,pw01dud102021105370/DF,キャプテンシー,2025-12-28,牡4,9
2025-03-15,pw01dud102021101523/8E,キャプテンネキ,2025-09-06,牝4,5
2025-05-10,pw01dud102019100051/E9,キャプテンローレル,2025-06-22,牡6,2
2025-04-27,pw01dud102022102834/1F,キャラメリー,2025-06-15,牝3,5
2025-12-21,pw01dud102023106161/E7,キャラメルプリン,2025-12-21,牝2,1
2025-10-13,pw01dud102023103805/DD,キャリアビジョン,2025-11-23,牝2,2
2025-08-30,pw01dud102022100091/C0,キャリーグレイス,2025-11-22,牝3,10
2025-07-26,pw01dud102020105733/30,キャリーハピネス,2025-10-25,牡5,7
2025-09-28,pw01dud102023105227/9B,キャルナイト,2025-09-28,牡2,1
2025-04-19,pw01dud102022104166/BC,キャルミナス,2025-05-03,牡3,3
2025-07-12,pw01dud102019105111/85,キャルレイ,2025-07-12,牡6,2
2025-06-21,pw01dud102022100846/37,キャレ,2025-06-21,牝3,2
2025-03-16,pw01dud102020100719/17,キャロルビアンカ,2025-10-05,牝5,6
2025-05-18,pw01dud102019110112/1B,キャンディドライヴ,2025-12-14,牡6,4
2025-07-27,pw01dud102022103932/59,キャンディブーケ,2025-09-13,牝3,6
2025-04-27,pw01dud102022101207/33,キャンディリボン,2025-06-07,牝3,5
2025-08-31,pw01dud102023103453/83,キャンディード,2025-11-15,牡2,3
2025-08-30,pw01dud102021102800/97,キャントウェイト,2025-10-25,牡4,7
2025-01-26,pw01dud102019101644/47,キャンドルベリー,2025-01-26,牝6,1
2025-06-14,pw01dud102021101624/32,キャンドルマス,2025-12-21,牡4,8
2025-07-26,pw01dud102022102191/CF,キュアフローラ,2025-08-17,牝3,3
2025-08-03,pw01dud102022105426/FE,キュイジニエール,2025-08-24,牝3,3
2025-06-28,pw01dud102021110088/17,キュクヌス,2025-11-01,牝4,7
2025-10-13,pw01dud102020110065/12,キュピドン,2025-12-28,牡5,2
2025-01-13,pw01dud102020104911/9D,キュベリン,2025-01-13,牝5,1
2025-05-04,pw01dud102018106597/DE,キュムロンニンバス,2025-12-13,牡7,8
2025-06-22,pw01dud102021101176/73,キューティクローム,2025-12-27,牝4,2
2025-07-13,pw01dud102022105131/3C,キューティリップ,2025-11-22,牝3,11
2025-02-01,pw01dud102019103600/19,キュートヘスティア,2025-02-01,牝6,1
2025-11-08,pw01dud102022106312/E0,キュードス,2025-12-20,牡3,8
2025-04-19,pw01dud102022100578/BA,キュールエアザミ,2025-07-05,牝3,3
2025-10-11,pw01dud102019102983/96,キュールエフウジン,2025-12-14,牡6,7
2025-04-12,pw01dud102021101905/18,キョウエイカンセ,2025-12-14,牡4,9
2025-01-12,pw01dud102020100363/F1,キョウエイカンフ,2025-12-13,牡5,2
2025-10-26,pw01dud102023102343/53,キョウエイクローム,2025-11-22,牝2,2
2025-07-12,pw01dud102022104362/52,キョウエイグッド,2025-12-27,牡3,8
2025-11-15,pw01dud102023100303/35,キョウエイシュバル,2025-11-15,牡2,1
2025-02-08,pw01dud102022103472/A4,キョウエイスレーヴ,2025-11-24,牡3,8
2025-08-16,pw01dud102022102444/6B,キョウエイセレッソ,2025-08-16,牝3,5
2025-01-13,pw01dud102022107156/79,キョウエイタイコ,2025-09-27,牝3,4
2025-03-01,pw01dud102019106502/9B,キョウエイディーズ,2025-03-01,牝6,1
2025-10-26,pw01dud102023105068/EC,キョウエイハル,2025-10-26,牝2,2
2025-05-10,pw01dud102021101053/C9,キョウエイフロイデ,2025-11-23,牝4,10
2025-07-27,pw01dud102020107001/A1,キョウエイブリッサ,2025-12-13,牡5,7
2025-08-16,pw01dud102022101906/17,キョウエイボニータ,2025-08-16,牝3,3
2025-07-13,pw01dud102022103352/53,キョウエイレッド,2025-07-13,牝3,2
2025-05-03,pw01dud102022103115/0A,キョウキランブ,2025-11-24,牡3,7
2025-01-12,pw01dud102022107147/DC,キョラムン,2025-10-13,牝3,7
2025-09-13,pw01dud102023101852/F6,キョンチャン,2025-09-13,牝2,1
2025-07-13,pw01dud102018106352/FD,キヨラ,2025-08-03,牝7,5
2025-07-13,pw01dud102022103152/F1,キラフォーニア,2025-07-13,牝3,1
2025-06-15,pw01dud102022103637/05,キラメキダンサー,2025-06-15,牝3,1
2025-08-24,pw01dud102022104735/3F,キラーチューン,2025-08-24,牝3,3
2025-09-14,pw01dud102023109116/A3,キリシマネロ,2025-09-14,牡2,2
2025-12-06,pw01dud102023100312/D2,キリスパークル,2025-12-06,牝2,1
2025-08-16,pw01dud102023100307/01,キリミツ,2025-11-29,牡2,3
2025-07-20,pw01dud102020103001/E5,キレナイカ,2025-07-20,牡5,2
2025-07-12,pw01dud102022105289/55,キロノヴァ,2025-08-31,牡3,7
2025-11-16,pw01dud102023100423/86,キンカメクオリア,2025-11-16,牡2,1
2025-10-25,pw01dud102021106164/28,キングオブフジ,2025-12-13,牡4,9
2025-06-29,pw01dud102019102321/2A,キングクー,2025-12-20,牡6,10
2025-08-23,pw01dud102023100021/DC,キンググローリー,2025-10-12,牡2,3
2025-09-07,pw01dud102023102990/70,キングケープ,2025-12-14,牡2,2
2025-01-06,pw01dud102022101583/7A,キングコロネット,2025-05-24,牡3,3
2025-10-26,pw01dud102017105439/B8,キングサーガ,2025-12-20,せん8,4
2025-12-27,pw01dud102023104613/94,キングジェネシス,2025-12-27,牡2,1
2025-07-26,pw01dud102022104207/00,キングスコール,2025-10-25,牡3,7
2025-02-22,pw01dud102022100941/29,キングスズラン,2025-02-22,牡3,1
2025-10-18,pw01dud102023105127/6A,キングスペード,2025-11-02,牡2,2
2025-11-24,pw01dud102023102372/10,キングスメッセージ,2025-11-24,牡2,1
2025-10-04,pw01dud102023105124/11,キングズテイル,2025-12-28,牡2,3
2025-08-10,pw01dud102022103510/8F,キングズトゥルー,2025-11-09,牡3,10
2025-01-19,pw01dud102019104828/22,キングズパレス,2025-03-16,牡6,2
2025-08-10,pw01dud102021110001/72,キングズブレス,2025-12-20,牡4,4
2025-05-24,pw01dud102021106521/53,キングツェッペリン,2025-11-01,牡4,7
2025-06-08,pw01dud102022104959/8D,キングノジョー,2025-11-16,牡3,5
2025-03-29,pw01dud102022106085/16,キングピラート,2025-03-29,牡3,1
2025-05-10,pw01dud102021105265/DD,キングピン,2025-12-20,牡4,5
2025-08-24,pw01dud102021104176/40,キングブルー,2025-12-13,牡4,4
2025-02-16,pw01dud102021107012/B0,キングプロフィット,2025-12-13,牡4,4
2025-07-27,pw01dud102022103050/DA,キングベル,2025-09-07,牡3,9
2025-07-20,pw01dud102021104320/A0,キングベルベット,2025-12-27,せん4,3
2025-08-10,pw01dud102022102744/FE,キングメーカー,2025-12-07,牡3,7
2025-01-13,pw01dud102016106594/6D,キングリスティア,2025-01-13,せん9,1
2025-06-28,pw01dud102021104878/7D,キングヴァージル,2025-11-09,牡4,7
2025-07-26,pw01dud102022101769/6E,キンセンオー,2025-08-23,牡3,6
2025-08-23,pw01dud102023106989/27,キンダープンシュ,2025-12-14,牝2,5
2025-08-10,pw01dud102022104387/B1,キントラダンサー,2025-12-21,牝3,8
2025-01-11,pw01dud102019103885/3A,キントリヒ,2025-04-20,牡6,2
2025-01-26,pw01dud102020105470/84,キーウィル,2025-04-12,牡5,3
2025-05-11,pw01dud102021102561/D7,キーウェーブ,2025-11-23,牡4,8
2025-11-15,pw01dud102022106513/B5,キーガッツ,2025-12-21,牡3,9
2025-10-25,pw01dud102023101948/C9,キーサーバー,2025-11-09,牡2,3
2025-05-11,pw01dud102022102570/00,キーソナタ,2025-05-11,牝3,3
2025-12-27,pw01dud102023101261/6D,キーチデッドミラー,2025-12-27,牡2,1
2025-05-10,pw01dud102021103727/9A,キーチパルフェ,2025-11-23,牡4,7
2025-05-17,pw01dud102022103748/B9,キーチファイター,2025-09-15,牡3,10
2025-08-30,pw01dud102023101946/E3,キーテーマ,2025-10-26,牝2,4
2025-03-29,pw01dud102021104948/7E,キーパフォーマー,2025-12-28,牝4,7
2025-11-01,pw01dud102023104289/F2,キービート,2025-11-23,牡2,2
2025-07-27,pw01dud102022102564/BC,キーブリーゼ,2025-09-06,牡3,8
2025-09-06,pw01dud102022104383/E5,キープオントップ,2025-09-06,牡3,4
2025-10-18,pw01dud102021105119/28,キープカルム,2025-10-18,牡4,6
2025-07-13,pw01dud102022103556/81,キープサインオン,2025-11-09,牡3,6
2025-10-13,pw01dud102023103163/00,キープシャイニング,2025-10-25,牡2,4
2025-03-08,pw01dud102020103248/AC,キープスマイリング,2025-05-18,牝5,4
2025-10-13,pw01dud102021103550/43,キープライジング,2025-12-20,牝4,4
2025-06-28,pw01dud102022106512/42,キーベスト,2025-06-28,牡3,5
2025-08-17,pw01dud102023110036/F9,キーンセンス,2025-12-21,牡2,4
2025-12-21,pw01dud102023102695/1C,ギオンバヤシ,2025-12-21,牡2,1
2025-03-01,pw01dud102022106715/FD,ギザキズラヴ,2025-06-22,牝3,2
2025-08-23,pw01dud102022102920/74,ギフテッド,2025-10-12,牝3,6
2025-01-13,pw01dud102022100793/FD,ギフテッドアベリア,2025-08-02,牝3,4
2025-12-14,pw01dud102023102551/DF,ギフテッドスペック,2025-12-14,牡2,1
2025-03-23,pw01dud102021100525/85,ギフテッドドリーム,2025-03-23,牡4,1
2025-04-27,pw01dud102022107073/0F,ギフテッドブラック,2025-04-27,牡3,3
2025-08-09,pw01dud102022104867/86,ギフトバスケット,2025-08-09,牝3,4
2025-11-15,pw01dud102021105931/38,ギマール,2025-12-07,牡4,6
2025-07-13,pw01dud102019103586/1A,ギャラクシーナイト,2025-11-09,牡6,8
2025-08-10,pw01dud102023105825/DB,ギャラボーグ,2025-12-14,牝2,3
2025-07-06,pw01dud102022103236/CE,ギャランドゥ,2025-09-14,牡3,4
2025-02-08,pw01dud102021105559/2C,ギャンブルルーム,2025-11-22,牡4,6
2025-12-13,pw01dud102022103267/71,ギュルヴィ,2025-12-13,牡3,7
2025-04-13,pw01dud102022100592/28,ギリギリバイター,2025-04-13,牡3,3
2025-09-27,pw01dud102023107187/A8,ギリーズボール,2025-09-27,牝2,1
2025-12-21,pw01dud102021104537/37,ギルトエッジ,2025-12-21,牡4,1
2025-11-01,pw01dud102023107033/5B,ギルドホール,2025-11-01,牡2,1
2025-11-24,pw01dud102023106805/AA,ギルランダ,2025-11-24,牝2,1
2025-12-21,pw01dud102023103419/F5,ギレイ,2025-12-21,牡2,1
2025-02-23,pw01dud102022106161/5B,ギンガエクスプレス,2025-03-09,牡3,3
2025-03-30,pw01dud102022110036/6D,ギンセツ,2025-03-30,牝3,1
2025-07-13,pw01dud102020104845/68,ギーロカスタル,2025-12-21,牡5,5
2025-01-11,pw01dud102022101100/DD,クァタルティ,2025-03-15,牝3,2
2025-11-16,pw01dud102022106395/B9,クァンタムウェーブ,2025-12-27,牡3,2
2025-11-01,pw01dud102023101301/3E,クアッドフォルツァ,2025-12-27,牡2,3
2025-01-06,pw01dud102022100542/D8,クアトロイヴェール,2025-08-17,牡3,3
2025-04-20,pw01dud102021106105/3B,クアトロジャック,2025-11-15,牡4,7
2025-08-30,pw01dud102022100952/AC,クアトロフォルトナ,2025-08-30,牡3,1
2025-10-26,pw01dud102023101869/2B,クアラトレンガヌ,2025-11-08,牡2,2
2025-11-15,pw01dud102023107095/A1,クアロアランチ,2025-11-15,牝2,1
2025-01-26,pw01dud102017100141/F2,クィーンアドバンス,2025-01-26,牝8,1
2025-11-15,pw01dud102023102634/49,クィーンズローズ,2025-11-30,牝2,2
2025-04-13,pw01dud102022105595/2C,クィーンルージュ,2025-04-13,牝3,1
2025-06-21,pw01dud102021105374/AB,クイックバイオ,2025-12-28,牝4,10
2025-12-07,pw01dud102023107371/48,クイノールト,2025-12-07,牡2,1
2025-05-25,pw01dud102021104549/2D,クインズアトリア,2025-05-25,牝4,2
2025-05-17,pw01dud102022104536/50,クインズエクレア,2025-12-13,牝3,5
2025-03-29,pw01dud102020106722/9C,クインズエルサ,2025-03-29,牝5,1
2025-05-24,pw01dud102022104534/6A,クインズガナッシュ,2025-06-15,牝3,2
2025-01-05,pw01dud102019106707/3C,クインズコスモス,2025-01-05,牝6,1
2025-08-03,pw01dud102022103857/87,クインズシフォン,2025-12-28,牝3,7
2025-05-10,pw01dud102021103837/DB,クインズシャウラ,2025-12-13,牝4,7
2025-05-18,pw01dud102022100159/49,クインズショコラ,2025-05-18,牝3,5
2025-04-20,pw01dud102019102559/54,クインズステラ,2025-11-15,牝6,6
2025-08-02,pw01dud102021106559/1B,クインズスピカ,2025-12-06,牝4,12
2025-01-05,pw01dud102021103943/50,クインズセレネ,2025-12-20,牝4,7
2025-07-12,pw01dud102023104971/A1,クインズツバキ,2025-12-20,牝2,4
2025-02-02,pw01dud102021106328/16,クインズデネブ,2025-11-24,牝4,5
2025-03-29,pw01dud102022106591/4F,クインズパフェ,2025-03-29,牝3,2
2025-01-13,pw01dud102019100578/23,クインズプリーズ,2025-01-13,牝6,1
2025-11-15,pw01dud102023104446/BB,クインズボタン,2025-11-15,牝2,1
2025-11-08,pw01dud102021102371/85,クインズポラリス,2025-11-08,牝4,7
2025-08-09,pw01dud102022103940/83,クインズマカロン,2025-09-14,牝3,6
2025-01-12,pw01dud102018101742/06,クインズミモザ,2025-01-12,牝7,1
2025-02-09,pw01dud102018101984/8E,クインズメリッサ,2025-02-09,牝7,1
2025-04-20,pw01dud102022103954/5F,クインズメレンゲ,2025-08-10,牝3,5
2025-05-03,pw01dud102022107194/D3,クインズモナカ,2025-05-03,牝3,2
2025-11-08,pw01dud102019104128/CB,クイーンアポーン,2025-11-08,牝6,4
2025-12-20,pw01dud102023102090/B7,クイーンアン,2025-12-20,牝2,1
2025-02-16,pw01dud102020102995/0B,クイーンオブソウル,2025-02-16,牝5,1
2025-08-03,pw01dud102023102152/8E,クイーンオブハート,2025-11-01,牝2,5
2025-08-31,pw01dud102021105414/7C,クイーンズウォーク,2025-11-02,牝4,5
2025-09-27,pw01dud102023102938/A8,クイーンズガーデン,2025-09-27,牝2,1
2025-03-09,pw01dud102022103111/3E,クイーンズグリーン,2025-03-09,牝3,1
2025-09-06,pw01dud102023105219/71,クイーンズステート,2025-10-11,牝2,2
2025-08-09,pw01dud102022100962/BC,クイーンズデイ,2025-12-13,牝3,9
2025-12-14,pw01dud102023106857/E0,クイーンズドリーム,2025-12-14,牝2,2
2025-10-13,pw01dud102023100941/B5,クイーンズホリデー,2025-12-06,牝2,3
2025-11-15,pw01dud102023103686/6E,クイーンズレイン,2025-11-15,牝2,1
2025-04-27,pw01dud102021105168/05,クイーンズワーフ,2025-12-21,牝4,10
2025-08-17,pw01dud102022106632/93,クイーンハピ,2025-08-17,牝3,3
2025-01-25,pw01dud102022100070/2D,クイーンパレス,2025-04-20,牝3,3
2025-08-09,pw01dud102022104495/0C,クイーンラブ,2025-09-15,牝3,6
2025-11-16,pw01dud102023101106/1B,クイーンレグナント,2025-12-07,牝2,4
2025-12-14,pw01dud102023105271/39,クォンタムビット,2025-12-14,牡2,1
2025-08-02,pw01dud102021104777/D9,クォーツァイト,2025-11-24,牝4,7
2025-12-07,pw01dud102023106759/95,クォーツテソーロ,2025-12-07,牝2,1
2025-05-04,pw01dud102021103667/A9,クオレス,2025-05-24,牝4,3
2025-07-05,pw01dud102022105115/E8,クオレプリマドンナ,2025-08-24,牝3,5
2025-11-09,pw01dud102023101050/88,クオンタムスター,2025-11-09,牡2,1
2025-11-30,pw01dud102023100755/2F,クククトルンナ,2025-12-06,牡2,2
2025-10-18,pw01dud102023105222/5C,クシマトゥルー,2025-12-13,牝2,2
2025-05-03,pw01dud102021103665/C3,クスクス,2025-12-07,牝4,7
2025-11-09,pw01dud102023104420/E9,クッカユフラ,2025-11-09,牝2,1
2025-08-17,pw01dud102022101491/73,クックパイン,2025-08-17,牡3,4
2025-06-28,pw01dud102022106638/45,クナウティア,2025-06-28,牝3,1
2025-07-12,pw01dud102022105990/B1,クニノハッピー,2025-12-21,牡3,9
2025-08-10,pw01dud102020103356/07,クファシル,2025-11-09,牡5,5
2025-11-08,pw01dud102023102708/16,クボウサマ,2025-12-13,せん2,4
2025-06-28,pw01dud102018103205/08,クムシラコ,2025-10-26,牡7,6
2025-08-16,pw01dud102022101498/98,クモヒトツナイ,2025-11-29,牡3,10
2025-10-12,pw01dud102023100378/E4,クモンリュウ,2025-11-15,牡2,2
2025-01-13,pw01dud102022100102/D4,クライスラー,2025-08-23,牝3,5
2025-08-16,pw01dud102022104818/A9,クライスレリアーナ,2025-10-19,牝3,4
2025-08-31,pw01dud102023104192/AC,クライナリーゼ,2025-12-28,牡2,6
2025-03-30,pw01dud102021102168/38,クライミーアリバー,2025-11-08,牝4,3
2025-07-20,pw01dud102022101462/B6,クラインシュミット,2025-08-31,牝3,2
2025-05-04,pw01dud102022100099/58,クラウディアイ,2025-11-29,牡3,6
2025-12-28,pw01dud102023107080/52,クラウトロック,2025-12-28,牡2,1
2025-01-19,pw01dud102019101888/B5,クラウドクラスター,2025-02-10,牡6,2
2025-05-04,pw01dud102020102552/AE,クラウドセイル,2025-12-20,牡5,7
2025-06-21,pw01dud102022105214/A6,クラウドプリーザー,2025-07-05,牝3,4
2025-07-19,pw01dud102022101286/40,クラウンアールシー,2025-09-14,牡3,8
2025-10-18,pw01dud102023100814/AD,クラウンインジエア,2025-10-18,牡2,2
2025-08-17,pw01dud102022101278/16,クラウンウルル,2025-11-24,牡3,9
2025-12-06,pw01dud102023100793/89,クラウンカイロス,2025-12-06,牡2,1
2025-05-17,pw01dud102022101299/A9,クラウンキュー,2025-05-17,牡3,2
2025-07-27,pw01dud102021101256/84,クラウングスタフ,2025-12-14,牡4,5
2025-06-28,pw01dud102021101253/2B,クラウンシエンタ,2025-12-07,牡4,9
2025-07-12,pw01dud102022101812/2A,クラウンジュエル,2025-07-12,牡3,4
2025-07-26,pw01dud102019101488/F1,クラウンセト,2025-08-23,牡6,5
2025-05-03,pw01dud102022101296/50,クラウンセヘル,2025-05-24,牡3,4
2025-05-25,pw01dud102022101291/11,クラウンテック,2025-06-22,牡3,2
2025-07-27,pw01dud102022106071/3A,クラウンハート,2025-07-27,牡3,6
2025-01-13,pw01dud102021105270/AE,クラウンパント,2025-02-10,牝4,3
2025-02-22,pw01dud102022101281/01,クラウンフリード,2025-02-22,牡3,1
2025-08-16,pw01dud102023100795/6F,クラウンプレゼンタ,2025-12-14,牡2,3
2025-07-06,pw01dud102022101280/8E,クラウンヴィラン,2025-07-06,牡3,1
2025-11-23,pw01dud102023104780/DC,クラシオン,2025-12-14,牡2,2
2025-08-10,pw01dud102022100860/A5,クラシカルカイザー,2025-09-14,牡3,8
2025-04-12,pw01dud102019105542/EC,クラシックステップ,2025-08-31,牡6,5
2025-02-01,pw01dud102022106394/46,クラスペディア,2025-11-30,牡3,7
2025-08-31,pw01dud102023106172/6A,クラックショット,2025-11-23,牡2,2
2025-08-23,pw01dud102021105580/51,クラッシファイド,2025-11-08,牡4,4
2025-12-27,pw01dud102023107351/28,クラッチスラッガー,2025-12-27,牡2,1
2025-06-28,pw01dud102021105418/48,クラッチプレイヤー,2025-12-27,牡4,7
2025-11-08,pw01dud102019103679/94,クラップアンドチア,2025-11-08,牡6,1
2025-09-13,pw01dud102019103278/5D,クラップサンダー,2025-12-06,牡6,8
2025-12-27,pw01dud102023105462/FE,クラテロス,2025-12-27,牝2,1
2025-06-22,pw01dud102023100796/E2,クラディスティーナ,2025-11-16,牡2,4
2025-08-10,pw01dud102023101770/FF,クラリスヒメ,2025-08-30,牝2,2
2025-12-20,pw01dud102023106640/49,クラリティサウンド,2025-12-20,牡2,2
2025-08-03,pw01dud102019103442/DD,クラリティスケール,2025-08-17,牝6,9
2025-06-21,pw01dud102022101404/3C,クラリティー,2025-07-05,牝3,3
2025-10-25,pw01dud102022105585/1C,クラリネットソナタ,2025-10-25,牝3,5
2025-03-29,pw01dud102022101668/CA,クラリヴィデンシア,2025-06-15,牡3,3
2025-07-27,pw01dud102022105342/21,クラレット,2025-08-16,牡3,7
2025-08-03,pw01dud102023103065/B5,クラン,2025-12-06,牝2,3
2025-11-15,pw01dud102023107197/B8,クランズクラウン,2025-11-15,牝2,2
2025-08-03,pw01dud102022110076/AD,クランドゥイユ,2025-08-31,牝3,10
2025-03-23,pw01dud102021100139/9D,クランフォード,2025-12-13,牝4,3
2025-08-10,pw01dud102022104669/0A,クラヴァンス,2025-12-21,牡3,5
2025-04-05,pw01dud102022103628/68,クラヴィウス,2025-06-21,牡3,2
2025-07-19,pw01dud102021100150/B2,クラヴィコード,2025-07-19,牝4,2
2025-03-01,pw01dud102021102272/C7,クラークテソーロ,2025-03-01,牡4,1
2025-11-01,pw01dud102023103010/26,クラージュスター,2025-11-01,牡2,1
2025-06-15,pw01dud102022101587/46,クリアクォーツ,2025-12-28,牡3,13
2025-07-20,pw01dud102023103355/38,クリエープキー,2025-12-13,牝2,5
2025-05-17,pw01dud102022106627/C2,クリオシダード,2025-12-28,牡3,7
2025-11-29,pw01dud102023105795/1A,クリオロゴールド,2025-12-28,牡2,2
2025-12-07,pw01dud102023101412/F2,クリコバロー,2025-12-07,牡2,4
2025-10-12,pw01dud102023101610/6E,クリコファルコン,2025-11-01,牡2,2
2025-11-22,pw01dud102023101603/B7,クリコメリー,2025-12-20,牝2,2
2025-01-13,pw01dud102021104006/9F,クリスアーサー,2025-04-06,牡4,3
2025-09-20,pw01dud102019106777/AC,クリスタルウエイ,2025-09-20,牡6,1
2025-04-12,pw01dud102022102442/85,クリスタルテン,2025-06-28,牝3,3
2025-09-20,pw01dud102023107406/48,クリスタルドレス,2025-09-20,牝2,1
2025-08-16,pw01dud102023106048/BB,クリスタルメモリー,2025-08-16,牝2,3
2025-06-22,pw01dud102022101019/C7,クリスティテソーロ,2025-06-22,牡3,2
2025-11-22,pw01dud102023102828/67,クリスプレミアム,2025-11-22,牝2,2
2025-08-03,pw01dud102021105799/CE,クリスマスパレード,2025-11-22,牝4,5
2025-11-22,pw01dud102023106937/F1,クリソプテロン,2025-12-06,牝2,4
2025-04-13,pw01dud102020106406/B5,クリダーム,2025-07-05,牡5,3
2025-08-16,pw01dud102022105331/9E,クリップクロップ,2025-08-16,牝3,7
2025-07-27,pw01dud102022103396/5F,クリナッチ,2025-07-27,牝3,2
2025-05-25,pw01dud102019103978/B4,クリニエールグラス,2025-08-10,牝6,3
2025-05-04,pw01dud102020100934/5A,クリニクラウン,2025-11-16,牝5,7
2025-08-31,pw01dud102023103635/AB,クリノアトレ,2025-12-07,牡2,3
2025-03-22,pw01dud102021101228/3A,クリノアドバンス,2025-08-23,牡4,6
2025-02-15,pw01dud102022103489/D9,クリノアラジン,2025-07-20,牡3,4
2025-03-23,pw01dud102022101395/0E,クリノウィリアム,2025-03-23,牡3,3
2025-04-12,pw01dud102022101252/44,クリノエドガー,2025-08-30,牡3,5
2025-05-10,pw01dud102022101147/42,クリノエニシ,2025-05-10,牡3,2
2025-01-18,pw01dud102021101859/03,クリノオデッセイ,2025-02-08,牡4,2
2025-12-20,pw01dud102021102259/CC,クリノオリーブ,2025-12-20,牝4,7
2025-12-27,pw01dud102021101431/87,クリノキングマン,2025-12-27,牡4,1
2025-06-01,pw01dud102022102815/72,クリノクイーン,2025-06-01,牝3,2
2025-11-02,pw01dud102020107081/21,クリノクリスタル,2025-11-23,牝5,10
2025-07-26,pw01dud102022105528/15,クリノクーチャン,2025-09-06,牡3,4
2025-09-07,pw01dud102020102360/76,クリノグローリー,2025-12-07,牡5,7
2025-02-15,pw01dud102022100991/79,クリノコウテイ,2025-03-01,牡3,2
2025-06-29,pw01dud102020103885/B9,クリノゴッホ,2025-11-09,せん5,9
2025-07-26,pw01dud102022103798/09,クリノスワロー,2025-07-26,牝3,3
2025-11-22,pw01dud102023101199/04,クリノセーラーマン,2025-12-06,牡2,2
2025-08-03,pw01dud102021105068/D4,クリノハレルヤ,2025-08-03,牝4,5
2025-08-03,pw01dud102022102236/DF,クリノバーグマン,2025-09-13,牡3,5
2025-02-15,pw01dud102021101226/54,クリノフィガロ,2025-12-13,牡4,12
2025-07-20,pw01dud102022101857/A9,クリノフローレンス,2025-08-24,牝3,9
2025-04-27,pw01dud102022106499/B6,クリノボタンチャン,2025-04-27,牝3,3
2025-01-13,pw01dud102020100230/37,クリノマイスター,2025-01-13,牡5,1
2025-02-23,pw01dud102019102576/1B,クリノマジン,2025-02-23,牡6,1
2025-11-16,pw01dud102019103285/14,クリノミニスター,2025-11-16,牡6,8
2025-11-22,pw01dud102022101250/5E,クリノメイ,2025-11-22,牝3,4
2025-09-13,pw01dud102022109038/EC,クリノラピダス,2025-10-04,牡3,7
2025-05-04,pw01dud102022102943/ED,クリノランシャーク,2025-05-04,牡3,1
2025-01-25,pw01dud102020100347/9D,クリノリアルレディ,2025-01-25,牝5,1
2025-07-20,pw01dud102022104650/EF,クリフウォーク,2025-07-20,牝3,4
2025-11-22,pw01dud102021101701/EA,クリフハンガー,2025-11-22,せん4,5
2025-08-16,pw01dud102022101637/27,クリプトス,2025-08-16,牡3,4
2025-09-13,pw01dud102023104439/04,クリムゾンキャット,2025-09-13,牝2,1
2025-12-07,pw01dud102023103415/29,クリムゾンバースト,2025-12-20,牡2,2
2025-07-13,pw01dud102022102005/DA,クリムゾンボタン,2025-07-13,牝3,2
2025-12-20,pw01dud102023102967/65,クリムゾンリーフ,2025-12-20,牡2,1
2025-11-23,pw01dud102023102107/7D,クリュメノス,2025-12-13,牡2,2
2025-08-17,pw01dud102022103501/F2,クリールスル,2025-09-06,牝3,5
2025-10-19,pw01dud102021101651/09,クリーンエア,2025-11-02,牡4,5
2025-12-20,pw01dud102023101728/47,クリーンブーケ,2025-12-20,牝2,1
2025-02-08,pw01dud102022107384/25,クリーンリーチ,2025-05-11,牡3,3
2025-11-08,pw01dud102023104564/26,クルスデルスール,2025-12-13,牡2,3
2025-08-09,pw01dud102020101813/85,クルゼイロドスル,2025-08-09,牡5,4
2025-10-25,pw01dud102023104001/78,クルビデンス,2025-12-28,牡2,2
2025-06-01,pw01dud102021105503/2A,クルミナーレ,2025-12-20,牡4,7
2025-05-04,pw01dud102019106842/6E,クルル,2025-05-04,牡6,2
2025-04-26,pw01dud102022103907/68,クルールローザンヌ,2025-04-26,牝3,3
2025-02-23,pw01dud102022100988/8E,クルーンチャン,2025-06-14,牡3,4
2025-11-24,pw01dud102023107319/80,クレアノア,2025-11-24,牝2,1
2025-02-22,pw01dud102021102522/0A,クレイジーディス,2025-02-22,牡4,1
2025-01-18,pw01dud102020106976/1A,クレイプマートル,2025-01-18,牝5,1
2025-06-29,pw01dud102023106789/C5,クレインヴォイス,2025-11-08,牡2,3
2025-02-02,pw01dud102021104576/04,クレイヴィンオナー,2025-10-18,牡4,5
2025-05-11,pw01dud102022101629/FD,クレオズニードル,2025-12-20,牝3,8
2025-03-22,pw01dud102022107299/43,クレスコドルフィン,2025-11-30,牡3,8
2025-11-02,pw01dud102023103829/C9,クレスコフェーヴ,2025-12-21,牝2,2
2025-09-07,pw01dud102020100707/21,クレセントウイング,2025-11-23,せん5,7
2025-02-22,pw01dud102020109106/EF,クレッシェンド,2025-02-22,牝5,1
2025-03-08,pw01dud102019103197/D9,クレド,2025-03-08,牡6,1
2025-06-21,pw01dud102022105653/37,クレドール,2025-06-29,牝3,3
2025-11-08,pw01dud102023103556/0D,クレバーキュート,2025-12-27,牡2,2
2025-08-02,pw01dud102019107025/0E,クレバーテースト,2025-11-09,せん6,6
2025-05-25,pw01dud102021106085/8A,クレバーピコ,2025-05-25,牝4,1
2025-08-03,pw01dud102023106925/FB,クレパスキュラー,2025-12-20,牡2,2
2025-08-31,pw01dud102022102784/3E,クレプスクルム,2025-11-15,牡3,5
2025-01-11,pw01dud102022102955/E3,クレベール,2025-02-09,牝3,3
2025-11-22,pw01dud102023104393/81,クレマチス,2025-12-14,牝2,3
2025-08-02,pw01dud102020105627/BB,クレメダンジュ,2025-11-16,牝5,8
2025-08-17,pw01dud102022109099/BF,クレヨンポップ,2025-08-17,牡3,6
2025-01-25,pw01dud102022104743/69,クレーキング,2025-05-03,牡3,2
2025-11-08,pw01dud102023106533/61,クロウサギ,2025-12-27,牡2,2
2025-04-19,pw01dud102022104739/0B,クロウソング,2025-09-13,牝3,5
2025-10-11,pw01dud102023101500/2D,クロカミジョウ,2025-10-11,牝2,1
2025-08-09,pw01dud102021101068/18,クロシェットノエル,2025-12-21,牝4,10
2025-05-04,pw01dud102022105572/B3,クロシオカレント,2025-08-03,牡3,6
2025-08-17,pw01dud102019102238/2E,クロジシジョー,2025-12-14,牡6,4
2025-08-30,pw01dud102023106982/02,クロスボーダー,2025-11-16,牝2,3
2025-01-06,pw01dud102019106623/5F,クロスマジェスティ,2025-01-06,牝6,1
2025-01-25,pw01dud102020103503/C0,クロスライセンス,2025-01-25,牡5,1
2025-04-26,pw01dud102022100468/79,クロスレジーナ,2025-06-28,牝3,4
2025-06-14,pw01dud102022104019/94,クロスレート,2025-06-22,牡3,3
2025-02-02,pw01dud102020102805/4A,クロックフォード,2025-11-08,せん5,3
2025-06-15,pw01dud102021101733/00,クロドラバール,2025-09-27,せん4,7
2025-09-15,pw01dud102023107374/A1,クロナ,2025-09-15,牡2,1
2025-03-22,pw01dud102019101864/C9,クロニクル,2025-12-27,せん6,5
2025-08-31,pw01dud102022110123/35,クロノスバレット,2025-08-31,牡3,6
2025-12-27,pw01dud102023101599/C8,クロノレガリス,2025-12-27,牝2,1
2025-12-28,pw01dud102023102150/A8,クロミ,2025-12-28,牝2,1
2025-09-21,pw01dud102017105074/F5,クロミナンス,2025-12-06,牡8,2
2025-11-24,pw01dud102023103972/25,クロムハーツガール,2025-12-06,牝2,2
2025-08-10,pw01dud102022106096/99,クロメヒョウ,2025-08-10,牝3,3
2025-04-26,pw01dud102022104900/32,クロユキ,2025-12-13,牝3,7
2025-05-03,pw01dud102022104753/79,クロライナ,2025-06-15,せん3,2
2025-11-01,pw01dud102023102284/D5,クロリン,2025-11-01,牡2,1
2025-06-01,pw01dud102022105102/7F,クロワデュノール,2025-11-30,牡3,3
2025-10-13,pw01dud102023104391/9B,クロワール,2025-10-26,牡2,2
2025-08-03,pw01dud102023105001/67,クロンヌジャン,2025-11-24,牡2,2
2025-02-16,pw01dud102019104720/59,クロンヌドラレーヌ,2025-02-16,牝6,1
2025-08-16,pw01dud102019105188/1A,クロースコンバット,2025-11-24,牡6,5
2025-06-22,pw01dud102023110054/33,クワイエットアイ,2025-07-20,牡2,3
2025-03-22,pw01dud102021106940/C4,クヴェレ,2025-03-22,牡4,3
2025-04-19,pw01dud102021104949/F1,クーアフュルスト,2025-08-31,牡4,5
2025-08-03,pw01dud102022100648/BB,クーデール,2025-12-14,牝3,7
2025-10-18,pw01dud102023101318/73,クープグラッセ,2025-12-06,牝2,2
2025-07-26,pw01dud102022102985/13,クールカグラ,2025-07-26,牝3,4
2025-07-26,pw01dud102019103204/21,クールシェルタ,2025-12-27,牡6,11
2025-05-04,pw01dud102021104325/DF,クールソル,2025-11-16,牝4,4
2025-10-19,pw01dud102023107325/C4,クールチェンジ,2025-12-21,牡2,2
2025-08-24,pw01dud102023100504/0A,クールデイトナ,2025-12-06,牡2,4
2025-07-27,pw01dud102023100281/9E,クールドリオン,2025-10-19,牡2,3
2025-05-11,pw01dud102022100026/8F,クールハッカー,2025-05-11,牡3,1
2025-08-10,pw01dud102023103483/B3,クールフィデル,2025-12-07,牡2,4
2025-10-11,pw01dud102023100280/2B,クールフィールド,2025-12-21,牝2,4
2025-09-28,pw01dud102023106985/5B,クールフラン,2025-12-27,牝2,3
2025-06-14,pw01dud102020102724/C6,クールブロン,2025-11-08,牡5,7
2025-05-04,pw01dud102021100356/C6,クールベイビー,2025-10-26,牝4,5
2025-12-07,pw01dud102023104396/DA,クールマイユール,2025-12-07,牡2,1
2025-04-19,pw01dud102022100840/85,クールマーキュリー,2025-04-19,牡3,1
2025-03-16,pw01dud102022100841/F8,クールマーロウ,2025-03-16,牡3,1
2025-06-21,pw01dud102020103387/AA,クールミラボー,2025-12-21,牡5,7
2025-06-15,pw01dud102020100056/A7,クールムーア,2025-06-15,牡5,1
2025-08-30,pw01dud102022106341/9D,クールメゾン,2025-08-30,牝3,2
2025-05-11,pw01dud102022102862/69,クールロジック,2025-05-11,牡3,1
2025-10-12,pw01dud102023100427/52,クーレスト,2025-10-12,牡2,2
2025-10-04,pw01dud102021103051/C1,グアラニア,2025-10-26,牡4,2
2025-12-13,pw01dud102023103322/AF,グスタフ,2025-12-27,牡2,2
2025-07-20,pw01dud102020101182/2B,グッジョブ,2025-12-28,牡5,5
2025-12-20,pw01dud102023106988/B4,グッデイ,2025-12-20,牝2,2
2025-11-15,pw01dud102023110055/A6,グッドピース,2025-12-21,牡2,3
2025-10-19,pw01dud102023106649/54,グッドホース,2025-10-19,牡2,3
2025-03-01,pw01dud102022105958/09,グッドレッスン,2025-03-01,牝3,1
2025-04-26,pw01dud102020104664/B3,グッドロマンス,2025-11-08,牝5,4
2025-04-13,pw01dud102021101521/A8,グッドヴァイブス,2025-12-06,牡4,7
2025-06-21,pw01dud102022102492/D5,グッバイウェーブ,2025-11-15,牝3,6
2025-03-22,pw01dud102022105036/4A,グティ,2025-07-27,せん3,5
2025-03-29,pw01dud102021102162/86,グディンナ,2025-03-29,牝4,1
2025-07-13,pw01dud102021100009/3C,グラインドアウト,2025-08-24,牝4,2
2025-07-27,pw01dud102021105120/2D,グラウンドビート,2025-11-29,せん4,5
2025-10-26,pw01dud102023105370/F7,グラシアムヘール,2025-10-26,牝2,1
2025-07-19,pw01dud102023106351/39,グラスアロー,2025-07-19,牡2,1
2025-02-22,pw01dud102022106468/13,グラスグリード,2025-06-15,牡3,4
2025-10-11,pw01dud102023103218/20,グラスゴー,2025-11-01,牝2,3
2025-02-15,pw01dud102020103985/EA,グラスシフォン,2025-12-21,牝5,6
2025-04-19,pw01dud102022105604/5A,グラスダイヤモンド,2025-07-13,牡3,3
2025-02-16,pw01dud102022103933/CC,グラスティアラ,2025-02-16,牝3,1
2025-02-08,pw01dud102019103004/BF,グラストンベリー,2025-02-08,牝6,1
2025-10-05,pw01dud102023106350/C6,グラスハーティー,2025-12-20,牝2,3
2025-07-12,pw01dud102022102229/28,グラスビジョン,2025-09-07,牡3,9
2025-01-25,pw01dud102022105460/8C,グラスビーチ,2025-09-15,牡3,3
2025-12-28,pw01dud102023106352/AC,グラスフェザー,2025-12-28,牡2,1
2025-07-19,pw01dud102021103588/0B,グラスブランシュ,2025-11-29,牝4,8
2025-11-16,pw01dud102023106349/C1,グラスベリー,2025-12-06,牝2,2
2025-11-24,pw01dud102023107007/F7,グラスベルグ,2025-11-24,牝2,1
2025-12-21,pw01dud102023104251/2A,グラスリッキー,2025-12-21,牡2,1
2025-08-02,pw01dud102022102779/6D,グラツィオーソ,2025-10-26,牝3,9
2025-06-08,pw01dud102018105277/3C,グラティアス,2025-07-20,牡7,7
2025-10-12,pw01dud102021104424/9D,グラティアスミノル,2025-11-22,牡4,6
2025-06-28,pw01dud102023103751/30,グラティアム,2025-11-09,牝2,4
2025-11-30,pw01dud102023106877/00,グラディオール,2025-11-30,牝2,1
2025-12-21,pw01dud102023103225/D7,グラデュエール,2025-12-21,牝2,1
2025-07-19,pw01dud102020100810/3D,グラニット,2025-08-10,牡5,3
2025-04-19,pw01dud102020103507/8C,グラニットピーク,2025-11-30,せん5,7
2025-01-25,pw01dud102022101697/87,グラフィティアート,2025-12-28,牡3,6
2025-04-12,pw01dud102022104671/82,グラフレナート,2025-05-11,牡3,3
2025-02-09,pw01dud102022103064/B6,グラブビクトリー,2025-04-05,牝3,4
2025-05-17,pw01dud102021103557/68,グランアルティスタ,2025-07-05,牡4,5
2025-10-26,pw01dud102023104156/38,グランアルト,2025-11-24,牡2,3
2025-11-22,pw01dud102021110138/F8,グランエシェゾー,2025-12-07,牝4,11
2025-05-25,pw01dud102021110109/3B,グランオルカ,2025-11-16,牡4,6
2025-03-15,pw01dud102021100620/77,グランオース,2025-03-15,牡4,2
2025-07-12,pw01dud102022104908/CA,グランカッサ,2025-11-16,牝3,6
2025-06-14,pw01dud102022102780/72,グランカメリア,2025-07-06,牡3,5
2025-04-27,pw01dud102021105600/02,グランカンタンテ,2025-12-21,牝4,7
2025-11-09,pw01dud102022100664/0F,グランキングオー,2025-11-23,牡3,10
2025-08-16,pw01dud102022101414/4C,グランクリュ,2025-08-16,牝3,2
2025-05-17,pw01dud102021105123/86,グランコネクシオン,2025-11-23,牝4,10
2025-05-25,pw01dud102020103289/5F,グランサバナ,2025-05-25,せん5,2
2025-08-09,pw01dud102022105968/19,グランシャット,2025-09-06,牝3,7
2025-12-27,pw01dud102023102630/7D,グランシャン,2025-12-27,牡2,1
2025-01-26,pw01dud102019109053/36,グランシャーク,2025-09-28,せん6,3
2025-12-21,pw01dud102022104673/68,グランジョルノ,2025-12-21,牡3,2
2025-07-13,pw01dud102022102534/8C,グランスターオー,2025-07-27,牡3,7
2025-08-03,pw01dud102019101629/66,グランスラムアスク,2025-08-03,牝6,9
2025-08-02,pw01dud102022106645/FC,グランセゾン,2025-10-18,牝3,7
2025-08-16,pw01dud102023100953/AB,グランセレスト,2025-11-30,牡2,5
2025-04-27,pw01dud102022105691/91,グランダイト,2025-08-24,せん3,3
2025-02-01,pw01dud102018106693/43,グランツアーテム,2025-12-21,牡7,5
2025-08-16,pw01dud102020104087/06,グランツベリー,2025-09-06,牝5,5
2025-04-12,pw01dud102022106824/CB,グランツローゼ,2025-08-02,牝3,6
2025-01-12,pw01dud102020101543/22,グランテスト,2025-12-20,牝5,8
2025-08-17,pw01dud102021102401/46,グランテレーズ,2025-12-13,牝4,8
2025-06-29,pw01dud102019105302/4A,グランディア,2025-12-21,せん6,4
2025-10-13,pw01dud102023101716/51,グランディマージュ,2025-10-13,牡2,2
2025-05-18,pw01dud102020105089/DB,グランデサラス,2025-12-21,牡5,6
2025-03-30,pw01dud102020104913/83,グランデスフィーダ,2025-11-23,牡5,6
2025-03-16,pw01dud102021107280/9C,グランドエスケープ,2025-03-16,牡4,3
2025-08-24,pw01dud102023104373/61,グランドオーパス,2025-12-06,牝2,3
2025-05-17,pw01dud102020106234/9D,グランドカリナン,2025-11-29,牡5,8
2025-02-02,pw01dud102022101852/6A,グランドクロス,2025-02-02,牝3,1
2025-08-09,pw01dud102019105908/22,グランドゴールド,2025-08-24,牡6,6
2025-12-06,pw01dud102023102833/38,グランドスウェル,2025-12-06,牡2,1
2025-06-22,pw01dud102021104422/B7,グランドセントラル,2025-12-27,牡4,5
2025-02-09,pw01dud102022103368/15,グランドネビュラ,2025-03-29,牡3,3
2025-12-27,pw01dud102023102028/DF,グランドフィナーレ,2025-12-27,牡2,1
2025-02-09,pw01dud102022105722/C5,グランドプラージュ,2025-11-23,牡3,2
2025-05-31,pw01dud102021101779/F2,グランナヴィール,2025-06-29,牡4,5
2025-04-19,pw01dud102021102055/9E,グランバイオレット,2025-04-19,牝4,3
2025-10-26,pw01dud102021100708/20,グランパリッシュ,2025-10-26,牝4,3
2025-03-15,pw01dud102020100847/92,グランヒマラヤ,2025-03-15,牡5,1
2025-10-11,pw01dud102023107190/93,グランビスタ,2025-10-11,牝2,1
2025-04-27,pw01dud102020110140/E4,グランファラオ,2025-04-27,牡5,1
2025-07-06,pw01dud102023105549/34,グランフォワイエ,2025-12-14,牡2,3
2025-04-13,pw01dud102020101303/80,グランフォーブル,2025-10-19,牡5,5
2025-10-26,pw01dud102023102434/E7,グランフルス,2025-11-15,牡2,2
2025-11-09,pw01dud102023104084/51,グランブラーヴ,2025-12-28,牡2,3
2025-08-16,pw01dud102022107023/BF,グランプラネッタ,2025-09-06,牡3,3
2025-10-19,pw01dud102021104631/B6,グランプリショット,2025-10-19,牡4,2
2025-03-09,pw01dud102019105338/2C,グランプレジール,2025-09-15,せん6,2
2025-08-30,pw01dud102023106986/CE,グランマエストロ,2025-11-29,牡2,3
2025-12-27,pw01dud102023104515/49,グランマズドリーム,2025-12-27,牝2,1
2025-02-23,pw01dud102022100185/AD,グランラティーナ,2025-03-16,牝3,2
2025-05-11,pw01dud102022100517/E7,グランリッジライン,2025-05-24,牡3,2
2025-11-09,pw01dud102021102641/E8,グランルーチェ,2025-11-24,せん4,6
2025-08-03,pw01dud102021106091/CE,グランレザンドール,2025-08-03,牡4,4
2025-08-03,pw01dud102023101572/83,グランワールド,2025-09-21,牡2,3
2025-07-26,pw01dud102022104131/4D,グランヴァルール,2025-09-07,牝3,5
2025-07-26,pw01dud102020103522/6D,グランヴィノス,2025-12-06,牡5,3
2025-02-23,pw01dud102021105831/07,グラヴィス,2025-12-20,牡4,12
2025-11-09,pw01dud102018103603/E6,グラヴィテ,2025-11-24,牝7,8
2025-01-06,pw01dud102022105770/2F,グラースオショコラ,2025-05-10,牝3,3
2025-08-23,pw01dud102023106883/44,グリオンヴール,2025-08-23,牡2,1
2025-06-22,pw01dud102022102559/EB,グリスタン,2025-08-10,牡3,5
2025-10-12,pw01dud102023103042/3C,グリッタードール,2025-11-01,牝2,5
2025-11-30,pw01dud102023106648/E1,グリットウォリアー,2025-11-30,牡2,1
2025-08-09,pw01dud102022103899/AD,グリフォン,2025-09-07,牝3,10
2025-01-19,pw01dud102022105177/2E,グリプトグラフィ,2025-12-06,牡3,2
2025-01-18,pw01dud102019102371/7A,グリモワール,2025-01-18,牝6,1
2025-12-14,pw01dud102023109082/16,グリュイエール,2025-12-27,牡2,2
2025-11-08,pw01dud102023107537/1C,グリュック,2025-11-30,牡2,2
2025-07-05,pw01dud102018104392/5F,グリュースゴット,2025-07-05,せん7,3
2025-04-13,pw01dud102020102194/10,グリューネグリーン,2025-10-18,牡5,6
2025-05-18,pw01dud102022106581/3F,グリューネベルグ,2025-05-18,牝3,3
2025-01-12,pw01dud102019105519/E1,グリューヴルム,2025-02-09,牡6,2
2025-03-08,pw01dud102022100202/05,グリンダ,2025-03-08,牝3,1
2025-05-10,pw01dud102021100328/7C,グリントリッター,2025-09-07,せん4,3
2025-08-16,pw01dud102021105610/12,グリーズマン,2025-09-13,せん4,6
2025-01-06,pw01dud102022101832/4A,グリーティングデー,2025-01-26,牡3,2
2025-07-05,pw01dud102022103030/BA,グリームスター,2025-09-07,牡3,6
2025-06-08,pw01dud102023105456/BA,グリーンエナジー,2025-11-08,牡2,2
2025-05-04,pw01dud102022103399/B8,グリーンエリクサー,2025-05-04,牡3,2
2025-10-05,pw01dud102023101215/E9,グリーンガーネット,2025-11-15,牝2,3
2025-07-20,pw01dud102023105294/B2,グリーンゴー,2025-07-20,牡2,1
2025-08-16,pw01dud102023101975/A0,グリーンスリーヴス,2025-10-19,牡2,3
2025-02-15,pw01dud102019102421/5B,グリーンライズ,2025-05-18,せん6,3
2025-07-05,pw01dud102022103012/80,グルナルーフス,2025-09-28,牡3,10
2025-11-15,pw01dud102023105958/95,グルノーブル,2025-11-15,牡2,1
2025-07-26,pw01dud102022105306/AD,グルーヴィデザイン,2025-08-31,牝3,3
2025-11-22,pw01dud102022101938/2D,グルーヴィーオン,2025-11-22,牝3,6
2025-01-19,pw01dud102018105021/D8,グルーヴビート,2025-08-23,牡7,5
2025-07-06,pw01dud102017100426/A4,グレアミラージュ,2025-07-06,牡8,3
2025-12-07,pw01dud102023103243/11,グレイイメル,2025-12-20,牡2,2
2025-08-24,pw01dud102018105454/25,グレイイングリーン,2025-12-27,牡7,7
2025-05-11,pw01dud102022101254/2A,グレイグアン,2025-05-11,牡3,4
2025-11-02,pw01dud102023106991/9F,グレイシエーション,2025-11-02,牝2,1
2025-08-02,pw01dud102020103967/B0,グレイスオブゴッド,2025-11-09,牝5,8
2025-05-03,pw01dud102020100558/82,グレイスカリヨン,2025-10-25,牝5,4
2025-08-16,pw01dud102022105776/E1,グレイスザクラウン,2025-11-15,せん3,8
2025-08-02,pw01dud102022101044/B8,グレイスフルマーチ,2025-11-16,牡3,7
2025-06-15,pw01dud102022106541/FF,グレイテストソング,2025-12-07,牡3,7
2025-12-06,pw01dud102023104208/FF,グレイトエイト,2025-12-06,牡2,1
2025-04-27,pw01dud102021107220/3C,グレイトクラウン,2025-11-24,牝4,9
2025-03-09,pw01dud102017106137/2E,グレイトゲイナー,2025-03-09,牡8,2
2025-12-20,pw01dud102023105059/4F,グレイトソン,2025-12-20,牡2,1
2025-04-19,pw01dud102021101413/4D,グレイトフルペイン,2025-04-19,牝4,3
2025-04-19,pw01dud102022101196/1F,グレイトレッグ,2025-07-05,牡3,4
2025-10-18,pw01dud102022105473/F5,グレイルクエスト,2025-12-07,牡3,7
2025-07-19,pw01dud102022104683/78,グレインワーク,2025-07-19,牡3,1
2025-03-22,pw01dud102022106836/C1,グレコ,2025-04-13,牝3,2
2025-08-02,pw01dud102022101690/62,グレゴリオ,2025-10-26,牡3,4
2025-05-10,pw01dud102019102761/2E,グレタ,2025-12-28,牝6,6
2025-06-29,pw01dud102020103033/FB,グレノークス,2025-11-16,牝5,6
2025-07-26,pw01dud102020110151/67,グレン,2025-08-09,牡5,3
2025-12-20,pw01dud102023103794/C9,グレンセロース,2025-12-20,牝2,1
2025-08-23,pw01dud102022105001/DB,グレヴィレア,2025-08-23,牝3,1
2025-06-22,pw01dud102022101428/28,グレースサンライズ,2025-06-22,牝3,2
2025-05-25,pw01dud102022105498/54,グレースシャルマン,2025-06-08,牝3,2
2025-11-15,pw01dud102023105336/69,グレースジェンヌ,2025-11-15,牝2,1
2025-09-06,pw01dud102023101774/CB,グレースチャクラ,2025-09-20,牝2,2
2025-10-25,pw01dud102021104140/5E,グレースルージュ,2025-10-25,牝4,3
2025-12-07,pw01dud102023100719/BB,グレーターグレイ,2025-12-07,牝2,1
2025-06-01,pw01dud102022104203/34,グレーターバーチュ,2025-06-01,牡3,1
2025-10-18,pw01dud102023100567/C3,グレートアゲイン,2025-10-18,牡2,1
2025-07-20,pw01dud102022101978/6D,グレートシューター,2025-08-31,牡3,3
2025-03-08,pw01dud102022110102/A2,グレートシール,2025-03-08,牡3,1
2025-01-05,pw01dud102022102947/B9,グレートジーンズ,2025-07-06,牡3,6
2025-01-25,pw01dud102022103849/5D,グレートセンス,2025-01-25,牝3,1
2025-01-11,pw01dud102020106368/CA,グレートロード,2025-01-11,牡5,1
2025-08-09,pw01dud102023103351/6C,グレーヌドジョワ,2025-12-14,牡2,4
2025-05-10,pw01dud102022100995/45,グロウミニョン,2025-06-01,牝3,3
2025-05-10,pw01dud102022104608/37,グロスビーク,2025-05-10,牡3,2
2025-05-11,pw01dud102021104844/81,グロッシェン,2025-11-16,牡4,5
2025-02-22,pw01dud102021101147/B6,グロバーテソーロ,2025-10-18,牡4,4
2025-11-22,pw01dud102023102891/B2,グロリアス,2025-11-22,牝2,3
2025-04-05,pw01dud102022103908/DB,グロリアスアスペン,2025-04-05,牝3,2
2025-08-30,pw01dud102019105755/B7,グロリアスヒーロー,2025-11-24,せん6,7
2025-08-03,pw01dud102023103680/BC,グロリアスマーチ,2025-12-27,牡2,6
2025-08-24,pw01dud102021104830/A5,グロリアラウス,2025-12-27,せん4,7
2025-07-26,pw01dud102022100595/81,グロリオン,2025-07-26,牡3,3
2025-04-27,pw01dud102022106077/EC,グロワールスカイ,2025-07-20,牡3,6
2025-04-13,pw01dud102022105430/5C,グローサートラウム,2025-07-20,牡3,6
2025-01-12,pw01dud102019100360/19,グローツラング,2025-01-12,牡6,1
2025-05-10,pw01dud102021105022/E2,グローブアマランス,2025-10-26,牝4,7
2025-03-15,pw01dud102022100853/EE,グローブミッション,2025-04-20,牝3,2
2025-09-06,pw01dud102021104432/C7,グローリアミノル,2025-11-15,牡4,3
2025-11-09,pw01dud102021104950/F6,グローリーアテイン,2025-11-09,せん4,6
2025-01-12,pw01dud102020106928/B0,グローリーカフェ,2025-01-12,牝5,1
2025-05-03,pw01dud102022101448/48,グローリーリンク,2025-12-28,牝3,8
2025-02-23,pw01dud102022102391/31,グーテンベルク,2025-12-13,牡3,4
2025-12-13,pw01dud102019105416/57,グーデンドラーク,2025-12-13,牡6,5
2025-01-25,pw01dud102022101238/D6,グーフドリファール,2025-02-15,牝3,2
2025-08-02,pw01dud102022102801/96,グールマン,2025-08-02,牡3,4
2025-02-15,pw01dud102021106612/E7,グーヴェルナイユ,2025-06-29,牡4,3
2025-05-24,pw01dud102022106790/3E,ケアンズ,2025-05-24,牡3,3
2025-08-30,pw01dud102023102769/E9,ケイアイアギト,2025-12-14,牡2,3
2025-01-19,pw01dud102020104228/7B,ケイアイアニラ,2025-01-19,牡5,1
2025-08-03,pw01dud102023105762/91,ケイアイアマゾン,2025-12-21,牡2,5
2025-12-14,pw01dud102021100711/0B,ケイアイアルタイル,2025-12-14,牡4,2
2025-05-18,pw01dud102021106565/5F,ケイアイアンタレス,2025-05-18,牡4,4
2025-01-06,pw01dud102019106076/E2,ケイアイオメガ,2025-01-06,牡6,1
2025-11-16,pw01dud102022103855/A1,ケイアイカラキア,2025-11-16,せん3,6
2025-12-14,pw01dud102023105758/33,ケイアイギルス,2025-12-14,せん2,1
2025-08-10,pw01dud102020105561/18,ケイアイクビラ,2025-09-13,牡5,3
2025-04-13,pw01dud102020104881/DC,ケイアイサンデラ,2025-05-11,牡5,3
2025-03-15,pw01dud102018101739/1B,ケイアイシェルビー,2025-12-28,牡7,4
2025-08-17,pw01dud102019100318/61,ケイアイセナ,2025-08-17,牡6,4
2025-02-16,pw01dud102022106576/6E,ケイアイテア,2025-09-06,牡3,5
2025-01-19,pw01dud102022106583/25,ケイアイブイスリー,2025-11-30,牡3,6
2025-12-20,pw01dud102023105761/1E,ケイアイブラック,2025-12-20,牡2,3
2025-01-12,pw01dud102021103836/68,ケイアイプロキオン,2025-01-12,牡4,1
2025-12-20,pw01dud102022106582/B2,ケイアイマウンガ,2025-12-20,牡3,3
2025-01-12,pw01dud102022106584/98,ケイアイマハナ,2025-06-01,牡3,5
2025-07-26,pw01dud102020104215/12,ケイアイメキラ,2025-11-15,せん5,11
2025-02-15,pw01dud102017103575/7F,ケイアイメープル,2025-02-15,牡8,1
2025-01-11,pw01dud102018103819/0A,ケイアイロベージ,2025-01-11,せん7,1
2025-08-17,pw01dud102022103053/33,ケイアイワイラーパ,2025-12-14,牡3,10
2025-02-09,pw01dud102022103856/14,ケイアイワカポノ,2025-02-09,牡3,2
2025-04-13,pw01dud102020103673/61,ケイエイト,2025-10-19,牡5,8
2025-02-16,pw01dud102021103799/F0,ケイケイ,2025-12-21,せん4,9
2025-01-18,pw01dud102022101357/B4,ケイコウギュウゴ,2025-07-12,牡3,7
2025-02-22,pw01dud102021100697/0C,ケイサンノーブル,2025-03-16,牝4,2
2025-11-23,pw01dud102023100037/9E,ケイジ,2025-11-23,牡2,1
2025-08-30,pw01dud102022100918/1E,ケイツーギルダー,2025-11-08,牡3,6
2025-11-16,pw01dud102023104007/2A,ケイツークルサード,2025-12-13,牡2,2
2025-04-20,pw01dud102020103160/03,ケイツークローン,2025-12-14,せん5,9
2025-05-11,pw01dud102022106117/BD,ケイツーコルーニ,2025-05-11,牝3,1
2025-08-17,pw01dud102022104522/74,ケイツーシェケル,2025-08-17,せん3,2
2025-11-24,pw01dud102023104018/AD,ケイツースクード,2025-12-28,牡2,2
2025-10-26,pw01dud102023103002/FC,ケイツータカ,2025-11-01,牝2,2
2025-06-28,pw01dud102022102253/A6,ケイツータンカ,2025-08-31,牡3,3
2025-04-20,pw01dud102022106054/73,ケイツーブル,2025-09-14,牡3,9
2025-05-03,pw01dud102022106136/6A,ケイツーペニー,2025-05-03,牝3,3
2025-11-08,pw01dud102023103628/F4,ケイツーリーブル,2025-12-20,牝2,3
2025-04-13,pw01dud102021101801/1B,ケイツールピア,2025-12-14,牝4,9
2025-03-02,pw01dud102022100818/ED,ケイツーレウ,2025-03-30,牝3,2
2025-11-23,pw01dud102022109119/70,ケイテンアイジン,2025-12-20,牡3,3
2025-05-18,pw01dud102020103241/87,ケイデンシーマーク,2025-12-28,牝5,9
2025-10-05,pw01dud102023100601/E2,ケイトバローズ,2025-10-26,牝2,2
2025-01-18,pw01dud102020105128/39,ケイトポムドゥパン,2025-04-05,牝5,2
2025-01-26,pw01dud102020101660/1A,ケイパブル,2025-01-26,牝5,1
2025-08-09,pw01dud102023102803/08,ケイベエ,2025-12-21,牡2,8
2025-07-05,pw01dud102022104002/5F,ケイマノキコウシ,2025-07-05,せん3,3
2025-07-05,pw01dud102023102166/6A,ケナゲ,2025-11-15,牝2,5
2025-07-26,pw01dud102022105357/70,ケノファニース,2025-09-07,牝3,3
2025-11-30,pw01dud102023107274/70,ケファロニア,2025-11-30,牡2,1
2025-11-09,pw01dud102023107382/CB,ケブランリ,2025-11-09,牡2,1
2025-05-03,pw01dud102022102296/3F,ケリフレッドアスク,2025-11-16,牝3,10
2025-08-23,pw01dud102022100807/6A,ケルティックハーツ,2025-08-23,牡3,6
2025-01-13,pw01dud102022101801/A7,ケルピー,2025-01-26,せん3,2
2025-05-25,pw01dud102021100238/5B,ケロシンドリームズ,2025-05-25,牡4,3
2025-03-22,pw01dud102018103796/00,ケンアンビシャス,2025-09-13,牡7,4
2025-01-19,pw01dud102022100148/C6,ケンエージェント,2025-05-11,牡3,3
2025-02-09,pw01dud102020105949/54,ケンキョ,2025-11-30,牡5,6
2025-06-22,pw01dud102022100149/39,ケングロリア,2025-07-13,牝3,6
2025-02-08,pw01dud102022100152/24,ケンシャルロッテ,2025-06-28,牝3,2
2025-11-15,pw01dud102022106883/B8,ケンシレインボー,2025-11-15,牡3,1
2025-07-06,pw01dud102017103641/B4,ケンシンコウ,2025-07-06,牡8,1
2025-08-03,pw01dud102023107181/F6,ケンタッキーホーム,2025-12-20,牡2,3
2025-09-27,pw01dud102023103824/8A,ケントン,2025-09-27,牡2,1
2025-10-04,pw01dud102023101694/BA,ケンフィールド,2025-10-13,牡2,3
2025-11-15,pw01dud102023105085/B3,ケンブリッジグレイ,2025-12-06,牝2,2
2025-08-16,pw01dud102023101689/E9,ケンブリッジサクラ,2025-11-08,牝2,5
2025-05-25,pw01dud102022100147/53,ケンブリッジラブ,2025-05-25,牝3,4
2025-11-30,pw01dud102023101688/76,ケンブリッジルプス,2025-11-30,牡2,1
2025-05-18,pw01dud102020109076/2E,ケンヴァイザッハ,2025-12-27,牡5,4
2025-08-09,pw01dud102023101690/EE,ケンヴォイジャー,2025-09-14,牡2,3
2025-01-26,pw01dud102022102333/B7,ケーニッヒブルート,2025-03-15,牡3,2
2025-08-30,pw01dud102021105161/E0,ケーブパール,2025-10-25,牝4,4
2025-11-22,pw01dud102021100382/2A,ケープアグラス,2025-12-13,牝4,6
2025-09-06,pw01dud102021105896/A6,ケープウィッカム,2025-12-06,牝4,8
2025-11-30,pw01dud102023107138/CB,ケールハイム,2025-11-30,牝2,1
2025-10-19,pw01dud102021106054/E7,ケーヴァラ,2025-10-19,牡4,1
2025-02-22,pw01dud102022103684/FC,ゲイルライダー,2025-12-27,牡3,4
2025-05-31,pw01dud102021104590/72,ゲインサポート,2025-12-20,せん4,9
2025-12-20,pw01dud102023104049/50,ゲキオコプンプン,2025-12-20,牝2,2
2025-05-04,pw01dud102019102102/1B,ゲキザル,2025-12-13,牡6,15
2025-10-11,pw01dud102023105463/71,ゲキシン,2025-11-30,牝2,2
2025-08-09,pw01dud102022103739/1C,ゲクウ,2025-10-18,牡3,6
2025-11-09,pw01dud102023105342/AD,ゲタリア,2025-11-09,牡2,1
2025-06-15,pw01dud102020100586/CC,ゲッティン,2025-06-21,牝5,3
2025-04-27,pw01dud102022110151/7F,ゲッティヴィラ,2025-12-06,牡3,7
2025-12-07,pw01dud102023104630/5B,ゲデヒトニス,2025-12-07,牝2,1
2025-11-23,pw01dud102023106990/2C,ゲフィオン,2025-12-21,牝2,2
2025-08-30,pw01dud102022104736/B2,ゲルチュタール,2025-10-26,牡3,6
2025-11-08,pw01dud102023104669/96,ゲレイロ,2025-12-28,牡2,2
2025-08-31,pw01dud102022101203/67,ゲレル,2025-12-27,牝3,4
2025-08-16,pw01dud102023105423/31,ゲレーロアスール,2025-11-22,牡2,2
2025-07-05,pw01dud102022102512/86,ゲンキイッパイ,2025-09-15,牡3,9
2025-06-15,pw01dud102022105597/12,ゲンジ,2025-12-06,牡3,9
2025-05-10,pw01dud102022100932/8C,ゲンタツ,2025-05-10,牡3,3
2025-11-29,pw01dud102023107346/57,ゲンテン,2025-11-29,牡2,1
2025-03-23,pw01dud102022102674/FD,ゲンパチスラッガー,2025-03-23,牡3,2
2025-10-26,pw01dud102023105064/20,ゲンパチミスティ,2025-10-26,牝2,1
2025-01-12,pw01dud102018102832/16,ゲンパチムサシ,2025-12-14,牡7,4
2025-07-05,pw01dud102022100887/EA,ゲンパチルーナ,2025-12-13,牝3,6
2025-03-22,pw01dud102021101086/52,ゲヴァント,2025-03-22,牝4,1
2025-11-08,pw01dud102021100786/BA,ゲーベル,2025-12-21,牡4,6
2025-10-05,pw01dud102023104614/07,ゲームカレンダー,2025-12-21,牡2,2
2025-08-16,pw01dud102022102338/F6,コア,2025-11-29,牡3,8
2025-12-20,pw01dud102023104193/1F,コイオステソーロ,2025-12-20,牡2,1
2025-02-01,pw01dud102022105882/56,コイスルシャチョウ,2025-06-14,牝3,4
2025-11-29,pw01dud102023100652/A5,コイタマチャン,2025-11-29,牝2,1
2025-03-01,pw01dud102020104245/42,コイニョウボウ,2025-03-01,牝5,2
2025-08-10,pw01dud102021106561/93,コイヌール,2025-10-26,牡4,3
2025-10-25,pw01dud102023102700/7E,コイバナ,2025-11-16,牝2,2
2025-01-18,pw01dud102022106374/26,コイモノガタリ,2025-07-05,牝3,3
2025-06-29,pw01dud102022100097/72,コインアフレーズ,2025-09-06,牝3,6
2025-10-05,pw01dud102023104678/33,コウギョク,2025-10-05,牝2,1
2025-12-14,pw01dud102023101860/20,コウジハラ,2025-12-27,牝2,2
2025-01-25,pw01dud102022103135/2A,コウジョリョウゾク,2025-12-14,牡3,9
2025-08-10,pw01dud102022105461/FF,コウセイケンタロス,2025-08-10,牡3,6
2025-02-09,pw01dud102020102232/FB,コウセイマリア,2025-02-16,牝5,2
2025-11-08,pw01dud102022110026/5D,コウセキ,2025-11-08,牡3,8
2025-08-09,pw01dud102022104876/23,コウソクグルーヴ,2025-08-09,牝3,4
2025-12-21,pw01dud102023106929/C7,コウソクユノ,2025-12-21,牝2,1
2025-08-30,pw01dud102023102674/89,コウソクルリアン,2025-12-27,牡2,4
2025-01-25,pw01dud102022106919/2B,コウバイ,2025-01-25,牝3,1
2025-06-22,pw01dud102022101218/B6,コウユーウィズユー,2025-07-05,牝3,4
2025-09-06,pw01dud102023100757/15,コウユーニポポニコ,2025-12-28,牝2,3
2025-11-22,pw01dud102023109140/21,コウユーネロガ,2025-11-22,牝2,5
2025-04-19,pw01dud102019101435/48,コウユーママニニテ,2025-04-19,牝6,1
2025-03-09,pw01dud102022109164/81,コウユーモジョカー,2025-03-09,牝3,1
2025-03-01,pw01dud102021101194/AD,コウユーユメノヨウ,2025-03-29,牝4,2
2025-02-15,pw01dud102022109055/B3,コウユーラッセーラ,2025-02-15,牡3,1
2025-05-10,pw01dud102022104945/B1,コオリナラグーン,2025-08-17,牝3,6
2025-08-02,pw01dud102022105877/85,コガクボウ,2025-09-28,せん3,3
2025-11-22,pw01dud102021106823/CC,コガネノソラ,2025-11-22,牝4,2
2025-10-26,pw01dud102021105162/53,コキーヌ,2025-10-26,牝4,1
2025-12-13,pw01dud102023105745/CA,ココアプローズ,2025-12-13,牝2,1
2025-04-27,pw01dud102022104770/40,ココアミュレット,2025-04-27,牝3,1
2025-07-19,pw01dud102020103590/F7,ココクレーター,2025-11-16,牝5,4
2025-07-26,pw01dud102023109031/53,ココソラーレ,2025-11-16,牝2,7
2025-04-13,pw01dud102022100912/6C,ココデイック,2025-10-13,牡3,6
2025-08-03,pw01dud102020101607/DF,ココナッツブラウン,2025-11-16,牝5,5
2025-08-23,pw01dud102022100192/64,ココナッツリゾート,2025-08-23,牝3,2
2025-10-12,pw01dud102023104550/4A,ココニーナ,2025-10-12,牝2,1
2025-08-09,pw01dud102021106419/AA,ココボロ,2025-09-27,牝4,3
2025-08-23,pw01dud102022105489/B7,ココモナカ,2025-08-23,牝3,3
2025-08-30,pw01dud102023104040/45,ココラッシー,2025-12-14,牡2,4
2025-07-06,pw01dud102022101858/1C,ココリアマテル,2025-07-06,牝3,2
2025-04-27,pw01dud102022102452/95,ココリハクタク,2025-06-21,牡3,3
2025-04-26,pw01dud102022104347/71,ココレカ,2025-06-14,牝3,5
2025-04-26,pw01dud102022106220/D9,ココロエ,2025-05-04,牝3,5
2025-06-08,pw01dud102022101792/79,ココロビジン,2025-06-08,牝3,3
2025-11-15,pw01dud102023107147/68,コサージュ,2025-11-29,牝2,2
2025-05-04,pw01dud102022107069/B1,コシュデリ,2025-10-18,牡3,5
2025-03-23,pw01dud102022105091/6B,コジオスコ,2025-03-23,牡3,1
2025-02-02,pw01dud102020103307/2A,コスタノヴァ,2025-11-15,牡5,3
2025-01-25,pw01dud102019104968/93,コスタボニータ,2025-01-25,牝6,1
2025-08-17,pw01dud102022105829/1B,コスタヴェルデ,2025-08-17,牝3,2
2025-04-19,pw01dud102022106792/24,コスモアチーブ,2025-12-20,牡3,9
2025-02-08,pw01dud102018110149/E4,コスモアディラート,2025-12-06,牡7,6
2025-08-24,pw01dud102020101337/7C,コスモアバンサ,2025-11-08,牡5,9
2025-10-12,pw01dud102023106451/6A,コスモアマデウス,2025-11-08,牡2,3
2025-07-12,pw01dud102021106768/1A,コスモアミマネラ,2025-12-21,牡4,8
2025-12-28,pw01dud102023106461/7A,コスモアルペジオ,2025-12-28,牡2,1
2025-09-07,pw01dud102022106793/97,コスモアンソロジー,2025-12-07,牡3,9
2025-11-01,pw01dud102023104023/7E,コスモアンタレス,2025-11-15,牡2,2
2025-07-13,pw01dud102022106825/3E,コスモイシュタル,2025-12-14,牝3,8
2025-01-19,pw01dud102022106794/0A,コスモインディ,2025-01-19,牡3,1
2025-08-16,pw01dud102023106486/D9,コスモエウポリア,2025-08-30,牝2,2
2025-08-30,pw01dud102019100702/63,コスモエクスプレス,2025-12-27,牡6,11
2025-04-27,pw01dud102016105797/39,コスモエスパーダ,2025-04-27,牡9,2
2025-05-18,pw01dud102021106785/E1,コスモエスメラルダ,2025-09-06,牝4,7
2025-08-24,pw01dud102023106426/79,コスモエルヴァル,2025-11-02,牡2,3
2025-12-14,pw01dud102023106466/B9,コスモエレジー,2025-12-14,牝2,1
2025-04-27,pw01dud102022106774/EA,コスモエンエン,2025-07-20,牡3,2
2025-07-05,pw01dud102023106481/9A,コスモエーヴィヒ,2025-12-14,牝2,5
2025-07-26,pw01dud102020101258/DE,コスモオピニオン,2025-12-13,牡5,11
2025-02-01,pw01dud102021106792/98,コスモカノア,2025-02-16,牝4,3
2025-07-06,pw01dud102022106832/F5,コスモキャバリエ,2025-09-20,牡3,6
2025-08-17,pw01dud102021106787/C7,コスモキュランダ,2025-12-28,牡4,7
2025-08-03,pw01dud102023106460/07,コスモギオン,2025-12-07,牡2,5
2025-10-18,pw01dud102023106492/1D,コスモギガンティア,2025-10-18,牡2,1
2025-08-10,pw01dud102022106791/B1,コスモクイーンビー,2025-08-31,牝3,3
2025-11-22,pw01dud102023104491/CC,コスモクラシック,2025-11-22,牡2,5
2025-05-18,pw01dud102022106799/49,コスモグッドラック,2025-05-18,牡3,3
2025-02-23,pw01dud102022106800/DF,コスモグラニット,2025-12-27,牡3,6
2025-10-04,pw01dud102023106442/CD,コスモグロボーサ,2025-12-07,牡2,3
2025-08-02,pw01dud102022105470/9C,コスモグローリー,2025-12-27,牡3,11
2025-04-26,pw01dud102022101133/66,コスモコロネット,2025-04-26,牝3,2
2025-02-02,pw01dud102022100526/84,コスモコンフェルマ,2025-12-20,牡3,6
2025-05-03,pw01dud102019100741/30,コスモゴレアドール,2025-08-02,牡6,6
2025-06-28,pw01dud102020103881/ED,コスモサガルマータ,2025-12-21,牡5,5
2025-05-24,pw01dud102022106765/4D,コスモサンビタリア,2025-09-15,牝3,9
2025-07-26,pw01dud102022106785/6D,コスモシェルベット,2025-12-21,牡3,9
2025-12-14,pw01dud102023101040/78,コスモシグルン,2025-12-14,牝2,1
2025-08-30,pw01dud102020103562/AD,コスモシャングリラ,2025-11-30,牝5,6
2025-10-26,pw01dud102023100171/5D,コスモシュンライ,2025-10-26,牝2,1
2025-04-19,pw01dud102020105277/47,コスモジョセフ,2025-08-09,牡5,3
2025-02-02,pw01dud102021106797/D7,コスモジンバック,2025-12-14,牡4,9
2025-01-19,pw01dud102022104120/CA,コスモストーム,2025-10-26,牡3,5
2025-04-26,pw01dud102020101261/C9,コスモスプモーニ,2025-06-15,牡5,6
2025-12-13,pw01dud102023105917/E2,コスモタキシード,2025-12-21,牡2,3
2025-05-10,pw01dud102020105774/E3,コスモチプリア,2025-12-14,牝5,6
2025-08-10,pw01dud102021102653/DE,コスモディナー,2025-08-10,牝4,7
2025-08-09,pw01dud102022106786/E0,コスモトロイメル,2025-08-09,牝3,10
2025-09-07,pw01dud102023106443/40,コスモナエマ,2025-09-07,牝2,3
2025-01-06,pw01dud102022103990/D3,コスモナッシュビル,2025-07-12,牡3,7
2025-04-26,pw01dud102020105746/99,コスモバラタ,2025-12-06,牡5,7
2025-07-26,pw01dud102023106420/C7,コスモファーブロス,2025-12-28,牝2,5
2025-01-26,pw01dud102022101084/F8,コスモフィネス,2025-01-26,牝3,1
2025-09-21,pw01dud102023107094/2E,コスモフィレンツェ,2025-09-21,牡2,1
2025-07-13,pw01dud102020105773/70,コスモフリーゲン,2025-08-31,牡5,4
2025-08-30,pw01dud102021100730/B8,コスモフレディ,2025-12-20,牡4,11
2025-05-17,pw01dud102019102937/12,コスモフロイデ,2025-12-14,牡6,9
2025-04-13,pw01dud102021106782/88,コスモブッドレア,2025-12-21,牡4,5
2025-10-04,pw01dud102023102452/21,コスモブラック,2025-10-12,牡2,2
2025-04-13,pw01dud102022106779/29,コスモブレイズ,2025-04-13,牡3,1
2025-10-05,pw01dud102023106419/C2,コスモヘリアンサス,2025-10-05,牡2,1
2025-12-14,pw01dud102023106482/0D,コスモペンタス,2025-12-14,牝2,1
2025-07-26,pw01dud102022106781/A1,コスモマガラニカ,2025-08-31,牡3,6
2025-07-27,pw01dud102020105350/33,コスモマルーン,2025-12-28,牝5,5
2025-06-29,pw01dud102023105330/B7,コスモメイウェザー,2025-06-29,牡2,1
2025-05-04,pw01dud102022106764/DA,コスモメモラブル,2025-05-31,牝3,4
2025-11-09,pw01dud102023104283/40,コスモラパウィラ,2025-11-09,牡2,4
2025-08-24,pw01dud102023106452/DD,コスモラムバック,2025-12-14,牡2,4
2025-10-19,pw01dud102023106409/B2,コスモリコリス,2025-10-19,牝2,1
2025-04-12,pw01dud102022106789/39,コスモリスナー,2025-05-25,牡3,4
2025-07-06,pw01dud102019100800/AE,コスモルーテウス,2025-07-06,牡6,3
2025-04-20,pw01dud102021106829/7E,コスモレオナルド,2025-12-06,牡4,7
2025-11-08,pw01dud102023102475/9A,コスモレッド,2025-12-21,牝2,2
2025-12-20,pw01dud102023102474/27,コスモローマ,2025-12-20,牡2,1
2025-10-25,pw01dud102022104740/10,コズミックダンサー,2025-12-20,牡3,9
2025-10-25,pw01dud102023103852/D4,コズミックフレア,2025-11-08,牝2,2
2025-08-10,pw01dud102023107353/0E,コズミックボックス,2025-11-30,牝2,4
2025-07-19,pw01dud102023106405/E6,コックオーヴァン,2025-12-13,牝2,5
2025-11-09,pw01dud102023103717/A2,コックピットサイト,2025-11-09,牡2,1
2025-01-19,pw01dud102022106500/4C,コックリサン,2025-01-19,牝3,1
2025-07-26,pw01dud102022107411/8D,コッコラーレ,2025-08-31,牝3,10
2025-06-28,pw01dud102022100190/7E,コッチャン,2025-08-30,牡3,3
2025-11-24,pw01dud102023106718/E2,コッツォリーノ,2025-11-24,牡2,3
2025-07-06,pw01dud102022101365/DE,コットンフラワー,2025-07-06,牝3,5
2025-06-15,pw01dud102021105730/63,コッレヴェッキオ,2025-11-22,牡4,5
2025-12-13,pw01dud102023106800/6B,コティノス,2025-12-13,牡2,1
2025-12-07,pw01dud102023102077/BC,コテツハマー,2025-12-07,牡2,1
2025-01-13,pw01dud102022102047/00,コデラエネ,2025-01-13,牝3,1
2025-10-04,pw01dud102021101019/3B,コト,2025-12-21,牝4,6
2025-11-16,pw01dud102020100209/12,コトブキヘスペラス,2025-11-16,牡5,4
2025-08-16,pw01dud102021103306/43,コトホドサヨウニ,2025-10-26,牡4,4
2025-02-16,pw01dud102022106510/5C,コトリノウタウウタ,2025-06-28,牝3,5
2025-01-06,pw01dud102022106858/C7,コトリノサエズリ,2025-08-24,牝3,5
2025-01-05,pw01dud102020103368/FD,コナコースト,2025-01-05,牝5,1
2025-05-10,pw01dud102019105191/05,コナブラック,2025-09-27,牡6,5
2025-05-18,pw01dud102022101692/48,コナベイション,2025-05-18,牡3,4
2025-08-02,pw01dud102023107283/0D,コニーアイランド,2025-11-30,牝2,2
2025-02-02,pw01dud102021100479/70,コネッシオーネ,2025-02-15,牝4,2
2025-12-21,pw01dud102023105550/39,コハクロン,2025-12-21,牡2,1
2025-03-02,pw01dud102021100681/4A,コハナ,2025-03-22,牡4,3
2025-02-09,pw01dud102022104243/74,コパカツ,2025-03-16,牡3,2
2025-05-03,pw01dud102022102703/4B,コパカバーナ,2025-06-29,牝3,4
2025-08-10,pw01dud102021103125/8E,コパノアントニオ,2025-08-10,牡4,4
2025-10-05,pw01dud102023105162/6B,コパノエイダン,2025-10-05,牡2,2
2025-04-19,pw01dud102021102219/8C,コパノエビータ,2025-05-11,牝4,4
2025-03-02,pw01dud102022102334/2A,コパノエミリア,2025-03-02,牝3,3
2025-07-05,pw01dud102023102321/4D,コパノカーター,2025-10-11,牡2,4
2025-08-31,pw01dud102023101570/9D,コパノキャメロン,2025-09-27,牝2,2
2025-12-20,pw01dud102022104085/38,コパノキュラソー,2025-12-20,牡3,2
2025-02-22,pw01dud102020102344/22,コパノサントス,2025-03-23,牡5,2
2025-06-29,pw01dud102023101306/7D,コパノセビリア,2025-10-18,牝2,4
2025-04-12,pw01dud102022104307/31,コパノディラン,2025-05-03,牡3,2
2025-11-16,pw01dud102023103037/6B,コパノトーマス,2025-12-28,牡2,7
2025-08-17,pw01dud102019104116/D5,コパノニコルソン,2025-10-25,牡6,8
2025-01-25,pw01dud102022104086/AB,コパノハワード,2025-05-31,牡3,4
2025-01-26,pw01dud102020104679/02,コパノハンプトン,2025-04-06,牡5,2
2025-01-06,pw01dud102022104101/1D,コパノハーン,2025-01-06,牡3,1
2025-06-28,pw01dud102023109098/D8,コパノバハマ,2025-07-19,牡2,3
2025-07-20,pw01dud102020100829/58,コパノパサディナ,2025-08-17,牡5,4
2025-01-11,pw01dud102022103103/14,コパノマデリン,2025-02-09,牝3,3
2025-01-11,pw01dud102022104326/DE,コパノマロン,2025-09-14,牝3,6
2025-12-07,pw01dud102023101578/35,コパノミラノ,2025-12-07,牡2,1
2025-08-23,pw01dud102023104972/14,コパノルーカス,2025-10-25,牡2,4
2025-08-16,pw01dud102023102877/44,コパノロケット,2025-08-16,牡2,3
2025-07-06,pw01dud102022107047/AB,コパノヴィンセント,2025-12-07,牡3,4
2025-01-06,pw01dud102022100087/62,コヒロ,2025-08-24,牝3,4
2025-07-13,pw01dud102019102654/46,コブラ,2025-12-28,牡6,6
2025-11-09,pw01dud102023105538/B1,コブラツイスト,2025-12-20,牡2,4
2025-08-09,pw01dud102023106086/15,コマチチャン,2025-12-28,牝2,6
2025-08-09,pw01dud102022105318/A3,コムユンプリュム,2025-11-15,牝3,4
2025-07-26,pw01dud102021107168/E3,コムルヴァン,2025-11-16,牝4,4
2025-07-20,pw01dud102022103549/CA,コムーネ,2025-12-20,牝3,8
2025-04-27,pw01dud102022100006/6F,コモモチャン,2025-04-27,牝3,2
2025-08-30,pw01dud102022110039/C6,コモンスナイプ,2025-08-30,牡3,2
2025-10-12,pw01dud102023106815/BA,コラカオ,2025-10-12,牡2,1
2025-07-12,pw01dud102021106834/4F,コラソンビート,2025-12-07,牝4,7
2025-01-12,pw01dud102019105476/B7,コラリン,2025-01-12,牝6,1
2025-11-16,pw01dud102023106185/D3,コラルリーフ,2025-12-20,牝2,5
2025-04-19,pw01dud102022102355/BD,コリエドール,2025-05-10,牝3,4
2025-05-04,pw01dud102022104623/18,コリカンチャ,2025-11-23,せん3,7
2025-03-23,pw01dud102022102277/92,コルコバードヒル,2025-03-23,牝3,1
2025-10-25,pw01dud102020103318/AD,コルサファターレ,2025-10-25,せん5,3
2025-02-15,pw01dud102022104757/45,コルチェスター,2025-02-15,牡3,1
2025-09-07,pw01dud102023105084/40,コルテオソレイユ,2025-12-21,牡2,6
2025-07-26,pw01dud102020103154/BF,コルデアニル,2025-11-16,牝5,9
2025-04-26,pw01dud102016103092/C5,コルドゥーン,2025-04-26,牡9,2
2025-01-18,pw01dud102022106619/98,コルドンブルー,2025-01-18,牝3,1
2025-07-27,pw01dud102022103488/66,コルネイユドール,2025-09-06,牝3,4
2025-05-25,pw01dud102021105704/FF,コルレオニス,2025-11-30,牡4,5
2025-05-11,pw01dud102022100869/B0,コルレーニョ,2025-06-01,牝3,2
2025-06-22,pw01dud102021104511/65,コルヴィル,2025-11-23,牝4,7
2025-04-27,pw01dud102022104437/92,コルヴィーナ,2025-04-27,牝3,2
2025-11-15,pw01dud102023105965/4C,コレオシークエンス,2025-11-15,牡2,1
2025-07-06,pw01dud102020110020/93,コレクテイニア,2025-12-13,牡5,6
2025-08-09,pw01dud102023104948/96,コレクト,2025-12-20,牡2,2
2025-08-24,pw01dud102023101414/D8,コレデヨカロウ,2025-11-15,牡2,3
2025-04-13,pw01dud102020103043/0B,コレペティトール,2025-10-18,せん5,7
2025-05-04,pw01dud102022103218/94,コロケーション,2025-06-28,牝3,4
2025-08-23,pw01dud102023103337/FE,コロッセウム,2025-12-27,牡2,3
2025-09-15,pw01dud102023107368/5D,コロナドブリッジ,2025-12-13,牡2,4
2025-03-30,pw01dud102022102886/55,コロニス,2025-06-28,牝3,5
2025-04-20,pw01dud102022101368/37,コロラマ,2025-08-30,牡3,2
2025-05-11,pw01dud102017105253/C4,コロンドール,2025-05-11,せん8,1
2025-08-09,pw01dud102022105787/64,コンアフェット,2025-12-07,牝3,5
2025-02-15,pw01dud102020106557/A9,コンクイスタ,2025-12-28,せん5,8
2025-08-03,pw01dud102019100657/C1,コンクエスト,2025-08-03,せん6,4
2025-08-03,pw01dud102020105626/48,コンクシェル,2025-12-14,牝5,8
2025-11-23,pw01dud102023104063/BE,コンゴウフジ,2025-11-23,牡2,1
2025-04-20,pw01dud102022106700/AE,コンサートツアー,2025-05-31,牝3,3
2025-11-24,pw01dud102023105283/2F,コンサートピアノ,2025-11-24,牝2,1
2025-08-30,pw01dud102022104595/3D,コンサートマスター,2025-08-30,牡3,1
2025-12-28,pw01dud102023106963/55,コンジェスタス,2025-12-28,牡2,1
2025-04-12,pw01dud102022102547/F5,コンストラクション,2025-04-12,牡3,2
2025-08-10,pw01dud102022103860/72,コンスピラシー,2025-08-31,牝3,11
2025-04-26,pw01dud102022106635/EC,コンセントレイト,2025-09-06,せん3,5
2025-01-25,pw01dud102022107399/74,コンタンゴ,2025-09-13,牡3,7
2025-07-27,pw01dud102022100629/0E,コンティオ,2025-12-21,牝3,7
2025-02-01,pw01dud102020103785/88,コンティノアール,2025-12-28,牡5,7
2025-07-20,pw01dud102021105449/EB,コンテソレーラ,2025-10-19,牝4,6
2025-05-11,pw01dud102022105167/1E,コンテディカヴール,2025-05-11,牝3,2
2025-10-05,pw01dud102023103682/A2,コンテナヒーロー,2025-12-27,牡2,3
2025-08-24,pw01dud102022105954/3D,コンテナライン,2025-12-14,牝3,9
2025-05-03,pw01dud102021104924/92,コンテナワールド,2025-10-11,牡4,7
2025-02-09,pw01dud102021105367/F4,コンテネレッツア,2025-11-09,牝4,5
2025-03-30,pw01dud102022101586/D3,コントゥアライン,2025-06-07,牡3,2
2025-07-13,pw01dud102020102740/1A,コントラポスト,2025-12-21,牡5,6
2025-01-25,pw01dud102022103681/A3,コントリビュート,2025-01-25,牡3,1
2025-07-27,pw01dud102022100201/92,コンドゥイア,2025-12-21,牝3,12
2025-07-06,pw01dud102019101889/28,コンバスチョン,2025-11-24,せん6,4
2025-08-23,pw01dud102021103236/42,コンバットペスカ,2025-12-13,牝4,6
2025-07-06,pw01dud102022104110/BA,コンパクトファイト,2025-09-06,牡3,10
2025-06-14,pw01dud102023102342/E0,コンフィアンサ,2025-11-24,牝2,5
2025-03-02,pw01dud102021105970/05,コンフェルマ,2025-04-19,牡4,2
2025-08-02,pw01dud102022105421/BF,コンフォルツァ,2025-12-07,牡3,6
2025-07-27,pw01dud102022104137/FF,コンプリート,2025-07-27,牝3,4
2025-07-20,pw01dud102022110092/01,コンヴァージョン,2025-08-02,牡3,6
2025-05-24,pw01dud102022100175/9D,コンヴェックス,2025-07-12,牝3,3
2025-07-05,pw01dud102022101383/18,コヴェナント,2025-08-31,牝3,5
2025-07-27,pw01dud102021102676/57,コーカサスゴールド,2025-11-29,牡4,5
2025-07-20,pw01dud102022102769/5D,コーシューパンジャ,2025-07-20,牡3,7
2025-03-02,pw01dud102019105344/70,コースタルテラス,2025-04-19,せん6,2
2025-06-07,pw01dud102022104733/59,コーチェラバレー,2025-12-28,牡3,7
2025-08-03,pw01dud102021110039/3A,コーティアスマナー,2025-10-05,牝4,5
2025-07-05,pw01dud102023104488/E1,コーディアリー,2025-11-24,牡2,6
2025-07-27,pw01dud102022105326/CD,コートアリシアン,2025-11-23,牝3,6
2025-01-12,pw01dud102021105543/6A,コートリーバウ,2025-03-08,牝4,2
2025-05-10,pw01dud102020103703/22,コーパスクリスティ,2025-07-05,牡5,3
2025-08-10,pw01dud102019104843/03,コーラスライン,2025-08-10,牝6,6
2025-10-25,pw01dud102022105094/C4,コーラルクラウン,2025-10-25,牡3,3
2025-03-01,pw01dud102021101426/B6,コーラルハート,2025-07-05,牝4,4
2025-02-16,pw01dud102021104963/5F,コーラルムーン,2025-02-16,牝4,1
2025-05-24,pw01dud102021101195/20,コーリンカルベラ,2025-10-26,牡4,6
2025-04-27,pw01dud102019106194/4D,コーリングユー,2025-04-27,牝6,2
2025-08-09,pw01dud102022106396/2C,コーリンフウガ,2025-08-09,せん3,4
2025-10-13,pw01dud102020107214/6C,コーリンラズベリー,2025-11-08,牝5,2
2025-08-23,pw01dud102021101386/E5,コールミーメイビー,2025-11-09,牝4,3
2025-12-20,pw01dud102023103235/E7,コールラヴ,2025-12-20,牝2,1
2025-04-26,pw01dud102022103363/D6,コーンポピー,2025-04-26,牝3,1
2025-03-15,pw01dud102018103388/12,ゴイゴイスー,2025-07-13,牡7,3
2025-05-03,pw01dud102022100922/7C,ゴガツノアマノガワ,2025-05-03,牡3,3
2025-06-15,pw01dud102020106623/DE,ゴキゲンサン,2025-12-27,牝5,8
2025-11-09,pw01dud102023104486/FB,ゴコウコイコイ,2025-12-27,牝2,3
2025-08-23,pw01dud102022100053/66,ゴダルティチェコ,2025-08-23,牝3,2
2025-06-22,pw01dud102023100377/71,ゴットタレント,2025-12-27,牡2,5
2025-07-05,pw01dud102022100162/34,ゴットランド,2025-12-21,牡3,11
2025-07-06,pw01dud102020101319/42,ゴットリープ,2025-11-16,牡5,7
2025-08-09,pw01dud102023105352/BD,ゴッドアイ,2025-12-07,牝2,3
2025-08-31,pw01dud102022106186/BA,ゴッドエスパーダ,2025-12-13,牡3,7
2025-04-26,pw01dud102021106150/4C,ゴッドカインド,2025-11-15,牝4,5
2025-10-13,pw01dud102023105026/C6,ゴッドシュアウイン,2025-12-20,牡2,2
2025-05-04,pw01dud102020104469/90,ゴッドセンド,2025-05-04,牡5,1
2025-08-10,pw01dud102022103198/E3,ゴッドテソロ,2025-09-07,牡3,7
2025-01-18,pw01dud102022100171/D1,ゴッドトレジャー,2025-06-28,牡3,3
2025-11-24,pw01dud102020106063/F8,ゴッドブルービー,2025-11-24,牡5,5
2025-05-17,pw01dud102022103275/9B,ゴッドペイズリー,2025-08-23,せん3,6
2025-11-08,pw01dud102023106084/2F,ゴッドレイ,2025-11-08,牝2,1
2025-11-09,pw01dud102022104555/FD,ゴッドヴァレー,2025-11-09,牡3,7
2025-10-13,pw01dud102023103764/99,ゴディアンフィンチ,2025-12-27,牡2,3
2025-12-06,pw01dud102023107159/5E,ゴディアーモ,2025-12-06,牝2,1
2025-09-06,pw01dud102023105239/91,ゴバド,2025-11-30,牝2,2
2025-08-09,pw01dud102022100819/60,ゴメンネジロー,2025-08-30,牡3,4
2025-11-22,pw01dud102023103368/A1,ゴリョウセイ,2025-12-13,牡2,2
2025-08-31,pw01dud102022101782/69,ゴルシノメイ,2025-08-31,牝3,3
2025-01-25,pw01dud102022107239/E3,ゴルティス,2025-05-03,牝3,2
2025-08-03,pw01dud102020103625/F7,ゴルデールスカー,2025-12-20,牡5,9
2025-04-26,pw01dud102020101195/94,ゴルトリッチ,2025-05-24,牡5,5
2025-07-06,pw01dud102020106336/B4,ゴレイジョウ,2025-07-19,牝5,5
2025-08-16,pw01dud102022103564/AB,ゴンクール,2025-08-16,牡3,2
2025-01-13,pw01dud102021105388/87,ゴンザーゴ,2025-03-22,牡4,2
2025-04-13,pw01dud102020103921/BE,ゴンドワナ,2025-12-20,せん5,9
2025-12-21,pw01dud102021104825/D4,ゴンバデカーブース,2025-12-21,牡4,1
2025-04-12,pw01dud102021105085/9B,ゴヴェルナーレリコ,2025-10-13,牝4,6
2025-12-20,pw01dud102023105834/78,ゴーイングムーン,2025-12-20,牝2,1
2025-10-05,pw01dud102023105378/8F,ゴーイントゥスカイ,2025-11-29,牡2,2
2025-01-11,pw01dud102022105920/41,ゴーオンパーパス,2025-11-08,牝3,6
2025-10-25,pw01dud102023104239/A2,ゴーゴーエイミー,2025-11-16,牝2,3
2025-03-09,pw01dud102021106562/06,ゴーゴーケイコ,2025-03-09,牝4,1
2025-11-30,pw01dud102023109093/99,ゴーゴーコクラ,2025-11-30,牡2,2
2025-08-16,pw01dud102023110066/29,ゴーゴーシャチョウ,2025-12-21,牝2,4
2025-06-15,pw01dud102022102135/3B,ゴーゴータカシ,2025-11-15,牡3,11
2025-10-04,pw01dud102023107465/35,ゴーゴーパワー,2025-10-04,牡2,2
2025-12-06,pw01dud102023106173/DD,ゴーゴーマンゴー,2025-12-06,牝2,1
2025-02-02,pw01dud102019100167/DC,ゴーゴーユタカ,2025-02-02,牡6,1
2025-12-07,pw01dud102023101399/66,ゴーゴーリチャード,2025-12-27,牡2,2
2025-02-01,pw01dud102022106996/52,ゴージャス,2025-04-19,牝3,3
2025-10-11,pw01dud102021105048/B4,ゴージョニーゴー,2025-10-11,牡4,2
2025-04-27,pw01dud102022104781/C3,ゴーソーファー,2025-11-22,牝3,6
2025-07-06,pw01dud102020109148/15,ゴーツウキリシマ,2025-12-21,牝5,7
2025-02-09,pw01dud102020103464/62,ゴートゥファースト,2025-12-13,牡5,3
2025-08-02,pw01dud102022102777/87,ゴートゥーミジョカ,2025-08-09,牝3,8
2025-10-18,pw01dud102023100629/9A,ゴーフォアブローク,2025-12-13,牡2,3
2025-03-16,pw01dud102020103299/6F,ゴーマックス,2025-03-16,せん5,2
2025-11-30,pw01dud102023107056/D4,ゴーラッキー,2025-11-30,牡2,1
2025-06-22,pw01dud102020104473/EE,ゴールデンエール,2025-06-22,牡5,1
2025-02-01,pw01dud102021101235/F1,ゴールデンオスカー,2025-10-05,牡4,5
2025-01-13,pw01dud102022110129/E7,ゴールデンカイト,2025-12-06,牡3,6
2025-10-18,pw01dud102022110121/4F,ゴールデンクラウド,2025-11-16,牡3,7
2025-12-20,pw01dud102023106774/76,ゴールデンコマンチ,2025-12-20,牡2,1
2025-07-27,pw01dud102018110043/01,ゴールデンシロップ,2025-12-14,牡7,5
2025-03-01,pw01dud102019100899/49,ゴールデンシーカー,2025-04-20,牡6,3
2025-04-12,pw01dud102021103555/82,ゴールデンステップ,2025-12-14,牝4,7
2025-09-07,pw01dud102020106909/03,ゴールデンスナップ,2025-09-07,牝5,3
2025-10-12,pw01dud102023105008/8C,ゴールデンスラム,2025-10-25,牡2,2
2025-11-16,pw01dud102021102482/39,ゴールデンスロープ,2025-12-14,せん4,5
2025-11-23,pw01dud102023105726/1D,ゴールデンダガー,2025-12-14,牡2,2
2025-05-10,pw01dud102021107351/10,ゴールデンチップス,2025-12-07,牝4,5
2025-11-09,pw01dud102023101097/ED,ゴールデンテティス,2025-12-06,牝2,3
2025-10-19,pw01dud102023104872/E3,ゴールデンドラゴン,2025-10-19,牡2,1
2025-10-12,pw01dud102023105367/0C,ゴールデンバランス,2025-12-20,牡2,3
2025-11-09,pw01dud102023101116/2B,ゴールデンパゴーダ,2025-11-09,牝2,1
2025-07-27,pw01dud102023105390/17,ゴールデンブラッド,2025-11-29,牡2,4
2025-10-05,pw01dud102023100862/17,ゴールデンボート,2025-12-21,牡2,2
2025-07-05,pw01dud102022103013/F3,ゴールデンマーチ,2025-07-05,牝3,4
2025-11-09,pw01dud102021110146/22,ゴールデンルーキー,2025-12-07,牡4,8
2025-09-27,pw01dud102023102021/BA,ゴールドアイリーン,2025-10-11,牝2,2
2025-11-09,pw01dud102023104506/AC,ゴールドアクセス,2025-11-09,牡2,1
2025-10-18,pw01dud102023105080/74,ゴールドアテネ,2025-10-18,牝2,1
2025-07-13,pw01dud102021106874/8F,ゴールドアローン,2025-12-21,牝4,10
2025-01-25,pw01dud102019100824/9A,ゴールドエクリプス,2025-01-25,牝6,1
2025-10-19,pw01dud102023102333/43,ゴールドエンバー,2025-10-19,牡2,2
2025-05-03,pw01dud102022100902/5C,ゴールドエンペラー,2025-07-19,牡3,3
2025-07-26,pw01dud102022105330/2B,ゴールドサニーデイ,2025-08-31,牝3,6
2025-07-26,pw01dud102021105039/17,ゴールドサーベル,2025-11-08,牡4,8
2025-04-27,pw01dud102022101917/9A,ゴールドシャーク,2025-11-15,牝3,4
2025-01-13,pw01dud102022106837/34,ゴールドシリカ,2025-01-13,牝3,1
2025-08-10,pw01dud102020103727/0E,ゴールドシーン,2025-11-08,せん5,6
2025-08-10,pw01dud102022106846/D1,ゴールドジェスター,2025-11-01,せん3,4
2025-02-08,pw01dud102022106843/78,ゴールドジェネラル,2025-05-10,牡3,3
2025-06-28,pw01dud102022103565/1E,ゴールドジャケット,2025-08-31,牡3,2
2025-08-03,pw01dud102021103561/C6,ゴールドスター,2025-11-23,牡4,8
2025-01-11,pw01dud102022102708/8A,ゴールドストーム,2025-08-24,牡3,3
2025-12-13,pw01dud102023104509/05,ゴールドソシアル,2025-12-13,牝2,1
2025-04-26,pw01dud102022103538/47,ゴールドダイアー,2025-12-28,牡3,10
2025-04-27,pw01dud102022102390/BE,ゴールドディガー,2025-06-14,牝3,2
2025-03-15,pw01dud102022103585/3E,ゴールドドロップ,2025-03-15,牝3,3
2025-06-29,pw01dud102022103779/5C,ゴールドハンマー,2025-11-23,牝3,6
2025-07-26,pw01dud102022106845/5E,ゴールドハーディス,2025-07-26,牝3,3
2025-01-12,pw01dud102020105835/47,ゴールドバランサー,2025-05-11,牡5,3
2025-02-16,pw01dud102017103283/16,ゴールドパラディン,2025-02-16,牡8,1
2025-11-15,pw01dud102023104505/39,ゴールドパレード,2025-12-06,牡2,5
2025-07-19,pw01dud102022106842/05,ゴールドパートナー,2025-07-19,牡3,5
2025-03-22,pw01dud102018102196/EB,ゴールドブリーズ,2025-12-06,牡7,4
2025-08-10,pw01dud102022106847/44,ゴールドブリーダー,2025-08-10,牡3,4
2025-12-20,pw01dud102023103061/E9,ゴールドブレイズ,2025-12-20,牡2,1
2025-08-31,pw01dud102021100081/24,ゴールドブレス,2025-12-21,せん4,9
2025-04-26,pw01dud102022103447/B3,ゴールドプレミアム,2025-08-09,牡3,6
2025-05-04,pw01dud102021106881/46,ゴールドモーション,2025-06-15,牡4,2
2025-04-12,pw01dud102022106848/B7,ゴールドラブリー,2025-04-12,牝3,1
2025-02-02,pw01dud102022107192/ED,ゴールドリッカ,2025-03-23,牝3,2
2025-07-20,pw01dud102022106849/2A,ゴールドリバース,2025-07-20,牡3,3
2025-03-16,pw01dud102019102553/A2,ゴールドローズ,2025-03-16,牝6,2
2025-10-25,pw01dud102023105672/70,ゴールドヴィーナス,2025-12-07,牝2,4
2025-10-26,pw01dud102023100404/D9,ゴーレジェンド,2025-10-26,牡2,1
2025-11-15,pw01dud102023105848/54,サイオウガウマ,2025-12-27,牝2,3
2025-11-15,pw01dud102021102701/D9,サイコウダネ,2025-12-21,牡4,4
2025-02-08,pw01dud102021106751/E5,サイドキック,2025-02-08,牡4,1
2025-08-31,pw01dud102023103793/56,サイモフェーン,2025-12-28,牡2,4
2025-07-27,pw01dud102022104164/D6,サイモンイロハニー,2025-11-08,牝3,14
2025-10-26,pw01dud102023101579/A8,サイモンエクセラー,2025-12-27,牡2,2
2025-04-13,pw01dud102020102640/E9,サイモンオリーブ,2025-11-16,牝5,5
2025-07-27,pw01dud102022103169/26,サイモンカクタス,2025-07-27,牡3,3
2025-08-31,pw01dud102019102320/B7,サイモンカーチス,2025-11-02,牡6,8
2025-07-19,pw01dud102020100639/06,サイモンギフト,2025-09-07,牡5,3
2025-07-26,pw01dud102022101509/AC,サイモングリット,2025-08-30,牡3,8
2025-05-04,pw01dud102020100629/F6,サイモンコーラル,2025-11-29,牝5,7
2025-01-13,pw01dud102020104497/DA,サイモンザナドゥ,2025-11-09,牡5,7
2025-12-20,pw01dud102023101569/98,サイモンシャリオ,2025-12-20,牡2,4
2025-01-05,pw01dud102022102223/76,サイモンシュバリエ,2025-12-20,牡3,6
2025-12-21,pw01dud102023105097/A9,サイモンセレーノ,2025-12-21,牝2,1
2025-04-26,pw01dud102019102341/4A,サイモンソーラン,2025-12-06,牡6,8
2025-03-15,pw01dud102022105814/CC,サイモンノーブル,2025-09-07,牡3,9
2025-03-16,pw01dud102022101424/5C,サイモンバズユー,2025-09-07,牡3,5
2025-07-13,pw01dud102020102317/4B,サイモンブーケ,2025-12-14,牝5,9
2025-08-17,pw01dud102021102798/8E,サイモンプレジール,2025-08-17,牡4,6
2025-04-12,pw01dud102022102209/08,サイモンベローチェ,2025-10-12,牡3,7
2025-06-14,pw01dud102018101166/CC,サイモンポーリア,2025-11-23,牝7,8
2025-02-16,pw01dud102018101175/69,サイモンメガライズ,2025-02-16,牡7,2
2025-08-24,pw01dud102017106722/05,サイモンルモンド,2025-12-14,せん8,11
2025-02-09,pw01dud102017101571/D5,サイヤダンサー,2025-02-09,牡8,3
2025-05-17,pw01dud102019104838/32,サイルーン,2025-05-17,せん6,3
2025-07-13,pw01dud102020105149/CC,サイレンスゴールド,2025-07-13,牡5,4
2025-04-12,pw01dud102021105274/7A,サイレントグルーヴ,2025-11-22,牝4,8
2025-03-09,pw01dud102021106151/BF,サイレントミニスタ,2025-03-09,牡4,1
2025-12-07,pw01dud102023106722/40,サイレントワルツ,2025-12-20,牝2,2
2025-07-26,pw01dud102023106866/7D,サイン,2025-10-12,牡2,3
2025-08-16,pw01dud102019103152/5A,サイード,2025-10-19,せん6,5
2025-08-10,pw01dud102020109102/23,サウザンサニー,2025-09-14,牡5,5
2025-12-07,pw01dud102023103519/26,サウジバラード,2025-12-07,牡2,1
2025-05-17,pw01dud102022102413/C8,サウスオブロンドン,2025-05-31,牡3,5
2025-08-16,pw01dud102022101443/09,サウスバンク,2025-12-14,牝3,6
2025-05-04,pw01dud102021102079/8A,サウンドアレグリア,2025-10-26,牝4,5
2025-02-01,pw01dud102022103231/8F,サウンドアンフィニ,2025-06-21,牝3,5
2025-06-01,pw01dud102018104591/4E,サウンドウォリアー,2025-10-19,牡7,6
2025-10-18,pw01dud102023103401/4D,サウンドコネクト,2025-11-15,せん2,3
2025-08-02,pw01dud102017106394/97,サウンドサンビーム,2025-12-06,牡8,5
2025-08-03,pw01dud102022105060/C8,サウンドサンライズ,2025-12-14,牝3,6
2025-02-08,pw01dud102022102148/A4,サウンドバッハ,2025-09-07,牡3,3
2025-12-20,pw01dud102023104254/83,サウンドファミリエ,2025-12-20,牝2,1
2025-07-20,pw01dud102018103902/06,サウンドブライアン,2025-11-16,牡7,7
2025-10-12,pw01dud102023104750/AC,サウンドプリモ,2025-12-13,牝2,3
2025-07-12,pw01dud102022106197/3D,サウンドペガサス,2025-07-12,せん3,1
2025-01-25,pw01dud102022106202/9F,サウンドペルル,2025-01-25,牝3,1
2025-11-08,pw01dud102023101449/47,サウンドムーブ,2025-11-30,牡2,2
2025-08-02,pw01dud102022102057/10,サウンドモリアーナ,2025-12-28,牝3,9
2025-08-31,pw01dud102023104255/F6,サウンドラッシュ,2025-12-27,牡2,4
2025-07-13,pw01dud102022106469/86,サウンドリアン,2025-08-09,牝3,5
2025-08-16,pw01dud102022105267/4F,サウンドルーチェ,2025-12-13,牝3,9
2025-04-19,pw01dud102020103073/3B,サウンドレイラ,2025-12-13,牝5,6
2025-08-16,pw01dud102022110018/33,サカイシューター,2025-08-31,牡3,4
2025-12-13,pw01dud102023105286/88,サガルマータ,2025-12-13,牡2,1
2025-11-08,pw01dud102019102215/B5,サク,2025-12-21,牝6,10
2025-06-22,pw01dud102020105354/FF,サクセスアイ,2025-10-25,牝5,7
2025-08-23,pw01dud102021104200/4F,サクセスカラー,2025-12-21,牝4,5
2025-06-14,pw01dud102019102609/35,サクセスシュート,2025-10-13,牡6,2
2025-01-06,pw01dud102019101190/D6,サクセスドレーク,2025-04-13,牡6,4
2025-05-03,pw01dud102020104898/11,サクセスバラード,2025-06-14,牡5,5
2025-03-30,pw01dud102020101126/97,サクセスパルス,2025-03-30,牡5,1
2025-12-13,pw01dud102023106106/C6,サクセスブルー,2025-12-13,牡2,1
2025-12-21,pw01dud102019102454/E4,サクセスローレル,2025-12-28,牡6,5
2025-03-23,pw01dud102021110042/25,サクソフィーナ,2025-03-23,牝4,1
2025-08-02,pw01dud102021106993/6D,サクソンジェンヌ,2025-12-27,牝4,11
2025-01-19,pw01dud102019103556/EA,サクハル,2025-07-19,牡6,4
2025-06-14,pw01dud102022104092/EF,サクラアドリア,2025-12-14,牡3,9
2025-11-08,pw01dud102023100374/18,サクライズ,2025-11-08,牝2,3
2025-10-11,pw01dud102023103406/8C,サクライロマウコロ,2025-12-27,牝2,3
2025-04-27,pw01dud102019106280/A2,サクラオーラ,2025-12-07,牝6,8
2025-05-04,pw01dud102022106962/56,サクラカゼ,2025-08-30,牝3,5
2025-08-02,pw01dud102022104074/B5,サクラコーラル,2025-08-24,牡3,6
2025-08-30,pw01dud102021104068/E5,サクラサルーテ,2025-10-25,牝4,3
2025-07-05,pw01dud102019106678/EE,サクラジェンヌ,2025-07-05,牝6,1
2025-04-27,pw01dud102022109152/8B,サクラジマ,2025-04-27,せん3,3
2025-02-09,pw01dud102017103751/F5,サクラトゥジュール,2025-06-08,せん8,3
2025-01-12,pw01dud102019106368/4B,サクラトップヒル,2025-11-08,牡6,4
2025-02-15,pw01dud102019106340/93,サクラトップラン,2025-02-15,牝6,1
2025-02-01,pw01dud102021104159/79,サクラトップリアル,2025-05-04,牡4,3
2025-01-12,pw01dud102022104161/7D,サクラトップワード,2025-01-12,牡3,1
2025-12-13,pw01dud102023102868/A7,サクラドール,2025-12-13,牡2,1
2025-06-01,pw01dud102022104089/04,サクラパステル,2025-11-01,牝3,4
2025-03-15,pw01dud102018104014/32,サクラファシナンテ,2025-03-15,牝7,1
2025-08-09,pw01dud102022104094/D5,サクラファレル,2025-09-15,牡3,6
2025-01-11,pw01dud102020101811/9F,ササヤキ,2025-01-11,せん5,1
2025-09-28,pw01dud102019102011/87,サザンエルフ,2025-12-13,牝6,4
2025-08-03,pw01dud102021107281/0F,サザンカ,2025-08-03,牝4,3
2025-01-26,pw01dud102019101185/05,サザンステート,2025-01-26,牡6,1
2025-11-24,pw01dud102022100511/35,サザンティスプーン,2025-11-24,牝3,7
2025-08-09,pw01dud102023102439/26,サザンテイオー,2025-11-23,牡2,8
2025-02-23,pw01dud102022101339/7A,サザンバルドル,2025-02-23,牡3,1
2025-07-27,pw01dud102022101347/A4,サザンブラック,2025-09-06,牡3,6
2025-06-15,pw01dud102020101481/4B,サザンレイク,2025-07-19,牝5,6
2025-02-02,pw01dud102020101575/38,サザーランド,2025-11-22,牝5,5
2025-05-10,pw01dud102020106680/E5,サスケ,2025-06-01,牡5,3
2025-03-30,pw01dud102022100455/10,サスケエトワール,2025-03-30,牡3,1
2025-08-31,pw01dud102020103439/71,サスツルギ,2025-11-09,せん5,5
2025-06-15,pw01dud102022101343/D8,サスペンスクィーン,2025-06-28,牝3,3
2025-05-25,pw01dud102022101411/F3,サタデーサンライズ,2025-12-27,牝3,7
2025-05-03,pw01dud102021105474/DC,サダムオプシス,2025-11-30,牡4,10
2025-09-28,pw01dud102023103409/E5,サダムジャズボッサ,2025-09-28,牡2,1
2025-06-07,pw01dud102021103862/CC,サダメ,2025-12-21,牝4,7
2025-01-19,pw01dud102022104585/2D,サダルメリク,2025-05-18,牝3,5
2025-11-22,pw01dud102021100011/B4,サダージ,2025-11-22,牝4,1
2025-07-26,pw01dud102022105008/00,サッカレッロ,2025-07-26,牝3,3
2025-06-29,pw01dud102022103261/BF,サッポロキタコ,2025-06-29,牝3,5
2025-07-12,pw01dud102020101963/06,サツキスマイル,2025-12-28,牝5,5
2025-08-02,pw01dud102021105789/BE,サツキノジョウ,2025-11-09,牝4,7
2025-07-26,pw01dud102022101204/DA,サツキレジーナ,2025-09-06,牝3,9
2025-06-07,pw01dud102022109151/18,サツマノカゼ,2025-06-07,せん3,1
2025-06-29,pw01dud102023109148/B9,サツマフジ,2025-07-06,牝2,2
2025-05-04,pw01dud102022110063/44,サディーク,2025-11-23,牝3,6
2025-05-24,pw01dud102022102372/84,サトゥーア,2025-05-24,牝3,2
2025-08-02,pw01dud102021105569/3C,サトノアイオライト,2025-08-02,牝4,3
2025-08-31,pw01dud102023105380/07,サトノアイボリー,2025-11-29,牡2,3
2025-02-15,pw01dud102021105582/37,サトノアインス,2025-02-15,牡4,1
2025-11-23,pw01dud102023105247/BB,サトノアグード,2025-11-23,牡2,1
2025-02-09,pw01dud102022103213/55,サトノアベリア,2025-07-06,牝3,3
2025-04-12,pw01dud102022103807/37,サトノアルタイル,2025-08-31,牡3,7
2025-02-01,pw01dud102020103477/CB,サトノアルペジオ,2025-11-30,せん5,5
2025-07-06,pw01dud102023106932/B2,サトノエスケープ,2025-12-07,牡2,3
2025-05-18,pw01dud102022102892/99,サトノエバー,2025-05-18,牝3,3
2025-05-04,pw01dud102021105271/21,サトノエピック,2025-10-19,牡4,4
2025-05-10,pw01dud102021105528/89,サトノエンパイア,2025-09-13,牡4,6
2025-02-22,pw01dud102022104651/62,サトノオリエンタル,2025-02-22,牝3,1
2025-11-15,pw01dud102023105290/E6,サトノカスターニャ,2025-11-15,牝2,1
2025-02-16,pw01dud102022105128/51,サトノカルナバル,2025-12-20,牡3,4
2025-08-23,pw01dud102020101567/0E,サトノガレオン,2025-08-23,せん5,2
2025-12-28,pw01dud102023106974/D8,サトノクラシカル,2025-12-28,牡2,1
2025-06-07,pw01dud102021105531/74,サトノクロシェット,2025-09-20,牝4,4
2025-08-02,pw01dud102020106667/EA,サトノクローク,2025-11-22,牡5,6
2025-03-30,pw01dud102022104804/CD,サトノクローザー,2025-11-02,牡3,2
2025-01-19,pw01dud102020103473/FF,サトノグランツ,2025-01-19,牡5,1
2025-05-24,pw01dud102020102971/1F,サトノグレイト,2025-11-15,せん5,7
2025-06-01,pw01dud102022101420/90,サトノシャイニング,2025-10-05,牡3,4
2025-08-09,pw01dud102022104967/B7,サトノシャムロック,2025-12-13,牡3,7
2025-04-12,pw01dud102022105101/0C,サトノシャルレーヌ,2025-06-28,牝3,4
2025-10-18,pw01dud102022105062/AE,サトノシュタール,2025-11-23,牡3,2
2025-10-05,pw01dud102021105533/5A,サトノジール,2025-10-05,牝4,1
2025-07-12,pw01dud102018105073/0E,サトノスカイターフ,2025-07-12,牡7,7
2025-07-26,pw01dud102022103208/84,サトノスピカ,2025-08-31,牝3,5
2025-11-29,pw01dud102023106868/63,サトノセプター,2025-12-20,牡2,2
2025-04-26,pw01dud102021103440/02,サトノセレナーデ,2025-12-28,牝4,2
2025-02-15,pw01dud102022103850/62,サトノセーブル,2025-03-02,牡3,2
2025-11-16,pw01dud102022105587/02,サトノソティラス,2025-12-07,牡3,6
2025-04-05,pw01dud102018100388/45,サトノテンペスト,2025-04-05,牡7,1
2025-11-30,pw01dud102023107272/8A,サトノトリニティ,2025-12-14,牡2,3
2025-07-06,pw01dud102020103463/EF,サトノトルネード,2025-12-07,牡5,6
2025-02-15,pw01dud102018105256/A9,サトノバトラー,2025-03-16,せん7,2
2025-06-29,pw01dud102022101413/D9,サトノパトス,2025-06-29,牡3,1
2025-08-31,pw01dud102022104907/57,サトノパトリオット,2025-11-29,牡3,5
2025-06-21,pw01dud102022105254/E6,サトノビエント,2025-08-30,牝3,6
2025-11-23,pw01dud102023107379/E0,サトノビダーヤ,2025-12-14,牡2,2
2025-07-06,pw01dud102021101444/F0,サトノフェニックス,2025-12-28,牡4,7
2025-03-15,pw01dud102022103241/9F,サトノフォーミュラ,2025-04-06,牡3,3
2025-11-15,pw01dud102023105904/79,サトノフレア,2025-12-27,牡2,2
2025-07-19,pw01dud102022105037/BD,サトノブリジャール,2025-12-27,牡3,4
2025-11-16,pw01dud102019110127/6A,サトノプリエール,2025-11-16,牝6,4
2025-08-10,pw01dud102022105961/F4,サトノベリル,2025-08-10,牝3,5
2025-08-09,pw01dud102023100936/E4,サトノボヤージュ,2025-11-29,牡2,4
2025-11-08,pw01dud102023105007/19,サトノマティーニ,2025-11-08,牡2,1
2025-07-27,pw01dud102021103238/28,サトノメルベイユ,2025-07-27,牝4,1
2025-08-09,pw01dud102021104670/83,サトノラクローヌ,2025-08-09,牡4,1
2025-01-13,pw01dud102019106576/D7,サトノラッシュ,2025-02-23,せん6,2
2025-04-19,pw01dud102022104786/02,サトノラポール,2025-12-21,牡3,7
2025-08-10,pw01dud102022100801/B8,サトノランデヴー,2025-08-10,牝3,4
2025-11-09,pw01dud102021104155/AD,サトノリアン,2025-11-09,牡4,5
2025-07-13,pw01dud102023103894/FA,サトノリシャール,2025-12-13,牡2,4
2025-07-26,pw01dud102020103378/0D,サトノルクソン,2025-07-26,牡5,4
2025-02-02,pw01dud102019106575/64,サトノルフィアン,2025-12-07,牡6,6
2025-01-05,pw01dud102021104961/79,サトノレイズ,2025-02-15,牡4,3
2025-09-28,pw01dud102019101700/6C,サトノレーヴ,2025-09-28,牡6,2
2025-12-14,pw01dud102023107009/DD,サトノロザリー,2025-12-28,牝2,2
2025-07-05,pw01dud102023100925/61,サトノワーグナー,2025-07-05,牡2,2
2025-11-01,pw01dud102023105314/63,サトノヴァンクル,2025-11-01,牡2,1
2025-08-23,pw01dud102020104753/61,サトノヴィレ,2025-10-04,せん5,7
2025-11-24,pw01dud102023103139/82,サトミノアカリ,2025-11-24,牝2,4
2025-08-31,pw01dud102022101389/CA,サトミノエンジェル,2025-12-21,牡3,9
2025-02-02,pw01dud102021101429/0F,サトミノキラリ,2025-12-06,牡4,7
2025-06-21,pw01dud102022101421/03,サトミノマリア,2025-06-21,牝3,5
2025-08-16,pw01dud102019101661/0E,サトミノマロン,2025-08-31,牡6,6
2025-05-17,pw01dud102019105434/91,サドル,2025-09-27,牡6,5
2025-10-18,pw01dud102023102971/C3,サドルトウショウ,2025-11-15,牝2,2
2025-07-06,pw01dud102018103296/0B,サニーオーシャン,2025-08-31,せん7,7
2025-09-14,pw01dud102023104236/49,サニーサイドラガー,2025-09-27,牡2,2
2025-09-20,pw01dud102020100892/A3,サニーサフラン,2025-09-20,牡5,1
2025-11-24,pw01dud102022105407/51,サニーサルサ,2025-12-21,牝3,5
2025-04-27,pw01dud102022100238/E7,サニースマイル,2025-04-27,牡3,2
2025-06-14,pw01dud102022105818/98,サニーネイチャー,2025-06-14,牝3,2
2025-08-17,pw01dud102022103425/AD,サノノアメリカン,2025-12-14,牡3,8
2025-11-09,pw01dud102023101423/75,サノノアルペン,2025-11-09,牡2,2
2025-08-02,pw01dud102020102161/87,サノノエスポ,2025-10-05,牝5,5
2025-12-21,pw01dud102023101421/8F,サノノキャニオン,2025-12-21,牡2,1
2025-08-24,pw01dud102023100724/8C,サノノグレーター,2025-12-06,牡2,4
2025-08-30,pw01dud102023103107/6C,サノノサルバドール,2025-08-30,牡2,1
2025-11-23,pw01dud102023101420/1C,サノノサンダー,2025-11-23,牡2,1
2025-02-23,pw01dud102022102029/C6,サノノスウィフト,2025-02-23,牝3,1
2025-06-28,pw01dud102022101314/1B,サノノロンドン,2025-08-23,牝3,6
2025-08-10,pw01dud102022102039/D6,サノノワンダー,2025-11-15,牡3,8
2025-06-14,pw01dud102018101704/AC,サハラヴァンクール,2025-06-14,牡7,3
2025-07-13,pw01dud102022102004/67,サバイバルダッシュ,2025-07-27,牡3,3
2025-10-13,pw01dud102023101401/6F,サバイバルトゥルー,2025-12-27,牝2,5
2025-07-13,pw01dud102022109127/9A,サバイバルナイン,2025-07-13,牝3,5
2025-06-15,pw01dud102019102514/D5,サパテアール,2025-07-05,せん6,7
2025-12-21,pw01dud102023104602/11,サファイアテソーロ,2025-12-21,牝2,1
2025-05-17,pw01dud102022104506/20,サファイアブルー,2025-05-25,牡3,5
2025-07-05,pw01dud102022102800/23,サファリ,2025-08-23,牡3,5
2025-09-06,pw01dud102023105934/A9,サフィニア,2025-09-28,牝2,3
2025-05-18,pw01dud102021105541/84,サフィラ,2025-11-16,牝4,5
2025-02-02,pw01dud102022100347/B5,サフランキララ,2025-02-02,牝3,1
2025-08-03,pw01dud102022100346/42,サフランクイン,2025-09-13,牝3,8
2025-05-25,pw01dud102021100895/88,サフランヒーロー,2025-12-07,牡4,8
2025-11-15,pw01dud102023101822/C6,サフランメロディ,2025-12-21,牝2,3
2025-08-17,pw01dud102022101636/B4,サブアトミック,2025-09-20,牝3,7
2025-05-17,pw01dud102021106449/DA,サブマリーナ,2025-10-05,牡4,4
2025-12-20,pw01dud102023103700/6D,サプーズ,2025-12-20,牝2,1
2025-08-17,pw01dud102021103748/2D,サベージラヴ,2025-08-17,牝4,5
2025-02-15,pw01dud102017100316/63,サペラヴィ,2025-02-15,牡8,1
2025-01-13,pw01dud102022102497/14,サマニタイショウ,2025-03-30,牡3,2
2025-05-10,pw01dud102022103689/3B,サマンサバローズ,2025-07-12,牝3,4
2025-01-05,pw01dud102021104669/7E,サマーアゲイン,2025-10-05,牡4,5
2025-04-12,pw01dud102022103165/5A,サマーエンジェル,2025-04-12,牝3,1
2025-06-14,pw01dud102023103637/91,サマーカムカム,2025-09-06,牝2,4
2025-04-26,pw01dud102022107359/34,サマースイートピー,2025-11-24,牝3,6
2025-08-24,pw01dud102022110035/FA,サマースピリット,2025-09-07,牝3,5
2025-12-21,pw01dud102023106163/CD,サマースプラッシュ,2025-12-21,牝2,1
2025-08-17,pw01dud102022103719/FC,サマーツアー,2025-09-06,牡3,8
2025-08-30,pw01dud102022104729/FB,サマーナイト,2025-09-14,牡3,6
2025-12-20,pw01dud102023104379/13,サマーナジュム,2025-12-20,牡2,1
2025-10-11,pw01dud102023103448/B2,サマーバンク,2025-10-11,牝2,1
2025-06-14,pw01dud102022104090/09,サマーブライド,2025-06-14,牝3,4
2025-10-13,pw01dud102023104692/A1,サマーブリザード,2025-10-13,牡2,2
2025-10-18,pw01dud102023103928/87,サマーブリーズ,2025-10-18,牡2,2
2025-08-03,pw01dud102023110086/49,サマーマッドネス,2025-11-23,牡2,5
2025-02-09,pw01dud102021109086/CA,サミアド,2025-03-15,牡4,2
2025-04-19,pw01dud102022101605/11,サミダレナイツ,2025-12-21,牡3,12
2025-06-21,pw01dud102022105823/69,サムシャイン,2025-07-05,牡3,5
2025-11-24,pw01dud102023106219/60,サムシングスイート,2025-12-21,牝2,2
2025-09-07,pw01dud102023102364/E6,サムシングニュー,2025-09-28,牡2,2
2025-08-02,pw01dud102021101033/A9,サムデイ,2025-10-26,牝4,4
2025-12-07,pw01dud102023104521/8D,サムハラ,2025-12-07,牡2,1
2025-08-23,pw01dud102018105996/40,サムハンター,2025-12-28,牡7,9
2025-05-17,pw01dud102020106974/34,サムワンライクユー,2025-11-29,牡5,8
2025-04-20,pw01dud102022103571/62,サヤヒメ,2025-07-27,牝3,4
2025-11-16,pw01dud102022106243/52,サヨノジャンボリー,2025-11-16,牡3,8
2025-03-23,pw01dud102022102021/2E,サヨノスピークロウ,2025-03-23,牡3,1
2025-08-17,pw01dud102023105140/65,サヨノパララックス,2025-10-05,牡2,3
2025-08-16,pw01dud102022105754/DB,サヨノファントム,2025-08-16,牡3,3
2025-07-26,pw01dud102022107059/A1,サヨノミッキー,2025-07-26,牡3,7
2025-01-25,pw01dud102022104793/B9,サラコスティ,2025-10-25,牡3,4
2025-07-26,pw01dud102022102967/D9,サラサエンペラー,2025-07-26,牡3,6
2025-10-26,pw01dud102023105122/2B,サラサダンディー,2025-11-23,牡2,3
2025-08-30,pw01dud102023102581/0F,サラサチャチャチャ,2025-12-28,牝2,3
2025-08-30,pw01dud102023102601/C0,サラサチャーミング,2025-10-13,牝2,3
2025-03-29,pw01dud102022102743/8B,サラサハウナイス,2025-08-24,牡3,6
2025-10-05,pw01dud102020104126/64,サラサハウプリティ,2025-12-13,牝5,5
2025-05-17,pw01dud102022103463/07,サラサラヘアー,2025-09-21,牝3,7
2025-08-02,pw01dud102022105139/D4,サラスヴァティー,2025-10-04,牝3,2
2025-10-12,pw01dud102022100128/A6,サラダ,2025-11-08,牝3,10
2025-03-23,pw01dud102022106697/32,サラティーノ,2025-04-13,牡3,2
2025-01-25,pw01dud102021105002/C2,サラトガチップス,2025-07-06,牡4,3
2025-07-26,pw01dud102022101436/52,サラニキケン,2025-09-14,牝3,7
2025-07-06,pw01dud102019101464/05,サラフィエル,2025-12-28,せん6,7
2025-05-10,pw01dud102020106719/B1,サラマックイーン,2025-10-19,牝5,2
2025-01-19,pw01dud102019105207/58,サリエラ,2025-01-19,牝6,1
2025-11-01,pw01dud102023107016/94,サリエンテ,2025-12-13,牝2,2
2025-10-26,pw01dud102023105291/59,サリカリーフォリア,2025-10-26,牝2,2
2025-03-15,pw01dud102021101650/96,サリュエ,2025-12-06,牡4,6
2025-12-06,pw01dud102023101217/CF,サリー,2025-12-14,牝2,4
2025-10-25,pw01dud102023100789/2B,サリーアン,2025-10-25,牡2,1
2025-08-16,pw01dud102022104794/2C,サリーチェ,2025-12-07,牝3,6
2025-02-01,pw01dud102019107032/C5,サリーチャン,2025-02-01,牝6,1
2025-05-03,pw01dud102020100462/AF,サリーピルエット,2025-05-03,牡5,2
2025-12-28,pw01dud102023103778/75,サルサブラヴァ,2025-12-28,牡2,1
2025-11-22,pw01dud102019103100/24,サルサロッサ,2025-11-22,牝6,9
2025-02-09,pw01dud102022102953/FD,サルジュ,2025-03-22,牡3,3
2025-12-21,pw01dud102023107027/17,サルタラリンダ,2025-12-21,牝2,1
2025-01-13,pw01dud102022106617/B2,サルタール,2025-11-02,牡3,7
2025-05-18,pw01dud102022101673/9B,サルファー,2025-06-01,牡3,4
2025-02-16,pw01dud102020100301/AB,サルヴァトーレ,2025-11-23,牡5,7
2025-01-06,pw01dud102021110113/99,サルヴィアーノ,2025-01-06,牝4,1
2025-06-28,pw01dud102022105828/A8,サルーポルティ,2025-08-30,牝3,5
2025-11-24,pw01dud102023107014/AE,サレジオ,2025-11-24,牡2,2
2025-10-11,pw01dud102021105540/11,サロニコス,2025-11-16,牝4,4
2025-08-24,pw01dud102023107020/F2,サンアントワーヌ,2025-10-19,牝2,3
2025-11-09,pw01dud102021101306/65,サンウイキョウ,2025-11-09,牡4,4
2025-08-09,pw01dud102021101304/7F,サンウリエル,2025-11-15,牡4,9
2025-08-02,pw01dud102023101315/1A,サンエンジェルス,2025-08-02,牝2,1
2025-12-13,pw01dud102023101979/6C,サンオブザサン,2025-12-13,牡2,1
2025-04-12,pw01dud102022106830/0F,サンカシグレ,2025-11-24,牡3,8
2025-04-26,pw01dud102021101305/F2,サンカルミア,2025-11-29,牡4,11
2025-02-09,pw01dud102020104287/68,サンガネーブ,2025-12-27,牡5,4
2025-07-27,pw01dud102021107262/62,サンキャメロン,2025-11-15,牝4,5
2025-07-26,pw01dud102023102953/89,サンクスアミリオン,2025-11-24,牝2,5
2025-01-26,pw01dud102019103012/E9,サンクフィーユ,2025-01-26,牝6,1
2025-05-25,pw01dud102022101916/27,サンクリュウ,2025-05-25,牝3,2
2025-08-24,pw01dud102020102864/37,サングラデーション,2025-11-08,牡5,9
2025-05-11,pw01dud102022104970/A2,サンコンクエスト,2025-06-28,牝3,5
2025-01-12,pw01dud102022110013/F4,サンジャシント,2025-07-12,牡3,4
2025-12-07,pw01dud102023103582/71,サンジルダール,2025-12-07,牝2,1
2025-06-29,pw01dud102019101422/DF,サンストックトン,2025-12-06,牡6,5
2025-01-25,pw01dud102022101331/E2,サンスノーホワイト,2025-02-02,牝3,2
2025-01-13,pw01dud102022103378/25,サンズ,2025-01-13,牡3,1
2025-07-27,pw01dud102023105394/E3,サンセットゴールド,2025-09-06,牡2,2
2025-02-16,pw01dud102021104103/77,サンセットビュー,2025-12-21,牝4,10
2025-05-10,pw01dud102021102753/0F,サンセットブライト,2025-12-21,牝4,9
2025-12-27,pw01dud102023103313/12,サンセットロード,2025-12-27,牡2,1
2025-12-20,pw01dud102023100900/02,サンセバ,2025-12-20,牡2,1
2025-10-25,pw01dud102023107068/CA,サンセリテ,2025-10-25,牝2,2
2025-07-20,pw01dud102022103219/07,サンタアナウインド,2025-07-20,牝3,4
2025-04-13,pw01dud102022103594/DB,サンタアニタ,2025-12-20,牝3,10
2025-07-26,pw01dud102023100986/34,サンタカリス,2025-12-13,牝2,5
2025-08-09,pw01dud102023102480/6B,サンタクローチェ,2025-12-06,牝2,6
2025-11-23,pw01dud102023102804/7B,サンタピア,2025-12-13,牡2,2
2025-10-26,pw01dud102022101676/F4,サンタンカ,2025-12-07,牡3,6
2025-08-10,pw01dud102022104790/60,サンタンドレア,2025-12-21,牝3,6
2025-05-10,pw01dud102021101671/29,サンダーアラート,2025-10-25,せん4,6
2025-04-19,pw01dud102021109069/03,サンダーアリュール,2025-11-01,牝4,9
2025-05-03,pw01dud102022101647/37,サンダーエフェクト,2025-05-03,牡3,1
2025-09-15,pw01dud102023107053/7B,サンダーストラック,2025-11-16,牡2,2
2025-08-30,pw01dud102021103582/59,サンダーバース,2025-08-30,せん4,4
2025-08-02,pw01dud102023105292/CC,サンダーバード,2025-10-13,牝2,2
2025-07-27,pw01dud102022102653/6A,サンダーフレア,2025-08-30,牝3,4
2025-05-24,pw01dud102021105839/9F,サンダーユニバンス,2025-12-20,牡4,7
2025-08-17,pw01dud102022102966/66,サンダーロード,2025-10-26,牡3,8
2025-09-06,pw01dud102023105013/5D,サンダーヴィント,2025-11-02,牡2,3
2025-06-14,pw01dud102022100760/74,サンティエレーヴル,2025-06-14,牡3,1
2025-01-11,pw01dud102022104982/98,サンディエゴ,2025-11-30,牡3,6
2025-08-17,pw01dud102021105821/F7,サンディブロンド,2025-10-18,牝4,5
2025-12-20,pw01dud102018100297/B1,サンデイビス,2025-12-20,牡7,1
2025-11-15,pw01dud102023107021/65,サンデースマッシュ,2025-11-15,牡2,2
2025-10-12,pw01dud102023100433/96,サンデーパーティー,2025-12-14,牡2,5
2025-02-23,pw01dud102020100903/B7,サンデーヒーロー,2025-02-23,牡5,1
2025-02-23,pw01dud102020104136/74,サンデーファンデー,2025-11-09,牡5,7
2025-10-11,pw01dud102023107313/CE,サントマーレ,2025-12-27,牡2,2
2025-05-17,pw01dud102022105795/8E,サントモナルカ,2025-09-15,牡3,8
2025-09-07,pw01dud102023103761/40,サントルドパリ,2025-11-16,牡2,4
2025-01-19,pw01dud102022105632/A4,サントレッダー,2025-06-28,牝3,5
2025-05-31,pw01dud102021104395/4F,サンドオブエテル,2025-10-12,牡4,3
2025-12-28,pw01dud102023104845/0C,サンドッグ,2025-12-28,牡2,1
2025-08-30,pw01dud102021106941/37,サンドブラスト,2025-11-09,牡4,5
2025-08-31,pw01dud102023104529/25,サンドロック,2025-09-27,牝2,2
2025-02-09,pw01dud102021110119/4B,サンドロナイト,2025-07-20,牝4,3
2025-05-11,pw01dud102022101202/F4,サンナイアガラ,2025-06-01,牝3,4
2025-01-06,pw01dud102021100831/5C,サンノーブル,2025-01-26,せん4,2
2025-08-02,pw01dud102022107197/2C,サンパギータチャン,2025-08-02,牝3,6
2025-08-02,pw01dud102021100074/6D,サンピアノソナタ,2025-10-26,牝4,6
2025-03-22,pw01dud102022102867/A8,サンピエーリ,2025-03-22,牡3,2
2025-09-06,pw01dud102022101330/6F,サンピノン,2025-11-22,牝3,6
2025-06-28,pw01dud102022106579/C7,サンピラーゴールド,2025-09-06,牡3,4
2025-09-20,pw01dud102023100387/81,サンブライト,2025-12-20,牝2,2
2025-07-13,pw01dud102022106660/DD,サンブリンガー,2025-07-13,牡3,2
2025-08-16,pw01dud102023105667/9F,サンブル,2025-11-30,牡2,4
2025-08-10,pw01dud102020102050/D3,サンポーニャ,2025-12-21,牝5,4
2025-01-13,pw01dud102022103878/1A,サンマイメ,2025-01-13,牡3,1
2025-07-19,pw01dud102020101779/66,サンマルグレイト,2025-10-19,牡5,8
2025-06-22,pw01dud102022102007/C0,サンマルストロング,2025-06-22,牡3,6
2025-02-08,pw01dud102019106031/63,サンマルソムニア,2025-08-09,牝6,4
2025-02-22,pw01dud102022102716/B4,サンマルノヴェル,2025-10-26,牡3,7
2025-04-12,pw01dud102020106370/42,サンマルパトロール,2025-09-20,牡5,5
2025-10-12,pw01dud102023101647/C3,サンマルフォース,2025-10-19,牡2,2
2025-08-17,pw01dud102021101120/71,サンマルブーケ,2025-08-17,牝4,2
2025-12-07,pw01dud102023107495/65,サンマルマニック,2025-12-07,牝2,1
2025-03-08,pw01dud102021107331/F0,サンマルミッション,2025-03-08,牡4,1
2025-07-27,pw01dud102022107396/1B,サンマルメロディー,2025-07-27,牝3,3
2025-10-25,pw01dud102020101086/C6,サンマルリアン,2025-12-28,牝5,5
2025-03-09,pw01dud102018106259/F1,サンマルレジェンド,2025-03-22,牡7,2
2025-06-29,pw01dud102022101076/CE,サンマルレーヴ,2025-08-23,牝3,3
2025-05-11,pw01dud102019106409/8F,サンマルヴァレー,2025-08-24,牝6,4
2025-01-12,pw01dud102022100273/E8,サンムーン,2025-01-25,牝3,2
2025-03-23,pw01dud102019101633/C4,サンライズアムール,2025-12-14,牡6,4
2025-07-06,pw01dud102019103419/D2,サンライズアリオン,2025-12-21,牡6,6
2025-02-16,pw01dud102022102190/5C,サンライズアルズ,2025-03-22,せん3,3
2025-04-27,pw01dud102022105967/A6,サンライズアレス,2025-09-20,牡3,5
2025-10-26,pw01dud102023106547/3D,サンライズアーサー,2025-12-27,牡2,3
2025-02-08,pw01dud102021105560/31,サンライズアース,2025-11-30,牡4,6
2025-08-03,pw01dud102021102221/04,サンライズウェーヴ,2025-11-01,牡4,8
2025-03-29,pw01dud102019103907/D1,サンライズエース,2025-08-10,牡6,6
2025-12-07,pw01dud102023106129/3F,サンライズオスカー,2025-12-07,牡2,1
2025-01-12,pw01dud102017106720/1F,サンライズオネスト,2025-01-12,牡8,1
2025-10-12,pw01dud102021105982/FB,サンライズガッツ,2025-12-13,牡4,3
2025-05-04,pw01dud102022105588/75,サンライズグラシア,2025-10-18,牡3,6
2025-05-11,pw01dud102020104793/A1,サンライズグルーヴ,2025-11-30,牡5,8
2025-10-05,pw01dud102023106546/CA,サンライズケヴィン,2025-12-14,牡2,4
2025-02-01,pw01dud102018100390/BD,サンライズゴラッソ,2025-02-23,牡7,3
2025-11-16,pw01dud102021103320/B1,サンライズシア,2025-11-16,牡4,2
2025-08-10,pw01dud102022102196/0E,サンライズシュガー,2025-12-06,牡3,6
2025-02-23,pw01dud102021104756/46,サンライズジパング,2025-12-28,牡4,4
2025-10-18,pw01dud102022103307/42,サンライズジュピタ,2025-12-20,牡3,10
2025-04-12,pw01dud102020103039/AD,サンライズジーク,2025-07-26,牡5,5
2025-09-13,pw01dud102023106553/81,サンライズスピード,2025-09-13,牡2,1
2025-09-07,pw01dud102021105104/D9,サンライズソレイユ,2025-10-05,牡4,7
2025-11-08,pw01dud102020101597/3E,サンライズタイソン,2025-11-08,牡5,4
2025-11-09,pw01dud102023100945/81,サンライズナスカ,2025-11-09,牡2,1
2025-12-28,pw01dud102023106551/9B,サンライズハンター,2025-12-28,牡2,1
2025-05-11,pw01dud102022102604/8D,サンライズバブル,2025-12-21,牡3,5
2025-06-21,pw01dud102022102218/A5,サンライズバレット,2025-07-13,牡3,4
2025-05-18,pw01dud102020102343/AF,サンライズパスカル,2025-10-26,牡5,5
2025-04-26,pw01dud102020101535/F8,サンライズフォルス,2025-04-26,牡5,1
2025-12-13,pw01dud102023100902/E8,サンライズフリード,2025-12-13,牡2,1
2025-02-02,pw01dud102020101599/24,サンライズフレイム,2025-11-15,牡5,5
2025-04-06,pw01dud102022104429/68,サンライズフーガ,2025-09-06,牡3,10
2025-10-25,pw01dud102022101396/81,サンライズブレイク,2025-10-25,牡3,6
2025-05-04,pw01dud102020102326/E8,サンライズプルート,2025-10-25,牡5,7
2025-01-18,pw01dud102022104520/8E,サンライズプロミス,2025-04-20,牡3,4
2025-11-15,pw01dud102019101681/2E,サンライズホーク,2025-11-15,せん6,2
2025-12-20,pw01dud102023100931/A5,サンライズマシュー,2025-12-20,牡2,1
2025-08-23,pw01dud102022103887/B7,サンライズミモザ,2025-08-23,せん3,4
2025-04-13,pw01dud102022102206/AF,サンライズライリー,2025-04-13,牡3,1
2025-10-18,pw01dud102023106556/DA,サンライズロイ,2025-10-18,牡2,1
2025-05-04,pw01dud102022105389/86,サンライズロジャー,2025-07-12,牡3,7
2025-01-13,pw01dud102019105087/76,サンライズロナウド,2025-02-15,牡6,2
2025-04-26,pw01dud102022103126/8D,サンライズロンドン,2025-05-25,牡3,5
2025-03-22,pw01dud102022101324/2B,サンラグナベルデ,2025-03-22,牝3,1
2025-11-09,pw01dud102023107162/49,サンラザール,2025-11-09,牡2,2
2025-02-01,pw01dud102021101299/1D,サンリコリス,2025-04-13,牝4,4
2025-02-02,pw01dud102022110027/D0,サンリットアワーズ,2025-04-19,牡3,2
2025-10-11,pw01dud102023100841/84,サンリナリア,2025-10-11,牝2,2
2025-04-20,pw01dud102022105933/AA,サンルーナ,2025-04-20,牝3,1
2025-01-12,pw01dud102021102326/74,サンレイマリー,2025-03-02,牡4,2
2025-01-13,pw01dud102022103690/40,サンレンブイ,2025-01-13,牝3,1
2025-11-15,pw01dud102021106759/7D,サンロレンツォ,2025-11-15,牝4,9
2025-11-30,pw01dud102023105559/44,サンヴィクトワール,2025-12-20,牝2,2
2025-09-07,pw01dud102018103473/F4,サヴァビアン,2025-12-21,牡7,7
2025-12-27,pw01dud102023105645/99,サヴォアフェール,2025-12-27,牡2,1
2025-05-25,pw01dud102022105696/D0,サヴォンリンナ,2025-09-07,牝3,4
2025-04-20,pw01dud102021105796/75,サークルオブジョイ,2025-12-27,牡4,6
2025-01-18,pw01dud102017103353/17,サーストンシカゴ,2025-01-18,せん8,1
2025-04-12,pw01dud102019105857/CE,サーティファイド,2025-10-11,牡6,9
2025-08-03,pw01dud102023103440/1A,サーディンラン,2025-11-16,牡2,4
2025-12-06,pw01dud102023104556/FC,サートゥリア,2025-12-06,牡2,1
2025-12-28,pw01dud102023104680/AB,サートゥルチェア,2025-12-28,牝2,1
2025-08-09,pw01dud102022104546/60,サードウインド,2025-11-22,牝3,5
2025-10-18,pw01dud102021106237/82,サーナーティオン,2025-11-09,牡4,3
2025-11-02,pw01dud102023101685/1D,サーバルマインド,2025-11-02,牡2,1
2025-08-02,pw01dud102022103508/17,サーフギャラクシー,2025-08-02,牡3,7
2025-04-26,pw01dud102022100738/DC,サーフプラチナム,2025-06-29,牝3,6
2025-06-29,pw01dud102023103690/CC,サーブルディアマン,2025-12-14,牡2,3
2025-01-19,pw01dud102019105505/05,サーマルウインド,2025-01-19,牝6,1
2025-10-12,pw01dud102020102688/C1,サーマルソアリング,2025-11-22,牝5,6
2025-03-15,pw01dud102022106814/BB,サーリアル,2025-05-24,牝3,2
2025-10-25,pw01dud102023103873/67,サーロー,2025-11-08,牝2,2
2025-07-06,pw01dud102016103730/D6,ザイツィンガー,2025-11-22,牡9,4
2025-06-14,pw01dud102022100100/EE,ザイル,2025-07-06,牡3,3
2025-04-12,pw01dud102019101399/43,ザウリ,2025-12-20,牡6,8
2025-01-06,pw01dud102022101103/36,ザカリナン,2025-12-27,牡3,8
2025-06-29,pw01dud102022101663/8B,ザカート,2025-11-16,牝3,6
2025-08-23,pw01dud102023104433/52,ザキノフレンズ,2025-12-27,牡2,3
2025-05-10,pw01dud102015105440/A5,ザスリーサーティ,2025-08-30,牡10,6
2025-01-25,pw01dud102022103617/E5,ザセンチュリー,2025-02-23,牡3,3
2025-08-02,pw01dud102022104999/CD,ザタイムズ,2025-08-23,牝3,2
2025-06-15,pw01dud102023103736/4F,ザタイムハズカム,2025-06-15,牝2,1
2025-03-16,pw01dud102022100476/A3,ザックザク,2025-04-06,牡3,3
2025-08-03,pw01dud102022102929/7F,ザハント,2025-08-31,牡3,10
2025-08-23,pw01dud102021105131/B0,ザハーフェル,2025-09-06,牝4,7
2025-07-26,pw01dud102023103499/75,ザバルガド,2025-10-19,牝2,2
2025-07-12,pw01dud102021104905/E5,ザブライド,2025-07-12,牝4,1
2025-11-09,pw01dud102021100121/F5,ザブルース,2025-11-09,牝4,6
2025-12-20,pw01dud102023101170/D9,ザムーン,2025-12-20,牝2,1
2025-06-22,pw01dud102022107342/FF,ザラタン,2025-12-06,牝3,9
2025-04-19,pw01dud102018105291/AA,ザレストノーウェア,2025-04-19,牡7,3
2025-04-20,pw01dud102021106845/D2,ザロック,2025-09-07,せん4,10
2025-01-18,pw01dud102022105993/0A,ザローズハーツ,2025-01-18,牝3,1
2025-08-09,pw01dud102022105103/F2,ザンクトガレン,2025-09-14,牝3,2
2025-08-30,pw01dud102020110051/36,ザングウィル,2025-12-28,牡5,8
2025-12-20,pw01dud102023106733/C3,ザンテソーロ,2025-12-20,牡2,1
2025-07-19,pw01dud102023110013/80,ザーフィル,2025-12-06,牡2,3
2025-06-15,pw01dud102021103299/FB,シアター,2025-12-07,牝4,7
2025-04-19,pw01dud102022101085/6B,シアトルプリンセス,2025-08-02,牝3,5
2025-08-02,pw01dud102021105742/59,シアブリス,2025-08-02,牝4,3
2025-07-26,pw01dud102022102403/B8,シアワセデスカ,2025-07-26,牝3,2
2025-07-20,pw01dud102019110009/FF,シアージスト,2025-07-20,牡6,3
2025-08-23,pw01dud102022105797/74,シウダーエヴィータ,2025-08-23,牝3,5
2025-06-29,pw01dud102019105420/B5,シウン,2025-09-21,牝6,4
2025-06-22,pw01dud102021101250/D2,シェアホルダーズ,2025-10-05,牡4,6
2025-08-31,pw01dud102020103101/16,シェイクユアハート,2025-12-13,牡5,9
2025-11-24,pw01dud102023100544/4A,シェイプオブユー,2025-11-24,牝2,3
2025-11-24,pw01dud102020103566/79,シェットランド,2025-12-14,牡5,6
2025-07-19,pw01dud102023102518/C4,シェリアドレ,2025-12-21,牝2,3
2025-06-14,pw01dud102022100780/94,シェリルファミーユ,2025-11-16,牝3,4
2025-08-30,pw01dud102023106099/7E,シェンフー,2025-08-30,牡2,1
2025-05-11,pw01dud102022100999/11,シェーネアウゲン,2025-12-06,牝3,8
2025-11-08,pw01dud102023110001/8A,シェーネエルデ,2025-11-08,牝2,1
2025-01-19,pw01dud102022102139/07,シェーラ,2025-12-21,牝3,9
2025-11-02,pw01dud102023106485/66,シェーロドラート,2025-12-21,牝2,3
2025-07-05,pw01dud102022104716/92,シェーンシュティア,2025-11-22,牝3,5
2025-05-17,pw01dud102022103018/32,シェーンルスカ,2025-12-13,牝3,3
2025-08-02,pw01dud102019101462/1F,シエラメンテ,2025-10-19,牝6,5
2025-11-29,pw01dud102023100833/5A,シエルライズ,2025-11-29,牡2,1
2025-01-11,pw01dud102022101939/A0,シエルルビー,2025-04-26,牝3,2
2025-10-12,pw01dud102023105249/A1,シオンダンサー,2025-10-12,牝2,1
2025-08-24,pw01dud102022110079/06,シオーグ,2025-08-24,牝3,4
2025-11-16,pw01dud102023102530/4C,シカゴキャッツ,2025-11-16,牡2,1
2025-10-18,pw01dud102021105242/64,シカゴスティング,2025-11-23,牝4,5
2025-08-02,pw01dud102022104308/A4,シカレ,2025-08-30,牝3,11
2025-02-01,pw01dud102021106353/07,シグムンド,2025-12-13,牡4,8
2025-01-05,pw01dud102019103953/55,シグルドリーヴァ,2025-01-26,牝6,2
2025-01-05,pw01dud102019102986/EF,シゲルオトヒメ,2025-12-14,牝6,12
2025-05-11,pw01dud102020102077/18,シゲルカミカゼ,2025-12-06,牡5,7
2025-07-06,pw01dud102020101694/16,シゲルショウグン,2025-11-09,牡5,5
2025-01-18,pw01dud102020110100/A4,シゲルソロソロ,2025-08-23,牝5,4
2025-10-04,pw01dud102019102813/F5,シゲルタヌキ,2025-10-25,牡6,3
2025-01-13,pw01dud102018103470/9B,シゲルバクハツ,2025-04-26,牡7,3
2025-10-05,pw01dud102023104616/ED,シシリアンキッス,2025-10-05,牝2,2
2025-06-22,pw01dud102023102677/E2,シシリアンフラッグ,2025-12-13,牝2,6
2025-07-27,pw01dud102022100872/9B,シスター,2025-09-13,牝3,6
2025-07-20,pw01dud102023102624/39,シスターブラック,2025-10-25,牝2,3
2025-11-16,pw01dud102023102120/78,システマソラー,2025-11-29,牡2,2
2025-05-10,pw01dud102020106727/DB,システムリブート,2025-07-20,牡5,5
2025-07-27,pw01dud102022105319/16,シストロン,2025-08-10,牝3,5
2025-03-29,pw01dud102022106724/9A,シセイレジーナ,2025-07-12,牝3,2
2025-06-21,pw01dud102019103887/20,シックザイン,2025-11-22,牡6,11
2025-07-06,pw01dud102022102961/27,シックスパック,2025-09-07,牡3,4
2025-06-08,pw01dud102021105724/1F,シックスペンス,2025-12-07,牡4,4
2025-06-14,pw01dud102023102944/EC,シックスリングス,2025-09-07,牝2,3
2025-07-26,pw01dud102022106721/41,シックスレイヴンズ,2025-07-26,牝3,3
2025-03-23,pw01dud102022102108/64,シップウジョー,2025-04-20,牡3,2
2025-04-12,pw01dud102022103713/4A,シップオブラヴ,2025-04-12,牡3,2
2025-06-15,pw01dud102022101695/A1,シティオブロンドン,2025-06-28,牡3,4
2025-10-19,pw01dud102023105801/EF,シティプロスパー,2025-11-08,牝2,2
2025-08-17,pw01dud102018105086/77,シテフローラル,2025-08-17,せん7,3
2025-08-24,pw01dud102023100872/27,シデレウス,2025-11-24,牡2,2
2025-08-24,pw01dud102023103739/A8,シデンイッセン,2025-09-28,牡2,3
2025-05-17,pw01dud102021105596/13,シトラール,2025-05-17,牡4,2
2025-07-20,pw01dud102023106730/6A,シトリンテソーロ,2025-11-15,牝2,4
2025-11-15,pw01dud102022105506/0F,シドニーホバート,2025-11-15,牡3,8
2025-01-06,pw01dud102022106431/BE,シナツヒメ,2025-01-26,牝3,3
2025-02-16,pw01dud102022104461/10,シナモンショコラ,2025-03-22,牡3,2
2025-11-15,pw01dud102023107024/BE,シニャンガ,2025-11-15,牝2,1
2025-01-19,pw01dud102022107348/B1,シバノストムキット,2025-01-19,牡3,1
2025-11-22,pw01dud102023101481/EF,シビックアスコット,2025-11-22,牡2,1
2025-12-28,pw01dud102023100982/68,シビルガード,2025-12-28,牡2,1
2025-06-21,pw01dud102022101107/02,シフグナーデ,2025-06-21,牝3,1
2025-04-26,pw01dud102022105273/93,シプレーノート,2025-06-07,牝3,3
2025-04-27,pw01dud102022101064/D8,シベリアンデネブ,2025-08-17,牡3,4
2025-03-23,pw01dud102021101056/22,シベリアンポラリス,2025-03-23,牡4,1
2025-06-14,pw01dud102020103774/05,シホノインプルソ,2025-06-28,牡5,2
2025-08-10,pw01dud102023106896/AD,シホノグラツィア,2025-08-10,牡2,1
2025-07-19,pw01dud102019105654/13,シホノスペランツァ,2025-11-22,牡6,6
2025-07-26,pw01dud102023106950/EC,シホノソルジェンテ,2025-07-26,牡2,1
2025-05-25,pw01dud102022104627/E4,シホノペルフェット,2025-12-14,牡3,8
2025-06-22,pw01dud102022105972/77,シホリーン,2025-10-18,牝3,5
2025-08-09,pw01dud102022100179/69,シマエナガ,2025-08-09,牝3,2
2025-02-02,pw01dud102022103642/D6,シマサンブラック,2025-04-13,牡3,3
2025-02-15,pw01dud102021110077/94,シャイニングソード,2025-10-13,牡4,5
2025-02-02,pw01dud102022100425/E0,シャイニーカラーズ,2025-02-02,牝3,1
2025-05-11,pw01dud102022101937/BA,シャイニーシップ,2025-05-11,牡3,5
2025-08-02,pw01dud102020101184/11,シャイニースイフト,2025-12-28,牡5,6
2025-04-05,pw01dud102017100728/1D,シャイニーズラン,2025-04-19,牡8,2
2025-06-29,pw01dud102022101780/83,シャイニーセーラー,2025-08-16,牝3,4
2025-06-07,pw01dud102022102459/BA,シャイニーヒル,2025-06-07,牡3,4
2025-10-18,pw01dud102016103884/23,シャイニーロック,2025-10-18,牡9,1
2025-10-12,pw01dud102022104985/F1,シャイフ,2025-12-07,牡3,5
2025-12-28,pw01dud102023102643/E6,シャインゴーツ,2025-12-28,牡2,1
2025-08-16,pw01dud102022101153/86,シャインシュシュ,2025-08-31,牝3,6
2025-03-01,pw01dud102022102608/59,シャインステラ,2025-03-01,牝3,1
2025-07-26,pw01dud102021103535/62,シャインズオンユー,2025-12-07,牡4,6
2025-03-15,pw01dud102022104390/9C,シャインチャプチャ,2025-08-16,牡3,4
2025-08-03,pw01dud102022106180/08,シャインバオバブ,2025-12-14,牡3,14
2025-06-21,pw01dud102023105561/BC,シャインフォーミー,2025-12-28,牝2,4
2025-08-03,pw01dud102022101495/3F,シャインフリーリー,2025-09-06,牡3,11
2025-01-06,pw01dud102022104392/82,シャインベック,2025-09-13,牡3,6
2025-09-07,pw01dud102022104411/C0,シャインミラカナ,2025-11-15,牡3,4
2025-06-01,pw01dud102022104417/72,シャインモノリス,2025-06-01,牡3,4
2025-03-08,pw01dud102022100646/D5,シャインローザ,2025-03-08,牝3,1
2025-03-23,pw01dud102021101279/FD,シャインヴィーナス,2025-03-23,牝4,3
2025-08-02,pw01dud102023102642/73,シャインヴィーラ,2025-12-06,牡2,5
2025-09-07,pw01dud102022101198/05,シャオシンユン,2025-09-07,牝3,7
2025-08-30,pw01dud102023100776/C2,シャオママル,2025-11-08,牡2,4
2025-04-13,pw01dud102021101237/D7,シャカシャカシー,2025-12-13,牡4,5
2025-04-05,pw01dud102022102553/39,シャススプリーン,2025-04-05,牡3,1
2025-11-01,pw01dud102023106374/B2,シャトーベスト,2025-11-01,牡2,1
2025-07-12,pw01dud102022101337/94,シャトーペリオット,2025-08-17,牡3,3
2025-06-28,pw01dud102022107268/A0,シャトーホークビル,2025-10-19,牡3,3
2025-06-29,pw01dud102020101434/54,シャトーボビー,2025-11-24,牡5,4
2025-08-30,pw01dud102022105474/68,シャドウキャッスル,2025-12-13,牡3,10
2025-11-30,pw01dud102023103507/30,シャドウクライ,2025-12-14,牝2,3
2025-04-05,pw01dud102022105351/BE,シャドウフェイス,2025-09-06,牝3,4
2025-08-24,pw01dud102020102853/B4,シャドウフューリー,2025-12-27,牡5,7
2025-11-01,pw01dud102023103423/53,シャドウマスター,2025-11-01,牡2,1
2025-02-23,pw01dud102022105454/48,シャドウメテオ,2025-12-21,牝3,5
2025-01-12,pw01dud102021104797/F9,シャドウルパン,2025-03-02,牡4,3
2025-05-04,pw01dud102022105350/4B,シャドウヴァイス,2025-05-04,せん3,2
2025-11-15,pw01dud102021105563/8A,シャドフ,2025-12-28,牝4,3
2025-08-02,pw01dud102022101273/D7,シャドーストライク,2025-08-16,牡3,8
2025-01-11,pw01dud102021105680/82,シャハザマーン,2025-08-10,牡4,7
2025-08-16,pw01dud102021104786/76,シャパリュ,2025-11-30,せん4,6
2025-12-07,pw01dud102023103568/03,シャフメラン,2025-12-07,牝2,1
2025-06-08,pw01dud102022100372/A6,シャポー,2025-06-08,牡3,1
2025-10-25,pw01dud102023103425/39,シャマレル,2025-11-15,牡2,2
2025-10-13,pw01dud102023103743/06,シャリキモン,2025-11-08,牡2,2
2025-05-11,pw01dud102022104745/4F,シャルクハフト,2025-12-14,牡3,12
2025-06-22,pw01dud102023100177/0F,シャルトル,2025-11-09,牡2,2
2025-04-12,pw01dud102022101362/85,シャルパンティエ,2025-11-15,牝3,8
2025-08-03,pw01dud102023101459/57,シャルムグリーン,2025-12-13,牡2,4
2025-06-14,pw01dud102022101740/43,シャルメイビス,2025-06-22,牝3,4
2025-07-26,pw01dud102023103297/2D,シャローアロス,2025-10-25,牝2,5
2025-08-03,pw01dud102023107258/1C,シャローファースト,2025-12-21,牡2,5
2025-05-17,pw01dud102022106950/60,シャンクス,2025-12-06,牡3,6
2025-12-21,pw01dud102023106166/26,シャンクスレガシー,2025-12-21,牝2,1
2025-05-10,pw01dud102022104060/D9,シャンクドール,2025-05-10,牝3,3
2025-11-22,pw01dud102022105038/30,シャンソンドール,2025-11-22,牝3,3
2025-10-13,pw01dud102023103353/52,シャンデリュイーズ,2025-12-07,牝2,3
2025-10-25,pw01dud102020103193/8C,シャンデルナゴル,2025-12-21,牡5,8
2025-10-18,pw01dud102023107384/B1,シャンデヴィーニュ,2025-11-16,牝2,3
2025-07-05,pw01dud102020103053/1B,シャンドゥレール,2025-12-20,せん5,7
2025-06-29,pw01dud102022101816/F6,シャンドネージュ,2025-06-29,牝3,3
2025-11-09,pw01dud102023101082/9E,シャンドラテ,2025-11-09,牝2,1
2025-09-14,pw01dud102023107221/C7,シャンドラファール,2025-09-14,牡2,1
2025-10-26,pw01dud102022102347/93,シャンハイナイト,2025-11-01,牝3,6
2025-04-19,pw01dud102022100186/20,シャンハイノハナ,2025-07-27,牝3,5
2025-12-20,pw01dud102019100615/9B,シャンバラ,2025-12-20,牡6,3
2025-02-09,pw01dud102020103075/21,シャンパンカラー,2025-11-23,牡5,5
2025-08-03,pw01dud102022104932/48,シャンパングラス,2025-09-06,牡3,5
2025-04-19,pw01dud102022101104/A9,シャンパンゴールド,2025-04-19,牝3,2
2025-11-15,pw01dud102023100112/70,シャンパンスター,2025-11-29,牝2,2
2025-10-11,pw01dud102021105562/17,シャンパンポップ,2025-11-24,牡4,4
2025-07-27,pw01dud102021105252/74,シャンパンマーク,2025-07-27,牡4,4
2025-07-27,pw01dud102022105534/59,シャンパンライフ,2025-12-28,牝3,4
2025-11-09,pw01dud102023104942/E4,シャンペトルブーケ,2025-12-20,牝2,4
2025-01-19,pw01dud102022102094/F7,シャヴィット,2025-08-17,牝3,6
2025-11-09,pw01dud102023106289/D0,シャープインサイト,2025-11-23,牡2,2
2025-04-12,pw01dud102020101853/C5,シャープソーン,2025-08-17,牝5,2
2025-08-23,pw01dud102021104918/4E,シャーリーゴールド,2025-11-09,牝4,6
2025-04-27,pw01dud102020106930/28,シャーンゴッセ,2025-11-22,せん5,8
2025-04-20,pw01dud102021104934/A2,シュウズダイヤ,2025-04-20,せん4,1
2025-08-10,pw01dud102022103517/B4,シュエットアムール,2025-11-09,牝3,9
2025-08-02,pw01dud102019106364/7F,シュガーコルト,2025-08-02,せん6,4
2025-11-24,pw01dud102023107066/E4,シュガーシャック,2025-12-20,牡2,3
2025-08-10,pw01dud102022104177/3F,シュガーハイ,2025-10-04,牡3,7
2025-08-23,pw01dud102023106028/9B,シュガービスケッツ,2025-11-02,牝2,2
2025-10-18,pw01dud102023100031/EC,シュガームーン,2025-11-08,牝2,4
2025-12-28,pw01dud102023103874/DA,シュクルリー,2025-12-28,牝2,1
2025-05-18,pw01dud102021106178/04,シュシュトディエス,2025-10-25,牝4,5
2025-12-21,pw01dud102023107188/1B,シュタットパーク,2025-12-21,牡2,1
2025-11-23,pw01dud102023106662/4F,シュタルク,2025-12-06,牡2,4
2025-05-11,pw01dud102022104438/05,シュタールペスカ,2025-05-25,牡3,3
2025-11-16,pw01dud102020103061/45,シュタールヴィント,2025-12-27,牡5,12
2025-08-31,pw01dud102023105301/FA,シュテフィ,2025-11-02,牝2,4
2025-01-13,pw01dud102022102360/8E,シュテルンビルト,2025-12-20,牡3,8
2025-04-26,pw01dud102020102876/2D,シュテルンロット,2025-06-22,牝5,6
2025-02-01,pw01dud102021105744/3F,シュトラウス,2025-08-10,牡4,3
2025-11-16,pw01dud102023103575/BA,シュトルムカイザー,2025-12-06,せん2,2
2025-08-17,pw01dud102019104447/0B,シュトルーヴェ,2025-11-30,せん6,4
2025-03-15,pw01dud102022105716/81,シュドゥン,2025-06-21,牝3,3
2025-11-24,pw01dud102020103474/72,シュニー,2025-12-13,牝5,7
2025-11-23,pw01dud102023102948/B8,シュネルアンジュ,2025-11-23,牝2,1
2025-08-31,pw01dud102022104509/79,シュネルカガ,2025-08-31,牡3,1
2025-05-24,pw01dud102022104871/E4,シュネルケーニヒ,2025-05-24,牡3,2
2025-02-23,pw01dud102021105622/08,シュネルラウフェン,2025-05-17,牝4,2
2025-10-25,pw01dud102022104944/3E,シュネーグロッケン,2025-12-20,牡3,8
2025-08-17,pw01dud102023102831/52,シュネードリーム,2025-11-08,牝2,3
2025-09-06,pw01dud102023104483/A2,シュネープリンセス,2025-09-06,牝2,1
2025-09-14,pw01dud102020105031/F3,シュハリ,2025-12-07,牡5,4
2025-04-05,pw01dud102018110035/D7,シュバルツカイザー,2025-04-05,せん7,3
2025-06-22,pw01dud102020103575/16,シュバルツガイスト,2025-12-14,牡5,5
2025-07-27,pw01dud102021104882/DB,シュバルツクーゲル,2025-11-15,牡4,4
2025-08-17,pw01dud102022104887/A6,シュバルツマサムネ,2025-12-20,牡3,9
2025-08-02,pw01dud102022110090/1B,シュパネントウィル,2025-08-02,牡3,2
2025-08-03,pw01dud102022101036/8E,シュパネントダイヤ,2025-09-15,牝3,4
2025-05-18,pw01dud102022101561/74,シュパネントパール,2025-07-06,牝3,4
2025-01-11,pw01dud102018101572/D4,シュピカ,2025-02-22,牝7,2
2025-08-03,pw01dud102023106141/C7,シュピラー,2025-12-20,牡2,5
2025-01-06,pw01dud102016102550/A5,シュブリーム,2025-04-05,牡9,2
2025-08-16,pw01dud102021105873/2D,シュブロンレーヴル,2025-10-26,牝4,9
2025-01-12,pw01dud102019104636/EA,シュプリンガー,2025-12-07,せん6,8
2025-10-12,pw01dud102023103488/F2,シュプリームレルム,2025-11-29,牡2,2
2025-10-11,pw01dud102023104450/19,シュペルリング,2025-11-08,牡2,2
2025-04-19,pw01dud102019105341/17,シュホ,2025-04-19,牝6,1
2025-08-31,pw01dud102022102117/01,シュラザック,2025-09-28,牡3,7
2025-04-26,pw01dud102022103324/09,シュラフ,2025-11-08,牝3,9
2025-07-05,pw01dud102022102380/AE,シュレン,2025-12-14,牝3,8
2025-11-08,pw01dud102023102135/C7,シュンポシオン,2025-11-15,牡2,2
2025-08-17,pw01dud102018104942/35,シュヴァリエローズ,2025-12-28,牡7,5
2025-11-30,pw01dud102023100359/37,シュヴァルツシルト,2025-12-14,牡2,2
2025-08-23,pw01dud102020106101/E3,シュヴァルツリーベ,2025-08-23,牝5,5
2025-06-14,pw01dud102022100360/B0,シュヴァルノワール,2025-07-06,牡3,6
2025-07-06,pw01dud102022102315/7D,シュヴァルボヌール,2025-12-13,牝3,5
2025-02-09,pw01dud102022105761/92,シュヴァルム,2025-09-20,牝3,4
2025-10-12,pw01dud102023104158/1E,シュヴェスター,2025-10-12,牝2,2
2025-07-26,pw01dud102019105760/88,シュヴェルトライテ,2025-11-29,牝6,8
2025-11-16,pw01dud102021104404/7D,シュークリーム,2025-12-07,牝4,5
2025-11-08,pw01dud102023102659/A8,シューティングガイ,2025-11-24,牡2,5
2025-10-26,pw01dud102023101279/15,シュートザムーン,2025-12-20,牡2,3
2025-04-26,pw01dud102022103509/8A,シュードタキライト,2025-12-14,牡3,5
2025-12-27,pw01dud102023101790/1F,シューペルブリアン,2025-12-27,牝2,1
2025-10-19,pw01dud102021103737/AA,シューンカイゼリン,2025-12-13,牝4,2
2025-11-15,pw01dud102023103897/53,ショウグンマサムネ,2025-11-15,牡2,1
2025-08-31,pw01dud102023101526/FF,ショウサンカナヲ,2025-09-07,牝2,2
2025-01-18,pw01dud102019102265/05,ショウサンキズナ,2025-09-28,牡6,5
2025-05-04,pw01dud102022102131/6F,ショウサンジョージ,2025-12-13,牡3,5
2025-05-04,pw01dud102022103927/88,ショウナンアイバ,2025-07-05,牝3,3
2025-08-17,pw01dud102019105239/6E,ショウナンアデイブ,2025-12-13,牡6,7
2025-09-06,pw01dud102022103909/4E,ショウナンアトレ,2025-10-05,牡3,10
2025-07-05,pw01dud102020104597/0B,ショウナンアビアス,2025-12-06,牡5,9
2025-01-12,pw01dud102020103271/B7,ショウナンアレクサ,2025-02-09,牡5,2
2025-03-02,pw01dud102018105011/C8,ショウナンアレス,2025-03-02,牡7,2
2025-11-29,pw01dud102023100604/3B,ショウナンアワード,2025-12-14,牡2,2
2025-11-30,pw01dud102023100603/C8,ショウナンアンバー,2025-12-20,牡2,2
2025-01-06,pw01dud102022101258/F6,ショウナンカチドキ,2025-01-06,牡3,1
2025-02-08,pw01dud102020104107/B7,ショウナンカブト,2025-12-06,せん5,10
2025-07-26,pw01dud102023105347/EC,ショウナンカリス,2025-12-14,牝2,6
2025-12-14,pw01dud102023103634/38,ショウナンカルメラ,2025-12-14,牝2,1
2025-01-12,pw01dud102021105434/9C,ショウナンガチ,2025-12-28,牡4,6
2025-09-06,pw01dud102023105332/9D,ショウナンガルフ,2025-12-27,牡2,3
2025-10-18,pw01dud102023106803/C4,ショウナンサイオウ,2025-11-30,牡2,3
2025-11-16,pw01dud102022101047/11,ショウナンサエッタ,2025-11-16,牡3,5
2025-11-23,pw01dud102023104631/CE,ショウナンサフィラ,2025-12-14,牡2,2
2025-07-26,pw01dud102022105801/63,ショウナンサムデイ,2025-11-16,牝3,6
2025-02-15,pw01dud102022105071/4B,ショウナンザナドゥ,2025-12-27,牝3,8
2025-11-22,pw01dud102023100531/E1,ショウナンタヅナ,2025-12-13,牡2,5
2025-08-03,pw01dud102022103911/C6,ショウナンタハティ,2025-08-30,牡3,8
2025-12-28,pw01dud102023105772/A1,ショウナンタマユラ,2025-12-28,牝2,1
2025-07-20,pw01dud102023102730/AE,ショウナンダイン,2025-12-06,牡2,5
2025-04-12,pw01dud102019106143/8A,ショウナンダール,2025-08-03,牡6,4
2025-01-26,pw01dud102022105879/6B,ショウナンナスカ,2025-08-23,牡3,8
2025-01-05,pw01dud102021105867/E9,ショウナンハウル,2025-12-27,牡4,7
2025-05-17,pw01dud102020103670/08,ショウナンハクウン,2025-12-20,牡5,10
2025-07-12,pw01dud102019110001/67,ショウナンハクラク,2025-12-20,牡6,7
2025-12-27,pw01dud102023103828/56,ショウナンハヤナミ,2025-12-27,牡2,1
2025-02-22,pw01dud102020103333/8E,ショウナンバシット,2025-02-22,牡5,1
2025-05-18,pw01dud102022101823/AD,ショウナンバシリス,2025-08-09,牝3,3
2025-07-26,pw01dud102022104828/B9,ショウナンバジャラ,2025-09-06,牡3,3
2025-08-16,pw01dud102022104590/FE,ショウナンバルドル,2025-12-27,せん3,7
2025-10-12,pw01dud102023107036/B4,ショウナンバンライ,2025-10-26,牡2,2
2025-02-02,pw01dud102022105880/70,ショウナンバージ,2025-05-24,牝3,3
2025-08-17,pw01dud102023106620/29,ショウナンバーボン,2025-12-20,牡2,3
2025-08-24,pw01dud102023102731/21,ショウナンパステル,2025-09-28,牝2,2
2025-10-04,pw01dud102023105771/2E,ショウナンパトス,2025-12-06,牡2,3
2025-06-29,pw01dud102022102370/9E,ショウナンマクベス,2025-06-29,牡3,3
2025-04-13,pw01dud102019104998/C3,ショウナンマグマ,2025-12-21,牡6,9
2025-05-10,pw01dud102019104697/BD,ショウナンマッハ,2025-07-19,せん6,6
2025-01-12,pw01dud102022104937/87,ショウナンマハト,2025-09-15,牝3,12
2025-09-07,pw01dud102022101259/69,ショウナンマリーナ,2025-10-05,牝3,5
2025-11-23,pw01dud102023103888/B6,ショウナンマルチ,2025-11-23,牡2,1
2025-07-26,pw01dud102022104605/DE,ショウナンヤッホー,2025-11-30,牡3,8
2025-08-09,pw01dud102020103148/7B,ショウナンライシン,2025-12-14,牡5,9
2025-08-09,pw01dud102023100277/40,ショウナンライラ,2025-11-15,牡2,2
2025-01-12,pw01dud102021104242/75,ショウナンラウール,2025-12-21,牝4,9
2025-07-12,pw01dud102018103926/F2,ショウナンラスボス,2025-10-18,牡7,9
2025-02-01,pw01dud102021105578/D9,ショウナンラピダス,2025-12-13,牡4,7
2025-10-26,pw01dud102022101048/84,ショウナンラフィネ,2025-12-20,牝3,9
2025-01-19,pw01dud102021105195/DC,ショウナンラプンタ,2025-10-05,牡4,5
2025-08-30,pw01dud102022103924/2F,ショウナンラリー,2025-11-08,牡3,9
2025-01-05,pw01dud102022102642/E7,ショウブダッシュ,2025-03-01,牝3,3
2025-06-01,pw01dud102022104714/AC,ショウヘイ,2025-10-26,牡3,5
2025-08-24,pw01dud102022104256/DD,ショウリュウアサヒ,2025-08-24,牡3,5
2025-01-25,pw01dud102022104819/1C,ショウリュウシエル,2025-06-21,牝3,4
2025-09-27,pw01dud102023102841/62,ショコラキュイ,2025-09-27,牡2,1
2025-07-26,pw01dud102021104069/58,ショコラブレッド,2025-07-26,牝4,2
2025-09-07,pw01dud102023105272/AC,ショコラプリン,2025-11-08,牝2,3
2025-05-03,pw01dud102020103997/E0,ショーケン,2025-06-07,せん5,6
2025-07-13,pw01dud102022104287/80,ショージージョ,2025-08-24,せん3,6
2025-08-02,pw01dud102022105885/AF,ショーダンサー,2025-12-28,牡3,6
2025-02-16,pw01dud102016102080/E0,ショーヒデキラ,2025-11-29,牡9,2
2025-01-12,pw01dud102020106022/45,ショーヘーフェイス,2025-01-25,牡5,2
2025-05-18,pw01dud102021105601/75,ショーマンフリート,2025-12-28,牡4,5
2025-07-06,pw01dud102022103846/04,ショーモッシュ,2025-11-08,牡3,5
2025-08-02,pw01dud102020103279/4F,ショーモン,2025-12-07,せん5,7
2025-07-12,pw01dud102023102743/17,ショーリバース,2025-12-14,牡2,4
2025-11-02,pw01dud102023105467/3D,ショーンバローズ,2025-11-29,牡2,3
2025-03-02,pw01dud102021103908/4F,ショーヴァロンス,2025-03-02,牝4,1
2025-10-19,pw01dud102023102734/7A,シラカワゴウ,2025-10-19,牝2,1
2025-11-01,pw01dud102023105668/12,シラヌイ,2025-12-14,牝2,3
2025-08-31,pw01dud102020109107/62,シランケド,2025-11-02,牝5,4
2025-06-15,pw01dud102020102935/AB,シリアルノヴェル,2025-06-15,せん5,2
2025-07-27,pw01dud102021100086/63,シリウス,2025-09-27,牡4,7
2025-04-13,pw01dud102021104094/49,シリウスコルト,2025-11-22,牡4,6
2025-08-10,pw01dud102022101042/D2,シリウスライト,2025-09-15,牡3,7
2025-10-25,pw01dud102021102231/14,シルキーガール,2025-10-25,牝4,5
2025-01-06,pw01dud102018100537/E4,シルキーヴォイス,2025-01-06,牡7,1
2025-05-03,pw01dud102022105862/36,シルクディヴェール,2025-07-13,牝3,3
2025-08-24,pw01dud102022104921/C5,シルシ,2025-08-24,牝3,3
2025-07-13,pw01dud102020105424/00,シルトホルン,2025-12-21,牡5,8
2025-06-01,pw01dud102021105570/41,シルバーカレッジ,2025-06-01,牡4,1
2025-12-13,pw01dud102023106340/B6,シルバークラフト,2025-12-13,牝2,1
2025-07-05,pw01dud102023104721/EF,シルバーゴールド,2025-12-27,牝2,6
2025-05-25,pw01dud102020101140/05,シルバージュエリー,2025-05-25,牝5,3
2025-02-15,pw01dud102020104745/37,シルバースペード,2025-10-12,牡5,3
2025-06-14,pw01dud102020100289/92,シルバーダイヤ,2025-08-24,牝5,7
2025-05-17,pw01dud102022101987/0A,シルバードン,2025-11-24,牡3,6
2025-08-16,pw01dud102023107110/13,シルバーナイツ,2025-10-19,牡2,2
2025-07-12,pw01dud102020103221/67,シルバーニース,2025-11-15,牝5,9
2025-10-26,pw01dud102020104878/F1,シルバープリペット,2025-11-08,牡5,6
2025-12-28,pw01dud102023105576/0B,シルバープレミア,2025-12-28,牝2,1
2025-09-15,pw01dud102023104567/7F,シルバープレート,2025-09-15,牡2,1
2025-12-13,pw01dud102023106808/03,シルバーリム,2025-12-13,牝2,1
2025-06-14,pw01dud102022104606/51,シルバーレイク,2025-07-12,牝3,2
2025-02-15,pw01dud102022104942/58,シルバーレイン,2025-11-09,牡3,4
2025-07-12,pw01dud102023107043/6B,シルバーレシオ,2025-12-14,牡2,3
2025-09-13,pw01dud102023107214/10,シルフ,2025-09-13,牝2,1
2025-10-26,pw01dud102022110001/FE,シルフズミスチーフ,2025-12-20,牝3,8
2025-06-21,pw01dud102022107077/DB,シルフラ,2025-06-28,牝3,4
2025-05-10,pw01dud102022100620/03,シルフレイ,2025-12-20,牝3,10
2025-08-09,pw01dud102018101348/F4,シルブロン,2025-12-06,牡7,6
2025-08-09,pw01dud102020103046/64,シルヴァティカ,2025-08-09,牝5,3
2025-01-18,pw01dud102020106750/E6,シルヴァーゴースト,2025-01-18,牝5,1
2025-05-03,pw01dud102020100052/DB,シルヴァーデューク,2025-12-28,牡5,7
2025-04-26,pw01dud102022101295/DD,シルヴァーレディ,2025-04-26,牝3,2
2025-05-25,pw01dud102019102137/8A,シロン,2025-10-26,牝6,6
2025-08-02,pw01dud102019105359/BF,シンエン,2025-11-02,牡6,4
2025-07-19,pw01dud102023103621/CF,シンエンドーツダ,2025-12-13,牡2,4
2025-11-30,pw01dud102021110048/D7,シンエンペラー,2025-12-28,牡4,2
2025-10-26,pw01dud102022107300/D9,シンガソング,2025-10-26,牝3,8
2025-02-15,pw01dud102022100458/69,シンギタイ,2025-06-07,牡3,3
2025-08-16,pw01dud102023102907/05,シンギュラーレディ,2025-12-06,牝2,4
2025-03-02,pw01dud102022104642/C5,シンクロボンバイエ,2025-03-02,牡3,1
2025-08-03,pw01dud102020102660/09,シングザットソング,2025-12-20,牝5,6
2025-07-05,pw01dud102022106746/A0,シングンラオウ,2025-07-13,牡3,4
2025-12-07,pw01dud102021100471/D8,シンコーナホチャン,2025-12-07,牝4,4
2025-10-18,pw01dud102023102227/CE,シンシア,2025-11-01,牝2,2
2025-11-15,pw01dud102023100558/26,シンショク,2025-12-20,牡2,3
2025-08-03,pw01dud102022105305/3A,シンシーネ,2025-08-16,牝3,3
2025-12-06,pw01dud102023107448/6E,シンゼンアイカ,2025-12-06,牝2,2
2025-01-18,pw01dud102020102993/25,シンゼンイズモ,2025-11-16,牡5,4
2025-09-06,pw01dud102023103501/7E,シンゼンイセ,2025-09-20,牡2,2
2025-08-02,pw01dud102022105345/7A,シンゼンカガ,2025-08-24,牡3,8
2025-03-29,pw01dud102018106865/5B,シンゼンシャイン,2025-06-29,牡7,4
2025-07-27,pw01dud102022104057/EE,シンゼンマルノスケ,2025-07-27,牡3,2
2025-03-08,pw01dud102019105377/F9,シンティレーション,2025-03-08,牝6,2
2025-10-18,pw01dud102023101778/97,シンデレラカラー,2025-12-06,牝2,4
2025-07-27,pw01dud102023101557/A2,シンデレラガール,2025-12-20,牝2,6
2025-08-10,pw01dud102020104824/D5,シンデレラスマイル,2025-08-17,牝5,6
2025-05-04,pw01dud102022105980/A1,シンデレラダッシュ,2025-05-04,牝3,3
2025-10-25,pw01dud102023109063/69,シンデレラヒメ,2025-11-15,牝2,3
2025-07-05,pw01dud102023106594/34,シンデレラリバティ,2025-12-14,牝2,5
2025-02-09,pw01dud102021103953/60,シントーハナノボス,2025-02-09,牡4,1
2025-07-20,pw01dud102020106691/68,シンドバッド,2025-09-21,牡5,5
2025-05-18,pw01dud102021105382/D5,シンドリームシン,2025-12-27,牡4,11
2025-10-05,pw01dud102023104160/96,シンハ,2025-11-01,牡2,3
2025-10-25,pw01dud102021105574/0D,シンハナーダ,2025-12-13,牡4,6
2025-02-15,pw01dud102021105599/6C,シンバーシア,2025-12-07,牝4,5
2025-07-26,pw01dud102022104198/D2,シンヒダカゴールド,2025-07-26,牝3,7
2025-07-26,pw01dud102022110115/0B,シンビリーブ,2025-12-27,牡3,9
2025-09-06,pw01dud102022105612/84,シンフォニーシーズ,2025-09-06,牝3,8
2025-07-27,pw01dud102022110114/98,シンフォーエバー,2025-11-02,牡3,5
2025-07-27,pw01dud102021101533/9E,シンボリノエル,2025-12-06,牝4,11
2025-08-10,pw01dud102022101544/AD,シンボリライト,2025-08-31,牡3,3
2025-04-05,pw01dud102018103711/41,シンヨモギネス,2025-04-05,牡7,4
2025-07-26,pw01dud102019106148/C9,シンリミテス,2025-11-29,牡6,9
2025-04-20,pw01dud102020101608/52,シンリョクカ,2025-11-16,牝5,6
2025-03-02,pw01dud102022106388/02,シヴァガミ,2025-03-02,牡3,1
2025-07-27,pw01dud102021105423/19,シヴァース,2025-12-13,牡4,7
2025-08-30,pw01dud102022105734/BB,シヴァールバーニ,2025-09-06,牡3,5
2025-11-02,pw01dud102023101171/4C,シヴィータス,2025-11-02,牝2,1
2025-02-01,pw01dud102022101779/7E,シーアンドスカイ,2025-02-01,牡3,1
2025-05-17,pw01dud102020101695/89,シーウィザード,2025-05-17,せん5,2
2025-07-27,pw01dud102022103570/EF,シーオン,2025-08-10,牝3,5
2025-08-02,pw01dud102023109091/B3,シーキングザバース,2025-11-16,牝2,6
2025-09-21,pw01dud102023107317/9A,シーギリヤロック,2025-12-27,牡2,2
2025-05-03,pw01dud102022100785/D3,シーク,2025-11-30,せん3,6
2025-07-26,pw01dud102022110156/BE,シークザドリーム,2025-12-28,牡3,7
2025-10-26,pw01dud102023106966/AE,シークレット,2025-10-26,牝2,2
2025-11-22,pw01dud102021106118/A4,シークレットイスラ,2025-12-13,牡4,3
2025-10-25,pw01dud102021105489/2B,シークレットキー,2025-12-21,牡4,6
2025-01-12,pw01dud102021101636/28,シークレットマター,2025-01-12,せん4,1
2025-06-22,pw01dud102020105114/5D,シークレットロゴ,2025-12-27,牡5,2
2025-04-13,pw01dud102021102413/3C,シークレットヴァウ,2025-12-21,牡4,6
2025-08-30,pw01dud102023100214/87,シーグルロス,2025-12-20,牝2,6
2025-10-26,pw01dud102023103583/E4,シーサンタナ,2025-10-26,牡2,1
2025-04-13,pw01dud102022102215/4C,シーザサンライズ,2025-08-09,牝3,5
2025-11-15,pw01dud102023100675/1E,シーザソング,2025-11-15,牡2,1
2025-02-22,pw01dud102019104147/78,シーズアクイーン,2025-02-22,牝6,1
2025-04-12,pw01dud102020104519/71,シーズオブホープ,2025-06-15,牡5,4
2025-07-12,pw01dud102023104414/A5,シーズザスローン,2025-12-20,牡2,5
2025-11-24,pw01dud102023103410/EA,シーズナルワーズ,2025-11-24,牝2,1
2025-07-12,pw01dud102023100993/EB,シーズンシート,2025-10-18,牝2,3
2025-01-13,pw01dud102020103275/83,シーズンリッチ,2025-04-13,牡5,3
2025-10-26,pw01dud102023101200/9A,シートゥサミット,2025-11-08,牡2,2
2025-11-23,pw01dud102021105229/69,シーニックビュー,2025-11-23,牡4,1
2025-01-06,pw01dud102022100262/65,シーフライト,2025-01-06,牡3,1
2025-06-08,pw01dud102023103532/21,シーミハットク,2025-11-08,牡2,4
2025-08-03,pw01dud102022104833/8A,シーラスストリーク,2025-08-30,牝3,3
2025-08-02,pw01dud102021106180/7C,シーリュウシー,2025-11-15,牡4,10
2025-10-18,pw01dud102023106312/6C,ジェイエルキャリア,2025-11-09,牡2,2
2025-01-25,pw01dud102022101820/54,ジェイエルケープ,2025-01-25,牝3,1
2025-02-22,pw01dud102021101833/31,ジェイエルジェティ,2025-11-30,牝4,2
2025-07-26,pw01dud102022101811/B7,ジェイエルタイド,2025-07-26,牝3,2
2025-08-17,pw01dud102020101956/4F,ジェイエルトランス,2025-12-13,牝5,6
2025-07-12,pw01dud102022101810/44,ジェイエルハーバー,2025-08-30,牡3,3
2025-05-04,pw01dud102020100131/79,ジェイエルバルカー,2025-10-19,牡5,5
2025-06-28,pw01dud102022100604/AF,ジェイエルバース,2025-12-20,牡3,8
2025-05-03,pw01dud102022101818/DC,ジェイエルマスター,2025-12-28,牡3,6
2025-11-08,pw01dud102023106313/DF,ジェイエルモーダル,2025-12-20,牡2,3
2025-05-04,pw01dud102022101819/4F,ジェイエルライナー,2025-06-07,牝3,4
2025-08-16,pw01dud102023107055/61,ジェイストリーク,2025-10-26,牝2,3
2025-07-13,pw01dud102023106741/ED,ジェイドテソーロ,2025-11-16,牝2,4
2025-10-13,pw01dud102023104477/5E,ジェイパック,2025-10-26,牝2,3
2025-10-05,pw01dud102020103331/A8,ジェイパームス,2025-11-01,せん5,3
2025-05-24,pw01dud102022100831/E8,ジェイルブレイク,2025-05-31,牡3,4
2025-10-12,pw01dud102022102260/5D,ジェシーテソーロ,2025-10-26,牡3,5
2025-05-04,pw01dud102022105122/9F,ジェゼロ,2025-05-04,牡3,2
2025-04-27,pw01dud102022100236/01,ジェットエアー,2025-06-21,牡3,6
2025-09-06,pw01dud102023106387/1B,ジェットバニー,2025-09-06,牝2,1
2025-03-01,pw01dud102021100637/AC,ジェットブレイク,2025-03-01,牡4,1
2025-04-19,pw01dud102022103522/85,ジェットブレード,2025-12-14,牡3,9
2025-08-02,pw01dud102022100084/09,ジェットマグナム,2025-11-01,牡3,7
2025-11-15,pw01dud102021103932/CD,ジェニファー,2025-11-15,牝4,9
2025-08-16,pw01dud102022102462/A5,ジェニー,2025-08-16,牝3,2
2025-08-03,pw01dud102023104945/3D,ジェネチェン,2025-11-22,牝2,4
2025-12-28,pw01dud102023103806/50,ジェネラスキング,2025-12-28,牡2,1
2025-04-12,pw01dud102021110153/D9,ジェネラーレ,2025-12-13,牡4,8
2025-06-28,pw01dud102022104882/67,ジェノヴィーノ,2025-08-23,牝3,4
2025-01-19,pw01dud102022110141/6F,ジェバーダ,2025-11-23,牝3,7
2025-03-16,pw01dud102022100327/95,ジェミート,2025-12-13,牡3,9
2025-06-21,pw01dud102023104561/CD,ジェム,2025-12-06,牝2,5
2025-01-26,pw01dud102020102216/A7,ジェムステート,2025-01-26,牡5,1
2025-10-26,pw01dud102020103560/C7,ジェモロジー,2025-12-21,牝5,2
2025-12-14,pw01dud102023101904/BD,ジェラルリスト,2025-12-14,牡2,1
2025-12-27,pw01dud102023101084/84,ジェラートキティ,2025-12-27,牝2,1
2025-11-01,pw01dud102023101529/58,ジェルソミーノ,2025-11-01,牝2,1
2025-08-31,pw01dud102022106618/25,ジェルブロア,2025-09-14,牝3,4
2025-12-14,pw01dud102021101280/02,ジェロニモス,2025-12-14,牡4,5
2025-08-31,pw01dud102022102923/CD,ジェンダアネモス,2025-08-31,牝3,5
2025-10-05,pw01dud102023106777/CF,ジェンダウィナー,2025-12-21,牝2,4
2025-10-26,pw01dud102023106636/EB,ジェンティール,2025-11-15,牡2,2
2025-08-03,pw01dud102022105867/75,ジェントルショット,2025-08-03,牡3,2
2025-01-19,pw01dud102022100133/77,ジェントルバローズ,2025-08-23,牡3,5
2025-08-24,pw01dud102023105778/53,ジェンブリッシュ,2025-11-30,牡2,3
2025-05-25,pw01dud102021101210/92,ジェンマ,2025-10-19,牡4,4
2025-02-09,pw01dud102019105056/D3,ジオグリフ,2025-02-09,牡6,1
2025-12-28,pw01dud102023105654/36,ジオストラテジー,2025-12-28,牡2,1
2025-06-01,pw01dud102021105755/C2,ジオセントリック,2025-06-01,牡4,1
2025-04-26,pw01dud102020106131/13,ジオパーククラウン,2025-11-29,牡5,8
2025-06-07,pw01dud102018104881/D1,ジオフロント,2025-12-20,牡7,7
2025-10-18,pw01dud102023103434/D6,ジッピーチューン,2025-12-21,牝2,2
2025-05-10,pw01dud102017110086/0E,ジッピーレーサー,2025-10-13,せん8,7
2025-12-13,pw01dud102023104888/A5,ジャカルタバオ,2025-12-13,せん2,4
2025-08-03,pw01dud102018103485/EA,ジャガード,2025-12-06,牡7,11
2025-10-25,pw01dud102023102594/78,ジャガーライズ,2025-12-20,牡2,3
2025-04-27,pw01dud102020104354/10,ジャクソン,2025-12-13,牡5,7
2025-07-26,pw01dud102021102717/9B,ジャグアール,2025-12-13,牡4,10
2025-11-15,pw01dud102023100615/BE,ジャケットポケット,2025-12-14,牡2,3
2025-01-25,pw01dud102022101979/E0,ジャコエンペラー,2025-03-08,牡3,4
2025-02-02,pw01dud102022105070/D8,ジャサルディア,2025-11-29,牝3,5
2025-05-11,pw01dud102022104731/73,ジャスタパーティー,2025-07-20,せん3,3
2025-11-29,pw01dud102023101838/88,ジャスティンアポロ,2025-11-29,牡2,1
2025-07-27,pw01dud102022102798/1A,ジャスティンアロー,2025-08-24,牡3,6
2025-08-10,pw01dud102021103282/C6,ジャスティンアース,2025-11-30,牡4,8
2025-04-20,pw01dud102021103255/EF,ジャスティンガルフ,2025-11-22,牡4,8
2025-12-07,pw01dud102023104887/32,ジャスティンゴッホ,2025-12-07,牡2,1
2025-08-17,pw01dud102023106924/88,ジャスティンシカゴ,2025-12-06,牡2,3
2025-04-27,pw01dud102019105512/BC,ジャスティンスカイ,2025-11-30,牡6,5
2025-10-05,pw01dud102023102230/B9,ジャスティンダラス,2025-11-22,牡2,2
2025-05-24,pw01dud102022110005/CA,ジャスティントレノ,2025-07-27,牡3,5
2025-11-02,pw01dud102019105346/56,ジャスティンパレス,2025-12-28,牡6,6
2025-12-27,pw01dud102023102807/D4,ジャスティンビスタ,2025-12-27,牡2,3
2025-11-15,pw01dud102021103237/B5,ジャスティンライズ,2025-11-15,せん4,5
2025-10-04,pw01dud102023106874/A7,ジャスティンルマン,2025-12-20,牡2,4
2025-12-27,pw01dud102023102593/05,ジャスティンレビン,2025-12-27,牡2,1
2025-05-18,pw01dud102022100537/07,ジャスティンロング,2025-08-30,牡3,6
2025-10-25,pw01dud102023104941/71,ジャストアダッシュ,2025-11-23,牡2,5
2025-09-06,pw01dud102023102436/CD,ジャストキュート,2025-10-05,牝2,2
2025-02-16,pw01dud102022101437/C5,ジャストキングダム,2025-04-19,牡3,3
2025-07-13,pw01dud102023104065/A4,ジャストビコーズ,2025-12-21,牝2,6
2025-08-02,pw01dud102023101090/C8,ジャストビート,2025-12-13,牝2,6
2025-08-16,pw01dud102023105362/CD,ジャストマイウェイ,2025-12-14,牝2,4
2025-02-23,pw01dud102022105647/F3,ジャスパー,2025-02-23,牡3,1
2025-11-30,pw01dud102019110107/4A,ジャスパークローネ,2025-11-30,牡6,1
2025-08-02,pw01dud102019110088/0C,ジャスパーグレイト,2025-12-14,牡6,5
2025-07-06,pw01dud102018110126/6B,ジャスパーゴールド,2025-12-14,せん7,8
2025-02-02,pw01dud102019106854/64,ジャスパージェット,2025-06-08,牡6,3
2025-07-27,pw01dud102022110111/3F,ジャスパーソレイユ,2025-12-07,牡3,8
2025-08-02,pw01dud102022110112/B2,ジャスパーディビネ,2025-11-08,牡3,6
2025-05-04,pw01dud102022110113/25,ジャスパーノベル,2025-10-11,牝3,4
2025-11-08,pw01dud102021110132/46,ジャスパーノワール,2025-12-28,牡4,6
2025-10-18,pw01dud102020100665/6A,ジャスパーバローズ,2025-11-23,牡5,11
2025-09-27,pw01dud102023107517/FC,ジャスパーメルチェ,2025-12-13,牝2,3
2025-11-24,pw01dud102023110097/CC,ジャスパールビー,2025-12-06,牝2,4
2025-11-22,pw01dud102023107531/6A,ジャスパーレオン,2025-11-22,牡2,1
2025-06-29,pw01dud102021110133/B9,ジャスパーロブスト,2025-09-20,せん4,5
2025-02-23,pw01dud102020110107/C9,ジャスパーワールド,2025-02-23,せん5,1
2025-10-26,pw01dud102023101792/05,ジャスフォール,2025-12-14,牡2,3
2025-07-20,pw01dud102022103031/2D,ジャスマン,2025-07-20,牡3,4
2025-02-09,pw01dud102022104129/D5,ジャスミン,2025-02-09,牝3,2
2025-02-09,pw01dud102022100498/A9,ジャスミンガール,2025-02-09,牝3,1
2025-02-15,pw01dud102020102814/E7,ジャスリー,2025-12-14,牡5,8
2025-10-26,pw01dud102021103227/A5,ジャズ,2025-11-23,牡4,7
2025-10-18,pw01dud102023104549/45,ジャズホリック,2025-11-08,牝2,2
2025-07-12,pw01dud102022110044/97,ジャックオダモ,2025-07-12,牡3,6
2025-10-18,pw01dud102023100803/2A,ジャックナダル,2025-11-09,牡2,2
2025-08-10,pw01dud102022104888/19,ジャナドリア,2025-08-10,牡3,1
2025-02-23,pw01dud102022104808/99,ジャニーヌ,2025-02-23,牝3,2
2025-05-11,pw01dud102021110105/6F,ジャミラヌール,2025-05-11,牝4,3
2025-09-06,pw01dud102023102401/5E,ジャメビュ,2025-12-27,牝2,4
2025-01-12,pw01dud102022105031/0B,ジャルディニエ,2025-11-15,牝3,4
2025-10-25,pw01dud102023107538/8F,ジャレッド,2025-12-21,牡2,2
2025-02-22,pw01dud102018105308/70,ジャンカズマ,2025-05-04,牡7,3
2025-02-02,pw01dud102019110105/64,ジャングロ,2025-02-22,牡6,2
2025-11-16,pw01dud102023110088/2F,ジャンシ,2025-12-21,牡2,5
2025-06-08,pw01dud102021107171/CE,ジャンタルマンタル,2025-11-23,牡4,3
2025-08-03,pw01dud102021103488/DA,ジャンヌローサ,2025-12-21,牝4,8
2025-04-12,pw01dud102021103878/8E,ジャンビ,2025-11-30,牝4,7
2025-05-17,pw01dud102022105401/9F,ジャンプオーバー,2025-05-17,せん3,2
2025-10-11,pw01dud102023104691/2E,ジャンプストリート,2025-10-26,牡2,2
2025-08-10,pw01dud102022105892/66,ジャヴェール,2025-08-16,牡3,6
2025-11-16,pw01dud102023100596/80,ジャーナーリア,2025-12-14,牡2,2
2025-10-26,pw01dud102020104437/7A,ジャーニーメモリー,2025-11-16,牡5,5
2025-03-15,pw01dud102020103902/11,ジャーヴィス,2025-11-23,牡5,7
2025-05-17,pw01dud102021110162/76,ジュウオウ,2025-05-17,牡4,2
2025-11-08,pw01dud102023105480/38,ジュウハチキン,2025-11-08,牡2,1
2025-09-28,pw01dud102023102979/5B,ジュウリョクピエロ,2025-12-20,牝2,2
2025-02-01,pw01dud102022104098/A1,ジュエリーメモリー,2025-03-01,牝3,3
2025-10-19,pw01dud102023104826/5F,ジュエルサンライズ,2025-10-19,牝2,1
2025-11-16,pw01dud102022103150/0B,ジュエルハウス,2025-11-16,牝3,5
2025-09-20,pw01dud102023106912/92,ジュジュドール,2025-09-20,牝2,3
2025-02-10,pw01dud102018110001/DB,ジュストコル,2025-02-10,牡7,1
2025-03-09,pw01dud102022104813/6A,ジュタ,2025-04-20,牡3,3
2025-06-14,pw01dud102020107109/6A,ジュタドール,2025-06-14,牝5,3
2025-08-31,pw01dud102019110053/9D,ジュタロウ,2025-11-30,牡6,4
2025-07-19,pw01dud102022105344/07,ジュテパッセ,2025-07-19,牝3,3
2025-08-10,pw01dud102023105116/E7,ジュディーイメル,2025-12-20,牝2,7
2025-07-12,pw01dud102020103534/63,ジュドー,2025-11-15,せん5,4
2025-10-18,pw01dud102023106913/05,ジュナベーラ,2025-12-21,牝2,2
2025-11-08,pw01dud102023103084/62,ジュニアスウィート,2025-12-14,牝2,2
2025-10-26,pw01dud102023101296/DC,ジュニートワン,2025-11-29,牡2,3
2025-08-10,pw01dud102022104679/1A,ジュヌフィーユ,2025-09-13,牝3,6
2025-07-12,pw01dud102018104757/22,ジュノー,2025-11-15,せん7,10
2025-04-26,pw01dud102022100384/9C,ジュラ,2025-05-18,牝3,4
2025-08-24,pw01dud102023103437/2F,ジュラトリー,2025-10-25,牝2,2
2025-07-12,pw01dud102023103273/41,ジュリ,2025-08-17,牝2,3
2025-08-03,pw01dud102021103506/A5,ジュリアスローズ,2025-09-06,牝4,6
2025-04-19,pw01dud102022102609/CC,ジュリアナガール,2025-09-07,牝3,4
2025-07-12,pw01dud102022101145/5C,ジュリスタ,2025-08-24,牝3,3
2025-11-16,pw01dud102022104788/E8,ジュルナール,2025-11-16,牝3,6
2025-12-07,pw01dud102023107196/45,ジュワネング,2025-12-07,牝2,1
2025-02-09,pw01dud102022105033/F1,ジュンアサヒソラ,2025-05-10,牡3,3
2025-01-05,pw01dud102022104406/EF,ジュンアベリアシノ,2025-01-05,牡3,1
2025-05-04,pw01dud102020106062/85,ジュンウィンダム,2025-10-04,牝5,6
2025-08-23,pw01dud102021105591/D4,ジュンゴールド,2025-10-25,牡4,6
2025-12-28,pw01dud102023104579/75,ジュンサク,2025-12-28,牝2,1
2025-05-03,pw01dud102020103208/6C,ジュンツバメガエシ,2025-11-24,牡5,7
2025-01-05,pw01dud102021105773/FC,ジュントネフ,2025-01-19,牡4,2
2025-05-24,pw01dud102022104837/56,ジュントミー,2025-06-14,牝3,4
2025-10-26,pw01dud102023106855/FA,ジュンドラドラ,2025-12-06,牡2,3
2025-07-13,pw01dud102022105043/01,ジュンビクトワール,2025-12-06,牡3,4
2025-02-15,pw01dud102020103512/5D,ジュンブライト,2025-02-15,牝5,1
2025-02-09,pw01dud102019105118/AA,ジュンブロッサム,2025-11-29,牡6,5
2025-11-16,pw01dud102023107059/2D,ジュンプリメーロ,2025-12-07,牡2,2
2025-04-13,pw01dud102022106695/4C,ジュンベルベット,2025-08-16,牡3,7
2025-11-09,pw01dud102022104899/9C,ジュンライデン,2025-11-09,牡3,5
2025-11-08,pw01dud102022104611/22,ジュンライトニング,2025-11-08,牡3,8
2025-08-16,pw01dud102021104039/28,ジュンラトゥール,2025-12-13,牡4,8
2025-08-16,pw01dud102021107180/6B,ジュンヴァンケット,2025-11-29,せん4,7
2025-04-26,pw01dud102022102861/F6,ジュールスレーヴ,2025-08-30,牝3,6
2025-12-07,pw01dud102023101003/91,ジューンアゲイン,2025-12-07,牡2,3
2025-03-09,pw01dud102022110070/FB,ジューンアルテミス,2025-03-29,牝3,3
2025-03-16,pw01dud102022100377/E5,ジューンアレグロ,2025-07-20,牡3,3
2025-02-10,pw01dud102020100912/54,ジューンアヲニヨシ,2025-11-22,牡5,7
2025-05-03,pw01dud102022110069/F6,ジューンエオス,2025-12-28,牝3,7
2025-04-20,pw01dud102020100909/69,ジューンオレンジ,2025-12-20,牝5,7
2025-02-15,pw01dud102022100198/16,ジューンシェイド,2025-03-02,牝3,2
2025-12-21,pw01dud102023106699/A4,ジューンスマッシュ,2025-12-21,牡2,1
2025-10-04,pw01dud102023110029/42,ジューンセクレタ,2025-12-28,牡2,2
2025-05-03,pw01dud102022100365/EF,ジューンセレッソ,2025-07-20,牝3,5
2025-05-10,pw01dud102021100913/53,ジューンテイク,2025-12-13,牡4,5
2025-01-26,pw01dud102022105692/04,ジューンノールック,2025-04-06,牝3,4
2025-06-14,pw01dud102021110099/9A,ジューンブレア,2025-12-27,牝4,5
2025-06-14,pw01dud102018103308/92,ジューンベロシティ,2025-12-27,牡7,6
2025-07-05,pw01dud102019102552/2F,ジューンポンポン,2025-11-30,牝6,8
2025-08-02,pw01dud102023105278/5E,ジューンマロン,2025-08-02,牝2,2
2025-12-21,pw01dud102023101848/98,ジューンマーチ,2025-12-21,牡2,1
2025-02-09,pw01dud102022100369/BB,ジューンランド,2025-07-13,牝3,3
2025-12-14,pw01dud102023106701/AD,ジューンレイヴン,2025-12-14,牝2,2
2025-10-12,pw01dud102023110028/CF,ジューンレトリバー,2025-10-12,牡2,1
2025-11-09,pw01dud102023107211/B7,ジョアン,2025-12-07,牝2,2
2025-09-28,pw01dud102023106907/C1,ジョイアミーア,2025-09-28,牝2,1
2025-05-04,pw01dud102022105438/F4,ジョイエッロ,2025-08-30,牡3,4
2025-08-23,pw01dud102022102267/82,ジョイナーテソーロ,2025-08-23,牝3,9
2025-10-13,pw01dud102023100342/02,ジョイフルサンデー,2025-10-25,牡2,2
2025-07-19,pw01dud102022105369/66,ジョイフルニュース,2025-12-28,牝3,4
2025-04-26,pw01dud102022103787/86,ジョイボーイ,2025-10-18,牡3,6
2025-03-23,pw01dud102022110029/B6,ジョインザフレイ,2025-04-19,牡3,3
2025-04-27,pw01dud102021102755/F5,ジョウゲンノツキ,2025-10-18,牝4,4
2025-03-23,pw01dud102022106245/38,ジョウショーサクラ,2025-03-23,牝3,3
2025-10-11,pw01dud102020105228/6A,ジョウショーパワー,2025-12-28,牡5,9
2025-08-17,pw01dud102023105773/14,ジョウショーブリエ,2025-12-06,牝2,4
2025-07-27,pw01dud102020104702/9E,ジョウショーホープ,2025-09-06,牡5,4
2025-01-13,pw01dud102022100838/0D,ジョウショーポプリ,2025-01-13,牝3,1
2025-02-15,pw01dud102022104283/B4,ジョウショーメイク,2025-02-15,牝3,1
2025-05-24,pw01dud102022104767/55,ジョスラン,2025-10-19,牝3,4
2025-08-09,pw01dud102021103217/95,ジョセフィーナ,2025-11-08,牝4,7
2025-02-01,pw01dud102018101989/CD,ジョディーズマロン,2025-11-23,牡7,8
2025-05-11,pw01dud102021102503/5D,ジョニール,2025-06-08,牝4,4
2025-06-01,pw01dud102022103995/12,ジョバンニ,2025-10-26,牡3,5
2025-10-18,pw01dud102023101251/5D,ジョリュウジャンシ,2025-12-20,牝2,2
2025-05-04,pw01dud102022102613/2A,ジョリーピクシー,2025-08-03,牝3,5
2025-09-06,pw01dud102022105163/52,ジョリーレーヌ,2025-11-15,牝3,4
2025-05-24,pw01dud102022105715/0E,ジョワイユノエル,2025-12-21,牝3,7
2025-04-12,pw01dud102020110127/E9,ジョヴィアン,2025-11-22,牡5,9
2025-03-16,pw01dud102022100783/ED,ジョーエルピーゾ,2025-06-01,牡3,2
2025-08-31,pw01dud102023105348/5F,ジョーカー,2025-12-27,牡2,3
2025-07-06,pw01dud102021102078/17,ジョージテソーロ,2025-12-21,牡4,7
2025-08-24,pw01dud102020100771/DF,ジョータルマエ,2025-11-16,せん5,6
2025-04-05,pw01dud102022100228/D7,ジョーテルプジ,2025-06-21,牝3,3
2025-07-26,pw01dud102022100997/2B,ジョードリウム,2025-09-07,牡3,9
2025-08-17,pw01dud102022100998/9E,ジョーブラック,2025-09-07,牡3,9
2025-12-13,pw01dud102023100286/DD,ジョーマゴス,2025-12-13,牝2,1
2025-08-10,pw01dud102021100522/2C,ジョーメッドヴィン,2025-12-07,牡4,10
2025-09-14,pw01dud102021100768/80,ジョーローリット,2025-12-07,牝4,5
2025-09-20,pw01dud102023100287/50,ジョーヴェスタ,2025-09-20,牝2,1
2025-06-28,pw01dud102022101022/B2,ジルクン,2025-08-09,牡3,7
2025-11-22,pw01dud102023100051/0C,ジルコンテソーロ,2025-11-22,牝2,2
2025-06-14,pw01dud102019104761/0C,ジルバーン,2025-11-15,牡6,8
2025-04-05,pw01dud102019105972/E0,ジレトール,2025-06-08,牡6,2
2025-10-19,pw01dud102022105347/60,ジロラータ,2025-10-19,牡3,4
2025-07-26,pw01dud102017104698/18,ジロー,2025-07-26,牡8,2
2025-03-22,pw01dud102022103037/DF,ジンガブリッツ,2025-03-22,牡3,1
2025-06-15,pw01dud102022100816/07,ジンガー,2025-08-09,牡3,4
2025-10-25,pw01dud102023103461/AD,ジングアップ,2025-10-25,牡2,1
2025-02-15,pw01dud102021104646/05,ジンセイ,2025-12-21,牡4,7
2025-07-05,pw01dud102020103537/BC,ジーククローネ,2025-11-08,せん5,6
2025-01-06,pw01dud102020106593/1D,ジークシュベルト,2025-01-18,牡5,2
2025-04-19,pw01dud102022107319/F4,ジークマインド,2025-04-19,牝3,3
2025-08-10,pw01dud102022102472/B5,ジークリヒト,2025-08-10,牝3,1
2025-05-17,pw01dud102021105901/08,ジークルーネ,2025-05-17,牝4,3
2025-08-24,pw01dud102022103998/6B,ジークヴァルツァー,2025-08-24,牡3,2
2025-04-20,pw01dud102021104947/0B,ジーゲル,2025-07-06,せん4,5
2025-12-28,pw01dud102023105979/28,ジージージェット,2025-12-28,牡2,1
2025-04-26,pw01dud102021104574/1E,ジーティーアグリム,2025-10-19,牝4,6
2025-04-20,pw01dud102022101193/C6,ジーティーアダマン,2025-10-26,牡3,5
2025-05-17,pw01dud102022102136/AE,ジーティーアムール,2025-06-07,牡3,3
2025-01-13,pw01dud102022104654/BB,ジーティーアメリカ,2025-11-09,牡3,7
2025-12-21,pw01dud102023105358/6F,ジーティーアリア,2025-12-21,牝2,1
2025-11-02,pw01dud102023100823/4A,ジーティーウタマロ,2025-11-02,牡2,1
2025-12-14,pw01dud102023101629/89,ジーティーウブラブ,2025-12-14,牝2,1
2025-01-25,pw01dud102022102607/E6,ジーティーウララ,2025-03-08,牝3,2
2025-11-08,pw01dud102023101630/8E,ジーティーウンカイ,2025-12-07,牡2,3
2025-11-09,pw01dud102022103991/46,ジーティーエスピ,2025-11-24,牡3,6
2025-09-07,pw01dud102022103755/70,ジーティーエンジン,2025-10-25,牡3,7
2025-11-22,pw01dud102021104943/3F,ジーティーオウジャ,2025-11-22,せん4,6
2025-04-20,pw01dud102022100174/2A,ジーティーカメリア,2025-05-18,牝3,4
2025-04-12,pw01dud102022100002/A3,ジーティーキュート,2025-05-10,牝3,2
2025-04-20,pw01dud102022105765/5E,ジーティーグロウ,2025-05-11,牝3,3
2025-11-24,pw01dud102023106054/FF,ジーティーシップ,2025-11-24,牡2,3
2025-12-14,pw01dud102023102083/00,ジーティーシンドウ,2025-12-14,牡2,1
2025-11-08,pw01dud102023106332/8C,ジーティージェミル,2025-12-13,牝2,3
2025-05-24,pw01dud102021100119/7D,ジーティージン,2025-05-24,牡4,2
2025-10-12,pw01dud102023107300/65,ジーティースティア,2025-12-06,牡2,5
2025-08-02,pw01dud102021104589/6D,ジーティースピカ,2025-08-31,牝4,9
2025-07-05,pw01dud102022100352/86,ジーティースワット,2025-07-05,牡3,2
2025-08-02,pw01dud102023103728/25,ジーティーソレイユ,2025-11-16,牝2,3
2025-11-01,pw01dud102022105710/CF,ジーティーダーリン,2025-12-07,牡3,4
2025-07-26,pw01dud102022105487/D1,ジーティートゥルー,2025-08-16,牡3,9
2025-10-18,pw01dud102023107145/82,ジーティートゥーリ,2025-10-18,牝2,1
2025-08-10,pw01dud102022104661/72,ジーティートシオー,2025-12-13,牡3,8
2025-04-26,pw01dud102022105411/AF,ジーティートリック,2025-04-26,牡3,1
2025-12-07,pw01dud102022105988/39,ジーティードレス,2025-12-07,牝3,8
2025-10-11,pw01dud102023106331/19,ジーティーニッツァ,2025-12-21,牡2,3
2025-11-23,pw01dud102022106316/AC,ジーティーニャント,2025-11-23,牡3,2
2025-02-23,pw01dud102022102612/B7,ジーティーネージュ,2025-06-01,牝3,2
2025-06-14,pw01dud102022100906/28,ジーティーハッピー,2025-06-14,牡3,3
2025-05-11,pw01dud102022104741/83,ジーティーハート,2025-07-27,牝3,4
2025-05-18,pw01dud102022106730/DE,ジーティーパリス,2025-05-18,牡3,1
2025-01-19,pw01dud102021105526/A3,ジーティーパワー,2025-12-13,牡4,4
2025-04-26,pw01dud102022105562/A3,ジーティーパール,2025-05-11,牝3,3
2025-08-17,pw01dud102023107267/B9,ジーティービキニ,2025-11-08,牝2,4
2025-08-10,pw01dud102022105176/BB,ジーティービジン,2025-09-06,牝3,2
2025-01-13,pw01dud102022102606/73,ジーティービート,2025-01-13,牡3,1
2025-10-26,pw01dud102023102092/9D,ジーティーピカソ,2025-12-14,牡2,3
2025-08-03,pw01dud102022100368/48,ジーティーファラオ,2025-09-15,牡3,6
2025-04-13,pw01dud102022102081/8E,ジーティーブライト,2025-04-13,牡3,2
2025-06-21,pw01dud102021104920/C6,ジーティーポライト,2025-10-19,牝4,7
2025-01-13,pw01dud102022104715/1F,ジーティーマン,2025-11-29,牡3,4
2025-08-30,pw01dud102021105883/3D,ジーティームソウ,2025-12-07,牡4,6
2025-11-15,pw01dud102022105215/19,ジーティームッシュ,2025-11-15,牡3,8
2025-05-04,pw01dud102021106683/CA,ジーティームテキ,2025-10-05,牡4,6
2025-12-20,pw01dud102023107063/8B,ジーティームーチョ,2025-12-20,牡2,1
2025-08-17,pw01dud102023105375/36,ジーティーメティオ,2025-08-17,牝2,1
2025-04-13,pw01dud102022105508/F5,ジーティーラピッド,2025-06-07,牡3,2
2025-08-02,pw01dud102022110071/6E,ジーティーララバイ,2025-09-14,牝3,6
2025-10-05,pw01dud102023105353/30,ジーティーリボーン,2025-10-05,牝2,1
2025-08-10,pw01dud102022100015/0C,ジーティーレイナ,2025-08-31,牝3,4
2025-07-19,pw01dud102022100707/39,ジーティーレグルス,2025-07-19,牡3,4
2025-02-02,pw01dud102022100009/C8,ジーティーワラワラ,2025-05-31,牡3,3
2025-05-10,pw01dud102022104842/27,ジーナアクトレス,2025-08-24,牝3,2
2025-11-01,pw01dud102023107385/24,ジーナグレイス,2025-11-01,牝2,1
2025-02-22,pw01dud102020100681/BE,ジーニアスバローズ,2025-12-07,牡5,8
2025-09-06,pw01dud102023104885/4C,ジーネキング,2025-12-27,牡2,5
2025-08-03,pw01dud102021103242/86,ジーベック,2025-12-13,牡4,10
2025-09-28,pw01dud102023105980/2D,ジーモンスター,2025-12-20,牡2,5
2025-02-16,pw01dud102022103521/12,ジーヴル,2025-07-13,牡3,3
2025-06-29,pw01dud102022107000/46,スアーウィス,2025-06-29,牝3,1
2025-08-24,pw01dud102020106221/34,スイッチオン,2025-09-07,牡5,7
2025-07-27,pw01dud102022106295/88,スイッチビスケット,2025-12-27,牡3,7
2025-08-16,pw01dud102020103632/AE,スイミーユニバンス,2025-12-07,牝5,8
2025-04-20,pw01dud102022101470/E0,スイモアマイモ,2025-06-28,牝3,3
2025-02-08,pw01dud102022107139/B2,スイングボーイ,2025-02-16,牡3,2
2025-02-16,pw01dud102020104477/BA,スイーツバイキング,2025-02-16,牝5,1
2025-06-14,pw01dud102022103141/6E,スイートゥンビター,2025-07-19,牝3,2
2025-11-08,pw01dud102022103494/AA,スイートオレンジ,2025-11-08,牝3,7
2025-06-22,pw01dud102022104843/9A,スイートグルーヴ,2025-08-23,牝3,3
2025-08-24,pw01dud102022102197/81,スイートサンライズ,2025-08-24,牝3,1
2025-08-10,pw01dud102022106655/0C,スイートフェアリー,2025-09-27,牝3,5
2025-12-07,pw01dud102023102133/E1,スイートポメロ,2025-12-28,牝2,3
2025-04-19,pw01dud102022103926/15,スイートロータス,2025-09-13,牝3,5
2025-08-24,pw01dud102020103428/EE,スイープアワーズ,2025-12-07,牡5,6
2025-11-16,pw01dud102023107067/57,スイープセレニティ,2025-11-16,牝2,2
2025-01-05,pw01dud102022105997/D6,スイープビクトリー,2025-01-05,牡3,1
2025-01-13,pw01dud102022107277/3D,スイープライズ,2025-01-13,牡3,1
2025-07-13,pw01dud102023101660/BE,スイーヴル,2025-12-20,牝2,4
2025-08-17,pw01dud102023105300/87,スウィッチインラヴ,2025-09-20,牝2,2
2025-08-17,pw01dud102023106839/A6,スウィフトミモザ,2025-08-17,牝2,1
2025-10-26,pw01dud102023100938/CA,スウィーティーベル,2025-12-21,牝2,2
2025-02-08,pw01dud102019106251/E5,スウィートスカー,2025-02-08,牝6,1
2025-10-18,pw01dud102023104475/78,スウィートハピネス,2025-12-14,牝2,3
2025-10-11,pw01dud102023101489/87,スウィートラキ,2025-12-13,牝2,2
2025-06-14,pw01dud102021100415/44,スウィートリワード,2025-07-12,牝4,6
2025-12-14,pw01dud102023102791/81,スウィープシャルム,2025-12-14,牝2,2
2025-03-23,pw01dud102021103959/12,スウィープフィート,2025-05-25,牝4,3
2025-01-19,pw01dud102022103972/99,スウィープレジーナ,2025-01-19,牝3,1
2025-07-27,pw01dud102022103507/A4,スウェルティア,2025-09-15,牝3,5
2025-06-08,pw01dud102022110059/E6,スエズマックス,2025-07-20,牡3,3
2025-01-06,pw01dud102022110119/D7,スカイアクセル,2025-07-05,牝3,4
2025-08-03,pw01dud102021105427/E5,スカイサーベイ,2025-11-02,牡4,5
2025-05-11,pw01dud102022103074/C6,スカイスクレイパー,2025-05-11,牡3,2
2025-10-04,pw01dud102023107229/5F,スカイストライプス,2025-12-13,牡2,3
2025-11-23,pw01dud102023103907/F4,スカイスプレンダー,2025-11-23,牡2,1
2025-09-07,pw01dud102022104122/B0,スカイダイバー,2025-09-07,牝3,8
2025-10-18,pw01dud102018100961/26,スカイドゥエラー,2025-11-16,牡7,5
2025-10-13,pw01dud102023104406/7B,スカイドリーマー,2025-10-13,牝2,1
2025-02-23,pw01dud102021101412/DA,スカイハイ,2025-10-04,牡4,6
2025-04-19,pw01dud102022101490/00,スカイビート,2025-10-26,牝3,6
2025-08-09,pw01dud102023110026/E9,スカイピア,2025-11-30,牝2,7
2025-10-19,pw01dud102022100136/D0,スカイブルー,2025-12-14,牡3,6
2025-12-06,pw01dud102023101873/89,スカイプレリュード,2025-12-28,牡2,2
2025-07-13,pw01dud102022106250/09,スカイリスト,2025-09-13,牝3,6
2025-10-04,pw01dud102023103458/C2,スカイリッチ,2025-10-25,牡2,2
2025-05-11,pw01dud102020103482/9C,スカイロケット,2025-11-16,牡5,6
2025-02-02,pw01dud102020105730/D7,スカパラダイス,2025-06-07,牡5,6
2025-01-13,pw01dud102020104825/48,スカプラリオ,2025-12-20,牝5,6
2025-08-24,pw01dud102019102794/B7,スカンジナビア,2025-09-20,牝6,5
2025-01-06,pw01dud102020103642/BE,スカーズ,2025-01-26,牡5,2
2025-02-09,pw01dud102022106297/6E,スカーレットクロス,2025-05-04,牝3,4
2025-10-04,pw01dud102023103465/79,スカーレットジーン,2025-12-14,牝2,2
2025-05-24,pw01dud102022106134/84,スキャットメロディ,2025-07-12,牡3,2
2025-10-05,pw01dud102023106647/6E,スギノダイナミック,2025-11-08,牡2,3
2025-02-02,pw01dud102022102724/DE,スギノペガサス,2025-03-15,牡3,2
2025-10-26,pw01dud102023102167/DD,スクイーズアウト,2025-12-20,牡2,2
2025-08-10,pw01dud102020100151/99,スクルプトーリス,2025-09-06,牝5,8
2025-06-28,pw01dud102022105076/8A,スクレイピング,2025-11-02,牡3,3
2025-06-07,pw01dud102020102565/17,スクーバー,2025-09-28,牡5,3
2025-12-06,pw01dud102023104592/70,スケダチムヨウ,2025-12-28,牡2,2
2025-04-26,pw01dud102020105808/70,スコプルス,2025-04-26,牝5,4
2025-11-22,pw01dud102019100718/25,スコラーリ,2025-11-22,牡6,4
2025-05-10,pw01dud102021100792/FE,スコーピオン,2025-12-07,牡4,6
2025-04-19,pw01dud102022104496/7F,スコーピオンイメル,2025-12-20,牡3,12
2025-01-25,pw01dud102022102463/18,スザンナ,2025-01-25,牝3,1
2025-07-19,pw01dud102017105614/BB,スズカキング,2025-10-25,牡8,7
2025-08-03,pw01dud102019105967/0F,スズカコテキタイ,2025-08-03,牡6,4
2025-05-03,pw01dud102020101035/03,スズカコーズ,2025-11-30,牡5,11
2025-10-19,pw01dud102023106206/F7,スズカサートゥル,2025-11-09,牡2,2
2025-03-15,pw01dud102020106660/C5,スズカダブル,2025-12-07,牡5,8
2025-08-30,pw01dud102020106654/81,スズカハービン,2025-11-15,牡5,8
2025-03-09,pw01dud102019103824/67,スズカマジェスタ,2025-03-09,牡6,1
2025-04-19,pw01dud102021102988/E0,スズカミエール,2025-08-23,牝4,6
2025-01-11,pw01dud102018106368/BF,スズカルビコン,2025-01-11,牡7,1
2025-11-01,pw01dud102023104930/EE,スズカローズキング,2025-11-23,牡2,2
2025-11-09,pw01dud102018102811/83,スズノイナズマ,2025-11-09,せん7,9
2025-11-09,pw01dud102023102138/20,スズノグレイス,2025-12-27,牡2,2
2025-07-26,pw01dud102022106673/46,スズノソレイユ,2025-08-30,牡3,7
2025-08-16,pw01dud102019104861/3D,スズノテレサ,2025-11-24,牝6,6
2025-11-29,pw01dud102023102137/AD,スズノボンライミー,2025-11-29,牝2,1
2025-01-11,pw01dud102019102496/0A,スズノマーベリック,2025-01-11,せん6,1
2025-09-07,pw01dud102021102781/59,スズノレイライン,2025-09-28,牡4,4
2025-05-03,pw01dud102020105018/F8,スズハローム,2025-11-29,牡5,4
2025-08-10,pw01dud102023103877/33,スズランクイーン,2025-12-28,牝2,4
2025-01-06,pw01dud102022100090/4D,スタイラスメソッド,2025-01-06,牡3,1
2025-02-15,pw01dud102019104825/C9,スタティスティクス,2025-02-15,牝6,1
2025-10-13,pw01dud102023106469/12,スタニングレディ,2025-12-14,牝2,2
2025-11-16,pw01dud102022101272/64,スタニングヴュー,2025-11-16,牝3,8
2025-04-13,pw01dud102020104853/92,スタボーンイメル,2025-04-13,牡5,4
2025-11-15,pw01dud102023105725/AA,スタンダールロマン,2025-11-15,牝2,1
2025-04-26,pw01dud102022101315/8E,スタンピー,2025-12-13,牝3,10
2025-02-15,pw01dud102021102275/20,スタンリーテソーロ,2025-11-29,牡4,5
2025-06-29,pw01dud102021103902/9D,スター,2025-06-29,牝4,1
2025-02-01,pw01dud102022104493/26,スターアイズ,2025-07-12,牝3,3
2025-08-31,pw01dud102023106920/BC,スターアニス,2025-12-14,牝2,4
2025-11-08,pw01dud102023106465/46,スターアライズ,2025-11-23,牝2,2
2025-07-20,pw01dud102022104771/B3,スターウェーブ,2025-12-27,牡3,4
2025-07-20,pw01dud102022105130/C9,スターエンブレム,2025-11-22,牡3,6
2025-07-06,pw01dud102023105589/74,スターオブアダム,2025-09-20,牡2,4
2025-07-19,pw01dud102023102360/1A,スターオブブライト,2025-11-16,牡2,4
2025-08-23,pw01dud102023105545/68,スターオブロンドン,2025-12-21,牡2,7
2025-08-16,pw01dud102022100631/86,スタークルージング,2025-08-16,牝3,2
2025-08-17,pw01dud102023102911/63,スターゲイザー,2025-08-30,牡2,2
2025-05-04,pw01dud102022107262/EE,スターコンパス,2025-05-04,牡3,5
2025-08-16,pw01dud102023104787/01,スターサンサルー,2025-12-21,牝2,2
2025-01-12,pw01dud102019101624/27,スターザサンライズ,2025-03-30,牝6,3
2025-08-24,pw01dud102022110003/E4,スタージョンムーン,2025-08-24,牝3,2
2025-01-19,pw01dud102021104991/A9,スターターン,2025-12-21,牡4,7
2025-07-19,pw01dud102021110075/AE,スターチスブーケ,2025-11-09,牝4,8
2025-11-23,pw01dud102023106848/43,スターチューン,2025-12-07,牝2,2
2025-02-02,pw01dud102021102412/C9,スターチョウサン,2025-02-02,牝4,2
2025-06-07,pw01dud102023103146/39,スタートレイン,2025-11-23,牝2,3
2025-07-27,pw01dud102022105392/71,スタードメイソン,2025-08-30,牝3,3
2025-11-24,pw01dud102023101080/B8,スタープレイン,2025-11-24,牡2,1
2025-06-14,pw01dud102020105929/34,スターペスカオリ,2025-12-14,牝5,8
2025-08-09,pw01dud102022106997/C5,スターペスショウマ,2025-08-09,牡3,5
2025-10-19,pw01dud102023105841/2F,スタームーンナイト,2025-10-19,牡2,2
2025-02-15,pw01dud102021110140/70,スターメイデン,2025-07-19,牝4,3
2025-07-19,pw01dud102022105852/26,スターライトナイト,2025-09-15,牝3,5
2025-06-29,pw01dud102022106686/AF,スターランウェイ,2025-11-15,牝3,4
2025-08-16,pw01dud102021105102/F3,スターリングアップ,2025-09-20,牝4,5
2025-08-17,pw01dud102022104853/AA,スターリーナイト,2025-09-07,牝3,3
2025-10-18,pw01dud102023102426/BD,スチールナイト,2025-11-24,牡2,4
2025-01-18,pw01dud102022105385/BA,ステアハート,2025-10-26,牝3,6
2025-06-14,pw01dud102021100305/03,スティックバイミー,2025-06-22,牝4,3
2025-10-18,pw01dud102023100991/05,スティルアイライズ,2025-12-28,牝2,2
2025-10-04,pw01dud102021100193/4B,スティルザワン,2025-10-25,せん4,3
2025-06-22,pw01dud102022103884/5E,スティルシャイニン,2025-12-21,牡3,6
2025-08-10,pw01dud102022104777/65,スティレセイル,2025-08-10,牝3,4
2025-07-27,pw01dud102021105829/8F,スティンガーグラス,2025-11-09,牡4,4
2025-10-04,pw01dud102023105461/8B,スティーブ,2025-12-28,牡2,3
2025-02-23,pw01dud102021105888/7C,スティールブルー,2025-10-12,牝4,6
2025-12-13,pw01dud102023102958/C8,スティールヴォーグ,2025-12-13,牡2,1
2025-02-15,pw01dud102020103619/B3,スティーロポリス,2025-04-20,牡5,2
2025-08-09,pw01dud102022104201/4E,スティーヴバローズ,2025-08-09,牡3,8
2025-08-17,pw01dud102022101255/9D,ステイアンビシャス,2025-12-14,牡3,11
2025-01-18,pw01dud102022105848/C8,ステイクオール,2025-10-11,牡3,4
2025-05-18,pw01dud102022104189/35,ステイトゥルー,2025-06-01,牡3,3
2025-09-06,pw01dud102023100441/C0,ステイフリー,2025-10-25,牝2,4
2025-04-19,pw01dud102022103418/F6,ステイラッキー,2025-04-19,牝3,2
2025-07-05,pw01dud102023101910/01,ステキサプライズ,2025-12-21,牡2,3
2025-05-10,pw01dud102021101454/00,ステラクラウン,2025-11-15,牝4,7
2025-12-14,pw01dud102023101246/8C,ステラゲイル,2025-12-14,牡2,1
2025-11-24,pw01dud102021105604/CE,ステラスプレンダー,2025-11-24,牝4,9
2025-08-03,pw01dud102023104346/8A,ステラスペース,2025-12-06,牡2,5
2025-11-16,pw01dud102023101086/6A,ステラソレラ,2025-11-16,牝2,3
2025-08-02,pw01dud102023105396/C9,ステラデラセーラ,2025-08-02,牡2,1
2025-08-02,pw01dud102022103482/B4,ステラノヴァ,2025-09-14,牡3,7
2025-07-27,pw01dud102020102907/61,ステラバルセロナ,2025-12-07,牝5,8
2025-03-23,pw01dud102019100590/AB,ステラフィオーレ,2025-04-26,牝6,2
2025-07-12,pw01dud102022105418/D4,ステラマテュティナ,2025-07-12,牝3,5
2025-01-11,pw01dud102022105378/03,ステレオプシス,2025-01-11,牝3,1
2025-08-17,pw01dud102021105743/CC,ステレンボッシュ,2025-11-16,牝4,4
2025-06-14,pw01dud102020103962/71,ステークホルダー,2025-07-12,牡5,5
2025-01-06,pw01dud102019104550/27,ストキャスティーク,2025-01-06,牝6,1
2025-05-18,pw01dud102019101873/66,ストップザタイム,2025-05-18,牡6,3
2025-02-22,pw01dud102022107306/8B,ストップヤーニング,2025-10-19,牡3,7
2025-01-18,pw01dud102020105869/43,ストライク,2025-03-30,牡5,4
2025-10-11,pw01dud102023102397/6F,ストライプブルー,2025-10-26,牡2,2
2025-12-14,pw01dud102021101216/44,ストラクチャー,2025-12-14,せん4,5
2025-04-20,pw01dud102022101148/B5,ストラスブール,2025-04-20,牡3,3
2025-08-30,pw01dud102022105735/2E,ストラスモアローズ,2025-09-15,牝3,3
2025-06-01,pw01dud102022105701/32,ストラティファイド,2025-08-10,牝3,3
2025-07-27,pw01dud102022101536/83,ストラテージュ,2025-07-27,牡3,7
2025-12-07,pw01dud102023103586/3D,ストラドーネ,2025-12-07,牡2,2
2025-06-22,pw01dud102022106613/E6,ストラニエーロ,2025-12-27,牝3,8
2025-11-30,pw01dud102023100937/57,ストラーダ,2025-12-20,牝2,2
2025-08-16,pw01dud102022103928/FB,ストラーダレアーレ,2025-08-24,牡3,5
2025-04-12,pw01dud102020102702/C0,ストリンジェンド,2025-11-02,牡5,7
2025-08-10,pw01dud102021102312/98,ストレイトアスク,2025-12-14,牝4,8
2025-02-01,pw01dud102022101669/3D,ストレイトトーカー,2025-11-02,牡3,7
2025-02-15,pw01dud102021106658/D9,ストレングス,2025-11-29,牡4,8
2025-08-02,pw01dud102022103353/C6,ストレートブラック,2025-09-14,牝3,10
2025-08-03,pw01dud102023106887/10,ストロベリーツリー,2025-12-13,牝2,3
2025-10-11,pw01dud102023103270/E8,ストロボエッジ,2025-11-02,牡2,2
2025-03-23,pw01dud102019103358/6E,ストロングウィル,2025-03-23,牡6,2
2025-07-20,pw01dud102023102477/80,ストロングエース,2025-12-13,牡2,4
2025-05-18,pw01dud102021109063/51,ストロングブラック,2025-05-18,牡4,5
2025-11-16,pw01dud102023105661/ED,ストロングボンド,2025-11-16,牡2,1
2025-08-10,pw01dud102022104776/F2,ストンプ,2025-08-30,牝3,5
2025-11-16,pw01dud102023104166/48,ストームアイ,2025-12-06,牝2,2
2025-10-05,pw01dud102023102224/75,ストームゲイル,2025-12-28,牡2,3
2025-07-26,pw01dud102023100772/F6,ストームサンダー,2025-12-21,牡2,8
2025-11-22,pw01dud102021103819/A1,ストームバンガード,2025-11-22,牡4,9
2025-06-08,pw01dud102022104389/97,ストームリッシュ,2025-06-08,牡3,1
2025-04-27,pw01dud102022105447/91,ストームレーン,2025-05-25,牡3,3
2025-11-16,pw01dud102023106587/7D,ストーリーオブラブ,2025-11-16,牝2,1
2025-11-09,pw01dud102021105583/AA,ストーンズ,2025-12-06,牡4,6
2025-02-02,pw01dud102020106457/78,スナイチゴールド,2025-06-21,牡5,4
2025-01-11,pw01dud102022110007/B0,スナッピードレッサ,2025-01-11,牡3,1
2025-07-19,pw01dud102022103751/A4,スナドケイ,2025-07-19,牝3,6
2025-04-19,pw01dud102021106176/1E,スナークサファイア,2025-05-25,牝4,3
2025-04-12,pw01dud102022106191/8B,スナークサンダー,2025-08-17,牡3,5
2025-02-01,pw01dud102018101592/F4,スナークシュンソウ,2025-12-27,牡7,7
2025-06-29,pw01dud102022104171/8D,スナークピカソ,2025-12-14,牡3,8
2025-08-03,pw01dud102023102903/39,スナークホクサイ,2025-10-18,牡2,3
2025-08-31,pw01dud102022101316/01,スナークメスナー,2025-08-31,牡3,2
2025-07-27,pw01dud102020105167/06,スナークメモリー,2025-08-24,牝5,7
2025-01-13,pw01dud102021103987/5C,スナークラファエロ,2025-11-22,せん4,3
2025-02-02,pw01dud102017102930/D5,スナークレジスト,2025-02-16,牡8,2
2025-11-24,pw01dud102022105964/4D,スニーカースキル,2025-11-24,牝3,7
2025-09-07,pw01dud102022103039/C5,スネーフリンガ,2025-11-22,牝3,11
2025-10-19,pw01dud102023106145/93,スノーエルヴァ,2025-11-09,牝2,2
2025-10-25,pw01dud102023102176/7A,スノーガーネット,2025-11-22,牝2,2
2025-08-24,pw01dud102022104699/3A,スノークルーズ,2025-12-28,牝3,3
2025-04-13,pw01dud102021103266/72,スノークローバー,2025-07-06,牡4,4
2025-01-05,pw01dud102019105185/C1,スノーグレース,2025-03-22,牝6,3
2025-04-26,pw01dud102022101675/81,スノーサイレンス,2025-12-20,牝3,6
2025-04-12,pw01dud102022107088/5E,スノーサウンド,2025-06-08,牝3,2
2025-08-30,pw01dud102023103626/0E,スノースコール,2025-10-26,牡2,2
2025-04-13,pw01dud102021103504/BF,スノーディーヴァ,2025-09-27,牝4,6
2025-07-06,pw01dud102022110024/77,スノーバンティング,2025-08-10,牡3,2
2025-04-20,pw01dud102021107138/B3,スノーブリザード,2025-07-06,牡4,5
2025-08-02,pw01dud102019106520/D5,スノーホルンロード,2025-12-13,せん6,10
2025-01-25,pw01dud102021105828/1C,スノーライトニング,2025-01-25,牡4,1
2025-08-03,pw01dud102023103693/25,スノーランス,2025-12-20,牝2,6
2025-07-06,pw01dud102022103588/97,スノーリン,2025-07-20,牡3,4
2025-02-15,pw01dud102022106325/49,スパイウェア,2025-02-15,牡3,2
2025-04-12,pw01dud102019105225/92,スパイダーゴールド,2025-11-15,牡6,4
2025-01-18,pw01dud102022105384/47,スパイラルビジョン,2025-08-23,牡3,4
2025-05-03,pw01dud102022104470/AD,スパディール,2025-05-03,せん3,1
2025-11-30,pw01dud102023100371/BF,スパルタンエックス,2025-12-13,牡2,2
2025-02-22,pw01dud102022102603/1A,スパルタンワールド,2025-02-22,牡3,1
2025-06-14,pw01dud102022100929/A1,スパーク,2025-06-14,牡3,1
2025-08-02,pw01dud102017105392/C2,スパークインザアイ,2025-11-30,せん8,9
2025-01-12,pw01dud102020103440/76,スパークタイムリー,2025-03-01,牝5,2
2025-02-02,pw01dud102021105609/0D,スパークリシャール,2025-11-09,せん4,6
2025-08-09,pw01dud102021101891/AB,スパークルジョイ,2025-11-08,牝4,9
2025-06-01,pw01dud102022106659/D8,スパークルノヴァ,2025-06-01,牝3,2
2025-06-28,pw01dud102022101072/02,スパーブケン,2025-06-28,牡3,3
2025-11-01,pw01dud102023100390/6C,スピアザキック,2025-12-20,牡2,2
2025-08-10,pw01dud102022103537/D4,スピアッジャローザ,2025-11-29,牝3,9
2025-07-19,pw01dud102019102219/81,スピアヘッド,2025-12-20,牡6,3
2025-10-18,pw01dud102023100215/FA,スピットブレイク,2025-12-21,牡2,3
2025-12-20,pw01dud102023103456/DC,スピナーリート,2025-12-20,牝2,1
2025-08-02,pw01dud102020104415/74,スピニングマーリン,2025-11-29,牝5,9
2025-06-29,pw01dud102023106745/B9,スピネルテソーロ,2025-10-04,牝2,3
2025-08-23,pw01dud102021110021/92,スピリットガイド,2025-08-23,せん4,7
2025-07-27,pw01dud102022105339/36,スピリットサージ,2025-08-09,牝3,4
2025-10-25,pw01dud102022103750/31,スピリットライズ,2025-12-20,せん3,9
2025-05-11,pw01dud102019101860/FD,スピリットワールド,2025-06-08,牡6,3
2025-08-02,pw01dud102021105244/4A,スピンザブラッド,2025-11-08,牡4,5
2025-07-27,pw01dud102022104658/87,スピントロニクス,2025-12-20,牡3,8
2025-11-15,pw01dud102023103457/4F,スピーチバルーン,2025-11-15,牝2,1
2025-08-09,pw01dud102020106677/FA,スピーディブレイク,2025-08-09,牡5,7
2025-08-03,pw01dud102022103068/82,スピードイエロー,2025-09-13,牡3,10
2025-07-05,pw01dud102020104203/1C,スピードオブライト,2025-12-07,牝5,6
2025-05-04,pw01dud102021104079/68,スピードパンサー,2025-06-28,牡4,5
2025-07-26,pw01dud102021105438/68,スピードリッチ,2025-12-27,牡4,10
2025-11-01,pw01dud102023104370/08,スフィダンテ,2025-12-13,牡2,2
2025-08-24,pw01dud102023100121/0D,スフェーンテソーロ,2025-11-01,牝2,3
2025-08-03,pw01dud102022104305/4B,スフレ,2025-09-06,牝3,10
2025-03-08,pw01dud102019101907/F3,スプラウティング,2025-03-08,せん6,1
2025-05-04,pw01dud102021100623/D0,スプランドゥール,2025-12-21,牡4,12
2025-02-22,pw01dud102022103929/6E,スプリット,2025-03-22,牝3,3
2025-04-12,pw01dud102021106591/C3,スプリンクルソルト,2025-11-24,牡4,4
2025-08-10,pw01dud102021103322/97,スプリングデイ,2025-12-20,牝4,8
2025-01-05,pw01dud102021104318/28,スプリングノヴァ,2025-01-05,牝4,1
2025-02-02,pw01dud102020103328/BD,スプレモフレイバー,2025-06-22,牡5,2
2025-07-12,pw01dud102021107266/2E,スプレーフォール,2025-08-16,牡4,4
2025-07-12,pw01dud102021103770/C5,スペイドアン,2025-12-07,牡4,9
2025-07-27,pw01dud102020103316/C7,スペキオサレジーナ,2025-11-09,牝5,6
2025-05-10,pw01dud102019105186/34,スペクトログラム,2025-08-24,牡6,5
2025-07-05,pw01dud102020101572/DF,スペシャリスト,2025-10-11,牝5,5
2025-12-27,pw01dud102023105213/BF,スペシャルギフト,2025-12-27,牝2,1
2025-11-08,pw01dud102023101314/A7,スペシャルシラー,2025-11-08,牡2,1
2025-07-20,pw01dud102023105991/B0,スペシャルチャンス,2025-07-20,牡2,1
2025-05-04,pw01dud102019103825/DA,スペシャルナンバー,2025-12-14,牡6,9
2025-08-02,pw01dud102022101618/7A,スペシャルバニー,2025-10-26,牝3,8
2025-11-08,pw01dud102020102674/E5,スペルキャスター,2025-12-20,牝5,5
2025-12-20,pw01dud102022101781/F6,スペルビア,2025-12-20,牡3,1
2025-10-18,pw01dud102023107352/9B,スペルーチェ,2025-12-21,牡2,3
2025-04-19,pw01dud102020106941/AB,スペンサーバローズ,2025-04-19,牡5,1
2025-08-24,pw01dud102022103020/AA,スペースリーガ,2025-08-24,牡3,5
2025-07-20,pw01dud102022105191/9C,スペードギニー,2025-07-20,牡3,2
2025-05-18,pw01dud102019103815/CA,スマイルアップ,2025-10-12,牝6,4
2025-07-20,pw01dud102022109143/EE,スマイルインザサン,2025-07-20,牝3,2
2025-08-24,pw01dud102023107078/DA,スマイルカーブ,2025-12-21,牝2,3
2025-10-26,pw01dud102023107077/67,スマイルガーデン,2025-11-08,牝2,4
2025-04-19,pw01dud102020103446/28,スマイルスルー,2025-04-19,牡5,2
2025-07-05,pw01dud102022104271/BE,スマイルディシー,2025-08-24,牝3,4
2025-04-12,pw01dud102022105704/8B,スマイルデイズ,2025-08-30,牝3,3
2025-03-29,pw01dud102022107344/E5,スマイルバニラ,2025-03-29,牝3,1
2025-02-22,pw01dud102022106478/23,スマイルプラス,2025-03-15,牝3,2
2025-07-06,pw01dud102021104110/2E,スマイルペンダント,2025-07-06,牝4,2
2025-08-17,pw01dud102022104657/14,スマイルラッシュ,2025-09-07,牝3,5
2025-06-22,pw01dud102022100460/E1,スマッシュアウト,2025-11-09,牡3,8
2025-08-16,pw01dud102023100974/3E,スマッシング,2025-11-09,牝2,3
2025-05-25,pw01dud102020102798/02,スマラグドス,2025-12-21,牡5,9
2025-04-13,pw01dud102020106877/5C,スマートアイ,2025-12-28,牝5,10
2025-05-24,pw01dud102022102036/7D,スマートアシェル,2025-05-24,牡3,2
2025-06-15,pw01dud102022100142/14,スマートアリスター,2025-06-15,牝3,1
2025-03-15,pw01dud102020106396/14,スマートアンバー,2025-05-25,牝5,2
2025-07-27,pw01dud102022102035/0A,スマートイザナミ,2025-08-31,牝3,6
2025-10-11,pw01dud102023101236/7C,スマートイデアル,2025-10-11,牝2,1
2025-10-19,pw01dud102023106007/08,スマートエラン,2025-10-19,牡2,1
2025-08-24,pw01dud102022103935/B2,スマートエレーヌ,2025-08-24,牝3,4
2025-03-15,pw01dud102019104059/3D,スマートオリーブ,2025-03-30,牝6,4
2025-09-07,pw01dud102022102735/61,スマートカイロス,2025-12-21,牡3,9
2025-07-05,pw01dud102022101135/4C,スマートカリーナ,2025-07-05,牝3,1
2025-08-10,pw01dud102022102058/83,スマートクオーレ,2025-12-14,牡3,11
2025-11-22,pw01dud102022103946/35,スマートクラビ,2025-11-22,牡3,5
2025-04-27,pw01dud102017100091/11,スマートクラージュ,2025-04-27,牡8,3
2025-12-07,pw01dud102023102752/B4,スマートグロワール,2025-12-07,牡2,3
2025-08-02,pw01dud102020102187/59,スマートケープ,2025-08-16,牝5,5
2025-08-31,pw01dud102023106001/56,スマートコーラル,2025-12-14,牝2,4
2025-01-11,pw01dud102022101554/BD,スマートサターン,2025-08-31,牡3,7
2025-05-18,pw01dud102020104304/C0,スマートサニー,2025-12-28,牡5,6
2025-03-02,pw01dud102022101553/4A,スマートシーカー,2025-12-28,牡3,4
2025-06-21,pw01dud102020103448/0E,スマートジェイナ,2025-11-09,牝5,6
2025-03-09,pw01dud102022101824/20,スマートジュディ,2025-03-09,牝3,2
2025-08-09,pw01dud102023101452/32,スマートジュリアス,2025-11-15,牡2,4
2025-10-05,pw01dud102021101106/03,スマートスピア,2025-10-19,牡4,3
2025-04-19,pw01dud102022104196/EC,スマートセラム,2025-07-05,牡3,2
2025-08-16,pw01dud102022102734/EE,スマートテンペスト,2025-08-16,牡3,6
2025-04-27,pw01dud102020104306/A6,スマートハンター,2025-06-29,牡5,4
2025-11-16,pw01dud102023101454/18,スマートバニー,2025-11-16,牝2,2
2025-09-06,pw01dud102023102762/C4,スマートビガー,2025-09-27,牡2,2
2025-04-05,pw01dud102019102202/4C,スマートビクター,2025-04-05,牡6,1
2025-04-20,pw01dud102022101555/30,スマートビビット,2025-07-06,牝3,4
2025-06-01,pw01dud102022103948/1B,スマートピリカ,2025-06-01,牝3,2
2025-02-16,pw01dud102020101707/10,スマートフォルス,2025-12-07,牡5,5
2025-01-11,pw01dud102022101826/06,スマートフランキー,2025-08-17,牡3,7
2025-08-03,pw01dud102022100497/36,スマートブル,2025-11-24,牡3,6
2025-09-06,pw01dud102023107079/4D,スマートプリエール,2025-10-18,牝2,4
2025-04-27,pw01dud102021103939/F2,スマートプレシャス,2025-11-22,牝4,7
2025-08-09,pw01dud102022104864/2D,スマートミストラル,2025-09-14,牝3,6
2025-02-23,pw01dud102021102083/E8,スマートリアファル,2025-10-11,牡4,6
2025-08-16,pw01dud102018100097/4F,スマートルシーダ,2025-08-30,牡7,2
2025-01-12,pw01dud102017103868/5B,スマートルミエール,2025-11-30,牡8,2
2025-04-12,pw01dud102022102033/24,スマートロベール,2025-08-16,牝3,7
2025-06-22,pw01dud102021105618/AA,スマートワイス,2025-12-21,牡4,4
2025-08-23,pw01dud102019106604/B2,スミ,2025-11-23,牝6,7
2025-08-24,pw01dud102023100169/E5,スミッコディスコ,2025-12-06,牡2,5
2025-12-27,pw01dud102023101438/C4,スミレノハナ,2025-12-27,牝2,1
2025-08-23,pw01dud102021105619/1D,スミレファースト,2025-11-24,牝4,7
2025-07-27,pw01dud102022100224/0B,スムースオペレター,2025-07-27,牡3,6
2025-08-03,pw01dud102020106987/9D,スムースベルベット,2025-12-27,牝5,4
2025-02-01,pw01dud102022105884/3C,スメラギ,2025-02-15,せん3,2
2025-04-27,pw01dud102020110145/23,スモーキンビリー,2025-08-09,牡5,5
2025-07-27,pw01dud102022104592/E4,スモーキーゴッド,2025-11-01,牡3,5
2025-02-15,pw01dud102022101432/86,スライビングロード,2025-11-15,牝3,6
2025-10-11,pw01dud102023103189/D2,スラッシュ,2025-11-02,牡2,2
2025-08-10,pw01dud102023101448/D4,スラッシュコード,2025-12-21,牡2,4
2025-11-16,pw01dud102021103916/79,スラーヴァ,2025-12-07,牡4,8
2025-08-23,pw01dud102022104091/7C,スリアント,2025-08-23,牝3,4
2025-11-23,pw01dud102023102494/47,スリラーナイト,2025-11-23,牝2,1
2025-11-24,pw01dud102020103407/5B,スリリングチェイス,2025-11-24,せん5,5
2025-08-10,pw01dud102020110114/80,スリーアイランド,2025-10-26,牝5,7
2025-01-05,pw01dud102022102217/32,スリーキングス,2025-07-19,牡3,6
2025-10-26,pw01dud102023106208/DD,スリーコーズ,2025-10-26,牡2,3
2025-06-21,pw01dud102022102980/D4,スリーセンス,2025-08-31,牝3,5
2025-01-12,pw01dud102022103777/76,スリーソング,2025-01-26,牡3,2
2025-10-13,pw01dud102022104972/88,スリーピース,2025-12-14,せん3,10
2025-12-21,pw01dud102023106207/6A,スリーマドンナ,2025-12-21,牝2,1
2025-03-23,pw01dud102022102312/24,スリーラーケン,2025-05-24,牡3,4
2025-12-20,pw01dud102022105755/4E,スリールミニョン,2025-12-20,牝3,6
2025-12-28,pw01dud102023106211/C8,スリールーディカ,2025-12-28,牝2,1
2025-01-19,pw01dud102022103602/96,スリーレジェンド,2025-02-01,牡3,2
2025-07-26,pw01dud102022102974/90,スリーローズ,2025-08-30,牝3,6
2025-01-26,pw01dud102022102310/3E,スリーローズマリー,2025-04-06,牝3,3
2025-05-17,pw01dud102022105053/11,スルーザナイト,2025-12-20,牝3,9
2025-08-03,pw01dud102022101297/C3,スルースウェイ,2025-08-03,牝3,3
2025-08-09,pw01dud102018105164/A2,スレイマン,2025-08-09,牡7,4
2025-08-16,pw01dud102022102003/F4,スレッドザニードル,2025-11-16,牡3,5
2025-06-28,pw01dud102023105436/9A,スレドナゴラ,2025-09-14,牝2,3
2025-02-16,pw01dud102022106317/1F,スワッガー,2025-03-15,牡3,2
2025-08-09,pw01dud102023103333/32,スワトウ,2025-12-06,牝2,3
2025-08-03,pw01dud102022100094/19,スワローサプライズ,2025-11-23,牝3,9
2025-11-24,pw01dud102022106150/D8,スワローシチー,2025-12-14,牡3,6
2025-11-24,pw01dud102022104829/2C,スワーヴゴダイヴァ,2025-11-24,牝3,1
2025-04-13,pw01dud102022107120/97,スンシム,2025-04-20,牝3,2
2025-06-14,pw01dud102015104512/9D,スヴァルナ,2025-06-14,せん10,4
2025-01-13,pw01dud102022106889/6A,スヴァローグ,2025-03-15,牡3,2
2025-01-06,pw01dud102019103898/A3,スーサンアッシャー,2025-12-21,牡6,5
2025-12-20,pw01dud102023102251/4C,スーザンバローズ,2025-12-20,牝2,1
2025-12-06,pw01dud102023104099/A0,スージーハルワ,2025-12-27,牡2,2
2025-01-06,pw01dud102020103340/45,スーパーアグリ,2025-01-18,牡5,2
2025-08-17,pw01dud102023102602/33,スーパーガール,2025-12-27,牝2,5
2025-02-09,pw01dud102022105943/BA,スーパーキティ,2025-06-07,牝3,4
2025-08-02,pw01dud102022103733/6A,スーパージョック,2025-10-13,牡3,6
2025-07-20,pw01dud102023101206/4C,スーパーチャイルド,2025-11-02,牡2,3
2025-01-12,pw01dud102022102286/2F,スーパーチャンド,2025-09-15,牝3,10
2025-02-02,pw01dud102022103607/D5,スーパーチャージ,2025-09-13,牡3,5
2025-12-14,pw01dud102023106119/2F,スーパーハイウェイ,2025-12-14,牡2,1
2025-07-26,pw01dud102021101015/6F,スーパーバイザー,2025-12-14,牡4,8
2025-11-02,pw01dud102023101893/A9,スーパービジー,2025-12-06,牡2,3
2025-05-17,pw01dud102022102669/2C,スーパーフロス,2025-05-17,牝3,1
2025-02-01,pw01dud102022100485/40,スーパーホース,2025-02-09,せん3,2
2025-06-15,pw01dud102020100956/60,スーパーマン,2025-12-21,牡5,11
2025-10-12,pw01dud102023107249/7F,スーホ,2025-10-12,牡2,1
2025-08-10,pw01dud102021100597/DB,ズイウンゴサイ,2025-11-01,牡4,7
2025-02-09,pw01dud102022110021/1E,ズイショウ,2025-05-11,牝3,2
2025-06-28,pw01dud102022106587/F1,ズットマツモト,2025-07-06,牝3,3
2025-04-12,pw01dud102021105711/B6,ズバットマサムネ,2025-12-07,せん4,10
2025-11-16,pw01dud102023104812/83,セイウォリアー,2025-12-13,牡2,2
2025-06-29,pw01dud102023106256/47,セイウンアインス,2025-12-28,牝2,5
2025-10-04,pw01dud102023100711/23,セイウンアズール,2025-10-04,牝2,2
2025-01-13,pw01dud102022104072/CF,セイウンオウカ,2025-03-09,牝3,2
2025-02-08,pw01dud102022101038/74,セイウンオスミウム,2025-02-08,牡3,1
2025-08-30,pw01dud102019103158/0C,セイウンガレオン,2025-12-20,せん6,10
2025-01-18,pw01dud102022100399/EB,セイウングレイ,2025-03-29,牝3,2
2025-02-08,pw01dud102021103118/D7,セイウンサニー,2025-02-22,牝4,2
2025-07-12,pw01dud102023104697/E0,セイウンシシマイ,2025-11-08,牡2,5
2025-07-26,pw01dud102023104705/9B,セイウンダイフク,2025-12-06,牡2,5
2025-02-02,pw01dud102021100243/2C,セイウンティーダ,2025-02-02,牝4,1
2025-04-13,pw01dud102021100248/6B,セイウンデセオ,2025-11-15,牝4,8
2025-06-15,pw01dud102022102902/3A,セイウンネルケ,2025-08-09,牝3,4
2025-05-10,pw01dud102019102632/40,セイウンハーデス,2025-11-30,牡6,4
2025-11-22,pw01dud102023100241/5E,セイウンバジリスク,2025-11-22,牡2,3
2025-10-11,pw01dud102020100233/90,セイウンパシュート,2025-12-28,牡5,4
2025-07-27,pw01dud102022100737/69,セイウンビッグバン,2025-12-13,牡3,8
2025-02-08,pw01dud102022102706/A4,セイウンピカイチ,2025-03-29,牡3,4
2025-08-30,pw01dud102023104624/17,セイウンブシドウ,2025-08-30,牡2,1
2025-02-22,pw01dud102019102628/E2,セイウンプラチナ,2025-02-22,牡6,2
2025-11-09,pw01dud102023105570/59,セイウンプーパ,2025-12-14,牝2,3
2025-06-29,pw01dud102021107080/3A,セイウンマカロン,2025-10-04,牝4,4
2025-08-16,pw01dud102023104033/8E,セイウンマナウス,2025-09-14,牝2,2
2025-06-28,pw01dud102023100006/FB,セイウンヤオヨロズ,2025-12-14,牡2,5
2025-06-15,pw01dud102022102890/B3,セイウンヤタガラス,2025-08-24,牡3,7
2025-07-26,pw01dud102022106988/28,セイウンユズカ,2025-09-15,牝3,4
2025-08-10,pw01dud102023100149/C5,セイウンリメンバー,2025-12-14,牡2,6
2025-11-09,pw01dud102023100032/5F,セイウンレガーメ,2025-11-09,牝2,3
2025-01-06,pw01dud102022106296/FB,セイカエイレーネー,2025-03-30,牝3,3
2025-10-05,pw01dud102023104141/E9,セイカスサノオ,2025-10-05,牡2,1
2025-04-27,pw01dud102019101923/47,セイカフォルゴーレ,2025-04-27,牡6,2
2025-06-28,pw01dud102023105774/87,セイカミナミホリエ,2025-09-27,牡2,2
2025-11-09,pw01dud102023104140/76,セイカユウヒ,2025-12-13,牡2,6
2025-08-31,pw01dud102023106169/7F,セイカンサンラン,2025-11-15,牡2,5
2025-09-07,pw01dud102022104850/51,セイキュート,2025-11-23,牝3,6
2025-07-27,pw01dud102019100234/84,セイゲン,2025-12-20,せん6,9
2025-07-27,pw01dud102022106961/E3,セイスイミリオン,2025-08-31,牡3,8
2025-01-05,pw01dud102022103814/EE,セイノスケ,2025-01-05,牡3,1
2025-04-26,pw01dud102022101461/43,セイフウサツキ,2025-10-18,牡3,8
2025-11-08,pw01dud102023107481/89,セイブルーアイ,2025-12-27,牝2,3
2025-11-22,pw01dud102022105583/36,セイプリーズ,2025-11-22,牝3,4
2025-01-19,pw01dud102022104149/F5,セイムトゥーユー,2025-03-30,牝3,2
2025-07-06,pw01dud102022102222/03,セイムバースデイ,2025-07-06,牝3,1
2025-04-19,pw01dud102022106503/A5,セイラダンサー,2025-08-09,牝3,5
2025-01-05,pw01dud102022106350/3A,セイリオス,2025-03-15,牝3,2
2025-08-16,pw01dud102022104913/9B,セイルフリー,2025-08-16,牡3,2
2025-08-31,pw01dud102022104858/E9,セイルロケット,2025-09-06,牡3,6
2025-12-27,pw01dud102023103593/F4,セイレーンバイブス,2025-12-27,牝2,1
2025-07-26,pw01dud102021105575/80,セイロンジェムズ,2025-07-26,牡4,3
2025-10-11,pw01dud102023101132/7F,セイントエルモズ,2025-11-02,牡2,2
2025-10-19,pw01dud102023103175/F6,セイントクーヤ,2025-12-20,牡2,3
2025-10-18,pw01dud102023103176/69,セイントホース,2025-12-21,牡2,5
2025-02-09,pw01dud102020103102/89,セオ,2025-11-29,牡5,7
2025-05-11,pw01dud102022106121/1B,セカンドフラッシュ,2025-06-14,牝3,3
2025-08-09,pw01dud102022106835/4E,セガンティーニ,2025-09-07,牝3,8
2025-02-16,pw01dud102021106253/D6,セキセイ,2025-02-16,牡4,1
2025-06-28,pw01dud102019101351/6B,セキテイオー,2025-10-18,牡6,7
2025-08-02,pw01dud102023103447/3F,セキテイリノ,2025-12-14,牡2,4
2025-12-14,pw01dud102023105355/16,セキテイロックス,2025-12-14,牡2,1
2025-04-20,pw01dud102021103975/66,セキトバイースト,2025-11-16,牝4,7
2025-05-04,pw01dud102022101759/5E,セキトバシューズ,2025-08-03,牝3,4
2025-07-19,pw01dud102022105832/06,セギレエルビエント,2025-11-23,牝3,9
2025-07-27,pw01dud102021110103/89,セクシーブーケ,2025-08-16,牝4,4
2025-11-16,pw01dud102022103729/0C,セクシーマージュ,2025-11-16,牝3,9
2025-10-25,pw01dud102022106915/5F,セサンパ,2025-10-25,牝3,5
2025-07-06,pw01dud102020106051/02,セザンワールド,2025-11-08,せん5,6
2025-08-16,pw01dud102022105093/51,セシアンベリル,2025-08-16,牝3,3
2025-05-24,pw01dud102021104941/59,セシリエプラージュ,2025-11-29,牝4,5
2025-12-20,pw01dud102023106841/1E,セシルブリュネ,2025-12-20,牝2,1
2025-08-30,pw01dud102023103316/6B,セスティーナ,2025-08-30,牡2,1
2025-09-07,pw01dud102022105398/23,セゾンデフィーユ,2025-11-08,牝3,8
2025-05-04,pw01dud102021100759/E3,セッカチドラゴン,2025-10-11,牡4,5
2025-02-15,pw01dud102020103639/D3,セッション,2025-09-28,牡5,3
2025-05-25,pw01dud102019106985/38,セッタレダスト,2025-05-25,牡6,2
2025-08-10,pw01dud102021102709/71,セッテイロク,2025-08-10,牝4,2
2025-07-13,pw01dud102021104405/F0,セットアップ,2025-07-13,牡4,3
2025-12-13,pw01dud102023103792/E3,セットエトワール,2025-12-13,牝2,1
2025-02-09,pw01dud102022102936/36,セットオンユー,2025-06-21,牝3,3
2025-02-02,pw01dud102019105271/16,セットリスト,2025-02-02,牝6,1
2025-12-13,pw01dud102023107225/93,セツナサ,2025-12-13,牡2,1
2025-04-26,pw01dud102022102770/62,セディバン,2025-12-20,牡3,6
2025-01-19,pw01dud102022105433/B5,セナスタイル,2025-12-13,牝3,5
2025-08-30,pw01dud102022105985/E0,セナマリン,2025-10-26,牝3,3
2025-07-05,pw01dud102023102678/55,セニング,2025-11-24,牝2,4
2025-07-20,pw01dud102018105131/19,セファーラジエル,2025-07-20,牡7,5
2025-02-09,pw01dud102020102836/ED,セフィロ,2025-11-29,牝5,5
2025-03-15,pw01dud102018105071/28,セブンサミット,2025-03-15,牡7,1
2025-05-10,pw01dud102022101791/06,セブンスウェイ,2025-07-27,牡3,5
2025-01-06,pw01dud102020101594/E5,セブンスストリート,2025-03-01,牡5,3
2025-08-10,pw01dud102022104662/E5,セブンスプラネット,2025-08-31,牡3,2
2025-07-26,pw01dud102022104785/8F,セブンスプリングス,2025-07-26,せん3,5
2025-04-27,pw01dud102021102386/D4,セブンスリーローズ,2025-06-14,牝4,2
2025-07-13,pw01dud102019100876/D0,セブンスレター,2025-10-18,せん6,5
2025-10-26,pw01dud102021105688/1A,セブンマイスター,2025-10-26,牡4,2
2025-07-13,pw01dud102020103521/FA,セブンマジシャン,2025-12-28,牡5,9
2025-08-10,pw01dud102022105035/D7,セブンメデュラス,2025-08-10,牡3,4
2025-10-26,pw01dud102023100928/BA,セブンワンダーズ,2025-11-09,牡2,2
2025-08-17,pw01dud102022105811/73,セプトラム,2025-08-17,せん3,4
2025-05-25,pw01dud102022104903/8B,セボンサデッセ,2025-12-13,牡3,5
2025-04-26,pw01dud102020104893/D2,セミマル,2025-11-23,牡5,6
2025-10-26,pw01dud102023107306/17,セラサイト,2025-12-27,牝2,3
2025-02-15,pw01dud102022106723/27,セラトーン,2025-06-14,牡3,4
2025-05-17,pw01dud102022105179/14,セラドピラール,2025-09-13,牝3,5
2025-12-07,pw01dud102020103400/36,セラフィックコール,2025-12-07,牡5,1
2025-05-25,pw01dud102022102079/16,セラヴィーナス,2025-05-25,牝3,2
2025-04-12,pw01dud102022106024/43,セラード,2025-04-26,牝3,3
2025-03-02,pw01dud102021104547/47,セリエル,2025-03-02,牝4,1
2025-12-07,pw01dud102023110025/76,セリエンクーニゲン,2025-12-07,牝2,1
2025-08-09,pw01dud102022104706/82,セリオヴェローチェ,2025-09-13,牡3,5
2025-05-17,pw01dud102020101069/FF,セリオーソ,2025-09-20,牝5,4
2025-01-11,pw01dud102022101868/2C,セリナピース,2025-02-09,牝3,2
2025-11-29,pw01dud102023106120/34,セリーンストーム,2025-11-29,牝2,1
2025-11-01,pw01dud102023100992/78,セルシャーム,2025-12-14,牡2,3
2025-06-29,pw01dud102023105953/56,セルジオ,2025-08-09,牡2,2
2025-11-29,pw01dud102023103092/8C,セルジュバローズ,2025-12-13,牡2,2
2025-03-02,pw01dud102022102052/D1,セルズパワー,2025-12-13,牡3,6
2025-01-05,pw01dud102019106670/56,セルバーグ,2025-12-13,牡6,3
2025-03-15,pw01dud102022105356/FD,セルマン,2025-07-12,牡3,4
2025-07-27,pw01dud102023103843/37,セルリア,2025-10-25,牝2,4
2025-03-29,pw01dud102022102319/49,セルリアンドロップ,2025-06-21,牡3,5
2025-03-01,pw01dud102020105976/2B,セルリアンミナギル,2025-04-19,牡5,3
2025-08-09,pw01dud102023107085/91,セルレーヴ,2025-08-09,牝2,1
2025-12-06,pw01dud102022100654/FF,セルヴァンス,2025-12-06,せん3,6
2025-05-11,pw01dud102020100987/03,セレクティオ,2025-12-20,牡5,7
2025-10-13,pw01dud102019105168/FA,セレシオン,2025-11-09,牡6,2
2025-10-26,pw01dud102022105774/FB,セレジェイラ,2025-11-24,牝3,6
2025-05-10,pw01dud102022105313/64,セレスチャルホープ,2025-06-01,牝3,2
2025-02-09,pw01dud102020103209/DF,セレスティアリティ,2025-02-15,牝5,2
2025-11-24,pw01dud102023107120/23,セレステレガーロ,2025-11-24,牝2,1
2025-09-13,pw01dud102020106777/2B,セレッソデアモール,2025-10-05,牝5,4
2025-03-02,pw01dud102018106581/1C,セレッソフレイム,2025-03-02,牝7,2
2025-05-11,pw01dud102022102543/29,セレッソレイナ,2025-05-11,牝3,1
2025-11-01,pw01dud102023103660/9C,セレナブリーズ,2025-11-01,牝2,1
2025-06-29,pw01dud102022105336/DD,セレニティ,2025-07-20,牝3,5
2025-05-03,pw01dud102022100907/9B,セレブウマザンマイ,2025-05-03,牝3,3
2025-08-30,pw01dud102023105833/05,セレブトーチ,2025-08-30,牝2,1
2025-01-06,pw01dud102019105485/54,セレブレイトガイズ,2025-01-06,牡6,1
2025-07-27,pw01dud102022105148/71,セレーネアステール,2025-08-30,牝3,5
2025-06-21,pw01dud102023104372/EE,セレーノ,2025-12-14,牝2,5
2025-04-13,pw01dud102021105444/AC,セングンバンバ,2025-04-13,せん4,2
2025-10-04,pw01dud102023101559/88,センジュキヨマル,2025-10-04,牡2,2
2025-07-12,pw01dud102022103083/63,センジュコスモス,2025-09-14,牝3,9
2025-01-19,pw01dud102019101819/B8,センタースリール,2025-01-19,牝6,1
2025-06-29,pw01dud102022101648/AA,センツブラッド,2025-12-06,牡3,6
2025-01-25,pw01dud102019105040/11,セントカメリア,2025-01-25,牝6,1
2025-10-25,pw01dud102021105175/BC,セントキルダ,2025-12-07,牡4,8
2025-08-17,pw01dud102023107296/76,セントゴーデンス,2025-11-29,牡2,3
2025-11-15,pw01dud102023100580/BE,セントピュアベース,2025-12-06,牝2,2
2025-11-15,pw01dud102023100863/8A,セントポールヒロ,2025-11-24,牝2,3
2025-11-16,pw01dud102021104894/D1,セントメモリーズ,2025-11-16,牝4,3
2025-08-23,pw01dud102021110161/03,セントラルヴァレー,2025-11-22,せん4,8
2025-11-16,pw01dud102023100888/E9,セントリアン,2025-11-16,牝2,5
2025-01-19,pw01dud102022100371/33,セントールビースト,2025-11-02,牡3,6
2025-10-19,pw01dud102023107475/45,センノウィン,2025-10-19,牡2,1
2025-01-12,pw01dud102022102747/57,センビトウリョウ,2025-06-28,牝3,4
2025-12-14,pw01dud102023106124/00,センリョウヤクシャ,2025-12-28,牡2,2
2025-10-26,pw01dud102023106969/07,セヴェロ,2025-10-26,牡2,2
2025-07-27,pw01dud102021104850/C5,セージグリーン,2025-12-13,牝4,12
2025-07-20,pw01dud102022100969/E1,セージブラッシュ,2025-07-20,牡3,2
2025-11-15,pw01dud102022100688/FB,セーデルマンランド,2025-12-06,牡3,6
2025-12-21,pw01dud102023102504/E8,セーヌデローヴ,2025-12-21,牡2,1
2025-08-16,pw01dud102021101057/95,セールヴォラン,2025-10-13,牡4,6
2025-04-12,pw01dud102019100907/04,ゼアズノープレイス,2025-04-12,牡6,4
2025-10-26,pw01dud102023106750/8A,ゼウステソーロ,2025-10-26,牡2,1
2025-02-16,pw01dud102019101964/FA,ゼウスバイオ,2025-06-28,牡6,3
2025-02-09,pw01dud102020100950/AE,ゼウスビスティー,2025-02-09,牡5,1
2025-06-22,pw01dud102022101889/BF,ゼットエイト,2025-12-14,牡3,6
2025-05-04,pw01dud102022107278/B0,ゼットエール,2025-12-06,牡3,6
2025-07-06,pw01dud102020104751/7B,ゼットカレン,2025-12-20,牝5,5
2025-11-22,pw01dud102023106499/42,ゼットクイン,2025-11-22,牝2,1
2025-08-24,pw01dud102021107255/AB,ゼットスパンキー,2025-12-07,牡4,6
2025-01-19,pw01dud102022104395/DB,ゼットダイヤ,2025-02-01,牡3,2
2025-12-20,pw01dud102023104468/C1,ゼットドリーム,2025-12-20,牡2,1
2025-05-03,pw01dud102022100687/88,ゼットヒーロ,2025-08-31,牝3,6
2025-06-21,pw01dud102020104760/18,ゼットリアン,2025-11-22,牡5,8
2025-01-18,pw01dud102021105919/B0,ゼットレジーナ,2025-06-22,牝4,4
2025-05-04,pw01dud102019103065/92,ゼットレヨン,2025-08-17,牡6,4
2025-12-14,pw01dud102023102007/4C,ゼファーテソーロ,2025-12-14,牡2,1
2025-11-30,pw01dud102023107422/9C,ゼフィリア,2025-11-30,牝2,1
2025-12-14,pw01dud102023106996/DE,ゼフィルス,2025-12-14,牝2,1
2025-11-22,pw01dud102023103232/8E,ゼルダ,2025-12-13,牝2,2
2025-02-23,pw01dud102021103080/7E,ゼルトザーム,2025-03-30,牡4,2
2025-10-26,pw01dud102023104553/A3,ゼルノードゥス,2025-10-26,牝2,2
2025-08-16,pw01dud102022105554/79,ゼロスネーク,2025-12-21,牡3,7
2025-05-17,pw01dud102022101237/63,ゼロファイター,2025-05-17,せん3,2
2025-06-29,pw01dud102023101157/DE,ゼロヴィジビリティ,2025-06-29,牡2,1
2025-11-08,pw01dud102022110135/2B,ゼンエスポワール,2025-12-21,牡3,9
2025-03-09,pw01dud102019102922/C3,ゼンカイテン,2025-03-09,牡6,1
2025-10-25,pw01dud102021100337/19,ゼンカイパイロ,2025-11-15,牡4,8
2025-03-30,pw01dud102022110136/9E,ゼンソレイユ,2025-03-30,牝3,2
2025-04-27,pw01dud102021106294/89,ゼンダンスカイ,2025-04-27,牡4,1
2025-04-19,pw01dud102022103424/3A,ゼンダンスバシリ,2025-04-19,牡3,2
2025-11-22,pw01dud102022106187/2D,ゼンダンタカ,2025-11-22,牝3,7
2025-01-26,pw01dud102022101327/84,ゼンダントモニ,2025-01-26,牡3,1
2025-01-25,pw01dud102022106306/9C,ゼンダンハヤブサ,2025-11-09,牡3,8
2025-11-08,pw01dud102019100915/2E,ゼンノインヴォーク,2025-11-29,せん6,9
2025-08-31,pw01dud102023104611/AE,ゼンノスタニング,2025-12-13,牡2,3
2025-08-02,pw01dud102022106992/86,ゼンノソブリン,2025-08-16,牡3,4
2025-08-09,pw01dud102021106983/5D,ゼンノツキヨミ,2025-12-14,牝4,10
2025-12-21,pw01dud102023104612/21,ゼンノトヨタマヒメ,2025-12-21,牝2,1
2025-12-27,pw01dud102023104050/55,ゼンノフォトン,2025-12-27,牡2,1
2025-01-05,pw01dud102022102857/98,ゼンブママノセイ,2025-03-15,牝3,2
2025-10-12,pw01dud102023106416/69,ゼータレティクル,2025-10-26,牝2,3
2025-07-27,pw01dud102020105897/8D,ソアラ,2025-07-27,牝5,7
2025-01-12,pw01dud102022100451/44,ソイジャガー,2025-06-15,牝3,5
2025-05-10,pw01dud102021106800/53,ソウキュウ,2025-09-15,牝4,4
2025-01-12,pw01dud102019105459/F0,ソウテン,2025-12-20,牡6,5
2025-05-11,pw01dud102021106694/4D,ソウルアンドジャズ,2025-12-13,牡4,8
2025-10-12,pw01dud102023105899/17,ソウルオンファイア,2025-10-12,牝2,2
2025-08-09,pw01dud102023106193/FD,ソウルサヴァイヴ,2025-09-20,牡2,2
2025-03-16,pw01dud102017105358/34,ソウルユニバンス,2025-03-29,せん8,2
2025-06-08,pw01dud102018100382/93,ソウルラッシュ,2025-11-23,牡7,4
2025-05-11,pw01dud102022104704/9C,ソクヅモドラドラ,2025-05-11,牡3,3
2025-08-10,pw01dud102022104175/59,ソコトラ,2025-09-15,牡3,5
2025-04-19,pw01dud102022104071/5C,ソシエテトウショウ,2025-05-10,牝3,2
2025-10-18,pw01dud102023106965/3B,ソチミルコ,2025-12-13,牝2,2
2025-06-15,pw01dud102022100393/39,ソッフィオーネ,2025-06-15,牝3,1
2025-07-13,pw01dud102022105241/7D,ソナタン,2025-11-09,牡3,6
2025-07-27,pw01dud102023103698/64,ソニックキャット,2025-12-28,牡2,3
2025-04-12,pw01dud102022101390/CF,ソニックサンライズ,2025-06-29,牝3,3
2025-07-06,pw01dud102021110060/5F,ソニックスター,2025-11-01,せん4,4
2025-05-03,pw01dud102022104854/1D,ソニックステップ,2025-05-03,牡3,3
2025-08-03,pw01dud102021101488/FC,ソニックドライブ,2025-08-03,牝4,3
2025-11-24,pw01dud102023100955/91,ソニックブレイカー,2025-12-21,牡2,2
2025-12-21,pw01dud102023102008/BF,ソニックブーム,2025-12-28,牝2,2
2025-08-02,pw01dud102021105871/47,ソニックライン,2025-11-15,せん4,6
2025-02-15,pw01dud102022101081/9F,ソノバシノギ,2025-02-15,牝3,1
2025-07-26,pw01dud102020101517/BE,ソノママソノママ,2025-10-18,牝5,7
2025-12-28,pw01dud102023107088/EA,ソフィア,2025-12-28,牝2,1
2025-12-20,pw01dud102023105655/A9,ソフィアプルーマ,2025-12-20,牝2,1
2025-08-30,pw01dud102020107084/7A,ソムリエ,2025-08-30,牡5,2
2025-11-01,pw01dud102023107087/77,ソラネルマン,2025-11-01,牡2,2
2025-04-26,pw01dud102022100083/96,ソラノキャンバス,2025-10-18,せん3,6
2025-05-10,pw01dud102022102344/3A,ソラムパレード,2025-05-10,牡3,4
2025-08-23,pw01dud102022100960/D6,ソランチャン,2025-08-23,牝3,4
2025-08-24,pw01dud102023106957/11,ソラーロ,2025-12-20,牡2,2
2025-08-10,pw01dud102022104749/1B,ソリスクラヴィス,2025-12-06,牡3,7
2025-08-02,pw01dud102019105462/DB,ソリダリティ,2025-11-30,牡6,7
2025-03-29,pw01dud102022100546/A4,ソリッドスフィア,2025-04-06,牡3,2
2025-08-10,pw01dud102022105697/43,ソリッドベーシス,2025-08-10,せん3,3
2025-04-13,pw01dud102021104667/98,ソルアマゾン,2025-11-29,牡4,5
2025-10-19,pw01dud102022103416/10,ソルエパトリオット,2025-10-19,せん3,6
2025-12-28,pw01dud102023100133/03,ソルオーブ,2025-12-28,牡2,1
2025-11-29,pw01dud102023102075/D6,ソルチェリア,2025-12-21,牡2,2
2025-11-08,pw01dud102023100743/39,ソルティアーラ,2025-11-08,牝2,1
2025-12-21,pw01dud102023106738/02,ソルテソーロ,2025-12-21,牡2,1
2025-08-09,pw01dud102022105049/B3,ソルデマジョ,2025-09-15,牡3,3
2025-06-22,pw01dud102021102013/78,ソルトクィーン,2025-12-20,牝4,8
2025-03-09,pw01dud102022106531/EF,ソルトチャンス,2025-07-20,牝3,3
2025-11-09,pw01dud102022105914/FD,ソルトチューダ,2025-12-21,牡3,5
2025-10-11,pw01dud102023100217/E0,ソルトハッピー,2025-10-11,牡2,3
2025-07-13,pw01dud102023102163/11,ソルトバーン,2025-11-30,牝2,5
2025-07-19,pw01dud102021101639/81,ソルトブリーズ,2025-12-14,牡4,9
2025-01-18,pw01dud102022101990/F5,ソルトミラクル,2025-01-18,牡3,1
2025-08-03,pw01dud102021102960/28,ソルトロング,2025-08-03,牡4,2
2025-05-18,pw01dud102016104874/02,ソルドラード,2025-08-31,せん9,4
2025-04-20,pw01dud102022104742/F6,ソルナシエンテ,2025-11-30,牡3,5
2025-11-15,pw01dud102023102806/61,ソルパッサーレ,2025-11-15,牝2,2
2025-08-02,pw01dud102023105712/41,ソルプレーザ,2025-11-22,牡2,3
2025-04-13,pw01dud102021101677/DB,ソルレース,2025-12-06,牝4,5
2025-01-26,pw01dud102022101057/21,ソルレーヴ,2025-08-09,牡3,5
2025-06-28,pw01dud102022103086/BC,ソレイケギンチャン,2025-09-15,牝3,5
2025-08-23,pw01dud102022105216/8C,ソレエスピアージャ,2025-09-06,牝3,4
2025-06-29,pw01dud102021110061/D2,ソレルビュレット,2025-11-24,牡4,7
2025-04-12,pw01dud102019106503/0E,ソレントフレイバー,2025-11-08,牡6,7
2025-10-05,pw01dud102023101473/C5,ソロイノシタク,2025-10-05,牝2,2
2025-07-26,pw01dud102022101483/49,ソロフィオーレ,2025-07-26,牝3,2
2025-03-15,pw01dud102022104821/94,ソロモン,2025-03-15,牡3,1
2025-07-12,pw01dud102020102725/39,ソワドリヨン,2025-12-28,牝5,7
2025-11-08,pw01dud102023102783/57,ソワンドヴィクター,2025-12-13,牝2,3
2025-04-20,pw01dud102021105092/52,ソングオブライフ,2025-11-29,牡4,6
2025-01-19,pw01dud102022110143/55,ソングコレクター,2025-12-20,牝3,9
2025-04-13,pw01dud102019101133/CF,ソングフォーユー,2025-04-13,牝6,2
2025-01-12,pw01dud102021110160/90,ソンシ,2025-02-02,牡4,2
2025-10-13,pw01dud102023107449/E1,ソンブレロ,2025-10-13,牡2,2
2025-10-04,pw01dud102023101410/0C,ソヴァージュ,2025-11-24,牝2,2
2025-07-12,pw01dud102023104165/D5,ソークール,2025-12-13,牡2,5
2025-12-06,pw01dud102023106491/AA,ソーシャルコード,2025-12-20,牝2,2
2025-05-18,pw01dud102020102928/F4,ソーダズリング,2025-12-20,牝5,5
2025-02-15,pw01dud102022110034/87,ソーダーンライト,2025-12-07,牝3,6
2025-08-24,pw01dud102023103942/F5,ソードスレイプニル,2025-11-30,牝2,4
2025-01-18,pw01dud102022102650/11,ソードナイト,2025-01-18,牡3,1
2025-05-11,pw01dud102022105415/7B,ソードマスター,2025-12-14,牡3,7
2025-08-09,pw01dud102021106923/FD,ソーニャシュニク,2025-08-23,牝4,7
2025-03-01,pw01dud102021101705/B6,ソーニーイシュー,2025-05-31,牡4,3
2025-08-09,pw01dud102022107049/91,ソープストーン,2025-08-09,牝3,1
2025-10-13,pw01dud102023104870/FD,ソーマッチ,2025-10-13,牝2,2
2025-09-27,pw01dud102023103796/AF,ソーヤブル,2025-09-27,牡2,1
2025-11-02,pw01dud102020102899/A6,ソールオリエンス,2025-11-02,牡5,4
2025-10-25,pw01dud102023107195/D2,ゾネブルーム,2025-10-25,牡2,1
2025-07-27,pw01dud102023106850/BB,ゾロアストロ,2025-11-24,牡2,4
2025-08-10,pw01dud102018101343/B5,ゾンニッヒ,2025-08-24,牡7,7
2025-05-03,pw01dud102022101049/F7,ゾーンサイレンス,2025-05-03,牡3,1
2025-05-17,pw01dud102022102256/FF,タイアステソーロ,2025-05-17,牝3,2
2025-02-22,pw01dud102022102163/85,タイガーグレート,2025-02-22,せん3,1
2025-09-06,pw01dud102023102964/0C,タイガーゲイト,2025-12-13,牡2,5
2025-01-18,pw01dud102020104561/29,タイガースパーク,2025-09-07,牡5,7
2025-12-06,pw01dud102023102989/6B,タイガーロード,2025-12-20,牡2,2
2025-01-18,pw01dud102022106237/0E,タイガーヴィーナス,2025-01-18,牝3,1
2025-02-09,pw01dud102022103140/FB,タイキアベンチュラ,2025-02-09,牡3,1
2025-11-30,pw01dud102023102183/31,タイキアロハ,2025-11-30,牡2,1
2025-08-23,pw01dud102022103149/06,タイキインドラ,2025-12-14,牡3,7
2025-06-21,pw01dud102019103996/EE,タイキエクセロン,2025-12-20,牡6,6
2025-03-01,pw01dud102021103176/51,タイキエルキーオ,2025-03-01,牡4,2
2025-07-13,pw01dud102022103155/4A,タイキオーベロン,2025-12-13,牡3,8
2025-08-09,pw01dud102022103142/E1,タイキクリエイター,2025-08-09,牡3,5
2025-07-26,pw01dud102022103147/20,タイキクロニクル,2025-08-31,牡3,5
2025-05-04,pw01dud102020106817/FC,タイキバルドル,2025-12-14,牡5,9
2025-07-27,pw01dud102022103156/BD,タイキフィアリーベ,2025-08-30,牡3,11
2025-01-18,pw01dud102022103145/3A,タイキフェニックス,2025-03-29,牡3,3
2025-11-15,pw01dud102018106474/34,タイキフロリゼル,2025-12-06,牡7,4
2025-02-15,pw01dud102022103144/C7,タイキブライトン,2025-09-07,牡3,7
2025-11-16,pw01dud102023102181/4B,タイキブリッツェン,2025-11-29,牡2,2
2025-11-01,pw01dud102023102182/BE,タイキプレジール,2025-12-07,牡2,3
2025-09-07,pw01dud102020106811/4A,タイキラフター,2025-10-25,牡5,10
2025-06-15,pw01dud102021103171/12,タイキヴァンクール,2025-12-21,牡4,8
2025-11-15,pw01dud102023102175/07,タイキヴィグルーズ,2025-11-30,牡2,2
2025-05-11,pw01dud102019105413/FE,タイゲン,2025-11-23,牡6,9
2025-08-16,pw01dud102022101206/C0,タイショウロマン,2025-08-31,牝3,8
2025-09-21,pw01dud102023103917/04,タイセイアストロ,2025-12-21,牡2,3
2025-04-12,pw01dud102022101029/D7,タイセイアズーロ,2025-05-03,牝3,3
2025-05-11,pw01dud102022101137/32,タイセイアダマス,2025-05-11,牡3,4
2025-02-23,pw01dud102021106126/CE,タイセイアディクト,2025-12-20,牡4,11
2025-07-26,pw01dud102022102799/8D,タイセイアビリティ,2025-12-20,牡3,8
2025-03-29,pw01dud102022105931/C4,タイセイアルジャン,2025-05-03,牡3,3
2025-04-12,pw01dud102021105333/F8,タイセイアレス,2025-04-12,牡4,3
2025-07-19,pw01dud102018104791/B0,タイセイアーサー,2025-07-19,牡7,5
2025-06-07,pw01dud102020104148/6A,タイセイウォリアー,2025-06-29,牡5,2
2025-04-19,pw01dud102022104792/46,タイセイウーノ,2025-04-19,牡3,4
2025-11-30,pw01dud102023103968/C7,タイセイエキサイト,2025-12-21,牡2,2
2025-03-23,pw01dud102019106390/E3,タイセイエピソード,2025-03-23,牡6,1
2025-12-13,pw01dud102023104031/A8,タイセイエムロード,2025-12-13,牡2,1
2025-05-11,pw01dud102022102882/89,タイセイカイザー,2025-12-06,牡3,6
2025-10-11,pw01dud102023101186/9B,タイセイカラーズ,2025-10-11,牡2,2
2025-08-23,pw01dud102022104588/86,タイセイカレント,2025-12-21,牡3,10
2025-06-21,pw01dud102023102023/A0,タイセイガナール,2025-12-28,牡2,5
2025-01-26,pw01dud102020106954/14,タイセイキューティ,2025-01-26,牝5,1
2025-11-24,pw01dud102023100703/F9,タイセイギガース,2025-12-07,牡2,3
2025-07-13,pw01dud102022103985/02,タイセイグレーター,2025-07-13,牡3,4
2025-11-09,pw01dud102023105256/58,タイセイグローバル,2025-12-20,牡2,3
2025-10-12,pw01dud102023106037/38,タイセイゴッシュ,2025-10-19,牡2,3
2025-04-12,pw01dud102018106428/B0,タイセイサムソン,2025-05-18,牡7,3
2025-05-04,pw01dud102018103021/FA,タイセイシェダル,2025-05-04,牡7,4
2025-05-10,pw01dud102019100135/C6,タイセイジャスパー,2025-10-05,せん6,5
2025-12-13,pw01dud102023104480/49,タイセイスタナー,2025-12-13,牝2,1
2025-11-30,pw01dud102023106933/25,タイセイスプリーム,2025-12-13,牡2,2
2025-05-10,pw01dud102018100821/B5,タイセイスラッガー,2025-05-10,牡7,2
2025-11-01,pw01dud102023100969/6D,タイセイゼスティ,2025-11-01,牡2,1
2025-05-04,pw01dud102022107082/AC,タイセイディアマン,2025-11-01,牡3,8
2025-08-10,pw01dud102022103986/75,タイセイデクスター,2025-08-10,牡3,6
2025-02-23,pw01dud102022105075/17,タイセイドラード,2025-02-23,牡3,1
2025-08-30,pw01dud102019105308/FC,タイセイドレフォン,2025-12-21,牡6,8
2025-07-26,pw01dud102022104404/09,タイセイバンクール,2025-09-06,牡3,7
2025-10-25,pw01dud102023103762/B3,タイセイパフューム,2025-10-25,牝2,1
2025-08-24,pw01dud102023103201/EB,タイセイパルス,2025-09-20,牡2,2
2025-05-04,pw01dud102022101815/83,タイセイビートル,2025-08-02,牡3,4
2025-07-06,pw01dud102021106119/17,タイセイピューマ,2025-12-06,牡4,10
2025-08-03,pw01dud102022101447/D5,タイセイフィオーレ,2025-08-30,牡3,6
2025-08-23,pw01dud102021106939/BF,タイセイフェスタ,2025-08-23,せん4,4
2025-08-30,pw01dud102020103713/32,タイセイフェリーク,2025-11-22,牝5,8
2025-07-06,pw01dud102023100914/DE,タイセイフレッサ,2025-12-13,牝2,5
2025-01-26,pw01dud102019101005/54,タイセイブリリオ,2025-06-01,牡6,6
2025-07-20,pw01dud102018102969/9C,タイセイブレイズ,2025-11-23,牡7,5
2025-10-11,pw01dud102021104101/91,タイセイブロウ,2025-12-21,牡4,6
2025-02-01,pw01dud102022105014/44,タイセイプランセス,2025-10-11,牝3,6
2025-08-09,pw01dud102023106900/9C,タイセイボーグ,2025-12-14,牝2,5
2025-11-08,pw01dud102020105133/0A,タイセイマンボ,2025-11-08,牡5,2
2025-08-10,pw01dud102021101045/9F,タイセイミッション,2025-12-13,せん4,11
2025-08-02,pw01dud102021104197/D3,タイセイミニスター,2025-08-02,牡4,4
2025-08-30,pw01dud102023100655/FE,タイセイモノリス,2025-11-30,牡2,3
2025-05-10,pw01dud102017104961/56,タイセイモンストル,2025-05-10,牡8,1
2025-01-19,pw01dud102022104167/2F,タイセイリコルド,2025-03-22,牡3,3
2025-01-13,pw01dud102022103281/DF,タイセイルシエル,2025-08-16,牡3,11
2025-08-31,pw01dud102023104679/A6,タイセイルビー,2025-12-06,牝2,3
2025-08-10,pw01dud102022103859/6D,タイセイルヴァン,2025-12-28,牡3,6
2025-07-26,pw01dud102022105228/82,タイセイルーマー,2025-07-26,牝3,4
2025-08-30,pw01dud102022101403/C9,タイセイレグノ,2025-11-01,牡3,7
2025-05-17,pw01dud102021105646/F4,タイセイレスポンス,2025-12-20,せん4,7
2025-09-07,pw01dud102023102352/F0,タイセツナヒ,2025-12-28,牡2,4
2025-07-06,pw01dud102023106861/3E,タイダルロック,2025-09-27,牡2,2
2025-01-13,pw01dud102020102750/2A,タイトニット,2025-12-21,牡5,8
2025-08-17,pw01dud102023103560/6B,タイドグラフ,2025-11-30,牡2,3
2025-06-15,pw01dud102022105235/39,タイニービキニ,2025-06-15,牝3,3
2025-10-11,pw01dud102023105027/39,タイニーワンダー,2025-12-13,牝2,2
2025-08-02,pw01dud102022105440/6C,タイプツービー,2025-08-23,牝3,3
2025-01-11,pw01dud102022104022/7F,タイムイズマネー,2025-03-29,牡3,3
2025-12-14,pw01dud102023102156/5A,タイムトゥパーティ,2025-12-14,牝2,1
2025-11-22,pw01dud102018100184/17,タイムトゥヘヴン,2025-11-22,牡7,4
2025-07-06,pw01dud102022104563/27,タイムレス,2025-07-19,牝3,6
2025-10-18,pw01dud102023103766/7F,タイムレスキス,2025-11-09,牝2,2
2025-10-13,pw01dud102023103795/3C,タイムレスフレアー,2025-11-15,牡2,2
2025-11-02,pw01dud102023101854/DC,タイムレスラブ,2025-12-21,牝2,4
2025-09-07,pw01dud102022100277/B4,タイヨウノキセツ,2025-09-07,牡3,8
2025-12-27,pw01dud102023106521/6B,タイヨウノユビワ,2025-12-27,牝2,1
2025-08-10,pw01dud102022105844/FC,タイヨウフレア,2025-11-15,牝3,9
2025-06-01,pw01dud102019102384/E3,タイラーテソーロ,2025-06-01,牡6,4
2025-03-01,pw01dud102022102986/86,タウングー,2025-03-01,牝3,1
2025-08-31,pw01dud102022100345/CF,タカイチナダル,2025-08-31,牝3,3
2025-04-13,pw01dud102020101913/B6,タカサンフェイス,2025-12-13,牡5,8
2025-09-20,pw01dud102023110103/A1,タカスタカスタカス,2025-09-20,牡2,1
2025-04-12,pw01dud102020105415/63,タカネノハナコサン,2025-12-06,牝5,5
2025-07-26,pw01dud102022101200/0E,タカミノガコイ,2025-07-26,牡3,6
2025-10-18,pw01dud102023104316/5A,タガノアイゼン,2025-12-21,牡2,3
2025-11-09,pw01dud102023104312/8E,タガノアキレア,2025-11-09,牡2,1
2025-05-18,pw01dud102022106564/78,タガノアニマシオン,2025-09-13,せん3,5
2025-12-14,pw01dud102023104733/E5,タガノアバンドーネ,2025-12-14,牡2,4
2025-04-27,pw01dud102022106562/92,タガノアビー,2025-09-14,牝3,7
2025-06-22,pw01dud102023104313/01,タガノアラリア,2025-12-21,牡2,6
2025-11-01,pw01dud102023104329/C3,タガノアルテミス,2025-11-01,牝2,1
2025-10-19,pw01dud102023104315/E7,タガノアルトゥーラ,2025-11-23,牡2,3
2025-04-27,pw01dud102020105552/7B,タガノアレハンドラ,2025-09-15,牝5,5
2025-08-09,pw01dud102022106555/DB,タガノアンファン,2025-08-30,牡3,5
2025-04-12,pw01dud102021106540/00,タガノエクレール,2025-07-19,牝4,3
2025-02-01,pw01dud102019100539/56,タガノエスコート,2025-12-14,牡6,6
2025-01-05,pw01dud102020106035/AE,タガノエリザベス,2025-03-22,牝5,3
2025-06-22,pw01dud102021106550/10,タガノエルピーダ,2025-11-02,牝4,5
2025-11-02,pw01dud102023104324/84,タガノエルー,2025-11-16,牡2,2
2025-05-03,pw01dud102022106557/C1,タガノカワチイ,2025-05-03,牝3,3
2025-01-19,pw01dud102019100541/CE,タガノクリステル,2025-01-19,牝6,1
2025-08-17,pw01dud102022106559/A7,タガノグラウス,2025-08-17,牝3,3
2025-02-09,pw01dud102022106556/4E,タガノグリジオ,2025-02-09,せん3,1
2025-05-11,pw01dud102022107132/8D,タガノサダフ,2025-05-11,牡3,3
2025-02-01,pw01dud102020105539/80,タガノシャーンス,2025-02-01,牝5,1
2025-11-23,pw01dud102023104322/9E,タガノシルフィー,2025-11-23,牝2,1
2025-04-13,pw01dud102018101951/05,タガノスペルノヴァ,2025-08-23,牡7,6
2025-01-06,pw01dud102018101946/34,タガノチュール,2025-01-06,牡7,1
2025-05-03,pw01dud102020105533/CE,タガノチョコラータ,2025-10-18,牝5,7
2025-01-06,pw01dud102022107135/E6,タガノテツ,2025-11-01,牡3,8
2025-10-25,pw01dud102021106548/98,タガノデュード,2025-12-14,牡4,9
2025-11-29,pw01dud102023104732/72,タガノナッシュビル,2025-11-29,牝2,1
2025-10-18,pw01dud102023104319/B3,タガノニューデリー,2025-10-25,牡2,3
2025-02-01,pw01dud102022106553/F5,タガノバビロン,2025-12-21,牡3,7
2025-05-11,pw01dud102019100549/66,タガノバルコス,2025-12-14,牡6,6
2025-10-18,pw01dud102023104734/58,タガノヒダマリ,2025-12-06,牝2,3
2025-01-12,pw01dud102021106542/E6,タガノヒナタ,2025-01-12,牝4,1
2025-01-13,pw01dud102022106565/EB,タガノビギニング,2025-03-22,牡3,3
2025-01-06,pw01dud102022106558/34,タガノビジネス,2025-04-05,牡3,2
2025-02-02,pw01dud102017101719/6F,タガノビューティー,2025-02-23,牡8,2
2025-12-20,pw01dud102021106544/CC,タガノヘラクレス,2025-12-20,牡4,6
2025-02-02,pw01dud102022106570/BC,タガノポストマン,2025-04-26,牡3,3
2025-05-03,pw01dud102022107134/73,タガノマカシヤ,2025-10-25,牡3,9
2025-05-11,pw01dud102022107133/00,タガノマルアフ,2025-11-29,牡3,9
2025-08-16,pw01dud102021106554/DC,タガノミスト,2025-12-14,牝4,7
2025-01-11,pw01dud102022106572/A2,タガノミナミ,2025-01-18,牡3,2
2025-01-18,pw01dud102022106560/AC,タガノミモザ,2025-05-25,牝3,4
2025-04-05,pw01dud102022106554/68,タガノミラクル,2025-06-08,牝3,2
2025-11-29,pw01dud102023104332/AE,タガノラヴズワン,2025-11-29,牝2,1
2025-03-23,pw01dud102022106561/1F,タガノレディブル,2025-08-10,牝3,2
2025-04-12,pw01dud102021101428/9C,タキ,2025-04-27,牡4,5
2025-06-29,pw01dud102022100320/70,タキノボリ,2025-12-07,牡3,7
2025-02-23,pw01dud102022107067/CB,タギマサダス,2025-02-23,せん3,2
2025-08-02,pw01dud102021104510/F2,タクシンイメル,2025-12-21,牝4,7
2025-12-20,pw01dud102023100053/F2,タケウチビー,2025-12-20,牝2,3
2025-11-08,pw01dud102023100127/BF,タケショウカイザー,2025-11-08,牡2,1
2025-03-15,pw01dud102019101007/3A,タケトンボ,2025-08-10,牝6,5
2025-01-13,pw01dud102021100376/E6,タケノシンセイ,2025-07-19,牡4,8
2025-11-29,pw01dud102023106386/A8,タケノリダー,2025-11-29,牡2,1
2025-04-05,pw01dud102022101658/BA,タケノリッチ,2025-04-05,牝3,3
2025-05-18,pw01dud102021100884/05,タケルゴールド,2025-11-23,牡4,6
2025-02-22,pw01dud102022100866/57,タケルサバイバル,2025-05-18,牡3,5
2025-11-24,pw01dud102022100333/D9,タケルハーロック,2025-12-20,牡3,7
2025-09-27,pw01dud102023106077/78,タケルフォーカス,2025-12-14,牡2,2
2025-10-25,pw01dud102023105177/BA,タケルムサシ,2025-12-07,牡2,3
2025-01-19,pw01dud102019106335/C2,タシット,2025-12-21,牡6,6
2025-11-02,pw01dud102020103532/7D,タスティエーラ,2025-12-28,牡5,3
2025-08-30,pw01dud102021102049/5A,タッカー,2025-10-25,牡4,4
2025-06-14,pw01dud102022106261/8C,タッカージーティー,2025-12-20,牝3,6
2025-08-10,pw01dud102022100105/2D,タッカーバリアント,2025-09-13,牡3,10
2025-03-22,pw01dud102020104524/42,タッケンイッキ,2025-03-22,牡5,2
2025-02-08,pw01dud102022106801/52,タッセル,2025-02-08,牡3,1
2025-08-31,pw01dud102023107121/96,タッセルノット,2025-11-02,牝2,2
2025-07-05,pw01dud102021105106/BF,タッチアンドムーブ,2025-12-14,牡4,6
2025-01-19,pw01dud102020105998/31,タッチウッド,2025-06-14,牡5,3
2025-06-28,pw01dud102022105393/E4,タッチザシーリング,2025-08-23,牝3,5
2025-07-13,pw01dud102022101660/32,タッチダウン,2025-09-13,牝3,5
2025-06-14,pw01dud102020105670/E6,タッチャブル,2025-12-13,牡5,11
2025-10-25,pw01dud102021106401/02,タツアレックス,2025-12-06,牡4,2
2025-11-15,pw01dud102020104613/F0,タツダイヤモンド,2025-11-23,牡5,7
2025-10-19,pw01dud102022104257/50,タツブラック,2025-12-07,牡3,2
2025-06-28,pw01dud102020100606/7D,タナサンブラック,2025-09-13,牡5,7
2025-11-15,pw01dud102023102661/20,タナスーペルノーバ,2025-12-07,牡2,4
2025-04-12,pw01dud102022100195/BD,タナハシ,2025-08-16,牡3,6
2025-05-03,pw01dud102021105969/00,タナバタ,2025-06-01,牡4,8
2025-10-13,pw01dud102023103861/71,タナブイハチターボ,2025-12-21,牡2,4
2025-06-29,pw01dud102022102205/3C,タニセンダイヤ,2025-08-16,牝3,5
2025-06-28,pw01dud102021106057/40,タニセンドリーム,2025-12-21,牡4,5
2025-12-07,pw01dud102023101095/07,タニセンローマ,2025-12-21,牡2,2
2025-12-20,pw01dud102023101168/61,タビニュ,2025-12-20,牡2,1
2025-06-08,pw01dud102023101105/A8,タフクッキー,2025-06-08,牝2,1
2025-07-19,pw01dud102023100459/68,タフバディ,2025-08-10,牡2,2
2025-05-11,pw01dud102022102723/6B,タブロー,2025-08-03,牝3,7
2025-01-12,pw01dud102021100717/BD,タプファーアイ,2025-01-12,せん4,1
2025-02-02,pw01dud102022101606/84,タベザカリ,2025-06-08,牡3,3
2025-08-30,pw01dud102022105623/07,タマカヅラ,2025-12-27,牝3,9
2025-11-09,pw01dud102023105015/43,タマコロリン,2025-11-16,牝2,5
2025-08-23,pw01dud102022104505/AD,タマゴ,2025-08-23,牝3,5
2025-01-06,pw01dud102022104511/F1,タマモアオゾラ,2025-02-22,牡3,3
2025-11-16,pw01dud102023103162/8D,タマモイカロス,2025-12-20,牡2,6
2025-09-13,pw01dud102019104010/F2,タマモエース,2025-12-27,牡6,9
2025-07-19,pw01dud102022104512/64,タマモカンパネラ,2025-11-23,牝3,8
2025-07-26,pw01dud102021103197/E4,タマモキャリコ,2025-12-07,せん4,8
2025-07-27,pw01dud102022107126/49,タマモクリーガー,2025-09-13,牡3,3
2025-04-12,pw01dud102022103980/C3,タマモクロッシェ,2025-08-31,牝3,5
2025-08-16,pw01dud102022103621/43,タマモサイジョ,2025-08-31,牝3,3
2025-12-06,pw01dud102023103253/21,タマモシルエット,2025-12-06,牝2,1
2025-07-27,pw01dud102022103619/CB,タマモジャスミン,2025-12-06,牝3,11
2025-09-07,pw01dud102022104513/D7,タマモスノーダンス,2025-09-07,牝3,5
2025-02-01,pw01dud102018104332/FF,タマモダイジョッキ,2025-11-02,牡7,7
2025-04-12,pw01dud102022106439/56,タマモチャオ,2025-09-13,牝3,4
2025-10-25,pw01dud102023104727/A1,タマモチョコチップ,2025-10-25,牝2,1
2025-10-05,pw01dud102022104398/34,タマモティーカップ,2025-10-05,牝3,5
2025-10-13,pw01dud102022106199/23,タマモトリノ,2025-12-14,牡3,5
2025-03-16,pw01dud102021106177/91,タマモナポリ,2025-12-07,牝4,8
2025-06-14,pw01dud102020103991/2E,タマモネモフィラ,2025-07-12,牝5,5
2025-03-15,pw01dud102022101566/B3,タマモハヤブサ,2025-05-31,牡3,2
2025-11-08,pw01dud102023104231/0A,タマモヒロイン,2025-11-08,牝2,3
2025-12-21,pw01dud102023102448/C3,タマモビスケット,2025-12-21,牝2,1
2025-10-12,pw01dud102023102467/70,タマモフリージア,2025-10-12,牝2,1
2025-11-22,pw01dud102022106438/E3,タマモブラウンタイ,2025-12-13,牡3,6
2025-11-09,pw01dud102020105400/14,タマモブラックタイ,2025-11-09,牡5,7
2025-08-16,pw01dud102021103593/DC,タマモプルメリア,2025-10-18,牝4,6
2025-06-01,pw01dud102022101567/26,タマモペルリーナ,2025-09-07,牝3,3
2025-01-12,pw01dud102022107127/BC,タマモマサユメ,2025-08-17,牝3,5
2025-12-21,pw01dud102023106057/58,タマモマリアージュ,2025-12-21,牝2,1
2025-04-05,pw01dud102022104516/30,タマモミンミ,2025-04-05,牝3,1
2025-08-17,pw01dud102021101557/8A,タマモランプ,2025-12-20,牡4,7
2025-12-13,pw01dud102023104728/14,タマモレイメイ,2025-12-13,牝2,1
2025-07-06,pw01dud102020104861/BC,タマモロック,2025-11-30,牡5,6
2025-06-22,pw01dud102020104864/15,タマモヴェナトル,2025-09-20,牡5,3
2025-07-19,pw01dud102023101007/5D,タマリスペクト,2025-12-06,牡2,3
2025-08-24,pw01dud102021100650/A7,タミゼ,2025-11-02,牝4,8
2025-07-20,pw01dud102022102022/A1,タヤスアメリカン,2025-09-06,牡3,3
2025-07-27,pw01dud102022103993/2C,タヤスソーレ,2025-07-27,牝3,5
2025-06-29,pw01dud102023104232/7D,タヤスロレンヌ,2025-12-28,牝2,6
2025-01-06,pw01dud102022106707/D3,タランチュラ,2025-01-06,牡3,1
2025-06-29,pw01dud102020102784/26,タリエシン,2025-12-07,牡5,5
2025-08-10,pw01dud102021104618/BB,タリスマン,2025-12-14,牡4,5
2025-06-14,pw01dud102021103150/7F,タルタロス,2025-12-06,牡4,9
2025-04-19,pw01dud102022106122/8E,タルトポワール,2025-12-20,牝3,5
2025-02-15,pw01dud102022103319/38,タルバン,2025-02-23,牡3,2
2025-12-28,pw01dud102023102726/50,タロ,2025-12-28,牡2,1
2025-02-22,pw01dud102020102932/52,タロントゥーズ,2025-02-22,牡5,1
2025-10-13,pw01dud102023103643/D5,タワワ,2025-10-13,牝2,2
2025-07-05,pw01dud102022103334/19,タワークライマー,2025-08-03,せん3,5
2025-03-16,pw01dud102022106093/40,タワーリシチ,2025-03-16,牡3,1
2025-07-27,pw01dud102021105272/94,タンゴバイラリン,2025-10-11,牡4,6
2025-01-06,pw01dud102018100752/27,タンジェントアーク,2025-12-27,せん7,4
2025-08-10,pw01dud102022105251/8D,タンタンドル,2025-08-24,牝3,4
2025-07-26,pw01dud102022105171/7C,タンテドヴィーヴル,2025-12-27,牡3,8
2025-11-22,pw01dud102023101201/0D,タントレーベル,2025-12-27,牝2,2
2025-03-30,pw01dud102022100753/BD,タンバリュー,2025-09-13,牝3,3
2025-08-02,pw01dud102022110074/C7,タヴァネスタン,2025-09-14,牡3,2
2025-10-19,pw01dud102023106729/65,ターコイズテソーロ,2025-12-21,牝2,2
2025-02-15,pw01dud102021105356/71,ターコイズフリンジ,2025-06-01,牡4,3
2025-10-25,pw01dud102023104274/A3,タートルインメイ,2025-11-08,牝2,2
2025-10-25,pw01dud102018101894/6D,ターニングアップ,2025-11-01,牡7,6
2025-07-06,pw01dud102022104427/82,ターミネーター,2025-09-15,牡3,5
2025-08-23,pw01dud102022103277/81,タールベルク,2025-09-15,牡3,5
2025-07-06,pw01dud102022102638/89,ダイアナクイーン,2025-07-06,牝3,1
2025-08-30,pw01dud102021105432/B6,ダイオジェナイト,2025-12-14,牡4,5
2025-11-09,pw01dud102023107443/2F,ダイコクヤタエモン,2025-11-09,牡2,2
2025-06-14,pw01dud102022107180/F7,ダイゴセイリュウ,2025-08-02,牡3,7
2025-07-06,pw01dud102021100660/B7,ダイシンアポロン,2025-11-15,牡4,4
2025-06-14,pw01dud102016100158/9B,ダイシンクローバー,2025-06-14,せん9,1
2025-02-08,pw01dud102021106246/1F,ダイシンサンディー,2025-02-08,牝4,1
2025-06-21,pw01dud102023100708/38,ダイシンデリー,2025-07-19,牡2,2
2025-11-24,pw01dud102021106551/83,ダイシンネイビー,2025-11-24,牡4,2
2025-03-15,pw01dud102019101985/8D,ダイシンビヨンド,2025-10-11,牝6,10
2025-05-04,pw01dud102018100830/52,ダイシンピスケス,2025-06-21,牡7,3
2025-07-27,pw01dud102020101967/D2,ダイシンヤマト,2025-11-29,牡5,7
2025-08-03,pw01dud102023104257/DC,ダイシンヨーク,2025-11-23,牝2,5
2025-05-31,pw01dud102022101562/E7,ダイシンラー,2025-12-20,牡3,9
2025-05-17,pw01dud102022106699/18,ダイシンリンク,2025-12-27,牡3,13
2025-11-09,pw01dud102022106566/5E,ダイシンレアレア,2025-11-09,牡3,9
2025-10-05,pw01dud102023104317/CD,ダイシンレスター,2025-10-26,牡2,3
2025-11-15,pw01dud102021104861/48,ダイスアローリング,2025-11-15,牡4,3
2025-07-27,pw01dud102022101733/8C,ダイタエリュシオン,2025-12-20,牡3,7
2025-03-22,pw01dud102022101729/2E,ダイタシリウス,2025-03-22,牝3,1
2025-01-06,pw01dud102021102954/E4,ダイタジャスティス,2025-04-19,牡4,4
2025-01-25,pw01dud102021100625/B6,ダイチジェム,2025-01-25,牡4,1
2025-06-28,pw01dud102023109106/93,ダイチノナポリ,2025-07-19,牝2,3
2025-04-13,pw01dud102019102469/33,ダイチラファール,2025-10-19,牡6,7
2025-09-07,pw01dud102022100076/DF,ダイチラポール,2025-11-24,牡3,10
2025-08-03,pw01dud102022103177/50,ダイハッシュウ,2025-08-03,牡3,6
2025-11-01,pw01dud102023100921/95,ダイバーシティ,2025-11-01,牡2,1
2025-11-09,pw01dud102023101607/83,ダイメイクマモト,2025-11-09,牡2,1
2025-03-30,pw01dud102020101919/68,ダイメイセブン,2025-10-11,牡5,5
2025-06-28,pw01dud102022102237/52,ダイメイナガス,2025-09-07,牝3,3
2025-01-18,pw01dud102022102239/38,ダイメイハッピー,2025-06-08,牝3,4
2025-01-06,pw01dud102022104001/EC,ダイメイハマダ,2025-03-08,牡3,2
2025-10-26,pw01dud102023101606/10,ダイメイプリンス,2025-11-22,牡2,2
2025-10-26,pw01dud102023101605/9D,ダイメイミラクル,2025-10-26,牡2,1
2025-06-29,pw01dud102023106747/9F,ダイヤテソーロ,2025-11-15,牝2,7
2025-03-30,pw01dud102022100124/DA,ダイヤノエース,2025-09-15,牡3,6
2025-08-30,pw01dud102022105125/F8,ダイヤノゴトク,2025-08-30,牝3,7
2025-11-09,pw01dud102022101456/72,ダイヤモンド,2025-11-09,牡3,3
2025-11-08,pw01dud102023105685/D9,ダイヤモンドノット,2025-12-21,牡2,6
2025-03-22,pw01dud102022103209/F7,ダイヤモンドピラー,2025-03-22,牡3,1
2025-08-23,pw01dud102019109096/CF,ダイヤモンドフジ,2025-09-06,牡6,4
2025-09-07,pw01dud102021105577/66,ダイヤモンドレイン,2025-09-07,牝4,3
2025-10-25,pw01dud102023103298/A0,ダイユウアレグロ,2025-12-20,牡2,4
2025-12-07,pw01dud102023102809/BA,ダイユウサルターレ,2025-12-21,牡2,2
2025-08-02,pw01dud102021101211/05,ダイユウハミルトン,2025-08-23,牡4,2
2025-10-13,pw01dud102021101896/EA,ダイユウファリーナ,2025-10-13,牡4,1
2025-07-19,pw01dud102022105855/7F,ダイユウブルー,2025-07-19,牝3,1
2025-05-18,pw01dud102022101943/FE,ダイユウボンバー,2025-07-26,牝3,5
2025-02-22,pw01dud102022107169/E2,ダイユウルージュ,2025-03-08,牝3,3
2025-10-11,pw01dud102023105102/0B,ダイユウヴェンティ,2025-11-23,牝2,4
2025-06-29,pw01dud102023109109/EC,ダイラントウ,2025-07-19,牡2,3
2025-02-10,pw01dud102020104046/53,ダイリュウホマレ,2025-04-20,牝5,2
2025-06-14,pw01dud102022106694/D9,ダウントゥアース,2025-06-14,牡3,3
2025-08-09,pw01dud102020104336/D6,ダオラダオラ,2025-12-21,せん5,10
2025-02-09,pw01dud102022104378/14,ダカラフェスティヴ,2025-12-14,牝3,8
2025-08-17,pw01dud102022102153/75,ダガーリング,2025-11-22,牡3,6
2025-02-10,pw01dud102022110049/D6,ダシータピット,2025-07-19,牡3,5
2025-05-24,pw01dud102020106953/A1,ダスク,2025-10-26,牡5,4
2025-05-17,pw01dud102022100288/37,ダズラー,2025-07-20,牡3,2
2025-04-12,pw01dud102020105957/7E,ダズリングダンス,2025-11-08,せん5,10
2025-08-23,pw01dud102023101997/A6,ダズリングノット,2025-08-23,牡2,1
2025-05-18,pw01dud102020103688/B0,ダズリングブレイヴ,2025-11-08,せん5,6
2025-12-14,pw01dud102023104205/A6,ダズルオーロラ,2025-12-14,牝2,1
2025-11-22,pw01dud102023102589/A7,ダテオトコ,2025-12-06,牡2,3
2025-01-26,pw01dud102019103562/2E,ダテボレアス,2025-01-26,牡6,1
2025-05-04,pw01dud102021104673/DC,ダディーズアイル,2025-10-19,牡4,7
2025-07-06,pw01dud102022105619/A9,ダディーズグーグー,2025-09-06,牡3,8
2025-08-03,pw01dud102023103654/58,ダディーズサンクス,2025-11-29,牡2,2
2025-05-17,pw01dud102016100126/85,ダディーズトリップ,2025-12-07,牡9,7
2025-06-08,pw01dud102018105610/7B,ダディーズビビッド,2025-06-22,牡7,5
2025-04-19,pw01dud102022101431/13,ダニエルバローズ,2025-11-22,牡3,7
2025-07-19,pw01dud102020103679/13,ダニーデン,2025-11-08,牡5,3
2025-12-20,pw01dud102023106830/9B,ダノンアスコルティ,2025-12-20,牝2,1
2025-04-12,pw01dud102021105113/76,ダノンアトラス,2025-11-16,牡4,7
2025-01-18,pw01dud102021105567/56,ダノンアルム,2025-06-08,牝4,5
2025-11-09,pw01dud102022105687/33,ダノンアンチュラス,2025-11-09,牡3,5
2025-11-16,pw01dud102023107099/6D,ダノンアンドレ,2025-11-16,牡2,1
2025-02-15,pw01dud102019105376/86,ダノンアーリー,2025-03-29,せん6,2
2025-05-11,pw01dud102021105719/4E,ダノンウィルヘルム,2025-09-14,牡4,5
2025-05-10,pw01dud102021105817/99,ダノンエアズロック,2025-12-13,牡4,3
2025-04-26,pw01dud102022104893/EA,ダノンエンブレム,2025-11-08,牡3,4
2025-06-21,pw01dud102023103398/D1,ダノンオブアイデア,2025-12-20,牡2,2
2025-05-04,pw01dud102022104719/EB,ダノンカゼルタ,2025-08-23,牡3,3
2025-12-06,pw01dud102023105823/F5,ダノンカレラ,2025-12-06,牡2,1
2025-02-02,pw01dud102022104891/04,ダノンカローネ,2025-09-07,牡3,2
2025-06-21,pw01dud102021100171/45,ダノンキラウェア,2025-12-14,牡4,5
2025-11-01,pw01dud102023100181/6D,ダノンクラウディア,2025-11-01,牡2,1
2025-03-15,pw01dud102020102675/58,ダノンクロム,2025-11-09,牡5,7
2025-01-26,pw01dud102022105142/BF,ダノングレイ,2025-03-02,牡3,4
2025-02-15,pw01dud102021103223/D9,ダノンケイツー,2025-09-20,牡4,4
2025-11-24,pw01dud102020103121/36,ダノンゴーイチ,2025-11-24,牡5,3
2025-11-16,pw01dud102021101478/EC,ダノンザボルケーノ,2025-11-16,牡4,6
2025-11-22,pw01dud102023103470/4A,ダノンシーホーク,2025-11-22,牡2,2
2025-02-22,pw01dud102022104645/1E,ダノンシーマ,2025-11-22,牡3,5
2025-07-12,pw01dud102022105399/96,ダノンジャイアン,2025-12-06,牡3,7
2025-10-12,pw01dud102022104717/05,ダノンジャガー,2025-10-12,牡3,7
2025-01-25,pw01dud102019103005/32,ダノンジャッカル,2025-07-13,牡6,2
2025-08-17,pw01dud102022100658/CB,ダノンジョーカー,2025-12-14,牡3,4
2025-02-02,pw01dud102021105598/F9,ダノンスウィッチ,2025-12-21,牡4,9
2025-11-15,pw01dud102019103034/EF,ダノンスコーピオン,2025-11-15,牡6,4
2025-12-14,pw01dud102023105024/E0,ダノンステート,2025-12-14,牡2,1
2025-07-12,pw01dud102021104763/FD,ダノンストラーダ,2025-07-12,牡4,2
2025-02-23,pw01dud102020101633/43,ダノンセシボン,2025-02-23,牝5,1
2025-10-18,pw01dud102023100913/6B,ダノンセフィーロ,2025-10-18,牡2,2
2025-08-02,pw01dud102022104814/DD,ダノンセンチュリー,2025-11-15,牡3,5
2025-08-10,pw01dud102020103277/69,ダノンタッチダウン,2025-08-10,せん5,3
2025-03-22,pw01dud102018100410/6E,ダノンターキッシュ,2025-04-06,牡7,4
2025-12-21,pw01dud102023107041/85,ダノンテムズ,2025-12-21,牡2,1
2025-11-30,pw01dud102021105143/A6,ダノンデサイル,2025-12-28,牡4,3
2025-09-06,pw01dud102023106058/CB,ダノンドナウ,2025-10-05,牝2,2
2025-12-13,pw01dud102023107101/76,ダノンハドソン,2025-12-13,牡2,1
2025-10-26,pw01dud102023110038/DF,ダノンバーボン,2025-10-26,牡2,1
2025-06-08,pw01dud102023107005/11,ダノンヒストリー,2025-11-24,牡2,2
2025-08-17,pw01dud102022104980/B2,ダノンピクチャー,2025-08-17,牡3,3
2025-08-03,pw01dud102022104894/5D,ダノンフィオーレ,2025-11-29,牝3,3
2025-02-23,pw01dud102022100623/5C,ダノンフィーゴ,2025-12-21,牡3,7
2025-09-07,pw01dud102022105087/0D,ダノンフェアレディ,2025-11-23,牝3,6
2025-04-19,pw01dud102019105456/97,ダノンフューチャー,2025-06-14,牡6,4
2025-10-25,pw01dud102019104080/62,ダノンフロイデ,2025-12-14,牡6,7
2025-02-09,pw01dud102022105281/BD,ダノンブギ,2025-11-29,牡3,4
2025-10-26,pw01dud102022105334/F7,ダノンブランニュー,2025-11-01,牡3,9
2025-01-13,pw01dud102019101618/E3,ダノンブリザード,2025-01-13,牡6,1
2025-02-10,pw01dud102018104665/1B,ダノンブレット,2025-02-10,牡7,1
2025-08-09,pw01dud102022104895/D0,ダノンブロッサム,2025-08-09,牝3,4
2025-03-15,pw01dud102022101434/6C,ダノンプリマ,2025-12-28,牝3,8
2025-11-15,pw01dud102023105295/25,ダノンプレサージュ,2025-12-13,牝2,2
2025-11-29,pw01dud102023107239/6F,ダノンプレリュード,2025-11-29,牝2,2
2025-09-28,pw01dud102023107102/E9,ダノンベルビュー,2025-12-27,牝2,3
2025-08-31,pw01dud102019105195/D1,ダノンベルーガ,2025-11-30,牡6,2
2025-04-12,pw01dud102020103453/DF,ダノンペドロ,2025-06-15,せん5,5
2025-02-15,pw01dud102021105639/3D,ダノンホイットニー,2025-11-22,牝4,4
2025-01-05,pw01dud102022103459/A9,ダノンポセイドン,2025-04-27,牡3,2
2025-05-04,pw01dud102021105965/34,ダノンマカルー,2025-05-04,せん4,1
2025-11-16,pw01dud102023110093/00,ダノンマスタング,2025-11-16,牡2,1
2025-09-28,pw01dud102021105774/6F,ダノンマッキンリー,2025-12-27,牡4,3
2025-02-10,pw01dud102018104586/7D,ダノンマデイラ,2025-02-10,牡7,1
2025-08-31,pw01dud102022105478/34,ダノンミッション,2025-09-06,牡3,6
2025-12-27,pw01dud102023105335/F6,ダノンミッドナイト,2025-12-27,牡2,1
2025-04-27,pw01dud102022101484/BC,ダノンメナージュ,2025-05-18,牡3,3
2025-11-15,pw01dud102021100158/4A,ダノンモンテローザ,2025-11-15,せん4,4
2025-08-23,pw01dud102022110084/D7,ダノンラッセル,2025-08-23,牡3,2
2025-08-30,pw01dud102022105138/61,ダノンリュラ,2025-10-19,牝3,6
2025-09-06,pw01dud102023107103/5C,ダノンルミエール,2025-09-28,牝2,2
2025-05-10,pw01dud102021105654/1E,ダノンロッキー,2025-12-21,牡4,5
2025-11-09,pw01dud102022103242/12,ダノンヴェステル,2025-11-09,牡3,4
2025-11-02,pw01dud102023101303/24,ダブルインカム,2025-11-02,牝2,1
2025-03-30,pw01dud102022105005/A7,ダブルイーグル,2025-03-30,牡3,1
2025-08-30,pw01dud102022101080/2C,ダブルシルバー,2025-08-30,牡3,8
2025-08-02,pw01dud102021105221/D1,ダブルジャッジ,2025-08-02,牡4,5
2025-02-02,pw01dud102020110026/45,ダブルジョーク,2025-12-27,牡5,8
2025-05-18,pw01dud102022102632/D7,ダブルスチール,2025-05-25,牝3,4
2025-10-25,pw01dud102023104875/3C,ダブルチャレンジ,2025-12-06,牝2,4
2025-09-07,pw01dud102023106250/95,ダブルデライト,2025-12-06,牝2,2
2025-06-07,pw01dud102022103314/F9,ダブルドラゴン,2025-06-07,牡3,5
2025-01-11,pw01dud102021105700/33,ダブルハートボンド,2025-12-07,牝4,5
2025-04-26,pw01dud102022106337/3F,ダブルメッセージ,2025-12-14,牡3,8
2025-02-09,pw01dud102020103270/44,ダミエ,2025-12-06,牡5,7
2025-07-12,pw01dud102020103393/EE,ダルエスサラーム,2025-09-28,牝5,5
2025-09-28,pw01dud102019104561/AA,ダルダヌス,2025-09-28,牡6,2
2025-05-31,pw01dud102022106933/99,ダルドワーズ,2025-05-31,牝3,2
2025-07-06,pw01dud102022105978/29,ダンクバローズ,2025-07-06,牡3,1
2025-05-10,pw01dud102022105288/E2,ダングラール,2025-05-25,牡3,5
2025-07-26,pw01dud102022104722/D6,ダンケルド,2025-12-20,牡3,4
2025-09-14,pw01dud102023102336/9C,ダンシングアウェイ,2025-12-20,牡2,2
2025-08-02,pw01dud102023106127/59,ダンシングドール,2025-12-06,牝2,5
2025-11-08,pw01dud102023105430/E8,ダンジョンヒーロー,2025-11-08,牡2,2
2025-04-13,pw01dud102022105841/A3,ダンスデュヴァン,2025-08-24,牡3,5
2025-01-12,pw01dud102022101750/53,ダンタリオン,2025-03-15,牡3,2
2025-08-10,pw01dud102022103175/6A,ダンツアトム,2025-08-10,牡3,5
2025-11-02,pw01dud102023104027/4A,ダンツアラーム,2025-11-29,牝2,2
2025-10-19,pw01dud102023102901/53,ダンツウルス,2025-12-07,牡2,4
2025-04-20,pw01dud102019106399/EE,ダンツエスプリ,2025-12-07,牡6,7
2025-05-31,pw01dud102022103304/E9,ダンツエラン,2025-11-02,牝3,7
2025-10-19,pw01dud102023104337/ED,ダンツカレン,2025-10-19,牝2,1
2025-12-14,pw01dud102023104848/65,ダンツシタン,2025-12-14,牡2,4
2025-11-09,pw01dud102021104314/5C,ダンツティアラ,2025-11-29,牡4,3
2025-05-24,pw01dud102022100021/50,ダンツトラバース,2025-08-23,牡3,7
2025-11-15,pw01dud102021100112/58,ダンツドール,2025-11-15,牝4,2
2025-08-09,pw01dud102020101712/E1,ダンツビガー,2025-08-09,牡5,3
2025-08-17,pw01dud102022102982/BA,ダンツファイター,2025-12-14,牡3,6
2025-08-02,pw01dud102022106685/3C,ダンツファントム,2025-08-02,牡3,3
2025-03-16,pw01dud102022107003/9F,ダンツリーザ,2025-06-15,牝3,3
2025-04-13,pw01dud102019106933/02,ダンテスヴュー,2025-10-25,牡6,4
2025-07-06,pw01dud102020104661/5A,ダンテバローズ,2025-12-14,牡5,5
2025-09-07,pw01dud102016102175/40,ダンディズム,2025-12-13,せん9,7
2025-10-18,pw01dud102023103886/D0,ダンデノン,2025-10-18,牝2,1
2025-02-02,pw01dud102022101505/E0,ダントレ,2025-02-02,牡3,1
2025-08-10,pw01dud102022104217/10,ダーカザンブラック,2025-08-10,牝3,4
2025-07-12,pw01dud102019106739/52,ダークエクリプス,2025-12-21,牡6,8
2025-02-15,pw01dud102022101956/67,ダークスピリット,2025-06-01,牡3,3
2025-07-27,pw01dud102020103655/27,ダークブロンド,2025-12-21,牝5,8
2025-09-06,pw01dud102022100974/B2,ダークホース,2025-09-06,牝3,2
2025-10-04,pw01dud102023100933/8B,ダークマルス,2025-11-16,牡2,2
2025-07-27,pw01dud102022110031/2E,ダークメモリー,2025-08-09,牝3,3
2025-08-17,pw01dud102020100656/CD,ダークンストーミー,2025-11-09,牡5,7
2025-06-22,pw01dud102023107179/7E,ダーリングハースト,2025-06-22,牝2,1
2025-11-15,pw01dud102023100730/D0,ダーリンダーリン,2025-12-07,牝2,4
2025-10-05,pw01dud102023104471/AC,チアファンファーレ,2025-10-05,牝2,1
2025-02-02,pw01dud102022101600/D2,チアフォーアス,2025-02-22,牝3,2
2025-03-15,pw01dud102021101634/42,チアフルヴォイス,2025-06-07,牝4,3
2025-04-13,pw01dud102017103295/0C,チェアリングソング,2025-04-13,せん8,2
2025-08-09,pw01dud102023104603/84,チェイサー,2025-12-28,牡2,5
2025-07-13,pw01dud102021106370/CE,チェイスザウィンド,2025-10-18,牡4,7
2025-06-29,pw01dud102020104111/15,チェイスザウェイ,2025-08-30,牝5,6
2025-07-13,pw01dud102022103774/1D,チェインズモーカー,2025-08-30,牡3,4
2025-08-10,pw01dud102023100770/10,チェストー,2025-12-28,牡2,2
2025-03-16,pw01dud102022103854/2E,チェリスト,2025-08-02,牡3,3
2025-10-18,pw01dud102023104387/3D,チェリヴェント,2025-11-30,牡2,4
2025-08-24,pw01dud102023101675/0D,チェリーブルーム,2025-09-13,牝2,2
2025-07-05,pw01dud102021106724/0E,チェルシー,2025-12-28,牝4,5
2025-07-27,pw01dud102019104732/4F,チェルノボーグ,2025-12-21,せん6,8
2025-05-11,pw01dud102022105778/C7,チェルビアット,2025-12-20,牝3,7
2025-08-30,pw01dud102023107106/B5,チェルヴァーラ,2025-08-30,牡2,2
2025-10-05,pw01dud102021105643/9B,チェルヴィニア,2025-11-23,牝4,4
2025-07-13,pw01dud102022101631/75,チェンジオブハート,2025-08-30,牡3,7
2025-05-25,pw01dud102022104958/1A,チェントポルテ,2025-08-10,牝3,3
2025-08-02,pw01dud102023105919/C8,チェンドル,2025-11-23,牝2,5
2025-05-04,pw01dud102022110150/0C,チカクール,2025-05-04,牝3,3
2025-12-14,pw01dud102021103868/7E,チカッパ,2025-12-14,牡4,1
2025-11-08,pw01dud102020102537/CD,チカポコ,2025-11-08,牝5,6
2025-07-26,pw01dud102023105220/76,チカマヨルキーナ,2025-08-10,牝2,2
2025-11-15,pw01dud102021103225/BF,チカミリオン,2025-11-15,牝4,6
2025-11-24,pw01dud102022105429/57,チギリ,2025-12-14,牝3,7
2025-05-04,pw01dud102022102731/95,チケットトゥヘブン,2025-05-04,牡3,3
2025-07-26,pw01dud102021101928/91,チザルピーノ,2025-07-26,せん4,4
2025-10-25,pw01dud102023102621/E0,チッタデラモーレ,2025-12-21,牡2,4
2025-05-03,pw01dud102022105432/42,チッピンガム,2025-05-03,牝3,3
2025-07-05,pw01dud102022100508/4A,チハヤフル,2025-07-05,牝3,3
2025-05-24,pw01dud102021105209/49,チビノシエラザード,2025-10-19,牝4,6
2025-05-31,pw01dud102022102395/FD,チムグクル,2025-11-09,牡3,7
2025-01-11,pw01dud102022110051/4E,チムニートップス,2025-12-07,牡3,6
2025-01-12,pw01dud102022101656/D4,チムニーパイプ,2025-08-23,牝3,7
2025-08-09,pw01dud102020104778/C0,チャイボーグ,2025-12-27,牝5,21
2025-03-02,pw01dud102019102953/66,チャコワールド,2025-03-30,牡6,2
2025-04-19,pw01dud102021103257/D5,チャコール,2025-11-22,牝4,5
2025-08-03,pw01dud102023101527/72,チャチャコマニ,2025-11-02,牝2,2
2025-11-09,pw01dud102023105572/3F,チャチャット,2025-12-20,牝2,4
2025-10-19,pw01dud102022104176/CC,チャチャピンク,2025-11-30,牡3,9
2025-01-26,pw01dud102018104609/87,チャックネイト,2025-12-06,せん7,4
2025-04-12,pw01dud102022101146/CF,チャットケリー,2025-08-09,牝3,5
2025-10-19,pw01dud102023103319/C4,チャナッカレ,2025-11-01,牝2,2
2025-06-21,pw01dud102023107389/F0,チャリングクロス,2025-10-12,牡2,2
2025-06-28,pw01dud102022100261/F2,チャレッソ,2025-06-28,牡3,1
2025-07-26,pw01dud102022105158/81,チャロ,2025-09-21,牡3,4
2025-08-09,pw01dud102022104763/89,チャンキーバングル,2025-09-15,牝3,5
2025-05-10,pw01dud102022105517/92,チャンドラマハル,2025-05-25,牝3,2
2025-08-10,pw01dud102021106369/C9,チャンネルトンネル,2025-12-07,牡4,9
2025-10-19,pw01dud102023100325/3B,チャンピオンホース,2025-12-28,牡2,4
2025-01-05,pw01dud102022102964/80,チャンピオンリボン,2025-03-22,牝3,2
2025-11-15,pw01dud102021101702/5D,チャージドアップ,2025-11-15,牝4,2
2025-11-16,pw01dud102023101227/DF,チャーミングアイ,2025-12-27,牝2,4
2025-02-22,pw01dud102022101665/71,チャーミングドール,2025-02-22,牝3,1
2025-08-02,pw01dud102023107109/0E,チャームドウイング,2025-08-24,牡2,2
2025-07-26,pw01dud102023105351/4A,チャーリー,2025-12-14,牡2,4
2025-01-19,pw01dud102022102252/33,チャールズテソーロ,2025-01-25,牡3,2
2025-08-10,pw01dud102022100255/AE,チュウジョウ,2025-08-10,牡3,6
2025-01-26,pw01dud102019102395/66,チュウワエース,2025-02-22,牡6,2
2025-10-11,pw01dud102023103895/6D,チュウワカーネギー,2025-11-24,牡2,3
2025-04-12,pw01dud102021102295/40,チュウワキャリア,2025-04-12,牝4,2
2025-08-24,pw01dud102022102280/7D,チュウワクリスエス,2025-12-07,牡3,10
2025-02-23,pw01dud102020102391/19,チュウワスプリング,2025-03-16,牝5,2
2025-05-25,pw01dud102021102294/CD,チュウワダイオウ,2025-10-19,せん4,4
2025-01-06,pw01dud102019105154/1E,チュウワダンス,2025-01-06,牝6,1
2025-04-26,pw01dud102022110117/F1,チュウワチーフ,2025-11-23,牡3,9
2025-02-02,pw01dud102020102964/68,チュウワハート,2025-02-02,牡5,1
2025-10-19,pw01dud102023106766/4C,チュウワメロディー,2025-12-13,牡2,4
2025-07-06,pw01dud102020101893/05,チュウワモーニング,2025-07-06,牝5,6
2025-03-23,pw01dud102022107397/8E,チュウワロンドン,2025-09-15,牡3,4
2025-07-27,pw01dud102022105749/0A,チュッチュポッポ,2025-08-09,牝3,5
2025-06-22,pw01dud102022103892/88,チュラット,2025-06-22,牝3,5
2025-04-20,pw01dud102022102097/50,チュラビックタイム,2025-07-20,牡3,6
2025-06-28,pw01dud102023104607/50,チュラヴェール,2025-12-27,牝2,5
2025-01-19,pw01dud102022104467/C2,チュンビーム,2025-02-02,牝3,2
2025-02-08,pw01dud102022104918/DA,チューラワンサ,2025-12-07,牝3,5
2025-10-11,pw01dud102023102154/74,チョウギャル,2025-10-11,牝2,1
2025-11-15,pw01dud102023104226/39,チョウスター,2025-12-06,牝2,2
2025-01-25,pw01dud102022106215/08,チョウハクタカ,2025-03-15,牝3,2
2025-01-05,pw01dud102022100897/FA,チョウハチ,2025-05-10,牡3,3
2025-01-11,pw01dud102022102833/AC,チョウヒカリ,2025-01-11,牝3,1
2025-06-28,pw01dud102023103490/6A,チョウブク,2025-06-28,牡2,1
2025-08-10,pw01dud102023100154/96,チョウモーレツ,2025-09-13,牝2,3
2025-08-17,pw01dud102022100491/84,チョウリニア,2025-08-17,牝3,5
2025-12-20,pw01dud102023107263/ED,チョコスコーン,2025-12-20,牝2,1
2025-01-11,pw01dud102019103960/0C,チョコレートミルク,2025-01-11,牡6,1
2025-07-26,pw01dud102021106472/E5,チョメチョメ,2025-07-26,牡4,4
2025-06-29,pw01dud102022104533/F7,チョングク,2025-11-01,牡3,10
2025-07-26,pw01dud102022104905/71,チリーゴールド,2025-12-06,牝3,7
2025-08-02,pw01dud102022104809/0C,チルウィズミー,2025-08-02,牝3,3
2025-07-12,pw01dud102021105384/BB,チルカーノ,2025-10-19,牝4,5
2025-11-16,pw01dud102022106465/BA,チンプンカンプン,2025-12-14,牡3,6
2025-12-13,pw01dud102023105429/E3,チームユートピア,2025-12-13,牝2,1
2025-11-08,pw01dud102023105677/AF,ツァレヴナ,2025-11-08,牝2,3
2025-04-19,pw01dud102020102269/50,ツィスカリーゼ,2025-12-13,牡5,12
2025-10-11,pw01dud102023101125/C8,ツイスティドシルク,2025-12-13,牡2,2
2025-08-10,pw01dud102022105956/23,ツインギ,2025-08-10,牝3,5
2025-04-27,pw01dud102021103512/E9,ツインクルステージ,2025-12-06,牝4,9
2025-08-10,pw01dud102020103915/7A,ツインクルトーズ,2025-11-09,牝5,7
2025-11-02,pw01dud102023103438/A2,ツインドライヴ,2025-11-02,牡2,1
2025-08-24,pw01dud102020102949/87,ツインビスケッツ,2025-08-24,牝5,4
2025-07-13,pw01dud102022104179/25,ツインピークス,2025-12-27,牝3,5
2025-10-19,pw01dud102023104341/4B,ツウキンカイソク,2025-12-20,牡2,4
2025-02-15,pw01dud102022103881/05,ツキノアカリ,2025-12-27,牝3,7
2025-11-09,pw01dud102023105539/24,ツキノコブネ,2025-11-09,牡2,1
2025-08-16,pw01dud102023103569/76,ツキノマバタキ,2025-11-30,牝2,4
2025-12-06,pw01dud102023102721/11,ツクバアヴァロン,2025-12-06,牡2,1
2025-01-12,pw01dud102022101788/1B,ツクバスマイリー,2025-01-12,牝3,1
2025-09-28,pw01dud102023101037/8D,ツクバヴァンガード,2025-09-28,牡2,1
2025-04-26,pw01dud102019100249/D3,ツッチーフェイス,2025-12-20,牝6,7
2025-07-06,pw01dud102023100686/A1,ツトムユニバース,2025-07-26,牡2,2
2025-10-12,pw01dud102021102707/8B,ツマヤ,2025-10-12,牡4,1
2025-11-22,pw01dud102022105887/95,ツリートップムーン,2025-11-22,牡3,6
2025-11-16,pw01dud102023103528/C3,ツルノマイハシ,2025-12-28,牝2,5
2025-05-03,pw01dud102021102106/F2,ツルマウカタチ,2025-11-29,牡4,7
2025-12-20,pw01dud102023100340/1C,ツーエムアスリート,2025-12-20,牡2,1
2025-08-02,pw01dud102022103651/73,ツーエムクロノス,2025-12-06,牡3,12
2025-12-20,pw01dud102023104454/E5,ツーエムボヌール,2025-12-20,牝2,7
2025-05-18,pw01dud102020105635/E5,ツークフォーゲル,2025-12-06,牡5,3
2025-07-12,pw01dud102021105584/1D,ツーネサーン,2025-11-09,牡4,5
2025-11-15,pw01dud102022103448/26,ツーピース,2025-12-14,牝3,10
2025-04-27,pw01dud102022100182/54,ティアップドライブ,2025-11-23,牡3,7
2025-08-16,pw01dud102022100183/C7,ティアップマッハ,2025-08-16,牝3,6
2025-06-29,pw01dud102018103133/21,ティアップリオン,2025-06-29,牡7,4
2025-08-30,pw01dud102023103622/42,ティアーズクィーン,2025-09-20,牝2,3
2025-01-11,pw01dud102020102658/91,ティエラサンタ,2025-01-11,牡5,1
2025-11-08,pw01dud102023107092/48,ティタノマキア,2025-11-08,牝2,2
2025-04-26,pw01dud102022105866/02,ティティナ,2025-11-22,牝3,4
2025-11-22,pw01dud102023103771/50,ティナンヴァランタ,2025-12-20,牝2,4
2025-06-28,pw01dud102020110090/03,ティニア,2025-12-07,牡5,6
2025-07-05,pw01dud102022105376/1D,ティピティーナ,2025-11-09,牝3,4
2025-08-24,pw01dud102023105139/60,ティブロン,2025-11-29,牡2,6
2025-08-03,pw01dud102022110147/21,ティプタラ,2025-08-30,牡3,3
2025-02-16,pw01dud102020103048/4A,ティムール,2025-12-21,牡5,8
2025-02-01,pw01dud102022105246/BC,ティラトーレ,2025-05-11,牝3,5
2025-11-15,pw01dud102023101855/4F,ティラーノ,2025-11-24,牡2,3
2025-07-12,pw01dud102020110132/BA,ティルドーン,2025-07-12,牡5,5
2025-03-08,pw01dud102022100137/43,ティルナノーグ,2025-04-06,牡3,3
2025-10-19,pw01dud102023106994/F8,ティルベリー,2025-12-20,牝2,2
2025-05-03,pw01dud102021104994/02,ティンク,2025-09-15,牝4,7
2025-10-19,pw01dud102023107042/F8,ティンクルバレット,2025-10-19,牝2,1
2025-01-06,pw01dud102021104302/66,ティンティンデオ,2025-03-29,牡4,3
2025-10-18,pw01dud102023104285/26,ティンバーライン,2025-10-18,牡2,2
2025-10-13,pw01dud102023102065/C6,ティンブロポップ,2025-10-13,牝2,1
2025-12-06,pw01dud102023101167/EE,ティーエンティー,2025-12-27,牡2,2
2025-05-10,pw01dud102020104162/D8,ティータイム,2025-07-12,牝5,6
2025-05-03,pw01dud102017103381/61,ティートラップ,2025-08-23,牡8,4
2025-07-13,pw01dud102020106788/AE,ティーラミレス,2025-08-24,牝5,6
2025-12-07,pw01dud102023100448/E5,テイエムアイラン,2025-12-20,牝2,4
2025-02-09,pw01dud102017102603/6B,テイエムイダテン,2025-02-09,牡8,1
2025-07-05,pw01dud102018102822/06,テイエムエメラルド,2025-11-22,牝7,7
2025-06-08,pw01dud102022100891/48,テイエムカナロア,2025-06-08,牡3,1
2025-10-18,pw01dud102023101336/AD,テイエムカミカゼ,2025-10-18,牝2,1
2025-07-26,pw01dud102023102583/F5,テイエムキハク,2025-10-13,牡2,2
2025-02-01,pw01dud102022103505/BE,テイエムコジーン,2025-03-02,牡3,2
2025-10-12,pw01dud102023101704/5B,テイエムゴッホ,2025-11-02,牡2,2
2025-11-01,pw01dud102023102576/3E,テイエムサンレーヴ,2025-12-20,牡2,2
2025-01-11,pw01dud102019107031/52,テイエムシップ,2025-01-11,牡6,1
2025-05-03,pw01dud102019100083/FF,テイエムシニスター,2025-05-03,牡6,5
2025-05-04,pw01dud102022101540/E1,テイエムジェネラル,2025-05-04,牡3,4
2025-12-14,pw01dud102023104034/01,テイエムスティール,2025-12-14,牝2,1
2025-05-25,pw01dud102019103422/BD,テイエムスパーダ,2025-11-30,牝6,6
2025-11-15,pw01dud102023106712/30,テイエムスワーブ,2025-11-15,牝2,2
2025-04-19,pw01dud102018104463/D3,テイエムタツマキ,2025-04-19,牡7,3
2025-06-21,pw01dud102021109043/31,テイエムタリスマ,2025-10-18,牡4,8
2025-10-26,pw01dud102022100329/7B,テイエムタワードン,2025-10-26,せん3,8
2025-05-17,pw01dud102022103744/ED,テイエムダイスター,2025-05-17,牝3,4
2025-05-11,pw01dud102022103678/B8,テイエムダイタカ,2025-09-13,牡3,9
2025-12-14,pw01dud102023101329/F6,テイエムテンジン,2025-12-14,牡2,1
2025-04-13,pw01dud102021102160/A0,テイエムデンセツ,2025-06-08,牡4,5
2025-08-17,pw01dud102018103105/D7,テイエムトッキュウ,2025-08-17,牡7,3
2025-05-25,pw01dud102022103761/B4,テイエムトップバン,2025-06-29,牝3,2
2025-01-06,pw01dud102022106379/65,テイエムドリーマー,2025-09-15,牝3,6
2025-02-23,pw01dud102022100064/E9,テイエムドレミラン,2025-03-22,牡3,4
2025-05-03,pw01dud102019102826/5E,テイエムナイスラン,2025-08-30,牡6,5
2025-01-12,pw01dud102022103749/2C,テイエムバゴオウ,2025-07-06,牡3,6
2025-08-17,pw01dud102023102610/5D,テイエムパイロダン,2025-11-08,牡2,4
2025-07-13,pw01dud102022103775/90,テイエムパイロット,2025-11-23,牡3,10
2025-01-25,pw01dud102022103782/47,テイエムパンサー,2025-06-29,牝3,3
2025-08-30,pw01dud102020101216/B8,テイエムヒショウ,2025-09-28,牡5,5
2025-04-26,pw01dud102022103747/46,テイエムファラオ,2025-04-26,牡3,3
2025-05-10,pw01dud102022103742/07,テイエムファルクス,2025-05-10,牡3,1
2025-10-12,pw01dud102023104905/FD,テイエムプレミラン,2025-10-12,牡2,2
2025-01-11,pw01dud102021100273/5C,テイエムボビーダン,2025-01-11,牡4,1
2025-01-13,pw01dud102018103005/A6,テイエムマジック,2025-12-20,牡7,8
2025-02-22,pw01dud102019106632/FC,テイエムランウェイ,2025-10-19,牡6,6
2025-02-16,pw01dud102021103725/B4,テイエムリステット,2025-11-30,牡4,7
2025-11-15,pw01dud102023105623/93,テイエムリチャード,2025-11-15,牝2,1
2025-12-13,pw01dud102023101334/C7,テイエムロングダン,2025-12-21,牡2,2
2025-07-27,pw01dud102022101936/47,テイオームサシ,2025-10-11,牡3,5
2025-08-16,pw01dud102021101088/38,テイキットイージー,2025-11-24,牡4,9
2025-08-02,pw01dud102022106647/E2,テイクイットオール,2025-11-15,牡3,8
2025-10-26,pw01dud102023102019/42,テイクオンミー,2025-12-27,牡2,2
2025-04-27,pw01dud102021102379/1D,テイクザクラウン,2025-11-23,牡4,8
2025-06-15,pw01dud102023103707/92,テイクザスローン,2025-12-20,牡2,4
2025-06-14,pw01dud102022106356/EC,テイケイウル,2025-06-14,牝3,3
2025-10-19,pw01dud102023100909/0D,テイスティング,2025-12-20,牡2,4
2025-06-28,pw01dud102018104714/89,テイデ,2025-09-15,せん7,4
2025-10-25,pw01dud102021102273/3A,テイラーテソーロ,2025-12-28,牡4,2
2025-02-16,pw01dud102021105757/A8,テウメッサ,2025-12-28,牝4,5
2025-07-13,pw01dud102022101568/99,テキサスツイスター,2025-07-13,牡3,3
2025-10-05,pw01dud102023102123/D1,テキサスバローズ,2025-10-05,牡2,1
2025-04-12,pw01dud102021100718/30,テキーラワルツ,2025-08-31,牝4,7
2025-09-06,pw01dud102022101240/4E,テクスチャー,2025-09-06,牝3,3
2025-03-29,pw01dud102022105412/22,テクニコス,2025-03-29,牡3,1
2025-05-10,pw01dud102021104280/CF,テクネチウム,2025-11-15,牡4,6
2025-01-05,pw01dud102022104148/82,テクノグルーヴ,2025-01-05,牡3,1
2025-05-04,pw01dud102020102950/8C,テクノデザイン,2025-12-21,牝5,7
2025-12-07,pw01dud102023102739/B9,テクノピーチ,2025-12-07,牝2,1
2025-12-14,pw01dud102023104223/E0,テクノラッシュ,2025-12-14,牡2,1
2025-12-07,pw01dud102023102132/6E,テスタヴェローチェ,2025-12-20,牡2,2
2025-01-05,pw01dud102022103686/E2,テスティモーネ,2025-12-14,牡3,9
2025-11-08,pw01dud102023104102/1C,テセラグラディウス,2025-11-29,牝2,3
2025-02-09,pw01dud102021100338/8C,テセラリアン,2025-12-07,牝4,5
2025-02-22,pw01dud102022105860/50,テソリーノ,2025-09-13,牡3,5
2025-01-18,pw01dud102022104966/44,テットドール,2025-08-16,牝3,4
2025-05-03,pw01dud102021104999/41,テトラード,2025-08-24,牡4,4
2025-12-07,pw01dud102023100480/8D,テムホウサク,2025-12-28,牝2,2
2025-10-19,pw01dud102023102548/F4,テラシエスタ,2025-10-19,牡2,2
2025-08-10,pw01dud102020104083/3A,テラステラ,2025-12-14,牡5,9
2025-07-27,pw01dud102021105127/52,テラメリタ,2025-12-28,牝4,7
2025-06-14,pw01dud102021104189/A9,テリオスサラ,2025-07-19,牝4,7
2025-08-17,pw01dud102021104037/42,テリオスソラ,2025-08-17,牝4,3
2025-10-11,pw01dud102023102859/0A,テリオスヒナ,2025-12-21,牝2,3
2025-01-13,pw01dud102022100534/AE,テリオスミナ,2025-04-06,牝3,3
2025-08-02,pw01dud102022104812/F7,テリオスララ,2025-10-19,牝3,3
2025-12-28,pw01dud102023101796/D1,テリオスリコ,2025-12-28,牝2,1
2025-04-19,pw01dud102022100896/87,テリオスルナ,2025-05-24,牝3,5
2025-08-09,pw01dud102023104449/14,テリオスルミ,2025-12-06,牝2,3
2025-08-02,pw01dud102021105491/A3,テリオスルル,2025-08-02,牝4,5
2025-08-03,pw01dud102023106854/87,テリオスレイ,2025-08-03,牝2,1
2025-07-13,pw01dud102021110127/75,テリフィックプラン,2025-10-05,牡4,5
2025-01-13,pw01dud102022105486/5E,テルアスワッド,2025-10-13,牡3,6
2025-08-10,pw01dud102022106853/88,テルケンユミカグラ,2025-08-10,牝3,5
2025-02-15,pw01dud102022105325/5A,テルケンユミクイン,2025-12-20,牝3,5
2025-08-17,pw01dud102022102015/EA,テルケンユミグラス,2025-08-17,牝3,2
2025-08-10,pw01dud102022102016/5D,テルケンレングレー,2025-08-10,牡3,4
2025-07-20,pw01dud102023100954/1E,テルケンレンスキー,2025-12-07,牡2,5
2025-06-28,pw01dud102022105932/37,テルケンレンスター,2025-08-17,牡3,4
2025-03-23,pw01dud102022102764/1E,テルケンレンチャオ,2025-03-23,牡3,1
2025-07-13,pw01dud102022104566/80,テルバスタ,2025-07-13,牝3,1
2025-11-24,pw01dud102023100627/B4,テルヒコウ,2025-11-24,牡2,2
2025-08-03,pw01dud102022102565/2F,テルモピュライ,2025-08-03,牡3,3
2025-04-20,pw01dud102022100295/EE,テルモプシス,2025-04-20,牝3,1
2025-01-25,pw01dud102022104998/5A,テルユアワールド,2025-04-20,牝3,3
2025-12-21,pw01dud102023104355/27,テルヴィセクス,2025-12-21,牡2,3
2025-05-03,pw01dud102022104885/C0,テレサ,2025-10-19,牝3,5
2025-08-03,pw01dud102022100457/F6,テレプシコーラ,2025-12-13,牝3,8
2025-01-06,pw01dud102018100247/61,テンウォークライ,2025-01-06,牡7,1
2025-01-13,pw01dud102021105637/57,テンエースワン,2025-11-30,牡4,5
2025-11-15,pw01dud102023104105/75,テンオンスゴールド,2025-11-15,牡2,3
2025-01-13,pw01dud102020102959/97,テンカオーライ,2025-10-13,牡5,6
2025-12-07,pw01dud102021102729/91,テンカジョウ,2025-12-07,牝4,1
2025-10-04,pw01dud102023104927/03,テンカムテキ,2025-12-14,牡2,3
2025-11-29,pw01dud102023104554/16,テンカラットレター,2025-11-29,牡2,1
2025-02-23,pw01dud102021104464/DD,テンクウジョー,2025-09-28,牡4,5
2025-08-09,pw01dud102020102081/76,テンクウハット,2025-09-06,牝5,6
2025-04-12,pw01dud102019103042/19,テンクウフラワー,2025-07-13,牝6,3
2025-03-08,pw01dud102022104286/0D,テングリ,2025-03-08,牝3,1
2025-10-25,pw01dud102023103436/BC,テンタイムトップ,2025-12-13,牝2,2
2025-04-20,pw01dud102022104827/46,テンダリー,2025-05-11,牡3,3
2025-05-24,pw01dud102022104822/07,テンダールック,2025-10-26,牝3,3
2025-01-11,pw01dud102022104298/03,テントウムシサンバ,2025-01-19,牝3,2
2025-07-20,pw01dud102022106347/4F,テンドリームガール,2025-11-16,牝3,10
2025-11-29,pw01dud102023104349/E3,テンノルーキー,2025-11-29,牡2,1
2025-11-24,pw01dud102023104170/A6,テンハートビート,2025-12-06,牝2,2
2025-09-06,pw01dud102023104932/D4,テンバコウクウ,2025-10-18,牡2,4
2025-04-26,pw01dud102020105564/71,テンフェリーチェ,2025-04-26,牝5,2
2025-07-26,pw01dud102022105531/00,テンフレッシュ,2025-08-24,牝3,5
2025-04-12,pw01dud102020102767/5F,テンプーシャオン,2025-11-09,牡5,7
2025-01-18,pw01dud102022100647/48,テンペスタリー,2025-05-25,牝3,4
2025-07-26,pw01dud102022101265/AD,テンペストヒロイン,2025-10-26,牝3,5
2025-04-20,pw01dud102020104052/97,テンホワイトラブ,2025-10-12,牝5,4
2025-11-22,pw01dud102023100666/81,テンマジックアワー,2025-11-22,牡2,1
2025-08-02,pw01dud102022101134/D9,テンミラクルスター,2025-12-14,牝3,4
2025-08-10,pw01dud102022105414/08,テンミラージュ,2025-09-14,牝3,8
2025-07-05,pw01dud102019104549/22,テンメジャーガール,2025-10-25,牝6,6
2025-06-07,pw01dud102023103178/4F,テンユウ,2025-10-12,牡2,3
2025-08-24,pw01dud102022104810/11,テンリッチスマイル,2025-08-24,牝3,2
2025-11-09,pw01dud102023104101/A9,テンレッドサン,2025-11-22,牝2,2
2025-06-14,pw01dud102023102915/2F,テンレディーゴー,2025-12-06,牡2,4
2025-04-06,pw01dud102022104065/18,テンワンダーマン,2025-04-06,牡3,1
2025-12-27,pw01dud102023105241/09,テーオーアルアイン,2025-12-27,牡2,5
2025-08-30,pw01dud102023107378/6D,テーオーアンジェラ,2025-10-05,牝2,3
2025-01-05,pw01dud102022101785/C2,テーオーウィルソン,2025-09-13,牡3,6
2025-08-16,pw01dud102023106634/05,テーオーエリーナ,2025-10-11,牝2,2
2025-12-14,pw01dud102022110081/7E,テーオーエルビス,2025-12-14,牡3,5
2025-10-11,pw01dud102023101592/A3,テーオーカイザー,2025-10-11,牡2,1
2025-07-26,pw01dud102022105264/F6,テーオーカバリエ,2025-09-07,牝3,2
2025-08-24,pw01dud102020110081/66,テーオーグランビル,2025-11-01,牡5,3
2025-08-16,pw01dud102023104562/40,テーオーグレーザー,2025-12-14,牡2,5
2025-01-11,pw01dud102019104963/54,テーオーコンドル,2025-05-25,せん6,6
2025-06-22,pw01dud102019104079/5D,テーオーサンドニ,2025-12-21,牡6,4
2025-10-19,pw01dud102022104879/7C,テーオーシュタイン,2025-11-15,牡3,11
2025-03-16,pw01dud102022104708/68,テーオーシュタルク,2025-04-12,せん3,4
2025-08-09,pw01dud102022107056/48,テーオーシュターデ,2025-08-24,牝3,9
2025-05-24,pw01dud102019104361/48,テーオースパロー,2025-09-27,牡6,6
2025-08-17,pw01dud102020102339/51,テーオースミス,2025-11-01,牡5,3
2025-09-14,pw01dud102023102844/BB,テーオータウンズ,2025-12-27,牡2,2
2025-08-02,pw01dud102021102246/63,テーオーダグラス,2025-11-23,牡4,9
2025-08-02,pw01dud102018104633/05,テーオーダヴィンチ,2025-08-02,牡7,2
2025-08-23,pw01dud102022102208/95,テーオーテバルディ,2025-09-14,牝3,8
2025-04-13,pw01dud102022103210/FC,テーオートムソン,2025-08-09,牡3,5
2025-05-11,pw01dud102021102244/7D,テーオードラッカー,2025-09-28,牡4,6
2025-08-09,pw01dud102019101324/94,テーオードレフォン,2025-12-21,牡6,6
2025-10-25,pw01dud102023105616/DC,テーオーナタリー,2025-12-14,牝2,3
2025-10-11,pw01dud102021106368/56,テーオーニコラス,2025-10-11,せん4,2
2025-02-10,pw01dud102022103200/EC,テーオーニュートン,2025-02-10,牡3,1
2025-03-22,pw01dud102022106401/8E,テーオーニルソン,2025-07-19,牝3,3
2025-06-14,pw01dud102022100725/73,テーオーノーベル,2025-12-14,牡3,8
2025-03-16,pw01dud102022102193/B5,テーオーバークラ,2025-03-16,牡3,1
2025-01-05,pw01dud102021102236/53,テーオーパスワード,2025-12-14,牡4,5
2025-04-13,pw01dud102022103159/16,テーオービースト,2025-11-22,牡3,8
2025-12-20,pw01dud102023104993/A7,テーオーベンバトル,2025-12-20,牡2,1
2025-10-26,pw01dud102022102228/B5,テーオーマルコーニ,2025-11-08,牡3,7
2025-12-20,pw01dud102022106705/ED,テーオーミリカン,2025-12-20,牡3,9
2025-12-14,pw01dud102023104995/8D,テーオーモナーク,2025-12-14,牡2,1
2025-04-26,pw01dud102022103186/ED,テーオーライマン,2025-12-20,牡3,11
2025-10-13,pw01dud102020106884/13,テーオーリカード,2025-12-07,せん5,5
2025-09-07,pw01dud102022102225/5C,テーオーリップマン,2025-09-07,牡3,3
2025-01-06,pw01dud102018102350/5B,テーオールノワール,2025-01-18,せん7,2
2025-11-15,pw01dud102021109027/DD,テーオールビー,2025-11-15,牝4,8
2025-10-11,pw01dud102023109125/40,テーオールーラー,2025-10-11,牡2,4
2025-03-29,pw01dud102020100604/97,テーオーレガシー,2025-11-29,牡5,5
2025-09-06,pw01dud102023101580/AD,テーオーレックス,2025-11-02,牡2,4
2025-08-24,pw01dud102022102210/0D,テーオーヴァルナイ,2025-09-14,牝3,5
2025-04-13,pw01dud102022106404/E7,テーブルマナー,2025-04-13,牝3,1
2025-11-23,pw01dud102023106391/79,デアアテナ,2025-12-07,牝2,2
2025-06-15,pw01dud102020100138/9E,デアデルマーレ,2025-11-16,牝5,8
2025-11-16,pw01dud102023107522/CD,デアトゥノウ,2025-11-16,牝2,2
2025-04-13,pw01dud102021100236/75,デアパーディタ,2025-04-13,牝4,4
2025-08-09,pw01dud102022105044/74,デアマトローナ,2025-08-09,牝3,2
2025-08-09,pw01dud102022101896/76,デアリングエア,2025-11-16,牝3,7
2025-08-24,pw01dud102022105039/A3,デアルーチェ,2025-10-13,牝3,6
2025-10-18,pw01dud102023107264/60,デアヴェローチェ,2025-12-28,牝2,3
2025-12-20,pw01dud102023107381/58,ディアアズール,2025-12-20,牝2,1
2025-07-27,pw01dud102022103524/6B,ディアイライザ,2025-09-15,牝3,8
2025-07-26,pw01dud102022102905/93,ディアウス,2025-08-17,牡3,6
2025-10-26,pw01dud102023102579/97,ディアギレフ,2025-12-27,牡2,4
2025-04-13,pw01dud102021105671/E5,ディアクルーナ,2025-09-27,牝4,3
2025-08-03,pw01dud102020103074/AE,ディアサクセサー,2025-08-03,せん5,4
2025-10-19,pw01dud102021102498/FB,ディアスポラ,2025-11-23,牡4,4
2025-07-27,pw01dud102023107069/3D,ディアダイヤモンド,2025-07-27,牝2,2
2025-06-29,pw01dud102020105409/1F,ディアドコス,2025-07-20,牡5,4
2025-08-03,pw01dud102022104933/BB,ディアナザール,2025-12-21,牡3,2
2025-08-16,pw01dud102023106158/FC,ディアナタコス,2025-11-29,牡2,5
2025-10-04,pw01dud102023105475/67,ディアファニス,2025-10-04,牝2,2
2025-07-13,pw01dud102022104587/13,ディアボリカドンナ,2025-07-27,牝3,3
2025-07-05,pw01dud102020102570/E8,ディアマイサン,2025-12-13,牡5,8
2025-08-03,pw01dud102022104500/6E,ディアマイハニー,2025-08-03,牝3,5
2025-07-26,pw01dud102022103631/53,ディアマント,2025-08-24,牝3,3
2025-01-19,pw01dud102021103545/72,ディアマンドロップ,2025-02-16,牝4,3
2025-11-30,pw01dud102023107125/62,ディアーモルタル,2025-11-30,牝2,1
2025-01-05,pw01dud102019104356/77,ディオアステリア,2025-03-22,牝6,3
2025-08-31,pw01dud102023106108/AC,ディオスデルマール,2025-09-27,牝2,4
2025-07-13,pw01dud102018105147/DB,ディオスバリエンテ,2025-07-13,せん7,3
2025-08-02,pw01dud102022100413/EA,ディオスパーダ,2025-12-28,牡3,8
2025-10-25,pw01dud102022107182/DD,ディオデルマーレ,2025-10-25,牡3,2
2025-11-22,pw01dud102023107038/9A,ディオレガーロ,2025-11-22,牝2,1
2025-02-09,pw01dud102020110031/16,ディキシーガンナー,2025-12-14,牡5,5
2025-04-12,pw01dud102022102951/17,ディクシャ,2025-04-27,牡3,2
2025-08-23,pw01dud102022102530/C0,ディクシーヴォーグ,2025-08-23,牝3,3
2025-01-25,pw01dud102020106816/89,ディクレアブルーム,2025-10-18,牝5,4
2025-11-22,pw01dud102023103308/41,ディグニダドレアル,2025-11-30,牡2,2
2025-10-04,pw01dud102023103518/B3,ディサイドオンミー,2025-12-14,牝2,2
2025-04-26,pw01dud102022105729/EA,ディザーヴユー,2025-07-20,牝3,5
2025-09-13,pw01dud102023101138/31,ディジーピナクル,2025-09-27,牡2,2
2025-05-04,pw01dud102021110067/84,ディスタントスカイ,2025-08-03,牡4,4
2025-01-11,pw01dud102022100141/A1,ディスタービア,2025-08-16,牝3,6
2025-01-11,pw01dud102022104138/72,ディスパラール,2025-12-06,牝3,6
2025-07-12,pw01dud102020103119/BE,ディズレーリ,2025-11-23,せん5,8
2025-02-22,pw01dud102020102934/38,ディナトセレーネ,2025-02-22,牝5,1
2025-09-07,pw01dud102019101507/2F,ディナースタ,2025-11-08,牡6,7
2025-10-19,pw01dud102022100466/93,ディナーラッシュ,2025-10-19,牝3,4
2025-01-06,pw01dud102022105695/5D,ディニテ,2025-12-20,牡3,8
2025-08-16,pw01dud102022104004/45,ディニトーソ,2025-11-16,牡3,5
2025-06-07,pw01dud102023103452/10,ディバインウインド,2025-06-07,牡2,1
2025-06-29,pw01dud102020103410/46,ディバイングレース,2025-11-22,牝5,7
2025-06-28,pw01dud102022101087/51,ディフューズ,2025-08-23,牝3,7
2025-09-06,pw01dud102022101249/59,ディプタルアスール,2025-09-06,牡3,5
2025-04-27,pw01dud102022104000/79,ディベルティスマン,2025-12-07,牡3,8
2025-08-09,pw01dud102022105685/4D,ディペンダブル,2025-12-21,牝3,7
2025-06-29,pw01dud102021104324/6C,ディマイザキッド,2025-11-09,牡4,6
2025-04-27,pw01dud102022107334/D5,ディライトベル,2025-05-17,牝3,5
2025-05-11,pw01dud102022102273/C6,ディラードテソーロ,2025-08-30,牡3,2
2025-12-14,pw01dud102023104976/E0,ディル,2025-12-14,牝2,1
2025-03-30,pw01dud102022107121/0A,ディルブランド,2025-03-30,牡3,1
2025-10-11,pw01dud102023102796/C0,ディレクティオ,2025-10-11,牝2,1
2025-06-14,pw01dud102022106642/A3,ディンプルフェイス,2025-07-06,牝3,2
2025-11-08,pw01dud102023100479/88,ディヴァインスカイ,2025-12-13,牡2,2
2025-08-10,pw01dud102022105984/6D,ディヴァインスター,2025-12-21,牡3,7
2025-11-08,pw01dud102023101139/A4,ディヴァインボンド,2025-11-08,牝2,2
2025-01-19,pw01dud102020106144/7C,ディヴァージオン,2025-01-19,牝5,1
2025-07-12,pw01dud102017100583/DC,ディヴィナシオン,2025-07-12,牡8,4
2025-10-19,pw01dud102022100226/F1,ディーエスショウマ,2025-12-14,牡3,5
2025-04-13,pw01dud102020100685/8A,ディーエスソフィア,2025-07-06,牡5,3
2025-12-07,pw01dud102021105098/04,ディーエストッキー,2025-12-07,牡4,7
2025-05-18,pw01dud102021105072/32,ディーガレジェンド,2025-10-26,牡4,5
2025-06-15,pw01dud102019103517/1D,ディージェーサン,2025-11-22,牝6,7
2025-07-27,pw01dud102022104312/02,ディースプレマシー,2025-11-23,牡3,7
2025-08-03,pw01dud102022105847/55,ディーズゴールド,2025-12-28,牡3,4
2025-12-20,pw01dud102023104869/F8,ディーズベンチャー,2025-12-20,牝2,2
2025-08-23,pw01dud102023102812/A5,ディーズメンフィス,2025-08-23,牝2,1
2025-01-19,pw01dud102021101289/0D,ディーノサンライズ,2025-02-22,牝4,2
2025-10-26,pw01dud102023105455/47,ディープエフェクト,2025-10-26,牡2,2
2025-01-12,pw01dud102022106916/D2,ディープオーシャン,2025-08-24,牡3,4
2025-01-05,pw01dud102022101097/61,ディープカインズ,2025-08-03,牡3,7
2025-05-03,pw01dud102019104773/02,ディープグラビティ,2025-07-26,せん6,2
2025-02-01,pw01dud102022100044/C9,ディープサミット,2025-09-28,牡3,4
2025-12-13,pw01dud102023100621/02,ディープシャロー,2025-12-13,牡2,1
2025-11-23,pw01dud102023107529/F2,ディープスリー,2025-12-07,牡2,2
2025-01-13,pw01dud102020104759/13,ディープマインド,2025-01-13,牡5,1
2025-12-13,pw01dud102023103475/89,ディープマウンテン,2025-12-13,牝2,1
2025-08-31,pw01dud102018104475/C9,ディープモンスター,2025-11-30,牡7,8
2025-07-19,pw01dud102018105157/EB,ディープリッチ,2025-12-13,牡7,10
2025-05-04,pw01dud102020100806/DF,ディープリボーン,2025-12-21,牡5,3
2025-05-03,pw01dud102019105844/65,ディープレイヤー,2025-08-10,牡6,6
2025-10-26,pw01dud102023100521/D1,ディーリライズ,2025-12-13,牡2,4
2025-07-27,pw01dud102023103326/7B,ディールメーカー,2025-07-27,牡2,1
2025-08-30,pw01dud102020100551/5D,ディーン,2025-09-20,牝5,2
2025-12-21,pw01dud102019105490/25,ディーンズリスター,2025-12-21,せん6,1
2025-11-09,pw01dud102021104173/E7,デイジー,2025-11-22,牝4,9
2025-11-29,pw01dud102020101872/72,デイトナモード,2025-11-29,牡5,5
2025-06-08,pw01dud102020103788/E1,デイライト,2025-06-08,牡5,1
2025-04-06,pw01dud102020103917/60,デオヴォレンティ,2025-04-06,牝5,4
2025-06-28,pw01dud102022100829/70,デコピン,2025-08-31,牡3,4
2025-06-29,pw01dud102019104805/A9,デコラシオン,2025-12-21,牡6,6
2025-06-14,pw01dud102022105172/EF,デザフィアドール,2025-06-28,牝3,6
2025-05-18,pw01dud102019101825/FC,デザートスター,2025-12-14,せん6,5
2025-08-16,pw01dud102022106679/F8,デザートスノー,2025-08-16,せん3,1
2025-03-16,pw01dud102019105039/0C,デシエルト,2025-04-06,牡6,2
2025-05-24,pw01dud102020100046/97,デシマルサーガ,2025-10-19,牡5,4
2025-05-25,pw01dud102022103625/0F,デスティニーホープ,2025-05-25,牝3,4
2025-11-09,pw01dud102017106490/FC,デスティネ,2025-12-14,牡8,5
2025-02-02,pw01dud102020106690/F5,デスティノ,2025-04-05,牡5,4
2025-11-08,pw01dud102022105069/D3,デバッグ,2025-11-08,牡3,1
2025-12-28,pw01dud102023103275/27,デパーチャー,2025-12-28,牝2,1
2025-05-10,pw01dud102019104878/72,デビットバローズ,2025-12-06,せん6,5
2025-10-05,pw01dud102021102280/F1,デビッドテソーロ,2025-12-07,牡4,3
2025-08-02,pw01dud102022105123/12,デビューフライト,2025-12-06,牝3,5
2025-05-03,pw01dud102021104421/44,デファイ,2025-12-28,牝4,9
2025-06-15,pw01dud102021105929/C0,デフィニティーボ,2025-11-29,牡4,8
2025-12-07,pw01dud102023107293/1D,デプレ,2025-12-28,牡2,2
2025-04-19,pw01dud102022100357/C5,デボラ,2025-11-16,牝3,11
2025-11-16,pw01dud102021104681/06,デュアルアップ,2025-11-16,牝4,1
2025-05-03,pw01dud102021104887/1A,デュアルウィルダー,2025-10-13,牡4,3
2025-04-12,pw01dud102022101033/35,デュアルタスク,2025-08-24,せん3,5
2025-10-13,pw01dud102022106189/13,デュアルロール,2025-11-23,牝3,4
2025-05-25,pw01dud102022101210/1E,デュエルシャポー,2025-05-25,牝3,3
2025-04-27,pw01dud102019110102/0B,デュガ,2025-12-20,せん6,6
2025-01-11,pw01dud102022107273/71,デュジャック,2025-01-11,牡3,1
2025-06-01,pw01dud102022104838/C9,デュピュイドローム,2025-06-14,牡3,3
2025-01-12,pw01dud102019105399/FF,デュードメール,2025-03-16,牝6,2
2025-12-20,pw01dud102023107123/7C,デュードロップ,2025-12-20,牝2,1
2025-07-12,pw01dud102018101497/02,デリシュレーヌ,2025-07-12,牝7,2
2025-08-16,pw01dud102021103037/53,デリシュー,2025-11-24,牡4,4
2025-01-26,pw01dud102022105146/8B,デリツィオーサ,2025-06-29,牝3,4
2025-10-19,pw01dud102022107106/29,デリュージョン,2025-10-19,牡3,7
2025-04-19,pw01dud102022110054/A7,デルアヴァー,2025-12-21,牡3,8
2025-03-22,pw01dud102021103520/13,デルシエロ,2025-11-23,牡4,11
2025-04-20,pw01dud102022104146/9C,デルタウェーブ,2025-05-10,牝3,4
2025-08-02,pw01dud102022107243/41,デルタニュートラル,2025-08-02,牝3,3
2025-10-18,pw01dud102022101651/95,デルタフォー,2025-10-25,牡3,5
2025-10-05,pw01dud102023101973/BA,デルニエジョイ,2025-10-18,牡2,3
2025-06-28,pw01dud102019101278/7F,デルバイス,2025-07-27,牡6,4
2025-06-14,pw01dud102022105457/A1,デルマアポロニア,2025-06-28,牝3,5
2025-08-24,pw01dud102022101968/5D,デルマアリエル,2025-08-24,牡3,6
2025-03-29,pw01dud102021104992/1C,デルマアートマン,2025-04-05,せん4,2
2025-06-15,pw01dud102022101965/04,デルマイオ,2025-06-21,牡3,3
2025-08-31,pw01dud102022105535/CC,デルマエアロール,2025-12-13,牝3,7
2025-03-09,pw01dud102020102809/16,デルマオシダシ,2025-03-22,牝5,2
2025-01-25,pw01dud102022105455/BB,デルマカリスト,2025-01-25,牡3,1
2025-03-16,pw01dud102018103611/10,デルマカンノン,2025-03-16,牝7,1
2025-08-09,pw01dud102022105243/63,デルマガニメデ,2025-08-09,牡3,2
2025-06-28,pw01dud102022105573/26,デルマギャラクシー,2025-06-28,牝3,1
2025-07-26,pw01dud102019105877/EE,デルマグレムリン,2025-10-18,牡6,8
2025-07-26,pw01dud102022105477/C1,デルマケセラセラ,2025-07-26,牝3,5
2025-08-10,pw01dud102022105208/62,デルマケプラー,2025-08-10,牝3,3
2025-08-17,pw01dud102022105343/94,デルマサクラサク,2025-12-06,牝3,8
2025-08-24,pw01dud102022101966/77,デルマサターン,2025-09-14,牡3,5
2025-02-01,pw01dud102019101714/48,デルマシルフ,2025-02-01,牝6,1
2025-07-26,pw01dud102022101969/D0,デルマジュテーム,2025-12-14,牝3,12
2025-02-09,pw01dud102022101967/EA,デルマセシボン,2025-04-20,牝3,2
2025-02-23,pw01dud102020102745/59,デルマソトガケ,2025-11-09,牡5,2
2025-05-11,pw01dud102018100976/75,デルマタモン,2025-05-11,牡7,5
2025-11-09,pw01dud102023101366/DD,デルマノリクラ,2025-11-24,牡2,2
2025-11-22,pw01dud102023103424/C6,デルマバンダイサン,2025-11-22,牡2,2
2025-11-23,pw01dud102023103481/CD,デルマフジ,2025-11-23,牡2,1
2025-06-14,pw01dud102022105419/47,デルマプルート,2025-06-14,牡3,2
2025-12-28,pw01dud102023101362/11,デルマホダカ,2025-12-28,牝2,1
2025-08-10,pw01dud102022101964/91,デルマムーン,2025-10-04,牡3,7
2025-08-31,pw01dud102022101970/D5,デルマラメール,2025-08-31,牝3,6
2025-11-30,pw01dud102023100997/B7,デルマリシリ,2025-11-30,牝2,1
2025-04-12,pw01dud102022105229/F5,デルマレッドスター,2025-04-27,牝3,2
2025-07-27,pw01dud102022105143/32,デンクマール,2025-10-25,牡3,2
2025-08-10,pw01dud102022105029/93,デンジエンド,2025-08-10,牡3,5
2025-02-16,pw01dud102021102645/B4,デンタルフロス,2025-05-18,牝4,4
2025-07-26,pw01dud102023106190/A4,デンプシー,2025-07-26,牡2,1
2025-08-10,pw01dud102022102975/03,デンリッレハウエル,2025-08-17,牝3,7
2025-08-09,pw01dud102022106856/E1,デーモンスレイヤー,2025-08-17,牡3,5
2025-08-30,pw01dud102023106955/2B,デールエルバハリ,2025-12-14,牝2,3
2025-10-25,pw01dud102022100065/5C,トゥインクルアップ,2025-10-25,牝3,6
2025-10-25,pw01dud102023105262/9C,トゥインクルピカ,2025-12-21,牝2,2
2025-02-15,pw01dud102019105314/40,トゥザヒロイン,2025-04-12,牝6,4
2025-11-24,pw01dud102023106987/41,トゥスコラーナ,2025-11-24,牝2,1
2025-08-09,pw01dud102019100628/04,トゥデイイズザデイ,2025-09-28,牡6,4
2025-08-24,pw01dud102020106776/B8,トゥピ,2025-11-09,牝5,5
2025-11-01,pw01dud102023103338/71,トゥモローズウェイ,2025-11-01,牝2,2
2025-02-10,pw01dud102022104132/C0,トゥライトゥーラ,2025-07-06,牡3,3
2025-05-25,pw01dud102021102973/91,トゥラッタッタ,2025-11-15,牡4,8
2025-01-05,pw01dud102021101927/1E,トゥラムプラッツ,2025-01-05,牡4,1
2025-05-03,pw01dud102015104364/71,トゥラヴェスーラ,2025-05-03,牡10,3
2025-07-26,pw01dud102017103184/58,トゥルブレンシア,2025-12-28,せん8,10
2025-08-10,pw01dud102020102574/B4,トゥルブレンツ,2025-12-13,牝5,7
2025-04-13,pw01dud102022106318/92,トゥルプ,2025-04-13,牝3,2
2025-07-06,pw01dud102021103537/48,トゥルーサクセサー,2025-12-07,牡4,10
2025-02-02,pw01dud102020104479/A0,トゥルース,2025-09-21,牡5,6
2025-10-19,pw01dud102023102394/16,トゥレイス,2025-10-19,牝2,1
2025-08-03,pw01dud102023104418/71,トゥレネヴェリテ,2025-08-03,牡2,1
2025-01-19,pw01dud102022105808/88,トゥロン,2025-11-08,牝3,5
2025-10-19,pw01dud102023104606/DD,トゥントゥントゥン,2025-10-19,牡2,1
2025-04-13,pw01dud102022102700/F2,トゥーザムーン,2025-12-21,牝3,7
2025-03-22,pw01dud102020103255/63,トゥーテイルズ,2025-07-19,牝5,4
2025-09-27,pw01dud102023104716/1E,トゥーナスタディ,2025-09-27,牡2,1
2025-09-06,pw01dud102021100365/63,トウカイエルデ,2025-12-06,牡4,8
2025-05-11,pw01dud102022102825/82,トウカイクレオス,2025-05-11,牝3,2
2025-12-28,pw01dud102023105482/1E,トウカイツバキ,2025-12-28,牝2,1
2025-01-26,pw01dud102022100849/90,トウカイディアマン,2025-08-09,牝3,3
2025-07-26,pw01dud102019103692/8F,トウカイファクター,2025-11-23,せん6,7
2025-08-10,pw01dud102022102445/DE,トウカイフルーレ,2025-10-13,牡3,6
2025-02-08,pw01dud102021102389/2D,トウカイポワール,2025-12-20,牝4,8
2025-06-21,pw01dud102023105481/AB,トウカイマシェリ,2025-07-20,牝2,3
2025-04-26,pw01dud102022100850/95,トウカイリュタン,2025-07-20,牝3,5
2025-02-09,pw01dud102020104237/18,トウキチロウ,2025-02-09,牡5,1
2025-05-04,pw01dud102022104194/06,トウショウクラウド,2025-05-17,牡3,5
2025-01-26,pw01dud102020104496/67,トウシンカーリン,2025-01-26,牝5,1
2025-06-08,pw01dud102022104327/51,トウシンバカラ,2025-06-08,牡3,2
2025-05-03,pw01dud102019106526/87,トウシンマカオ,2025-11-23,牡6,5
2025-05-31,pw01dud102022104143/43,トウシンミール,2025-05-31,牝3,1
2025-10-05,pw01dud102023103088/2E,トウシンライオット,2025-12-14,牡2,2
2025-10-18,pw01dud102023103100/47,トウシンラヴ,2025-10-18,牝2,1
2025-02-22,pw01dud102019104589/62,トウセツ,2025-05-04,牡6,4
2025-08-02,pw01dud102022102508/28,トウタツ,2025-09-15,牡3,3
2025-02-09,pw01dud102022102774/2E,トウテイラン,2025-03-01,牝3,3
2025-01-25,pw01dud102020105578/4D,トウロウノオノ,2025-02-01,牝5,2
2025-08-02,pw01dud102022101256/10,トキノカンピオーネ,2025-08-02,牡3,5
2025-11-16,pw01dud102022100323/C9,トキメキジニア,2025-11-23,牝3,5
2025-02-23,pw01dud102020100406/1B,トクシーカイザー,2025-11-16,牡5,6
2025-10-18,pw01dud102021107279/97,トクシージェネラル,2025-10-18,牡4,5
2025-02-23,pw01dud102019103728/02,トクシースタローン,2025-11-29,牡6,6
2025-08-10,pw01dud102023102699/E8,トコシエノヒトミ,2025-12-27,牝2,5
2025-12-14,pw01dud102023104077/9A,トコトコクマチ,2025-12-14,牡2,1
2025-08-02,pw01dud102023102165/F7,トコトコリズム,2025-08-02,牝2,2
2025-10-25,pw01dud102023102502/02,トシッキーセカンド,2025-11-29,牡2,3
2025-05-17,pw01dud102021100687/FC,トッピゴー,2025-07-06,牡4,3
2025-06-01,pw01dud102022104397/C1,トッピボーン,2025-11-01,牡3,6
2025-11-22,pw01dud102023104528/B2,トップアタック,2025-12-06,牡2,4
2025-07-27,pw01dud102019104056/E4,トップオブジェラス,2025-07-27,牡6,3
2025-07-13,pw01dud102022106357/5F,トップオンザヒル,2025-07-13,牡3,2
2025-04-27,pw01dud102019106387/F8,トップスティール,2025-04-27,牡6,2
2025-09-21,pw01dud102023103801/11,トップデュオ,2025-12-20,牡2,2
2025-08-17,pw01dud102020106402/E9,トップナイフ,2025-08-17,牡5,3
2025-05-18,pw01dud102022106868/D7,トップパワー,2025-05-31,牡3,2
2025-07-19,pw01dud102023105067/79,トップマジシャン,2025-10-13,牡2,5
2025-08-23,pw01dud102022103282/52,トップレジェンド,2025-08-23,牡3,3
2025-08-10,pw01dud102022104408/D5,トップレディー,2025-09-14,牝3,6
2025-06-28,pw01dud102022100088/D5,トッレブランカ,2025-08-23,牡3,2
2025-02-22,pw01dud102022104490/CD,トニケンサンバ,2025-11-08,牡3,6
2025-03-01,pw01dud102021106033/54,トニーテソーロ,2025-03-01,牡4,1
2025-12-20,pw01dud102023106746/2C,トパーズテソーロ,2025-12-20,牝2,1
2025-10-25,pw01dud102023103101/BA,トミーバローズ,2025-11-29,牡2,3
2025-05-25,pw01dud102022102969/BF,トモエゴゼン,2025-08-31,牝3,5
2025-08-31,pw01dud102022102107/F1,トモエジョウ,2025-09-06,牝3,3
2025-08-03,pw01dud102023105542/0F,トモエナゲ,2025-12-27,牡2,7
2025-10-18,pw01dud102021101432/FA,トモサカエ,2025-12-28,牝4,2
2025-04-27,pw01dud102017103155/9B,トモジャアルマンド,2025-12-06,牡8,10
2025-08-17,pw01dud102022101223/87,トモジャイブ,2025-09-06,牡3,5
2025-01-25,pw01dud102021102618/DD,トモジャオッシュ,2025-06-29,牡4,3
2025-11-08,pw01dud102023103068/0E,トモジャオーリー,2025-12-07,牝2,2
2025-07-26,pw01dud102020104650/D7,トモジャケーヤ,2025-07-26,牡5,5
2025-06-15,pw01dud102021104295/1E,トモジャザーン,2025-12-06,牡4,8
2025-05-10,pw01dud102022104293/C4,トモジャシック,2025-11-30,牡3,7
2025-04-13,pw01dud102021101041/D3,トモジャシャトー,2025-12-27,牡4,8
2025-11-24,pw01dud102020106771/79,トモジャシーマ,2025-11-24,せん5,7
2025-10-13,pw01dud102023104011/88,トモジャプレジール,2025-11-22,牡2,5
2025-10-04,pw01dud102020105246/A4,トモジャミ,2025-12-20,牝5,2
2025-10-11,pw01dud102023102575/CB,トモジャユニベール,2025-10-11,牡2,1
2025-11-08,pw01dud102023106396/B8,トモロウィンアスク,2025-12-28,牝2,2
2025-07-26,pw01dud102023106431/4A,トライアンフパス,2025-12-27,牝2,7
2025-06-08,pw01dud102022104691/A2,トライゴーニック,2025-10-13,牡3,4
2025-05-24,pw01dud102021102793/4F,トライデント,2025-12-07,牡4,7
2025-06-29,pw01dud102021105389/FA,トライデントスピア,2025-06-29,牡4,3
2025-10-19,pw01dud102023103412/D0,トラカイキャッスル,2025-10-19,牝2,1
2025-02-22,pw01dud102021105555/60,トラジェクトワール,2025-11-09,牡4,3
2025-07-20,pw01dud102023100935/71,トラスコンガーデン,2025-10-19,牝2,4
2025-01-12,pw01dud102022104125/09,トラスティソード,2025-04-19,牝3,3
2025-11-22,pw01dud102020103502/4D,トラストエムシー,2025-12-20,牡5,7
2025-02-09,pw01dud102022107008/DE,トラストギャロップ,2025-06-01,牡3,3
2025-08-23,pw01dud102023104627/70,トラストサン,2025-11-09,牡2,2
2025-07-06,pw01dud102022107415/59,トラストパイロ,2025-07-27,牡3,5
2025-02-16,pw01dud102021106972/DA,トラストボス,2025-05-03,牡4,3
2025-05-25,pw01dud102022101620/F2,トラストモアリズム,2025-10-18,牝3,6
2025-04-19,pw01dud102022101496/B2,トラストユー,2025-07-19,牝3,3
2025-10-19,pw01dud102023102096/69,トラストレガート,2025-12-28,牝2,4
2025-04-26,pw01dud102020104922/20,トラファルガー,2025-04-26,せん5,4
2025-05-24,pw01dud102021104928/5E,トラペジスト,2025-11-29,牡4,8
2025-08-24,pw01dud102020103486/68,トラマンダーレ,2025-12-13,せん5,5
2025-05-03,pw01dud102017105506/60,トラモント,2025-05-03,せん8,2
2025-07-27,pw01dud102019104556/D9,トランキリテ,2025-08-17,牡6,5
2025-04-26,pw01dud102017105667/64,トランシルヴァニア,2025-04-26,せん8,2
2025-10-05,pw01dud102023107156/05,トランスマリーン,2025-10-26,牡2,3
2025-08-16,pw01dud102023103584/57,トランスマーレ,2025-11-09,牝2,2
2025-10-26,pw01dud102023104273/30,トランセンコ,2025-11-08,牝2,2
2025-11-08,pw01dud102023105938/75,トラヴィス,2025-11-08,牡2,1
2025-10-11,pw01dud102022104009/84,トラヴェリンバンド,2025-11-01,牡3,7
2025-10-12,pw01dud102023105161/F8,トリアングルレディ,2025-10-12,牝2,1
2025-11-16,pw01dud102023103779/E8,トリエンナーレ,2025-11-16,牝2,1
2025-04-19,pw01dud102020105652/AC,トリオンファルマン,2025-11-16,牝5,6
2025-02-15,pw01dud102022100363/09,トリクシー,2025-06-15,牝3,2
2025-08-02,pw01dud102022105019/83,トリクロマティック,2025-08-02,牡3,3
2025-01-25,pw01dud102019103410/C7,トリグラフ,2025-02-23,牡6,2
2025-08-23,pw01dud102023107131/A6,トリグラフヒル,2025-12-27,牡2,2
2025-08-23,pw01dud102023103085/D5,トリスティ,2025-08-23,牝2,1
2025-08-30,pw01dud102023104657/A0,トリップス,2025-08-30,牝2,1
2025-08-10,pw01dud102019103193/0D,トリップトゥムーン,2025-12-14,牡6,8
2025-11-30,pw01dud102023106438/6F,トリニタリオ,2025-12-20,牡2,2
2025-12-21,pw01dud102023103492/50,トリニティ,2025-12-21,牝2,1
2025-08-02,pw01dud102022104630/CF,トリフォラート,2025-11-29,牝3,4
2025-08-31,pw01dud102022104925/91,トリプルコーク,2025-11-01,牡3,4
2025-05-25,pw01dud102022101086/DE,トリプルバレル,2025-12-20,牡3,8
2025-08-02,pw01dud102022106722/B4,トリプレーテ,2025-08-30,牡3,10
2025-08-10,pw01dud102022104928/EA,トリポリタニア,2025-11-16,牡3,6
2025-08-16,pw01dud102022104675/4E,トリュフチョコ,2025-08-24,牝3,5
2025-02-22,pw01dud102022102493/48,トリリオンボーイ,2025-12-21,牡3,12
2025-09-28,pw01dud102023106282/AB,トリーア,2025-09-28,牝2,1
2025-02-16,pw01dud102022103766/F3,トルショー,2025-11-23,牡3,5
2025-07-27,pw01dud102022104834/FD,トルストイ,2025-08-23,牡3,6
2025-08-16,pw01dud102020104135/01,トルズイーガー,2025-12-13,牡5,10
2025-09-13,pw01dud102022106102/6E,トルティーナ,2025-09-13,牝3,1
2025-08-16,pw01dud102023105308/1F,トルネードアイル,2025-12-06,牡2,5
2025-02-02,pw01dud102022100093/A6,トルーティクス,2025-06-15,牡3,4
2025-06-28,pw01dud102019102082/6A,トルーマンテソーロ,2025-12-20,牡6,11
2025-07-13,pw01dud102022104766/E2,トレインザマインド,2025-11-01,せん3,5
2025-06-29,pw01dud102022102174/08,トレサフィール,2025-11-16,牡3,5
2025-04-19,pw01dud102022106264/E5,トレジャーハウス,2025-08-02,牝3,3
2025-12-28,pw01dud102023102771/61,トレセデオロ,2025-12-28,牡2,1
2025-08-23,pw01dud102020101147/2A,トレチーメ,2025-09-20,牡5,2
2025-11-08,pw01dud102023104388/B0,トレッチェ,2025-12-07,牝2,3
2025-07-26,pw01dud102023100160/DA,トレニアムーン,2025-11-24,牝2,7
2025-12-07,pw01dud102023107130/33,トレフォイルノット,2025-12-07,牡2,1
2025-06-29,pw01dud102020102298/0D,トレブランシュ,2025-08-31,牝5,4
2025-11-08,pw01dud102021102203/CA,トレベルオール,2025-11-08,牡4,4
2025-04-20,pw01dud102022105425/8B,トレベルフィーユ,2025-07-13,牝3,3
2025-02-16,pw01dud102021101487/89,トレポンティ,2025-02-16,牝4,1
2025-08-23,pw01dud102021105144/19,トレミニョン,2025-09-07,牝4,6
2025-02-15,pw01dud102020102132/CA,トレンディスター,2025-02-15,牝5,1
2025-08-30,pw01dud102022102988/6C,トレヴィ,2025-11-30,牝3,5
2025-01-12,pw01dud102022106594/A8,トレヴィーテ,2025-03-02,牝3,2
2025-08-16,pw01dud102021105486/D2,トロピカルティー,2025-10-26,牝4,4
2025-07-13,pw01dud102020104960/7A,トロピカルヒーロー,2025-12-20,牡5,12
2025-07-12,pw01dud102020102190/44,トロピカルライト,2025-11-16,牝5,5
2025-04-19,pw01dud102022104816/C3,トロピカルレイン,2025-07-05,牝3,4
2025-01-06,pw01dud102022105169/04,トロワヴァレー,2025-09-07,牡3,6
2025-08-09,pw01dud102021105557/46,トロヴァトーレ,2025-11-01,牡4,5
2025-12-06,pw01dud102023102235/F8,トワイライトサイト,2025-12-06,牡2,1
2025-03-15,pw01dud102022104005/B8,トワイライトシティ,2025-09-27,牝3,5
2025-11-15,pw01dud102023105474/F4,トワイライトビュー,2025-11-15,牡2,3
2025-06-22,pw01dud102023102694/A9,トワニ,2025-11-08,牝2,4
2025-08-30,pw01dud102023100895/A0,トンガリボウシ,2025-12-20,牝2,6
2025-11-09,pw01dud102023101914/CD,トンデトンデトンデ,2025-12-06,牡2,3
2025-10-05,pw01dud102023106596/1A,トントンビョウシ,2025-12-27,牝2,2
2025-04-26,pw01dud102022103116/7D,トンヤイビーン,2025-08-02,牡3,3
2025-07-05,pw01dud102021105334/6B,トーアアイギス,2025-12-07,牝4,4
2025-11-22,pw01dud102023103849/E9,トーアアグネス,2025-12-13,牝2,3
2025-09-06,pw01dud102023103848/76,トーアウィリアム,2025-09-21,牡2,2
2025-01-11,pw01dud102022105904/ED,トーアカフウ,2025-07-19,牝3,4
2025-02-10,pw01dud102022105906/D3,トーアグッドラック,2025-07-05,牡3,6
2025-07-20,pw01dud102022105903/7A,トーアケルキラ,2025-12-14,せん3,5
2025-08-23,pw01dud102023103847/03,トーアサジタリウス,2025-09-06,牡2,2
2025-08-24,pw01dud102016104152/A5,トーアシオン,2025-08-24,せん9,2
2025-08-03,pw01dud102023103845/1D,トーアシチフクジン,2025-12-20,牡2,5
2025-06-15,pw01dud102022105905/60,トーアジョウトウ,2025-11-09,牡3,5
2025-07-06,pw01dud102022105901/94,トーアナカヨシ,2025-07-26,牝3,4
2025-11-09,pw01dud102021105335/DE,トーアマリシテン,2025-12-07,せん4,5
2025-01-06,pw01dud102020103173/6C,トーアモルペウス,2025-11-08,せん5,6
2025-08-24,pw01dud102020103168/9B,トーアライデン,2025-11-23,牡5,8
2025-04-12,pw01dud102022105907/46,トーアローダンテ,2025-05-31,牝3,4
2025-06-07,pw01dud102022100483/5A,トークン,2025-06-07,牝3,1
2025-05-04,pw01dud102022103128/73,トーケンサワー,2025-05-25,牝3,5
2025-11-15,pw01dud102023100737/F5,トーケンジンロック,2025-11-15,せん2,1
2025-01-11,pw01dud102020102499/E2,トーセンアウローラ,2025-02-22,牡5,2
2025-02-16,pw01dud102022104552/A4,トーセンアシュリー,2025-02-16,牝3,2
2025-08-03,pw01dud102022105644/9A,トーセンアーロン,2025-08-31,牡3,3
2025-07-12,pw01dud102020102488/5F,トーセンエスクード,2025-12-07,牡5,6
2025-11-24,pw01dud102023110005/56,トーセンエリオット,2025-11-24,牡2,2
2025-05-24,pw01dud102017104415/DD,トーセンオリジン,2025-05-24,牡8,2
2025-06-29,pw01dud102022105657/03,トーセンカタルシス,2025-06-29,牡3,1
2025-01-12,pw01dud102022105650/DE,トーセンギャラン,2025-01-26,牡3,2
2025-07-26,pw01dud102023105359/E2,トーセンクリステル,2025-11-15,牝2,6
2025-09-07,pw01dud102020102468/3F,トーセンサウダージ,2025-11-29,牡5,10
2025-06-22,pw01dud102019104386/A7,トーセンサンダー,2025-07-05,牡6,5
2025-06-28,pw01dud102023100588/56,トーセンシーギリヤ,2025-07-19,牡2,2
2025-07-12,pw01dud102022110017/C0,トーセンディーン,2025-07-12,牡3,1
2025-08-23,pw01dud102020102535/E7,トーセントラム,2025-12-27,牡5,10
2025-05-11,pw01dud102018105647/D0,トーセンニック,2025-05-11,牡7,3
2025-01-19,pw01dud102022110095/5A,トーセンビギン,2025-01-19,牡3,1
2025-12-14,pw01dud102023105943/46,トーセンブリラーレ,2025-12-14,牡2,1
2025-02-08,pw01dud102022110011/0E,トーセンペネロペ,2025-03-22,牝3,3
2025-10-26,pw01dud102023100585/FD,トーセンマジェスタ,2025-10-26,牡2,1
2025-08-23,pw01dud102023100337/31,トーセンライティア,2025-11-22,牝2,3
2025-11-22,pw01dud102022105668/86,トーセンリバーブ,2025-11-22,牝3,3
2025-02-01,pw01dud102019104711/BC,トーセンリョウ,2025-10-13,牡6,5
2025-05-11,pw01dud102022104971/15,トータルクラリティ,2025-11-30,牡3,4
2025-05-31,pw01dud102020103499/D1,トーホウガレオン,2025-12-28,牡5,6
2025-05-03,pw01dud102020101764/17,トーホウキザン,2025-11-15,牡5,9
2025-06-01,pw01dud102018103406/DD,トーホウディアス,2025-12-07,牡7,5
2025-05-10,pw01dud102020101763/A4,トーホウフランゴ,2025-09-27,牝5,8
2025-08-16,pw01dud102021102283/4A,トーマステソーロ,2025-12-20,牡4,3
2025-01-25,pw01dud102022101475/1F,トーラスキング,2025-09-07,牡3,3
2025-11-08,pw01dud102021101654/62,トーラスシャイン,2025-12-07,牡4,8
2025-12-13,pw01dud102023100060/A9,トール,2025-12-28,牡2,2
2025-04-26,pw01dud102020103284/20,トールキン,2025-10-18,牡5,6
2025-04-20,pw01dud102021103161/02,トーレ,2025-10-19,牡4,7
2025-05-31,pw01dud102020103732/DF,ドゥアイズ,2025-12-20,牝5,6
2025-06-15,pw01dud102022106666/8F,ドゥアムール,2025-11-23,牝3,7
2025-09-07,pw01dud102022105777/54,ドゥカート,2025-12-14,牡3,6
2025-03-22,pw01dud102022103196/FD,ドゥドゥ,2025-03-29,牡3,4
2025-05-17,pw01dud102022100052/F3,ドゥフトブリューテ,2025-08-09,牡3,3
2025-08-09,pw01dud102022103232/02,ドゥマーヴェリック,2025-11-02,牡3,4
2025-04-27,pw01dud102020103219/EF,ドゥムーラン,2025-11-24,牝5,4
2025-01-13,pw01dud102020101390/B7,ドゥライト,2025-01-13,牡5,1
2025-04-12,pw01dud102019105849/A4,ドゥライトアルディ,2025-04-12,牝6,1
2025-07-26,pw01dud102022102722/F8,ドゥラエテルノ,2025-11-30,牡3,11
2025-08-09,pw01dud102020103626/6A,ドゥラエレーデ,2025-12-06,牡5,5
2025-08-09,pw01dud102021102801/0A,ドゥラシェーナ,2025-10-05,牝4,5
2025-07-13,pw01dud102019105556/C8,ドゥラドーレス,2025-09-21,牡6,4
2025-05-03,pw01dud102018105078/4D,ドゥラモンド,2025-08-16,牡7,4
2025-06-28,pw01dud102020102262/2B,ドゥラリアル,2025-06-28,牡5,1
2025-06-15,pw01dud102022102885/E2,ドゥラリス,2025-11-09,牝3,6
2025-12-07,pw01dud102022101725/62,ドゥラルーナ,2025-12-07,牝3,9
2025-04-12,pw01dud102020102845/8A,ドゥラレジリエント,2025-07-13,牡5,3
2025-10-26,pw01dud102021105626/D4,ドゥレイクパセージ,2025-10-26,牡4,4
2025-11-30,pw01dud102020103650/E8,ドゥレッツァ,2025-11-30,牡5,3
2025-02-16,pw01dud102021104886/A7,ドゥーカスコーリ,2025-02-16,牝4,1
2025-11-29,pw01dud102021110156/32,ドゥータップ,2025-11-29,牡4,3
2025-08-03,pw01dud102023105662/60,ドゥーニ,2025-10-25,牡2,3
2025-02-10,pw01dud102022106891/E2,ドウジギリ,2025-06-29,牡3,5
2025-04-13,pw01dud102022110149/07,ドウジャスティ,2025-08-24,牡3,4
2025-04-27,pw01dud102022100847/AA,ドクターサクラ,2025-04-27,牝3,2
2025-01-06,pw01dud102022105608/26,ドクターストップ,2025-03-23,牝3,3
2025-12-21,pw01dud102020103025/D1,ドクタードリトル,2025-12-21,牡5,4
2025-01-25,pw01dud102019102522/FF,ドグマ,2025-01-25,牡6,1
2025-11-23,pw01dud102020190006/95,ドックランズ,2025-11-23,牡5,1
2025-12-06,pw01dud102023101382/31,ドッグウッド,2025-12-20,牡2,2
2025-05-18,pw01dud102020101486/8A,ドットクルー,2025-12-28,牡5,7
2025-08-24,pw01dud102022103730/11,ドットゲット,2025-08-24,牡3,2
2025-08-30,pw01dud102021110130/60,ドッビアーコ,2025-12-28,牡4,5
2025-01-13,pw01dud102021100794/E4,ドナアフロディテ,2025-02-10,牝4,2
2025-02-10,pw01dud102020103509/72,ドナウパール,2025-10-26,牝5,7
2025-03-29,pw01dud102022106568/44,ドナカルナバル,2025-09-27,牝3,4
2025-05-24,pw01dud102022101862/7A,ドナコルコバド,2025-07-06,牝3,4
2025-11-16,pw01dud102023110051/DA,ドナシェーン,2025-11-16,牝2,4
2025-11-01,pw01dud102023110050/67,ドナシュネル,2025-11-01,牝2,2
2025-08-30,pw01dud102023105596/2B,ドナソラーレ,2025-12-21,牝2,3
2025-08-03,pw01dud102023100150/CA,ドナソレイ,2025-11-24,牝2,5
2025-06-28,pw01dud102023100151/3D,ドナソール,2025-12-28,牝2,7
2025-11-08,pw01dud102023101643/F7,ドナテアン,2025-11-15,牝2,2
2025-08-03,pw01dud102021100210/A3,ドナベティ,2025-08-03,牝4,5
2025-10-26,pw01dud102023101268/92,ドナベーネ,2025-10-26,牝2,2
2025-02-23,pw01dud102022100696/25,ドナポンド,2025-09-14,牝3,4
2025-07-26,pw01dud102023103472/30,ドナルンバ,2025-10-25,牝2,3
2025-07-26,pw01dud102021101864/D4,ドナレア,2025-12-20,牝4,5
2025-02-02,pw01dud102021100782/EE,ドナヴィーナス,2025-02-02,牝4,1
2025-07-27,pw01dud102021105182/73,ドバイブルース,2025-12-21,牡4,7
2025-08-03,pw01dud102022105688/A6,ドバイミッション,2025-09-06,牡3,10
2025-07-12,pw01dud102022106017/8C,ドヒョウノカギリ,2025-07-12,牝3,2
2025-10-18,pw01dud102022103271/CF,ドマーネ,2025-10-18,牝3,6
2025-12-07,pw01dud102023105445/37,ドメイン,2025-12-21,牡2,2
2025-05-03,pw01dud102020101652/F0,ドライグ,2025-12-14,牡5,6
2025-05-04,pw01dud102020103034/6E,ドライブアローカス,2025-05-04,牡5,3
2025-08-09,pw01dud102022102188/E4,ドライヴサンライズ,2025-08-09,牝3,3
2025-08-10,pw01dud102023102970/50,ドライヴトウショウ,2025-12-20,牝2,3
2025-08-24,pw01dud102022106684/C9,ドラギニャン,2025-11-29,牡3,10
2025-02-23,pw01dud102022105439/67,ドラゴン,2025-10-11,牡3,5
2025-08-09,pw01dud102022110137/11,ドラゴンウェルズ,2025-12-06,牡3,8
2025-07-27,pw01dud102022104498/65,ドラゴンガール,2025-07-27,牝3,3
2025-02-01,pw01dud102019105587/6B,ドラゴンゴクウ,2025-02-01,牡6,1
2025-01-19,pw01dud102022110138/84,ドラゴンテイラー,2025-12-14,牡3,3
2025-07-27,pw01dud102022100875/F4,ドラゴンバスター,2025-09-14,せん3,7
2025-06-01,pw01dud102022105891/F3,ドラゴンブースト,2025-12-21,牡3,4
2025-06-28,pw01dud102020100495/38,ドラゴンヘッド,2025-12-13,牡5,7
2025-02-16,pw01dud102022103848/EA,ドラゴンラック,2025-06-14,牡3,5
2025-06-29,pw01dud102022100213/88,ドラマツルギー,2025-07-12,牝3,6
2025-05-11,pw01dud102018101300/1C,ドラミモン,2025-08-17,牡7,5
2025-11-30,pw01dud102023100515/8D,ドラリズム,2025-11-30,牡2,1
2025-08-02,pw01dud102021102164/6C,ドランクマン,2025-09-28,牡4,6
2025-01-13,pw01dud102022103317/52,ドリフトウッド,2025-01-19,牡3,2
2025-11-09,pw01dud102023106598/00,ドリーマーズ,2025-11-09,牝2,3
2025-08-02,pw01dud102021103303/EA,ドリーミングアップ,2025-11-24,牡4,9
2025-04-27,pw01dud102022106681/70,ドリームアンコール,2025-07-06,牝3,5
2025-11-09,pw01dud102023102748/56,ドリームガッサン,2025-11-09,牝2,3
2025-11-01,pw01dud102023100063/02,ドリームキャリー,2025-11-08,牝2,2
2025-07-26,pw01dud102021104899/10,ドリームクルーズ,2025-10-26,牝4,9
2025-06-14,pw01dud102023107146/F5,ドリームコア,2025-11-30,牝2,3
2025-12-28,pw01dud102023102898/D7,ドリームゴーズオン,2025-12-28,牡2,1
2025-02-23,pw01dud102022104277/70,ドリームジャック,2025-04-12,せん3,3
2025-06-28,pw01dud102023103826/70,ドリームスマッシュ,2025-07-20,牡2,2
2025-11-15,pw01dud102023103210/88,ドリームハーモニー,2025-11-15,牝2,1
2025-06-29,pw01dud102022100682/49,ドリームパンジャ,2025-07-26,牝3,6
2025-08-10,pw01dud102023101174/A5,ドルチェミスト,2025-11-22,牝2,3
2025-08-30,pw01dud102022104598/96,ドルチェリターン,2025-11-23,牡3,10
2025-08-17,pw01dud102022101699/6D,ドルチェルナ,2025-08-17,牝3,4
2025-05-10,pw01dud102022103394/79,ドルビナ,2025-09-28,牡3,4
2025-12-13,pw01dud102021105401/13,ドルフィンスルー,2025-12-13,牝4,1
2025-07-06,pw01dud102023103567/90,ドルマバフチェ,2025-11-24,牝2,4
2025-06-08,pw01dud102022104878/09,ドルーリー,2025-06-08,牝3,2
2025-10-13,pw01dud102023103291/7B,ドレドレ,2025-12-27,牝2,4
2025-07-27,pw01dud102020104855/78,ドレミファニー,2025-08-10,牝5,4
2025-05-25,pw01dud102019105806/0B,ドロップオブライト,2025-12-20,牝6,8
2025-03-23,pw01dud102022103558/67,ドロップオブレイ,2025-08-16,牝3,3
2025-08-09,pw01dud102023100517/73,ドロボーネコ,2025-08-09,牝2,1
2025-08-24,pw01dud102020105542/6B,ドンアチェカ,2025-10-19,牡5,8
2025-04-27,pw01dud102021106539/FB,ドンアポロン,2025-04-27,牡4,4
2025-06-14,pw01dud102020106006/F1,ドンアミティエ,2025-12-14,牡5,4
2025-04-20,pw01dud102021104658/FB,ドンアレス,2025-04-20,牡4,3
2025-08-10,pw01dud102022106942/36,ドンインザムード,2025-12-21,牡3,5
2025-11-09,pw01dud102023101269/05,ドンエレクトス,2025-11-29,牡2,4
2025-06-01,pw01dud102020104089/EC,ドンカルロ,2025-06-21,牡5,2
2025-07-12,pw01dud102023106585/97,ドングラミ,2025-12-28,牡2,5
2025-12-06,pw01dud102023105789/D6,ドンテスタマスター,2025-12-06,牡2,1
2025-02-09,pw01dud102020103500/67,ドンデンガエシ,2025-04-05,牡5,2
2025-06-01,pw01dud102022101863/ED,ドントゥザムーン,2025-12-20,牡3,5
2025-02-08,pw01dud102021103614/00,ドントレットゴー,2025-02-08,牝4,1
2025-01-19,pw01dud102022105965/C0,ドンパッショーネ,2025-12-27,牡3,4
2025-08-17,pw01dud102022100429/AC,ドンファーラウェイ,2025-09-13,牡3,6
2025-02-02,pw01dud102019105079/4C,ドンフランキー,2025-02-02,牡6,1
2025-08-03,pw01dud102023104503/53,ドンラプス,2025-08-03,牡2,1
2025-07-05,pw01dud102019100553/C4,ドンレパルス,2025-09-13,牡6,6
2025-12-21,pw01dud102023106945/1B,ドヴィーグラン,2025-12-21,牡2,2
2025-04-19,pw01dud102020106489/8E,ドヴォルザーク,2025-05-11,牡5,2
2025-07-27,pw01dud102022105766/D1,ドーギッド,2025-12-06,牝3,10
2025-03-01,pw01dud102022104028/31,ドーサンドーサン,2025-04-05,牡3,3
2025-11-24,pw01dud102022104313/75,ドーバーブライト,2025-11-24,牡3,4
2025-06-22,pw01dud102020105365/82,ドーバーホーク,2025-11-02,牡5,6
2025-05-03,pw01dud102021105415/EF,ドーンコーラス,2025-11-15,牝4,4
2025-05-24,pw01dud102022106946/02,ナイスガイ,2025-06-08,牡3,3
2025-05-11,pw01dud102022109110/65,ナイスデスネ,2025-05-11,牡3,1
2025-09-28,pw01dud102023105420/D8,ナイスプレーアスク,2025-09-28,牝2,1
2025-02-02,pw01dud102021104957/1B,ナイトアウェイ,2025-02-02,せん4,1
2025-02-01,pw01dud102020103005/B1,ナイトアクアリウム,2025-12-21,牡5,7
2025-08-30,pw01dud102020101152/FB,ナイトインロンドン,2025-08-30,牡5,7
2025-01-25,pw01dud102022100123/67,ナイトエラント,2025-06-29,牡3,2
2025-04-26,pw01dud102020102347/7B,ナイトスピアー,2025-07-12,牡5,4
2025-08-03,pw01dud102021101603/9F,ナイトスラッガー,2025-09-07,牡4,6
2025-04-19,pw01dud102022101848/0C,ナイトダンサー,2025-08-17,牡3,9
2025-11-08,pw01dud102023103429/05,ナイトバード,2025-11-08,牡2,1
2025-08-09,pw01dud102022106926/E2,ナインオブレター,2025-12-13,牡3,9
2025-05-04,pw01dud102022107250/F8,ナインダーツ,2025-05-24,牡3,4
2025-05-04,pw01dud102022101615/21,ナウウィアートール,2025-05-18,牝3,3
2025-12-21,pw01dud102023104408/61,ナウオアネヴァー,2025-12-21,牡2,6
2025-03-02,pw01dud102022105969/8C,ナオミガイチバン,2025-03-02,牝3,1
2025-10-11,pw01dud102023107052/08,ナオミニオールイン,2025-10-25,牝2,2
2025-08-16,pw01dud102023101847/25,ナオミライトニング,2025-11-01,牝2,3
2025-07-06,pw01dud102022103883/EB,ナギサノバルコニー,2025-08-30,牝3,6
2025-11-15,pw01dud102023105868/74,ナクソス,2025-12-13,牡2,3
2025-02-01,pw01dud102022104847/66,ナクライト,2025-02-01,牡3,1
2025-08-30,pw01dud102022105552/93,ナグルファル,2025-10-04,牡3,4
2025-04-27,pw01dud102020103339/40,ナゲットモンスター,2025-09-14,牡5,6
2025-08-17,pw01dud102021101703/D0,ナスティウェザー,2025-08-17,牡4,3
2025-11-09,pw01dud102020109094/68,ナスノカンゲツ,2025-12-06,牡5,4
2025-11-16,pw01dud102022106544/58,ナスノソナタ,2025-12-06,牡3,2
2025-02-15,pw01dud102022105066/7A,ナタリア,2025-06-28,牝3,2
2025-07-27,pw01dud102023100587/E3,ナタール,2025-10-13,牝2,3
2025-11-16,pw01dud102023102212/7F,ナダッコ,2025-11-24,牡2,3
2025-07-19,pw01dud102020105939/44,ナチュラルハイ,2025-07-19,牡5,4
2025-08-17,pw01dud102020102559/D3,ナチュラルリバー,2025-11-15,牡5,8
2025-06-07,pw01dud102019100110/67,ナッカーフェイス,2025-12-06,牡6,6
2025-04-20,pw01dud102021105148/E5,ナックアテナ,2025-04-20,牝4,2
2025-01-11,pw01dud102018105521/CD,ナックイルシーブ,2025-03-23,牡7,2
2025-08-24,pw01dud102022106304/B6,ナックエルドラド,2025-12-28,牡3,9
2025-05-03,pw01dud102022101542/C7,ナックオリオン,2025-08-10,牡3,7
2025-02-15,pw01dud102022101655/61,ナックカイザー,2025-02-15,牡3,1
2025-07-27,pw01dud102022105307/20,ナックシュバリエ,2025-08-24,牡3,6
2025-10-05,pw01dud102023104437/1E,ナックステート,2025-10-19,牡2,2
2025-12-06,pw01dud102023100282/11,ナックスプレンダー,2025-12-06,牡2,1
2025-02-15,pw01dud102020106024/2B,ナックダンス,2025-05-10,牝5,4
2025-05-11,pw01dud102022102362/74,ナックトライアンフ,2025-05-11,牡3,5
2025-04-19,pw01dud102020100355/C7,ナックブレイブ,2025-04-19,牡5,2
2025-10-04,pw01dud102023103885/5D,ナックホワイト,2025-11-16,牝2,3
2025-02-16,pw01dud102022103723/5A,ナックメテオ,2025-02-16,牡3,1
2025-08-03,pw01dud102022105819/0B,ナッシングベター,2025-08-30,牝3,6
2025-12-20,pw01dud102023105951/70,ナディア,2025-12-20,牝2,1
2025-10-05,pw01dud102023102431/8E,ナデシコ,2025-12-07,牝2,4
2025-10-26,pw01dud102023103916/91,ナデシコザクラ,2025-10-26,牝2,2
2025-01-18,pw01dud102021102392/18,ナナオ,2025-11-08,牝4,5
2025-06-08,pw01dud102023102619/68,ナハトナナレオン,2025-10-05,牝2,2
2025-08-31,pw01dud102021105150/5D,ナファロア,2025-12-21,牡4,7
2025-06-22,pw01dud102023103294/D4,ナフセッド,2025-11-01,牡2,2
2025-11-08,pw01dud102023104377/2D,ナブッコ,2025-12-13,牡2,4
2025-04-20,pw01dud102017104681/E3,ナムアミダブツ,2025-11-16,牡8,6
2025-08-10,pw01dud102021102888/AF,ナムラアトム,2025-11-16,牡4,5
2025-04-19,pw01dud102021101825/07,ナムライリス,2025-11-22,牝4,8
2025-05-18,pw01dud102021102895/66,ナムラエイハブ,2025-12-06,牡4,8
2025-06-14,pw01dud102021101102/37,ナムラエデン,2025-06-29,牝4,5
2025-08-24,pw01dud102022102649/0C,ナムラエミー,2025-08-24,牝3,3
2025-08-16,pw01dud102022102898/4B,ナムラエン,2025-08-16,牝3,3
2025-10-18,pw01dud102023106232/5B,ナムラオットー,2025-11-01,牡2,2
2025-10-13,pw01dud102023106236/27,ナムラオリガミ,2025-10-25,牝2,3
2025-02-08,pw01dud102017100084/5A,ナムラカミカゼ,2025-03-01,牡8,3
2025-08-24,pw01dud102022102887/C8,ナムラクララ,2025-11-30,牝3,7
2025-06-14,pw01dud102019103753/F3,ナムラクレア,2025-12-27,牝6,4
2025-04-19,pw01dud102022100145/6D,ナムラクレープ,2025-05-04,牝3,5
2025-10-25,pw01dud102023106227/8A,ナムラコスモス,2025-11-08,牝2,4
2025-04-12,pw01dud102018100094/F6,ナムラシベラ,2025-04-12,牝7,2
2025-07-26,pw01dud102023100672/C5,ナムラシンジロー,2025-11-23,牡2,5
2025-02-02,pw01dud102022101814/10,ナムラジミー,2025-09-07,牡3,5
2025-11-08,pw01dud102023106239/80,ナムラステラ,2025-11-08,牝2,2
2025-10-12,pw01dud102023106222/4B,ナムラソラン,2025-12-13,牝2,4
2025-10-19,pw01dud102023106228/FD,ナムラティアラ,2025-12-13,牝2,4
2025-06-15,pw01dud102022106874/1B,ナムラトロム,2025-12-13,牡3,9
2025-08-31,pw01dud102023106240/85,ナムラドロン,2025-09-27,牡2,3
2025-05-04,pw01dud102021104267/D4,ナムラドーギー,2025-11-01,牡4,8
2025-12-28,pw01dud102023100463/C6,ナムラハリス,2025-12-28,牝2,1
2025-12-06,pw01dud102023106221/D8,ナムラハンナ,2025-12-06,牝2,1
2025-10-05,pw01dud102023106241/F8,ナムラパピ,2025-12-20,牝2,4
2025-03-15,pw01dud102022104304/D8,ナムラパール,2025-06-21,牝3,3
2025-08-16,pw01dud102023106226/17,ナムラヒナギク,2025-12-28,牝2,5
2025-01-05,pw01dud102022107255/37,ナムラフィクサー,2025-05-31,牡3,5
2025-08-02,pw01dud102021102510/14,ナムラフッカー,2025-12-07,牡4,8
2025-04-20,pw01dud102019101975/7D,ナムラフランク,2025-12-28,牡6,5
2025-06-15,pw01dud102022100144/FA,ナムラブルータス,2025-06-21,牡3,2
2025-04-20,pw01dud102021102420/F3,ナムラブーニン,2025-12-06,牡4,8
2025-04-13,pw01dud102022104303/65,ナムラペルル,2025-12-13,牝3,7
2025-10-11,pw01dud102023106234/41,ナムラマフィン,2025-12-27,牝2,3
2025-11-16,pw01dud102022103078/92,ナムラモモ,2025-11-16,牝3,7
2025-10-04,pw01dud102023106242/6B,ナムラライラック,2025-12-21,牝2,6
2025-06-28,pw01dud102020101288/0E,ナムララジベラ,2025-12-14,牝5,6
2025-06-28,pw01dud102023100673/38,ナムラリアン,2025-10-25,牝2,3
2025-01-13,pw01dud102021100604/23,ナムラルッコラ,2025-11-22,牝4,8
2025-10-19,pw01dud102023106223/BE,ナムラロダン,2025-11-16,牡2,2
2025-04-26,pw01dud102022101130/0D,ナムラロビン,2025-04-26,牡3,1
2025-07-26,pw01dud102021103092/74,ナムラローズマリー,2025-11-08,牝4,6
2025-01-25,pw01dud102022101129/08,ナムラローラ,2025-05-24,牝3,5
2025-11-23,pw01dud102023106243/DE,ナムラヴンダー,2025-12-28,牡2,5
2025-08-17,pw01dud102022106672/D3,ナユタ,2025-08-17,牝3,1
2025-10-18,pw01dud102023105635/89,ナリタアーマー,2025-11-09,牡2,2
2025-09-28,pw01dud102023105046/E6,ナリタエスペランサ,2025-12-28,牡2,3
2025-08-09,pw01dud102022102739/2D,ナリタヒカリ,2025-08-30,牝3,10
2025-01-13,pw01dud102018100474/9A,ナリタフォルテ,2025-02-16,牡7,3
2025-08-02,pw01dud102022101488/88,ナリタボニー,2025-08-02,牝3,5
2025-06-21,pw01dud102022105269/35,ナリノエンブレム,2025-11-22,牝3,6
2025-09-21,pw01dud102023105963/66,ナリノシャーウッド,2025-12-14,牡2,2
2025-08-03,pw01dud102022105464/58,ナリノボガート,2025-08-09,牡3,8
2025-04-26,pw01dud102017104700/21,ナリノモンターニュ,2025-11-08,牡8,5
2025-06-28,pw01dud102022101638/9A,ナルカミ,2025-12-07,牡3,4
2025-12-06,pw01dud102023110085/D6,ナルキッソス,2025-12-27,牡2,2
2025-06-21,pw01dud102022102063/54,ナルサー,2025-06-21,牡3,5
2025-02-01,pw01dud102022109121/E8,ナンゴクトップガン,2025-02-01,牡3,1
2025-06-29,pw01dud102023109107/06,ナンゴクモンジュー,2025-07-20,牝2,3
2025-10-05,pw01dud102023109111/64,ナンテヒダ,2025-10-13,牡2,5
2025-04-12,pw01dud102022102878/2B,ナンナンプー,2025-11-22,牝3,8
2025-09-07,pw01dud102020103513/D0,ナンヨークリスタル,2025-12-20,せん5,9
2025-01-12,pw01dud102022104583/47,ナンヨーパワフル,2025-05-03,牡3,4
2025-02-09,pw01dud102022100069/28,ナンヨービッグ,2025-02-09,牡3,1
2025-10-04,pw01dud102023106579/53,ナンヨーメルシー,2025-10-19,牡2,2
2025-06-29,pw01dud102023102598/44,ナンヨーラーク,2025-10-18,牝2,3
2025-11-16,pw01dud102023101878/C8,ナンヨーリクエスト,2025-11-16,牝2,1
2025-11-15,pw01dud102023106305/B5,ナンヨーロイヤル,2025-11-29,牡2,3
2025-03-01,pw01dud102018105748/74,ナンヨーヴィヨレ,2025-03-01,牡7,1
2025-06-29,pw01dud102022105072/BE,ナヴァラトゥナ,2025-11-29,牡3,5
2025-10-25,pw01dud102020103456/38,ナヴォーナ,2025-12-07,牡5,4
2025-08-09,pw01dud102023102935/4F,ニケフェリーチェ,2025-12-27,牝2,5
2025-07-27,pw01dud102022103336/FF,ニコ,2025-09-06,牝3,4
2025-05-25,pw01dud102021104908/3E,ニコラウス,2025-11-09,牡4,6
2025-07-19,pw01dud102023109138/A9,ニシカラキタユウマ,2025-07-19,牡2,1
2025-10-04,pw01dud102020105144/8D,ニシキギミッチー,2025-11-30,牡5,4
2025-04-27,pw01dud102021107089/45,ニシノアウェイク,2025-04-27,牡4,2
2025-04-19,pw01dud102021103119/4A,ニシノアヤカゼ,2025-11-08,牝4,7
2025-04-19,pw01dud102022107202/8E,ニシノイストワール,2025-04-19,牡3,4
2025-02-22,pw01dud102022102221/90,ニシノイッキサス,2025-05-04,牡3,4
2025-01-12,pw01dud102022107012/3C,ニシノイツキムスメ,2025-11-01,牝3,7
2025-10-19,pw01dud102021100190/F2,ニシノインヴィクタ,2025-12-14,牡4,6
2025-06-28,pw01dud102023109169/4C,ニシノイーグレット,2025-07-19,牡2,3
2025-12-21,pw01dud102023106271/28,ニシノエビガタメ,2025-12-21,牡2,1
2025-09-07,pw01dud102022100724/00,ニシノエピカリ,2025-11-08,牝3,6
2025-01-05,pw01dud102022104070/E9,ニシノエンデヴァー,2025-03-09,牡3,2
2025-06-01,pw01dud102022106155/17,ニシノエージェント,2025-06-01,牡3,3
2025-06-29,pw01dud102023106277/DA,ニシノエースサマ,2025-12-20,牡2,5
2025-10-11,pw01dud102023106273/0E,ニシノオトムスメ,2025-12-13,牝2,2
2025-01-06,pw01dud102022102705/31,ニシノオーブ,2025-01-06,牝3,1
2025-08-03,pw01dud102023104689/B6,ニシノオールワン,2025-12-28,牝2,3
2025-07-27,pw01dud102022107275/57,ニシノカクテル,2025-07-27,牝3,4
2025-02-16,pw01dud102020100418/11,ニシノカシミヤ,2025-02-16,牝5,1
2025-04-27,pw01dud102022107099/E1,ニシノカスガイ,2025-04-27,牝3,3
2025-06-29,pw01dud102023106656/0B,ニシノカルラ,2025-12-21,牡2,6
2025-12-06,pw01dud102023106262/8B,ニシノカーロ,2025-12-06,牡2,1
2025-11-22,pw01dud102023106264/71,ニシノガウェイン,2025-11-22,牡2,4
2025-08-10,pw01dud102023106270/B5,ニシノガランテ,2025-12-07,牝2,3
2025-08-17,pw01dud102023104598/22,ニシノガンリキ,2025-11-24,牡2,5
2025-03-16,pw01dud102022105239/05,ニシノキヨハ,2025-03-16,牝3,1
2025-10-25,pw01dud102023100372/32,ニシノギブソン,2025-10-25,牡2,3
2025-08-03,pw01dud102023100360/3C,ニシノギャルズ,2025-11-09,牝2,2
2025-04-13,pw01dud102021100187/07,ニシノクラウン,2025-11-22,せん4,8
2025-05-31,pw01dud102022100234/1B,ニシノクレシダ,2025-06-21,牝3,2
2025-07-13,pw01dud102022106999/AB,ニシノクードクール,2025-11-09,牝3,9
2025-06-28,pw01dud102023106268/3D,ニシノグラシアス,2025-09-13,牝2,2
2025-08-10,pw01dud102022106427/60,ニシノケンタマン,2025-08-10,牡3,4
2025-10-18,pw01dud102023106259/A0,ニシノゲッパク,2025-11-30,牝2,3
2025-01-12,pw01dud102021100189/ED,ニシノコイゴコロ,2025-01-12,牝4,1
2025-01-05,pw01dud102022100677/78,ニシノコイネガイ,2025-01-05,牝3,1
2025-06-21,pw01dud102022100400/81,ニシノコイブミ,2025-07-26,牝3,4
2025-02-23,pw01dud102020105484/60,ニシノコウダイ,2025-09-27,牡5,5
2025-01-26,pw01dud102020105496/56,ニシノコウフク,2025-02-15,牝5,3
2025-05-04,pw01dud102019100937/34,ニシノコニャック,2025-12-28,牡6,8
2025-02-15,pw01dud102022100879/C0,ニシノコヌカアメ,2025-02-15,牝3,1
2025-11-09,pw01dud102023104699/C6,ニシノコハルビヨリ,2025-11-09,牝2,3
2025-04-27,pw01dud102021107253/C5,ニシノコマチムスメ,2025-12-14,牝4,10
2025-08-16,pw01dud102023101271/7D,ニシノゴージャス,2025-11-16,牝2,3
2025-01-25,pw01dud102021100779/03,ニシノザイホウ,2025-01-25,牡4,1
2025-07-19,pw01dud102023105138/ED,ニシノシャルム,2025-11-08,牝2,3
2025-11-16,pw01dud102022106998/38,ニシノジェダイ,2025-11-30,牡3,6
2025-02-09,pw01dud102022106158/70,ニシノジョバンニ,2025-02-09,牡3,2
2025-06-29,pw01dud102021107062/00,ニシノジーク,2025-11-15,せん4,6
2025-04-26,pw01dud102022100553/5B,ニシノステディミキ,2025-04-26,牝3,4
2025-07-05,pw01dud102019103570/58,ニシノスピカ,2025-11-01,牝6,6
2025-06-22,pw01dud102023106275/F4,ニシノスフィンクス,2025-06-22,牝2,1
2025-07-27,pw01dud102019101408/71,ニシノスーベニア,2025-12-13,牡6,5
2025-08-09,pw01dud102023100354/F8,ニシノセイエス,2025-12-13,牝2,4
2025-12-07,pw01dud102023106269/B0,ニシノセイドウ,2025-12-28,牡2,2
2025-11-08,pw01dud102023104714/38,ニシノタチアナ,2025-11-24,牝2,2
2025-11-24,pw01dud102022100540/F2,ニシノタンギー,2025-11-24,牡3,8
2025-11-30,pw01dud102023106263/FE,ニシノツネオ,2025-11-30,牡2,1
2025-07-06,pw01dud102021100244/9F,ニシノティアモ,2025-11-22,牝4,4
2025-01-05,pw01dud102022107201/1B,ニシノティターニア,2025-03-15,牝3,2
2025-03-15,pw01dud102022100697/98,ニシノテュケ,2025-03-15,牝3,2
2025-05-03,pw01dud102020100236/E9,ニシノトキメキ,2025-10-19,牝5,5
2025-11-29,pw01dud102023106255/D4,ニシノトップダノン,2025-11-29,牡2,1
2025-11-16,pw01dud102023106272/9B,ニシノトマラナイ,2025-11-30,せん2,3
2025-11-23,pw01dud102023104703/B5,ニシノトリビュート,2025-12-13,牡2,2
2025-03-29,pw01dud102022100679/5E,ニシノドロシー,2025-03-29,牝3,1
2025-11-02,pw01dud102023104698/53,ニシノナスタチウム,2025-11-15,牝2,2
2025-11-29,pw01dud102023101589/B8,ニシノネガイ,2025-12-21,牡2,2
2025-05-11,pw01dud102022100788/2C,ニシノハナビ,2025-05-11,牝3,2
2025-12-06,pw01dud102023106274/81,ニシノバリキング,2025-12-06,牡2,1
2025-07-05,pw01dud102020105495/E3,ニシノパプルブリリ,2025-12-20,牝5,9
2025-08-10,pw01dud102022100678/EB,ニシノヒナアラレ,2025-11-09,牝3,8
2025-11-15,pw01dud102023106254/61,ニシノヒノトリ,2025-12-14,牡2,2
2025-04-12,pw01dud102022101171/C0,ニシノヒミチュ,2025-11-15,牝3,5
2025-01-25,pw01dud102022101172/33,ニシノヒルブライト,2025-03-29,牝3,2
2025-11-15,pw01dud102023106261/18,ニシノヒンメル,2025-11-23,牝2,3
2025-06-29,pw01dud102020105492/8A,ニシノピウモッソ,2025-09-13,牡5,6
2025-05-10,pw01dud102022107013/AF,ニシノフローレス,2025-05-10,牝3,6
2025-08-02,pw01dud102022107011/C9,ニシノブレイゼスト,2025-12-27,牡3,8
2025-04-26,pw01dud102022107086/78,ニシノプライム,2025-08-24,牡3,4
2025-05-04,pw01dud102022102707/17,ニシノプロテア,2025-06-15,牡3,4
2025-02-16,pw01dud102022107204/74,ニシノヘリオトロプ,2025-02-16,牝3,1
2025-02-02,pw01dud102022100917/AB,ニシノベニトアイト,2025-05-18,牡3,4
2025-08-24,pw01dud102023100067/CE,ニシノマグノリア,2025-12-21,牡2,4
2025-12-27,pw01dud102023104713/C5,ニシノマルガリート,2025-12-27,牡2,1
2025-07-26,pw01dud102023100179/F5,ニシノマーレ,2025-12-06,牝2,5
2025-12-13,pw01dud102022104403/96,ニシノミチアキ,2025-12-13,牡3,6
2025-10-18,pw01dud102023109173/AA,ニシノメイホウ,2025-10-18,牡2,4
2025-12-20,pw01dud102023100362/22,ニシノモリミチ,2025-12-20,牡2,1
2025-02-09,pw01dud102022100903/CF,ニシノライオネス,2025-05-11,牝3,2
2025-08-10,pw01dud102020105494/70,ニシノライコウ,2025-11-23,牡5,7
2025-08-30,pw01dud102023106258/2D,ニシノランペイジ,2025-12-28,牡2,5
2025-08-31,pw01dud102022102220/1D,ニシノラヴァンダ,2025-12-27,牝3,3
2025-07-26,pw01dud102021100184/AE,ニシノリアリティ,2025-10-13,牡4,4
2025-01-13,pw01dud102022107203/01,ニシノリンダ,2025-01-13,牝3,1
2025-08-23,pw01dud102022102709/FD,ニシノルアノーヴァ,2025-09-06,牡3,5
2025-07-19,pw01dud102021106994/E0,ニシノルミリオン,2025-09-15,牡4,5
2025-05-03,pw01dud102019102938/85,ニシノレバンテ,2025-08-30,牡6,6
2025-09-07,pw01dud102020100254/23,ニシノレヴナント,2025-11-09,せん5,7
2025-10-18,pw01dud102023104706/0E,ニシノロッドマン,2025-11-09,牡2,4
2025-08-09,pw01dud102023109171/C4,ニシノローラン,2025-08-09,牡2,2
2025-06-22,pw01dud102021100948/C2,ニシノヴィヴィ,2025-06-22,牝4,1
2025-08-03,pw01dud102022100539/ED,ニジノカナタニ,2025-08-23,牝3,4
2025-06-15,pw01dud102020102439/82,ニジュウダンサー,2025-12-20,牝5,6
2025-06-29,pw01dud102022103220/0C,ニタモノドウシ,2025-12-27,牡3,6
2025-11-16,pw01dud102023101348/A3,ニチヤヲツイデ,2025-11-16,牝2,1
2025-04-26,pw01dud102021101643/DF,ニックオブタイム,2025-04-26,せん4,1
2025-07-26,pw01dud102022102356/30,ニッシンゲッポ,2025-08-23,牝3,6
2025-06-28,pw01dud102022103108/53,ニットウアクシア,2025-06-28,牝3,3
2025-11-23,pw01dud102020106782/FC,ニットウバジル,2025-12-14,牡5,5
2025-08-10,pw01dud102023100198/A2,ニッパーズ,2025-08-10,牡2,1
2025-12-13,pw01dud102023102190/E8,ニテンイチリュウ,2025-12-13,牡2,1
2025-02-15,pw01dud102022104107/CF,ニニンサンキャク,2025-04-06,牡3,3
2025-08-24,pw01dud102022102490/EF,ニネンエフグミ,2025-09-14,牝3,4
2025-03-15,pw01dud102022102383/07,ニヒトツーゼーア,2025-12-20,牡3,8
2025-08-16,pw01dud102020101134/C1,ニフェーデービル,2025-11-23,せん5,5
2025-05-24,pw01dud102020104224/AF,ニホンピロアリー,2025-05-24,牝5,1
2025-10-19,pw01dud102023102684/99,ニホンピロエール,2025-11-22,牡2,3
2025-06-14,pw01dud102022103863/CB,ニホンピロカスター,2025-07-06,牡3,4
2025-06-15,pw01dud102022103862/58,ニホンピロカミーノ,2025-06-28,牡3,2
2025-05-03,pw01dud102021103842/AC,ニホンピロカラット,2025-11-23,牡4,4
2025-02-15,pw01dud102020104564/82,ニホンピロキーフ,2025-12-06,牡5,7
2025-11-15,pw01dud102021103845/05,ニホンピロゴルディ,2025-12-13,牡4,7
2025-03-15,pw01dud102021104209/5A,ニホンピロデルマー,2025-03-15,牝4,1
2025-03-16,pw01dud102022104214/B7,ニホンピロデヴィン,2025-12-21,牡3,5
2025-04-26,pw01dud102021104210/5F,ニホンピロトッティ,2025-11-29,牝4,7
2025-01-25,pw01dud102018103828/A7,ニホンピロハーバー,2025-11-01,牡7,4
2025-11-09,pw01dud102021104208/E7,ニホンピロホリデー,2025-11-09,牝4,4
2025-02-16,pw01dud102018104162/CD,ニホンピロマリブ,2025-03-16,牡7,3
2025-02-15,pw01dud102021103841/39,ニホンピロマリンバ,2025-12-14,牝4,8
2025-03-22,pw01dud102022103861/E5,ニホンピロマーベル,2025-09-20,牡3,7
2025-02-23,pw01dud102022103865/B1,ニホンピロミラーク,2025-03-16,牡3,2
2025-05-10,pw01dud102022104212/D1,ニホンピロリーチ,2025-06-29,牝3,4
2025-07-26,pw01dud102023103477/6F,ニミッツハイウェイ,2025-12-13,牡2,3
2025-06-28,pw01dud102023102002/0D,ニャンキニーズ,2025-11-08,牡2,4
2025-07-26,pw01dud102023104151/F9,ニャンタロウ,2025-12-14,牡2,4
2025-11-09,pw01dud102023100487/B2,ニャンモロー,2025-11-09,牝2,3
2025-08-16,pw01dud102023106495/76,ニューアライブ,2025-08-16,牡2,1
2025-01-13,pw01dud102022103461/21,ニューウォーク,2025-02-16,牝3,3
2025-02-22,pw01dud102022106615/CC,ニューエラ,2025-04-12,牝3,2
2025-03-30,pw01dud102022106920/30,ニューオーリンズ,2025-12-28,牡3,6
2025-10-12,pw01dud102023101571/10,ニューカワイイ,2025-11-29,牝2,4
2025-12-28,pw01dud102023105341/3A,ニュークリアス,2025-12-28,牡2,1
2025-01-18,pw01dud102022101601/45,ニュークレド,2025-11-29,牡3,11
2025-05-18,pw01dud102021105807/89,ニュージーズ,2025-09-27,牡4,2
2025-06-28,pw01dud102021100206/45,ニューステソーロ,2025-11-01,牝4,6
2025-04-12,pw01dud102022101666/E4,ニュースフラッシュ,2025-04-12,牡3,1
2025-10-04,pw01dud102023102078/2F,ニュートラ,2025-11-22,牝2,3
2025-01-25,pw01dud102019105297/E8,ニューノーマル,2025-01-25,牝6,1
2025-02-22,pw01dud102021105692/78,ニューバラード,2025-10-18,牡4,4
2025-08-10,pw01dud102022104643/38,ニューファウンド,2025-11-29,せん3,6
2025-01-26,pw01dud102016105885/74,ニューモニュメント,2025-01-26,牡9,1
2025-08-17,pw01dud102022104602/85,ニューヤンキー,2025-08-17,牝3,4
2025-08-03,pw01dud102018110134/95,ニルアドミラリ,2025-08-03,せん7,3
2025-09-06,pw01dud102023107231/D7,ニルマーネル,2025-12-14,牝2,3
2025-02-01,pw01dud102017103048/B3,ニンギルス,2025-02-01,牡8,1
2025-08-16,pw01dud102023106658/F1,ニンジャトットリ,2025-12-20,牡2,4
2025-02-02,pw01dud102022102329/59,ニンマリ,2025-03-01,牝3,2
2025-08-31,pw01dud102022104761/A3,ニヴルヘイム,2025-11-16,牡3,6
2025-04-13,pw01dud102022100270/8F,ニーケアイリス,2025-06-01,牝3,3
2025-08-17,pw01dud102022105533/E6,ニーナバイリッカ,2025-09-14,牝3,5
2025-10-19,pw01dud102023101724/7B,ヌクレオチド,2025-11-09,牡2,3
2025-02-09,pw01dud102022102291/00,ヌンボラ,2025-02-09,牝3,3
2025-07-20,pw01dud102022103008/22,ヌンルチル,2025-07-20,牝3,5
2025-01-19,pw01dud102022100272/75,ヌーヴェルソール,2025-09-14,牝3,3
2025-07-12,pw01dud102022102586/C2,ヌーヴォルミエール,2025-08-02,牡3,4
2025-07-05,pw01dud102021104722/4A,ネイサン,2025-10-25,牡4,13
2025-06-07,pw01dud102018102917/66,ネイチャーシップ,2025-12-21,牡7,9
2025-08-17,pw01dud102022107351/9C,ネイチャーズロウ,2025-08-17,牡3,7
2025-09-07,pw01dud102023105319/A2,ネイティヴプライド,2025-12-27,牡2,2
2025-01-18,pw01dud102019102701/CE,ネイト,2025-05-04,牝6,4
2025-11-16,pw01dud102020103795/98,ネイビースター,2025-11-16,せん5,3
2025-07-05,pw01dud102019100072/7C,ネイリッカ,2025-12-07,牝6,4
2025-11-22,pw01dud102021103338/59,ネイルンノ,2025-11-22,牡4,4
2025-10-11,pw01dud102023100027/8E,ネオアカジョウ,2025-10-11,牡2,1
2025-12-28,pw01dud102023103049/61,ネオアンボウ,2025-12-28,牡2,1
2025-05-04,pw01dud102022104866/13,ネオクイーン,2025-08-30,牝3,5
2025-05-03,pw01dud102021106064/F7,ネオゴールド,2025-06-01,牡4,2
2025-07-12,pw01dud102021106063/84,ネオシルバー,2025-12-07,牡4,7
2025-05-17,pw01dud102022101023/25,ネオディヤマンテ,2025-06-01,牡3,3
2025-06-22,pw01dud102022103753/8A,ネクストダンサー,2025-06-22,牝3,5
2025-11-30,pw01dud102023106685/C8,ネクストドア,2025-12-21,牡2,2
2025-08-24,pw01dud102021100070/A1,ネクストヒロイン,2025-08-24,牝4,5
2025-03-01,pw01dud102021103214/3C,ネグレスコ,2025-12-28,牝4,8
2025-01-13,pw01dud102022105648/66,ネスト,2025-01-13,牡3,1
2025-10-13,pw01dud102023103639/77,ネッカーズルム,2025-11-29,牡2,3
2025-01-13,pw01dud102020105954/25,ネッケツシャチョウ,2025-01-25,牡5,2
2025-08-31,pw01dud102023104690/BB,ネッタイヤライ,2025-11-29,牡2,4
2025-04-19,pw01dud102022104656/A1,ネティフラウ,2025-06-28,牝3,3
2025-07-26,pw01dud102022106614/59,ネトル,2025-09-06,牝3,8
2025-11-08,pw01dud102023106184/60,ネネキリマル,2025-12-27,牡2,4
2025-07-06,pw01dud102020106983/D1,ネバレチュゴー,2025-07-06,牡5,3
2025-02-01,pw01dud102021100294/EF,ネバーモア,2025-10-12,牝4,3
2025-04-13,pw01dud102022100378/58,ネバーランドリーム,2025-08-24,牝3,5
2025-12-13,pw01dud102023100951/C5,ネバールックバック,2025-12-13,牝2,1
2025-04-19,pw01dud102020103436/18,ネビュルーズ,2025-05-17,牡5,3
2025-04-19,pw01dud102018103677/22,ネビーイーム,2025-12-27,牡7,5
2025-02-16,pw01dud102022105140/D9,ネブラディスク,2025-11-22,牡3,5
2025-08-23,pw01dud102022104805/40,ネポティズムベビー,2025-08-23,牝3,5
2025-10-13,pw01dud102023110095/E6,ネメス,2025-12-21,牡2,3
2025-11-22,pw01dud102021105549/1C,ネロコルヴィーノ,2025-11-22,牡4,6
2025-07-27,pw01dud102022105431/CF,ネーブルオレンジ,2025-11-02,牝3,8
2025-10-12,pw01dud102022105783/98,ネーヴェフレスカ,2025-12-14,牝3,7
2025-10-18,pw01dud102023101392/41,ノアシルヴィ,2025-12-21,牝2,3
2025-02-08,pw01dud102021102784/B2,ノアスペシャル,2025-10-12,牝4,5
2025-12-27,pw01dud102022102349/79,ノアチュロス,2025-12-27,牝3,5
2025-04-20,pw01dud102022101847/99,ノアバクシンオー,2025-04-20,牡3,2
2025-07-06,pw01dud102022102350/7E,ノアファースト,2025-07-06,牡3,4
2025-01-18,pw01dud102021107206/CE,ノアフェイス,2025-04-13,牡4,3
2025-08-23,pw01dud102022102446/51,ノアヴィヴァーチェ,2025-12-14,牡3,5
2025-08-30,pw01dud102023104047/6A,ノアールビーナス,2025-12-20,牝2,6
2025-05-10,pw01dud102022105707/E4,ノイエムジーク,2025-08-09,牡3,4
2025-07-19,pw01dud102022105371/DE,ノイシュタット,2025-11-24,牡3,8
2025-07-05,pw01dud102022100671/C6,ノイシュロス,2025-07-05,牡3,2
2025-12-21,pw01dud102021101064/4C,ノイヤー,2025-12-21,牝4,3
2025-04-20,pw01dud102022106043/F0,ノエル,2025-07-05,牡3,2
2025-11-08,pw01dud102023105168/1D,ノクスカンパーナ,2025-12-07,牝2,2
2025-11-22,pw01dud102021102900/C8,ノクターナル,2025-12-21,牝4,3
2025-11-24,pw01dud102023101129/94,ノクターナルハント,2025-11-24,牡2,1
2025-08-10,pw01dud102022105118/41,ノクターン,2025-12-27,牝3,4
2025-07-26,pw01dud102022105550/AD,ノクナレア,2025-12-21,牝3,5
2025-08-30,pw01dud102023107143/9C,ノチェセラーダ,2025-12-27,牡2,4
2025-09-06,pw01dud102022107014/22,ノックシュライン,2025-09-06,牡3,3
2025-03-01,pw01dud102020104240/03,ノッテルーナ,2025-03-29,牝5,4
2025-06-14,pw01dud102021106625/50,ノットイナフ,2025-12-14,牡4,5
2025-07-27,pw01dud102020103462/7C,ノットファウンド,2025-11-23,牝5,5
2025-03-01,pw01dud102022105057/DD,ノビリシマビジョン,2025-12-21,牝3,3
2025-05-25,pw01dud102021102091/12,ノビル,2025-12-13,牝4,7
2025-05-25,pw01dud102022101897/E9,ノブエイト,2025-06-07,せん3,2
2025-07-12,pw01dud102023103955/5E,ノブステップ,2025-12-13,牡2,4
2025-04-27,pw01dud102022101614/AE,ノブダブルホワイト,2025-09-13,牡3,9
2025-04-19,pw01dud102022101898/5C,ノブノリオウ,2025-09-07,牡3,4
2025-09-06,pw01dud102023105777/E0,ノブピースオブラブ,2025-12-14,牡2,4
2025-07-05,pw01dud102022103247/51,ノブレスジャン,2025-08-03,牡3,3
2025-10-18,pw01dud102023106455/36,ノブレスラブリエ,2025-10-18,牝2,1
2025-07-05,pw01dud102023102900/E0,ノベンバーベイズ,2025-08-31,牝2,3
2025-01-11,pw01dud102020106393/BB,ノボリクレバー,2025-11-09,牝5,7
2025-10-04,pw01dud102021102718/0E,ノボリショウリュウ,2025-10-19,牡4,7
2025-04-12,pw01dud102022105436/0E,ノボリディアマン,2025-08-02,牡3,6
2025-10-25,pw01dud102023106626/DB,ノボリフジ,2025-12-21,牡2,3
2025-05-04,pw01dud102022102740/32,ノボリミッション,2025-05-04,牡3,1
2025-08-03,pw01dud102022102733/7B,ノボリユーミン,2025-08-31,牝3,7
2025-01-26,pw01dud102022103058/72,ノボリリア,2025-12-20,牝3,7
2025-04-26,pw01dud102022106771/91,ノメンターノ,2025-05-25,牝3,5
2025-04-19,pw01dud102022105633/17,ノラリクラリ,2025-11-29,牡3,9
2025-12-14,pw01dud102023106094/3F,ノリキング,2025-12-14,牡2,1
2025-07-26,pw01dud102023106110/24,ノリチャンボウルズ,2025-11-08,牝2,3
2025-10-04,pw01dud102023101721/22,ノリノドラゴン,2025-11-09,牡2,3
2025-09-27,pw01dud102023106109/1F,ノリノリソックス,2025-09-27,牝2,1
2025-03-02,pw01dud102021101742/9D,ノリピー,2025-03-02,牝4,3
2025-11-22,pw01dud102023106079/5E,ノリマル,2025-11-22,牡2,4
2025-07-12,pw01dud102020102711/5D,ノルドヴェスト,2025-10-05,牡5,6
2025-08-10,pw01dud102022103539/BA,ノロシ,2025-08-31,牡3,4
2025-05-17,pw01dud102022105361/CE,ノワスティエ,2025-06-14,牝3,3
2025-01-25,pw01dud102022103554/9B,ノワールエブラン,2025-01-25,牝3,1
2025-11-22,pw01dud102022103511/02,ノンスタンダルド,2025-11-22,牝3,6
2025-12-14,pw01dud102023106941/4F,ノンブルドール,2025-12-14,牡2,2
2025-06-08,pw01dud102021105509/DC,ノヴァエクスプレス,2025-08-17,牡4,4
2025-08-23,pw01dud102022101482/D6,ノヴァエスペランサ,2025-08-23,牡3,4
2025-12-20,pw01dud102023106938/64,ノヴァキュライト,2025-12-20,牝2,1
2025-11-22,pw01dud102023105587/8E,ノヴァレジーナ,2025-11-29,牝2,3
2025-11-24,pw01dud102023105426/8A,ノヴェルカフナ,2025-12-21,牝2,2
2025-10-19,pw01dud102023106694/65,ノーウェアマン,2025-12-27,牡2,4
2025-02-10,pw01dud102022102414/3B,ノーザトゥルース,2025-02-10,牝3,1
2025-10-13,pw01dud102023105275/05,ノーザンタイタン,2025-10-13,牝2,1
2025-06-29,pw01dud102022100191/F1,ノースカトレア,2025-08-16,牝3,5
2025-04-20,pw01dud102022103052/C0,ノースグロリア,2025-06-29,牡3,6
2025-02-15,pw01dud102018100420/7E,ノースザワールド,2025-03-22,牡7,2
2025-09-07,pw01dud102022103579/FA,ノースタンダード,2025-09-07,牡3,2
2025-02-01,pw01dud102020105298/DA,ノースディーバ,2025-02-01,牡5,1
2025-11-09,pw01dud102018102348/E3,ノースブリッジ,2025-11-09,牡7,1
2025-08-23,pw01dud102023103594/67,ノースミソロジー,2025-11-02,牡2,3
2025-11-09,pw01dud102018104837/33,ノーダブルディップ,2025-12-13,牡7,6
2025-12-28,pw01dud102023103020/36,ノーチェ,2025-12-28,牝2,1
2025-02-02,pw01dud102019104908/33,ノーティアス,2025-03-01,牡6,2
2025-12-13,pw01dud102023102916/A2,ノートルダム,2025-12-13,牝2,1
2025-12-06,pw01dud102023101851/83,ノーバディーケイム,2025-12-06,牝2,1
2025-10-13,pw01dud102023105826/4E,ノービレ,2025-12-14,牡2,3
2025-01-11,pw01dud102022106549/97,ノーブルアイガー,2025-01-11,牡3,1
2025-04-19,pw01dud102020104744/C4,ノーブルアクト,2025-11-24,牝5,9
2025-12-14,pw01dud102023105422/BE,ノーブルアスール,2025-12-14,牡2,1
2025-12-13,pw01dud102023102198/80,ノーブルウェザー,2025-12-13,牡2,1
2025-04-13,pw01dud102022100528/6A,ノーブルオリンポス,2025-11-16,せん3,6
2025-03-15,pw01dud102022101552/D7,ノーブルオーク,2025-03-15,牡3,1
2025-02-15,pw01dud102020102976/5E,ノーブルクライ,2025-06-01,牡5,4
2025-11-30,pw01dud102023103069/81,ノーブルクラウド,2025-12-20,牝2,2
2025-10-26,pw01dud102023103657/B1,ノーブルクロンヌ,2025-11-24,牝2,3
2025-01-19,pw01dud102022101546/93,ノーブルグレイド,2025-05-17,牝3,3
2025-07-13,pw01dud102021104283/28,ノーブルゲイル,2025-11-16,牡4,5
2025-11-23,pw01dud102023106828/23,ノーブルサヴェージ,2025-11-23,牡2,1
2025-07-06,pw01dud102022102858/0B,ノーブルシーズン,2025-07-06,牡3,2
2025-02-02,pw01dud102022100680/63,ノーブルジェネシス,2025-06-15,牡3,3
2025-11-24,pw01dud102023100056/4B,ノーブルジャッカル,2025-11-24,牡2,1
2025-11-15,pw01dud102023103651/FF,ノーブルスアーク,2025-12-07,牝2,2
2025-01-26,pw01dud102021102256/73,ノーブルスカイ,2025-12-07,牡4,6
2025-11-16,pw01dud102023106709/45,ノーブルティアラ,2025-11-16,牝2,2
2025-10-19,pw01dud102023106706/EC,ノーブルトレジャー,2025-10-19,牝2,1
2025-08-24,pw01dud102021104382/E6,ノーブルニードル,2025-09-14,牡4,3
2025-10-11,pw01dud102022106542/72,ノーブルノワール,2025-10-11,牝3,3
2025-07-13,pw01dud102022100759/6F,ノーブルフェスタ,2025-07-13,牝3,3
2025-12-07,pw01dud102023106704/06,ノーブルブロウ,2025-12-07,牝2,1
2025-06-29,pw01dud102022104280/5B,ノーブルプライム,2025-06-29,牡3,4
2025-11-24,pw01dud102023105986/DF,ノーブルホライズン,2025-12-14,牡2,2
2025-12-14,pw01dud102023104917/F3,ノーブルマドンナ,2025-12-14,牝2,1
2025-02-23,pw01dud102020104636/69,ノーブルマルシェ,2025-03-22,牝5,3
2025-04-26,pw01dud102020106429/2E,ノーブルミステリー,2025-11-01,牝5,10
2025-07-19,pw01dud102022104275/8A,ノーブルライナー,2025-09-15,牡3,9
2025-10-05,pw01dud102023103195/16,ノーブルラホーヤ,2025-10-05,牝2,2
2025-04-27,pw01dud102020100741/AF,ノーブルラン,2025-06-15,牡5,3
2025-02-09,pw01dud102022104278/E3,ノーブルリリー,2025-04-26,牝3,3
2025-10-26,pw01dud102021110148/08,ノーブルロジャー,2025-12-28,牡4,8
2025-07-06,pw01dud102021101166/63,ノーマジック,2025-11-24,牝4,4
2025-04-26,pw01dud102022102219/18,ノーランサンライズ,2025-11-24,牝3,10
2025-08-09,pw01dud102022101326/11,ハイアップグレード,2025-08-30,牡3,9
2025-01-13,pw01dud102019105478/9D,ハイアムズビーチ,2025-01-13,牝6,1
2025-11-24,pw01dud102021106621/84,ハイウェイスター,2025-12-13,牝4,9
2025-02-09,pw01dud102019104750/89,ハイエスティーム,2025-02-09,牝6,1
2025-02-22,pw01dud102018102048/50,ハイエストポイント,2025-02-22,牡7,1
2025-08-03,pw01dud102022105717/F4,ハイエストランク,2025-08-03,牝3,3
2025-08-23,pw01dud102022103930/73,ハイエンドモデル,2025-08-23,牝3,6
2025-08-23,pw01dud102022106924/FC,ハイクオリティ,2025-11-09,牡3,11
2025-01-11,pw01dud102020102910/4C,ハイクライテリア,2025-12-28,せん5,6
2025-05-04,pw01dud102021104474/ED,ハイグッドワールド,2025-12-20,牡4,5
2025-08-02,pw01dud102021102813/00,ハイケンス,2025-12-07,牡4,4
2025-08-03,pw01dud102022102631/64,ハイゼンスレイ,2025-12-07,牝3,8
2025-08-16,pw01dud102022104503/C7,ハイタイド,2025-12-21,牡3,7
2025-04-20,pw01dud102022102811/A6,ハイタッチマドンナ,2025-04-20,牝3,2
2025-06-28,pw01dud102022106009/62,ハイダウェイ,2025-08-23,牡3,4
2025-06-29,pw01dud102023107310/75,ハイティー,2025-06-29,牝2,1
2025-11-09,pw01dud102023102520/3C,ハイテイラオユエ,2025-11-09,牡2,1
2025-08-09,pw01dud102021103821/19,ハイディージェン,2025-08-09,牡4,4
2025-04-19,pw01dud102022100054/D9,ハイヌーンチェコ,2025-06-07,牝3,2
2025-07-26,pw01dud102022104920/52,ハイファイスピード,2025-11-15,牝3,6
2025-05-11,pw01dud102022105224/B6,ハイボール,2025-05-11,牡3,1
2025-07-13,pw01dud102023103710/7D,ハイヤーマーク,2025-12-13,牡2,5
2025-08-16,pw01dud102023105381/7A,ハイライトニング,2025-12-14,牡2,5
2025-08-31,pw01dud102022103938/0B,ハイラブソング,2025-09-07,牝3,5
2025-01-26,pw01dud102018103195/67,ハイラブハンター,2025-02-16,牡7,2
2025-08-23,pw01dud102023102778/86,ハイラブレジェンド,2025-09-21,牡2,3
2025-11-30,pw01dud102023103504/D7,ハイランダー,2025-11-30,牡2,1
2025-07-26,pw01dud102021103033/87,ハイラント,2025-12-07,牡4,8
2025-12-06,pw01dud102023106875/1A,ハイランドパレス,2025-12-06,牡2,1
2025-01-13,pw01dud102020103595/36,ハイランドリンクス,2025-03-29,牝5,2
2025-01-18,pw01dud102022102266/0F,ハインズテソーロ,2025-01-18,牡3,1
2025-12-13,pw01dud102023104444/D5,ハイヴァン,2025-12-13,牡2,1
2025-09-07,pw01dud102023101172/BF,ハウスオンファイア,2025-12-06,牝2,2
2025-04-12,pw01dud102019105765/C7,ハウファアイルゴー,2025-04-26,牝6,3
2025-05-17,pw01dud102022105321/8E,ハウリングウィンド,2025-12-13,牡3,6
2025-11-16,pw01dud102023106078/EB,ハオカノア,2025-11-16,牡2,1
2025-04-12,pw01dud102016102663/3F,ハギノアトラス,2025-10-26,せん9,5
2025-08-30,pw01dud102020100976/80,ハギノアルデバラン,2025-12-14,牡5,8
2025-12-07,pw01dud102017103290/CD,ハギノアレグリアス,2025-12-07,牡8,2
2025-01-13,pw01dud102020100978/66,ハギノカノア,2025-12-14,牡5,8
2025-01-11,pw01dud102022100439/BC,ハギノコラソン,2025-12-06,牝3,12
2025-06-29,pw01dud102020105639/B1,ハギノサステナブル,2025-11-22,牡5,8
2025-03-16,pw01dud102022106652/B3,ハギノデュエット,2025-06-29,牝3,4
2025-04-27,pw01dud102022106653/26,ハギノピアチェーレ,2025-04-27,牝3,3
2025-01-12,pw01dud102022106651/40,ハギノヴェルドン,2025-06-01,牡3,3
2025-03-16,pw01dud102022106167/0D,ハギビス,2025-05-25,牝3,3
2025-08-16,pw01dud102023100108/12,ハクアイストーリー,2025-08-16,牡2,1
2025-08-10,pw01dud102023104282/CD,ハクアイタワー,2025-12-21,牡2,4
2025-12-20,pw01dud102023101706/41,ハクアイノアール,2025-12-20,牡2,3
2025-04-05,pw01dud102022100544/BE,ハクアイマウンテン,2025-04-05,牡3,1
2025-04-12,pw01dud102020106586/66,ハクサンアイ,2025-04-12,牝5,2
2025-10-18,pw01dud102022100328/08,ハクサンアイリス,2025-10-18,牡3,8
2025-08-31,pw01dud102022100233/A8,ハクサンアンタレス,2025-08-31,牡3,1
2025-08-23,pw01dud102021100879/34,ハクサンイーグル,2025-08-23,牡4,7
2025-04-19,pw01dud102022100250/6F,ハクサンエクレール,2025-04-19,牝3,1
2025-04-05,pw01dud102022102925/B3,ハクサンサクヤヒメ,2025-06-29,牝3,3
2025-09-20,pw01dud102023105692/90,ハクサンテドリガワ,2025-09-20,牝2,1
2025-05-17,pw01dud102022100332/66,ハクサンテュポン,2025-08-10,牡3,5
2025-05-04,pw01dud102022100246/11,ハクサンハナビ,2025-07-27,牝3,6
2025-07-27,pw01dud102020100792/72,ハクサンバード,2025-12-07,牡5,7
2025-05-24,pw01dud102022100222/25,ハクサンビューティ,2025-05-24,牝3,2
2025-08-03,pw01dud102022100325/AF,ハクサンミラクル,2025-08-30,牡3,8
2025-08-09,pw01dud102022100239/5A,ハクサンリバーブ,2025-08-09,牡3,6
2025-01-11,pw01dud102022104548/46,ハクサンリンド,2025-03-23,牡3,2
2025-11-01,pw01dud102023105694/76,ハクサンレイホウ,2025-11-01,牡2,1
2025-09-27,pw01dud102023105693/03,ハクサンローレライ,2025-09-27,牡2,1
2025-02-15,pw01dud102022106964/3C,ハクシンアスリート,2025-02-15,牡3,1
2025-08-02,pw01dud102023104128/EE,ハクシンスマイル,2025-09-14,牝2,2
2025-06-21,pw01dud102022106974/4C,ハクシンダンス,2025-06-21,牝3,3
2025-05-25,pw01dud102022106975/BF,ハクシンブライアン,2025-12-27,牡3,4
2025-04-26,pw01dud102022106959/6B,ハクシンマルペンサ,2025-08-23,牝3,4
2025-08-10,pw01dud102022106925/6F,ハグ,2025-11-22,牡3,7
2025-07-26,pw01dud102023104275/16,ハグレジョー,2025-12-27,牡2,6
2025-05-25,pw01dud102022102105/0B,ハコダテサンバ,2025-06-21,牝3,3
2025-01-19,pw01dud102018101878/19,ハコダテブショウ,2025-05-18,牡7,4
2025-07-06,pw01dud102019104141/C6,ハジメテノチュウ,2025-12-06,牡6,6
2025-08-03,pw01dud102022103158/A3,ハズムリズム,2025-08-03,牡3,1
2025-06-21,pw01dud102019103593/D1,ハセドン,2025-06-21,牡6,1
2025-11-08,pw01dud102023100828/89,ハタノグランクリュ,2025-11-08,せん2,1
2025-08-03,pw01dud102023103000/16,ハチハチローズ,2025-08-17,牝2,4
2025-04-27,pw01dud102020106756/98,ハチメンロッピ,2025-11-23,牡5,6
2025-07-19,pw01dud102022102306/E0,ハチワレ,2025-07-19,牝3,3
2025-05-24,pw01dud102022101933/EE,ハックルベリー,2025-08-03,牡3,5
2025-11-08,pw01dud102022104801/74,ハッコウイチウ,2025-11-08,牡3,4
2025-04-12,pw01dud102022100863/FE,ハッスルアニキ,2025-06-29,牡3,4
2025-08-16,pw01dud102020104632/9D,ハッスルダンク,2025-08-16,牡5,4
2025-04-20,pw01dud102022101569/0C,ハットメリリー,2025-10-05,牝3,6
2025-04-19,pw01dud102020101121/58,ハッピーアズラリー,2025-11-01,牝5,9
2025-06-22,pw01dud102022106656/7F,ハッピーウィズユー,2025-12-13,牝3,10
2025-06-29,pw01dud102023100797/55,ハッピーエンジェル,2025-12-20,牝2,4
2025-11-29,pw01dud102023101928/A9,ハッピーカーン,2025-12-28,牡2,2
2025-04-12,pw01dud102021106395/2D,ハッピーサプライズ,2025-12-13,牡4,11
2025-05-17,pw01dud102022101571/84,ハッピーダンシング,2025-10-18,牝3,4
2025-03-29,pw01dud102021105916/57,ハッピーダンス,2025-06-14,牝4,3
2025-12-20,pw01dud102022100529/DD,ハッピーダンチャン,2025-12-20,牡3,10
2025-05-18,pw01dud102021103971/9A,ハッピーデービー,2025-10-19,牝4,5
2025-01-25,pw01dud102022102460/BF,ハッピードリーム,2025-05-03,牝3,3
2025-12-13,pw01dud102023107149/4E,ハッピーバンク,2025-12-13,牝2,1
2025-11-22,pw01dud102020104340/34,ハッピーパンニャ,2025-11-22,牡5,7
2025-06-08,pw01dud102022100618/8B,ハッピービバーク,2025-11-15,牝3,4
2025-05-11,pw01dud102021102656/37,ハッピーマインド,2025-05-11,牡4,3
2025-02-23,pw01dud102022100140/2E,ハッピーマン,2025-11-30,牡3,2
2025-11-09,pw01dud102023103137/9C,ハッピーラッキー,2025-12-06,牡2,6
2025-08-03,pw01dud102022101217/43,ハッピールンナ,2025-08-23,牝3,8
2025-07-05,pw01dud102020101639/F5,ハッピーロンドン,2025-11-29,牡5,4
2025-12-07,pw01dud102023106862/B1,ハッピーローヴァー,2025-12-21,牝2,3
2025-05-04,pw01dud102022102692/37,ハツコイサイダー,2025-07-20,牝3,5
2025-08-09,pw01dud102022110028/43,ハツナギ,2025-08-30,牡3,2
2025-05-17,pw01dud102022102610/D1,ハツヒノデ,2025-06-08,牝3,4
2025-07-06,pw01dud102023104043/9E,ハデステソーロ,2025-09-20,牡2,2
2025-11-01,pw01dud102021103387/36,ハドソンテソーロ,2025-11-01,牝4,1
2025-10-18,pw01dud102021104394/DC,ハナアヤメ,2025-10-18,牝4,1
2025-11-22,pw01dud102023104093/EE,ハナイロマヒナ,2025-12-13,牝2,3
2025-04-19,pw01dud102022102874/5F,ハナウマビーチ,2025-12-27,牡3,9
2025-03-22,pw01dud102022100187/93,ハナカホノカ,2025-06-21,牝3,4
2025-01-06,pw01dud102022106454/37,ハナナラツボミ,2025-03-16,牡3,3
2025-08-02,pw01dud102022102873/EC,ハナヒラク,2025-09-06,牝3,7
2025-09-06,pw01dud102023100723/19,ハナムラサキ,2025-12-13,牝2,3
2025-05-24,pw01dud102022103036/6C,ハニーアイリー,2025-08-24,牝3,3
2025-11-16,pw01dud102023105811/FF,ハニーオーケストラ,2025-12-06,牝2,2
2025-08-02,pw01dud102021100789/13,ハニーコム,2025-11-16,牝4,7
2025-10-18,pw01dud102023107238/FC,ハニージョー,2025-10-18,牡2,1
2025-08-02,pw01dud102022105394/57,ハニードレス,2025-12-14,牝3,8
2025-11-08,pw01dud102022101604/9E,ハニーローリエ,2025-11-08,牝3,8
2025-05-10,pw01dud102021103343/2A,ハヌル,2025-10-25,牝4,8
2025-08-31,pw01dud102023103936/B1,ハネマン,2025-11-24,牝2,4
2025-11-30,pw01dud102023105065/93,ハバタクジユウニ,2025-11-30,牝2,1
2025-05-04,pw01dud102022106149/D3,ハバナローズ,2025-05-04,牝3,1
2025-07-19,pw01dud102021100561/F9,ハビレ,2025-10-12,牡4,8
2025-05-17,pw01dud102019100630/7C,ハピ,2025-12-21,牡6,5
2025-05-04,pw01dud102021106854/6F,ハピアーザンエバー,2025-12-20,牡4,6
2025-10-25,pw01dud102023100252/E1,ハピナスター,2025-10-25,牡2,1
2025-07-05,pw01dud102019103897/30,ハピネスアゲン,2025-11-16,牝6,6
2025-11-08,pw01dud102023100910/12,ハピネスサンライズ,2025-11-29,牝2,2
2025-01-06,pw01dud102022103333/A6,ハピハピハッピー,2025-01-06,牝3,1
2025-08-03,pw01dud102022105826/C2,ハプスブルグ,2025-08-03,牝3,4
2025-08-23,pw01dud102022102896/65,ハミルトン,2025-11-30,牡3,10
2025-11-15,pw01dud102021101434/E0,ハミング,2025-11-15,牝4,1
2025-07-05,pw01dud102023102924/CC,ハミングディスト,2025-08-10,牝2,3
2025-07-20,pw01dud102023103373/72,ハムタン,2025-07-20,牡2,1
2025-08-02,pw01dud102023107235/A3,ハヤテノオジョー,2025-11-01,牝2,3
2025-08-17,pw01dud102022100194/4A,ハヤテノツバサ,2025-12-06,牡3,10
2025-08-17,pw01dud102021109070/08,ハヤテノフクノスケ,2025-08-17,牡4,5
2025-07-26,pw01dud102022105973/EA,ハヤブサオヒメサマ,2025-12-20,牝3,6
2025-11-15,pw01dud102023106894/C7,ハヤブササキチャン,2025-12-20,牝2,2
2025-03-16,pw01dud102020105049/9B,ハヤブサジェット,2025-03-16,せん5,1
2025-02-22,pw01dud102022100459/DC,ハヤブサナンデヒメ,2025-04-05,牝3,3
2025-06-01,pw01dud102016104624/50,ハヤヤッコ,2025-06-01,牡9,2
2025-11-16,pw01dud102023106871/4E,ハリウッドグラム,2025-11-16,牡2,1
2025-05-04,pw01dud102021104581/D5,ハリウッドパーク,2025-12-27,牝4,7
2025-04-27,pw01dud102021104514/BE,ハリウッドブルース,2025-11-15,牡4,9
2025-08-17,pw01dud102022100632/F9,ハリウッドメモリー,2025-11-29,牝3,9
2025-12-27,pw01dud102023102774/BA,ハリエンジュ,2025-12-27,牝2,1
2025-10-18,pw01dud102020103736/AB,ハリケーンリッジ,2025-10-18,牝5,1
2025-05-04,pw01dud102022106453/C4,ハリーケーン,2025-06-29,牡3,6
2025-06-14,pw01dud102022100640/23,ハリーフラッグ,2025-06-14,牝3,1
2025-09-15,pw01dud102023101130/99,ハルイチバン,2025-12-20,牡2,3
2025-05-17,pw01dud102020104732/CE,ハルオーブ,2025-12-07,牡5,6
2025-03-16,pw01dud102022105484/78,ハルカサクソラ,2025-03-30,牝3,2
2025-02-22,pw01dud102019102062/4A,ハルカナネガイ,2025-02-22,牝6,2
2025-03-15,pw01dud102022107294/04,ハルサメ,2025-06-28,牝3,3
2025-11-16,pw01dud102023101457/71,ハルシャダ,2025-12-13,牝2,2
2025-10-18,pw01dud102023104002/EB,ハルノアメ,2025-12-27,牡2,2
2025-05-11,pw01dud102022106099/F2,ハルノアラシ,2025-11-01,牡3,9
2025-07-05,pw01dud102022100876/67,ハルノウミ,2025-07-05,牝3,1
2025-04-27,pw01dud102021103198/57,ハルノドゥミプリエ,2025-10-18,牝4,4
2025-08-03,pw01dud102022104374/48,ハルノート,2025-08-03,牡3,6
2025-07-26,pw01dud102023103400/DA,ハルヒメ,2025-11-09,牝2,4
2025-08-02,pw01dud102022104724/BC,ハルフロンティア,2025-11-15,牡3,7
2025-12-13,pw01dud102020103292/4A,ハレアカラフラ,2025-12-13,牝5,4
2025-02-23,pw01dud102022104375/BB,ハロルドテソーロ,2025-02-23,牡3,1
2025-08-17,pw01dud102023106603/62,ハロングロットル,2025-10-26,牡2,5
2025-07-27,pw01dud102022102292/73,ハローエンジェル,2025-09-07,牝3,7
2025-04-19,pw01dud102020106345/51,ハローマイラブリー,2025-04-19,牝5,2
2025-02-01,pw01dud102020101808/B4,ハワイアンタイム,2025-12-21,せん5,5
2025-08-24,pw01dud102021105255/CD,ハワイアンティアレ,2025-12-06,牝4,6
2025-07-05,pw01dud102022106082/BD,ハンクスター,2025-07-27,牡3,7
2025-07-27,pw01dud102023102122/5E,ハングローズ,2025-12-27,牝2,3
2025-10-25,pw01dud102023101004/04,ハンザキ,2025-12-07,牝2,3
2025-12-20,pw01dud102023102229/B4,ハンターワディー,2025-12-20,牝2,1
2025-08-31,pw01dud102023104963/77,ハンドフル,2025-12-21,牡2,2
2025-11-15,pw01dud102020103367/8A,ハンベルジャイト,2025-11-15,牝5,6
2025-08-03,pw01dud102022106733/37,ハーイバービー,2025-08-03,牝3,3
2025-08-03,pw01dud102020102982/A2,ハーエクセレンシー,2025-12-21,牝5,7
2025-02-08,pw01dud102020105681/69,ハーツコンチェルト,2025-11-30,牡5,2
2025-08-16,pw01dud102017100360/01,ハーツシンフォニー,2025-08-16,せん8,2
2025-11-08,pw01dud102023104628/E3,ハーディジェナー,2025-11-08,牝2,2
2025-06-15,pw01dud102022105779/3A,ハートオブザシーズ,2025-06-15,牝3,1
2025-07-26,pw01dud102023101230/CA,ハートニヒヲツケテ,2025-11-29,牝2,5
2025-08-03,pw01dud102019106179/6C,ハートホイップ,2025-12-07,牝6,9
2025-08-02,pw01dud102022105549/A8,ハートメテオ,2025-12-13,牝3,7
2025-11-15,pw01dud102023103151/0A,ハードシングス,2025-12-07,牡2,6
2025-04-13,pw01dud102022105441/DF,ハードセルツァー,2025-04-13,牡3,2
2025-07-27,pw01dud102022103590/0F,ハードロックスター,2025-08-23,牡3,4
2025-04-26,pw01dud102020110034/6F,ハードワイヤード,2025-11-02,牡5,3
2025-08-02,pw01dud102022103638/78,ハードワーカー,2025-08-02,牝3,4
2025-08-02,pw01dud102022104954/4E,ハーバードスクエア,2025-11-08,牝3,6
2025-02-01,pw01dud102021105477/35,ハーバーライト,2025-11-08,牡4,6
2025-05-18,pw01dud102022100871/28,ハーフェズ,2025-05-18,牝3,1
2025-07-27,pw01dud102022100614/BF,ハーフェン,2025-11-22,牝3,7
2025-08-03,pw01dud102022104440/7D,ハーモニーソング,2025-11-08,牝3,7
2025-05-10,pw01dud102017102838/3C,ハーモニーマゼラン,2025-05-10,牡8,2
2025-02-23,pw01dud102022100278/27,ハーレムシャフル,2025-09-14,牡3,5
2025-08-16,pw01dud102022103593/68,バイアビリティ,2025-08-16,牡3,3
2025-03-23,pw01dud102022101712/F9,バイアンドホールド,2025-03-23,牡3,2
2025-05-18,pw01dud102022102758/DA,バイアーナ,2025-05-18,牝3,1
2025-01-25,pw01dud102022100970/E6,バイオサファイア,2025-01-25,牝3,1
2025-07-05,pw01dud102022103283/C5,バイオマックス,2025-08-10,牡3,7
2025-02-09,pw01dud102021104049/38,バイデンテソーロ,2025-03-02,牡4,2
2025-06-22,pw01dud102019109106/70,バイファーザベスト,2025-10-25,牡6,4
2025-08-16,pw01dud102022102285/BC,バイマイセルフ,2025-08-16,牡3,4
2025-01-12,pw01dud102022105042/8E,バイルシュタイン,2025-09-07,牡3,5
2025-03-29,pw01dud102021104897/2A,バウンシーステップ,2025-06-01,牝4,3
2025-11-08,pw01dud102023107456/98,バオシェテンシ,2025-11-29,牝2,2
2025-04-20,pw01dud102021101602/2C,バガリーロータス,2025-05-17,牝4,5
2025-04-13,pw01dud102018106354/E3,バガン,2025-11-01,牡7,8
2025-06-22,pw01dud102022102987/F9,バギーウィップ,2025-06-22,牡3,2
2025-10-26,pw01dud102020106015/8E,バグラダス,2025-10-26,牡5,4
2025-02-01,pw01dud102020104129/BD,バサラ,2025-02-01,牝5,1
2025-08-23,pw01dud102022106631/20,バシリス,2025-12-13,牝3,8
2025-04-19,pw01dud102022104629/CA,バシレイア,2025-11-08,牝3,4
2025-04-26,pw01dud102019101643/D4,バシレウスシチー,2025-11-08,牡6,4
2025-06-29,pw01dud102022100004/89,バスキュラリティ,2025-07-19,牡3,6
2025-12-20,pw01dud102023107343/FE,バスキュール,2025-12-20,牡2,1
2025-08-23,pw01dud102021105668/FA,バスターコール,2025-08-23,せん4,2
2025-02-01,pw01dud102021106610/01,バスタードサフラン,2025-09-15,牝4,3
2025-11-30,pw01dud102023107247/99,バステール,2025-12-20,牡2,2
2025-04-26,pw01dud102022102919/6F,バストス,2025-04-26,牝3,2
2025-06-29,pw01dud102022104973/FB,バズアップビート,2025-09-28,牡3,6
2025-06-29,pw01dud102022106772/04,バセリーナ,2025-12-14,牡3,7
2025-02-01,pw01dud102022104601/12,バタール,2025-12-07,牡3,4
2025-07-26,pw01dud102022106590/DC,バダジェフスカ,2025-08-30,牝3,3
2025-03-29,pw01dud102022106370/5A,バチェラーパーティ,2025-08-09,牡3,2
2025-07-06,pw01dud102022101688/EA,バッキンガムパレス,2025-08-31,牝3,4
2025-06-14,pw01dud102022102689/4C,バックアップアゲン,2025-06-14,牝3,2
2025-06-14,pw01dud102019104922/A1,バックスクリーン,2025-06-14,せん6,3
2025-05-11,pw01dud102020102687/4E,バックトゥザライト,2025-12-06,牡5,5
2025-04-20,pw01dud102022105155/28,バックパック,2025-09-15,牝3,4
2025-05-11,pw01dud102022102516/52,バッケンレコード,2025-11-29,牡3,7
2025-02-16,pw01dud102021102728/1E,バッデレイト,2025-10-05,牡4,5
2025-07-26,pw01dud102022100462/C7,バットスティンガー,2025-08-03,牡3,5
2025-06-22,pw01dud102022103737/36,バッドガール,2025-07-13,牝3,4
2025-12-07,pw01dud102023100318/84,バッハ,2025-12-07,牡2,1
2025-08-31,pw01dud102022106923/89,バッハアルプゼー,2025-11-16,牡3,6
2025-03-09,pw01dud102021103754/71,バッファローライズ,2025-03-09,牡4,3
2025-05-10,pw01dud102022102913/BD,バティストゥータ,2025-06-07,牡3,3
2025-10-11,pw01dud102023102072/7D,バディーズライズ,2025-11-24,牡2,2
2025-10-26,pw01dud102023105708/E3,バトゥカーダ,2025-10-26,牡2,5
2025-04-27,pw01dud102020101373/F0,バトゥーキ,2025-12-28,牡5,7
2025-08-02,pw01dud102022105252/00,バトラーズワーフ,2025-12-07,牡3,8
2025-11-22,pw01dud102023102045/A6,バトルアックス,2025-12-14,牡2,2
2025-04-27,pw01dud102019103879/F6,バトルクライ,2025-12-07,牡6,8
2025-02-16,pw01dud102020103664/C4,バトルハーデン,2025-11-30,牡5,5
2025-01-19,pw01dud102019105193/EB,バトルボーン,2025-01-19,牡6,1
2025-01-06,pw01dud102021106359/B9,バトンインディ,2025-12-07,牡4,7
2025-01-18,pw01dud102022103285/AB,バトンロード,2025-12-13,牡3,7
2025-08-03,pw01dud102023107278/3C,バドリナート,2025-12-27,牡2,4
2025-07-12,pw01dud102021102281/64,バナマンテソーロ,2025-11-01,牡4,7
2025-07-26,pw01dud102018110086/9A,バニシングポイント,2025-09-20,せん7,6
2025-11-01,pw01dud102022104929/5D,バニーラビット,2025-12-06,牡3,9
2025-05-04,pw01dud102019110015/43,バハルダール,2025-05-24,牡6,3
2025-11-22,pw01dud102017103000/DB,バビット,2025-11-22,牡8,3
2025-03-08,pw01dud102022106314/C6,バフェ,2025-03-23,牡3,2
2025-02-23,pw01dud102022107292/1E,バブルギャラクシー,2025-02-23,牡3,3
2025-02-22,pw01dud102022103327/62,バム,2025-03-08,牡3,2
2025-11-08,pw01dud102022101059/07,バヤシーフェイス,2025-11-08,牡3,4
2025-04-13,pw01dud102019106698/0E,バラジ,2025-11-01,せん6,5
2025-01-26,pw01dud102022104952/68,バラダレイナ,2025-03-16,牝3,2
2025-02-23,pw01dud102021104160/7E,バランスダンサー,2025-11-23,牝4,6
2025-07-12,pw01dud102023106807/90,バランソワール,2025-11-15,牝2,3
2025-08-10,pw01dud102022106690/0D,バリアシオン,2025-09-15,牝3,5
2025-11-24,pw01dud102020101941/00,バリアントバイオ,2025-11-24,牡5,6
2025-12-14,pw01dud102023101664/8A,バル,2025-12-14,牡2,1
2025-05-11,pw01dud102022101449/BB,バルカンジャッジ,2025-05-11,牡3,1
2025-05-10,pw01dud102021103798/7D,バルサミコ,2025-12-21,牝4,6
2025-02-02,pw01dud102020103276/F6,バルサムノート,2025-11-02,牡5,8
2025-06-15,pw01dud102022105705/FE,バルジール,2025-06-15,牡3,1
2025-04-19,pw01dud102022104537/C3,バルスフィーダ,2025-04-19,牡3,1
2025-10-13,pw01dud102023107241/E7,バルセシート,2025-11-29,牡2,2
2025-05-25,pw01dud102021102595/D3,バルダンツァ,2025-11-23,牡4,8
2025-09-07,pw01dud102022105018/10,バルティカ,2025-11-01,牡3,8
2025-08-09,pw01dud102022103280/6C,バルデラマ,2025-11-02,牡3,6
2025-02-08,pw01dud102022100060/1D,バルトゥール,2025-04-20,牝3,2
2025-08-10,pw01dud102022106633/06,バルナバ,2025-12-14,牡3,8
2025-10-13,pw01dud102023107172/59,バルボアパーク,2025-12-13,牝2,3
2025-04-26,pw01dud102019106701/8A,バルミュゼット,2025-06-14,牡6,3
2025-01-12,pw01dud102022106177/1D,バルミラクル,2025-12-14,牡3,12
2025-01-06,pw01dud102021101659/A1,バルミーウェザー,2025-10-04,牡4,8
2025-07-06,pw01dud102022105358/E3,バレアリックシー,2025-07-06,せん3,5
2025-04-26,pw01dud102022105709/CA,バレアレス,2025-09-07,牡3,4
2025-07-13,pw01dud102022104951/F5,バレエコア,2025-08-30,牝3,3
2025-08-09,pw01dud102019104850/BA,バレエマスター,2025-12-21,牡6,10
2025-04-13,pw01dud102022105781/B2,バレドラパン,2025-09-15,牝3,5
2025-09-06,pw01dud102019102672/80,バレル,2025-11-30,牡6,6
2025-04-12,pw01dud102021104906/58,バレルターン,2025-11-09,牡4,7
2025-10-25,pw01dud102022106663/36,バレンシア,2025-11-22,牝3,8
2025-07-26,pw01dud102021102577/99,バレンタインガール,2025-11-24,牝4,8
2025-05-25,pw01dud102020102795/A9,バレンタインソング,2025-05-25,牡5,2
2025-10-18,pw01dud102023105817/B1,バレンタインビスタ,2025-12-21,牝2,3
2025-01-18,pw01dud102020103094/CE,バロックダンス,2025-02-23,牝5,3
2025-02-08,pw01dud102020103553/10,バロッサヴァレー,2025-12-07,牝5,6
2025-06-28,pw01dud102021105788/4B,バロネッサ,2025-12-13,牝4,6
2025-08-23,pw01dud102021105974/D1,バロン,2025-12-07,牝4,6
2025-07-26,pw01dud102021105276/60,バロンドール,2025-11-01,牡4,4
2025-08-10,pw01dud102023101120/89,バンオンタイム,2025-12-21,牝2,3
2025-06-22,pw01dud102020106354/EE,バンクサイド,2025-06-22,牡5,2
2025-10-18,pw01dud102023102317/EF,バンダムソレール,2025-10-26,牡2,2
2025-11-09,pw01dud102020106698/8D,バンディート,2025-11-09,牡5,5
2025-04-27,pw01dud102019104915/EA,バンデルオーラ,2025-11-09,牡6,6
2025-08-02,pw01dud102022102903/AD,バントック,2025-08-02,牡3,1
2025-06-22,pw01dud102021105686/34,バンドエース,2025-06-22,せん4,1
2025-01-26,pw01dud102021102461/A6,バンドシェル,2025-12-28,牡4,9
2025-04-13,pw01dud102020103520/87,バンドネオン,2025-04-13,せん5,3
2025-07-27,pw01dud102022104946/24,バンドブラザー,2025-09-13,牡3,3
2025-11-24,pw01dud102020103519/82,バンドマスター,2025-11-24,牡5,4
2025-01-12,pw01dud102019105819/74,バンドールロゼ,2025-01-12,牡6,1
2025-04-13,pw01dud102019104531/7A,バンフィエルド,2025-12-21,牡6,10
2025-09-21,pw01dud102023102089/B2,バンブトンコール,2025-12-28,牡2,3
2025-05-18,pw01dud102020106562/7A,バンブトンプロ,2025-12-06,牡5,11
2025-11-24,pw01dud102022102635/30,バンブルビー,2025-12-21,牡3,8
2025-01-25,pw01dud102020102120/D4,バンブーグローブ,2025-01-25,牡5,1
2025-02-08,pw01dud102018105258/8F,バンベルク,2025-02-08,牡7,1
2025-09-21,pw01dud102023100967/87,バークシャーシチー,2025-09-21,牡2,1
2025-07-20,pw01dud102022102254/19,バークテソーロ,2025-07-20,牡3,3
2025-11-08,pw01dud102021105868/5C,バーケンティン,2025-12-14,牡4,6
2025-04-20,pw01dud102022105227/0F,バーケンヘッド,2025-12-07,牡3,8
2025-08-10,pw01dud102020101827/61,バースクライ,2025-12-20,牝5,5
2025-10-25,pw01dud102023102906/92,バースデイフライト,2025-12-20,牝2,5
2025-06-15,pw01dud102022102527/D5,バースフラワー,2025-07-05,牝3,5
2025-10-26,pw01dud102022104692/15,バースライト,2025-12-20,牡3,5
2025-01-25,pw01dud102022106692/F3,バーチャルアイドル,2025-03-30,牝3,2
2025-11-29,pw01dud102023107362/AB,バートラガッツ,2025-11-29,牡2,1
2025-08-30,pw01dud102021105375/1E,バードウォッチャー,2025-12-21,牡4,9
2025-02-22,pw01dud102018103200/C9,バーニングパワー,2025-02-22,牝7,1
2025-06-07,pw01dud102022106409/26,バーニングフレーム,2025-06-14,牝3,3
2025-02-01,pw01dud102019105566/D8,バーミリオンクリフ,2025-02-01,牡6,1
2025-08-31,pw01dud102022105444/38,バーミーズルビー,2025-08-31,牝3,5
2025-08-16,pw01dud102020102888/23,バールデュヴァン,2025-08-16,牡5,5
2025-08-16,pw01dud102022110025/EA,バーンズベリー,2025-08-16,牡3,6
2025-03-22,pw01dud102017104128/B3,バーンパッション,2025-04-19,牡8,2
2025-07-13,pw01dud102023104394/F4,バーヴァンシー,2025-11-29,牝2,4
2025-01-12,pw01dud102020105327/28,パイアイヤー,2025-01-12,牝5,1
2025-07-27,pw01dud102022105367/80,パイオニアスクエア,2025-09-07,牡3,5
2025-05-04,pw01dud102022103371/00,パイシャオピン,2025-12-13,牝3,7
2025-01-12,pw01dud102022102912/4A,パイソン,2025-01-12,牝3,1
2025-01-18,pw01dud102022104355/9B,パイラタナー,2025-03-16,牝3,2
2025-10-05,pw01dud102023101134/65,パイロマンサー,2025-11-02,牡2,2
2025-10-13,pw01dud102023110016/D9,パウワウビート,2025-11-01,牡2,2
2025-10-19,pw01dud102023106716/FC,パウンドフォーワン,2025-11-09,牡2,2
2025-12-20,pw01dud102023100168/72,パカラパカラ,2025-12-20,牡2,1
2025-05-03,pw01dud102021105073/A5,パカーラン,2025-12-20,牡4,9
2025-08-10,pw01dud102022104974/6E,パクシー,2025-08-10,牝3,3
2025-10-18,pw01dud102020104616/49,パクスロマーナ,2025-12-07,牝5,9
2025-08-03,pw01dud102023106832/81,パゴスピグイノス,2025-12-28,牝2,3
2025-03-08,pw01dud102021104503/3B,パシアンジャン,2025-11-30,牡4,6
2025-11-09,pw01dud102023106072/39,パシオネ,2025-11-09,牝2,1
2025-03-29,pw01dud102021105141/C0,パシフィックハイ,2025-12-14,牝4,9
2025-02-01,pw01dud102021105695/D1,パシフィックハイツ,2025-02-01,牝4,1
2025-01-11,pw01dud102021102904/94,パシフィックルート,2025-04-05,牡4,3
2025-02-08,pw01dud102022106669/E8,パシーヴ,2025-12-28,牡3,7
2025-04-19,pw01dud102020102544/84,パスカリ,2025-04-19,牝5,1
2025-08-10,pw01dud102022104738/98,パスコード,2025-12-21,牝3,6
2025-04-13,pw01dud102021106068/C3,パストラーレ,2025-12-14,牡4,6
2025-08-23,pw01dud102023105547/4E,パソドブレ,2025-09-14,牝2,2
2025-10-26,pw01dud102021102969/33,パッカパッカブー,2025-12-06,せん4,6
2025-04-19,pw01dud102022101312/35,パッションディーバ,2025-07-27,牝3,6
2025-04-26,pw01dud102022100433/0A,パッションビラーゴ,2025-07-26,牝3,3
2025-10-05,pw01dud102023105989/38,パッションマーレ,2025-11-22,牝2,2
2025-08-03,pw01dud102022105390/8B,パッションリッチ,2025-11-24,牡3,7
2025-08-02,pw01dud102021110033/88,パッシングシャワー,2025-08-02,牡4,6
2025-07-12,pw01dud102021106411/12,パッセアジル,2025-10-04,牡4,3
2025-06-29,pw01dud102023107275/E3,パッセージピーク,2025-12-27,牡2,3
2025-04-27,pw01dud102022100047/22,パッヘルベルカノン,2025-05-25,牝3,3
2025-11-15,pw01dud102023107129/2E,パテントプール,2025-11-15,牡2,1
2025-03-22,pw01dud102021110135/9F,パトジュニア,2025-12-07,牡4,4
2025-01-11,pw01dud102022106112/7E,パトリオティズム,2025-04-05,牝3,3
2025-10-12,pw01dud102023105950/FD,パトリシア,2025-12-14,牝2,2
2025-05-24,pw01dud102016102133/1A,パトリック,2025-05-24,牡9,1
2025-07-27,pw01dud102019103850/CB,パトリックハンサム,2025-08-23,牡6,5
2025-10-13,pw01dud102023106931/3F,パトローナス,2025-11-08,牡2,5
2025-08-17,pw01dud102023103699/D7,パドゼフィール,2025-12-13,牝2,3
2025-08-16,pw01dud102021102953/71,パドマ,2025-11-09,牝4,6
2025-07-26,pw01dud102022107339/14,パドメ,2025-07-26,牝3,7
2025-05-04,pw01dud102022106368/E2,パドロック,2025-05-31,牡3,4
2025-07-12,pw01dud102022102337/83,パナランギン,2025-11-08,牡3,7
2025-11-22,pw01dud102023107072/28,パノラマステージ,2025-11-22,牝2,3
2025-12-21,pw01dud102023105293/3F,パピヨンヴェール,2025-12-21,牝2,1
2025-08-10,pw01dud102021100292/09,パフ,2025-11-09,牡4,9
2025-08-23,pw01dud102021106100/FC,パフュームセント,2025-12-13,牝4,3
2025-06-08,pw01dud102022105408/C4,パブリックスフィア,2025-09-06,牡3,5
2025-08-23,pw01dud102022104862/47,パラサイコロジー,2025-11-24,牝3,5
2025-05-04,pw01dud102020105622/7C,パラシュラーマ,2025-10-26,牡5,5
2025-11-16,pw01dud102023104103/8F,パラダイスフェイス,2025-12-13,牡2,2
2025-04-12,pw01dud102021101868/A0,パラダイスリズム,2025-04-27,牝4,3
2025-11-30,pw01dud102023106392/EC,パラディオン,2025-11-30,牡2,1
2025-05-25,pw01dud102022103546/71,パラディレーヌ,2025-11-16,牝3,6
2025-04-06,pw01dud102022100916/38,パラモランド,2025-04-06,牡3,1
2025-07-13,pw01dud102019105065/70,パラレルヴィジョン,2025-07-13,牡6,4
2025-04-13,pw01dud102022104501/E1,パリコレジェンヌ,2025-12-20,牝3,7
2025-09-06,pw01dud102021107230/4C,パリッドキャリア,2025-09-06,牡4,1
2025-07-13,pw01dud102022103073/53,パリモード,2025-08-16,牝3,9
2025-01-05,pw01dud102020103361/D8,パルクリチュード,2025-10-18,牝5,7
2025-07-26,pw01dud102022106978/18,パルジファル,2025-07-26,牡3,3
2025-07-19,pw01dud102023101155/F8,パルストリス,2025-12-06,牝2,2
2025-08-23,pw01dud102020103268/CC,パルティキュリエ,2025-08-23,牝5,3
2025-11-24,pw01dud102020101557/FE,パルティクラール,2025-12-21,牝5,6
2025-01-26,pw01dud102021100172/B8,パルティーダ,2025-03-02,牡4,2
2025-08-16,pw01dud102018104775/5C,パルデンス,2025-10-19,牡7,6
2025-04-20,pw01dud102022101277/A3,パルピタシオン,2025-11-16,牝3,7
2025-05-25,pw01dud102022106805/1E,パルファム,2025-05-25,牝3,3
2025-11-22,pw01dud102021102562/4A,パルプフィクション,2025-11-22,牝4,5
2025-11-15,pw01dud102023105254/72,パルミエ,2025-11-15,牝2,1
2025-05-10,pw01dud102020102642/CF,パルメリータ,2025-10-26,牝5,5
2025-06-08,pw01dud102022101909/70,パルヴェニュー,2025-06-08,牡3,1
2025-07-05,pw01dud102021105373/38,パレスドフィーヌ,2025-12-13,牝4,7
2025-08-02,pw01dud102023103747/D2,パレスノハレブタイ,2025-09-13,牝2,2
2025-07-13,pw01dud102022105052/9E,パレデザール,2025-07-13,牝3,3
2025-08-03,pw01dud102021106752/58,パレハ,2025-11-22,牝4,6
2025-06-15,pw01dud102019100683/25,パレフォーコン,2025-06-29,牡6,5
2025-01-12,pw01dud102021104901/19,パロサント,2025-01-12,牝4,1
2025-08-31,pw01dud102023107440/D6,パワポケウォーズ,2025-12-28,牡2,7
2025-05-03,pw01dud102019107007/D4,パワポケビー,2025-09-28,牝6,3
2025-01-13,pw01dud102022101585/60,パワーアイガー,2025-09-07,牡3,6
2025-06-28,pw01dud102022107085/05,パワーオブドリーム,2025-08-17,せん3,7
2025-08-23,pw01dud102022105807/15,パワースナッチ,2025-12-21,牡3,6
2025-02-02,pw01dud102019106307/78,パワータイショウ,2025-02-22,牡6,2
2025-05-10,pw01dud102021100363/7D,パワーホール,2025-11-23,せん4,7
2025-09-21,pw01dud102023102310/CA,パンキー,2025-09-21,牡2,1
2025-08-31,pw01dud102023104325/F7,パンサーズ,2025-09-21,牡2,2
2025-04-26,pw01dud102021105155/9C,パンジャ,2025-11-30,牡4,5
2025-08-24,pw01dud102022101732/19,パンジャタワー,2025-08-24,牡3,3
2025-07-13,pw01dud102023106589/63,パンジー,2025-11-01,牝2,5
2025-12-13,pw01dud102023101404/C8,パンチャマハブータ,2025-12-13,牝2,1
2025-02-15,pw01dud102019105822/5F,パンテレリア,2025-05-24,牡6,2
2025-08-31,pw01dud102020103369/70,パンデアスカル,2025-11-30,牡5,7
2025-08-02,pw01dud102023107377/FA,パントルナイーフ,2025-11-24,牡2,3
2025-01-18,pw01dud102019104557/4C,パンドレア,2025-02-09,牝6,2
2025-10-19,pw01dud102023106904/68,パンパネイラ,2025-10-19,牡2,2
2025-08-23,pw01dud102020100864/59,パヴァーヌ,2025-12-21,牝5,8
2025-03-22,pw01dud102022110082/F1,パヴィーア,2025-12-20,牝3,5
2025-08-03,pw01dud102022104730/00,パヴェリング,2025-08-16,牝3,5
2025-07-06,pw01dud102023106116/D6,パークヒルシューズ,2025-11-02,牝2,4
2025-07-26,pw01dud102019105330/94,パーサヴィアランス,2025-11-09,牡6,10
2025-10-26,pw01dud102023110015/66,パーシャングレー,2025-12-27,牡2,4
2025-10-18,pw01dud102023103290/08,パーシヴァル,2025-12-21,牡2,3
2025-03-30,pw01dud102022102261/D0,パーシーテソーロ,2025-03-30,牡3,1
2025-07-19,pw01dud102022105803/49,パースウェイド,2025-07-19,牝3,2
2025-05-04,pw01dud102021106840/93,パーセルペーパー,2025-12-28,牡4,12
2025-07-27,pw01dud102022105452/62,パーソナルアフェア,2025-07-27,牝3,3
2025-08-17,pw01dud102022103632/C6,パーソナルレコード,2025-08-17,牡3,3
2025-07-19,pw01dud102023103263/31,パータリプトラ,2025-12-27,牡2,6
2025-01-19,pw01dud102022105310/0B,パーティハーン,2025-03-01,牡3,2
2025-07-27,pw01dud102022106420/3B,パーティーガール,2025-08-03,牝3,3
2025-06-07,pw01dud102019104853/13,パーティーベル,2025-06-07,牡6,3
2025-07-12,pw01dud102022103717/16,パートオブワールド,2025-07-12,牝3,2
2025-01-05,pw01dud102022101504/6D,パーフェクト,2025-11-30,牡3,8
2025-11-29,pw01dud102023106378/7E,パーフェクトスノー,2025-11-29,牝2,1
2025-08-03,pw01dud102022103233/75,パーフェクトパール,2025-08-03,牝3,5
2025-07-19,pw01dud102020104328/AC,パープルアドミラル,2025-11-22,牡5,7
2025-11-16,pw01dud102023109108/79,パープルウインド,2025-11-16,牝2,2
2025-06-08,pw01dud102023107006/84,パープルガーネット,2025-11-23,牝2,3
2025-08-17,pw01dud102020104553/FF,パープルクラウド,2025-11-16,牡5,6
2025-05-25,pw01dud102022105756/C1,パープルティアラ,2025-05-25,牝3,3
2025-04-20,pw01dud102020101412/4E,パープルナイト,2025-10-26,牡5,5
2025-01-11,pw01dud102022102746/E4,パープルパライソ,2025-08-23,牡3,7
2025-03-23,pw01dud102022100895/14,パープルヘイズ,2025-03-29,牝3,2
2025-02-15,pw01dud102020103539/A2,パーリーブラック,2025-02-15,牡5,1
2025-08-17,pw01dud102022105559/B8,パーリーラスター,2025-10-18,牝3,6
2025-08-17,pw01dud102022102427/A4,パールフロント,2025-11-22,牝3,10
2025-08-16,pw01dud102022103879/8D,パールペンダント,2025-08-16,牝3,6
2025-10-04,pw01dud102023106440/E7,パーヴォ,2025-12-13,牡2,4
2025-09-28,pw01dud102023101502/13,ヒエンジョー,2025-09-28,牡2,1
2025-05-24,pw01dud102022106798/D6,ヒオウギ,2025-08-23,牝3,4
2025-01-12,pw01dud102022106429/46,ヒカリスペクトル,2025-02-15,牡3,3
2025-11-08,pw01dud102023102109/63,ヒコボシ,2025-12-07,牡2,3
2025-06-28,pw01dud102022101710/13,ヒサエノオモカゲ,2025-12-14,牝3,10
2025-12-20,pw01dud102023100545/BD,ヒシアイラ,2025-12-20,牡2,2
2025-08-09,pw01dud102022104594/CA,ヒシアマン,2025-11-01,牡3,3
2025-08-09,pw01dud102023107091/D5,ヒシアムルーズ,2025-09-06,牡2,2
2025-08-09,pw01dud102022101214/EA,ヒシカリナン,2025-09-06,牡3,8
2025-11-16,pw01dud102020103685/57,ヒシタイカン,2025-11-16,せん5,2
2025-06-08,pw01dud102022104618/47,ヒス,2025-06-08,牝3,1
2025-07-13,pw01dud102021110062/45,ヒストリアイ,2025-07-13,せん4,3
2025-10-25,pw01dud102023105714/27,ヒズマスターピース,2025-12-14,牝2,4
2025-05-31,pw01dud102022104334/08,ヒソカ,2025-05-31,牡3,2
2025-04-27,pw01dud102022105295/99,ヒタムキ,2025-07-13,牝3,6
2025-09-06,pw01dud102022103061/5D,ヒダカサンミャク,2025-09-06,牝3,1
2025-03-09,pw01dud102022102382/94,ヒダサワヤカ,2025-03-09,牝3,1
2025-08-31,pw01dud102023101122/6F,ヒッグスボソン,2025-11-22,牡2,6
2025-11-09,pw01dud102021104974/E2,ヒットアンドロール,2025-12-21,牡4,8
2025-08-17,pw01dud102022102406/11,ヒットザグラウンド,2025-12-13,牝3,8
2025-08-31,pw01dud102022101435/DF,ヒットザノート,2025-08-31,牝3,3
2025-09-06,pw01dud102022104394/68,ヒットミー,2025-10-12,牝3,3
2025-03-08,pw01dud102020102942/62,ヒップホップソウル,2025-03-08,牝5,2
2025-01-11,pw01dud102021100678/5F,ヒデシンイメル,2025-01-11,牡4,1
2025-11-09,pw01dud102022100837/9A,ヒデノブルースカイ,2025-11-30,牡3,5
2025-08-31,pw01dud102019102705/9A,ヒデノレインボー,2025-10-04,牡6,7
2025-11-29,pw01dud102023103994/2B,ヒナサクラ,2025-11-29,牝2,1
2025-10-13,pw01dud102023105457/2D,ヒナタ,2025-12-21,牝2,2
2025-11-01,pw01dud102023101645/DD,ヒナノムサシ,2025-11-30,牡2,2
2025-01-06,pw01dud102019103420/D7,ヒノデテイオー,2025-01-25,牡6,2
2025-10-18,pw01dud102023101094/94,ヒバリノコ,2025-12-21,牡2,3
2025-06-14,pw01dud102021105394/CB,ヒヒーン,2025-09-21,牝4,5
2025-05-04,pw01dud102020105517/7A,ヒビキ,2025-06-08,牡5,4
2025-05-03,pw01dud102022103446/40,ヒフミバンダム,2025-07-06,せん3,4
2025-04-20,pw01dud102022101159/38,ヒマラヤベロス,2025-04-20,牡3,1
2025-05-18,pw01dud102022102388/46,ヒミノエトワール,2025-12-07,牝3,6
2025-06-14,pw01dud102019101794/C8,ヒメカミノイタダキ,2025-12-28,牡6,9
2025-08-17,pw01dud102023106148/EC,ヒメヒオウギ,2025-12-14,牝2,3
2025-05-11,pw01dud102022102293/E6,ヒメモモアスク,2025-05-11,牝3,2
2025-10-04,pw01dud102023105890/0C,ヒャクギマル,2025-12-07,牡2,2
2025-10-18,pw01dud102023106687/AE,ヒャクレツケン,2025-10-25,牡2,4
2025-07-06,pw01dud102020102345/95,ヒューゴ,2025-09-20,牡5,5
2025-09-06,pw01dud102023104180/B6,ヒューザー,2025-09-06,牡2,1
2025-09-07,pw01dud102022102993/3D,ヒラボクカレラ,2025-11-24,牡3,8
2025-10-05,pw01dud102023102124/44,ヒラボクソライア,2025-10-05,牡2,1
2025-01-05,pw01dud102021103005/3D,ヒラボクミニー,2025-01-05,牝4,1
2025-10-25,pw01dud102020100652/01,ヒラリーステップ,2025-12-14,牝5,9
2025-11-15,pw01dud102023101480/7C,ヒリュウ,2025-11-15,牡2,2
2025-05-11,pw01dud102020106166/82,ヒルズカーン,2025-08-30,牡5,7
2025-07-26,pw01dud102023106457/1C,ヒルデグリム,2025-11-23,牝2,4
2025-08-02,pw01dud102022102687/66,ヒルノカーディフ,2025-08-02,牝3,4
2025-08-17,pw01dud102022103815/61,ヒルノガリシア,2025-08-17,牡3,5
2025-10-25,pw01dud102023102487/90,ヒルノジェノヴァ,2025-12-21,牝2,3
2025-08-03,pw01dud102021103006/B0,ヒルノセビリア,2025-08-23,牝4,2
2025-07-26,pw01dud102019106573/7E,ヒルノデプラーツ,2025-12-13,牡6,10
2025-06-07,pw01dud102021103786/87,ヒルノドゴール,2025-12-21,牡4,9
2025-08-10,pw01dud102022103614/8C,ヒルノハンブルク,2025-11-30,牡3,8
2025-03-15,pw01dud102020100673/94,ヒルノピレネー,2025-10-12,牡5,5
2025-05-25,pw01dud102022102949/9F,ヒルノブリスベン,2025-07-13,牡3,2
2025-11-29,pw01dud102023106388/8E,ヒルノプーリア,2025-11-29,牝2,2
2025-08-03,pw01dud102022103816/D4,ヒルノレーダン,2025-12-21,牝3,5
2025-01-12,pw01dud102019100581/0E,ヒルノローザンヌ,2025-05-25,牝6,4
2025-07-26,pw01dud102022102423/D8,ヒルビリーエレジー,2025-10-13,牝3,8
2025-10-26,pw01dud102023102418/93,ヒロイックヴァース,2025-12-20,牡2,3
2025-05-17,pw01dud102021105089/67,ヒロインズクレスト,2025-10-04,牝4,9
2025-11-08,pw01dud102023100339/17,ヒロウッドテール,2025-11-30,牡2,4
2025-08-16,pw01dud102022107214/84,ヒロスズラン,2025-08-16,牝3,7
2025-08-03,pw01dud102022104061/4C,ヒロニャン,2025-08-03,牡3,2
2025-08-09,pw01dud102022104150/FA,ヒロノエクスカリバ,2025-08-09,牡3,7
2025-07-27,pw01dud102019106700/17,ヒロノゴウカイ,2025-12-21,牡6,11
2025-10-04,pw01dud102023102981/D3,ヒロノスカイ,2025-11-15,牡2,4
2025-07-13,pw01dud102022106482/81,ヒロノビックバン,2025-12-28,牡3,10
2025-12-14,pw01dud102023102959/3B,ヒロノフウジン,2025-12-28,牡2,2
2025-01-12,pw01dud102022103483/27,ヒロノライジン,2025-01-18,牡3,2
2025-01-06,pw01dud102021104131/C1,ヒロノラメール,2025-12-14,牡4,7
2025-11-16,pw01dud102020105914/E5,ヒロピアーナ,2025-11-16,牡5,5
2025-05-10,pw01dud102022106342/10,ヒンメル,2025-05-24,牡3,4
2025-05-24,pw01dud102017104936/65,ヒートオンビート,2025-08-16,せん8,4
2025-10-19,pw01dud102023105333/10,ヒーナシャム,2025-12-27,牝2,2
2025-04-20,pw01dud102021106661/C4,ヒーローインチーフ,2025-12-28,せん4,13
2025-02-02,pw01dud102022101253/B7,ヒーローレジェンド,2025-05-25,牡3,3
2025-04-19,pw01dud102021104481/A4,ビアフォーナウ,2025-12-21,牝4,8
2025-07-26,pw01dud102023102697/02,ビアリッツ,2025-11-22,牝2,5
2025-06-28,pw01dud102022103491/51,ビアルベーロ,2025-08-24,牡3,2
2025-04-12,pw01dud102022104410/4D,ビアンカネーヴェ,2025-05-11,牝3,3
2025-11-24,pw01dud102023104914/9A,ビアーレ,2025-11-24,牝2,1
2025-05-04,pw01dud102018105471/EC,ビオグラフィア,2025-07-20,牡7,4
2025-11-01,pw01dud102023106427/EC,ビオトープ,2025-12-07,牝2,3
2025-03-22,pw01dud102022102599/2B,ビガーサンライズ,2025-06-08,牝3,5
2025-10-12,pw01dud102023106949/E7,ビクスバイト,2025-10-12,牝2,1
2025-10-25,pw01dud102023104381/8B,ビケイムフリー,2025-10-25,牝2,1
2025-12-28,pw01dud102023105704/17,ビサイレント,2025-12-28,牝2,1
2025-10-05,pw01dud102023105648/F2,ビサーロ,2025-10-05,牡2,1
2025-01-26,pw01dud102021105587/76,ビザンチンドリーム,2025-05-04,牡4,2
2025-08-02,pw01dud102022110030/BB,ビザンティーノ,2025-08-02,牡3,1
2025-12-27,pw01dud102023107253/DD,ビシェノ,2025-12-27,牝2,1
2025-02-09,pw01dud102019105177/97,ビジュノワール,2025-02-09,牝6,1
2025-08-09,pw01dud102022101580/21,ビジュードネージュ,2025-12-13,牝3,8
2025-08-02,pw01dud102018105199/11,ビジューブリランテ,2025-11-22,せん7,5
2025-08-10,pw01dud102022103876/34,ビジンハクメイ,2025-08-10,牝3,1
2025-11-16,pw01dud102020101171/A8,ビスケット,2025-11-16,牝5,5
2025-12-21,pw01dud102023103517/40,ビスケットアソート,2025-12-21,牡2,1
2025-08-23,pw01dud102022102984/A0,ビスケットマリー,2025-09-27,牝3,10
2025-01-11,pw01dud102022103770/51,ビゾー,2025-01-26,牡3,2
2025-01-06,pw01dud102020103228/8C,ビターグラッセ,2025-12-21,牝5,4
2025-04-27,pw01dud102020104207/E8,ビターゼノビア,2025-11-15,牝5,7
2025-11-15,pw01dud102023107132/19,ビタールート,2025-11-15,牝2,3
2025-04-26,pw01dud102021105537/26,ビダーヤ,2025-11-30,牡4,6
2025-08-31,pw01dud102023100559/99,ビッキーセカンド,2025-11-29,牡2,4
2025-01-05,pw01dud102022105051/2B,ビッキーファースト,2025-06-29,牡3,4
2025-09-28,pw01dud102023106247/AA,ビックリパラダイス,2025-12-27,牡2,2
2025-08-30,pw01dud102023102054/43,ビッグカレンルーフ,2025-08-30,牝2,1
2025-05-24,pw01dud102021100626/29,ビッグショータイム,2025-12-13,牡4,3
2025-03-30,pw01dud102020100896/6F,ビッグシーザー,2025-03-30,牡5,1
2025-01-06,pw01dud102022106410/2B,ビッグスリック,2025-01-06,牡3,1
2025-11-23,pw01dud102023101920/11,ビッグチャン,2025-11-23,牝2,2
2025-12-14,pw01dud102022102532/A6,ビッグデイメイク,2025-12-27,牝3,2
2025-06-15,pw01dud102021100899/54,ビッグドリーム,2025-12-06,牡4,9
2025-08-16,pw01dud102022107219/C3,ビッグバンドビート,2025-08-16,牡3,3
2025-02-15,pw01dud102019101765/0B,ビッグパレード,2025-02-15,牝6,1
2025-11-16,pw01dud102023106188/2C,ビッグヒーロー,2025-11-16,牡2,4
2025-01-05,pw01dud102022101774/3F,ビッグビート,2025-06-22,牡3,6
2025-06-22,pw01dud102021100958/D2,ビッグフラワー,2025-11-16,牡4,8
2025-08-23,pw01dud102020102760/3A,ビッグベルーガ,2025-11-29,牡5,8
2025-01-18,pw01dud102020100736/DE,ビッグボーンリタ,2025-03-02,牝5,2
2025-07-05,pw01dud102022100721/A7,ビップアリエル,2025-07-20,牝3,4
2025-10-11,pw01dud102023106975/4B,ビップアリス,2025-11-01,牝2,2
2025-01-05,pw01dud102019105241/E6,ビップシュプリーム,2025-05-18,牝6,4
2025-01-06,pw01dud102022103776/03,ビップジェシー,2025-01-06,牝3,1
2025-06-21,pw01dud102021105812/5A,ビップジーニー,2025-12-21,牡4,6
2025-02-22,pw01dud102020103199/3E,ビップスコーピオン,2025-12-20,牡5,9
2025-08-17,pw01dud102021105763/EC,ビップチェイス,2025-12-27,牡4,10
2025-03-22,pw01dud102022100382/B6,ビップディラン,2025-11-01,牡3,8
2025-05-25,pw01dud102022105192/0F,ビップデイジー,2025-12-20,牝3,6
2025-12-07,pw01dud102023103841/51,ビップブレット,2025-12-07,牡2,1
2025-12-13,pw01dud102023100161/4D,ビップマリク,2025-12-13,せん2,1
2025-10-11,pw01dud102023100095/18,ビップムーラン,2025-12-06,牝2,5
2025-03-29,pw01dud102022101229/39,ビップモアナ,2025-04-13,牝3,2
2025-05-24,pw01dud102018105050/95,ビップランバン,2025-08-02,牡7,3
2025-10-26,pw01dud102023105995/7C,ビップルーク,2025-12-06,牡2,4
2025-06-29,pw01dud102023105996/EF,ビップレオン,2025-11-24,牡2,4
2025-08-09,pw01dud102021100886/EB,ビップレーヌ,2025-12-20,牝4,7
2025-11-08,pw01dud102023105418/60,ビップヴォルフ,2025-11-23,牡2,2
2025-11-29,pw01dud102023104499/64,ビナハイバン,2025-12-14,牡2,2
2025-01-13,pw01dud102022103238/B4,ビバジョー,2025-07-12,牝3,3
2025-07-06,pw01dud102021102700/66,ビバップ,2025-10-04,牡4,6
2025-04-19,pw01dud102022107108/0F,ビビデバビデブー,2025-05-18,牡3,4
2025-07-27,pw01dud102022103599/1A,ビモクシュウレイ,2025-08-24,牡3,3
2025-08-02,pw01dud102023103097/CB,ビョウブガウラ,2025-08-02,牡2,1
2025-04-26,pw01dud102018106610/6A,ビヨンドザシーン,2025-09-28,牡7,5
2025-05-04,pw01dud102019100677/E1,ビヨンドザタイム,2025-05-04,牡6,2
2025-05-10,pw01dud102020102736/BC,ビヨンドザドリーム,2025-11-23,牡5,8
2025-01-26,pw01dud102019101613/A4,ビヨンドザファザー,2025-01-26,牡6,1
2025-08-03,pw01dud102020103099/0D,ビヨンドザヴァレー,2025-08-03,牝5,4
2025-08-30,pw01dud102022110094/E7,ビリオネアボーイ,2025-11-22,牡3,9
2025-07-19,pw01dud102022104930/62,ビリングス,2025-12-21,牡3,5
2025-11-08,pw01dud102023103311/2C,ビリージェイ,2025-11-08,牡2,2
2025-04-27,pw01dud102022104251/9E,ビリーヴアンドラン,2025-04-27,牡3,3
2025-07-12,pw01dud102018103739/F9,ビリーヴインミー,2025-07-12,牝7,3
2025-06-22,pw01dud102020105250/02,ビルカール,2025-12-13,牡5,6
2025-11-01,pw01dud102023103552/41,ビルバンテ,2025-11-01,牡2,1
2025-04-05,pw01dud102021104872/CB,ビルンバウム,2025-04-20,せん4,2
2025-06-22,pw01dud102023102170/C8,ビレッジルイーザ,2025-12-21,牝2,5
2025-07-06,pw01dud102022101760/63,ビレッジルミエール,2025-07-06,牝3,5
2025-12-07,pw01dud102023105967/32,ビロングトゥミー,2025-12-20,牝2,2
2025-02-01,pw01dud102019106691/E9,ビーアイオラクル,2025-11-29,牡6,7
2025-11-22,pw01dud102022104515/BD,ビーアイフォルテ,2025-11-22,牝3,5
2025-05-10,pw01dud102019101348/80,ビーアストニッシド,2025-12-21,牡6,6
2025-06-29,pw01dud102022105388/13,ビーオンザカバー,2025-11-30,牡3,7
2025-05-03,pw01dud102021100683/30,ビーグラッド,2025-12-07,牝4,9
2025-08-09,pw01dud102022106172/DE,ビーコ,2025-08-24,牝3,6
2025-04-20,pw01dud102021103595/C2,ビーコング,2025-11-16,牡4,9
2025-06-29,pw01dud102023106357/EB,ビースタニング,2025-10-05,牝2,2
2025-12-28,pw01dud102023104891/90,ビーストウォーズ,2025-12-28,牡2,1
2025-11-15,pw01dud102023105830/AC,ビーチイン,2025-11-24,牝2,2
2025-11-22,pw01dud102023102429/16,ビーチェ,2025-12-07,牝2,2
2025-11-08,pw01dud102023107140/43,ビーチェマーレ,2025-12-14,牡2,3
2025-02-09,pw01dud102022100153/97,ビートウマザンマイ,2025-05-24,牝3,3
2025-02-15,pw01dud102019110120/45,ビートエモーション,2025-06-14,せん6,3
2025-03-22,pw01dud102019104588/EF,ビートザレコード,2025-03-22,牡6,3
2025-07-27,pw01dud102019100572/71,ビーナスローズ,2025-08-10,牝6,4
2025-11-23,pw01dud102023106494/03,ビービーアジャイル,2025-12-27,牡2,3
2025-07-13,pw01dud102022102421/F2,ビービーエフォート,2025-10-26,牝3,6
2025-08-17,pw01dud102022102397/E3,ビービーバザーク,2025-12-21,牡3,9
2025-07-06,pw01dud102022102419/7A,ビービープリメーロ,2025-07-20,牝3,3
2025-08-09,pw01dud102022100729/3F,ビーマックス,2025-12-06,牡3,8
2025-08-02,pw01dud102022101427/B5,ビーム,2025-08-02,牡3,4
2025-01-13,pw01dud102022104017/AE,ビーラブドウィッチ,2025-01-13,牝3,1
2025-07-06,pw01dud102021103578/FB,ビーンスターク,2025-10-11,牡4,5
2025-10-19,pw01dud102023105443/51,ピアス,2025-11-09,牝2,2
2025-11-09,pw01dud102022103624/9C,ピアストイヤーズ,2025-11-24,牡3,5
2025-12-20,pw01dud102023103435/49,ピエスユニーク,2025-12-20,牝2,1
2025-07-27,pw01dud102022105386/2D,ピエタンツァ,2025-12-06,牝3,5
2025-10-13,pw01dud102023103487/7F,ピエドゥラパン,2025-11-23,牝2,2
2025-03-22,pw01dud102022101593/8A,ピエナアイル,2025-06-01,牡3,4
2025-02-22,pw01dud102022106573/15,ピエナイオス,2025-05-04,牝3,2
2025-11-23,pw01dud102023100715/EF,ピエナオルカ,2025-12-13,牡2,3
2025-01-13,pw01dud102021101155/E0,ピエナオルフェ,2025-12-13,牡4,11
2025-10-12,pw01dud102023100716/62,ピエナカノン,2025-10-12,牝2,1
2025-05-11,pw01dud102021101153/FA,ピエナクレスコ,2025-09-20,牡4,5
2025-01-11,pw01dud102020101335/96,ピエナパイロ,2025-01-11,牝5,1
2025-11-09,pw01dud102023101918/99,ピエナビバサンバ,2025-12-21,牡2,4
2025-05-11,pw01dud102022101175/8C,ピエナフェーヴル,2025-05-11,牡3,5
2025-08-23,pw01dud102023105583/C2,ピエナブラック,2025-12-28,牡2,4
2025-04-27,pw01dud102022106234/B5,ピエノダモーレ,2025-04-27,牝3,2
2025-05-03,pw01dud102020103253/7D,ピエフォール,2025-05-03,牡5,1
2025-01-12,pw01dud102022100204/EB,ピエマンソン,2025-12-21,牡3,5
2025-12-20,pw01dud102023105288/6E,ピカキウイ,2025-12-20,牝2,1
2025-11-24,pw01dud102023100494/69,ピカソジャスパー,2025-12-27,牝2,2
2025-01-06,pw01dud102022103354/39,ピカッティー,2025-02-16,牝3,3
2025-08-16,pw01dud102022105979/9C,ピカピカサンダー,2025-10-18,牡3,3
2025-11-30,pw01dud102023102199/F3,ピカピカピロコ,2025-11-30,牝2,1
2025-10-25,pw01dud102023103876/C0,ピカラ,2025-10-25,牝2,1
2025-01-18,pw01dud102021110137/85,ピカリ,2025-10-11,牝4,6
2025-03-02,pw01dud102019104288/5C,ピカリエ,2025-03-02,牝6,1
2025-08-10,pw01dud102021106087/70,ピカレスクノベル,2025-08-10,牡4,2
2025-07-05,pw01dud102020102868/03,ピクシレーション,2025-12-20,牝5,7
2025-07-27,pw01dud102021106347/C3,ピクラリーダ,2025-09-06,牝4,6
2025-11-16,pw01dud102023105602/00,ピゲ,2025-11-29,牡2,2
2025-07-20,pw01dud102021110165/CF,ピコアーガイル,2025-12-07,牡4,7
2025-10-05,pw01dud102021101711/FA,ピコイチ,2025-12-14,牡4,2
2025-06-21,pw01dud102023102006/D9,ピコオーバル,2025-06-21,牡2,1
2025-08-31,pw01dud102022101763/BC,ピコグリーン,2025-09-13,牝3,8
2025-06-29,pw01dud102021101730/A7,ピコサン,2025-06-29,牡4,1
2025-07-05,pw01dud102022101716/C5,ピコシー,2025-12-13,牡3,6
2025-08-24,pw01dud102022101758/EB,ピコチマチ,2025-08-24,牝3,2
2025-03-16,pw01dud102022101745/82,ピコチャンブラック,2025-04-20,牡3,2
2025-07-06,pw01dud102022110132/D2,ピコテンダー,2025-12-20,牝3,9
2025-10-04,pw01dud102023105562/2F,ピコテーパー,2025-10-04,牡2,1
2025-07-12,pw01dud102021101727/BC,ピコニ,2025-07-12,牡4,4
2025-06-28,pw01dud102023100706/52,ピコパープル,2025-12-06,牝2,2
2025-01-05,pw01dud102022106248/91,ピコビジュー,2025-01-05,牡3,1
2025-04-20,pw01dud102022101754/1F,ピコピンク,2025-05-25,牝3,3
2025-07-26,pw01dud102022101739/3E,ピコブルー,2025-10-12,牡3,3
2025-11-15,pw01dud102023106098/0B,ピコマーキス,2025-11-15,牡2,3
2025-07-06,pw01dud102022101718/AB,ピコラ,2025-09-14,牝3,5
2025-06-21,pw01dud102023106090/73,ピコラディアント,2025-06-21,牝2,1
2025-04-26,pw01dud102022107272/FE,ピコレッド,2025-10-11,牡3,5
2025-08-17,pw01dud102022101765/A2,ピコローズ,2025-12-21,牝3,7
2025-01-18,pw01dud102019100625/AB,ピジョンブラッド,2025-03-01,牝6,4
2025-06-14,pw01dud102022103514/5B,ピジョンポイント,2025-11-08,牡3,10
2025-10-19,pw01dud102022105488/44,ピスタ,2025-11-02,牡3,4
2025-08-23,pw01dud102022106937/65,ピストルスター,2025-11-15,牡3,10
2025-07-27,pw01dud102021105447/05,ピストンボーイ,2025-07-27,牡4,6
2025-02-23,pw01dud102022106987/B5,ピチクリ,2025-09-13,牝3,3
2025-05-10,pw01dud102021105121/A0,ピックアチェリー,2025-12-28,牝4,5
2025-07-06,pw01dud102020103088/8A,ピックアップライン,2025-12-21,牡5,7
2025-06-21,pw01dud102022104799/6B,ピックデムッシュ,2025-12-28,牡3,6
2025-01-26,pw01dud102022103067/0F,ピッコロイカリーノ,2025-06-08,牝3,3
2025-11-08,pw01dud102023104819/A8,ピッタンヌンムル,2025-11-24,牝2,2
2025-05-17,pw01dud102022105247/2F,ピッツァナポリ,2025-05-17,牝3,3
2025-07-27,pw01dud102022105400/2C,ピティロディア,2025-11-08,牡3,10
2025-04-12,pw01dud102022101728/BB,ピノルージュ,2025-04-12,牝3,2
2025-02-09,pw01dud102020103450/86,ピピオラ,2025-02-09,牝5,1
2025-10-05,pw01dud102023107171/E6,ピュアエンブレム,2025-12-14,牝2,2
2025-07-19,pw01dud102021107001/2D,ピュアキアン,2025-12-06,牡4,8
2025-02-01,pw01dud102020103444/42,ピュアグルーヴ,2025-11-29,牝5,4
2025-01-05,pw01dud102022105497/E1,ピュアコレクション,2025-07-19,牝3,3
2025-11-09,pw01dud102023103511/8E,ピュアハピネス,2025-12-27,牝2,2
2025-04-26,pw01dud102022107016/08,ピュアマケナ,2025-05-24,牡3,4
2025-01-25,pw01dud102020106164/9C,ピュアマークス,2025-02-15,牡5,3
2025-04-05,pw01dud102022105700/BF,ピュイダムール,2025-04-05,牝3,1
2025-07-19,pw01dud102022101455/FF,ピュルテ,2025-09-14,牝3,6
2025-12-07,pw01dud102023105784/97,ピュール,2025-12-28,牡2,2
2025-08-03,pw01dud102021107058/A2,ピューロマジック,2025-09-28,牝4,3
2025-10-25,pw01dud102023105427/FD,ピョイットハレルヤ,2025-12-20,牝2,3
2025-04-19,pw01dud102022101599/3C,ピラニアキッス,2025-04-19,牝3,3
2025-08-02,pw01dud102022105458/14,ピリカサンライズ,2025-11-24,牝3,6
2025-04-20,pw01dud102022106661/50,ピリナマアナ,2025-08-31,牝3,6
2025-08-30,pw01dud102021100526/F8,ピリー,2025-08-30,牝4,3
2025-10-19,pw01dud102023106458/8F,ピルスナー,2025-11-30,牝2,4
2025-10-25,pw01dud102023104304/64,ピレシー,2025-10-25,牝2,1
2025-06-28,pw01dud102022105500/5D,ピンキースウェア,2025-08-23,牝3,6
2025-08-17,pw01dud102020106475/B2,ピンキープロミス,2025-10-18,牡5,9
2025-11-29,pw01dud102023107488/AE,ピンクサウスポー,2025-12-21,牝2,2
2025-08-02,pw01dud102020106966/0A,ピンクジン,2025-12-28,牝5,10
2025-03-30,pw01dud102019105738/F0,ピンクセイラー,2025-04-19,牝6,3
2025-08-16,pw01dud102022106657/F2,ピンクパラダイス,2025-09-07,牝3,3
2025-07-12,pw01dud102022100766/26,ピンクブルー,2025-07-12,牝3,2
2025-07-27,pw01dud102022105974/5D,ピンクベルズ,2025-07-27,牝3,3
2025-08-24,pw01dud102022104652/D5,ピンパンポン,2025-08-24,牡3,1
2025-10-04,pw01dud102020103003/CB,ピンポイントドロー,2025-10-04,牡5,3
2025-06-28,pw01dud102023107455/25,ピーエムキンチャン,2025-12-27,牡2,4
2025-01-11,pw01dud102019105318/0C,ピースオブエイト,2025-01-11,せん6,1
2025-11-16,pw01dud102020101024/80,ピースオブザライフ,2025-11-16,牝5,6
2025-09-07,pw01dud102022100129/19,ピースオブライツ,2025-09-07,牝3,6
2025-03-16,pw01dud102022106882/45,ピースオーシャン,2025-03-16,牝3,1
2025-11-09,pw01dud102023103422/E0,ピースサイン,2025-12-20,牡2,2
2025-04-27,pw01dud102022106509/57,ピースシャイニー,2025-04-27,牡3,3
2025-04-27,pw01dud102021105769/9E,ピースヒロフェイス,2025-10-12,牝4,10
2025-07-27,pw01dud102022100624/CF,ピースフルゴールド,2025-07-27,牝3,7
2025-04-13,pw01dud102020106821/5A,ピースフルナイト,2025-11-29,牝5,12
2025-08-17,pw01dud102022103120/DB,ピースワンジョケル,2025-09-15,牡3,3
2025-09-27,pw01dud102021101134/4D,ピースワンデュック,2025-12-13,牡4,3
2025-10-04,pw01dud102020105611/F9,ピーターサイト,2025-12-27,牡5,5
2025-07-06,pw01dud102022103752/17,ピーターライズ,2025-07-06,牡3,2
2025-11-16,pw01dud102023100635/DE,ピーチアバランチェ,2025-12-20,牝2,3
2025-06-01,pw01dud102022103898/3A,ピーチマカロン,2025-06-01,牝3,5
2025-11-01,pw01dud102023107348/3D,ピードモント,2025-11-01,牡2,2
2025-10-26,pw01dud102023103596/4D,ファイアスピリット,2025-11-08,牡2,2
2025-07-12,pw01dud102022101067/31,ファイアトリック,2025-12-20,牡3,9
2025-07-13,pw01dud102023101154/85,ファイアマン,2025-12-14,牡2,4
2025-10-11,pw01dud102023101135/D8,ファイアリービート,2025-11-01,牡2,2
2025-01-18,pw01dud102022105341/AE,ファイアリーホット,2025-03-30,牡3,3
2025-02-09,pw01dud102022104720/F0,ファイアンクランツ,2025-09-15,牡3,5
2025-07-26,pw01dud102022101741/B6,ファイアーレッド,2025-07-26,牝3,2
2025-08-09,pw01dud102022106108/20,ファイアーワルツ,2025-08-09,牝3,3
2025-04-26,pw01dud102022105625/ED,ファイアーワークス,2025-06-22,牡3,4
2025-11-22,pw01dud102023101114/45,ファイタージェット,2025-12-20,牡2,3
2025-06-21,pw01dud102021100476/17,ファイツオン,2025-12-20,牡4,6
2025-01-06,pw01dud102022106114/64,ファイナルクイーン,2025-02-09,牝3,2
2025-11-16,pw01dud102020103100/A3,ファイナルヒート,2025-11-16,牡5,7
2025-10-11,pw01dud102023103354/C5,ファイネクローネ,2025-10-11,牝2,1
2025-08-23,pw01dud102022100635/52,ファイブエム,2025-08-23,牝3,5
2025-11-15,pw01dud102020101550/D9,ファイブセンス,2025-11-15,牝5,5
2025-10-18,pw01dud102023107298/5C,ファイブタンゴ,2025-12-27,牡2,5
2025-10-18,pw01dud102023105454/D4,ファイヤサラマンダ,2025-12-21,牡2,4
2025-08-02,pw01dud102021106003/24,ファイヤーウィップ,2025-10-04,牡4,4
2025-12-07,pw01dud102023103599/A6,ファイヤーナイフ,2025-12-20,牡2,2
2025-12-07,pw01dud102023104182/9C,ファインウーマン,2025-12-28,牝2,2
2025-09-06,pw01dud102023104204/33,ファインコンダクト,2025-10-13,牝2,2
2025-10-04,pw01dud102023101169/D4,ファインサマーデイ,2025-10-04,牡2,1
2025-09-20,pw01dud102023101126/3B,ファインダーズ,2025-09-20,牝2,1
2025-08-30,pw01dud102021107212/12,ファイントパーズ,2025-12-20,牝4,5
2025-07-13,pw01dud102023106627/4E,ファインブライト,2025-12-27,牡2,6
2025-11-08,pw01dud102023104469/34,ファインブルー,2025-11-15,牝2,5
2025-10-04,pw01dud102023104662/71,ファインマン,2025-10-25,牡2,4
2025-08-31,pw01dud102021102419/EE,ファインライン,2025-12-28,牡4,7
2025-11-15,pw01dud102017102043/85,ファイヴレター,2025-11-15,牡8,6
2025-06-01,pw01dud102022104218/83,ファウストラーゼン,2025-06-01,牡3,3
2025-07-26,pw01dud102022105547/C2,ファジーロップ,2025-07-26,牝3,2
2025-05-31,pw01dud102022105274/06,ファストパスキー,2025-05-31,牡3,4
2025-10-25,pw01dud102023106362/BC,ファストフォワード,2025-11-16,牝2,2
2025-10-11,pw01dud102023100239/E6,ファストワーカー,2025-10-11,牝2,2
2025-08-03,pw01dud102023105209/61,ファツアップ,2025-12-20,牡2,3
2025-07-26,pw01dud102023105277/EB,ファニーバニー,2025-11-22,牝2,5
2025-07-13,pw01dud102021103478/CA,ファビュラススター,2025-12-06,牡4,4
2025-10-25,pw01dud102023106304/42,ファフロツキーズ,2025-11-15,牡2,2
2025-07-20,pw01dud102019106821/DB,ファベル,2025-12-13,牡6,6
2025-05-18,pw01dud102021100651/1A,ファミリータイム,2025-12-13,牡4,8
2025-05-04,pw01dud102021106642/17,ファミリーツリー,2025-12-13,牝4,9
2025-02-01,pw01dud102022107021/D9,ファミーユウルーズ,2025-11-01,牡3,6
2025-04-20,pw01dud102022110142/E2,ファムエレガンテ,2025-12-06,牝3,7
2025-10-04,pw01dud102023106433/30,ファムクラジューズ,2025-11-30,牝2,3
2025-08-16,pw01dud102022104806/B3,ファムゲリエール,2025-09-15,牝3,2
2025-10-04,pw01dud102023103798/95,ファムマルキーズ,2025-10-04,牝2,2
2025-07-05,pw01dud102022105731/62,ファランジリング,2025-07-05,牝3,4
2025-08-09,pw01dud102022100657/58,ファランドール,2025-08-09,牝3,3
2025-08-16,pw01dud102022106894/3B,ファリア,2025-08-16,牡3,10
2025-08-02,pw01dud102022105564/89,ファリーザ,2025-12-07,牝3,7
2025-07-13,pw01dud102022102572/E6,ファリードゥーン,2025-08-02,牡3,3
2025-02-15,pw01dud102022106083/30,ファルコンバローズ,2025-04-19,せん3,4
2025-05-25,pw01dud102020104748/90,ファルコンミノル,2025-09-28,牡5,4
2025-05-17,pw01dud102020105996/4B,ファルシオン,2025-08-31,牝5,5
2025-01-11,pw01dud102018102910/41,ファルヴォーレ,2025-03-01,牡7,2
2025-07-12,pw01dud102019100450/3A,ファロロジー,2025-10-26,牝6,6
2025-11-24,pw01dud102023103648/14,ファンクション,2025-11-24,牝2,1
2025-11-24,pw01dud102023103514/E7,ファンシーシェイプ,2025-11-24,牝2,1
2025-12-21,pw01dud102023101616/20,ファンシーズ,2025-12-21,牝2,1
2025-08-10,pw01dud102022104986/64,ファンシーデイ,2025-08-10,牝3,3
2025-07-13,pw01dud102023101676/80,ファンシーフリル,2025-11-24,牝2,6
2025-04-27,pw01dud102022102378/36,ファンタイムギフト,2025-12-21,牡3,7
2025-08-30,pw01dud102019105370/D4,ファンタジア,2025-10-19,牝6,3
2025-08-17,pw01dud102022105048/40,ファンタズマ,2025-08-31,牡3,8
2025-06-01,pw01dud102022105836/D2,ファンダム,2025-06-01,牡3,3
2025-05-03,pw01dud102022103372/73,ファントムブラッド,2025-05-03,牡3,2
2025-10-04,pw01dud102023103502/F1,ファントムヴォルト,2025-10-04,牡2,2
2025-04-27,pw01dud102021103894/E2,ファンユー,2025-04-27,牝4,1
2025-10-04,pw01dud102023104371/7B,ファーザーアウェイ,2025-11-02,牡2,2
2025-06-28,pw01dud102023109150/31,ファーストアタック,2025-06-28,牡2,1
2025-12-20,pw01dud102023100624/5B,ファーストシーン,2025-12-20,牝2,1
2025-02-23,pw01dud102022102297/B2,ファーストドラゴン,2025-06-22,牡3,4
2025-02-22,pw01dud102022103300/1D,ファータビアンカ,2025-06-01,牝3,3
2025-08-23,pw01dud102022104402/23,ファータフィオーレ,2025-08-23,牝3,1
2025-10-19,pw01dud102020106659/C0,ファートム,2025-10-19,せん5,1
2025-08-10,pw01dud102022105821/83,ファーニスクリーク,2025-08-10,せん3,3
2025-11-15,pw01dud102020104491/28,ファームツエンティ,2025-11-15,せん5,8
2025-05-03,pw01dud102020105271/95,ファーレンジョー,2025-09-21,牡5,5
2025-04-19,pw01dud102022105280/4A,ファーングロット,2025-04-19,牡3,2
2025-02-23,pw01dud102019106293/0B,ファーンヒル,2025-06-08,牡6,3
2025-05-18,pw01dud102021104893/5E,ファーヴェント,2025-10-18,牡4,7
2025-11-16,pw01dud102023107193/EC,フィアスゲイル,2025-11-30,牝2,3
2025-06-28,pw01dud102022103566/91,フィアマドラータ,2025-08-23,せん3,3
2025-11-29,pw01dud102023102144/64,フィアレスウィル,2025-12-14,牡2,3
2025-10-12,pw01dud102023103674/78,フィアーブル,2025-10-19,牝2,3
2025-12-20,pw01dud102023102101/CB,フィエスタ,2025-12-20,牝2,1
2025-06-01,pw01dud102022102412/55,フィエルテ,2025-06-01,牝3,1
2025-07-26,pw01dud102022100715/63,フィエールガール,2025-08-31,牝3,10
2025-08-10,pw01dud102021101924/C5,フィオライア,2025-12-07,牝4,8
2025-06-28,pw01dud102023102027/6C,フィオラーノ,2025-06-28,牡2,1
2025-08-10,pw01dud102022100626/B5,フィオレストラーダ,2025-12-14,牝3,5
2025-04-13,pw01dud102022104038/41,フィオーレ,2025-04-13,牝3,1
2025-11-16,pw01dud102023100069/B4,フィオーレクラウド,2025-11-16,牝2,1
2025-08-31,pw01dud102023102155/E7,フィオーレグリーン,2025-12-28,牝2,3
2025-09-27,pw01dud102023103045/95,フィクセルリリア,2025-12-20,牝2,3
2025-12-14,pw01dud102023100230/DB,フィサブロス,2025-12-14,牡2,1
2025-07-19,pw01dud102022104996/74,フィザルモニカ,2025-09-15,牝3,4
2025-09-06,pw01dud102023104918/66,フィティテラ,2025-09-06,牝2,2
2025-07-06,pw01dud102016102229/ED,フィデリオグリーン,2025-09-28,牡9,4
2025-11-16,pw01dud102023107064/FE,フィデリス,2025-11-16,牝2,2
2025-08-03,pw01dud102022104674/DB,フィドルファドル,2025-12-27,牝3,11
2025-08-16,pw01dud102022102426/31,フィナルフェリス,2025-09-06,牝3,5
2025-02-08,pw01dud102019110074/30,フィフティシェビー,2025-06-15,牡6,2
2025-08-24,pw01dud102022104935/A1,フィヤール,2025-08-24,牝3,6
2025-08-24,pw01dud102023102025/86,フィラーエ,2025-12-27,牝2,4
2025-08-09,pw01dud102022100644/EF,フィリグラン,2025-08-24,牝3,6
2025-02-09,pw01dud102021102797/1B,フィリップ,2025-12-20,牡4,8
2025-04-27,pw01dud102022104199/45,フィリップバローズ,2025-06-15,牡3,5
2025-02-01,pw01dud102022105502/43,フィルトラージュ,2025-03-30,牝3,2
2025-03-23,pw01dud102020101805/5B,フィルムアクトレス,2025-03-23,牝5,1
2025-10-26,pw01dud102023104351/5B,フィレルレーヴ,2025-10-26,牝2,1
2025-07-27,pw01dud102023103444/E6,フィロステファニ,2025-10-25,牝2,2
2025-04-12,pw01dud102021106050/1B,フィローシャ,2025-04-12,牡4,1
2025-11-09,pw01dud102023102813/18,フィンガー,2025-11-24,牡2,3
2025-04-20,pw01dud102022109006/D6,フィンガーダンシン,2025-04-20,牡3,4
2025-11-15,pw01dud102022105758/A7,フィングステン,2025-12-06,牝3,5
2025-02-15,pw01dud102022105824/DC,フィーチャリング,2025-11-30,牡3,6
2025-07-20,pw01dud102022105314/D7,フィーユチャン,2025-09-15,牝3,6
2025-08-24,pw01dud102023101443/95,フィーユレアル,2025-12-21,牝2,4
2025-08-17,pw01dud102022105175/48,フィーリウス,2025-12-28,牡3,9
2025-01-06,pw01dud102018101240/2B,フィーリウスワン,2025-01-06,牡7,1
2025-07-19,pw01dud102022105925/80,フィールオーサム,2025-12-13,牝3,8
2025-02-01,pw01dud102022105924/0D,フィールザゴールド,2025-03-29,牡3,5
2025-02-02,pw01dud102018105762/E2,フィールザワールド,2025-04-06,牡7,3
2025-08-03,pw01dud102019105768/20,フィールシンパシー,2025-12-20,牝6,7
2025-08-10,pw01dud102023102486/1D,フィールドアピール,2025-10-05,牝2,4
2025-01-05,pw01dud102022107186/A9,フィールドノート,2025-01-05,牡3,1
2025-12-21,pw01dud102023103860/FE,フィールマイプラン,2025-12-21,牡2,1
2025-05-17,pw01dud102021101415/33,フイノマジワリ,2025-10-11,牝4,6
2025-04-26,pw01dud102022101626/A4,フウセツ,2025-11-16,牡3,8
2025-12-13,pw01dud102023104552/30,フウセン,2025-12-13,牡2,1
2025-12-14,pw01dud102023105564/15,フウリンカザン,2025-12-14,牡2,1
2025-08-03,pw01dud102020105795/76,フェアエールング,2025-11-16,牝5,5
2025-08-24,pw01dud102022105174/D5,フェアゴー,2025-09-13,牡3,6
2025-05-25,pw01dud102022104014/55,フェアリアルギフト,2025-05-25,牝3,3
2025-01-11,pw01dud102022104020/99,フェアリオンアイス,2025-01-11,牝3,1
2025-08-02,pw01dud102022105083/41,フェアリーグレン,2025-11-15,牝3,8
2025-03-22,pw01dud102022101180/5D,フェアリーブルー,2025-07-13,牝3,5
2025-05-10,pw01dud102022101082/12,フェアリーメドウ,2025-05-10,牝3,3
2025-08-03,pw01dud102022106322/F0,フェアリーライク,2025-11-09,牝3,7
2025-07-27,pw01dud102022105571/40,フェアーメロディ,2025-07-27,牝3,6
2025-07-05,pw01dud102023106605/48,フェイスリフト,2025-11-15,牡2,7
2025-11-15,pw01dud102020103388/1D,フェイト,2025-12-06,牡5,3
2025-05-17,pw01dud102022104992/A8,フェイトライン,2025-11-08,牡3,12
2025-05-17,pw01dud102020106355/61,フェゲフォイア,2025-11-16,牡5,3
2025-07-26,pw01dud102022100028/75,フェスタリア,2025-12-13,牡3,7
2025-08-24,pw01dud102023107265/D3,フェスティバルヒル,2025-11-01,牝2,3
2025-04-27,pw01dud102022102384/7A,フェスティヴイリス,2025-07-06,牝3,3
2025-08-02,pw01dud102023101113/D2,フェスティヴドレス,2025-12-20,牝2,4
2025-11-29,pw01dud102023100667/F4,フェスティヴニーサ,2025-11-29,牡2,1
2025-10-25,pw01dud102023104526/CC,フェスティヴハート,2025-12-07,牝2,3
2025-07-20,pw01dud102020102452/7D,フェスティヴビーム,2025-11-24,牡5,5
2025-07-19,pw01dud102022106302/D0,フェスティヴルキナ,2025-09-07,牝3,5
2025-07-27,pw01dud102022106506/FE,フェスティーヴォ,2025-07-27,牡3,4
2025-08-02,pw01dud102020103009/7D,フェステスバント,2025-08-02,牝5,1
2025-02-16,pw01dud102019105218/DB,フェズカズマ,2025-02-16,牡6,1
2025-04-20,pw01dud102022103211/6F,フェデラー,2025-04-20,牡3,1
2025-04-27,pw01dud102022104479/B8,フェデルミエール,2025-12-13,牝3,8
2025-01-12,pw01dud102022101408/08,フェニーチェドーロ,2025-11-16,牝3,5
2025-08-23,pw01dud102023104075/B4,フェブリノ,2025-12-28,牝2,4
2025-01-06,pw01dud102022104319/27,フェブルアーリア,2025-07-05,牡3,4
2025-08-02,pw01dud102020103920/4B,フェミナフォルテ,2025-12-27,牝5,10
2025-11-15,pw01dud102023105023/6D,フェミナンジェンヌ,2025-11-15,牝2,1
2025-01-05,pw01dud102020105156/83,フェリ,2025-12-14,牝5,10
2025-06-29,pw01dud102022104215/2A,フェリアフローレス,2025-06-29,牝3,2
2025-08-30,pw01dud102022101370/AF,フェリシアムーン,2025-08-30,牝3,2
2025-02-01,pw01dud102022102602/A7,フェリスチカ,2025-06-21,牝3,2
2025-01-12,pw01dud102022103329/48,フェリスナビダ,2025-01-12,牝3,1
2025-08-17,pw01dud102021105862/AA,フェリーニ,2025-08-17,牡4,5
2025-10-25,pw01dud102023107029/FD,フェルアフリーゼ,2025-10-25,牝2,1
2025-11-09,pw01dud102023103376/CB,フェルギナス,2025-11-23,牡2,2
2025-02-08,pw01dud102022105831/93,フェルシナ,2025-12-21,牝3,8
2025-11-24,pw01dud102023107178/0B,フェルミアーク,2025-11-24,牝2,1
2025-01-12,pw01dud102021105897/19,フェルメール,2025-03-23,牡4,2
2025-01-11,pw01dud102019105975/39,フェルンマンボ,2025-01-11,牝6,1
2025-03-02,pw01dud102022104191/AD,フェルヴァーラ,2025-03-02,牝3,1
2025-08-23,pw01dud102020102045/02,フェルヴェンテ,2025-11-23,牡5,7
2025-04-26,pw01dud102021101744/83,フェレザ,2025-05-11,牝4,3
2025-04-12,pw01dud102021105519/EC,フェロニエール,2025-04-12,牝4,1
2025-05-03,pw01dud102022104095/48,フェンスブレイカー,2025-10-19,牡3,5
2025-08-02,pw01dud102021105753/DC,フェンダー,2025-12-06,牡4,7
2025-11-08,pw01dud102023106536/BA,フェンネル,2025-11-22,牝2,2
2025-08-24,pw01dud102021110080/7F,フェヴリエ,2025-09-06,牡4,3
2025-10-05,pw01dud102023106484/F3,フェーダーローター,2025-11-08,牝2,3
2025-07-13,pw01dud102021101128/09,フェールブリエ,2025-09-28,牡4,5
2025-08-16,pw01dud102020103875/A9,フェーレンベルク,2025-12-27,牡5,6
2025-05-04,pw01dud102019105366/76,フェーングロッテン,2025-09-14,せん6,5
2025-10-18,pw01dud102023100619/8A,フェーヴルブラン,2025-10-18,牡2,1
2025-01-19,pw01dud102022104064/A5,フォアファン,2025-04-06,せん3,3
2025-08-16,pw01dud102021102774/A2,フォクシー,2025-12-06,牝4,4
2025-10-13,pw01dud102023103237/CD,フォセットジェンヌ,2025-10-13,牝2,1
2025-01-11,pw01dud102020100271/EA,フォティック,2025-12-13,牡5,8
2025-02-01,pw01dud102021105083/B5,フォティーゾ,2025-02-01,牡4,1
2025-06-28,pw01dud102023106479/22,フォトンゲイザー,2025-11-08,牡2,6
2025-11-09,pw01dud102021101164/7D,フォルガイル,2025-11-22,牡4,6
2025-07-05,pw01dud102021105571/B4,フォルクスリート,2025-07-05,牝4,4
2025-01-19,pw01dud102016104926/C9,フォルコメン,2025-01-19,せん9,1
2025-03-16,pw01dud102022102921/E7,フォルジュロン,2025-03-16,牡3,1
2025-06-22,pw01dud102022102831/C6,フォルスマジック,2025-06-22,牡3,3
2025-11-02,pw01dud102023107345/E4,フォルテアンジェロ,2025-12-27,牡2,3
2025-11-29,pw01dud102020100530/CA,フォルティーナ,2025-12-14,牝5,8
2025-02-23,pw01dud102022107409/15,フォルテッシモダイ,2025-06-15,牡3,3
2025-08-23,pw01dud102021100165/01,フォルテフィオーレ,2025-11-16,牡4,8
2025-07-27,pw01dud102022103042/B0,フォルテム,2025-12-06,牡3,10
2025-08-09,pw01dud102021105706/E5,フォルテローザ,2025-09-27,牝4,7
2025-02-02,pw01dud102020105895/A7,フォルテース,2025-02-02,牡5,1
2025-04-27,pw01dud102022110037/E0,フォルトレス,2025-11-16,牝3,6
2025-09-20,pw01dud102023106959/F7,フォルナカリア,2025-09-20,牡2,1
2025-08-02,pw01dud102023107183/DC,フォルナックス,2025-11-01,牝2,3
2025-12-13,pw01dud102023103765/0C,フォルマシオン,2025-12-13,牝2,1
2025-07-06,pw01dud102021105859/BF,フォルラニーニ,2025-11-15,牡4,6
2025-06-21,pw01dud102022101985/24,フォレストオール,2025-07-19,牝3,5
2025-10-13,pw01dud102021101950/29,フォレストゲート,2025-10-13,牡4,1
2025-08-10,pw01dud102021105904/61,フォローウィンド,2025-08-10,牡4,2
2025-12-21,pw01dud102017102537/36,フォワードアゲン,2025-12-21,せん8,6
2025-12-21,pw01dud102023107151/C6,フォワードシャッセ,2025-12-21,牝2,1
2025-10-11,pw01dud102023100943/9B,フォワードマーチ,2025-12-27,牝2,2
2025-07-26,pw01dud102022105100/99,フォンデネージュ,2025-12-13,牝3,6
2025-10-12,pw01dud102023103799/08,フォンドルレール,2025-11-08,牡2,2
2025-11-16,pw01dud102019105287/D8,フォンメイリー,2025-12-13,牝6,10
2025-12-14,pw01dud102023106300/76,フォーアライター,2025-12-14,牝2,1
2025-07-26,pw01dud102023102941/93,フォーエバーラブ,2025-12-13,牡2,4
2025-06-28,pw01dud102022101154/F9,フォーエリーゼ,2025-08-10,牝3,4
2025-10-19,pw01dud102023106682/6F,フォーオール,2025-10-19,牡2,1
2025-02-02,pw01dud102022100634/DF,フォーカスライト,2025-02-02,牝3,1
2025-04-12,pw01dud102020102926/0E,フォーカルフラワー,2025-12-14,牝5,5
2025-01-05,pw01dud102022105422/32,フォーキャンドルズ,2025-12-28,牡3,11
2025-11-02,pw01dud102023104248/3F,フォークスアップ,2025-11-16,牡2,3
2025-04-26,pw01dud102019105076/F3,フォーグッド,2025-09-27,せん6,5
2025-07-26,pw01dud102023105273/1F,フォーゲル,2025-12-20,牡2,6
2025-06-28,pw01dud102021105467/25,フォーザボーイズ,2025-10-26,牝4,6
2025-11-16,pw01dud102023105316/49,フォーシーファイン,2025-11-16,牡2,1
2025-06-14,pw01dud102021104800/75,フォージドブリック,2025-12-06,牡4,5
2025-02-08,pw01dud102022105242/F0,フォースミラクル,2025-12-13,牡3,4
2025-04-27,pw01dud102020102883/E4,フォーチュンコード,2025-04-27,牝5,3
2025-07-27,pw01dud102021101384/FF,フォーチュンタイム,2025-12-27,牡4,4
2025-11-22,pw01dud102019100631/EF,フォーチュンテラー,2025-11-22,牡6,2
2025-11-15,pw01dud102023103522/11,フォーチュンローズ,2025-11-15,牝2,1
2025-05-24,pw01dud102021104770/B4,フォーディアライフ,2025-10-12,牡4,5
2025-02-02,pw01dud102021105907/BA,フォートボヤール,2025-02-02,牡4,1
2025-12-14,pw01dud102021103251/23,フォートポータル,2025-12-27,せん4,2
2025-03-22,pw01dud102022106157/FD,フォードスピリット,2025-04-06,牡3,2
2025-05-18,pw01dud102020101327/6C,フォードテソーロ,2025-07-19,牡5,2
2025-01-19,pw01dud102022101549/EC,フォードワン,2025-01-19,牝3,1
2025-07-26,pw01dud102023100707/C5,フォールティア,2025-12-21,牡2,4
2025-08-30,pw01dud102019102163/EE,フォーワンセルフ,2025-12-20,牡6,11
2025-01-05,pw01dud102022100980/F6,フガート,2025-08-30,牡3,3
2025-10-26,pw01dud102023103971/B2,フキョウワオン,2025-11-16,牡2,2
2025-05-11,pw01dud102022104292/51,フクキタテーラー,2025-12-07,牝3,10
2025-11-24,pw01dud102023101964/1D,フクシマエクラ,2025-12-13,牝2,2
2025-10-18,pw01dud102023101965/90,フクシマグランツ,2025-12-07,牝2,3
2025-06-29,pw01dud102022104870/71,フクシマコウヨウ,2025-12-13,牝3,3
2025-10-18,pw01dud102023102281/7C,フクスケ,2025-12-20,牡2,3
2025-08-02,pw01dud102022105416/EE,フクチャンサクラ,2025-08-02,牝3,3
2025-06-28,pw01dud102023103418/82,フクチャンショウ,2025-11-08,牡2,4
2025-07-20,pw01dud102022105373/C4,フクチャンダイオウ,2025-08-30,牡3,3
2025-02-16,pw01dud102021105086/0E,フクチャントウメイ,2025-11-30,牡4,4
2025-11-08,pw01dud102022105494/88,フクチャンヒメ,2025-11-08,牝3,5
2025-08-24,pw01dud102023103196/89,フクチャンブラック,2025-12-07,牡2,4
2025-12-27,pw01dud102023102332/D0,フクノアンタレス,2025-12-27,牝2,1
2025-06-28,pw01dud102023100851/94,フクノエルデ,2025-12-14,牡2,2
2025-04-26,pw01dud102022106914/EC,フクノジョヴァンニ,2025-04-26,牝3,3
2025-05-03,pw01dud102022106455/AA,フクノスパイン,2025-05-24,牝3,2
2025-11-24,pw01dud102023100845/50,フクノハリファ,2025-11-24,牝2,2
2025-08-24,pw01dud102022101328/F7,フクノフィアーノン,2025-09-06,牝3,7
2025-02-02,pw01dud102020101465/F7,フクノブルジュ,2025-05-04,牡5,3
2025-08-23,pw01dud102022101329/6A,フクノブルーレイク,2025-12-13,牡3,7
2025-08-30,pw01dud102023101566/3F,フジガイフウ,2025-12-20,牡2,4
2025-10-25,pw01dud102023101707/B4,フジコンフィデンス,2025-11-24,牝2,2
2025-04-26,pw01dud102022101051/6F,フジサンエンヤス,2025-07-05,牝3,2
2025-08-23,pw01dud102023105179/A0,フジテンクウ,2025-11-23,牝2,2
2025-11-24,pw01dud102019105759/83,フジフォンテ,2025-12-21,せん6,6
2025-05-25,pw01dud102018104778/B5,フジマサインパクト,2025-05-25,牡7,3
2025-08-02,pw01dud102021104104/EA,フジマサテイオー,2025-08-02,牡4,2
2025-07-19,pw01dud102022101947/CA,フジュム,2025-07-19,せん3,2
2025-06-07,pw01dud102022102499/FA,フジルバーブ,2025-06-07,牝3,3
2025-07-05,pw01dud102022100306/02,フジレイメイ,2025-12-20,牡3,8
2025-02-01,pw01dud102022100286/51,フタイテンホイール,2025-02-15,牝3,4
2025-02-22,pw01dud102019102665/C9,フタイテンロック,2025-10-19,牡6,6
2025-03-01,pw01dud102022106066/69,フタリセゾン,2025-03-01,牝3,1
2025-10-13,pw01dud102023104595/C9,フックセンチョウ,2025-10-13,牡2,3
2025-08-23,pw01dud102023109036/92,フトゥーロスフィダ,2025-12-28,牡2,4
2025-08-03,pw01dud102021103790/E5,フナデ,2025-12-14,牡4,3
2025-06-15,pw01dud102020103218/7C,フミサウンド,2025-11-30,牡5,8
2025-02-22,pw01dud102022106154/A4,フミマーズ,2025-04-13,牝3,2
2025-12-20,pw01dud102023106417/DC,フュチュール,2025-12-20,牝2,1
2025-08-24,pw01dud102023100583/17,フュルスティン,2025-12-21,牝2,3
2025-05-03,pw01dud102022102304/FA,フューチャステップ,2025-05-03,牝3,2
2025-11-02,pw01dud102023101478/04,フューチャプライム,2025-11-24,牝2,2
2025-06-21,pw01dud102022103206/9E,フューチャーファン,2025-07-12,牝3,4
2025-07-06,pw01dud102022103812/08,フライエフェクト,2025-08-30,牝3,2
2025-10-13,pw01dud102023103544/17,フライスカイハイ,2025-12-06,牝2,4
2025-10-11,pw01dud102023109074/EC,フライデイゼーン,2025-10-11,牡2,1
2025-06-29,pw01dud102022101867/B9,フライハイ,2025-06-29,牡3,4
2025-07-27,pw01dud102022105355/8A,フライバイビーナス,2025-07-27,牝3,5
2025-01-13,pw01dud102020100297/BC,フライヤートゥルー,2025-01-13,牡5,1
2025-05-17,pw01dud102017105109/F5,フライライクバード,2025-05-17,せん8,2
2025-02-23,pw01dud102022102195/9B,フライングキャット,2025-03-16,牝3,2
2025-12-07,pw01dud102023105391/8A,フライングスカイ,2025-12-20,牝2,2
2025-02-23,pw01dud102020100906/10,フライングブレード,2025-12-21,牡5,8
2025-08-09,pw01dud102023106434/A3,フラクタル,2025-12-20,牝2,6
2025-08-10,pw01dud102023102653/F6,フラゲルムデイ,2025-09-14,牝2,2
2025-04-20,pw01dud102022104508/06,フラッシュケリー,2025-08-17,牝3,5
2025-07-13,pw01dud102022102662/07,フラッシュタイム,2025-09-14,牡3,9
2025-05-18,pw01dud102021101621/D9,フラッシュフリーズ,2025-06-14,牝4,3
2025-06-28,pw01dud102022104609/AA,フラッシュポイント,2025-10-18,牝3,3
2025-07-26,pw01dud102021105971/78,フラッシング,2025-11-15,牡4,6
2025-08-03,pw01dud102020103441/E9,フラッシングレート,2025-11-29,牝5,7
2025-07-13,pw01dud102020103127/E8,フラッパールック,2025-11-24,牝5,6
2025-04-13,pw01dud102019104660/68,フラップシグナス,2025-12-06,牡6,6
2025-01-26,pw01dud102020103682/FE,フラミニア,2025-04-20,牝5,3
2025-06-01,pw01dud102021100929/15,フラムブランシュ,2025-06-01,牡4,1
2025-11-16,pw01dud102021104910/B6,フラムリンガム,2025-11-16,せん4,4
2025-11-24,pw01dud102022105543/F6,フララナキラ,2025-11-24,牡3,6
2025-08-17,pw01dud102022104690/2F,フラワーデュエット,2025-08-17,牝3,4
2025-11-15,pw01dud102023102361/8D,フラワーフェアリー,2025-11-30,牝2,2
2025-08-23,pw01dud102022104947/97,フラワームーン,2025-12-06,牝3,4
2025-05-04,pw01dud102022101417/A5,フランキーバローズ,2025-09-14,牡3,8
2025-03-23,pw01dud102022104648/77,フランクスピード,2025-11-09,牝3,4
2025-06-15,pw01dud102022107006/F8,フランクテソーロ,2025-07-12,牡3,4
2025-05-25,pw01dud102022104689/2A,フランコジャポネ,2025-08-10,牝3,5
2025-04-13,pw01dud102022106913/79,フランシナテソーロ,2025-08-02,牝3,5
2025-08-09,pw01dud102022105009/73,フランシュフック,2025-08-30,牡3,2
2025-12-06,pw01dud102023102453/94,フランシーヌ,2025-12-06,牝2,1
2025-10-25,pw01dud102023100750/F0,フランジパーヌ,2025-10-25,牝2,1
2025-11-24,pw01dud102018110117/CE,フランスゴデイナ,2025-11-24,牡7,4
2025-01-25,pw01dud102022102346/20,フラヴス,2025-01-25,牝3,1
2025-02-09,pw01dud102021106734/1E,フラーハ,2025-11-24,牝4,7
2025-08-03,pw01dud102022110101/2F,フリアフロリダ,2025-08-16,牝3,7
2025-04-26,pw01dud102022102020/BB,フリッカージャブ,2025-10-18,牡3,6
2025-10-18,pw01dud102023101231/3D,フリッシュ,2025-10-18,牡2,3
2025-06-15,pw01dud102022102477/F4,フリットフライ,2025-06-28,牡3,2
2025-07-06,pw01dud102020100078/AD,フリッパー,2025-12-20,牡5,11
2025-07-13,pw01dud102022103204/B8,フリューゲルカフェ,2025-07-13,牝3,2
2025-04-26,pw01dud102019100722/83,フリューゲルホルン,2025-06-01,牡6,3
2025-06-22,pw01dud102020103844/06,フリントロック,2025-11-15,牝5,7
2025-11-29,pw01dud102023104389/23,フリーガー,2025-12-13,牡2,3
2025-03-23,pw01dud102020104559/B1,フリースタイル,2025-03-23,牝5,1
2025-11-08,pw01dud102021100599/C1,フリーセント,2025-11-08,牝4,1
2025-10-19,pw01dud102023105836/5E,フリーダムスタイル,2025-10-19,牝2,1
2025-07-19,pw01dud102021105792/A9,フリーダムレイン,2025-09-13,牡4,8
2025-01-25,pw01dud102019105238/FB,フリートオブフット,2025-01-25,牝6,1
2025-03-01,pw01dud102017103788/4A,フリーフロー,2025-03-01,牡8,1
2025-11-15,pw01dud102023102837/04,フリーマン,2025-11-23,牡2,3
2025-05-11,pw01dud102021104868/6D,フリーマントル,2025-05-25,牡4,3
2025-02-02,pw01dud102020103661/6B,フリームファクシ,2025-02-02,牡5,2
2025-04-27,pw01dud102022100267/A4,フルオブエナジー,2025-08-17,せん3,4
2025-03-01,pw01dud102020105881/CB,フルオブプレイズ,2025-03-01,牡5,1
2025-08-02,pw01dud102019102143/CE,フルオール,2025-12-20,牡6,8
2025-08-02,pw01dud102022102555/1F,フルグライト,2025-08-31,牡3,8
2025-06-21,pw01dud102022105391/FE,フルセンド,2025-06-21,牝3,7
2025-12-07,pw01dud102022100630/13,フルドド,2025-12-07,牝3,4
2025-10-19,pw01dud102023106464/D3,フルフィルメント,2025-11-29,牝2,6
2025-06-28,pw01dud102022103569/EA,フルボーグ,2025-08-03,牡3,4
2025-11-23,pw01dud102023110094/73,フルミネブル,2025-11-23,牡2,1
2025-05-24,pw01dud102019106214/FE,フルム,2025-11-23,牡6,6
2025-08-09,pw01dud102023100610/7F,フルムーン,2025-08-09,牡2,2
2025-05-11,pw01dud102020102867/90,フルメタルボディー,2025-06-15,せん5,5
2025-02-02,pw01dud102020104797/6D,フルラインナップ,2025-02-02,せん5,1
2025-05-24,pw01dud102021104840/B5,フルレゾン,2025-12-21,牝4,7
2025-05-11,pw01dud102020102929/67,フルングニル,2025-05-11,牡5,2
2025-12-28,pw01dud102023101884/0C,フルーツベイビー,2025-12-28,牝2,1
2025-04-06,pw01dud102022101789/8E,フルーツワゴン,2025-04-06,牝3,1
2025-07-27,pw01dud102020105656/78,フルール,2025-12-27,牝5,9
2025-11-16,pw01dud102023105866/8E,フルールサシェ,2025-12-06,牡2,2
2025-08-30,pw01dud102023103247/DD,フルールジェンヌ,2025-11-01,牝2,3
2025-08-03,pw01dud102023103822/A4,フルールドール,2025-10-04,牝2,2
2025-07-06,pw01dud102022104468/35,フルールネージュ,2025-07-06,牝3,4
2025-11-29,pw01dud102023107022/D8,フレアオブセンス,2025-11-29,牡2,1
2025-11-15,pw01dud102023107370/D5,フレアリングベリー,2025-11-15,牝2,2
2025-01-12,pw01dud102021106936/66,フレイミングパイ,2025-12-06,牝4,9
2025-03-15,pw01dud102022102129/F7,フレイム,2025-03-29,牡3,2
2025-08-09,pw01dud102019105745/A7,フレイムジョーカー,2025-12-14,牡6,9
2025-11-22,pw01dud102023101577/C2,フレイムスター,2025-12-27,牡2,3
2025-12-21,pw01dud102023101109/74,フレグレイ,2025-12-21,牝2,2
2025-06-08,pw01dud102022106127/CD,フレッシュノワール,2025-06-21,牡3,2
2025-07-06,pw01dud102022102995/23,フレッシュラン,2025-10-18,牝3,4
2025-05-18,pw01dud102015104699/73,フレッチア,2025-08-16,牡10,3
2025-11-08,pw01dud102023103394/05,フレッチャアズーラ,2025-12-06,牝2,2
2025-11-23,pw01dud102023103815/ED,フレットローソ,2025-12-13,牝2,2
2025-10-19,pw01dud102021105581/C4,フレミングフープ,2025-11-16,牝4,6
2025-10-11,pw01dud102023104539/35,フレンズプラス,2025-10-11,牝2,3
2025-04-06,pw01dud102019103210/65,フレンチギフト,2025-04-06,牝6,1
2025-08-31,pw01dud102023105062/3A,フレンチブラッサム,2025-10-25,牝2,3
2025-02-02,pw01dud102022100256/21,フレンドシルバー,2025-02-02,牝3,2
2025-06-07,pw01dud102022100336/32,フレンドビーチ,2025-06-07,牝3,1
2025-07-12,pw01dud102023106197/C9,フレンドモナコ,2025-12-20,牡2,7
2025-04-12,pw01dud102022100257/94,フレンドラック,2025-05-24,牡3,2
2025-07-12,pw01dud102023102881/A2,フレンドリーエール,2025-12-21,牝2,4
2025-04-27,pw01dud102022102352/64,フレーズボンボン,2025-05-17,牝3,3
2025-01-25,pw01dud102020103693/81,フレーヴァード,2025-01-25,牡5,1
2025-08-30,pw01dud102022104663/58,フロウアンドライム,2025-11-24,牡3,6
2025-06-29,pw01dud102022106911/93,フロウオブタイム,2025-07-12,牝3,6
2025-06-29,pw01dud102018103120/B8,フロスティクォーツ,2025-12-21,牡7,6
2025-10-12,pw01dud102023102266/9B,フロステリオン,2025-10-12,牡2,2
2025-12-21,pw01dud102023102369/25,フロムザムーン,2025-12-21,牡2,3
2025-02-15,pw01dud102022106334/E6,フロムザワールド,2025-03-30,牡3,3
2025-08-24,pw01dud102020110133/2D,フロムダスク,2025-11-08,牡5,4
2025-09-07,pw01dud102023106020/03,フロムドーン,2025-09-28,牡2,2
2025-07-20,pw01dud102020103205/13,フロムナウオン,2025-07-20,せん5,3
2025-08-30,pw01dud102023103836/80,フロムレイブン,2025-12-27,牝2,4
2025-10-11,pw01dud102023109013/19,フロリスタン,2025-10-11,牝2,2
2025-04-13,pw01dud102022107175/26,フロルドラーダ,2025-05-03,牝3,2
2025-09-21,pw01dud102023104443/62,フロレセール,2025-09-21,牝2,1
2025-07-27,pw01dud102022100493/6A,フロレンテム,2025-08-31,牝3,4
2025-08-23,pw01dud102019104712/2F,フロンタルジェダイ,2025-08-23,牡6,2
2025-10-13,pw01dud102023102172/AE,フロンテアムーン,2025-11-09,牝2,2
2025-01-13,pw01dud102022105012/5E,フロンティエール,2025-09-07,牡3,7
2025-11-23,pw01dud102023110012/0D,フローズンブーケ,2025-11-23,牝2,1
2025-12-27,pw01dud102023105252/8C,フローマジック,2025-12-27,牝2,1
2025-11-29,pw01dud102023107223/AD,フローライト,2025-12-13,牝2,2
2025-12-14,pw01dud102023103439/15,フローラルアーチ,2025-12-14,牝2,1
2025-10-26,pw01dud102023101861/93,フローラルウェイ,2025-10-26,牝2,1
2025-03-30,pw01dud102021104857/EA,フローラルセント,2025-11-16,牝4,7
2025-11-23,pw01dud102023104108/CE,フローラルツッキー,2025-11-23,牝2,1
2025-07-26,pw01dud102022105308/93,フローラルデザイン,2025-09-14,牝3,7
2025-05-18,pw01dud102022105545/DC,フーイナム,2025-08-30,牡3,5
2025-07-26,pw01dud102023104409/D4,フーガカンタービレ,2025-12-06,牝2,2
2025-04-19,pw01dud102021102633/BE,フーコサンライズ,2025-11-08,牝4,8
2025-03-22,pw01dud102022102977/E9,フーダオラ,2025-06-29,牡3,4
2025-10-25,pw01dud102023106286/77,フーディエラン,2025-10-25,牝2,2
2025-11-08,pw01dud102022110056/8D,フードマン,2025-11-08,牡3,6
2025-06-29,pw01dud102017104238/F4,フームスムート,2025-12-06,牡8,8
2025-12-13,pw01dud102019103672/6F,フーレイ,2025-12-13,牝6,5
2025-04-26,pw01dud102021105454/BC,ブエナオンダ,2025-11-29,牡4,7
2025-04-19,pw01dud102019106938/41,ブエナディオサ,2025-12-06,牝6,9
2025-11-08,pw01dud102023103991/D2,ブエノスオプティマ,2025-11-08,牝2,2
2025-08-23,pw01dud102022103105/FA,ブギウギウギ,2025-08-23,牝3,2
2025-10-26,pw01dud102023107528/7F,ブクブクー,2025-10-26,牡2,1
2025-12-28,pw01dud102023105382/ED,ブザービーター,2025-12-28,牡2,1
2025-05-04,pw01dud102021110055/8E,ブシン,2025-09-14,牡4,5
2025-11-09,pw01dud102023104671/0E,ブッチギレ,2025-11-24,牡2,3
2025-01-19,pw01dud102022100921/09,ブトラゲーニョ,2025-01-25,牡3,2
2025-05-11,pw01dud102020103589/F2,ブトンドール,2025-12-07,牝5,3
2025-07-13,pw01dud102022105843/89,ブドワールドール,2025-10-26,牝3,4
2025-08-09,pw01dud102020106565/D3,ブライアンセンス,2025-12-14,牡5,7
2025-11-24,pw01dud102022106016/19,ブライアーヒル,2025-11-24,牝3,9
2025-02-15,pw01dud102022101545/20,ブライキングボス,2025-02-15,牡3,1
2025-07-05,pw01dud102023105892/F2,ブライスフェアリー,2025-08-30,牝2,3
2025-09-06,pw01dud102021102468/CB,ブライティアダイヤ,2025-12-14,牝4,7
2025-01-13,pw01dud102021102469/3E,ブライティアブエナ,2025-04-05,牝4,4
2025-04-27,pw01dud102022102465/FE,ブライティアブーケ,2025-11-16,牝3,7
2025-08-02,pw01dud102020102956/3E,ブライテストドーン,2025-10-26,せん5,7
2025-02-16,pw01dud102020105302/C9,ブライテン,2025-07-13,牝5,5
2025-04-20,pw01dud102021110014/DB,ブライトアゲイン,2025-10-25,牝4,6
2025-03-22,pw01dud102022106179/03,ブライトイメル,2025-07-27,牡3,7
2025-11-08,pw01dud102023102362/00,ブライトエアリー,2025-12-14,牝2,4
2025-08-17,pw01dud102022105540/9D,ブライトゲイザー,2025-08-17,牡3,6
2025-01-12,pw01dud102022103495/1D,ブライトノヴァ,2025-09-15,牡3,6
2025-08-24,pw01dud102022105842/16,ブライトビギニング,2025-09-13,牡3,3
2025-08-09,pw01dud102023103388/C1,ブライトフレア,2025-09-20,牡2,3
2025-06-15,pw01dud102022101731/A6,ブライトメール,2025-08-16,牡3,7
2025-02-01,pw01dud102022103504/4B,ブライトライツ,2025-09-06,牡3,4
2025-08-24,pw01dud102023100346/CE,ブライトラン,2025-12-21,牡2,4
2025-07-19,pw01dud102021103598/1B,ブライトルピナス,2025-10-18,牝4,6
2025-10-19,pw01dud102023103391/AC,ブラウンバナナ,2025-10-19,牡2,1
2025-05-25,pw01dud102022104994/8E,ブラウンラチェット,2025-10-19,牝3,3
2025-04-26,pw01dud102022103994/9F,ブラザービート,2025-08-24,牡3,8
2025-12-27,pw01dud102023106017/18,ブラストビート,2025-12-27,牡2,1
2025-03-08,pw01dud102022105586/8F,ブラゾンロワイヤル,2025-03-22,牡3,2
2025-11-09,pw01dud102023101079/B3,ブラダマンテ,2025-11-23,牝2,2
2025-12-13,pw01dud102023107028/8A,ブラッキッシュ,2025-12-13,牡2,1
2025-04-06,pw01dud102022104119/C5,ブラックアダマス,2025-04-06,牡3,2
2025-06-29,pw01dud102022106472/71,ブラックエトワール,2025-07-27,牝3,4
2025-08-02,pw01dud102022104343/A5,ブラックエンパイア,2025-09-06,牡3,6
2025-10-25,pw01dud102023107168/FB,ブラックオリンピア,2025-11-22,牡2,2
2025-05-11,pw01dud102022100791/17,ブラックケリー,2025-12-14,牝3,8
2025-11-22,pw01dud102023106838/33,ブラックコーラル,2025-12-21,牡2,5
2025-01-12,pw01dud102019105678/FF,ブラックサウザー,2025-07-05,牡6,4
2025-03-23,pw01dud102021102235/E0,ブラックサンライズ,2025-09-20,牝4,4
2025-12-14,pw01dud102023103246/6A,ブラックシャリマー,2025-12-14,牡2,1
2025-02-23,pw01dud102019105197/B7,ブラックシールド,2025-12-06,牡6,7
2025-06-22,pw01dud102022106393/D3,ブラックジェダイト,2025-07-05,牡3,3
2025-05-31,pw01dud102022101578/A9,ブラックジジ,2025-05-31,牡3,1
2025-08-02,pw01dud102023104933/47,ブラックジャック,2025-11-30,牡2,4
2025-02-09,pw01dud102022105699/29,ブラックセイバー,2025-02-09,牡3,2
2025-04-27,pw01dud102022105106/4B,ブラックソンソルト,2025-08-10,牝3,4
2025-07-26,pw01dud102022106174/C4,ブラックタロー,2025-11-29,牡3,8
2025-05-04,pw01dud102022100971/59,ブラックダイヤ,2025-06-29,牝3,4
2025-06-21,pw01dud102023107008/6A,ブラックチャリス,2025-11-01,牝2,3
2025-08-09,pw01dud102022100075/6C,ブラックティンカー,2025-08-09,牝3,8
2025-06-29,pw01dud102022106418/C3,ブラックトルネード,2025-09-13,牡3,4
2025-04-20,pw01dud102021101391/B6,ブラックドレス,2025-09-21,牝4,10
2025-08-16,pw01dud102023104492/3F,ブラックハヤテ,2025-12-06,牡2,4
2025-07-27,pw01dud102021103267/E5,ブラックバラード,2025-12-21,せん4,7
2025-10-04,pw01dud102023107307/8A,ブラックパロット,2025-11-15,牡2,2
2025-02-16,pw01dud102022107131/1A,ブラックビート,2025-02-16,牡3,1
2025-07-12,pw01dud102019105276/55,ブラックボイス,2025-07-12,牡6,3
2025-06-29,pw01dud102022105599/F8,ブラックモノリス,2025-07-19,牝3,3
2025-01-25,pw01dud102022100966/88,ブラックラリア,2025-01-25,牝3,1
2025-02-08,pw01dud102021104484/FD,ブラックリバー,2025-02-08,牝4,1
2025-04-27,pw01dud102022105981/14,ブラックルビー,2025-11-15,牝3,4
2025-08-30,pw01dud102022100843/DE,ブラックレイ,2025-08-30,牡3,1
2025-11-16,pw01dud102023100297/60,ブラックレジェンド,2025-11-29,牡2,2
2025-08-17,pw01dud102022102818/CB,ブラックレッド,2025-09-13,牡3,6
2025-07-27,pw01dud102022103999/DE,ブラックレーション,2025-07-27,牡3,3
2025-07-13,pw01dud102020100742/22,ブラックヴァール,2025-07-13,牝5,3
2025-08-23,pw01dud102023102701/F1,ブラッドムーン,2025-12-21,牝2,4
2025-07-05,pw01dud102018106050/84,ブラビオ,2025-12-06,牡7,3
2025-08-03,pw01dud102022101671/B5,ブランクシート,2025-08-03,牡3,2
2025-10-26,pw01dud102023102357/2F,ブランチアウト,2025-11-29,牡2,3
2025-08-16,pw01dud102022105219/E5,ブランディストック,2025-08-16,せん3,4
2025-08-31,pw01dud102019107075/5E,ブランデーロック,2025-11-09,牡6,11
2025-09-21,pw01dud102023105005/33,ブランドブラン,2025-12-21,牡2,3
2025-11-15,pw01dud102023106607/2E,ブランニューホーム,2025-12-20,牡2,5
2025-07-27,pw01dud102022100527/F7,ブランフォルテ,2025-08-16,牡3,5
2025-12-21,pw01dud102023107194/5F,ブランヴァンダイク,2025-12-21,牡2,1
2025-06-21,pw01dud102019110122/2B,ブラヴィーノ,2025-11-16,牡6,9
2025-06-29,pw01dud102022105271/AD,ブラヴォケラトプス,2025-07-20,牡3,6
2025-06-14,pw01dud102022103763/9A,ブラーブデシジョン,2025-12-14,牡3,8
2025-11-29,pw01dud102021105422/A6,ブラーヴイストワル,2025-12-27,牡4,2
2025-10-11,pw01dud102023103238/40,ブラーヴジャン,2025-10-19,牡2,2
2025-05-10,pw01dud102018104849/29,ブリエヴェール,2025-12-20,牡7,8
2025-01-18,pw01dud102021100303/1D,ブリオメンテ,2025-06-29,牡4,4
2025-11-01,pw01dud102023104537/4F,ブリオーニ,2025-12-20,牡2,2
2025-11-15,pw01dud102023106490/37,ブリガンティン,2025-11-29,牡2,2
2025-07-13,pw01dud102023103066/28,ブリサマリーナ,2025-10-12,牝2,3
2025-07-06,pw01dud102020103389/90,ブリスキー,2025-10-25,せん5,4
2025-07-26,pw01dud102022107313/42,ブリスディーシャ,2025-08-23,牝3,4
2025-05-18,pw01dud102021106070/3B,ブリスフル,2025-12-20,牡4,8
2025-11-08,pw01dud102023103570/7B,ブリスフルイヤー,2025-11-08,牝2,3
2025-01-11,pw01dud102020103027/B7,ブリタニア,2025-03-08,牡5,3
2025-11-08,pw01dud102023102410/FB,ブリックアブラック,2025-11-08,牡2,1
2025-01-11,pw01dud102022102431/02,ブリックスラテ,2025-03-30,牡3,3
2025-04-20,pw01dud102022105760/1F,ブリックダルジャン,2025-04-20,牝3,1
2025-08-24,pw01dud102021101382/19,ブリックワーク,2025-12-28,牝4,10
2025-07-20,pw01dud102022105300/FB,ブリックンクリック,2025-12-13,せん3,9
2025-11-09,pw01dud102023103547/70,ブリッジエフェクト,2025-11-22,牡2,2
2025-03-16,pw01dud102022104012/6F,ブリッジジェイアイ,2025-04-13,牝3,2
2025-05-24,pw01dud102022102819/3E,ブリッツアロング,2025-10-25,牡3,5
2025-04-13,pw01dud102021109125/28,ブリッツクリーク,2025-11-08,牡4,6
2025-05-04,pw01dud102019104194/6F,ブリッツファング,2025-05-04,牡6,4
2025-01-06,pw01dud102022100718/BC,ブリッツモメント,2025-01-06,牡3,1
2025-08-31,pw01dud102022104856/03,ブリヤディアマンテ,2025-11-15,牡3,8
2025-01-12,pw01dud102019102106/E7,ブリュットミレジメ,2025-12-21,牡6,9
2025-01-11,pw01dud102019105262/79,ブリヨンカズマ,2025-05-17,牡6,3
2025-08-10,pw01dud102022104835/70,ブリリアントカーラ,2025-08-24,牝3,5
2025-05-10,pw01dud102022106436/FD,ブリリアントフレア,2025-06-21,牝3,2
2025-04-13,pw01dud102020100617/00,ブリングライト,2025-12-06,牡5,10
2025-01-06,pw01dud102022101242/34,ブリンブリン,2025-01-06,牡3,1
2025-01-25,pw01dud102021105958/7D,ブリーズオンチーク,2025-11-22,牝4,4
2025-03-23,pw01dud102022104694/FB,ブルクトーア,2025-11-16,牡3,6
2025-07-26,pw01dud102022103049/D5,ブルゴーニュ,2025-07-26,牝3,3
2025-08-23,pw01dud102022104844/0D,ブルスカメンテ,2025-10-26,牝3,4
2025-06-14,pw01dud102021100410/05,ブルスケッタ,2025-06-14,牝4,2
2025-03-15,pw01dud102022105791/C2,ブルックリンダンス,2025-03-15,牡3,2
2025-03-09,pw01dud102019104868/62,ブルトンクール,2025-03-09,牝6,1
2025-06-14,pw01dud102022101616/94,ブルドッグキング,2025-06-21,牡3,5
2025-04-20,pw01dud102022101232/24,ブルドッグワイルド,2025-04-20,牡3,1
2025-07-12,pw01dud102022101749/4E,ブルバンビーナ,2025-12-21,牝3,7
2025-05-03,pw01dud102021100297/48,ブルボンクイーン,2025-10-19,牝4,7
2025-05-24,pw01dud102018105236/89,ブルメンダール,2025-08-16,牡7,2
2025-08-09,pw01dud102022101757/78,ブルロッソ,2025-08-09,牝3,4
2025-07-13,pw01dud102022109023/9D,ブルンツヴィーク,2025-09-07,牡3,6
2025-09-07,pw01dud102021104998/CE,ブルーアイドガール,2025-12-20,牝4,8
2025-01-25,pw01dud102022100701/87,ブルーアロマ,2025-06-15,牝3,3
2025-08-23,pw01dud102023106604/D5,ブルーアンバー,2025-12-27,牝2,5
2025-10-11,pw01dud102023105952/E3,ブルーエ,2025-10-11,牝2,2
2025-04-27,pw01dud102022106405/5A,ブルーオブウインド,2025-05-25,牝3,3
2025-06-14,pw01dud102022104205/1A,ブルーカミング,2025-12-13,牡3,9
2025-06-15,pw01dud102020104951/DD,ブルーゴールド,2025-12-20,牡5,15
2025-04-26,pw01dud102022104698/C7,ブルーサンセット,2025-12-20,牝3,7
2025-09-21,pw01dud102023101107/8E,ブルーサーマル,2025-12-20,牝2,2
2025-01-13,pw01dud102018100693/A9,ブルーシンフォニー,2025-04-06,牡7,3
2025-08-17,pw01dud102023101798/B7,ブルージェネシス,2025-11-09,牡2,5
2025-05-03,pw01dud102022101450/C0,ブルージャイアント,2025-11-01,牡3,6
2025-02-09,pw01dud102022104800/01,ブルージュ,2025-12-13,牝3,6
2025-10-11,pw01dud102023106921/2F,ブルースカイブルー,2025-12-13,牡2,3
2025-12-06,pw01dud102021106078/D3,ブルーストレイル,2025-12-21,牡4,2
2025-08-09,pw01dud102022101397/F4,ブルースバローズ,2025-09-15,牡3,4
2025-10-11,pw01dud102023105413/21,ブルースパーダ,2025-11-01,牡2,2
2025-07-06,pw01dud102018110037/BD,ブルースピリット,2025-09-06,せん7,5
2025-08-03,pw01dud102023103432/F0,ブルースプレイヤー,2025-12-14,牡2,3
2025-01-06,pw01dud102022102325/8D,ブルーセルリアン,2025-11-01,牡3,5
2025-04-13,pw01dud102022103703/3A,ブルータス,2025-12-06,牡3,8
2025-08-10,pw01dud102022104200/DB,ブルーチェリー,2025-09-15,牝3,2
2025-08-17,pw01dud102019101340/E8,ブルーデイジー,2025-10-19,牝6,13
2025-01-19,pw01dud102019100871/91,ブルーノート,2025-12-06,牡6,4
2025-10-26,pw01dud102023101627/A3,ブルーハーツ,2025-10-26,牡2,1
2025-04-20,pw01dud102022100318/F8,ブルーフラット,2025-08-23,牝3,4
2025-08-03,pw01dud102022101169/48,ブルーブレイブ,2025-09-06,牝3,3
2025-11-01,pw01dud102023103835/0D,ブルーブロディ,2025-11-01,牡2,1
2025-02-23,pw01dud102021100703/E1,ブループリマドンナ,2025-07-12,牝4,5
2025-08-23,pw01dud102022104815/50,ブルーベリーフィズ,2025-11-23,牝3,4
2025-09-07,pw01dud102020103556/69,ブルーペクトライト,2025-11-29,牝5,7
2025-01-26,pw01dud102022102461/32,ブルーマウンテン,2025-01-26,牡3,1
2025-06-21,pw01dud102022105189/24,ブルーマエストロ,2025-11-23,牡3,5
2025-11-29,pw01dud102023110106/FA,ブルーマッキンジー,2025-12-21,牡2,2
2025-10-11,pw01dud102022105190/29,ブルーミングローズ,2025-11-29,牝3,4
2025-01-06,pw01dud102021105283/17,ブルーミンデザイン,2025-12-13,牡4,7
2025-08-31,pw01dud102023100647/D4,ブルーミーティア,2025-12-14,牡2,5
2025-08-02,pw01dud102023102965/7F,ブルームオブピース,2025-08-16,牝2,4
2025-12-27,pw01dud102023102378/C2,ブルームコード,2025-12-27,牝2,1
2025-10-12,pw01dud102023104247/CC,ブルームザスマイル,2025-10-12,牝2,1
2025-06-21,pw01dud102022103284/38,ブルームソング,2025-09-13,牝3,3
2025-08-09,pw01dud102022109092/9A,ブルームノーズ,2025-08-24,牡3,5
2025-08-03,pw01dud102022100178/F6,ブルームワルツ,2025-09-15,牝3,6
2025-04-26,pw01dud102022103132/D1,ブルーメサイア,2025-12-13,牡3,9
2025-12-14,pw01dud102023101573/F6,ブルーメサンライズ,2025-12-14,牝2,2
2025-08-02,pw01dud102023102180/D8,ブルーメンフェスト,2025-08-02,牝2,1
2025-05-17,pw01dud102022103011/0D,ブルーユンチェリー,2025-05-17,牝3,3
2025-04-12,pw01dud102022102672/17,ブルーラジカル,2025-06-28,牡3,3
2025-04-20,pw01dud102020104617/BC,ブルーリヴァーサル,2025-12-21,牡5,7
2025-11-15,pw01dud102022106756/B0,ブルーレース,2025-12-13,牝3,6
2025-01-11,pw01dud102021110097/B4,ブルーワール,2025-12-13,牡4,11
2025-11-09,pw01dud102019103219/70,ブレイクザアイス,2025-12-21,せん6,7
2025-07-06,pw01dud102022105592/D3,ブレイクバウンズ,2025-11-09,牡3,9
2025-08-23,pw01dud102019105604/C3,ブレイクフォース,2025-12-14,牡6,7
2025-07-26,pw01dud102022103644/BC,ブレイジングスター,2025-11-09,牡3,10
2025-09-28,pw01dud102023103577/A0,ブレイズランナー,2025-12-21,牡2,3
2025-07-20,pw01dud102020100631/6E,ブレイゼスト,2025-11-01,牡5,8
2025-08-31,pw01dud102020103242/FA,ブレイディヴェーグ,2025-11-30,牝5,5
2025-12-28,pw01dud102023103997/84,ブレイブシュガー,2025-12-28,牡2,1
2025-09-06,pw01dud102023107011/55,ブレイロックホール,2025-09-06,牡2,1
2025-06-22,pw01dud102022105424/18,ブレイントゥルー,2025-06-22,牡3,1
2025-02-15,pw01dud102020103118/4B,ブレイヴアロウ,2025-05-04,牡5,4
2025-05-11,pw01dud102020102870/7B,ブレイヴロッカー,2025-12-06,牡5,7
2025-01-26,pw01dud102022102054/B7,ブレウディエス,2025-01-26,牝3,1
2025-05-11,pw01dud102020103569/D2,ブレガーロード,2025-05-11,せん5,2
2025-06-29,pw01dud102022106951/D3,ブレゲアン,2025-09-14,牡3,8
2025-09-07,pw01dud102022110061/5E,ブレスドナイル,2025-09-07,牝3,7
2025-06-29,pw01dud102021105642/28,ブレスワード,2025-09-21,牡4,5
2025-08-16,pw01dud102023101092/AE,ブレッティレディ,2025-12-27,牝2,4
2025-10-05,pw01dud102023107157/78,ブレットパス,2025-12-06,牡2,2
2025-04-13,pw01dud102019104005/21,ブレットフライ,2025-07-20,牡6,8
2025-07-12,pw01dud102022102965/F3,ブレトワルダ,2025-08-10,牡3,7
2025-10-12,pw01dud102023103817/D3,ブレナヴォン,2025-12-13,牡2,4
2025-02-01,pw01dud102020101115/14,ブレバ,2025-02-01,牡5,1
2025-04-12,pw01dud102021100114/3E,ブレーザー,2025-12-13,牡4,9
2025-05-24,pw01dud102021103376/B3,ブレードサクセス,2025-12-13,牡4,5
2025-07-05,pw01dud102022100580/32,ブレードダンシング,2025-07-05,牡3,5
2025-05-17,pw01dud102021104479/2C,ブロッケンボウ,2025-05-17,牡4,2
2025-10-11,pw01dud102023106979/17,ブロンザイト,2025-10-11,牡2,1
2025-10-18,pw01dud102023104752/92,ブロンテス,2025-10-18,牡2,3
2025-01-13,pw01dud102020104670/F7,ブロンディール,2025-04-12,牝5,4
2025-07-13,pw01dud102022105017/9D,ブロンドエール,2025-07-13,牝3,4
2025-05-04,pw01dud102019105748/00,ブローザホーン,2025-05-04,牡6,2
2025-01-05,pw01dud102021105465/3F,ブロードグリン,2025-11-02,牝4,5
2025-08-23,pw01dud102023103802/84,ブーケドリス,2025-11-15,牝2,2
2025-04-27,pw01dud102020101419/73,ブーケファロス,2025-10-26,牡5,8
2025-08-10,pw01dud102022101429/9B,ブーディガ,2025-10-05,牝3,7
2025-04-19,pw01dud102020102840/4B,ブーバー,2025-12-07,牝5,6
2025-09-21,pw01dud102023110070/87,ブームバップビート,2025-11-15,牡2,3
2025-05-11,pw01dud102021105211/C1,ブーヤカ,2025-05-31,せん4,6
2025-08-23,pw01dud102023106591/DB,ブールドネージュ,2025-11-15,牝2,4
2025-05-11,pw01dud102020104791/BB,プウスカンドゥール,2025-12-07,牝5,9
2025-11-09,pw01dud102023107393/4E,プグナファータ,2025-12-27,牝2,4
2025-02-01,pw01dud102021105702/19,プシプシーナ,2025-11-22,牝4,4
2025-08-30,pw01dud102021104205/8E,プチブール,2025-12-13,牝4,5
2025-06-08,pw01dud102022101565/40,プチプランス,2025-12-21,牡3,9
2025-10-05,pw01dud102022104050/C9,プチプラージュ,2025-12-14,牝3,3
2025-02-08,pw01dud102020102962/82,プチボヌール,2025-12-07,牝5,6
2025-05-18,pw01dud102020104013/CA,プッシュオン,2025-11-16,牡5,7
2025-01-25,pw01dud102022100865/E4,プティコリーヌ,2025-01-25,牝3,1
2025-03-30,pw01dud102022107249/F3,プティミニョン,2025-03-30,牝3,3
2025-07-12,pw01dud102022101572/F7,プライベートアイズ,2025-08-02,牡3,5
2025-03-29,pw01dud102022102863/DC,プライムクオリティ,2025-09-13,牡3,4
2025-07-06,pw01dud102021103558/DB,プライムブルー,2025-11-02,牡4,4
2025-12-20,pw01dud102023107210/44,プラウディッツ,2025-12-20,牝2,1
2025-02-22,pw01dud102019101875/4C,プラウドヘリテージ,2025-11-24,牡6,6
2025-01-12,pw01dud102022105527/A2,プラウドメアリー,2025-08-16,牝3,7
2025-07-26,pw01dud102022105016/2A,プラウドモーメント,2025-08-16,牝3,2
2025-04-26,pw01dud102022106078/5F,プラクシテレス,2025-04-26,牡3,1
2025-03-22,pw01dud102019103974/E8,プラタルス,2025-03-22,牡6,3
2025-11-09,pw01dud102019100109/62,プラダリア,2025-11-09,牡6,5
2025-03-23,pw01dud102020106386/04,プラチナジュビリー,2025-03-23,牝5,1
2025-05-11,pw01dud102018104261/8B,プラチナトレジャー,2025-11-15,牡7,5
2025-08-02,pw01dud102019106330/83,プラチナドリーム,2025-12-27,牡6,7
2025-12-14,pw01dud102023102383/93,プラチナムディスク,2025-12-14,牝2,1
2025-03-08,pw01dud102018103503/B5,プラチナムレイアー,2025-06-01,せん7,5
2025-03-16,pw01dud102020103900/2B,プラティクレール,2025-03-16,牝5,1
2025-11-30,pw01dud102023105130/55,プラトニックガール,2025-11-30,牝2,1
2025-01-11,pw01dud102020100640/0B,プラニスフェリオ,2025-01-26,牡5,2
2025-11-08,pw01dud102023103421/6D,プラネタリーアワー,2025-11-29,牝2,2
2025-08-10,pw01dud102021100389/4F,プラムダンディ,2025-08-10,牡4,8
2025-11-24,pw01dud102023101136/4B,プラヤデルカルメン,2025-12-06,牝2,3
2025-05-11,pw01dud102020101905/8C,プラーヴィ,2025-06-22,せん5,3
2025-02-09,pw01dud102022105782/25,プリスクリプション,2025-02-23,牡3,3
2025-07-20,pw01dud102021106077/60,プリズマジコ,2025-10-25,牡4,8
2025-02-01,pw01dud102022110015/DA,プリティディーヴァ,2025-11-23,牝3,5
2025-06-28,pw01dud102022105231/6D,プリティパール,2025-06-28,牝3,4
2025-07-12,pw01dud102023102897/64,プリティーミズホ,2025-12-13,牝2,5
2025-06-14,pw01dud102022104435/AC,プリマドンナアスク,2025-06-22,牝3,4
2025-01-05,pw01dud102019100831/51,プリマヴィータ,2025-03-02,牝6,3
2025-02-02,pw01dud102022105501/D0,プリムツァール,2025-10-19,牝3,7
2025-07-19,pw01dud102022105627/D3,プリヤンカー,2025-08-17,牝3,5
2025-12-07,pw01dud102023103535/7A,プリュスエクラ,2025-12-07,牝2,2
2025-04-13,pw01dud102021105747/98,プリュノワール,2025-11-15,牝4,5
2025-02-01,pw01dud102020103864/26,プリュムドランジュ,2025-02-01,牝5,1
2025-03-23,pw01dud102022103268/E4,プリンスドール,2025-09-07,牡3,3
2025-01-12,pw01dud102020102881/FE,プリンスノット,2025-11-22,牡5,8
2025-11-16,pw01dud102019106027/05,プリンスミノル,2025-11-16,牡6,3
2025-12-07,pw01dud102023109055/3F,プリンセスダーコ,2025-12-28,牝2,2
2025-12-13,pw01dud102023107520/E7,プリンセスモコ,2025-12-13,牝2,2
2025-11-16,pw01dud102017100655/C3,プリンセスララア,2025-11-16,牝8,6
2025-08-09,pw01dud102022105499/C7,プリンセスロロ,2025-10-26,牝3,7
2025-01-18,pw01dud102022102138/94,プリンセッサ,2025-10-13,牝3,5
2025-01-12,pw01dud102019107061/82,プリーミー,2025-01-12,牡6,1
2025-08-30,pw01dud102022105714/9B,プルクワ,2025-08-30,牡3,3
2025-08-02,pw01dud102022100582/18,プルシャプラ,2025-10-26,牡3,6
2025-04-26,pw01dud102018106613/C3,プルスウルトラ,2025-04-26,牡7,2
2025-06-22,pw01dud102021100329/EF,プルナチャンドラ,2025-12-28,牡4,11
2025-08-10,pw01dud102019104911/1E,プルパレイ,2025-10-26,せん6,10
2025-05-03,pw01dud102022102284/49,プルプレア,2025-05-03,牝3,2
2025-06-28,pw01dud102022103243/85,プルミエソルティ,2025-12-07,牡3,9
2025-11-16,pw01dud102021103451/85,プルミエールパス,2025-12-13,牝4,3
2025-01-06,pw01dud102021103208/F8,プルメリアクヒオ,2025-01-25,牡4,3
2025-11-08,pw01dud102023102213/F2,プルメリアリノ,2025-11-08,牝2,2
2025-05-03,pw01dud102022106965/AF,プルメリアリング,2025-05-03,牝3,3
2025-11-15,pw01dud102023110075/C6,プルヴォワール,2025-11-30,牝2,3
2025-08-03,pw01dud102019104632/1E,プルートマスター,2025-11-23,牡6,6
2025-10-18,pw01dud102023101145/E8,プルーフリーディン,2025-10-18,牝2,1
2025-11-15,pw01dud102021104780/C4,プルーヴンウィナー,2025-11-15,牝4,3
2025-04-13,pw01dud102021104839/B0,プレアデスグループ,2025-10-12,牝4,8
2025-06-29,pw01dud102022105566/6F,プレイアブルゲーム,2025-07-19,牝3,4
2025-04-19,pw01dud102020100053/4E,プレイサーゴールド,2025-12-07,牡5,7
2025-02-09,pw01dud102022105799/5A,プレイザットソング,2025-04-26,牡3,3
2025-11-08,pw01dud102023103471/BD,プレイザリード,2025-11-08,牡2,2
2025-10-12,pw01dud102019102491/CB,プレイテシア,2025-12-20,牝6,8
2025-10-26,pw01dud102023101165/08,プレイメイカー,2025-11-15,牝2,2
2025-08-17,pw01dud102016102767/3C,プレイリードリーム,2025-12-20,牡9,6
2025-09-06,pw01dud102022104646/91,プレインコート,2025-09-06,牝3,5
2025-04-06,pw01dud102021105164/39,プレカーサー,2025-04-19,牡4,3
2025-08-03,pw01dud102023103809/A9,プレザントトーン,2025-12-07,牝2,5
2025-01-13,pw01dud102017104092/40,プレシオーソ,2025-06-01,せん8,4
2025-01-06,pw01dud102022101685/91,プレシャスアセット,2025-03-02,牝3,2
2025-02-09,pw01dud102022103137/10,プレシャスアワーズ,2025-05-04,牡3,3
2025-02-08,pw01dud102019106369/BE,プレシャスソウル,2025-02-08,牡6,1
2025-07-05,pw01dud102022104859/5C,プレシャスデイ,2025-12-20,牡3,8
2025-02-02,pw01dud102022100469/EC,プレシャストップ,2025-04-06,牡3,2
2025-12-14,pw01dud102023103221/0B,プレシャスノワール,2025-12-14,牝2,1
2025-08-16,pw01dud102023105450/08,プレシャスフェザー,2025-12-20,牝2,3
2025-03-09,pw01dud102020103093/5B,プレジャークルーズ,2025-03-09,牝5,1
2025-11-29,pw01dud102021106209/38,プレジール,2025-12-21,牡4,5
2025-08-24,pw01dud102022104995/01,プレスジャンケット,2025-08-24,牝3,5
2025-06-21,pw01dud102023103503/64,プレセピオ,2025-12-13,牝2,6
2025-06-22,pw01dud102021102153/E9,プレゼンティーア,2025-11-15,牝4,4
2025-12-06,pw01dud102023103171/2A,プレダトゥール,2025-12-06,牡2,3
2025-02-22,pw01dud102022106751/71,プレデスティナーレ,2025-06-22,牡3,7
2025-10-25,pw01dud102023100376/FE,プレデンシア,2025-11-30,牝2,3
2025-08-16,pw01dud102023100202/91,プレヒティヒ,2025-11-09,牝2,3
2025-06-15,pw01dud102022101783/DC,プレミアシップ,2025-11-15,牡3,8
2025-05-10,pw01dud102022102387/D3,プレミアブルー,2025-08-23,牡3,5
2025-04-26,pw01dud102022103358/05,プレミアムハニー,2025-04-26,牝3,3
2025-05-03,pw01dud102021101406/96,プレヴィスト,2025-05-03,牝4,2
2025-08-09,pw01dud102021102351/65,プレヴナンス,2025-08-09,牝4,1
2025-08-17,pw01dud102022105027/AD,プロクレイア,2025-08-17,牝3,5
2025-03-16,pw01dud102018104541/FE,プログノーシス,2025-03-16,牡7,1
2025-12-13,pw01dud102021101430/14,プロスペクト,2025-12-13,牡4,3
2025-08-02,pw01dud102022105548/35,プロスペクトパーク,2025-12-21,牡3,8
2025-05-10,pw01dud102020101792/61,プロスペリダード,2025-07-19,牝5,3
2025-05-03,pw01dud102020104206/75,プロテア,2025-12-14,せん5,5
2025-01-18,pw01dud102020103325/64,プロトポロス,2025-12-21,牡5,6
2025-08-31,pw01dud102022109090/B4,プロピエダッド,2025-12-13,牝3,12
2025-08-24,pw01dud102022101061/7F,プロフェータ,2025-09-06,牡3,8
2025-02-23,pw01dud102021103073/C7,プロミシングスター,2025-12-21,牡4,8
2025-07-05,pw01dud102022105028/20,プロミストジーン,2025-11-29,牝3,4
2025-08-03,pw01dud102023106864/97,プロメサアルムンド,2025-08-03,牡2,1
2025-04-13,pw01dud102022105284/16,プロメテドール,2025-08-16,牝3,5
2025-01-19,pw01dud102022106621/10,プロメトル,2025-07-27,牝3,3
2025-08-03,pw01dud102022101031/4F,プロヴァー,2025-08-03,牡3,1
2025-11-08,pw01dud102023110062/5D,プールナバドラ,2025-11-29,牡2,2
2025-04-26,pw01dud102022102455/EE,ヘイケ,2025-06-14,牡3,5
2025-11-01,pw01dud102023104708/F4,ヘイスティハート,2025-12-14,牡2,3
2025-06-15,pw01dud102023105553/92,ヘイマー,2025-12-13,牡2,5
2025-07-12,pw01dud102021105734/2F,ヘインズポイント,2025-11-29,牡4,4
2025-05-17,pw01dud102021106692/67,ヘキルリ,2025-05-17,牝4,3
2025-01-18,pw01dud102020105005/8F,ヘキレキイッセン,2025-02-23,牡5,3
2025-06-15,pw01dud102023106478/AF,ヘクセンハウス,2025-07-20,牝2,3
2025-04-26,pw01dud102021110022/05,ヘザルフェン,2025-12-06,牡4,10
2025-01-06,pw01dud102022104211/5E,ヘッズアップ,2025-04-12,牡3,3
2025-02-22,pw01dud102021105521/64,ヘデントール,2025-05-04,牡4,2
2025-02-01,pw01dud102022104865/A0,ヘニーガイスト,2025-02-01,牡3,2
2025-04-12,pw01dud102020104675/36,ヘニータイフーン,2025-07-06,牝5,4
2025-01-25,pw01dud102018106353/70,ヘネラリーフェ,2025-01-25,牝7,1
2025-02-01,pw01dud102022101156/DF,ヘビーキュー,2025-04-26,牡3,4
2025-07-12,pw01dud102023100155/09,ヘラクレステソーロ,2025-12-20,牡2,4
2025-02-02,pw01dud102020103023/EB,ヘラクレスノット,2025-02-02,せん5,1
2025-02-23,pw01dud102016102370/63,ヘリオス,2025-12-07,せん9,2
2025-06-28,pw01dud102022105198/C1,ヘリオトロープ,2025-10-18,牡3,5
2025-10-13,pw01dud102023103430/0A,ヘリオドール,2025-12-14,牝2,2
2025-06-28,pw01dud102023103365/48,ヘリテージブルーム,2025-12-21,牡2,5
2025-02-16,pw01dud102022102560/F0,ヘルオブアライド,2025-05-18,牡3,5
2025-04-12,pw01dud102021105985/54,ヘルツアス,2025-11-23,牝4,7
2025-11-22,pw01dud102023100729/CB,ヘルメスギャング,2025-12-21,牡2,3
2025-07-19,pw01dud102021103710/65,ヘルメース,2025-12-20,牡4,8
2025-10-19,pw01dud102023104991/C1,ヘルモソブレード,2025-12-13,牝2,2
2025-06-07,pw01dud102021105431/43,ヘルモーズ,2025-11-23,牡4,6
2025-02-22,pw01dud102022104619/BA,ヘルヴェティオス,2025-12-13,牡3,3
2025-02-16,pw01dud102019104560/37,ヘレンキムゼー,2025-06-01,牡6,2
2025-04-19,pw01dud102022102259/58,ヘレンテソーロ,2025-07-06,牝3,2
2025-05-24,pw01dud102022104934/2E,ヘンリエッタ,2025-05-24,牝3,3
2025-08-03,pw01dud102020104982/80,ヘンリー,2025-10-19,牡5,3
2025-04-12,pw01dud102022101761/D6,ヘヴンウィンド,2025-05-11,牡3,3
2025-12-07,pw01dud102023104438/91,ヘヴンズドライブ,2025-12-13,牝2,2
2025-07-05,pw01dud102022101194/39,ヘヴンリーゴール,2025-07-26,牡3,5
2025-12-07,pw01dud102023106515/27,ヘヴンリースカイ,2025-12-07,牝2,2
2025-05-10,pw01dud102021106910/94,ヘヴンリーハンド,2025-11-01,せん4,6
2025-10-13,pw01dud102023101039/73,ベアアッコチャン,2025-12-13,牝2,4
2025-03-29,pw01dud102022102584/DC,ベアキングダム,2025-03-29,牡3,1
2025-11-01,pw01dud102023101498/24,ベアコルム,2025-11-01,牝2,2
2025-07-12,pw01dud102023101712/85,ベアゴーフォー,2025-12-14,牡2,5
2025-07-05,pw01dud102023106829/96,ベアサナエチャン,2025-12-06,牝2,5
2025-01-06,pw01dud102022103512/75,ベアショット,2025-01-06,牝3,1
2025-12-06,pw01dud102023102738/46,ベアドッキューン,2025-12-06,牝2,1
2025-12-07,pw01dud102023107400/96,ベアハンドキャッチ,2025-12-20,牡2,2
2025-02-09,pw01dud102022102888/3B,ベアパーフェクト,2025-02-09,牝3,2
2025-11-08,pw01dud102023101307/F0,ベアフォースワン,2025-12-28,牡2,3
2025-04-27,pw01dud102022104589/F9,ベアリミッション,2025-06-08,牝3,4
2025-01-26,pw01dud102022102990/E4,ベイストラトラ,2025-04-27,牡3,4
2025-07-13,pw01dud102022102514/6C,ベイビーキッス,2025-12-14,牝3,11
2025-07-26,pw01dud102022102728/AA,ベイビーベリッシモ,2025-11-09,牡3,10
2025-12-13,pw01dud102023100184/C6,ベイビーメイビー,2025-12-13,牝2,2
2025-04-20,pw01dud102019103592/5E,ベイビールビオ,2025-11-16,牡6,4
2025-08-23,pw01dud102022105505/9C,ベイラム,2025-12-06,牡3,7
2025-08-24,pw01dud102022104919/4D,ベイリークロア,2025-09-15,牡3,5
2025-05-11,pw01dud102020100497/1E,ベガリス,2025-11-16,牝5,6
2025-01-26,pw01dud102019100168/4F,ベジェサ,2025-01-26,牝6,1
2025-12-20,pw01dud102023106088/FB,ベジョータ,2025-12-20,牡2,2
2025-05-04,pw01dud102021100152/98,ベストオブユー,2025-10-12,牡4,5
2025-07-06,pw01dud102022101388/57,ベストシーン,2025-12-14,牡3,8
2025-07-13,pw01dud102022107242/CE,ベストセラー,2025-07-13,牝3,3
2025-02-09,pw01dud102021105718/DB,ベストディシジョン,2025-02-09,せん4,1
2025-11-15,pw01dud102023104493/B2,ベストバラディア,2025-11-15,牝2,2
2025-01-18,pw01dud102022103870/82,ベストヒューマ,2025-03-09,牡3,2
2025-01-13,pw01dud102022105104/65,ベストファンタジー,2025-06-15,牝3,4
2025-12-06,pw01dud102023101087/DD,ベストブラザーズ,2025-12-06,牡2,1
2025-08-31,pw01dud102021105670/72,ベストミーエヴァー,2025-11-01,牝4,4
2025-10-18,pw01dud102023107407/BB,ベストレイク,2025-10-18,牝2,1
2025-05-11,pw01dud102022106757/23,ベストレーサー,2025-10-05,牝3,4
2025-05-24,pw01dud102022104168/A2,ベストロイヤル,2025-05-24,牡3,1
2025-12-21,pw01dud102023101064/64,ベストロマンス,2025-12-21,牝2,1
2025-02-22,pw01dud102017106222/10,ベッサラビア,2025-03-02,せん8,2
2025-12-14,pw01dud102023103956/D1,ベッラモレーン,2025-12-14,牝2,1
2025-05-24,pw01dud102021104976/C8,ベトルス,2025-07-06,せん4,3
2025-08-09,pw01dud102021100662/9D,ベニシア,2025-12-06,牝4,9
2025-08-16,pw01dud102022104695/6E,ベニハンマード,2025-08-16,牡3,2
2025-11-30,pw01dud102023106833/F4,ベネサルート,2025-12-27,牡2,3
2025-08-24,pw01dud102022103964/6F,ベネスティローザ,2025-08-24,牝3,2
2025-06-29,pw01dud102022102745/71,ベネスピラ,2025-11-22,牡3,7
2025-08-10,pw01dud102022104388/24,ベネチアンクローム,2025-08-10,牝3,3
2025-12-07,pw01dud102023106380/F6,ベネディクション,2025-12-07,牝2,2
2025-04-12,pw01dud102022106706/60,ベネディクティオ,2025-08-23,牡3,4
2025-10-11,pw01dud102023102797/33,ベネファクター,2025-10-11,牡2,1
2025-06-14,pw01dud102021106648/C9,ベネメレンティ,2025-07-12,牝4,3
2025-02-15,pw01dud102019104606/BA,ベネロングポイント,2025-05-24,せん6,3
2025-08-31,pw01dud102022106351/AD,ベビーズブレス,2025-11-29,牝3,7
2025-01-05,pw01dud102020102757/4F,ベファーナ,2025-12-07,牝5,4
2025-02-09,pw01dud102020106979/73,ベベ,2025-02-09,牡5,1
2025-12-06,pw01dud102023106858/53,ベベペッパー,2025-12-06,牝2,3
2025-04-06,pw01dud102020102781/CD,ベラジオオペラ,2025-06-15,牡5,2
2025-01-06,pw01dud102022105294/26,ベラジオガルフ,2025-08-09,牡3,5
2025-08-23,pw01dud102023104095/D4,ベラジオソニック,2025-08-23,牡2,1
2025-01-13,pw01dud102019100415/39,ベラジオボッキーニ,2025-04-05,せん6,2
2025-04-27,pw01dud102022110131/5F,ベラジオボヤージュ,2025-04-27,牝3,2
2025-02-23,pw01dud102021105117/42,ベラジオボンド,2025-12-07,牡4,4
2025-10-12,pw01dud102023101036/1A,ベラジオマーカス,2025-10-12,牡2,1
2025-08-23,pw01dud102023106968/94,ベラジオリン,2025-12-06,牝2,3
2025-08-02,pw01dud102022100107/13,ベラジオルークン,2025-08-02,牡3,2
2025-11-30,pw01dud102023100791/A3,ベラジオレジーナ,2025-11-30,牝2,1
2025-08-30,pw01dud102022110130/EC,ベラジオワールド,2025-10-18,牡3,7
2025-04-12,pw01dud102022102788/0A,ベラトール,2025-11-24,牡3,6
2025-07-27,pw01dud102021105484/EC,ベランジェール,2025-10-25,牝4,4
2025-05-10,pw01dud102022105721/52,ベラヴィットーリア,2025-06-07,牝3,2
2025-02-01,pw01dud102022110153/65,ベリタバグス,2025-05-03,牡3,4
2025-11-08,pw01dud102023105651/DD,ベリンガム,2025-11-08,牡2,2
2025-05-17,pw01dud102022100848/1D,ベリーズブルー,2025-06-01,牝3,5
2025-08-16,pw01dud102020104291/C6,ベリーベリーベリー,2025-12-20,牝5,5
2025-01-25,pw01dud102019103430/E7,ベリーヴィーナス,2025-01-25,牝6,1
2025-05-24,pw01dud102022104593/57,ベルアーブル,2025-08-10,牝3,4
2025-05-03,pw01dud102021100606/09,ベルイストワール,2025-12-28,牝4,6
2025-02-15,pw01dud102021105425/FF,ベルウェザー,2025-12-27,牡4,6
2025-08-23,pw01dud102019109138/86,ベルウッドウズメ,2025-10-26,せん6,5
2025-11-16,pw01dud102023104069/70,ベルウッドバイオ,2025-12-20,牡2,3
2025-11-23,pw01dud102023101642/84,ベルウッドピース,2025-12-21,牡2,2
2025-02-08,pw01dud102019103806/2D,ベルウッドブラボー,2025-11-29,牡6,8
2025-08-31,pw01dud102022104961/05,ベルエアキング,2025-08-31,牡3,6
2025-01-25,pw01dud102022102184/18,ベルエアフォース,2025-09-20,牡3,6
2025-10-19,pw01dud102023104980/3E,ベルオーシャン,2025-12-27,牝2,2
2025-03-02,pw01dud102022106855/6E,ベルオーブ,2025-03-02,牝3,1
2025-08-02,pw01dud102022100098/E5,ベルギューン,2025-12-21,牝3,8
2025-08-10,pw01dud102023106824/57,ベルグランボヌール,2025-12-13,牝2,3
2025-06-22,pw01dud102022103473/17,ベルサ,2025-12-07,牝3,9
2025-11-02,pw01dud102023103153/F0,ベルサンローラン,2025-11-23,牝2,2
2025-07-13,pw01dud102022100965/15,ベルシエル,2025-07-13,牝3,4
2025-07-27,pw01dud102022100280/9F,ベルシャイニー,2025-08-31,牝3,3
2025-01-26,pw01dud102020103888/12,ベルシャンソン,2025-04-19,牝5,3
2025-04-13,pw01dud102020103402/1C,ベルシャンブル,2025-04-13,牝5,1
2025-12-20,pw01dud102023102376/DC,ベルシュヴァル,2025-12-20,牝2,2
2025-07-26,pw01dud102022101487/15,ベルジャッド,2025-08-16,牝3,5
2025-02-22,pw01dud102022106658/65,ベルジュロネット,2025-12-27,牡3,4
2025-12-14,pw01dud102023102641/00,ベルソテイラ,2025-12-14,牝2,1
2025-04-12,pw01dud102020100795/CB,ベルタソ,2025-11-09,牝5,9
2025-06-07,pw01dud102021102982/2E,ベルダイナフェロー,2025-10-26,牝4,6
2025-04-12,pw01dud102017101380/10,ベルダーイメル,2025-11-30,牡8,7
2025-04-26,pw01dud102022104987/D7,ベルチュガダン,2025-11-24,牝3,4
2025-08-02,pw01dud102022106270/29,ベルツリー,2025-08-02,牝3,3
2025-11-30,pw01dud102023103549/56,ベルトナリテ,2025-11-30,牝2,2
2025-06-15,pw01dud102022101722/09,ベルトネ,2025-08-23,牝3,8
2025-11-15,pw01dud102023105552/1F,ベルトラッキ,2025-11-15,牡2,1
2025-05-11,pw01dud102021104194/7A,ベルノレイズ,2025-08-10,牡4,5
2025-06-28,pw01dud102023105331/2A,ベルバード,2025-12-21,牝2,4
2025-03-15,pw01dud102022106389/75,ベルビースタローン,2025-07-19,牝3,4
2025-08-23,pw01dud102022102726/C4,ベルピルエット,2025-08-23,牝3,3
2025-08-17,pw01dud102021101414/C0,ベルファスト,2025-11-09,牝4,2
2025-08-23,pw01dud102021104754/60,ベルフィーヌ,2025-12-13,牝4,8
2025-10-19,pw01dud102023101013/A1,ベルフィーノ,2025-10-19,牝2,2
2025-07-13,pw01dud102022102405/9E,ベルフォン,2025-07-19,牝3,7
2025-11-16,pw01dud102023106107/39,ベルフラム,2025-11-16,牝2,3
2025-05-10,pw01dud102021106639/2C,ベルブリエ,2025-12-13,牝4,7
2025-08-16,pw01dud102022103059/E5,ベルベルコンパス,2025-09-13,牡3,5
2025-11-24,pw01dud102021103776/77,ベルメサイア,2025-11-24,牝4,5
2025-11-15,pw01dud102023106475/56,ベルランコントル,2025-12-20,牝2,4
2025-04-19,pw01dud102022104409/48,ベルランザドール,2025-04-19,牝3,4
2025-07-13,pw01dud102022101426/42,ベルリネッタ,2025-08-17,牡3,6
2025-05-10,pw01dud102022103369/88,ベルレオーネ,2025-09-07,牡3,5
2025-02-01,pw01dud102022100786/46,ベルヴィオレット,2025-02-22,牝3,2
2025-09-07,pw01dud102022105119/B4,ベルヴィヴァン,2025-09-07,牝3,8
2025-10-26,pw01dud102020106746/88,ベレザニーニャ,2025-10-26,牝5,5
2025-12-13,pw01dud102023106983/75,ベレシート,2025-12-13,牡2,2
2025-01-13,pw01dud102021100680/D7,ベレニーチェ,2025-11-22,牝4,8
2025-08-10,pw01dud102022105092/DE,ベレーザフィン,2025-11-29,牝3,10
2025-08-16,pw01dud102023106477/3C,ベレーバスク,2025-12-13,牝2,4
2025-11-24,pw01dud102023103450/2A,ベンガルボダイジュ,2025-12-27,牡2,3
2025-11-09,pw01dud102017101767/D9,ベンガン,2025-11-09,牡8,7
2025-07-12,pw01dud102020101968/45,ベンダバリラビア,2025-09-27,牡5,9
2025-05-10,pw01dud102021101077/B5,ベンダバール,2025-10-26,牡4,7
2025-10-12,pw01dud102023101582/93,ベンティガオルサ,2025-12-07,牡2,3
2025-10-05,pw01dud102023107084/1E,ベンティガスエルテ,2025-12-07,牝2,2
2025-07-13,pw01dud102019105996/CC,ベンテイガ,2025-07-13,せん6,3
2025-08-16,pw01dud102023107419/B1,ベンテンカグラ,2025-11-24,牝2,4
2025-10-26,pw01dud102021104504/AE,ベント,2025-10-26,せん4,8
2025-08-30,pw01dud102022101703/5C,ベンヌ,2025-11-16,牡3,4
2025-06-28,pw01dud102022103321/B0,ベンメリア,2025-07-12,せん3,4
2025-12-13,pw01dud102023103446/CC,ベンヴェヌータ,2025-12-13,牝2,1
2025-06-14,pw01dud102022103493/37,ベールドインパクト,2025-09-06,牡3,8
2025-07-05,pw01dud102022105368/F3,ベールドゥフィーユ,2025-07-05,牝3,3
2025-08-24,pw01dud102021102320/C2,ペアポルックス,2025-11-30,牡4,8
2025-11-24,pw01dud102023103719/88,ペアレンツギフト,2025-12-21,牝2,2
2025-07-05,pw01dud102020102135/23,ペイシャアンジェロ,2025-11-24,牝5,6
2025-06-14,pw01dud102022104221/6E,ペイシャアーサー,2025-06-29,牡3,6
2025-08-09,pw01dud102019104245/C3,ペイシャエス,2025-08-09,牡6,2
2025-07-06,pw01dud102019100132/6D,ペイシャカレン,2025-08-10,牝6,4
2025-08-31,pw01dud102022102515/DF,ペイシャキセキ,2025-08-31,牝3,6
2025-06-22,pw01dud102022102513/F9,ペイシャキャット,2025-06-22,牝3,2
2025-10-12,pw01dud102022104219/F6,ペイシャケイプ,2025-12-06,牡3,5
2025-02-08,pw01dud102022102290/8D,ペイシャケリー,2025-05-31,牝3,4
2025-07-27,pw01dud102021101090/B0,ペイシャコパ,2025-07-27,牝4,3
2025-12-20,pw01dud102023102997/95,ペイシャシス,2025-12-20,牝2,1
2025-11-08,pw01dud102021102639/70,ペイシャスウィフト,2025-11-08,牝4,6
2025-08-09,pw01dud102021106326/30,ペイシャニット,2025-09-27,牝4,6
2025-04-20,pw01dud102020104572/AC,ペイシャフラワー,2025-11-02,牝5,6
2025-04-19,pw01dud102022102528/48,ペイシャブギー,2025-09-15,牝3,6
2025-01-11,pw01dud102022100046/AF,ペイシャマリーン,2025-03-30,牝3,4
2025-07-05,pw01dud102022102289/88,ペイシャメダリスト,2025-07-05,牝3,2
2025-02-23,pw01dud102022101144/E9,ペイシャリサデル,2025-03-15,牝3,3
2025-05-17,pw01dud102022100767/99,ペイシャレージョ,2025-05-17,牝3,1
2025-10-26,pw01dud102023101907/16,ペイシャロッチ,2025-11-29,牝2,2
2025-08-17,pw01dud102022100115/3D,ペイシャヴァルスリ,2025-08-17,牝3,3
2025-08-17,pw01dud102022104216/9D,ペイシャヴァルツー,2025-08-17,牝3,4
2025-02-01,pw01dud102022102526/62,ペイシャヴァルワン,2025-03-22,牝3,3
2025-03-16,pw01dud102022103962/89,ペイドラロワール,2025-12-20,牡3,11
2025-01-11,pw01dud102022101652/08,ペイルブルードット,2025-02-23,牡3,3
2025-12-27,pw01dud102023106578/E0,ペカリーナ,2025-12-27,牝2,1
2025-10-25,pw01dud102023107350/B5,ペガサスジルシ,2025-10-25,牝2,1
2025-11-15,pw01dud102022101053/55,ペガサスノース,2025-11-15,牝3,6
2025-02-16,pw01dud102022103187/60,ペグー,2025-03-01,牡3,2
2025-11-29,pw01dud102023110044/23,ペスカドール,2025-11-29,牡2,1
2025-11-02,pw01dud102023107311/E8,ペスキエーラ,2025-11-02,牝2,1
2025-11-16,pw01dud102023106796/7C,ペタルズダンス,2025-11-16,牝2,1
2025-02-08,pw01dud102022106153/31,ペタルビジュー,2025-02-08,牝3,2
2025-08-16,pw01dud102022106907/35,ペタルブランシュ,2025-08-31,牝3,4
2025-05-17,pw01dud102021102745/E5,ペッパーミル,2025-12-21,牡4,9
2025-07-27,pw01dud102021105647/67,ペッレグリーニ,2025-07-27,牡4,3
2025-05-04,pw01dud102020101916/0F,ペネトレイトゴー,2025-08-10,せん5,7
2025-08-09,pw01dud102023102489/76,ペプチドエレノア,2025-11-29,牡2,4
2025-02-15,pw01dud102022101959/C0,ペプチドクレマチス,2025-09-27,牝3,5
2025-01-12,pw01dud102021102735/D5,ペプチドシュチク,2025-08-30,牡4,3
2025-07-06,pw01dud102020102095/52,ペプチドソレイユ,2025-11-01,牡5,6
2025-04-26,pw01dud102020106408/9B,ペプチドタイガー,2025-10-12,牡5,6
2025-02-23,pw01dud102018106084/80,ペプチドナイル,2025-12-07,牡7,3
2025-01-19,pw01dud102020106409/0E,ペプチドハドソン,2025-09-21,牡5,6
2025-02-15,pw01dud102022102750/42,ペプチドヒスイ,2025-02-15,牝3,1
2025-04-27,pw01dud102021101240/C2,ペプチドヒナタ,2025-04-27,牡4,4
2025-10-25,pw01dud102023105720/6B,ペプチドブッドレア,2025-10-25,牝2,2
2025-11-09,pw01dud102022101270/7E,ペプチドモガミ,2025-11-29,せん3,11
2025-08-17,pw01dud102019103605/58,ペプチドヤマト,2025-12-20,牡6,8
2025-11-22,pw01dud102023104876/AF,ペプチドレオン,2025-11-22,牡2,1
2025-07-05,pw01dud102022100106/A0,ペプロス,2025-12-14,牝3,3
2025-08-09,pw01dud102020101874/58,ペリエール,2025-12-07,牡5,6
2025-11-02,pw01dud102023103459/35,ペリバジャ,2025-11-02,牝2,1
2025-07-26,pw01dud102020103364/31,ペリファーニア,2025-12-28,牝5,5
2025-08-03,pw01dud102020105796/E9,ペリプルス,2025-11-24,牡5,12
2025-07-27,pw01dud102023106886/9D,ペルウィクトール,2025-07-27,牡2,1
2025-06-21,pw01dud102023107119/1E,ペルセア,2025-09-27,牝2,2
2025-12-21,pw01dud102023104596/3C,ペルセポネ,2025-12-21,牝2,1
2025-01-05,pw01dud102022102959/AF,ペルティナクス,2025-08-03,牡3,5
2025-08-30,pw01dud102021106690/81,ペルフェツィオーネ,2025-11-24,牡4,9
2025-07-27,pw01dud102021100906/9C,ペレグリン,2025-12-21,牝4,12
2025-04-13,pw01dud102021103283/39,ペロ,2025-12-21,牡4,8
2025-04-20,pw01dud102022104852/37,ペンダンティフ,2025-07-05,牝3,3
2025-08-24,pw01dud102023105447/1D,ペンダント,2025-12-07,牝2,3
2025-07-13,pw01dud102020102641/5C,ペンティメント,2025-10-13,牡5,5
2025-05-03,pw01dud102022104644/AB,ペンテリコン,2025-12-07,牝3,9
2025-06-08,pw01dud102023102702/64,ペントハウス,2025-12-20,牡2,2
2025-05-25,pw01dud102021104092/63,ペンナヴェローチェ,2025-12-20,牡4,9
2025-12-14,pw01dud102023105287/FB,ページターナー,2025-12-14,牡2,1
2025-04-05,pw01dud102020110007/98,ペースセッティング,2025-04-05,牡5,2
2025-08-30,pw01dud102022104817/36,ペールノエル,2025-08-30,牡3,6
2025-02-15,pw01dud102020104796/FA,ホイッスルソング,2025-04-12,牝5,3
2025-11-16,pw01dud102022104845/80,ホウオウアートマン,2025-11-16,牡3,9
2025-08-02,pw01dud102022103548/57,ホウオウアーネスト,2025-08-02,牡3,6
2025-05-03,pw01dud102017103293/26,ホウオウエクレール,2025-12-06,牡8,8
2025-02-02,pw01dud102020103933/B4,ホウオウエニシ,2025-03-23,牡5,3
2025-08-17,pw01dud102022104874/3D,ホウオウガイア,2025-12-13,牝3,7
2025-03-29,pw01dud102022103560/DF,ホウオウギフト,2025-03-29,牝3,1
2025-09-07,pw01dud102022106011/DA,ホウオウゴールド,2025-10-25,牡3,7
2025-08-09,pw01dud102022104969/9D,ホウオウサムレット,2025-12-06,牡3,7
2025-07-27,pw01dud102022103502/65,ホウオウサンサール,2025-08-16,牡3,5
2025-02-16,pw01dud102018105047/AA,ホウオウサンデー,2025-12-28,牡7,8
2025-08-09,pw01dud102021103486/F4,ホウオウシェリー,2025-12-07,牝4,7
2025-11-09,pw01dud102022101108/75,ホウオウショコラ,2025-12-07,牝3,4
2025-11-24,pw01dud102021103533/7C,ホウオウシンデレラ,2025-12-21,牝4,7
2025-08-24,pw01dud102020103710/D9,ホウオウジュビリー,2025-10-12,牝5,6
2025-04-13,pw01dud102022103528/37,ホウオウスターツ,2025-09-06,牡3,6
2025-11-15,pw01dud102023110105/87,ホウオウストライク,2025-11-29,牡2,2
2025-08-16,pw01dud102020103928/E3,ホウオウスーペリア,2025-11-24,牡5,7
2025-04-27,pw01dud102022103278/F4,ホウオウタイタン,2025-04-27,牝3,3
2025-06-15,pw01dud102022105511/E0,ホウオウチェスター,2025-07-12,牡3,3
2025-11-29,pw01dud102023102414/C7,ホウオウチャールズ,2025-12-20,牡2,2
2025-02-09,pw01dud102021105886/96,ホウオウトランプ,2025-03-02,牡4,2
2025-08-10,pw01dud102021100362/0A,ホウオウドルーリー,2025-08-10,牝4,6
2025-07-06,pw01dud102022103531/22,ホウオウヌーヴォー,2025-08-16,牝3,7
2025-02-01,pw01dud102019105775/D7,ホウオウノーサイド,2025-12-21,牡6,4
2025-08-03,pw01dud102022103575/2E,ホウオウハナビ,2025-09-07,牝3,8
2025-11-09,pw01dud102023102430/1B,ホウオウバトラー,2025-11-09,牡2,1
2025-10-18,pw01dud102019106030/F0,ホウオウバリスタ,2025-12-21,牡6,3
2025-08-17,pw01dud102021105772/89,ホウオウバローロ,2025-08-17,牡4,7
2025-05-25,pw01dud102022103547/E4,ホウオウパシュート,2025-05-25,牡3,2
2025-08-17,pw01dud102020103941/DE,ホウオウビスケッツ,2025-11-30,牡5,7
2025-12-13,pw01dud102023105365/26,ホウオウファラオ,2025-12-13,牡2,1
2025-02-15,pw01dud102019105032/E7,ホウオウフウジン,2025-07-27,牡6,2
2025-02-22,pw01dud102021103481/B5,ホウオウフェイント,2025-03-09,牡4,2
2025-04-27,pw01dud102021103549/3E,ホウオウフロイト,2025-11-29,牡4,8
2025-07-20,pw01dud102022103526/51,ホウオウブライツ,2025-09-07,牡3,4
2025-11-09,pw01dud102022104637/F4,ホウオウブースター,2025-11-09,牡3,5
2025-01-25,pw01dud102020103939/66,ホウオウプレシャス,2025-10-18,牡5,5
2025-02-02,pw01dud102019105041/84,ホウオウプレミア,2025-11-23,牡6,8
2025-04-13,pw01dud102021105623/7B,ホウオウプロサンゲ,2025-12-13,牡4,7
2025-10-26,pw01dud102023102440/2B,ホウオウヘッセン,2025-12-21,牡2,2
2025-01-12,pw01dud102022100521/45,ホウオウヘーゲル,2025-02-02,牡3,2
2025-05-11,pw01dud102021105767/B8,ホウオウベルクソン,2025-05-31,牡4,3
2025-11-09,pw01dud102021105694/5E,ホウオウペトリュス,2025-12-14,牝4,7
2025-04-19,pw01dud102021103542/19,ホウオウマリアン,2025-04-19,牝4,1
2025-10-19,pw01dud102023105619/35,ホウオウミステリー,2025-10-19,牝2,1
2025-11-30,pw01dud102020103947/90,ホウオウムサシ,2025-11-30,牡5,4
2025-11-08,pw01dud102023105281/49,ホウオウモチーヴ,2025-11-22,牡2,2
2025-07-20,pw01dud102019105808/F1,ホウオウユニコーン,2025-09-28,牡6,4
2025-09-07,pw01dud102022103530/AF,ホウオウライダイ,2025-09-07,牡3,1
2025-08-09,pw01dud102018103535/CB,ホウオウラスカーズ,2025-12-20,牝7,7
2025-11-15,pw01dud102021103487/67,ホウオウラムセス,2025-12-06,牡4,5
2025-06-08,pw01dud102018103489/B6,ホウオウリアリティ,2025-06-08,牡7,4
2025-10-25,pw01dud102023104174/72,ホウオウルクソール,2025-12-21,牡2,3
2025-08-23,pw01dud102019105746/1A,ホウオウルーレット,2025-09-27,牡6,5
2025-10-26,pw01dud102022105322/01,ホウオウレイヴン,2025-12-21,せん3,10
2025-11-30,pw01dud102023102396/FC,ホウオウロレンシア,2025-11-30,牝2,1
2025-01-25,pw01dud102020110058/5B,ホウキボシ,2025-01-25,せん5,1
2025-04-13,pw01dud102022107240/E8,ホウショウビフウ,2025-08-03,牝3,3
2025-01-13,pw01dud102022103047/EF,ホウショウマリス,2025-12-27,牝3,9
2025-11-16,pw01dud102023101598/55,ホウショウリュウ,2025-12-21,牡2,3
2025-04-06,pw01dud102022102024/87,ホウヨウムーン,2025-04-06,牝3,2
2025-11-16,pw01dud102023105780/CB,ホカミテダメ,2025-11-16,牝2,1
2025-12-06,pw01dud102021106122/02,ホクザンバーリイ,2025-12-06,牡4,1
2025-01-11,pw01dud102022107096/88,ホシクズロンリネス,2025-03-02,牝3,2
2025-11-15,pw01dud102023104935/2D,ホシヅキヨ,2025-12-21,牡2,3
2025-07-19,pw01dud102022101386/71,ホシニネガイヲ,2025-12-20,牝3,9
2025-07-20,pw01dud102023100962/48,ホッカイダイオー,2025-12-21,牡2,5
2025-01-05,pw01dud102018103147/FD,ホッコーカリュウ,2025-01-05,牝7,1
2025-08-16,pw01dud102016102442/4A,ホッコーメヴィウス,2025-08-16,せん9,2
2025-08-10,pw01dud102023106325/D5,ホットゥトロット,2025-11-08,牡2,4
2025-11-09,pw01dud102023101161/3C,ホットシート,2025-11-23,牡2,2
2025-10-18,pw01dud102023106085/A2,ホテルストリート,2025-11-02,牝2,2
2025-07-27,pw01dud102023100581/31,ホノボノ,2025-11-16,牡2,3
2025-01-12,pw01dud102022103113/24,ホファヴァルト,2025-03-01,牡3,3
2025-03-15,pw01dud102022106762/F4,ホリゾンブルー,2025-03-15,牝3,2
2025-11-09,pw01dud102022106065/F6,ホリーアン,2025-11-24,牝3,11
2025-01-25,pw01dud102021102905/07,ホルトバージ,2025-11-30,牡4,12
2025-08-10,pw01dud102022104100/AA,ホルンフェルス,2025-11-16,牝3,7
2025-07-12,pw01dud102021102409/DE,ホレーショ,2025-12-06,牡4,6
2025-07-20,pw01dud102022103464/7A,ホロヨイマンゲツ,2025-07-20,牡3,3
2025-01-05,pw01dud102022100882/AB,ホワイトアッシュ,2025-01-05,牡3,1
2025-12-20,pw01dud102023102236/6B,ホワイトオパール,2025-12-20,牝2,1
2025-09-27,pw01dud102023102615/9C,ホワイトオーキッド,2025-12-21,牝2,2
2025-06-07,pw01dud102019101295/46,ホワイトガーベラ,2025-09-28,牡6,4
2025-02-02,pw01dud102018105544/46,ホワイトクロウ,2025-04-27,せん7,3
2025-03-15,pw01dud102022101407/95,ホワイトジーン,2025-03-30,牝3,3
2025-05-25,pw01dud102019105794/84,ホワイトターフ,2025-12-07,牝6,7
2025-06-08,pw01dud102023106104/E0,ホワイトドラゴン,2025-09-27,牡2,2
2025-10-05,pw01dud102023110047/7C,ホワイトナイル,2025-12-14,牡2,3
2025-11-24,pw01dud102021100588/3E,ホワイトビーチ,2025-11-24,牡4,2
2025-11-30,pw01dud102023106873/34,ホワイトフレイムス,2025-11-30,牡2,4
2025-05-03,pw01dud102022101635/41,ホワイトマジック,2025-05-03,牡3,2
2025-04-20,pw01dud102021104855/04,ホーエリート,2025-12-06,牝4,7
2025-11-16,pw01dud102021105004/A8,ホークフィールド,2025-11-16,牡4,7
2025-05-04,pw01dud102021100008/C9,ホークマン,2025-11-09,牡4,7
2025-08-03,pw01dud102022105258/B2,ホークライト,2025-12-27,せん3,9
2025-04-12,pw01dud102021100198/8A,ホークレア,2025-11-23,牝4,7
2025-08-10,pw01dud102022105851/B3,ホースワン,2025-09-07,牡3,8
2025-01-12,pw01dud102016102073/29,ホープフルサイン,2025-02-16,牡9,2
2025-08-09,pw01dud102022103099/25,ホープフルソング,2025-08-09,牝3,4
2025-12-13,pw01dud102023105575/98,ホープフルワールド,2025-12-13,牡2,1
2025-08-10,pw01dud102022101904/31,ホープリュミエール,2025-08-10,牡3,2
2025-09-06,pw01dud102023105713/B4,ホーリーデイ,2025-09-21,牡2,3
2025-08-16,pw01dud102022104622/A5,ホーリーノット,2025-08-16,牝3,2
2025-06-21,pw01dud102021102458/BB,ホーリーブライト,2025-12-21,牝4,6
2025-08-24,pw01dud102022103060/EA,ホーリーブラッサム,2025-11-16,牝3,6
2025-02-08,pw01dud102020106228/59,ホーリーホック,2025-02-08,牝5,1
2025-09-07,pw01dud102023107299/CF,ホールオブミラーズ,2025-10-25,牡2,2
2025-11-16,pw01dud102018100664/EC,ホールシバン,2025-11-16,せん7,5
2025-11-30,pw01dud102023105783/24,ホールドザデイ,2025-12-20,牝2,3
2025-09-14,pw01dud102023103379/24,ホールドミーワンス,2025-12-14,牝2,3
2025-01-19,pw01dud102020110060/D3,ホールネス,2025-01-19,牝5,1
2025-07-26,pw01dud102022105002/4E,ボウウィンドウ,2025-11-30,牝3,5
2025-06-15,pw01dud102021100475/A4,ボエーム,2025-12-28,牡4,8
2025-11-02,pw01dud102023102553/C5,ボクマダネムイヨ,2025-11-02,牡2,2
2025-05-10,pw01dud102021100441/A8,ボクラヲツナグモノ,2025-06-01,牡4,6
2025-10-12,pw01dud102023106435/16,ボグラーモデル,2025-10-12,牡2,2
2025-09-15,pw01dud102022107321/6C,ボストンクーラー,2025-09-15,牝3,1
2025-08-10,pw01dud102022106331/8D,ボスポラス,2025-08-10,牡3,4
2025-04-20,pw01dud102020110044/7F,ボタニカルガーデン,2025-05-03,牝5,3
2025-02-23,pw01dud102022103040/CA,ボッカルーポ,2025-03-22,牝3,2
2025-01-25,pw01dud102021101691/49,ボックスオフィス,2025-12-13,牡4,6
2025-03-02,pw01dud102016104618/0C,ボッケリーニ,2025-03-02,牡9,1
2025-08-09,pw01dud102023101001/AB,ボッチョ,2025-08-09,牝2,1
2025-08-09,pw01dud102021110057/74,ボディブロー,2025-12-07,牡4,5
2025-08-02,pw01dud102022102294/59,ボナペティアスク,2025-10-12,牝3,8
2025-03-23,pw01dud102020101292/6C,ボナンザ,2025-11-08,牡5,4
2025-07-12,pw01dud102021106361/31,ボナーテソーロ,2025-11-24,牡4,7
2025-10-11,pw01dud102023107329/90,ボニープリンス,2025-12-07,牡2,2
2025-08-09,pw01dud102022105124/85,ボヌールキャッツ,2025-08-09,牝3,4
2025-02-15,pw01dud102019110026/C6,ボブズヤアンクル,2025-02-15,せん6,1
2025-01-06,pw01dud102022107293/91,ボヤージュアウト,2025-03-01,牝3,2
2025-01-19,pw01dud102022103897/C7,ボル,2025-04-26,牡3,3
2025-06-29,pw01dud102021105611/85,ボルケーノ,2025-06-29,牡4,1
2025-07-06,pw01dud102019100684/98,ボルザコフスキー,2025-07-19,牡6,3
2025-08-03,pw01dud102022105600/8E,ボルセーナ,2025-11-29,牝3,6
2025-11-09,pw01dud102019104842/90,ボルタドマール,2025-11-22,せん6,7
2025-02-23,pw01dud102022104634/9B,ボルダーオパール,2025-03-22,牝3,2
2025-02-16,pw01dud102022106718/56,ボルトテソーロ,2025-11-02,牡3,7
2025-11-09,pw01dud102019104909/A6,ボルドグフーシュ,2025-11-09,牡6,5
2025-04-20,pw01dud102022103618/58,ボンショワ,2025-07-19,牝3,3
2025-07-06,pw01dud102022100968/6E,ボンジュルネ,2025-07-06,牡3,4
2025-05-17,pw01dud102022104830/31,ボンジュールアスク,2025-08-10,牝3,4
2025-07-26,pw01dud102023101986/23,ボンジュールサヴァ,2025-11-16,牡2,2
2025-03-02,pw01dud102022102651/84,ボンジュールゼン,2025-03-02,牡3,1
2025-08-31,pw01dud102023104489/54,ボンスヴニール,2025-12-21,牝2,3
2025-06-29,pw01dud102022101024/98,ボンズドゥッカ,2025-09-06,牡3,6
2025-07-27,pw01dud102021107179/66,ボンドガール,2025-12-20,牝4,7
2025-08-03,pw01dud102022105485/EB,ボンドロア,2025-12-28,牡3,9
2025-07-05,pw01dud102022105435/9B,ボンヌソワレ,2025-12-06,牝3,7
2025-04-20,pw01dud102016102904/E5,ボンベール,2025-12-21,牡9,7
2025-02-08,pw01dud102022104477/D2,ボンボニエーレ,2025-03-08,牝3,3
2025-10-12,pw01dud102023105371/6A,ボンボンベイビー,2025-10-19,牡2,2
2025-02-10,pw01dud102022104321/9F,ボンマティ,2025-02-22,牝3,2
2025-01-13,pw01dud102022102529/BB,ボーヌロマネ,2025-08-16,牡3,6
2025-02-01,pw01dud102022107196/B9,ボーマン,2025-04-05,牡3,2
2025-07-19,pw01dud102021105777/C8,ボーモンド,2025-12-28,牡4,4
2025-07-12,pw01dud102023103016/D8,ボールドタワー,2025-11-22,牡2,6
2025-07-27,pw01dud102022103551/42,ボールドハーテッド,2025-09-07,牡3,8
2025-12-06,pw01dud102023105546/DB,ボールドフロント,2025-12-28,牡2,2
2025-09-28,pw01dud102023104350/E8,ボールドペイト,2025-09-28,牡2,1
2025-01-26,pw01dud102020106439/3E,ボーンイングランデ,2025-01-26,牡5,1
2025-08-17,pw01dud102019104658/F0,ボーンディスウェイ,2025-11-09,牡6,8
2025-07-26,pw01dud102023106285/04,ボーントゥラブユー,2025-11-23,牝2,3
2025-11-16,pw01dud102022103603/09,ポアゾンシーザー,2025-12-06,牡3,2
2025-12-13,pw01dud102023106842/91,ポイズンオーク,2025-12-13,牝2,1
2025-07-26,pw01dud102022101622/D8,ポイントネモ,2025-12-07,牡3,7
2025-07-26,pw01dud102021105202/24,ポエットリー,2025-07-26,牝4,5
2025-09-27,pw01dud102023106880/EB,ポエティックデール,2025-09-27,牝2,1
2025-01-18,pw01dud102020100592/10,ポケッティーノ,2025-01-18,牡5,1
2025-04-20,pw01dud102022100844/51,ポジターノ,2025-08-30,牝3,8
2025-04-27,pw01dud102022101910/75,ポジティビティ,2025-08-09,牡3,6
2025-01-05,pw01dud102019102229/91,ポジティブガール,2025-01-05,牝6,1
2025-06-21,pw01dud102023106742/60,ポセイドンテソーロ,2025-12-20,牡2,4
2025-05-11,pw01dud102022102752/28,ポセイドンバローズ,2025-05-11,牡3,5
2025-01-26,pw01dud102017105376/6E,ポタジェ,2025-01-26,牡8,1
2025-07-20,pw01dud102022101191/E0,ポタリング,2025-11-22,せん3,7
2025-08-17,pw01dud102022105955/B0,ポッドエルマー,2025-09-15,牡3,5
2025-10-13,pw01dud102023103468/D2,ポッドクロス,2025-12-27,牡2,3
2025-08-16,pw01dud102021100573/EF,ポッドコンティ,2025-08-16,牡4,5
2025-10-11,pw01dud102023105592/5F,ポッドシャンク,2025-10-11,牡2,1
2025-10-05,pw01dud102023105236/38,ポッドジーク,2025-11-23,牡2,3
2025-10-25,pw01dud102023105594/45,ポッドスモーカー,2025-10-25,牡2,1
2025-03-29,pw01dud102022105537/B2,ポッドソル,2025-03-29,牡3,1
2025-01-25,pw01dud102021106069/36,ポッドテオ,2025-01-25,牡4,1
2025-06-22,pw01dud102022105316/BD,ポッドデューク,2025-07-26,牡3,6
2025-10-26,pw01dud102022100018/65,ポッドドンナー,2025-11-23,牡3,2
2025-03-22,pw01dud102022100736/F6,ポッドフォルク,2025-12-13,牡3,7
2025-09-14,pw01dud102022105244/D6,ポッドベイダー,2025-12-14,牡3,5
2025-05-04,pw01dud102022100702/FA,ポッドベル,2025-11-02,牡3,6
2025-10-25,pw01dud102022100704/E0,ポッドボウ,2025-11-16,牡3,2
2025-07-12,pw01dud102019104762/7F,ポッドボレット,2025-07-12,牡6,2
2025-12-20,pw01dud102023105593/D2,ポッドリプル,2025-12-20,牡2,2
2025-02-15,pw01dud102021100246/85,ポッドレオ,2025-02-15,牡4,1
2025-11-16,pw01dud102021104873/3E,ポッドロゴ,2025-12-14,牡4,9
2025-04-26,pw01dud102022100700/14,ポッドロルフ,2025-09-14,牡3,6
2025-08-30,pw01dud102022101573/6A,ポッドロワール,2025-11-09,牡3,8
2025-08-24,pw01dud102023105444/C4,ポップアップ,2025-08-24,牡2,1
2025-06-29,pw01dud102022103443/E7,ポップグルーヴ,2025-11-15,牝3,6
2025-07-12,pw01dud102021100179/DD,ポップスター,2025-07-12,せん4,7
2025-06-29,pw01dud102022105614/6A,ポッポノフェスタ,2025-11-08,牡3,9
2025-08-24,pw01dud102022104494/99,ポテチ,2025-08-24,牡3,7
2025-02-01,pw01dud102021102277/06,ポトマックテソーロ,2025-02-01,牝4,1
2025-11-24,pw01dud102023107176/25,ポプリーニ,2025-11-24,牝2,1
2025-08-02,pw01dud102023103980/4F,ポペット,2025-11-23,牝2,4
2025-10-19,pw01dud102023102737/D3,ポポラヴィスタ,2025-10-19,牝2,1
2025-02-23,pw01dud102021105972/EB,ポマール,2025-02-23,牝4,1
2025-01-12,pw01dud102022103332/33,ポミチョッタ,2025-01-19,牡3,2
2025-06-28,pw01dud102022103185/7A,ポム,2025-07-20,牝3,2
2025-08-10,pw01dud102022103921/D6,ポムドール,2025-12-07,牝3,3
2025-12-20,pw01dud102021101921/6C,ポムファッジ,2025-12-20,牝4,1
2025-05-18,pw01dud102022105856/F2,ポリアンセモス,2025-09-14,牝3,5
2025-03-23,pw01dud102021100016/F3,ポリトナリティー,2025-12-20,牝4,8
2025-02-02,pw01dud102020103076/94,ポリーフォリア,2025-02-02,牝5,1
2025-02-16,pw01dud102020103577/FC,ポルカリズム,2025-11-23,牝5,6
2025-11-16,pw01dud102023106655/98,ポルタシャーンス,2025-12-20,牝2,3
2025-01-06,pw01dud102022104011/FC,ポルタフェリーチェ,2025-01-06,牝3,1
2025-02-02,pw01dud102022101865/D3,ポルテソレイユ,2025-02-02,牝3,1
2025-08-02,pw01dud102020102728/92,ポルトドール,2025-08-24,牡5,6
2025-07-20,pw01dud102023107289/BF,ポルフュロゲネトス,2025-12-06,牡2,3
2025-08-30,pw01dud102021102993/B1,ポルポラジール,2025-12-27,牡4,8
2025-11-24,pw01dud102020102955/CB,ポワンキュルミナン,2025-11-24,牡5,7
2025-10-25,pw01dud102020100838/F5,ポンサン,2025-10-25,牡5,2
2025-12-21,pw01dud102023105242/7C,ポンテヴェッキオ,2025-12-21,牡2,1
2025-10-26,pw01dud102021104945/25,ポンピエ,2025-11-23,牡4,8
2025-08-09,pw01dud102022105348/D3,ポンペルモ,2025-08-09,牡3,2
2025-02-16,pw01dud102021102279/EC,ポークテソーロ,2025-04-05,牡4,3
2025-04-27,pw01dud102022103847/77,ポートタウランガ,2025-05-25,牝3,5
2025-11-08,pw01dud102022105963/DA,ポートデラメール,2025-11-08,牝3,2
2025-08-10,pw01dud102022110140/FC,ポールセン,2025-12-07,牡3,6
2025-05-18,pw01dud102022104909/3D,マイアイドル,2025-09-06,牝3,3
2025-01-05,pw01dud102019106730/47,マイアミュレット,2025-01-05,せん6,1
2025-08-16,pw01dud102022107235/17,マイウェイ,2025-08-16,牡3,4
2025-10-26,pw01dud102023100639/AA,マイエラ,2025-12-27,牡2,2
2025-05-24,pw01dud102022101197/92,マイエレメント,2025-12-28,牝3,6
2025-07-20,pw01dud102023106823/E4,マイオウンウェイ,2025-12-13,牡2,4
2025-12-07,pw01dud102023110031/BA,マイカラー,2025-12-21,牡2,3
2025-01-25,pw01dud102022105059/C3,マイクインダム,2025-07-26,牝3,2
2025-07-26,pw01dud102023104856/8F,マイケルバローズ,2025-12-21,牡2,4
2025-08-10,pw01dud102023107118/AB,マイコンチェルト,2025-10-04,牡2,2
2025-06-28,pw01dud102022105849/3B,マイスターヴェルク,2025-11-24,牝3,5
2025-10-26,pw01dud102023104588/12,マイチバイ,2025-12-21,牝2,3
2025-12-07,pw01dud102023101501/A0,マイティキングダム,2025-12-21,牡2,2
2025-03-30,pw01dud102021103708/ED,マイティマイティー,2025-12-27,牡4,6
2025-05-04,pw01dud102022106313/53,マイティーパワー,2025-05-04,牡3,2
2025-12-13,pw01dud102023103982/35,マイトグラッド,2025-12-13,牡2,3
2025-07-19,pw01dud102023102153/01,マイトビーウォン,2025-12-20,牡2,4
2025-03-09,pw01dud102020101879/97,マイド,2025-03-09,牡5,1
2025-08-02,pw01dud102022107068/3E,マイドリームガール,2025-10-19,牝3,5
2025-10-05,pw01dud102023101917/26,マイネルアイフェル,2025-10-18,牡2,2
2025-11-15,pw01dud102022106811/62,マイネルアウルム,2025-11-29,牡3,9
2025-07-20,pw01dud102022100274/5B,マイネルアズーロ,2025-08-10,牡3,6
2025-10-19,pw01dud102023106462/ED,マイネルアルゴー,2025-12-14,牡2,4
2025-07-05,pw01dud102022106817/14,マイネルアレス,2025-12-27,牡3,10
2025-08-02,pw01dud102022106538/14,マイネルアース,2025-08-02,牡3,5
2025-05-24,pw01dud102022106807/04,マイネルイグザルト,2025-12-28,牡3,7
2025-02-16,pw01dud102019100784/C9,マイネルイージス,2025-03-01,牡6,2
2025-06-01,pw01dud102016100752/0F,マイネルウィルトス,2025-06-01,牡9,2
2025-12-06,pw01dud102023104490/59,マイネルエトルタ,2025-12-06,牡2,1
2025-10-25,pw01dud102018102178/B1,マイネルエニグマ,2025-12-28,牡7,4
2025-03-29,pw01dud102020105786/D9,マイネルエンペラー,2025-12-28,牡5,4
2025-08-17,pw01dud102022102813/8C,マイネルエヴレン,2025-08-17,牡3,1
2025-08-16,pw01dud102019100794/D9,マイネルエール,2025-08-16,せん6,4
2025-10-05,pw01dud102023106422/AD,マイネルオラクル,2025-10-05,牡2,1
2025-10-11,pw01dud102023106406/59,マイネルオランチア,2025-12-21,牡2,5
2025-08-09,pw01dud102021106766/34,マイネルオーシャン,2025-12-13,牡4,10
2025-10-13,pw01dud102023104460/29,マイネルカイザー,2025-10-13,牡2,1
2025-07-27,pw01dud102020105798/CF,マイネルカンパーナ,2025-12-06,牡5,7
2025-06-14,pw01dud102020105761/7A,マイネルカーライル,2025-08-03,牡5,3
2025-05-11,pw01dud102019100792/F3,マイネルクリソーラ,2025-09-13,牡6,5
2025-05-18,pw01dud102017102952/DB,マイネルクロンヌ,2025-05-18,牡8,3
2025-11-23,pw01dud102023106432/BD,マイネルグレート,2025-12-14,牡2,2
2025-04-19,pw01dud102018102170/19,マイネルグロン,2025-04-19,牡7,1
2025-04-13,pw01dud102020105781/9A,マイネルケレリウス,2025-12-13,牡5,5
2025-07-06,pw01dud102022106806/91,マイネルゲミュート,2025-07-06,牡3,3
2025-05-17,pw01dud102020106021/D2,マイネルサンテ,2025-09-20,牡5,5
2025-11-22,pw01dud102023106436/89,マイネルシュラハト,2025-12-06,牡2,3
2025-07-27,pw01dud102023100207/D0,マイネルシンベリン,2025-12-20,牡2,4
2025-05-10,pw01dud102019100774/B9,マイネルシーマー,2025-12-14,牡6,8
2025-08-10,pw01dud102018102155/38,マイネルジェロディ,2025-10-04,牡7,4
2025-02-09,pw01dud102022100927/BB,マイネルジーニアス,2025-06-08,牡3,4
2025-08-17,pw01dud102022106818/87,マイネルステラート,2025-11-09,牡3,7
2025-08-24,pw01dud102022106828/97,マイネルゼウス,2025-12-14,牡3,10
2025-10-18,pw01dud102023106474/E3,マイネルゼーロス,2025-10-18,牡2,3
2025-05-11,pw01dud102022106768/A6,マイネルチケット,2025-11-15,牡3,6
2025-07-19,pw01dud102021106815/A2,マイネルティグレ,2025-07-19,牡4,5
2025-10-19,pw01dud102023106407/CC,マイネルテオドロス,2025-11-30,牡2,4
2025-11-22,pw01dud102023106476/C9,マイネルディザイア,2025-12-20,牡2,4
2025-06-22,pw01dud102021106805/92,マイネルディレクト,2025-09-07,牡4,4
2025-01-06,pw01dud102021106820/73,マイネルトゥルネー,2025-09-28,牡4,3
2025-06-29,pw01dud102022100979/F1,マイネルトラオム,2025-11-22,牡3,10
2025-07-12,pw01dud102022106797/63,マイネルトラキア,2025-07-12,牡3,5
2025-07-20,pw01dud102019100790/0D,マイネルトルファン,2025-08-17,牡6,9
2025-10-25,pw01dud102023105363/40,マイネルトレマーズ,2025-12-14,牡2,3
2025-08-23,pw01dud102019100768/75,マイネルニコラス,2025-12-13,牡6,10
2025-08-02,pw01dud102021106827/98,マイネルバーテクス,2025-11-16,牡4,9
2025-09-14,pw01dud102023106467/2C,マイネルパーロル,2025-09-28,牡2,2
2025-06-14,pw01dud102020107036/10,マイネルビジョン,2025-12-27,牡5,7
2025-01-11,pw01dud102022100081/B0,マイネルビスマルク,2025-08-30,牡3,7
2025-04-19,pw01dud102022106822/E5,マイネルフィスキオ,2025-08-16,牡3,10
2025-07-27,pw01dud102020105809/E3,マイネルフォルツァ,2025-12-21,牡5,10
2025-01-12,pw01dud102020104523/CF,マイネルフォーコン,2025-02-09,牡5,2
2025-06-28,pw01dud102021100629/82,マイネルフランツ,2025-06-28,牡4,4
2025-04-13,pw01dud102022106760/0E,マイネルフルムーン,2025-10-25,牡3,7
2025-07-26,pw01dud102022106813/48,マイネルフーガ,2025-12-21,牡3,8
2025-02-15,pw01dud102022102681/B4,マイネルブリオン,2025-11-16,牡3,9
2025-07-13,pw01dud102021106816/15,マイネルブリックス,2025-12-13,牡4,7
2025-08-24,pw01dud102023106487/4C,マイネルホウセン,2025-12-28,牡2,3
2025-06-29,pw01dud102022106770/1E,マイネルボス,2025-08-31,牡3,6
2025-07-05,pw01dud102023106439/E2,マイネルマスター,2025-12-06,牡2,5
2025-08-10,pw01dud102023106428/5F,マイネルミストラル,2025-08-10,牡2,1
2025-10-19,pw01dud102023100084/95,マイネルミラケル,2025-10-19,牡2,1
2025-07-20,pw01dud102019100788/95,マイネルメサイア,2025-10-19,牡6,5
2025-10-19,pw01dud102023106448/7F,マイネルメテオーラ,2025-11-16,牡2,3
2025-05-24,pw01dud102022106539/87,マイネルメドリング,2025-06-07,牡3,4
2025-06-29,pw01dud102020105750/F7,マイネルメモリー,2025-12-21,牡5,8
2025-08-31,pw01dud102021106811/D6,マイネルモメンタム,2025-09-20,牡4,8
2025-08-24,pw01dud102023104563/B3,マイネルモンテュス,2025-12-14,牡2,4
2025-12-28,pw01dud102023106449/F2,マイネルモンブラン,2025-12-28,牡2,1
2025-06-29,pw01dud102020105749/F2,マイネルモーント,2025-12-13,牡5,6
2025-07-12,pw01dud102023100143/13,マイネルユーゲント,2025-11-09,牡2,3
2025-06-07,pw01dud102022106804/AB,マイネルライゼン,2025-06-07,牡3,1
2025-06-15,pw01dud102022104538/36,マイネルラカイユ,2025-07-13,牡3,8
2025-12-06,pw01dud102023106425/06,マイネルラズライト,2025-12-06,牡2,1
2025-04-26,pw01dud102020105803/31,マイネルラッシュ,2025-11-29,牡5,6
2025-06-29,pw01dud102022106773/77,マイネルラファール,2025-09-06,牡3,8
2025-07-13,pw01dud102023104485/88,マイネルリーヒム,2025-09-28,牡2,4
2025-08-30,pw01dud102022106829/0A,マイネルレクエルド,2025-08-30,牡3,4
2025-01-12,pw01dud102021106821/E6,マイネルレグルス,2025-12-20,牡4,5
2025-06-28,pw01dud102019100751/40,マイネルレノン,2025-12-07,牡6,6
2025-11-22,pw01dud102013101904/52,マイネルヴァッサー,2025-11-22,牡12,4
2025-06-29,pw01dud102023106471/8A,マイネルヴェーゼン,2025-12-07,牡2,5
2025-07-26,pw01dud102021104411/34,マイノワール,2025-09-13,牡4,6
2025-07-26,pw01dud102020100621/5E,マイバラード,2025-12-27,牡5,11
2025-08-03,pw01dud102021103345/10,マイファミリー,2025-11-24,牡4,10
2025-08-17,pw01dud102023103250/C8,マイベスティー,2025-12-21,牡2,2
2025-08-03,pw01dud102022104948/0A,マイベストダンサー,2025-08-16,牝3,2
2025-07-05,pw01dud102022103337/72,マイホームヒロイン,2025-07-12,牝3,3
2025-02-09,pw01dud102022101138/A5,マイボーイ,2025-02-09,牡3,1
2025-04-20,pw01dud102020106865/66,マイモーメント,2025-04-20,せん5,2
2025-09-20,pw01dud102022104902/18,マイユニバース,2025-10-26,牡3,6
2025-02-02,pw01dud102018101728/98,マイヨアポア,2025-02-02,牝7,1
2025-02-22,pw01dud102021102369/0D,マイラッキーデイ,2025-05-17,牡4,2
2025-06-07,pw01dud102022101954/81,マイラブユキチャン,2025-06-07,牡3,2
2025-11-09,pw01dud102023106112/0A,マイラヴノリピー,2025-11-09,牝2,1
2025-11-30,pw01dud102023106785/F9,マイリトルヒーロー,2025-11-30,牡2,3
2025-04-12,pw01dud102020104676/A9,マイレーヌ,2025-11-22,牝5,8
2025-10-25,pw01dud102023102305/F9,マインセーラ,2025-12-14,牝2,4
2025-07-19,pw01dud102023103224/64,マイントップスター,2025-08-16,牡2,3
2025-07-19,pw01dud102022103613/19,マインドミー,2025-10-13,牝3,6
2025-03-16,pw01dud102021101440/24,マウリノ,2025-03-16,牡4,3
2025-02-01,pw01dud102020104452/5B,マウンテンエース,2025-05-31,牡5,4
2025-02-16,pw01dud102018104041/09,マウンテンムスメ,2025-02-16,牝7,1
2025-08-10,pw01dud102022105197/4E,マウントバーノン,2025-12-14,牡3,7
2025-02-15,pw01dud102022102207/22,マエストーソ,2025-05-11,牝3,3
2025-05-18,pw01dud102020100850/7D,マオノアラシ,2025-06-22,牡5,5
2025-02-09,pw01dud102022100037/12,マオノギミック,2025-04-26,牡3,3
2025-08-02,pw01dud102022101864/60,マオノクラッシュ,2025-12-13,牝3,7
2025-04-26,pw01dud102021100851/7C,マオノボルケーノ,2025-10-25,牝4,4
2025-12-20,pw01dud102023101278/A2,マオノムサシ,2025-12-20,牡2,1
2025-10-25,pw01dud102023104053/AE,マカイゾウ,2025-11-16,牝2,2
2025-07-05,pw01dud102022100019/D8,マカナ,2025-11-16,牝3,8
2025-10-12,pw01dud102023103875/4D,マカナアネラ,2025-12-21,牡2,4
2025-08-02,pw01dud102022104370/7C,マカニ,2025-08-02,牝3,2
2025-11-09,pw01dud102023107148/DB,マカレイ,2025-11-09,牝2,2
2025-12-14,pw01dud102023104965/5D,マカロンブルー,2025-12-14,牝2,2
2025-07-26,pw01dud102019102747/C0,マキアージュ,2025-07-26,牝6,6
2025-07-27,pw01dud102020103666/AA,マキシ,2025-07-27,牡5,3
2025-08-17,pw01dud102022102794/4E,マキシマムドライブ,2025-12-20,牡3,5
2025-10-04,pw01dud102022103746/D3,マキシマムビスタ,2025-10-04,牝3,5
2025-08-31,pw01dud102022100134/EA,マキシマムレーヴ,2025-10-19,牡3,3
2025-04-27,pw01dud102020100589/25,マキバシラ,2025-05-11,牝5,5
2025-07-12,pw01dud102022100322/56,マキャベリー,2025-09-14,牝3,9
2025-05-17,pw01dud102022105379/76,マギームーン,2025-08-23,牝3,5
2025-10-05,pw01dud102023100452/43,マクアケ,2025-11-01,牡2,4
2025-11-16,pw01dud102023102420/0B,マクシーン,2025-12-13,牝2,2
2025-12-21,pw01dud102023107339/A0,マクタン,2025-12-21,牡2,1
2025-11-22,pw01dud102023102252/BF,マクノス,2025-11-22,牝2,1
2025-08-03,pw01dud102021102276/93,マクミランテソーロ,2025-11-30,牡4,5
2025-10-25,pw01dud102023106821/FE,マクリール,2025-11-24,牡2,2
2025-08-09,pw01dud102023101994/4D,マクローリン,2025-12-06,牡2,6
2025-07-27,pw01dud102022105324/E7,マグナドムス,2025-07-27,牡3,6
2025-11-09,pw01dud102021106574/FC,マグナレガリア,2025-11-09,牡4,7
2025-11-29,pw01dud102023110101/BB,マグナヴィクトル,2025-11-29,牡2,2
2025-04-20,pw01dud102022101920/85,マグネシアブリック,2025-10-25,牡3,4
2025-08-23,pw01dud102022101984/B1,マグノリアロード,2025-08-23,牝3,3
2025-05-18,pw01dud102019104558/BF,マグマオーシャン,2025-05-18,牡6,3
2025-02-08,pw01dud102021102516/C6,マケズギライ,2025-11-09,牝4,3
2025-03-22,pw01dud102018105814/A9,マケルナマサムネ,2025-04-26,牡7,3
2025-06-22,pw01dud102023105250/A6,マゲバスピード,2025-12-27,牡2,2
2025-01-05,pw01dud102021101356/B5,マコタイガ,2025-01-25,牡4,2
2025-11-08,pw01dud102023104032/1B,マコトアタキギリ,2025-11-23,牝2,2
2025-12-27,pw01dud102023102128/10,マコトアディントン,2025-12-27,牡2,1
2025-11-30,pw01dud102023105054/10,マコトエウロペ,2025-11-30,牝2,1
2025-06-29,pw01dud102020106678/6D,マコトヴェリーキー,2025-06-29,牡5,3
2025-08-09,pw01dud102022105793/A8,マゴイチタ,2025-10-05,せん3,10
2025-05-18,pw01dud102022109054/40,マサウッドテール,2025-07-20,牡3,5
2025-06-21,pw01dud102023105077/89,マサッチェハマー,2025-06-21,牡2,1
2025-08-02,pw01dud102022100489/0C,マサノイロハ,2025-08-02,牡3,7
2025-05-18,pw01dud102021100019/4C,マサノカナリア,2025-05-18,牝4,4
2025-10-13,pw01dud102023100016/0B,マサノハヤブサ,2025-10-13,牡2,1
2025-04-13,pw01dud102021101800/A8,マサノヒーロー,2025-06-29,牡4,3
2025-02-01,pw01dud102022107130/A7,マサノユニコーン,2025-11-29,牡3,7
2025-02-01,pw01dud102020103045/F1,マサハヤウォルズ,2025-09-28,牡5,7
2025-04-19,pw01dud102022105449/77,マサハヤモーブ,2025-04-19,牡3,3
2025-10-13,pw01dud102023103357/1E,マサハヤルージュ,2025-10-13,牝2,2
2025-04-27,pw01dud102021105047/41,マサハヤヴォス,2025-12-27,牡4,4
2025-02-02,pw01dud102022103404/1A,マサムネ,2025-05-04,牡3,3
2025-05-17,pw01dud102022102480/DF,マサユメ,2025-06-21,せん3,2
2025-01-26,pw01dud102021104834/71,マサレエトワール,2025-01-26,牝4,1
2025-07-26,pw01dud102022104170/1A,マザーズウィル,2025-11-09,牝3,9
2025-04-19,pw01dud102022103318/C5,マシェリアムール,2025-05-24,牝3,6
2025-08-10,pw01dud102021104738/0C,マシュー,2025-11-01,牡4,7
2025-09-28,pw01dud102023105387/2C,マシン,2025-10-12,牡2,3
2025-07-12,pw01dud102018103873/B8,マシンガン,2025-07-12,牡7,1
2025-03-30,pw01dud102022105555/EC,マジェスティルール,2025-08-30,牡3,5
2025-11-08,pw01dud102023102390/4A,マジェステラ,2025-12-07,牝2,3
2025-08-31,pw01dud102023107076/F4,マジカルアメジスト,2025-08-31,牝2,1
2025-11-24,pw01dud102020104250/13,マジカルガール,2025-11-24,牝5,5
2025-04-20,pw01dud102022107297/5D,マジカルキャンディ,2025-04-20,牝3,2
2025-08-02,pw01dud102022110012/81,マジカルシャイン,2025-08-17,牝3,5
2025-08-16,pw01dud102022104174/E6,マジカルフェアリー,2025-08-16,牝3,5
2025-06-08,pw01dud102022107290/38,マジカルレインボー,2025-06-08,牝3,3
2025-11-16,pw01dud102020101598/B1,マジカルワード,2025-12-14,牝5,8
2025-09-28,pw01dud102023105265/F5,マジックアロマ,2025-11-30,牝2,3
2025-11-24,pw01dud102023104200/67,マジックオーラ,2025-12-13,牡2,2
2025-06-29,pw01dud102023105092/6A,マジッククッキー,2025-12-21,牡2,5
2025-05-11,pw01dud102022104772/26,マジックサンズ,2025-11-23,牡3,4
2025-06-15,pw01dud102023106611/8C,マジックショー,2025-11-09,牡2,4
2025-01-19,pw01dud102022103320/3D,マジックスクロール,2025-03-22,牡3,2
2025-10-19,pw01dud102023100771/83,マジックファイヤー,2025-11-09,牡2,2
2025-10-04,pw01dud102021103682/8A,マジックブルー,2025-11-15,牡4,3
2025-08-16,pw01dud102022100622/E9,マジックローズ,2025-12-13,牝3,4
2025-02-02,pw01dud102022106257/2E,マジョッコピロコ,2025-05-17,牝3,3
2025-11-30,pw01dud102023102826/81,マジョリカ,2025-11-30,牝2,1
2025-04-19,pw01dud102022103706/93,マジョレル,2025-08-30,牝3,4
2025-10-19,pw01dud102023103531/AE,マジョレルブルー,2025-10-19,牡2,1
2025-07-12,pw01dud102023100949/4D,マジンタクシー,2025-11-23,牝2,4
2025-12-20,pw01dud102023103327/EE,マスカットオマーン,2025-12-20,牝2,1
2025-10-12,pw01dud102023104632/41,マスカルポーネ,2025-12-20,牝2,3
2025-02-16,pw01dud102022105519/78,マスカレードボール,2025-11-30,牡3,5
2025-08-17,pw01dud102023100688/87,マスキュラー,2025-09-06,牡2,4
2025-06-28,pw01dud102021105122/13,マスクオールウィン,2025-06-28,牝4,3
2025-02-02,pw01dud102020103505/A6,マスグラバイト,2025-05-24,せん5,4
2025-11-15,pw01dud102023106810/7B,マスターソアラ,2025-11-15,牝2,1
2025-03-30,pw01dud102022104927/77,マスターライセンス,2025-08-31,牡3,5
2025-08-30,pw01dud102023103629/67,マスティカーレ,2025-09-27,牝2,2
2025-08-16,pw01dud102022103785/A0,マタミカンサン,2025-08-16,牝3,4
2025-10-18,pw01dud102023100002/2F,マダックス,2025-10-18,牡2,1
2025-04-12,pw01dud102022100203/78,マダムイグレイン,2025-08-09,牝3,5
2025-04-12,pw01dud102022102996/96,マダムシーファー,2025-04-12,牝3,2
2025-12-14,pw01dud102023104957/33,マチュ,2025-12-14,牝2,2
2025-10-19,pw01dud102023102732/94,マッキュラシオン,2025-11-23,牡2,3
2025-06-29,pw01dud102022110014/67,マックアルイーン,2025-11-23,牡3,5
2025-02-16,pw01dud102022104639/DA,マックスキュー,2025-11-24,牡3,5
2025-05-24,pw01dud102021101400/E4,マックスセレナーデ,2025-09-27,牝4,6
2025-10-25,pw01dud102023101845/3F,マッシブショット,2025-11-08,牡2,2
2025-07-27,pw01dud102021106157/71,マッシャーブルム,2025-07-27,牡4,4
2025-04-26,pw01dud102021103809/91,マッスルバック,2025-10-26,牡4,7
2025-01-19,pw01dud102022107009/51,マッセダムール,2025-05-31,牝3,3
2025-08-02,pw01dud102022105446/1E,マットーネロッソ,2025-09-15,牝3,8
2025-06-08,pw01dud102019110020/14,マッドクール,2025-06-08,牡6,2
2025-08-30,pw01dud102023103701/E0,マッドゲイル,2025-12-21,牡2,5
2025-01-11,pw01dud102022103215/3B,マッドマックス,2025-02-01,牡3,2
2025-07-20,pw01dud102022106597/01,マッハレイジング,2025-09-06,牡3,4
2025-07-12,pw01dud102023109058/98,マツリダシリウス,2025-12-28,牡2,6
2025-10-11,pw01dud102023104867/12,マティンデ,2025-11-01,牝2,2
2025-04-20,pw01dud102022107075/F5,マテンロウアトラス,2025-08-02,牡3,5
2025-04-19,pw01dud102020102208/7D,マテンロウアネモス,2025-04-26,牝5,4
2025-01-19,pw01dud102020101569/F4,マテンロウアルテ,2025-07-06,牝5,4
2025-05-18,pw01dud102018103927/65,マテンロウアレス,2025-05-18,せん7,3
2025-11-29,pw01dud102023110068/0F,マテンロウアワー,2025-11-29,牡2,1
2025-07-27,pw01dud102022110043/24,マテンロウアーチ,2025-08-16,牡3,4
2025-07-13,pw01dud102019100965/7E,マテンロウオリオン,2025-11-29,牡6,7
2025-08-10,pw01dud102023101375/7A,マテンロウオリジン,2025-11-08,牡2,2
2025-04-26,pw01dud102022101445/EF,マテンロウカナロア,2025-10-04,牡3,5
2025-05-25,pw01dud102020101036/76,マテンロウガイ,2025-05-25,牡5,2
2025-11-15,pw01dud102022105164/C5,マテンロウギフト,2025-11-15,牡3,7
2025-08-10,pw01dud102023100946/F4,マテンロウゲイル,2025-11-09,牡2,3
2025-10-04,pw01dud102022103622/B6,マテンロウコマンド,2025-11-15,牡3,4
2025-08-16,pw01dud102021105874/A0,マテンロウゴールド,2025-08-31,牡4,6
2025-10-25,pw01dud102022110093/74,マテンロウサン,2025-10-25,牡3,3
2025-05-17,pw01dud102022104963/EB,マテンロウシルビア,2025-11-22,牝3,4
2025-11-08,pw01dud102020106836/A9,マテンロウジョイ,2025-11-08,牡5,4
2025-08-09,pw01dud102019105546/B8,マテンロウスカイ,2025-08-09,せん6,4
2025-08-02,pw01dud102023105392/FD,マテンロウストーム,2025-10-18,牡2,2
2025-10-25,pw01dud102023104676/4D,マテンロウゼロ,2025-12-27,牡2,4
2025-08-31,pw01dud102023110072/6D,マテンロウダビンチ,2025-10-13,牡2,2
2025-05-03,pw01dud102021105210/4E,マテンロウディアナ,2025-05-03,牝4,1
2025-11-16,pw01dud102023105153/CE,マテンロウネイビー,2025-11-16,牡2,1
2025-11-24,pw01dud102021107052/F0,マテンロウノカゼ,2025-12-14,牡4,8
2025-02-15,pw01dud102022106991/13,マテンロウハピネス,2025-02-15,牝3,1
2025-05-24,pw01dud102022106536/2E,マテンロウバディ,2025-07-26,牡3,4
2025-02-01,pw01dud102022107042/6C,マテンロウバローズ,2025-11-02,牡3,6
2025-04-27,pw01dud102022103615/FF,マテンロウビジョン,2025-04-27,牡3,2
2025-10-04,pw01dud102021101422/EA,マテンロウブラボー,2025-12-07,牡4,5
2025-12-07,pw01dud102023101525/8C,マテンロウブリッジ,2025-12-07,牡2,1
2025-07-20,pw01dud102022105021/FB,マテンロウブレイブ,2025-11-22,牡3,7
2025-02-08,pw01dud102019103659/74,マテンロウボンド,2025-06-28,牡6,5
2025-03-02,pw01dud102019100011/A9,マテンロウマジック,2025-03-02,牡6,1
2025-05-18,pw01dud102021105993/7E,マテンロウミラクル,2025-12-20,牡4,6
2025-02-09,pw01dud102022104950/82,マテンロウムーブ,2025-02-09,牡3,2
2025-06-01,pw01dud102019102879/07,マテンロウレオ,2025-12-06,牡6,4
2025-02-15,pw01dud102022105098/90,マディソンガール,2025-11-29,牝3,5
2025-02-10,pw01dud102022102500/90,マトラコーニッシュ,2025-11-30,牝3,7
2025-11-08,pw01dud102023106592/4E,マトリカリア,2025-11-16,牝2,2
2025-05-10,pw01dud102022102295/CC,マドモアゼルアスク,2025-09-06,牝3,7
2025-12-20,pw01dud102023107355/F4,マナイアカラニ,2025-12-20,牡2,1
2025-08-17,pw01dud102022102691/C4,マナエトレ,2025-11-24,牡3,6
2025-08-03,pw01dud102022106938/D8,マナミン,2025-08-30,牝3,8
2025-05-10,pw01dud102022101517/D6,マニス,2025-12-06,牝3,7
2025-04-20,pw01dud102020110105/E3,マニバドラ,2025-10-05,牡5,3
2025-07-06,pw01dud102022102031/3E,マニーシーン,2025-07-06,牝3,3
2025-01-13,pw01dud102022103035/F9,マニーヒーロー,2025-03-02,牡3,2
2025-04-19,pw01dud102021106618/99,マハナ,2025-12-14,牝4,11
2025-07-05,pw01dud102022101700/03,マハーギータ,2025-08-30,牝3,4
2025-06-21,pw01dud102022104413/A6,マハートマーベル,2025-12-20,牡3,5
2025-02-15,pw01dud102022105467/B1,マピュース,2025-11-29,牝3,6
2025-08-02,pw01dud102021101219/9D,マフィン,2025-12-06,牝4,10
2025-08-17,pw01dud102022100326/22,マブアンドフェール,2025-08-30,牡3,9
2025-03-16,pw01dud102022107007/6B,マブシサ,2025-03-16,牡3,1
2025-02-01,pw01dud102021104453/5A,マベルシュシュット,2025-02-22,牝4,2
2025-01-11,pw01dud102022104291/DE,マホウショウジョ,2025-01-11,牝3,1
2025-05-10,pw01dud102020105732/BD,マホロバ,2025-06-22,牡5,3
2025-06-29,pw01dud102022109084/70,ママアリガトー,2025-09-07,牝3,10
2025-05-03,pw01dud102019105394/C0,ママコチャ,2025-09-28,牝6,5
2025-07-20,pw01dud102022100958/5E,マミーブルー,2025-09-07,牝3,3
2025-02-16,pw01dud102019102240/A6,マメコ,2025-02-16,牝6,1
2025-10-11,pw01dud102023105591/EC,マメタンク,2025-10-11,牡2,1
2025-10-18,pw01dud102023100924/EE,マメーアップル,2025-12-13,牝2,2
2025-11-09,pw01dud102023103534/07,マユナイト,2025-12-20,牝2,5
2025-02-09,pw01dud102020102817/40,マラキナイア,2025-04-27,牝5,3
2025-08-30,pw01dud102020103113/0C,マランジュ,2025-08-30,牝5,3
2025-06-22,pw01dud102023101837/15,マランドロ,2025-12-28,牡2,2
2025-07-13,pw01dud102022105064/94,マリアイリダータ,2025-11-01,牝3,4
2025-05-18,pw01dud102022104023/F2,マリアディオーサ,2025-05-18,牝3,2
2025-07-06,pw01dud102020102737/2F,マリアナトレンチ,2025-11-16,牡5,8
2025-08-03,pw01dud102022103685/6F,マリアブーケ,2025-08-03,牝3,3
2025-01-12,pw01dud102022106728/66,マリエ,2025-06-07,牝3,3
2025-08-03,pw01dud102022105328/B3,マリエンプラッツ,2025-08-03,牝3,4
2025-08-03,pw01dud102019101198/6E,マリオロード,2025-12-21,牡6,9
2025-01-05,pw01dud102018101371/FF,マリオンエール,2025-01-26,牝7,2
2025-09-20,pw01dud102023100804/9D,マリノエステーラ,2025-12-21,牝2,2
2025-06-28,pw01dud102022101298/36,マリノテレージア,2025-08-23,牝3,6
2025-11-15,pw01dud102022101290/9E,マリノトニトゥルス,2025-12-06,牝3,3
2025-02-16,pw01dud102022101292/84,マリノドゥードゥー,2025-02-16,牝3,1
2025-02-22,pw01dud102022101282/74,マリノフレイヤ,2025-02-22,牝3,1
2025-11-08,pw01dud102023100798/C8,マリノムーンリーフ,2025-11-22,牝2,2
2025-01-26,pw01dud102022101289/99,マリノライヤ,2025-01-26,牝3,1
2025-07-27,pw01dud102023100794/FC,マリノリュミエール,2025-12-20,牝2,4
2025-12-21,pw01dud102023100807/F6,マリノレーヴェ,2025-12-21,牝2,1
2025-10-18,pw01dud102023104168/2E,マリブ,2025-12-21,牡2,4
2025-08-09,pw01dud102022110134/B8,マリブオレンジ,2025-12-07,牝3,6
2025-03-02,pw01dud102019106239/5D,マリブパイン,2025-07-13,牝6,3
2025-08-09,pw01dud102022102298/25,マリリンアスク,2025-08-09,牝3,3
2025-12-28,pw01dud102023105466/CA,マリリンバローズ,2025-12-28,牝2,1
2025-10-11,pw01dud102023102158/40,マリンディーゼル,2025-12-06,牡2,4
2025-07-12,pw01dud102021103129/5A,マリンバンカー,2025-12-21,牡4,13
2025-10-26,pw01dud102022104990/C2,マリーヌ,2025-10-26,牝3,5
2025-08-02,pw01dud102021104978/AE,マルカオペラ,2025-12-14,牝4,8
2025-08-17,pw01dud102020102965/DB,マルカシャルマン,2025-09-07,牝5,5
2025-07-12,pw01dud102020103123/1C,マルカブリッツ,2025-11-16,牡5,6
2025-04-12,pw01dud102022105524/49,マルカプラスター,2025-04-12,せん3,1
2025-04-27,pw01dud102022105362/41,マルカベント,2025-08-16,牡3,6
2025-05-18,pw01dud102020102776/FC,マルカラピッド,2025-08-03,牝5,4
2025-07-12,pw01dud102023107191/06,マルガ,2025-12-13,牝2,3
2025-07-26,pw01dud102020103495/05,マルクパージュ,2025-11-15,牝5,9
2025-02-23,pw01dud102021105225/9D,マルコタージュ,2025-06-22,牝4,3
2025-06-15,pw01dud102022105065/07,マルサーラ,2025-06-15,牡3,1
2025-08-31,pw01dud102022110073/54,マルシェ,2025-08-31,牡3,2
2025-12-28,pw01dud102023107245/B3,マルシュボヌール,2025-12-28,牝2,1
2025-10-25,pw01dud102022102262/43,マルセルテソーロ,2025-12-21,牡3,4
2025-07-19,pw01dud102023100626/41,マルターズドン,2025-12-20,牡2,4
2025-06-28,pw01dud102022101066/BE,マルターズヴェロス,2025-06-28,牡3,5
2025-05-24,pw01dud102022100449/CC,マルチタスク,2025-06-15,牡3,3
2025-11-01,pw01dud102021105430/D0,マルチャレアル,2025-11-30,牡4,2
2025-05-18,pw01dud102020103066/84,マルチャン,2025-12-28,牡5,7
2025-05-10,pw01dud102021105673/CB,マルチライセンス,2025-05-10,せん4,3
2025-08-03,pw01dud102022106886/11,マルテアヴニール,2025-08-03,牝3,3
2025-11-09,pw01dud102020103063/2B,マルディランダ,2025-11-09,牡5,5
2025-08-16,pw01dud102020104983/F3,マルプリ,2025-12-28,牝5,10
2025-12-07,pw01dud102023105155/B4,マルベック,2025-12-07,牝2,1
2025-07-20,pw01dud102020100684/17,マルベリーシチー,2025-11-22,牡5,7
2025-04-12,pw01dud102020105782/0D,マルメラーダ,2025-04-12,牝5,1
2025-03-16,pw01dud102021105245/BD,マルモア,2025-12-06,牝4,5
2025-01-18,pw01dud102022102654/DD,マルモジーニー,2025-04-27,牝3,2
2025-09-27,pw01dud102023104345/17,マルモズイルバア,2025-09-27,牝2,1
2025-09-06,pw01dud102023104839/C8,マルモリキャスター,2025-09-28,牝2,3
2025-01-11,pw01dud102020100994/BA,マルモリキング,2025-06-08,牡5,3
2025-02-01,pw01dud102022100452/B7,マルモリスパークル,2025-02-15,牡3,2
2025-10-26,pw01dud102019100252/BE,マルモリスペシャル,2025-11-23,牡6,4
2025-07-13,pw01dud102020100997/13,マルモリディライト,2025-08-24,牝5,6
2025-08-09,pw01dud102023104838/55,マルモリラピダス,2025-12-07,牡2,8
2025-01-11,pw01dud102020106311/55,マルモルミエール,2025-02-16,牡5,3
2025-06-07,pw01dud102022101034/A8,マルリンモンロー,2025-06-15,牝3,3
2025-08-30,pw01dud102023101894/1C,マルーンドライブ,2025-12-06,牡2,5
2025-01-11,pw01dud102022105850/40,マルーンベレー,2025-03-30,牡3,3
2025-07-12,pw01dud102022101005/EB,マロンカラノテガミ,2025-09-13,牝3,6
2025-05-25,pw01dud102020103799/64,マロンドレ,2025-05-25,牡5,2
2025-01-12,pw01dud102022103102/A1,マローソ,2025-08-23,牝3,8
2025-08-09,pw01dud102021103744/61,マンウォル,2025-11-24,牝4,8
2025-06-14,pw01dud102022101677/67,マンオブザマッチ,2025-12-20,牡3,9
2025-04-12,pw01dud102022106630/AD,マンオブノーブル,2025-12-27,牡3,5
2025-08-03,pw01dud102022103679/2B,マンゲタック,2025-08-31,牝3,6
2025-10-25,pw01dud102023106411/2A,マンサニージャ,2025-11-15,牝2,3
2025-07-05,pw01dud102020101655/49,マンダリンボレロ,2025-12-28,牡5,8
2025-02-02,pw01dud102022100769/7F,マンダレーヒル,2025-02-02,牡3,1
2025-01-19,pw01dud102020103629/C3,マンデヴィラ,2025-01-19,牝5,1
2025-02-16,pw01dud102019105451/58,マンドローネ,2025-02-16,牝6,1
2025-11-23,pw01dud102020105471/F7,マンノステータス,2025-12-13,牡5,2
2025-08-17,pw01dud102022102385/ED,マンノデュエット,2025-08-17,牝3,6
2025-04-26,pw01dud102022106518/F4,マンノミューズ,2025-08-31,牝3,5
2025-08-02,pw01dud102022105297/7F,マンボルンバ,2025-08-02,牡3,2
2025-05-04,pw01dud102020100761/CF,マンマリアーレ,2025-12-21,牝5,6
2025-11-09,pw01dud102023104352/CE,マヴィ,2025-11-09,牝2,2
2025-01-05,pw01dud102020103435/A5,マヴォロンテ,2025-01-05,牝5,1
2025-08-10,pw01dud102022102394/8A,マーウォルス,2025-12-20,牡3,8
2025-10-05,pw01dud102023100722/A6,マーガレットクレア,2025-12-27,牝2,3
2025-05-11,pw01dud102022105116/5B,マーキュリーダイム,2025-05-11,牝3,2
2025-07-27,pw01dud102022103608/48,マークオブゾロ,2025-07-27,牡3,4
2025-10-25,pw01dud102023105310/97,マーゴットオネイロ,2025-12-20,牡2,3
2025-01-12,pw01dud102022106908/A8,マーゴットオービス,2025-01-19,牡3,2
2025-11-15,pw01dud102022100492/F7,マーゴットカーラ,2025-11-15,牝3,5
2025-12-14,pw01dud102023101702/75,マーゴットガイア,2025-12-14,牝2,2
2025-08-03,pw01dud102023102909/EB,マーゴットクリュグ,2025-10-26,牝2,3
2025-07-27,pw01dud102022105495/FB,マーゴットゲイン,2025-11-29,牡3,7
2025-08-16,pw01dud102022104664/CB,マーゴットコマチ,2025-11-29,牝3,7
2025-08-24,pw01dud102023103696/7E,マーゴットサンズ,2025-12-14,牝2,4
2025-07-19,pw01dud102022104551/31,マーゴットジェム,2025-07-19,牝3,2
2025-04-26,pw01dud102021104831/18,マーゴットソラーレ,2025-11-15,牡4,7
2025-08-23,pw01dud102023103896/E0,マーゴットデイズ,2025-12-21,牡2,5
2025-11-24,pw01dud102023103289/03,マーゴットデウス,2025-11-24,牡2,1
2025-10-19,pw01dud102023105638/E2,マーゴットバディ,2025-10-19,牡2,1
2025-08-03,pw01dud102022101742/29,マーゴットビースト,2025-08-03,牡3,3
2025-04-27,pw01dud102021106722/28,マーゴットファブ,2025-08-09,牡4,4
2025-08-16,pw01dud102022103738/A9,マーゴットフェスタ,2025-08-31,牡3,4
2025-06-22,pw01dud102023105356/89,マーゴットブロー,2025-12-21,牡2,4
2025-08-17,pw01dud102023101632/74,マーゴットミスト,2025-12-06,牡2,5
2025-01-19,pw01dud102020100655/5A,マーゴットミニモ,2025-01-19,牝5,1
2025-06-07,pw01dud102021104180/9E,マーゴットメネス,2025-06-15,牡4,4
2025-10-04,pw01dud102023106889/F6,マーゴットライズ,2025-10-04,牡2,1
2025-10-11,pw01dud102023103889/29,マーゴットラヴミー,2025-12-14,牝2,3
2025-11-09,pw01dud102023105406/6A,マーゴットリック,2025-11-30,牡2,2
2025-11-24,pw01dud102022101400/70,マーゴットレジーナ,2025-12-14,牝3,8
2025-05-10,pw01dud102020105813/41,マーゴットレーヴ,2025-12-07,牝5,8
2025-07-13,pw01dud102022105134/95,マーシフルルーラー,2025-07-13,牡3,1
2025-06-22,pw01dud102023102819/CA,マーシャルアン,2025-09-21,牡2,3
2025-07-20,pw01dud102021105675/B1,マーシャルポイント,2025-08-03,せん4,4
2025-07-12,pw01dud102020104099/FC,マーシヴィガラス,2025-12-20,牡5,12
2025-10-25,pw01dud102021103901/2A,マーシーラン,2025-12-21,牝4,7
2025-08-17,pw01dud102022110045/0A,マージャング,2025-08-17,牡3,4
2025-08-17,pw01dud102022102399/C9,マーズオデッセイ,2025-11-02,牡3,7
2025-09-28,pw01dud102023107000/D2,マーズローバー,2025-12-06,牡2,2
2025-11-29,pw01dud102023102580/9C,マーチンゲール,2025-11-29,牡2,1
2025-02-23,pw01dud102022107343/72,マードラド,2025-06-07,牡3,3
2025-12-13,pw01dud102023105203/AF,マーブルパレス,2025-12-13,牝2,3
2025-12-13,pw01dud102022100426/53,マーブルヘイロー,2025-12-20,牡3,2
2025-05-03,pw01dud102021110084/4B,マーブルマウンテン,2025-11-29,牝4,5
2025-11-16,pw01dud102020100960/BE,マーブルロック,2025-12-21,牡5,7
2025-07-26,pw01dud102022103635/1F,マーブルヴァリー,2025-07-26,牝3,1
2025-08-03,pw01dud102021100387/69,マーベリックシチー,2025-11-22,牡4,10
2025-12-14,pw01dud102023103574/47,マーマレードスカイ,2025-12-14,牝2,1
2025-07-26,pw01dud102022110089/16,マーメイドスカート,2025-08-23,牝3,4
2025-04-19,pw01dud102022104422/43,マーレリアン,2025-05-18,牝3,2
2025-08-23,pw01dud102023101530/5D,ミアエッテ,2025-12-13,牡2,4
2025-05-11,pw01dud102019104126/E5,ミアステラ,2025-12-28,牡6,7
2025-10-19,pw01dud102021105801/D7,ミアネーロ,2025-10-19,牝4,4
2025-11-15,pw01dud102023101394/27,ミエスタ,2025-11-15,牝2,1
2025-04-12,pw01dud102021105800/64,ミエスペランサ,2025-12-07,牝4,5
2025-09-28,pw01dud102023102950/30,ミエノクラウン,2025-12-28,牡2,3
2025-07-26,pw01dud102022100051/80,ミエノシリウス,2025-09-06,牡3,6
2025-08-03,pw01dud102021105532/E7,ミエノジュピター,2025-08-03,牝4,3
2025-11-24,pw01dud102023105257/CB,ミエノストロング,2025-12-20,牡2,2
2025-07-26,pw01dud102022102064/C7,ミエノフェアリー,2025-11-16,牝3,7
2025-11-22,pw01dud102021104137/73,ミエノブラボー,2025-11-22,牝4,9
2025-05-24,pw01dud102022101736/E5,ミカエルイースター,2025-05-24,牝3,2
2025-08-10,pw01dud102021101751/3A,ミカエルパシャ,2025-11-22,牡4,2
2025-10-25,pw01dud102020103049/BD,ミカッテヨンデイイ,2025-11-16,牝5,4
2025-10-12,pw01dud102023103767/F2,ミカレオス,2025-12-20,牡2,2
2025-01-13,pw01dud102022102592/06,ミキノオーボエ,2025-02-22,牝3,2
2025-03-01,pw01dud102022102594/EC,ミキノバカラ,2025-06-28,牡3,3
2025-08-17,pw01dud102022110038/53,ミクストベリーズ,2025-11-23,牡3,10
2025-06-01,pw01dud102019101847/02,ミクソロジー,2025-12-06,牡6,3
2025-07-06,pw01dud102022106120/A8,ミクニインスパイア,2025-12-27,牡3,7
2025-06-14,pw01dud102022106820/FF,ミクニキャッチー,2025-06-14,牝3,3
2025-02-22,pw01dud102022105263/83,ミクニサンシャイン,2025-06-22,牡3,3
2025-11-23,pw01dud102023103375/58,ミクニフラッシュ,2025-12-06,牡2,2
2025-01-26,pw01dud102021105652/38,ミクロフィラム,2025-02-16,牝4,2
2025-01-18,pw01dud102021106758/0A,ミグラテール,2025-02-08,牡4,2
2025-05-11,pw01dud102022100279/9A,ミコノオンガエシ,2025-05-11,牝3,2
2025-11-15,pw01dud102023106612/FF,ミサダメキメル,2025-11-30,牡2,2
2025-08-23,pw01dud102021103689/AF,ミサトベレーザ,2025-08-23,牝4,2
2025-07-20,pw01dud102022103711/64,ミサトレオネッサ,2025-08-24,牝3,2
2025-07-13,pw01dud102022103710/F1,ミサトレッドダイヤ,2025-09-15,牝3,7
2025-07-27,pw01dud102022104317/41,ミサビスケッツ,2025-08-24,牝3,6
2025-07-13,pw01dud102022106225/18,ミシャベル,2025-07-13,牝3,4
2025-02-23,pw01dud102022101345/BE,ミシュリーヌ,2025-02-23,牝3,1
2025-05-18,pw01dud102022102665/60,ミジョカスマイル,2025-07-19,牝3,3
2025-07-19,pw01dud102023100044/55,ミスエベレスト,2025-11-15,牝2,4
2025-05-17,pw01dud102021106986/B6,ミスエル,2025-12-20,牡4,9
2025-04-20,pw01dud102021102992/3E,ミスカッレーラ,2025-04-20,牝4,1
2025-04-13,pw01dud102022100690/73,ミスクモカゼ,2025-07-12,牝3,2
2025-01-26,pw01dud102021105923/0E,ミスサラワク,2025-03-02,牝4,3
2025-01-26,pw01dud102022101486/A2,ミスサンシャイン,2025-08-31,牝3,5
2025-08-23,pw01dud102023104199/D1,ミスジェイド,2025-09-13,牝2,2
2025-06-15,pw01dud102023104494/25,ミスターエヌ,2025-09-06,牡2,2
2025-12-20,pw01dud102023106516/9A,ミスターエメラルド,2025-12-20,牡2,1
2025-12-20,pw01dud102023101813/29,ミスターキャンベラ,2025-12-20,牡2,1
2025-05-17,pw01dud102021105856/66,ミスタージーティー,2025-11-09,牡4,6
2025-08-24,pw01dud102021104617/48,ミスターディジェイ,2025-08-24,牡4,6
2025-10-26,pw01dud102023107532/DD,ミスタートントン,2025-11-24,牡2,2
2025-08-30,pw01dud102023102872/05,ミスターバッドガイ,2025-12-20,牡2,2
2025-01-26,pw01dud102019103225/B4,ミスターブリーズ,2025-01-26,牡6,1
2025-08-02,pw01dud102022107362/1F,ミスターボビー,2025-08-10,牡3,7
2025-06-29,pw01dud102023100831/74,ミスターマーボー,2025-11-24,牡2,6
2025-05-10,pw01dud102022106971/F3,ミスターヨッシャー,2025-05-17,牡3,3
2025-10-05,pw01dud102023101102/4F,ミスターライト,2025-12-20,牡2,2
2025-01-26,pw01dud102022104350/5C,ミスターロスカボス,2025-03-23,牡3,3
2025-10-18,pw01dud102023103231/1B,ミスチヴマリアンヌ,2025-12-28,牝2,2
2025-04-19,pw01dud102021105802/4A,ミスティア,2025-10-26,牝4,9
2025-08-16,pw01dud102022105074/A4,ミスティカルボンド,2025-08-16,牝3,1
2025-08-24,pw01dud102023110014/F3,ミスティックレナン,2025-08-24,牡2,1
2025-10-26,pw01dud102023106903/F5,ミスティパープル,2025-10-26,牝2,1
2025-08-23,pw01dud102022105135/08,ミスティブルー,2025-12-13,牡3,3
2025-08-16,pw01dud102022101684/1E,ミスティマウンテン,2025-12-21,牡3,9
2025-10-18,pw01dud102023105285/15,ミスティユニバンス,2025-11-16,牝2,2
2025-07-27,pw01dud102018104638/44,ミステリーウェイ,2025-12-28,せん7,7
2025-08-17,pw01dud102022104434/39,ミステンザン,2025-09-06,牝3,6
2025-08-03,pw01dud102023106371/59,ミスデルマー,2025-12-21,牝2,3
2025-08-16,pw01dud102022104707/F5,ミストラルフェザー,2025-08-16,牝3,5
2025-12-06,pw01dud102022103754/FD,ミストレス,2025-12-21,牝3,7
2025-07-12,pw01dud102023103361/7C,ミスバレンシア,2025-09-20,牝2,2
2025-08-09,pw01dud102022102714/CE,ミスパナギア,2025-08-09,牝3,4
2025-02-08,pw01dud102021100053/DA,ミスファントム,2025-02-08,牝4,1
2025-08-10,pw01dud102022102671/A4,ミスブランニュデイ,2025-08-10,牝3,5
2025-10-25,pw01dud102023100676/91,ミスヘンリー,2025-11-16,牝2,2
2025-07-06,pw01dud102022102232/13,ミスベレザ,2025-07-06,牝3,3
2025-07-12,pw01dud102023103857/13,ミスマラッカ,2025-08-30,牝2,3
2025-11-30,pw01dud102023102179/D3,ミスマリーゴールド,2025-11-30,牝2,1
2025-08-23,pw01dud102020103634/94,ミスヨコハマ,2025-10-05,牝5,6
2025-05-03,pw01dud102021104663/CC,ミスヨシゼン,2025-08-02,牝4,5
2025-08-10,pw01dud102022106986/42,ミズイロ,2025-08-10,牝3,3
2025-04-19,pw01dud102022103996/85,ミズイロホルトゥス,2025-09-13,牝3,7
2025-08-24,pw01dud102023106493/90,ミセスジョーンズ,2025-11-09,牝2,4
2025-08-16,pw01dud102022105000/68,ミセスリリー,2025-08-16,牝3,7
2025-02-22,pw01dud102020101892/92,ミタマ,2025-03-29,牝5,4
2025-05-03,pw01dud102022107161/4A,ミダスリスト,2025-07-20,牝3,2
2025-06-28,pw01dud102021105951/58,ミダース,2025-12-27,牡4,3
2025-05-25,pw01dud102022105079/E3,ミッキーアロット,2025-06-15,牡3,2
2025-08-31,pw01dud102022102428/17,ミッキーキャンディ,2025-08-31,牝3,3
2025-03-16,pw01dud102020103370/75,ミッキーキャンバス,2025-03-16,牡5,1
2025-01-12,pw01dud102021105112/03,ミッキークレスト,2025-11-22,牡4,3
2025-06-29,pw01dud102022102429/8A,ミッキーコンドル,2025-07-20,牡3,8
2025-11-29,pw01dud102020103640/D8,ミッキーゴージャス,2025-12-27,牝5,3
2025-01-05,pw01dud102022104765/6F,ミッキーゴールド,2025-12-14,牡3,6
2025-11-23,pw01dud102023107260/94,ミッキーサウザンド,2025-11-23,牡2,1
2025-05-04,pw01dud102022105080/E8,ミッキーサンズ,2025-08-02,牡3,3
2025-04-20,pw01dud102022103216/AE,ミッキーサークル,2025-09-13,牝3,6
2025-04-26,pw01dud102022105159/F4,ミッキーショット,2025-08-17,牡3,3
2025-08-16,pw01dud102022103221/7F,ミッキージェントル,2025-08-16,牡3,1
2025-08-23,pw01dud102023105274/92,ミッキージャンプ,2025-12-06,牡2,3
2025-07-13,pw01dud102022103245/6B,ミッキージュエリー,2025-11-08,牝3,5
2025-09-06,pw01dud102021105765/D2,ミッキースターダム,2025-11-15,せん4,9
2025-10-19,pw01dud102021105729/5E,ミッキーストライク,2025-12-20,牡4,12
2025-09-07,pw01dud102020101649/05,ミッキースピナッチ,2025-09-07,牡5,7
2025-05-04,pw01dud102021103259/BB,ミッキースピネル,2025-05-04,牝4,3
2025-10-11,pw01dud102023106279/C0,ミッキースワン,2025-12-21,牝2,2
2025-08-23,pw01dud102022104134/A6,ミッキーズベスト,2025-08-23,牡3,3
2025-08-23,pw01dud102022105520/7D,ミッキーソルジャー,2025-11-16,牡3,3
2025-04-05,pw01dud102022101502/87,ミッキータンバリン,2025-09-15,牝3,4
2025-11-01,pw01dud102023106947/01,ミッキーダムール,2025-11-24,牡2,2
2025-08-23,pw01dud102019105526/98,ミッキーチャレンジ,2025-10-25,牡6,5
2025-11-30,pw01dud102020103487/DB,ミッキーツインクル,2025-11-30,牝5,5
2025-01-25,pw01dud102022101500/A1,ミッキーティラミス,2025-06-21,牝3,4
2025-06-14,pw01dud102021104782/AA,ミッキードラマー,2025-06-14,牡4,2
2025-08-09,pw01dud102018105431/AC,ミッキーヌチバナ,2025-12-14,牡7,6
2025-01-18,pw01dud102019105452/CB,ミッキーハーモニー,2025-04-13,牝6,2
2025-10-13,pw01dud102023107261/07,ミッキーパラソル,2025-10-13,牝2,1
2025-02-23,pw01dud102021105615/51,ミッキーファイト,2025-04-19,牡4,2
2025-12-28,pw01dud102023107259/8F,ミッキーファルコン,2025-12-28,牡2,1
2025-07-05,pw01dud102022105737/14,ミッキーマカパ,2025-10-18,牡3,6
2025-06-29,pw01dud102020103403/8F,ミッキーマカロン,2025-06-29,牝5,3
2025-02-02,pw01dud102022105078/70,ミッキーマドンナ,2025-09-14,牝3,4
2025-10-04,pw01dud102023105002/DA,ミッキーマーメイド,2025-10-04,牝2,2
2025-07-20,pw01dud102022105111/1C,ミッキーラサルダン,2025-09-14,牝3,4
2025-08-09,pw01dud102023105346/79,ミッキーラヴィータ,2025-12-06,牝2,3
2025-04-27,pw01dud102022106767/33,ミッシオーネ,2025-08-17,牝3,5
2025-08-10,pw01dud102022105117/CE,ミッシュマッシュ,2025-08-10,牝3,1
2025-08-23,pw01dud102021101464/10,ミッションルース,2025-11-09,牡4,5
2025-03-15,pw01dud102022103269/57,ミッシングユー,2025-03-15,牝3,2
2025-04-27,pw01dud102022103308/B5,ミッドセンチュリー,2025-12-27,牡3,11
2025-04-20,pw01dud102022105529/88,ミッドタウンナイト,2025-05-04,牝3,4
2025-01-12,pw01dud102022105724/AB,ミッドナイトゲイル,2025-05-24,牝3,4
2025-03-15,pw01dud102021105889/EF,ミッドナイトホーク,2025-09-07,せん4,8
2025-01-13,pw01dud102021110041/B2,ミッドナイトラスタ,2025-08-17,牝4,4
2025-04-13,pw01dud102022106867/64,ミツカネスコーピオ,2025-05-25,牡3,3
2025-08-30,pw01dud102023104523/73,ミツカネベネラ,2025-12-14,牝2,3
2025-11-09,pw01dud102023104900/BE,ミツカネマルテ,2025-11-09,牝2,2
2025-12-06,pw01dud102023101346/BD,ミツカネメルクリオ,2025-12-28,牡2,2
2025-11-24,pw01dud102022109033/AD,ミツカネリブラ,2025-11-24,牡3,6
2025-04-20,pw01dud102019100844/BA,ミツカネヴィーナス,2025-12-13,牝6,6
2025-08-16,pw01dud102023107262/7A,ミティリーニ,2025-11-16,牝2,3
2025-09-28,pw01dud102023103206/2A,ミディエイター,2025-12-28,牡2,2
2025-02-09,pw01dud102022104053/22,ミトノオルフェ,2025-12-21,牡3,5
2025-02-23,pw01dud102020100273/D0,ミトノオー,2025-02-23,牡5,1
2025-04-19,pw01dud102022107279/23,ミトノキャット,2025-11-08,牝3,11
2025-10-05,pw01dud102023105050/44,ミトノテイオー,2025-11-15,牡2,2
2025-12-27,pw01dud102023101519/48,ミトノボタン,2025-12-27,牝2,1
2025-12-21,pw01dud102023105185/E4,ミトノリン,2025-12-28,牝2,6
2025-05-03,pw01dud102016104665/03,ミトロジー,2025-11-15,せん9,3
2025-10-26,pw01dud102023105449/03,ミナヅキ,2025-12-06,牡2,3
2025-08-10,pw01dud102021104854/91,ミナデオロ,2025-09-06,牡4,3
2025-02-10,pw01dud102022106876/01,ミナミジュウジセイ,2025-02-16,牡3,2
2025-05-11,pw01dud102022105230/FA,ミニトランザット,2025-10-19,牡3,6
2025-04-13,pw01dud102021101398/DB,ミニマルデザイン,2025-10-25,牝4,5
2025-12-14,pw01dud102023104866/9F,ミニュイ,2025-12-14,牡2,1
2025-08-02,pw01dud102022103151/7E,ミニョンマルーン,2025-12-27,牝3,12
2025-01-25,pw01dud102022102128/84,ミノリッチマイヤー,2025-04-05,牝3,3
2025-01-12,pw01dud102019105455/24,ミファヴォリート,2025-03-09,牝6,2
2025-02-15,pw01dud102022102142/F2,ミヤイグアス,2025-06-14,牝3,2
2025-07-26,pw01dud102023102592/92,ミヤエスケープ,2025-10-18,牝2,3
2025-12-07,pw01dud102023105567/6E,ミヤカグラ,2025-12-07,牝2,1
2025-07-19,pw01dud102022100763/CD,ミヤグリフォン,2025-07-19,牝3,4
2025-12-07,pw01dud102023106011/66,ミヤジオズ,2025-12-28,牡2,2
2025-04-12,pw01dud102020101766/FD,ミヤジシャルマン,2025-04-12,牡5,3
2025-02-15,pw01dud102021102531/A7,ミヤジテン,2025-12-14,牝4,6
2025-05-04,pw01dud102022106200/B9,ミヤジマナ,2025-05-04,牝3,3
2025-05-11,pw01dud102020100996/A0,ミヤジレガリア,2025-06-15,牝5,6
2025-08-30,pw01dud102022103896/54,ミヤビアミーラ,2025-08-30,牝3,2
2025-06-28,pw01dud102019106118/99,ミヤビクライ,2025-11-29,牡6,4
2025-01-18,pw01dud102022102686/F3,ミヤビノオウザ,2025-03-15,牡3,2
2025-08-17,pw01dud102022104044/85,ミヤビバエル,2025-08-17,牡3,3
2025-07-26,pw01dud102020104259/1E,ミヤビブレイブ,2025-08-24,牝5,6
2025-08-17,pw01dud102022102336/10,ミヤファイター,2025-08-17,牝3,4
2025-11-30,pw01dud102023102606/FF,ミヤフロント,2025-12-13,牝2,2
2025-06-14,pw01dud102022103758/C9,ミヤマイルス,2025-06-22,牝3,5
2025-08-23,pw01dud102023101657/D3,ミヤムーブメント,2025-12-14,牝2,3
2025-08-17,pw01dud102023103862/E4,ミヤラティーニ,2025-12-20,牝2,3
2025-08-10,pw01dud102022105113/02,ミュトスオード,2025-09-15,牝3,4
2025-07-12,pw01dud102022104452/73,ミュークチェルシー,2025-11-23,牝3,7
2025-07-06,pw01dud102023104666/3D,ミュークトーマス,2025-12-06,牡2,2
2025-04-19,pw01dud102019104143/AC,ミュージアムピース,2025-04-19,せん6,1
2025-06-01,pw01dud102022105081/5B,ミュージアムマイル,2025-12-28,牡3,6
2025-04-19,pw01dud102022103207/11,ミュージシャン,2025-12-27,牡3,7
2025-08-17,pw01dud102022100397/05,ミュージックマン,2025-08-17,牡3,8
2025-10-25,pw01dud102023104810/9D,ミュージックレイン,2025-12-13,牝2,4
2025-04-13,pw01dud102019105058/B9,ミユキアイラブユー,2025-11-15,せん6,6
2025-07-27,pw01dud102022106201/2C,ミユンガー,2025-08-31,牡3,8
2025-11-02,pw01dud102023106597/8D,ミョンソクコムドリ,2025-11-02,牡2,1
2025-08-09,pw01dud102022102133/55,ミライエイゴウ,2025-11-09,牡3,6
2025-10-26,pw01dud102023105103/7E,ミライチケット,2025-12-21,牝2,4
2025-06-22,pw01dud102021101121/E4,ミライテーラー,2025-06-22,牝4,4
2025-06-15,pw01dud102021104671/F6,ミライハーモニー,2025-12-13,牝4,6
2025-11-09,pw01dud102022102062/E1,ミライヘノカギ,2025-12-21,牡3,10
2025-06-28,pw01dud102022107285/67,ミライヘノハナ,2025-06-28,牝3,5
2025-08-30,pw01dud102023100007/6E,ミライヘノヒーロー,2025-08-30,牡2,1
2025-05-24,pw01dud102022101983/3E,ミライヘノブーケ,2025-08-03,牝3,2
2025-12-21,pw01dud102023107074/0E,ミラキュラスアース,2025-12-21,牝2,1
2025-04-26,pw01dud102021104923/1F,ミラキュラスドラマ,2025-09-28,牡4,7
2025-05-31,pw01dud102019104602/EE,ミラキュラスライト,2025-11-16,せん6,2
2025-10-04,pw01dud102023102162/9E,ミラクルカイザー,2025-12-06,牡2,4
2025-04-12,pw01dud102020103676/BA,ミラクルキャッツ,2025-12-21,牝5,6
2025-01-18,pw01dud102021103301/04,ミラクルジニア,2025-08-24,牡4,6
2025-08-09,pw01dud102023101185/28,ミラクルスパート,2025-12-06,牝2,3
2025-11-01,pw01dud102022104965/D1,ミラクルダンサー,2025-11-01,牝3,3
2025-01-05,pw01dud102022103587/24,ミラクルブルー,2025-04-19,牡3,5
2025-05-03,pw01dud102022102914/30,ミラクルボーン,2025-05-03,牡3,4
2025-04-26,pw01dud102022102695/90,ミラクルミッキー,2025-04-26,牡3,5
2025-08-24,pw01dud102022103273/B5,ミラコレジェンヌ,2025-08-24,牝3,4
2025-11-15,pw01dud102018103738/86,ミラバーグマン,2025-11-15,牝7,5
2025-10-04,pw01dud102023102422/F1,ミラビリオン,2025-12-20,牡2,3
2025-05-10,pw01dud102021105105/4C,ミラビリスマジック,2025-05-10,牝4,1
2025-07-19,pw01dud102021101002/06,ミランカ,2025-11-23,牝4,12
2025-12-27,pw01dud102023102836/91,ミランド,2025-12-27,牡2,1
2025-11-15,pw01dud102023107521/5A,ミラヴェリタ,2025-12-21,牝2,2
2025-08-10,pw01dud102022105109/A4,ミラージュナイト,2025-10-26,牡3,6
2025-11-08,pw01dud102023107015/21,ミラージュノワール,2025-11-08,牝2,1
2025-06-29,pw01dud102022106803/38,ミラーダカリエンテ,2025-11-30,牝3,6
2025-06-14,pw01dud102022105170/09,ミリアッドラヴ,2025-06-14,牝3,1
2025-07-05,pw01dud102022110004/57,ミリアドタレント,2025-07-05,牝3,3
2025-11-22,pw01dud102023102009/32,ミリアリア,2025-11-22,牝2,1
2025-08-16,pw01dud102023100840/11,ミリオンクラウン,2025-09-06,牡2,2
2025-07-12,pw01dud102022103562/C5,ミリオンヒット,2025-07-20,牝3,5
2025-12-13,pw01dud102022105067/ED,ミリオンローズ,2025-12-13,牝3,1
2025-08-03,pw01dud102022104008/11,ミルキーハニー,2025-08-03,牝3,7
2025-08-10,pw01dud102022104181/9D,ミルキープリンセス,2025-11-09,牝3,4
2025-05-04,pw01dud102021105771/16,ミルテンベルク,2025-11-23,牡4,5
2025-01-18,pw01dud102020100815/7C,ミルトクレイモー,2025-12-20,牡5,6
2025-06-22,pw01dud102023102540/5C,ミルトハッピー,2025-11-16,牡2,5
2025-05-04,pw01dud102020105157/F6,ミルトハンター,2025-05-04,牡5,3
2025-12-07,pw01dud102023102545/9B,ミルトハーバー,2025-12-07,牡2,1
2025-01-19,pw01dud102021103691/27,ミルトパワー,2025-01-19,牡4,1
2025-11-08,pw01dud102023102542/42,ミルトベスト,2025-11-08,牡2,2
2025-02-01,pw01dud102022100708/AC,ミルトマジック,2025-02-01,牡3,1
2025-11-08,pw01dud102023102544/28,ミルトメテオ,2025-11-08,牡2,2
2025-10-13,pw01dud102023100397/91,ミルトメロディー,2025-11-16,牝2,2
2025-05-17,pw01dud102022103714/BD,ミルトライディーン,2025-12-14,牡3,8
2025-08-02,pw01dud102021100614/33,ミルフルール,2025-10-19,牝4,5
2025-05-10,pw01dud102021106332/74,ミルミナーヴァ,2025-12-20,牝4,7
2025-08-02,pw01dud102021103480/42,ミレニアムヒロイン,2025-10-12,牝4,7
2025-12-28,pw01dud102023105679/95,ミレニアルピンク,2025-12-28,牝2,1
2025-03-01,pw01dud102019105847/BE,ミレヴィーナス,2025-03-01,牝6,2
2025-07-19,pw01dud102019100566/2D,ミロワール,2025-11-24,牝6,10
2025-05-24,pw01dud102022105404/F8,ミンストレルソング,2025-05-24,牝3,4
2025-02-22,pw01dud102022104518/16,ミンスパイ,2025-02-22,牝3,1
2025-04-13,pw01dud102020103731/6C,ミントマーク,2025-10-11,牡5,7
2025-08-03,pw01dud102022104147/0F,ミンナデガンバル,2025-08-30,牡3,5
2025-12-21,pw01dud102023104376/BA,ミーサーク,2025-12-21,牡2,1
2025-08-09,pw01dud102022103895/E1,ミートザターゲット,2025-08-09,牝3,5
2025-11-24,pw01dud102022105317/30,ミーントゥビー,2025-11-24,牝3,8
2025-04-12,pw01dud102022102408/F7,ムイ,2025-12-07,牝3,7
2025-06-14,pw01dud102019103742/70,ムガ,2025-12-13,牝6,7
2025-01-13,pw01dud102022103056/8C,ムギトルナ,2025-09-14,牡3,6
2025-05-03,pw01dud102020104623/00,ムコウジマランプ,2025-05-03,牡5,1
2025-05-24,pw01dud102022104497/F2,ムコリッタ,2025-06-01,牝3,3
2025-07-26,pw01dud102020103414/12,ムジェロ,2025-12-20,牡5,6
2025-12-13,pw01dud102023104402/AF,ムスクレスト,2025-12-13,牡2,3
2025-12-14,pw01dud102023107472/EC,ムソウテンセイ,2025-12-14,牡2,2
2025-10-18,pw01dud102022109125/B4,ムゾラシカ,2025-10-25,牝3,4
2025-03-01,pw01dud102022102568/88,ムタビリス,2025-03-01,牝3,1
2025-02-16,pw01dud102022101073/75,ムチャスエルテ,2025-03-08,牡3,2
2025-08-10,pw01dud102021104217/84,ムチャスグラシアス,2025-12-27,牝4,10
2025-10-19,pw01dud102023107535/36,ムテキシャチョウ,2025-11-09,牡2,3
2025-03-09,pw01dud102021103020/1E,ムルソー,2025-11-22,牡4,3
2025-08-31,pw01dud102023106191/17,ムルーデ,2025-12-06,牝2,5
2025-08-10,pw01dud102022106348/C2,ムンディ,2025-09-06,牝3,4
2025-07-12,pw01dud102023104551/BD,ムービングアップ,2025-08-09,牡2,2
2025-01-05,pw01dud102021103061/D1,ムーム,2025-12-28,牝4,8
2025-11-15,pw01dud102023100741/53,ムーランオランジュ,2025-11-15,牡2,2
2025-04-19,pw01dud102020101341/DA,ムーランブルー,2025-12-14,牝5,9
2025-04-20,pw01dud102022103239/27,ムーンアイドル,2025-05-18,牝3,2
2025-07-19,pw01dud102023102843/48,ムーングレイル,2025-11-30,牡2,5
2025-11-24,pw01dud102023100258/93,ムーンシェイド,2025-12-14,牝2,2
2025-05-04,pw01dud102020102273/AE,ムーンスカイ,2025-11-23,牡5,7
2025-06-29,pw01dud102022104187/4F,ムーンストラック,2025-12-27,牝3,13
2025-06-21,pw01dud102022102164/F8,ムーンナイト,2025-06-21,牡3,4
2025-04-27,pw01dud102022106775/5D,ムーンナイトローズ,2025-08-31,牝3,4
2025-07-19,pw01dud102022106571/2F,ムーンビーナス,2025-07-19,牝3,3
2025-10-25,pw01dud102023104849/D8,ムーンブランシュ,2025-10-25,牝2,1
2025-07-12,pw01dud102020102564/A4,ムーンプローブ,2025-11-02,牝5,6
2025-03-15,pw01dud102022104710/E0,ムーンライトラガー,2025-11-15,牝3,5
2025-06-14,pw01dud102023107269/9F,ムーンリットアイル,2025-11-22,牝2,4
2025-05-10,pw01dud102019106925/D8,ムーンリットナイト,2025-09-27,牡6,6
2025-10-26,pw01dud102023107049/1D,ムーンリットビーチ,2025-10-26,牝2,1
2025-09-14,pw01dud102023101177/FE,ムーンリットレイン,2025-09-14,牡2,2
2025-08-23,pw01dud102022103788/F9,ムーンレイデオ,2025-08-23,牝3,4
2025-04-26,pw01dud102019101759/C7,ムーヴ,2025-12-07,牡6,6
2025-06-15,pw01dud102022103931/E6,メアリーバローズ,2025-07-19,牝3,5
2025-04-19,pw01dud102021104820/95,メアヴィア,2025-11-09,牝4,8
2025-08-10,pw01dud102020102672/FF,メイクアスナッチ,2025-11-09,牝5,5
2025-01-12,pw01dud102019103908/44,メイクアリープ,2025-07-13,牡6,4
2025-07-06,pw01dud102023110011/9A,メイクイット,2025-12-06,牝2,2
2025-01-05,pw01dud102020102818/B3,メイクザビート,2025-01-05,牡5,1
2025-08-17,pw01dud102023103160/A7,メイクワンズデイ,2025-12-27,牡2,4
2025-12-06,pw01dud102023101445/7B,メイケイシャイン,2025-12-06,牡2,3
2025-08-03,pw01dud102019104818/12,メイケイバートン,2025-10-25,牡6,8
2025-08-30,pw01dud102022101043/45,メイケイレイン,2025-12-14,牡3,5
2025-07-27,pw01dud102022105878/F8,メイケイロゼッタ,2025-12-28,牡3,11
2025-01-13,pw01dud102022103134/B7,メイショウアイク,2025-09-14,牡3,7
2025-06-28,pw01dud102022110133/45,メイショウアイナ,2025-08-23,牡3,5
2025-11-24,pw01dud102022102573/59,メイショウアイル,2025-12-07,牡3,10
2025-04-19,pw01dud102022100176/10,メイショウアオコチ,2025-04-19,牡3,1
2025-09-07,pw01dud102022103266/FE,メイショウアキカゼ,2025-09-07,牝3,6
2025-08-16,pw01dud102022103263/A5,メイショウアゴナス,2025-12-20,牡3,12
2025-01-06,pw01dud102018105731/3F,メイショウアツイタ,2025-12-27,牡7,6
2025-08-02,pw01dud102022103249/37,メイショウアボット,2025-12-06,牡3,3
2025-04-13,pw01dud102018106391/CA,メイショウイジゲン,2025-04-13,牡7,2
2025-04-13,pw01dud102022100208/B7,メイショウイチモン,2025-08-02,牡3,2
2025-12-28,pw01dud102023102242/AF,メイショウイッカク,2025-12-28,牡2,1
2025-08-16,pw01dud102019104100/13,メイショウイヌワシ,2025-11-16,牡6,4
2025-11-09,pw01dud102023106571/BB,メイショウイブキ,2025-12-27,牝2,4
2025-08-24,pw01dud102022102844/2F,メイショウイントロ,2025-08-24,牝3,4
2025-11-22,pw01dud102019104112/09,メイショウウネビ,2025-11-22,牡6,12
2025-10-18,pw01dud102022102768/EA,メイショウウメゴチ,2025-10-18,牝3,3
2025-03-09,pw01dud102018102491/3F,メイショウエニシア,2025-03-09,牝7,2
2025-04-27,pw01dud102021102572/5A,メイショウオオコ,2025-12-13,牡4,7
2025-05-18,pw01dud102020106798/BE,メイショウオオミネ,2025-10-12,牡5,7
2025-03-08,pw01dud102018105846/BF,メイショウオキビ,2025-03-30,牡7,2
2025-11-16,pw01dud102019104261/17,メイショウオグマ,2025-12-20,せん6,6
2025-12-06,pw01dud102023101063/F1,メイショウオタモイ,2025-12-20,牝2,2
2025-02-16,pw01dud102020102331/B9,メイショウオトギ,2025-02-16,牝5,1
2025-01-25,pw01dud102022103257/61,メイショウオハコ,2025-06-14,牝3,4
2025-06-07,pw01dud102017105807/66,メイショウオーギシ,2025-06-07,牡8,1
2025-05-03,pw01dud102020101209/01,メイショウオーロラ,2025-11-08,牝5,5
2025-01-06,pw01dud102018103368/F2,メイショウカイト,2025-12-21,牝7,11
2025-11-02,pw01dud102023102173/21,メイショウカクウチ,2025-11-02,牡2,1
2025-01-05,pw01dud102019104044/EE,メイショウカゲカツ,2025-09-28,牡6,5
2025-02-09,pw01dud102021103154/4B,メイショウカシワデ,2025-12-28,牡4,10
2025-05-18,pw01dud102022102554/AC,メイショウカジボウ,2025-09-14,牡3,4
2025-05-04,pw01dud102022102839/5E,メイショウカスガイ,2025-07-27,牡3,4
2025-11-22,pw01dud102017106642/F4,メイショウカズサ,2025-12-28,牡8,8
2025-04-13,pw01dud102020106534/30,メイショウカゼマチ,2025-12-21,牡5,7
2025-05-17,pw01dud102022107191/7A,メイショウキタダケ,2025-06-22,牡3,10
2025-08-03,pw01dud102021103155/BE,メイショウキルギス,2025-11-15,牡4,4
2025-08-09,pw01dud102022100068/B5,メイショウキンタイ,2025-12-21,牡3,11
2025-07-26,pw01dud102022102578/98,メイショウクメハチ,2025-08-24,牡3,6
2025-11-09,pw01dud102020106922/FE,メイショウクモイ,2025-11-09,牡5,5
2025-01-05,pw01dud102019104260/A4,メイショウクリフト,2025-09-07,牡6,4
2025-01-06,pw01dud102022105622/94,メイショウクレピス,2025-08-24,牝3,6
2025-05-03,pw01dud102020106205/E0,メイショウクーガー,2025-12-21,牡5,6
2025-12-21,pw01dud102023105091/F7,メイショウケンゴウ,2025-12-21,牡2,2
2025-08-10,pw01dud102022102563/49,メイショウゲキハ,2025-08-31,牡3,9
2025-01-06,pw01dud102019104092/58,メイショウゲキリン,2025-12-14,牡6,4
2025-05-11,pw01dud102022102551/53,メイショウゲッカ,2025-07-12,牡3,2
2025-06-28,pw01dud102022105940/61,メイショウコウベ,2025-12-21,牡3,7
2025-11-16,pw01dud102020100979/D9,メイショウコガシラ,2025-12-13,牡5,8
2025-03-22,pw01dud102020106737/EB,メイショウコギク,2025-09-21,牝5,6
2025-07-26,pw01dud102023105032/0A,メイショウコシュウ,2025-10-04,牡2,2
2025-01-11,pw01dud102021103064/2A,メイショウコナン,2025-07-12,牡4,3
2025-11-16,pw01dud102020106908/90,メイショウコバト,2025-12-28,牝5,6
2025-07-05,pw01dud102017106373/04,メイショウコホク,2025-07-05,せん8,5
2025-05-04,pw01dud102020106209/AC,メイショウコボケ,2025-07-12,牝5,5
2025-12-20,pw01dud102023102243/22,メイショウコマチ,2025-12-20,牝2,1
2025-10-13,pw01dud102023106563/91,メイショウゴウケツ,2025-12-21,牡2,3
2025-11-08,pw01dud102023102061/FA,メイショウゴッホ,2025-11-23,牡2,2
2025-11-15,pw01dud102022103188/D3,メイショウゴールド,2025-12-20,牡3,8
2025-05-17,pw01dud102021103210/70,メイショウサチダケ,2025-12-20,牡4,6
2025-12-21,pw01dud102023101953/9A,メイショウサッソウ,2025-12-21,牡2,1
2025-01-05,pw01dud102022103634/AC,メイショウサトノヒ,2025-12-14,牡3,10
2025-04-19,pw01dud102022101472/C6,メイショウサノサ,2025-08-16,牝3,6
2025-01-06,pw01dud102017106366/4D,メイショウサンガ,2025-01-06,牡8,1
2025-03-23,pw01dud102021105939/D0,メイショウザンゲツ,2025-12-27,牝4,4
2025-07-13,pw01dud102020106635/D4,メイショウシナノ,2025-08-09,牡5,3
2025-12-20,pw01dud102023100983/DB,メイショウシュハリ,2025-12-20,牝2,1
2025-11-02,pw01dud102023101207/BF,メイショウショカツ,2025-11-16,牡2,2
2025-08-10,pw01dud102018106220/B6,メイショウシロガネ,2025-10-25,牡7,6
2025-10-25,pw01dud102023104988/D6,メイショウシンガン,2025-10-25,牡2,3
2025-05-11,pw01dud102018106318/6F,メイショウシンタケ,2025-12-13,牡7,8
2025-04-19,pw01dud102020106491/06,メイショウジェンマ,2025-12-28,牡5,7
2025-04-05,pw01dud102019103917/E1,メイショウジブリ,2025-04-05,牡6,1
2025-11-23,pw01dud102023103152/7D,メイショウジンライ,2025-11-23,牡2,1
2025-01-26,pw01dud102022103139/F6,メイショウスエヒロ,2025-07-12,牡3,3
2025-01-13,pw01dud102022102548/68,メイショウスゴウデ,2025-07-13,牡3,3
2025-03-29,pw01dud102022100154/0A,メイショウズイウン,2025-12-20,牡3,9
2025-07-27,pw01dud102022103194/17,メイショウセイロウ,2025-11-23,牡3,8
2025-01-05,pw01dud102022102552/C6,メイショウセオト,2025-09-15,牝3,6
2025-05-18,pw01dud102022103189/46,メイショウセツゲツ,2025-07-27,牝3,6
2025-10-26,pw01dud102023101756/91,メイショウセンドウ,2025-12-06,牡2,3
2025-01-11,pw01dud102022103255/7B,メイショウソウセキ,2025-08-24,牡3,7
2025-01-06,pw01dud102021103263/19,メイショウソウタ,2025-12-27,牡4,9
2025-10-13,pw01dud102023103180/C7,メイショウソウテン,2025-11-01,牡2,2
2025-02-02,pw01dud102021101791/7A,メイショウソニック,2025-02-16,牡4,2
2025-07-19,pw01dud102021102980/48,メイショウソムリエ,2025-12-21,牡4,7
2025-01-12,pw01dud102019103714/26,メイショウソラフネ,2025-11-30,牡6,6
2025-10-04,pw01dud102023103986/01,メイショウソラリス,2025-11-29,牡2,3
2025-08-16,pw01dud102019104169/7E,メイショウタイゲイ,2025-12-21,牡6,7
2025-11-22,pw01dud102023106570/48,メイショウタイザン,2025-12-07,牡2,3
2025-08-10,pw01dud102022102828/DB,メイショウタイピン,2025-12-21,牡3,10
2025-05-04,pw01dud102020104000/61,メイショウタクボク,2025-12-27,牡5,5
2025-08-16,pw01dud102022103057/FF,メイショウタザワコ,2025-09-20,牝3,5
2025-11-02,pw01dud102021103272/B6,メイショウタバル,2025-12-28,牡4,4
2025-01-19,pw01dud102022103260/4C,メイショウタビズキ,2025-08-17,牡3,5
2025-03-23,pw01dud102022102963/0D,メイショウタマユラ,2025-12-20,牝3,6
2025-08-02,pw01dud102021103268/58,メイショウタムシバ,2025-11-09,牝4,8
2025-02-09,pw01dud102017104172/51,メイショウチタン,2025-11-16,牡8,6
2025-01-18,pw01dud102022101869/9F,メイショウツクモ,2025-05-04,牝3,4
2025-02-01,pw01dud102018106389/52,メイショウツツジ,2025-02-01,牝7,1
2025-09-06,pw01dud102022103262/32,メイショウツヨキ,2025-12-06,牡3,8
2025-11-02,pw01dud102023102239/C4,メイショウテスコ,2025-11-02,牡2,2
2025-10-11,pw01dud102023102241/3C,メイショウテリオス,2025-11-01,牡2,2
2025-11-29,pw01dud102023105021/87,メイショウテンク,2025-12-20,牡2,2
2025-09-20,pw01dud102023106567/5D,メイショウテンジン,2025-12-07,牡2,2
2025-02-02,pw01dud102017106084/F4,メイショウテンスイ,2025-02-02,牡8,2
2025-05-11,pw01dud102022105939/5C,メイショウテンテン,2025-07-26,牡3,4
2025-10-19,pw01dud102023106569/43,メイショウトウコウ,2025-11-08,牡2,2
2025-05-17,pw01dud102022103258/D4,メイショウトキイロ,2025-08-10,牝3,4
2025-04-26,pw01dud102022100206/D1,メイショウトサンコ,2025-07-26,牡3,4
2025-10-13,pw01dud102023106559/33,メイショウトッド,2025-10-13,牡2,1
2025-09-15,pw01dud102021110065/9E,メイショウトム,2025-10-13,牡4,6
2025-02-23,pw01dud102015103357/CB,メイショウドウドウ,2025-02-23,牡10,1
2025-04-27,pw01dud102022102574/CC,メイショウドライブ,2025-12-20,牝3,9
2025-04-26,pw01dud102022103256/EE,メイショウナナカゼ,2025-08-16,牝3,4
2025-01-19,pw01dud102020106913/61,メイショウナナクサ,2025-02-16,牝5,2
2025-08-03,pw01dud102022103348/F5,メイショウナナコ,2025-08-03,牝3,7
2025-08-31,pw01dud102023103284/C4,メイショウナナシロ,2025-12-14,牡2,4
2025-09-27,pw01dud102023101939/2C,メイショウナナユキ,2025-12-20,牝2,2
2025-08-03,pw01dud102023106560/38,メイショウナルカミ,2025-09-06,牡2,4
2025-07-27,pw01dud102022100163/A7,メイショウニトベ,2025-09-13,牡3,7
2025-05-04,pw01dud102020106925/57,メイショウノブカ,2025-05-04,牝5,5
2025-12-07,pw01dud102023104936/A0,メイショウノヴァス,2025-12-28,牡2,2
2025-01-12,pw01dud102022104439/78,メイショウハダル,2025-09-06,牝3,8
2025-09-13,pw01dud102023102039/62,メイショウハチコウ,2025-12-27,牡2,2
2025-12-21,pw01dud102023106565/77,メイショウハチマキ,2025-12-21,牡2,3
2025-11-16,pw01dud102022103264/18,メイショウハチロー,2025-11-16,牡3,6
2025-08-16,pw01dud102023105035/63,メイショウハッケイ,2025-11-30,牝2,5
2025-08-09,pw01dud102021102550/54,メイショウハッブル,2025-11-08,牡4,10
2025-08-10,pw01dud102022102841/D6,メイショウハボマイ,2025-11-24,牡3,9
2025-07-27,pw01dud102022103228/A4,メイショウハマギク,2025-12-13,牝3,9
2025-08-03,pw01dud102022102545/0F,メイショウハヤセ,2025-09-06,牝3,6
2025-02-23,pw01dud102017106404/38,メイショウハリオ,2025-12-07,牡8,3
2025-12-14,pw01dud102022103250/3C,メイショウハリソン,2025-12-14,牡3,8
2025-01-06,pw01dud102021102840/D7,メイショウハンゾウ,2025-01-06,牡4,1
2025-06-07,pw01dud102022100885/04,メイショウハント,2025-07-19,牡3,2
2025-04-13,pw01dud102022103193/A4,メイショウバスク,2025-11-22,牝3,7
2025-12-06,pw01dud102023101951/B4,メイショウバルク,2025-12-21,牡2,2
2025-10-04,pw01dud102023105052/2A,メイショウバンサン,2025-10-04,牡2,2
2025-05-18,pw01dud102022103347/82,メイショウバンデ,2025-05-18,牡3,3
2025-10-13,pw01dud102023102245/08,メイショウヒタカミ,2025-11-22,牡2,3
2025-04-26,pw01dud102020106843/60,メイショウヒュウガ,2025-04-26,牡5,3
2025-02-22,pw01dud102018106560/89,メイショウヒューマ,2025-03-23,牡7,2
2025-08-17,pw01dud102022103259/47,メイショウヒンカク,2025-08-17,せん3,5
2025-08-24,pw01dud102022103251/AF,メイショウビストロ,2025-12-20,牡3,6
2025-10-25,pw01dud102023104818/35,メイショウピュルテ,2025-11-22,牝2,2
2025-08-03,pw01dud102022102550/E0,メイショウピリカ,2025-12-27,牝3,9
2025-11-08,pw01dud102020106901/6B,メイショウピース,2025-11-08,牝5,4
2025-11-30,pw01dud102021104445/30,メイショウフウドウ,2025-11-30,牡4,3
2025-05-03,pw01dud102020106919/13,メイショウフジ,2025-12-21,牡5,5
2025-09-28,pw01dud102018105860/2D,メイショウフジタカ,2025-12-13,牡7,4
2025-01-18,pw01dud102022100438/49,メイショウフソウ,2025-08-24,牡3,5
2025-04-27,pw01dud102018106552/5F,メイショウフンケイ,2025-07-19,牡7,4
2025-12-14,pw01dud102018106571/0C,メイショウフンジン,2025-12-14,牡7,2
2025-02-22,pw01dud102019104091/E5,メイショウブレゲ,2025-12-06,牡6,6
2025-03-23,pw01dud102021104622/19,メイショウヘール,2025-12-13,牡4,3
2025-11-16,pw01dud102020106182/D6,メイショウホウセン,2025-12-14,牡5,6
2025-05-04,pw01dud102021103716/17,メイショウホウレン,2025-12-07,牡4,5
2025-06-21,pw01dud102022103237/41,メイショウホダワラ,2025-07-06,牝3,7
2025-05-03,pw01dud102019103401/2A,メイショウホマレ,2025-05-03,牝6,3
2025-05-18,pw01dud102017106125/38,メイショウボサツ,2025-05-18,牡8,1
2025-01-11,pw01dud102022103133/44,メイショウボナンザ,2025-07-20,牝3,5
2025-10-11,pw01dud102023106572/2E,メイショウボンテン,2025-10-11,牡2,2
2025-05-03,pw01dud102020106896/09,メイショウポペット,2025-12-27,牝5,8
2025-04-06,pw01dud102022102576/B2,メイショウマクジキ,2025-06-22,牡3,2
2025-04-12,pw01dud102022103101/2E,メイショウマサツラ,2025-08-23,牡3,7
2025-08-10,pw01dud102020106995/C7,メイショウマジック,2025-12-06,牡5,6
2025-04-19,pw01dud102022102571/73,メイショウマチルダ,2025-08-02,牝3,5
2025-08-16,pw01dud102022102845/A2,メイショウマヒロ,2025-10-26,牝3,8
2025-01-06,pw01dud102018100858/0A,メイショウマントル,2025-10-19,牡7,8
2025-11-08,pw01dud102018106458/E0,メイショウミカワ,2025-12-14,牡7,9
2025-02-23,pw01dud102021105328/27,メイショウミシガン,2025-02-23,牡4,2
2025-03-29,pw01dud102022102843/BC,メイショウミスイチ,2025-07-12,牝3,2
2025-01-19,pw01dud102018106147/CA,メイショウミツヤス,2025-12-07,牡7,5
2025-04-26,pw01dud102021103278/68,メイショウミリオレ,2025-05-17,牝4,5
2025-08-17,pw01dud102023109040/F0,メイショウメゴヒメ,2025-12-27,牝2,4
2025-04-12,pw01dud102022102211/80,メイショウモエギ,2025-07-06,牝3,2
2025-04-13,pw01dud102022100061/90,メイショウヤシマ,2025-10-04,牡3,5
2025-01-13,pw01dud102022102840/63,メイショウヤマハギ,2025-01-13,牝3,1
2025-11-16,pw01dud102021103075/AD,メイショウヤマモモ,2025-11-16,牝4,5
2025-04-19,pw01dud102021102573/CD,メイショウヤーキス,2025-12-06,牡4,6
2025-02-02,pw01dud102022103265/8B,メイショウユウアイ,2025-07-05,牝3,4
2025-11-15,pw01dud102023104913/27,メイショウユウブ,2025-11-29,牡2,3
2025-08-02,pw01dud102022101054/C8,メイショウユウボシ,2025-08-02,牡3,2
2025-06-15,pw01dud102022101506/53,メイショウユウモウ,2025-07-19,せん3,5
2025-01-12,pw01dud102019104089/6D,メイショウユズルハ,2025-05-11,牡6,3
2025-07-27,pw01dud102021101580/95,メイショウヨゾラ,2025-12-21,牝4,6
2025-03-22,pw01dud102022102848/FB,メイショウヨリキリ,2025-09-13,牡3,5
2025-07-27,pw01dud102022103346/0F,メイショウヨンク,2025-09-14,牡3,6
2025-08-02,pw01dud102022101874/70,メイショウライズ,2025-08-02,牡3,7
2025-10-25,pw01dud102023101751/52,メイショウランケイ,2025-12-21,牡2,2
2025-12-13,pw01dud102023105037/49,メイショウリュウシ,2025-12-13,牡2,1
2025-08-02,pw01dud102021103209/6B,メイショウリリー,2025-11-09,牝4,7
2025-08-02,pw01dud102022102793/DB,メイショウルーチェ,2025-09-06,牝3,5
2025-08-30,pw01dud102022102983/2D,メイショウロンド,2025-08-30,牝3,3
2025-05-10,pw01dud102022102636/A3,メイショウワタユキ,2025-07-19,牝3,2
2025-06-28,pw01dud102022104322/12,メイズ,2025-07-13,牝3,2
2025-02-08,pw01dud102020101198/ED,メイテソーロ,2025-12-27,牡5,8
2025-11-24,pw01dud102020103198/CB,メイデンタワー,2025-11-24,牝5,5
2025-07-20,pw01dud102022103466/60,メイデンヘッド,2025-08-17,牝3,4
2025-12-13,pw01dud102020100931/01,メイトースイ,2025-12-13,牡5,1
2025-05-24,pw01dud102022103583/58,メイブロッサム,2025-05-31,牝3,3
2025-12-07,pw01dud102023104871/70,メイプルインパクト,2025-12-28,牡2,2
2025-06-15,pw01dud102022101621/65,メイプルエイト,2025-06-15,牡3,3
2025-10-26,pw01dud102021110063/B8,メイプルギャング,2025-12-07,牡4,5
2025-08-31,pw01dud102022105951/E4,メイプルギン,2025-08-31,牡3,3
2025-12-07,pw01dud102021103140/6F,メイプルタピット,2025-12-20,牡4,3
2025-10-13,pw01dud102023106375/25,メイプルハッピー,2025-12-14,牝2,4
2025-11-08,pw01dud102023102776/A0,メイプルラブリー,2025-11-08,牝2,1
2025-09-27,pw01dud102019105523/3F,メイプルリッジ,2025-09-27,せん6,1
2025-11-09,pw01dud102023106601/7C,メイポール,2025-12-21,牝2,4
2025-08-16,pw01dud102022106861/B2,メイユウ,2025-08-16,牡3,3
2025-04-12,pw01dud102022106741/61,メイリー,2025-12-21,牝3,7
2025-10-25,pw01dud102023103746/5F,メイワキラリ,2025-10-25,牡2,3
2025-04-19,pw01dud102022105041/1B,メイワファースト,2025-04-19,牡3,1
2025-12-20,pw01dud102023100732/B6,メイワメジェール,2025-12-20,牝2,2
2025-05-18,pw01dud102020102762/20,メインクーン,2025-05-18,牝5,2
2025-11-15,pw01dud102023103571/EE,メインテーマ,2025-12-20,牝2,2
2025-12-14,pw01dud102023105791/4E,メカニックバレエ,2025-12-14,牝2,1
2025-05-04,pw01dud102020105651/39,メジェド,2025-05-25,牡5,3
2025-08-16,pw01dud102022102392/A4,メジャーアピール,2025-08-16,牡3,2
2025-06-28,pw01dud102019105150/52,メジャークロニクル,2025-08-30,牡6,2
2025-09-07,pw01dud102021100446/E7,メジャーデビュー,2025-11-24,牝4,7
2025-08-17,pw01dud102022104036/5B,メジャーラッシュ,2025-08-17,牝3,2
2025-01-12,pw01dud102021100304/90,メジャーレーベル,2025-03-23,牡4,2
2025-11-15,pw01dud102023103905/0E,メジロピオラ,2025-11-15,牝2,1
2025-07-20,pw01dud102019101894/F9,メズメライザー,2025-12-07,せん6,5
2025-01-19,pw01dud102020110131/47,メタマックス,2025-12-28,牡5,6
2025-02-02,pw01dud102017103299/D8,メタルスパーク,2025-02-16,せん8,3
2025-07-27,pw01dud102020101772/41,メタルスピード,2025-12-21,牡5,10
2025-04-20,pw01dud102021106066/DD,メッエフアパラ,2025-12-28,牡4,7
2025-08-30,pw01dud102023104997/73,メッチャエエヤン,2025-09-13,牡2,3
2025-01-06,pw01dud102021110072/55,メティエダール,2025-11-23,牝4,5
2025-07-27,pw01dud102022103712/D7,メテオレーナ,2025-08-09,牝3,7
2025-10-18,pw01dud102023104173/FF,メテオロイド,2025-10-18,牡2,4
2025-05-04,pw01dud102020103247/39,メテオールライト,2025-10-18,牝5,5
2025-11-23,pw01dud102023100419/28,メディチパワー,2025-12-13,牡2,2
2025-02-09,pw01dud102022105068/60,メディテラニアン,2025-12-21,牡3,5
2025-03-09,pw01dud102022100007/E2,メトゥザレム,2025-06-14,牡3,3
2025-12-07,pw01dud102021110040/3F,メトロポリターナ,2025-12-28,牝4,2
2025-10-25,pw01dud102023103777/02,メドウセージ,2025-10-25,牝2,1
2025-01-13,pw01dud102021105840/A4,メネラオス,2025-04-20,牡4,4
2025-11-01,pw01dud102023101477/91,メビウスロマンス,2025-11-01,牝2,1
2025-06-14,pw01dud102022103026/5C,メムエクラ,2025-07-12,牝3,4
2025-07-27,pw01dud102022101177/72,メメテラステラ,2025-09-13,牝3,2
2025-02-15,pw01dud102022103274/28,メモリアカフェ,2025-05-18,牝3,3
2025-07-27,pw01dud102020107095/FD,メモリーグラス,2025-12-20,牡5,13
2025-12-20,pw01dud102023100628/27,メモリーデイズ,2025-12-20,牝2,3
2025-08-24,pw01dud102022105728/77,メモリードライブ,2025-08-24,牡3,3
2025-05-11,pw01dud102022103845/91,メモリーフィルム,2025-07-27,牝3,2
2025-10-25,pw01dud102023105210/66,メランコリニスタ,2025-12-28,牝2,2
2025-08-16,pw01dud102022105047/CD,メランジェ,2025-10-26,牝3,4
2025-07-26,pw01dud102020101920/6D,メラヴィリオーザ,2025-12-20,牝5,11
2025-06-22,pw01dud102017105634/DB,メラーキ,2025-10-04,牡8,4
2025-11-02,pw01dud102023103723/E6,メリオルヴィア,2025-11-29,牝2,2
2025-02-08,pw01dud102021104791/47,メリオーレム,2025-12-13,牡4,7
2025-11-24,pw01dud102022105182/FF,メリザンド,2025-11-24,牝3,5
2025-01-06,pw01dud102022102600/C1,メリッササンライズ,2025-07-06,牝3,4
2025-08-03,pw01dud102022104711/53,メリッサバローズ,2025-08-03,牝3,2
2025-11-01,pw01dud102023106369/E1,メリティス,2025-11-01,牝2,1
2025-07-27,pw01dud102022100905/B5,メリディアンスター,2025-10-25,牡3,3
2025-01-11,pw01dud102022105727/04,メリトーリアス,2025-12-20,牡3,9
2025-12-21,pw01dud102023105839/B7,メリフルアス,2025-12-21,牝2,1
2025-07-20,pw01dud102022100394/AC,メリークリスマス,2025-12-13,牡3,6
2025-04-19,pw01dud102022105516/1F,メリーサウンド,2025-11-15,牝3,9
2025-11-16,pw01dud102023105303/E0,メルカントゥール,2025-11-16,牡2,1
2025-01-05,pw01dud102022104796/12,メルキオル,2025-01-05,牡3,1
2025-08-02,pw01dud102022105364/27,メルシージュテーム,2025-12-20,牝3,5
2025-09-07,pw01dud102022106969/7B,メルシーボクアスク,2025-09-07,牝3,4
2025-02-16,pw01dud102021100143/FB,メルトユアハート,2025-10-12,牝4,6
2025-08-16,pw01dud102022104441/F0,メルヘンライズ,2025-08-16,牝3,5
2025-10-11,pw01dud102023103892/14,メルメラーダ,2025-11-22,牝2,2
2025-03-22,pw01dud102022106072/AD,メルローズ,2025-03-22,牝3,2
2025-08-03,pw01dud102018104598/73,メレカリキマカ,2025-11-02,牡7,6
2025-08-10,pw01dud102022105168/91,メレサンク,2025-09-07,牝3,5
2025-11-02,pw01dud102023107418/3E,メロウアンバー,2025-11-15,牡2,2
2025-05-03,pw01dud102019102493/B1,メロウヴォイス,2025-05-03,牝6,4
2025-04-05,pw01dud102022107081/39,メロディーロード,2025-04-05,牝3,2
2025-01-05,pw01dud102022102679/3C,メロンパンマニア,2025-01-05,牡3,1
2025-11-08,pw01dud102023104079/80,メローネ,2025-11-24,牝2,2
2025-10-12,pw01dud102023101111/EC,メンデレーエフ,2025-10-12,牡2,1
2025-04-27,pw01dud102021105023/55,メンドロントット,2025-06-01,牡4,6
2025-06-28,pw01dud102023106176/36,メーゼ,2025-08-24,牝2,2
2025-07-19,pw01dud102023106470/17,メーテルリンク,2025-11-16,牝2,4
2025-11-22,pw01dud102021104792/BA,メードス,2025-11-22,せん4,2
2025-07-12,pw01dud102023104164/62,メープルタフィー,2025-11-16,牝2,5
2025-11-08,pw01dud102023106429/D2,メーレスブリーゼ,2025-11-29,牝2,2
2025-07-27,pw01dud102022105568/55,モアサナイト,2025-08-24,牝3,5
2025-08-03,pw01dud102023101068/30,モアザンファイア,2025-08-03,牡2,1
2025-07-19,pw01dud102021105214/1A,モアナフリューゲル,2025-09-20,牝4,6
2025-03-22,pw01dud102021103449/0D,モアニ,2025-09-14,牝4,7
2025-04-20,pw01dud102022103305/5C,モアハピネス,2025-04-20,牡3,1
2025-08-02,pw01dud102021104832/8B,モアリジット,2025-12-20,牡4,8
2025-04-12,pw01dud102021103300/91,モイラ,2025-07-12,牝4,3
2025-08-10,pw01dud102023105433/41,モウエエデショー,2025-12-21,牡2,4
2025-06-14,pw01dud102022101367/C4,モウフブキ,2025-07-06,牝3,4
2025-10-05,pw01dud102023103334/A5,モカプウイング,2025-12-21,牝2,3
2025-02-08,pw01dud102022103609/BB,モカラマーズ,2025-07-27,牡3,4
2025-06-22,pw01dud102021103031/A1,モカラルビー,2025-07-05,牝4,2
2025-08-31,pw01dud102022106603/D6,モジャーリオ,2025-12-21,牡3,12
2025-09-27,pw01dud102023107218/DC,モスカテル,2025-12-21,牝2,2
2025-11-24,pw01dud102021105501/44,モスクロッサー,2025-11-24,せん4,2
2025-04-26,pw01dud102022102917/89,モズアカトンボ,2025-09-14,牝3,8
2025-01-18,pw01dud102020110069/DE,モズアカボス,2025-01-26,牡5,2
2025-03-22,pw01dud102020106519/4F,モズアンタレス,2025-12-07,牝5,7
2025-06-28,pw01dud102022102119/E7,モズアンドモズ,2025-06-28,牝3,4
2025-12-13,pw01dud102023105732/61,モズオージー,2025-12-13,牡2,1
2025-09-21,pw01dud102022102123/45,モズカトレア,2025-11-09,牝3,5
2025-08-23,pw01dud102023105742/71,モズガネシア,2025-09-21,牡2,2
2025-07-20,pw01dud102019103719/65,モズクルードラゴン,2025-11-16,牡6,3
2025-08-30,pw01dud102022102875/D2,モズグランプリ,2025-08-30,牡3,2
2025-01-13,pw01dud102022102127/11,モズケイスター,2025-12-28,牡3,11
2025-01-13,pw01dud102019110060/54,モズゴールドバレル,2025-01-13,牝6,1
2025-04-13,pw01dud102022102852/59,モズシューター,2025-09-14,牡3,6
2025-10-18,pw01dud102023105727/90,モズジェネラル,2025-12-07,牡2,3
2025-09-28,pw01dud102023105730/7B,モズセンピロ,2025-09-28,牝2,1
2025-11-22,pw01dud102023105728/03,モズタイシソウシ,2025-12-14,牡2,3
2025-08-09,pw01dud102022106010/67,モズタチアガレ,2025-10-11,牡3,8
2025-04-26,pw01dud102021102914/A4,モズトキキ,2025-12-20,牝4,5
2025-06-08,pw01dud102021102845/16,モズナイスバディー,2025-12-27,牡4,4
2025-07-26,pw01dud102022100490/11,モズナナスター,2025-12-14,牝3,9
2025-12-28,pw01dud102023105743/E4,モズノシアワセ,2025-12-28,牝2,1
2025-04-13,pw01dud102022102648/99,モズノセイギ,2025-08-17,牡3,7
2025-11-16,pw01dud102020101268/EE,モズバンディット,2025-11-16,牡5,7
2025-05-03,pw01dud102022102085/5A,モズフラッシュ,2025-12-07,牝3,7
2025-07-26,pw01dud102023105738/13,モズプリフォール,2025-12-20,牡2,5
2025-08-09,pw01dud102022102916/16,モズプリヴェール,2025-12-06,牡3,8
2025-06-14,pw01dud102022101773/CC,モズボーン,2025-06-14,牝3,2
2025-03-30,pw01dud102021104627/58,モズマサニャン,2025-03-30,牡4,1
2025-06-28,pw01dud102021100225/F2,モズマーヴェリック,2025-12-27,牡4,8
2025-11-16,pw01dud102021102868/8F,モズミギカタアガリ,2025-11-16,牝4,10
2025-05-25,pw01dud102022102838/EB,モズミコシ,2025-08-09,牡3,2
2025-03-09,pw01dud102019103718/F2,モズミツボシ,2025-03-23,牡6,2
2025-08-03,pw01dud102020102764/06,モズメイメイ,2025-12-27,牝5,7
2025-05-18,pw01dud102022104526/40,モズラッキー,2025-07-19,牝3,3
2025-02-16,pw01dud102019106699/81,モズリッキー,2025-02-16,牡6,1
2025-11-08,pw01dud102022106018/FF,モズリバーシャトー,2025-11-08,牝3,3
2025-04-13,pw01dud102022102122/D2,モズレイラココナ,2025-08-23,牝3,7
2025-05-18,pw01dud102020106535/A3,モズロックンロール,2025-11-30,牡5,7
2025-11-08,pw01dud102023105739/86,モズヴイ,2025-11-08,牡2,1
2025-08-24,pw01dud102020101601/2D,モダンフリンジ,2025-08-24,牝5,6
2025-07-26,pw01dud102022107281/9B,モダンレディ,2025-07-26,牝3,3
2025-10-13,pw01dud102023104925/1D,モチモチチャン,2025-11-15,牝2,3
2025-04-26,pw01dud102020100061/78,モックモック,2025-11-23,牡5,6
2025-01-06,pw01dud102021104960/06,モッドフレイム,2025-01-06,牡4,1
2025-06-29,pw01dud102022104953/DB,モティスフォント,2025-10-18,牡3,5
2025-04-12,pw01dud102021105346/61,モディリアーニ,2025-05-17,牝4,2
2025-08-16,pw01dud102021103912/AD,モデルハント,2025-10-26,牝4,5
2025-10-19,pw01dud102023103731/10,モデレートゲイル,2025-11-24,牡2,3
2025-06-28,pw01dud102021109096/DA,モナコブル,2025-11-16,牡4,7
2025-02-01,pw01dud102019100723/F6,モナルヒ,2025-10-25,牡6,3
2025-10-11,pw01dud102023100695/3E,モノノケ,2025-11-22,牝2,3
2025-06-21,pw01dud102023107251/F7,モノポリオ,2025-10-18,牡2,2
2025-08-02,pw01dud102022104414/19,モメン,2025-08-02,牝3,2
2025-09-07,pw01dud102022103225/4B,モモイロカタオモイ,2025-09-07,牝3,3
2025-02-08,pw01dud102022106103/E1,モモクロオー,2025-02-08,牡3,2
2025-01-11,pw01dud102021105984/E1,モモンウールー,2025-12-27,牝4,7
2025-01-19,pw01dud102018103125/F7,モラトリアム,2025-01-19,牝7,1
2025-12-14,pw01dud102023106395/45,モラール,2025-12-14,牝2,1
2025-06-15,pw01dud102023106582/3E,モリインビクタス,2025-12-06,牡2,6
2025-04-20,pw01dud102022103805/51,モリオン,2025-04-27,牝3,4
2025-08-09,pw01dud102022106328/A2,モリノアミーゴ,2025-12-20,牝3,9
2025-05-25,pw01dud102021106307/83,モリノセピア,2025-12-13,牡4,7
2025-08-24,pw01dud102019102273/2F,モリノドリーム,2025-08-24,牝6,5
2025-01-05,pw01dud102022105752/F5,モリノハーバー,2025-01-05,牝3,1
2025-04-20,pw01dud102021106298/55,モリノレッドスター,2025-11-16,牝4,5
2025-02-16,pw01dud102022103338/E5,モリブトバクカジ,2025-03-08,牡3,2
2025-08-10,pw01dud102022102141/7F,モルゲンゾンネ,2025-08-10,牡3,4
2025-01-12,pw01dud102022104901/A5,モルティフレーバー,2025-12-14,牝3,5
2025-08-30,pw01dud102022101659/2D,モルテンコア,2025-08-30,牡3,1
2025-06-21,pw01dud102023101674/9A,モルトカリーナ,2025-07-20,牝2,2
2025-04-27,pw01dud102021105838/2C,モルトマエストーソ,2025-10-11,牡4,3
2025-03-15,pw01dud102020100306/EA,モルトヴェローチェ,2025-03-15,牡5,1
2025-10-11,pw01dud102023106844/77,モルニケ,2025-11-01,牝2,3
2025-08-23,pw01dud102022105525/BC,モルビド,2025-08-23,牝3,4
2025-11-16,pw01dud102022105443/C5,モレポブラーノ,2025-11-30,牡3,5
2025-02-09,pw01dud102022107184/C3,モロノグラシアス,2025-02-09,牝3,1
2025-12-28,pw01dud102023102444/F7,モロノラピド,2025-12-28,牡2,1
2025-09-27,pw01dud102023105376/A9,モロノヴィクトリー,2025-12-13,牡2,2
2025-04-19,pw01dud102022106173/51,モンサンアマリリス,2025-04-19,牝3,1
2025-01-18,pw01dud102022102213/66,モンサンケイティ,2025-05-10,牝3,4
2025-10-19,pw01dud102023104044/11,モンサンゴールデン,2025-12-14,牡2,4
2025-06-21,pw01dud102023100747/05,モンサンジャスミン,2025-09-27,牝2,2
2025-10-04,pw01dud102023104054/21,モンサンドール,2025-11-23,牝2,2
2025-01-12,pw01dud102022106176/AA,モンサンプレシャス,2025-04-06,牡3,3
2025-11-22,pw01dud102023101581/20,モンサンヴェロニカ,2025-11-22,牝2,2
2025-05-03,pw01dud102022101460/D0,モンサンヴデット,2025-09-07,牝3,8
2025-08-03,pw01dud102021102399/3D,モンシェリ,2025-08-03,牝4,8
2025-09-13,pw01dud102021105054/F8,モンシュマン,2025-11-23,牡4,8
2025-10-12,pw01dud102023105000/F4,モンシーク,2025-11-23,牡2,2
2025-10-12,pw01dud102023107536/A9,モンスエ,2025-11-01,牡2,2
2025-07-12,pw01dud102019105136/E4,モンタナアゲート,2025-07-12,牡6,3
2025-08-24,pw01dud102022101369/AA,モンタルチーノ,2025-10-04,牡3,7
2025-08-10,pw01dud102022103181/AE,モンツァフレイバー,2025-11-22,牡3,6
2025-01-05,pw01dud102022105108/31,モンテシート,2025-12-21,牡3,8
2025-01-12,pw01dud102022104597/23,モンテディアーナ,2025-12-07,牝3,8
2025-10-04,pw01dud102023104404/95,モンテール,2025-12-21,牡2,2
2025-11-15,pw01dud102023105650/6A,モントゥリエ,2025-11-15,牝2,1
2025-07-05,pw01dud102018105296/E9,モントライゼ,2025-10-04,牡7,6
2025-09-27,pw01dud102023100043/E2,モントーヤ,2025-12-06,牡2,2
2025-02-22,pw01dud102022109007/49,モンドエトワール,2025-02-22,牝3,1
2025-07-19,pw01dud102023110024/03,モンドシュピーゲル,2025-08-03,牡2,2
2025-08-31,pw01dud102022105830/20,モンドデラモーレ,2025-11-08,牡3,6
2025-05-25,pw01dud102020103876/1C,モンドプリューム,2025-12-13,牡5,10
2025-02-10,pw01dud102021100838/81,モンブランミノル,2025-03-22,牡4,2
2025-11-02,pw01dud102023105956/AF,モンペリエ,2025-12-21,牝2,3
2025-07-26,pw01dud102023107023/4B,モンラッシェ,2025-07-26,牝2,1
2025-07-05,pw01dud102021101394/0F,モンレーヴ,2025-07-05,牝4,4
2025-12-07,pw01dud102023100926/D4,モンロワイヤル,2025-12-07,牡2,1
2025-08-16,pw01dud102023106859/C6,モンローウォーク,2025-08-16,牝2,1
2025-12-14,pw01dud102023103493/C3,モヴシエラ,2025-12-14,牡2,1
2025-04-20,pw01dud102021105074/18,モヴレクス,2025-11-23,牡4,6
2025-10-05,pw01dud102023110008/AF,モーゲンセン,2025-12-28,牡2,3
2025-05-11,pw01dud102017105588/C6,モーソンピーク,2025-05-11,牡8,3
2025-10-19,pw01dud102023103610/4C,モータリゼーション,2025-11-09,牡2,2
2025-11-16,pw01dud102018100442/84,モーデン,2025-12-06,牡7,7
2025-11-02,pw01dud102023107277/C9,モートンアイランド,2025-11-02,牝2,1
2025-03-23,pw01dud102021103224/4C,モーニングコート,2025-03-23,牡4,1
2025-08-10,pw01dud102023100348/B4,モーニングダリア,2025-12-14,牝2,3
2025-07-12,pw01dud102019110016/B6,モーニングヘイズ,2025-10-12,せん6,4
2025-05-03,pw01dud102022106639/B8,モーニングマジック,2025-11-24,牝3,8
2025-10-18,pw01dud102023107282/9A,モーブプリエール,2025-12-20,牝2,2
2025-06-15,pw01dud102020104725/17,モーメントキャッチ,2025-12-14,牡5,6
2025-06-29,pw01dud102023103602/22,モーリア,2025-06-29,牝2,1
2025-04-19,pw01dud102022104603/F8,モーリシャスアロマ,2025-05-10,牝3,3
2025-04-27,pw01dud102017105433/06,ヤウガウ,2025-12-20,せん8,6
2025-10-26,pw01dud102022110125/1B,ヤエギリ,2025-12-27,牝3,7
2025-01-05,pw01dud102020101077/29,ヤエベニシダレ,2025-01-26,牝5,2
2025-01-12,pw01dud102020110040/B3,ヤクシマ,2025-03-16,牡5,2
2025-11-01,pw01dud102023102802/95,ヤクジョ,2025-12-07,牡2,3
2025-09-06,pw01dud102022103288/04,ヤコブセン,2025-12-27,牡3,11
2025-07-27,pw01dud102022103028/42,ヤサカエトワール,2025-09-15,牝3,3
2025-05-24,pw01dud102022101410/80,ヤスエ,2025-05-24,牝3,4
2025-05-11,pw01dud102022103295/BB,ヤスケ,2025-05-11,牡3,4
2025-01-25,pw01dud102016104238/68,ヤップヤップヤップ,2025-03-01,牡9,2
2025-08-03,pw01dud102022100591/B5,ヤヌシサンダー,2025-08-24,牡3,6
2025-02-16,pw01dud102022104861/D4,ヤノマスティーロ,2025-06-08,牡3,4
2025-08-16,pw01dud102022103130/EB,ヤバネ,2025-08-16,牡3,1
2025-11-08,pw01dud102021103116/F1,ヤブサメ,2025-12-20,牡4,5
2025-05-10,pw01dud102017104086/FC,ヤマカツパトリシア,2025-05-10,牝8,2
2025-08-23,pw01dud102022104415/8C,ヤマカツライコウ,2025-08-23,せん3,2
2025-04-20,pw01dud102017103384/BA,ヤマカツレオン,2025-04-20,せん8,5
2025-05-03,pw01dud102020102211/68,ヤマタケアオイバラ,2025-05-03,牡5,4
2025-09-07,pw01dud102022102832/39,ヤマタケトップガン,2025-09-07,牡3,1
2025-07-20,pw01dud102023100739/DB,ヤマタケボニータ,2025-09-28,牡2,3
2025-12-21,pw01dud102023103054/32,ヤマトチャージ,2025-12-21,牡2,1
2025-10-19,pw01dud102023103056/18,ヤマトフォース,2025-10-19,牡2,1
2025-01-13,pw01dud102021106594/1C,ヤマニンアストロン,2025-10-25,牡4,7
2025-07-26,pw01dud102021106595/8F,ヤマニンアドホック,2025-12-14,牡4,5
2025-04-12,pw01dud102021100284/DF,ヤマニンアラクリア,2025-09-27,牡4,7
2025-09-28,pw01dud102021106601/64,ヤマニンアルリフラ,2025-11-30,牡4,7
2025-03-09,pw01dud102019100604/18,ヤマニンアンフィル,2025-07-06,牝6,4
2025-07-27,pw01dud102020105599/E0,ヤマニンウルス,2025-07-27,牡5,4
2025-07-05,pw01dud102022107326/AB,ヤマニンエイドロン,2025-07-05,牡3,4
2025-06-28,pw01dud102022100395/1F,ヤマニンエボルブ,2025-08-09,牡3,6
2025-11-22,pw01dud102023104362/DE,ヤマニンエルファバ,2025-11-22,牝2,1
2025-05-25,pw01dud102020105603/CF,ヤマニンエンディマ,2025-10-18,牡5,2
2025-07-06,pw01dud102017101772/AA,ヤマニンガラッシア,2025-12-14,牡8,6
2025-04-20,pw01dud102019102777/F0,ヤマニンクイッカー,2025-10-19,牡6,4
2025-05-11,pw01dud102018102020/98,ヤマニンサンパ,2025-09-28,牡7,6
2025-08-16,pw01dud102022106604/49,ヤマニンシュラ,2025-11-09,牡3,7
2025-04-20,pw01dud102021106603/4A,ヤマニンステラータ,2025-05-10,牡4,2
2025-02-22,pw01dud102022106606/2F,ヤマニンソレアード,2025-03-09,牝3,3
2025-12-14,pw01dud102022106610/8D,ヤマニンチェルキ,2025-12-14,牡3,4
2025-02-02,pw01dud102018102009/83,ヤマニンデンファレ,2025-02-02,牝7,1
2025-08-02,pw01dud102022106609/88,ヤマニンバロネス,2025-10-26,牝3,4
2025-03-01,pw01dud102022106612/73,ヤマニンパッセ,2025-03-01,牝3,1
2025-08-03,pw01dud102022106608/15,ヤマニンパルフェ,2025-08-03,牝3,6
2025-08-10,pw01dud102022106607/A2,ヤマニンヒストリア,2025-12-07,牡3,12
2025-11-02,pw01dud102023104358/80,ヤマニンフェイエル,2025-11-23,牡2,2
2025-04-26,pw01dud102022106611/00,ヤマニンブークリエ,2025-10-26,牡3,6
2025-03-01,pw01dud102022100396/92,ヤマニンラリアンス,2025-03-16,牝3,2
2025-07-06,pw01dud102019100606/FE,ヤマニンループ,2025-09-14,牡6,6
2025-11-15,pw01dud102022106605/BC,ヤマニンレセディ,2025-11-15,牝3,8
2025-08-17,pw01dud102022104559/C9,ヤマノインパクト,2025-12-13,牡3,9
2025-03-16,pw01dud102022107137/CC,ヤマビコ,2025-03-16,牡3,1
2025-10-25,pw01dud102023103360/09,ヤマメイッカ,2025-11-24,牡2,2
2025-07-06,pw01dud102022100245/9E,ヤマメキング,2025-09-20,牡3,6
2025-11-08,pw01dud102023104854/A9,ヤマメナイト,2025-11-29,牡2,2
2025-07-05,pw01dud102023105128/DD,ヤマメライズ,2025-12-13,牡2,4
2025-10-26,pw01dud102023100351/9F,ヤマヤロード,2025-12-20,牝2,2
2025-01-06,pw01dud102022100298/47,ヤマワケ,2025-02-15,牡3,3
2025-04-13,pw01dud102021106802/39,ヤルダバオト,2025-05-18,牡4,7
2025-05-11,pw01dud102022103051/4D,ヤンキーバローズ,2025-12-13,牡3,3
2025-04-12,pw01dud102022100742/3A,ヤンキーパンチ,2025-06-21,せん3,4
2025-10-19,pw01dud102022104311/8F,ヤングアメリカンズ,2025-11-02,牡3,5
2025-10-18,pw01dud102023106514/B4,ヤングジャガー,2025-10-18,牡2,1
2025-07-27,pw01dud102021105602/E8,ヤングスカーレット,2025-07-27,牡4,1
2025-08-16,pw01dud102022105812/E6,ヤングソルジャー,2025-08-16,せん3,2
2025-07-19,pw01dud102020101230/26,ヤングワールド,2025-08-10,牡5,3
2025-12-07,pw01dud102023105137/7A,ユアフェリシティ,2025-12-07,牡2,1
2025-08-02,pw01dud102020102594/D4,ユアフラッシュ,2025-08-02,牝5,4
2025-04-20,pw01dud102022103127/00,ユアマイクラッシュ,2025-06-07,牡3,3
2025-01-05,pw01dud102022101017/E1,ユアマイスター,2025-07-19,牝3,4
2025-03-22,pw01dud102022101119/F8,ユアヴィーナス,2025-03-22,牝3,2
2025-10-19,pw01dud102023103144/53,ユイアンゴロー,2025-11-15,牡2,3
2025-10-05,pw01dud102023109105/20,ユイアヴェニール,2025-11-23,牡2,2
2025-02-16,pw01dud102022106100/88,ユイットムーラン,2025-03-22,牡3,3
2025-02-22,pw01dud102022102732/08,ユイノオールイン,2025-10-26,牡3,3
2025-07-27,pw01dud102023106577/6D,ユイノカタリベ,2025-12-14,牡2,7
2025-07-12,pw01dud102022103997/F8,ユイノガリクソン,2025-07-12,牡3,5
2025-07-06,pw01dud102021106583/99,ユイノコキュウ,2025-11-16,牡4,7
2025-12-27,pw01dud102023106798/62,ユイノササヤキ,2025-12-27,牡2,1
2025-08-10,pw01dud102023100970/72,ユイノサシガネ,2025-12-13,牡2,3
2025-11-08,pw01dud102023101841/73,ユイノサダハル,2025-12-21,牡2,3
2025-12-07,pw01dud102023105973/76,ユイノスレチガイ,2025-12-21,牡2,2
2025-10-26,pw01dud102023106061/B6,ユイノディスタンス,2025-11-02,牡2,3
2025-08-23,pw01dud102023105432/CE,ユイノナナフシギ,2025-09-07,牡2,2
2025-10-18,pw01dud102023104956/C0,ユイノピカゴロウ,2025-10-18,牡2,2
2025-08-02,pw01dud102020105147/E6,ユイノマチブセ,2025-09-28,牡5,3
2025-01-18,pw01dud102022103071/6D,ユイノマホウジン,2025-01-18,牡3,1
2025-08-31,pw01dud102022104376/2E,ユイノレクター,2025-09-20,牡3,7
2025-12-13,pw01dud102023102161/2B,ユイバイハウス,2025-12-13,牡2,1
2025-07-26,pw01dud102022103515/CE,ユウェンタース,2025-12-07,牝3,7
2025-06-28,pw01dud102022106921/A3,ユウオウマイシン,2025-09-20,牡3,11
2025-07-26,pw01dud102022110019/A6,ユウグレ,2025-07-26,牝3,3
2025-08-16,pw01dud102023110092/8D,ユウトザイノセント,2025-09-27,牡2,3
2025-07-06,pw01dud102021104661/E6,ユウトザイースト,2025-07-06,牡4,1
2025-02-02,pw01dud102021104597/97,ユウトザキンパツ,2025-06-29,牡4,4
2025-08-31,pw01dud102023107450/E6,ユウトザケンケン,2025-10-05,牡2,3
2025-01-12,pw01dud102022110118/64,ユウトザユウト,2025-11-16,牡3,4
2025-10-12,pw01dud102022101016/6E,ユウトザレン,2025-11-02,牡3,5
2025-08-30,pw01dud102023110065/B6,ユウファラオ,2025-11-08,牡2,7
2025-11-09,pw01dud102023106696/4B,ユウブルボン,2025-11-09,牡2,1
2025-08-09,pw01dud102022106850/2F,ユウメモリー,2025-08-09,牝3,1
2025-02-16,pw01dud102022103303/76,ユガフ,2025-02-16,牡3,2
2025-01-19,pw01dud102021105645/81,ユキカゼ,2025-03-02,牝4,3
2025-07-27,pw01dud102022104316/CE,ユキノエミリオ,2025-12-27,牡3,7
2025-02-01,pw01dud102019106510/C5,ユキノエリザベス,2025-02-01,牝6,1
2025-05-17,pw01dud102022104314/E8,ユキノクラウン,2025-10-19,牡3,5
2025-07-19,pw01dud102023103256/7A,ユキノサイエンス,2025-11-09,牝2,3
2025-04-27,pw01dud102018104347/4E,ユキノファラオ,2025-05-25,牡7,2
2025-02-22,pw01dud102021100043/CA,ユキノフルマチ,2025-06-01,牝4,3
2025-08-30,pw01dud102022104519/89,ユキノホワイト,2025-08-30,牝3,3
2025-07-19,pw01dud102021104326/52,ユキノロイヤル,2025-12-13,牡4,8
2025-07-26,pw01dud102020101174/01,ユキマル,2025-12-28,牡5,9
2025-06-28,pw01dud102021103678/2C,ユキワリザクラ,2025-11-16,牝4,5
2025-11-15,pw01dud102018103551/1F,ユスティニアン,2025-11-15,牡7,6
2025-02-16,pw01dud102020102891/0E,ユティタム,2025-11-01,牡5,6
2025-02-01,pw01dud102022103467/D3,ユナクイーン,2025-02-01,牝3,1
2025-12-06,pw01dud102023106105/53,ユナダイヤ,2025-12-06,牝2,4
2025-08-02,pw01dud102022104261/AE,ユナパール,2025-08-02,牝3,4
2025-08-10,pw01dud102022105927/66,ユナホークパワー,2025-11-08,牝3,10
2025-08-24,pw01dud102023100586/70,ユニゾン,2025-12-13,牡2,8
2025-12-27,pw01dud102023105652/50,ユニバーサルラヴ,2025-12-27,牝2,1
2025-04-26,pw01dud102021103044/0A,ユニヴェール,2025-10-19,せん4,5
2025-04-13,pw01dud102021102617/6A,ユニヴェールアン,2025-06-14,牝4,3
2025-03-23,pw01dud102022102556/92,ユニークカラー,2025-03-23,牡3,1
2025-10-04,pw01dud102020110039/AE,ユハンヌス,2025-12-06,牡5,9
2025-06-15,pw01dud102023103372/FF,ユマハム,2025-06-15,牡2,1
2025-05-11,pw01dud102022103880/92,ユメシバイ,2025-09-20,牝3,8
2025-07-19,pw01dud102023106412/9D,ユメシルベ,2025-10-11,牝2,4
2025-05-11,pw01dud102020106399/6D,ユメハハテシナク,2025-12-13,牡5,8
2025-04-12,pw01dud102022105816/B2,ユラジスティック,2025-06-07,牝3,2
2025-03-02,pw01dud102022103370/8D,ユリオプスイエロー,2025-03-02,牝3,1
2025-01-25,pw01dud102022102270/6D,ユリヤテソーロ,2025-01-25,牝3,1
2025-08-03,pw01dud102023100220/CB,ユヴァスキュラ,2025-08-03,牡2,2
2025-10-04,pw01dud102023105835/EB,ユーアーフラワー,2025-10-04,牝2,2
2025-06-29,pw01dud102022104539/A9,ユーウェイン,2025-06-29,牡3,4
2025-11-08,pw01dud102023102217/BE,ユーキャンフライ,2025-12-27,牝2,2
2025-11-15,pw01dud102023106609/14,ユーゲットミー,2025-11-23,牝2,4
2025-07-27,pw01dud102022102952/8A,ユージュアーナ,2025-12-20,牝3,7
2025-02-16,pw01dud102022100482/E7,ユースフルネス,2025-06-22,牡3,3
2025-08-10,pw01dud102022102088/B3,ユーティジャーニー,2025-12-07,牝3,8
2025-07-12,pw01dud102022104981/25,ユーディキウム,2025-11-16,牝3,4
2025-09-28,pw01dud102023106588/F0,ユーフォリア,2025-09-28,牝2,1
2025-12-20,pw01dud102021107278/24,ユーヴェリア,2025-12-20,牝4,4
2025-07-27,pw01dud102020103969/96,ヨウシタンレイ,2025-12-21,牝5,9
2025-11-15,pw01dud102023102707/A3,ヨカオウ,2025-12-13,牡2,4
2025-02-01,pw01dud102022104561/41,ヨカゼ,2025-02-15,牝3,2
2025-01-18,pw01dud102022102704/BE,ヨシノイクスプレス,2025-01-18,牡3,1
2025-04-13,pw01dud102018106055/C3,ヨシノイースター,2025-12-27,牡7,7
2025-04-19,pw01dud102022102702/D8,ヨシノサプライズ,2025-09-28,牝3,5
2025-10-26,pw01dud102023100141/2D,ヨシノサンキュー,2025-10-26,牡2,1
2025-01-12,pw01dud102021102336/84,ヨシノヤッタルデー,2025-12-14,牡4,8
2025-02-08,pw01dud102021104191/21,ヨゾラノムコウニ,2025-06-08,牡4,5
2025-08-17,pw01dud102022103852/48,ヨタロー,2025-09-13,牡3,5
2025-06-01,pw01dud102022103757/56,ヨチヨチモンスター,2025-06-01,牝3,2
2025-08-09,pw01dud102023102473/B4,ヨッシーリオ,2025-12-20,牡2,5
2025-04-19,pw01dud102022103626/82,ヨッシーレイ,2025-04-19,牝3,1
2025-05-03,pw01dud102022104491/40,ヨドギミ,2025-09-15,牝3,9
2025-11-02,pw01dud102023101821/53,ヨドノクラウン,2025-11-09,牡2,2
2025-04-13,pw01dud102018103293/B2,ヨドノゴールド,2025-08-03,牡7,5
2025-10-11,pw01dud102023101825/1F,ヨドノサファイア,2025-12-28,牝2,3
2025-07-27,pw01dud102022100348/28,ヨドノタイヨウ,2025-09-13,牡3,7
2025-07-12,pw01dud102023101827/05,ヨドノティアラ,2025-10-18,牝2,4
2025-02-16,pw01dud102021100897/6E,ヨドノルミナス,2025-04-26,牝4,3
2025-05-11,pw01dud102022100349/9B,ヨドノワールド,2025-05-11,牡3,2
2025-07-27,pw01dud102022105166/AB,ヨヒーン,2025-11-22,牝3,9
2025-08-24,pw01dud102022102198/F4,ヨリナスウィート,2025-08-24,牝3,6
2025-11-24,pw01dud102020102315/65,ヨリノサファイヤ,2025-12-14,牝5,7
2025-04-26,pw01dud102022102202/E3,ヨリノレジェンド,2025-12-21,牡3,7
2025-07-13,pw01dud102022105296/0C,ヨルハ,2025-08-30,牝3,3
2025-11-23,pw01dud102023107242/5A,ヨルヴィック,2025-11-23,牝2,1
2025-04-13,pw01dud102021101535/84,ヨーカイディスコ,2025-04-13,牝4,2
2025-03-23,pw01dud102022100188/06,ヨーグルトナン,2025-12-21,牝3,3
2025-11-30,pw01dud102018105012/3B,ヨーホーレイク,2025-11-30,牡7,5
2025-03-15,pw01dud102019101270/E7,ヨール,2025-03-15,牝6,1
2025-05-24,pw01dud102020100930/8E,ライオットガール,2025-05-24,牝5,1
2025-07-13,pw01dud102023104042/2B,ライカ,2025-12-27,牡2,4
2025-02-23,pw01dud102022104475/EC,ライカチャーム,2025-05-25,牝3,2
2025-04-20,pw01dud102020101992/C3,ライクアフラワー,2025-12-06,牡5,6
2025-10-11,pw01dud102023107438/5E,ライクシュガー,2025-11-22,牝2,3
2025-11-08,pw01dud102021102359/FD,ライクファーザー,2025-11-08,牡4,4
2025-08-16,pw01dud102020107082/94,ライジン,2025-11-23,牡5,6
2025-06-28,pw01dud102022103202/D2,ライジングショット,2025-09-15,牡3,7
2025-05-11,pw01dud102022106495/EA,ライジングハース,2025-08-10,牡3,4
2025-10-18,pw01dud102020109096/4E,ライジングラパス,2025-10-18,牝5,5
2025-05-25,pw01dud102022107210/B8,ライジンシチー,2025-06-15,牡3,4
2025-06-28,pw01dud102021101449/2F,ライジンマル,2025-10-11,牡4,9
2025-03-15,pw01dud102021101357/28,ライズタイガ,2025-03-15,牡4,1
2025-02-09,pw01dud102022107284/F4,ライズトゥザトップ,2025-10-26,牝3,10
2025-11-29,pw01dud102023103498/02,ライゼシュトゥルム,2025-11-29,牡2,1
2025-08-10,pw01dud102023106414/83,ライツェントライゼ,2025-09-20,牝2,4
2025-07-27,pw01dud102020103398/2D,ライツフォル,2025-11-30,牡5,4
2025-03-22,pw01dud102022103527/C4,ライツユーアップ,2025-10-04,牝3,6
2025-04-20,pw01dud102022103089/15,ライデンシャフト,2025-04-20,牡3,1
2025-08-09,pw01dud102023106063/9C,ライトアズフェザー,2025-11-30,牝2,5
2025-08-03,pw01dud102023101131/0C,ライトアファイア,2025-09-06,牡2,2
2025-12-20,pw01dud102023103478/E2,ライトオブジアース,2025-12-20,牝2,2
2025-10-13,pw01dud102023103087/BB,ライトオブヌカタ,2025-12-20,牡2,3
2025-05-10,pw01dud102022105580/DD,ライトトラック,2025-10-26,牡3,4
2025-05-04,pw01dud102021104058/D5,ライトニングゼウス,2025-05-24,牡4,4
2025-05-10,pw01dud102022102657/36,ライトニングラン,2025-05-10,牝3,2
2025-11-22,pw01dud102023101143/02,ライトニングロッド,2025-11-22,牝2,1
2025-12-27,pw01dud102023105701/BE,ライトハウス,2025-12-27,牝2,1
2025-02-09,pw01dud102021105953/3E,ライトバック,2025-12-13,牝4,3
2025-12-13,pw01dud102023102088/3F,ライトフライヤー,2025-12-13,牡2,3
2025-11-29,pw01dud102023106147/79,ライトブルースカイ,2025-12-21,牝2,2
2025-05-11,pw01dud102022105184/E5,ライネリーベ,2025-08-30,牝3,5
2025-01-06,pw01dud102022105022/6E,ライノ,2025-06-29,牡3,5
2025-11-24,pw01dud102023103687/E1,ライヒスアドラー,2025-11-24,牡2,2
2025-08-03,pw01dud102023105448/90,ライフイズ,2025-11-30,牝2,5
2025-08-30,pw01dud102023101285/59,ライフオブラクーン,2025-11-09,牡2,4
2025-05-10,pw01dud102022100852/7B,ライフク,2025-05-10,牝3,1
2025-08-10,pw01dud102022103778/E9,ライフゲート,2025-12-06,せん3,11
2025-07-26,pw01dud102021105285/FD,ライフセービング,2025-12-20,牡4,11
2025-05-11,pw01dud102022106115/D7,ライブリエクレール,2025-05-11,牝3,1
2025-03-01,pw01dud102022109082/8A,ライブリキングダム,2025-03-01,牡3,1
2025-11-22,pw01dud102023102345/39,ライブリピュア,2025-11-22,牝2,2
2025-03-01,pw01dud102022109081/17,ライブリブランコ,2025-03-16,牡3,2
2025-07-13,pw01dud102020106407/28,ライブリームーラン,2025-12-06,牝5,2
2025-06-28,pw01dud102019105336/46,ライラスター,2025-08-10,せん6,5
2025-08-03,pw01dud102019103588/00,ライラック,2025-11-16,牝6,6
2025-09-07,pw01dud102022100836/27,ライラックダンサー,2025-09-07,牝3,4
2025-08-31,pw01dud102022101473/39,ライラックデューン,2025-09-06,牝3,7
2025-02-02,pw01dud102019105913/F3,ライラボンド,2025-02-02,牡6,1
2025-04-13,pw01dud102022106875/8E,ラインアルテミス,2025-08-31,牝3,8
2025-04-12,pw01dud102019105993/73,ラインオブソウル,2025-09-27,牡6,4
2025-06-21,pw01dud102023101662/A4,ラインカシウス,2025-12-27,牝2,6
2025-04-13,pw01dud102021101930/09,ライングッドマン,2025-12-20,牡4,5
2025-10-18,pw01dud102023101323/44,ラインジーク,2025-11-30,牡2,4
2025-04-26,pw01dud102022106190/18,ラインパシオン,2025-11-22,牝3,8
2025-12-21,pw01dud102023100434/09,ラインパトリア,2025-12-21,牝2,1
2025-01-25,pw01dud102022103291/EF,ラインピクシー,2025-08-17,牝3,7
2025-08-09,pw01dud102017105194/46,ラインベック,2025-11-02,せん8,5
2025-12-13,pw01dud102023101317/00,ラインメテオラ,2025-12-13,牡2,1
2025-11-02,pw01dud102023102320/DA,ライヴギムレット,2025-11-02,牝2,1
2025-04-12,pw01dud102022104264/07,ライヴスプーン,2025-12-27,牝3,11
2025-09-07,pw01dud102022105609/99,ライヴドライバー,2025-11-16,牡3,8
2025-05-17,pw01dud102022102498/87,ライヴバフィ,2025-06-08,牡3,6
2025-12-06,pw01dud102023102925/3F,ライヴマティーニ,2025-12-06,牝2,1
2025-07-05,pw01dud102023101046/2A,ライヴマルガリータ,2025-12-13,牝2,4
2025-11-01,pw01dud102023102337/0F,ライヴモヒート,2025-11-15,牡2,2
2025-07-12,pw01dud102023104658/13,ライヴレッドアイ,2025-12-27,牝2,3
2025-08-10,pw01dud102021104752/7A,ラウダブル,2025-12-14,牡4,5
2025-07-26,pw01dud102022104399/A7,ラウニウ,2025-08-16,牝3,4
2025-09-13,pw01dud102023104038/CD,ラウムシュトラール,2025-09-13,牡2,1
2025-05-10,pw01dud102019104808/02,ラウルピドゥ,2025-05-10,牡6,1
2025-11-09,pw01dud102022105857/65,ラウルベア,2025-12-21,牝3,6
2025-07-13,pw01dud102022100294/7B,ラウレア,2025-08-17,牝3,7
2025-08-30,pw01dud102023105751/0E,ラウンドヒル,2025-09-21,牝2,2
2025-10-13,pw01dud102023106845/EA,ラエトゥス,2025-10-13,牝2,3
2025-05-03,pw01dud102019106851/0B,ラエール,2025-10-19,牝6,7
2025-07-26,pw01dud102021105262/84,ラオラシオン,2025-10-25,牡4,8
2025-12-07,pw01dud102023105167/AA,ラカーリア,2025-12-07,牝2,1
2025-01-19,pw01dud102022101735/72,ラガマフィンガール,2025-01-19,牝3,1
2025-10-13,pw01dud102021105416/62,ラガークイン,2025-12-06,牝4,8
2025-01-13,pw01dud102021106128/B4,ラキアレクサンダー,2025-01-13,牡4,1
2025-02-15,pw01dud102019104525/36,ラキエータ,2025-02-15,牝6,1
2025-05-18,pw01dud102020103614/74,ラクサパーナ,2025-05-18,牝5,3
2025-10-13,pw01dud102023103597/C0,ラクシオンデクラ,2025-12-27,牡2,2
2025-04-13,pw01dud102022102673/8A,ラクスノカミカザリ,2025-04-26,牝3,3
2025-10-04,pw01dud102023106463/60,ラグアイリータ,2025-11-09,牝2,3
2025-05-03,pw01dud102022106185/47,ラグナトーレ,2025-08-24,牝3,6
2025-05-11,pw01dud102021105845/E3,ラケダイモーン,2025-05-11,牡4,2
2025-05-10,pw01dud102020101784/37,ラケマーダ,2025-11-29,牡5,9
2025-11-09,pw01dud102021100168/5A,ラコルネータ,2025-11-09,牝4,3
2025-10-05,pw01dud102023102584/68,ラコンチャビエン,2025-12-21,牝2,2
2025-08-02,pw01dud102023105940/ED,ラシッド,2025-11-01,牡2,6
2025-06-28,pw01dud102023105111/A8,ラシューバ,2025-09-20,牡2,3
2025-11-29,pw01dud102023105268/4E,ラショナルポイント,2025-11-29,牝2,1
2025-01-05,pw01dud102019105457/0A,ラジエル,2025-03-23,牝6,3
2025-07-06,pw01dud102023105946/9F,ラジカル,2025-07-06,牡2,1
2025-03-02,pw01dud102022104955/C1,ラジャアンパット,2025-03-02,牝3,1
2025-11-01,pw01dud102023107314/41,ラジャブルック,2025-11-01,牡2,1
2025-08-31,pw01dud102023107446/88,ラスエル,2025-12-20,牝2,4
2025-05-17,pw01dud102021105391/72,ラスカンブレス,2025-12-06,牡4,6
2025-11-15,pw01dud102023106151/D7,ラスタリア,2025-11-15,牡2,2
2025-11-09,pw01dud102023104597/AF,ラスターヴァース,2025-11-23,牝2,2
2025-08-10,pw01dud102023103293/61,ラスティングスノー,2025-12-14,牝2,4
2025-11-09,pw01dud102021104672/69,ラストクリスマス,2025-11-09,牝4,2
2025-10-04,pw01dud102023105803/D5,ラストシャイニー,2025-10-04,牝2,2
2025-02-16,pw01dud102022100418/29,ラストシャリナ,2025-12-13,牡3,7
2025-01-26,pw01dud102022107245/27,ラストショット,2025-08-16,牡3,7
2025-08-31,pw01dud102023100940/42,ラストスマイル,2025-11-24,牡2,4
2025-08-24,pw01dud102022104848/D9,ラストプリンセス,2025-08-24,牝3,5
2025-03-22,pw01dud102021104639/4E,ラストボーン,2025-03-22,せん4,2
2025-02-09,pw01dud102022106015/A6,ラストヨンマル,2025-05-04,牡3,4
2025-06-29,pw01dud102022105556/5F,ラストレガシー,2025-11-24,牡3,8
2025-07-26,pw01dud102020103554/83,ラスハンメル,2025-11-16,牡5,2
2025-08-16,pw01dud102023105812/72,ラスベガスサイン,2025-12-13,牝2,4
2025-01-26,pw01dud102022106780/2E,ラスベガスホワイト,2025-01-26,牡3,1
2025-04-20,pw01dud102019105572/1C,ラズベリームース,2025-04-20,牝6,3
2025-02-08,pw01dud102019103122/2A,ラズライト,2025-02-08,牝6,1
2025-08-10,pw01dud102017105602/C5,ラズルダズル,2025-08-10,牡8,3
2025-07-26,pw01dud102021105260/9E,ラセーヌシュメール,2025-11-09,牝4,9
2025-07-27,pw01dud102021102009/1A,ラタフォレスト,2025-12-14,牡4,6
2025-04-27,pw01dud102022100412/77,ラッキーカムカム,2025-07-20,牝3,4
2025-01-12,pw01dud102019102439/03,ラッキーガブリエル,2025-01-12,牝6,1
2025-10-19,pw01dud102023101148/41,ラッキーキッド,2025-10-19,牡2,1
2025-08-23,pw01dud102022105196/DB,ラッキークラウン,2025-08-23,牝3,3
2025-09-21,pw01dud102023110019/32,ラッキースウィッチ,2025-12-27,牡2,3
2025-09-28,pw01dud102018190006/8A,ラッキースワイネス,2025-09-28,せん7,1
2025-11-29,pw01dud102023101781/82,ラッキーダイヤ,2025-11-29,牡2,1
2025-11-09,pw01dud102022106116/4A,ラッキーダンス,2025-11-22,牝3,6
2025-08-16,pw01dud102023100126/4C,ラッキーバック,2025-11-29,牡2,5
2025-07-27,pw01dud102022105209/D5,ラッキーベイ,2025-12-21,牡3,3
2025-07-05,pw01dud102021101081/13,ラッキーヤース,2025-11-15,牡4,7
2025-08-09,pw01dud102022102918/FC,ラッキーロジータ,2025-08-31,牝3,8
2025-10-19,pw01dud102023105657/8F,ラッキーヴォーグ,2025-11-08,牡2,2
2025-05-03,pw01dud102022102422/65,ラッシュグリーン,2025-06-21,牡3,3
2025-04-13,pw01dud102020102631/4C,ラッジオ,2025-12-07,牝5,8
2025-10-25,pw01dud102023101987/96,ラットバラット,2025-11-16,牡2,2
2025-04-20,pw01dud102022104737/25,ラッフルズドリーム,2025-09-06,牝3,5
2025-05-11,pw01dud102020110104/70,ラップスター,2025-12-21,牡5,6
2025-10-04,pw01dud102023100238/73,ラップトップ,2025-12-14,牝2,3
2025-11-15,pw01dud102022105794/1B,ラテライト,2025-12-14,牝3,10
2025-08-23,pw01dud102020102861/DE,ラテラルシンキング,2025-11-15,牡5,6
2025-08-30,pw01dud102023103557/80,ラテラルパーム,2025-12-13,牡2,3
2025-12-20,pw01dud102023103790/FD,ラデアベンダータ,2025-12-20,牝2,3
2025-07-06,pw01dud102023107250/84,ラディアントスター,2025-11-09,牡2,3
2025-01-11,pw01dud102022100695/B2,ラトラディシオン,2025-01-26,牝3,2
2025-10-12,pw01dud102022105194/F5,ラトラース,2025-10-12,せん3,3
2025-07-05,pw01dud102022104190/3A,ラトルシェ,2025-12-06,牝3,7
2025-02-08,pw01dud102022105960/81,ラナイ,2025-03-30,牝3,2
2025-06-14,pw01dud102022107340/19,ラパンチュール,2025-11-09,牝3,6
2025-12-21,pw01dud102023103580/8B,ラパンドール,2025-12-21,牡2,1
2025-04-12,pw01dud102020102648/81,ラパンラピッド,2025-08-03,せん5,4
2025-08-16,pw01dud102021102597/B9,ラビットアイ,2025-08-16,牝4,4
2025-11-01,pw01dud102021100652/8D,ラピダリア,2025-11-30,牝4,10
2025-05-17,pw01dud102022105363/B4,ラピッドグロウス,2025-05-17,牝3,1
2025-07-26,pw01dud102022106194/E4,ラピルスイメル,2025-08-16,牝3,6
2025-05-03,pw01dud102022104544/7A,ラファエラエンゼル,2025-08-03,牝3,4
2025-08-31,pw01dud102020103672/EE,ラファドゥラ,2025-10-05,牝5,4
2025-01-13,pw01dud102021105348/47,ラファミリア,2025-04-05,牡4,4
2025-01-05,pw01dud102022103680/30,ラファル,2025-12-13,牡3,8
2025-08-30,pw01dud102022103003/E3,ラファヴォリット,2025-12-14,牝3,6
2025-07-26,pw01dud102021104889/00,ラファールドール,2025-12-20,せん4,8
2025-08-16,pw01dud102020104738/80,ラフエイジアン,2025-12-21,せん5,5
2025-10-19,pw01dud102022101539/DC,ラフォン,2025-10-19,牡3,4
2025-08-17,pw01dud102023107154/1F,ラフターラインズ,2025-12-06,牝2,3
2025-07-12,pw01dud102023105664/46,ラフレードピエル,2025-09-20,牡2,4
2025-12-21,pw01dud102023100236/8D,ラフロレゾン,2025-12-21,牝2,1
2025-08-03,pw01dud102022107258/90,ラブアイミー,2025-12-07,牝3,8
2025-08-09,pw01dud102021100450/45,ラブアンドラッキー,2025-09-21,牝4,3
2025-10-13,pw01dud102023110043/B0,ラブインアクション,2025-11-09,牝2,2
2025-11-24,pw01dud102021101003/79,ラブカ,2025-11-24,牡4,8
2025-05-04,pw01dud102019101406/8B,ラブカヒルー,2025-05-18,牝6,6
2025-06-14,pw01dud102022106599/E7,ラブカマクフィー,2025-07-19,牝3,7
2025-11-15,pw01dud102021106586/F2,ラブカムーン,2025-11-15,牝4,9
2025-01-18,pw01dud102021110087/A4,ラブコメディ,2025-11-23,牝4,5
2025-04-12,pw01dud102022107257/1D,ラブスノー,2025-05-11,牝3,3
2025-07-19,pw01dud102023102312/B0,ラブソング,2025-11-09,牝2,5
2025-06-14,pw01dud102021104074/29,ラブディーヴァ,2025-11-01,牝4,8
2025-10-11,pw01dud102023109094/0C,ラブデウザ,2025-11-15,牝2,6
2025-11-02,pw01dud102023106827/B0,ラブトゥエニイワン,2025-11-02,牡2,1
2025-06-28,pw01dud102022103709/EC,ラブフォルテッシモ,2025-08-23,牝3,4
2025-10-18,pw01dud102023105611/9D,ラブペイトー,2025-11-08,牝2,2
2025-10-26,pw01dud102023106599/73,ラブミーアゲイン,2025-11-01,牝2,2
2025-01-06,pw01dud102022103248/C4,ラブミーナタリー,2025-01-18,牝3,2
2025-08-09,pw01dud102022103453/F7,ラブミーナッソー,2025-12-13,牝3,7
2025-06-21,pw01dud102023103093/FF,ラブミーヘンリー,2025-07-06,牝2,2
2025-01-13,pw01dud102022104975/E1,ラブリイグレイス,2025-08-10,牝3,5
2025-05-24,pw01dud102022104466/4F,ラブリイビジョン,2025-05-24,牡3,2
2025-02-16,pw01dud102020102431/EA,ラブリプリンチャン,2025-02-16,牝5,1
2025-04-26,pw01dud102022101136/BF,ラブリヴ,2025-04-26,牝3,3
2025-08-24,pw01dud102022106654/99,ラブリーウィザード,2025-11-01,牝3,4
2025-11-24,pw01dud102022102696/03,ラブリーガール,2025-11-24,牝3,4
2025-05-18,pw01dud102022105442/52,ラブリージャブリー,2025-10-04,牝3,4
2025-07-19,pw01dud102022100625/42,ラブリーリディア,2025-11-22,牝3,5
2025-05-03,pw01dud102022102212/F3,ラブリールチア,2025-05-03,牝3,3
2025-12-28,pw01dud102023101166/7B,ラブルラウザー,2025-12-28,牝2,4
2025-05-11,pw01dud102016106263/37,ラプタス,2025-05-11,せん9,1
2025-07-26,pw01dud102023103733/F6,ラプランセス,2025-12-13,牝2,5
2025-06-28,pw01dud102022102787/97,ラベルエラベット,2025-06-28,牝3,2
2025-07-27,pw01dud102022101006/5E,ラベンサラ,2025-07-27,牝3,5
2025-08-30,pw01dud102023106162/5A,ラベンダーヘイズ,2025-11-09,牡2,2
2025-08-03,pw01dud102020104780/38,ラホーヤストーム,2025-12-21,牝5,7
2025-08-17,pw01dud102022104385/CB,ラマヌジャン,2025-09-06,牡3,9
2025-08-03,pw01dud102022105201/3D,ラマンシュ,2025-12-06,牡3,4
2025-01-13,pw01dud102020101402/3E,ラミアストラーダ,2025-01-13,牡5,1
2025-10-18,pw01dud102022105858/D8,ラミアメンテ,2025-10-18,牝3,2
2025-09-27,pw01dud102023103248/50,ラミエルノムスコ,2025-12-27,牡2,2
2025-11-08,pw01dud102022105150/E9,ラミントン,2025-11-08,牝3,3
2025-06-21,pw01dud102022104631/42,ラムコーク,2025-06-21,牝3,3
2025-12-07,pw01dud102021106640/31,ラムジェット,2025-12-07,牡4,2
2025-08-03,pw01dud102022104943/CB,ラムセス,2025-08-24,牡3,2
2025-01-25,pw01dud102022100008/55,ラムセスノムスメ,2025-09-15,牝3,4
2025-01-25,pw01dud102021100579/A1,ラムゼイテソーロ,2025-01-25,牡4,1
2025-11-16,pw01dud102023109174/1D,ラムールデュヴォン,2025-12-14,牡2,7
2025-01-05,pw01dud102022110087/30,ララアヴリル,2025-11-01,牡3,8
2025-08-02,pw01dud102022106259/14,ララエキリーブル,2025-12-27,牡3,6
2025-01-06,pw01dud102019110070/64,ララガルグイユ,2025-01-06,牡6,1
2025-11-01,pw01dud102023102720/9E,ララクレアドルーン,2025-11-16,牝2,4
2025-07-26,pw01dud102022104625/FE,ララセドラティエ,2025-07-26,牝3,1
2025-07-05,pw01dud102022107380/59,ララセリーヌ,2025-07-05,牝3,3
2025-12-14,pw01dud102023101840/00,ララディアーブル,2025-12-28,牡2,2
2025-05-18,pw01dud102022101120/FD,ララナチュール,2025-05-18,牝3,1
2025-12-07,pw01dud102021107097/6F,ララバッカナール,2025-12-20,牝4,3
2025-07-06,pw01dud102022101405/AF,ララバニュルス,2025-07-06,牡3,4
2025-05-17,pw01dud102022100374/8C,ララパサージュ,2025-05-17,牡3,2
2025-12-28,pw01dud102023102845/2E,ララファキュルテ,2025-12-28,牡2,1
2025-05-04,pw01dud102020105841/8B,ララプロフォン,2025-05-04,牡5,1
2025-01-19,pw01dud102022100391/53,ララベルドゥニュイ,2025-08-03,牝3,4
2025-01-11,pw01dud102021100935/59,ララマセラシオン,2025-12-21,牡4,2
2025-05-18,pw01dud102020110116/66,ララマルシュドロワ,2025-12-14,せん5,5
2025-08-24,pw01dud102022103804/DE,ララヴァンダンジュ,2025-08-24,牝3,2
2025-07-26,pw01dud102021101072/76,ララヴィエルジュ,2025-08-30,牝4,2
2025-03-30,pw01dud102019105533/4F,ラリベラ,2025-03-30,牝6,2
2025-07-19,pw01dud102022105982/87,ラルガメンテ,2025-12-14,牝3,6
2025-08-02,pw01dud102022102269/68,ラルフテソーロ,2025-08-17,牡3,2
2025-12-27,pw01dud102023107019/ED,ラルルジェンヌ,2025-12-27,牝2,1
2025-04-12,pw01dud102021106681/E4,ラルンエベール,2025-08-16,牝4,5
2025-02-09,pw01dud102022101768/FB,ラルービーズ,2025-02-09,牝3,1
2025-08-09,pw01dud102020103696/DA,ラレーヌデリス,2025-11-01,牝5,7
2025-07-19,pw01dud102021106305/9D,ランウインディ,2025-10-12,牝4,7
2025-12-14,pw01dud102023107304/31,ランウェイミューズ,2025-12-14,牝2,1
2025-04-12,pw01dud102020103547/CC,ランカグア,2025-04-12,牝5,2
2025-11-09,pw01dud102023102253/32,ランギロア,2025-11-09,牡2,1
2025-07-05,pw01dud102023103620/5C,ラングドシャ,2025-11-08,牝2,2
2025-01-13,pw01dud102021104512/D8,ランゲル,2025-01-13,牝4,1
2025-05-11,pw01dud102022104401/B0,ランスオブカオス,2025-12-13,牡3,5
2025-08-10,pw01dud102023104798/84,ランスオブキング,2025-12-07,牡2,4
2025-09-07,pw01dud102021104427/F6,ランスオブクイーン,2025-09-07,牝4,6
2025-08-02,pw01dud102022104412/33,ランスオブコメット,2025-08-02,牡3,2
2025-08-10,pw01dud102020104739/F3,ランスオブサウンド,2025-08-17,牝5,6
2025-03-29,pw01dud102020104772/0E,ランスオブサターン,2025-10-18,牝5,7
2025-05-10,pw01dud102021102754/82,ランスオブセヘル,2025-11-22,牝4,6
2025-10-13,pw01dud102023103166/59,ランスオブヒーロー,2025-12-28,牡2,2
2025-06-07,pw01dud102022104396/4E,ランスオブフェイス,2025-08-31,牝3,5
2025-08-16,pw01dud102021104426/83,ランスオブプライム,2025-12-06,牝4,5
2025-12-07,pw01dud102023102639/88,ランスオブラヴ,2025-12-07,牝2,1
2025-06-22,pw01dud102020101250/46,ランスノーブル,2025-12-21,牝5,10
2025-10-19,pw01dud102023107039/0D,ランズダウンロード,2025-11-16,牡2,2
2025-11-24,pw01dud102021101241/35,ランタナヒルズ,2025-11-24,牝4,4
2025-11-23,pw01dud102023100035/B8,ランツェンライター,2025-11-23,牡2,1
2025-01-25,pw01dud102022105577/F2,ランツフート,2025-10-12,牡3,6
2025-05-24,pw01dud102022106359/45,ラントレイル,2025-11-16,牡3,4
2025-08-30,pw01dud102022109113/BE,ランドオブファイア,2025-08-30,牡3,2
2025-05-10,pw01dud102020104088/79,ランドオブラヴ,2025-12-13,牝5,6
2025-11-16,pw01dud102023100398/04,ランドスター,2025-12-20,牡2,5
2025-01-19,pw01dud102022106943/A9,ランドブレイブ,2025-12-14,牡3,7
2025-01-13,pw01dud102022106735/1D,ランドプリメーロ,2025-08-09,牡3,6
2025-08-03,pw01dud102023103632/52,ランニングビーチ,2025-11-16,牡2,4
2025-04-13,pw01dud102022100402/67,ランニングホット,2025-04-13,牝3,1
2025-02-01,pw01dud102022105261/9D,ランフォザプライド,2025-02-01,牡3,1
2025-11-24,pw01dud102022104130/DA,ランフォースマイル,2025-11-24,牝3,8
2025-12-20,pw01dud102022105291/CD,ランフォーヴァウ,2025-12-20,牝3,4
2025-12-20,pw01dud102023107013/3B,ランブルスコ,2025-12-20,牡2,1
2025-05-24,pw01dud102022102505/CF,ランブータン,2025-06-01,牡3,3
2025-11-16,pw01dud102023106780/BA,ランプローグ,2025-11-16,牝2,3
2025-03-23,pw01dud102020110012/69,ランベントライト,2025-03-23,牝5,1
2025-08-31,pw01dud102022104795/9F,ランメルスベルグ,2025-08-31,牝3,3
2025-01-25,pw01dud102022106323/63,ランワールドワン,2025-01-25,牡3,1
2025-01-19,pw01dud102022106118/30,ランヴェルスマン,2025-02-22,牡3,2
2025-06-28,pw01dud102022103984/8F,ランヴェルセ,2025-06-28,牡3,2
2025-06-29,pw01dud102020103937/80,ラヴァグロウ,2025-12-06,牝5,8
2025-08-31,pw01dud102022105423/A5,ラヴァフォール,2025-08-31,牝3,3
2025-11-29,pw01dud102022104687/44,ラヴァブル,2025-11-29,牝3,6
2025-06-22,pw01dud102021107098/E2,ラヴァンダ,2025-11-23,牝4,8
2025-07-27,pw01dud102022106740/EE,ラヴアンドホープ,2025-08-16,牝3,4
2025-07-20,pw01dud102022104570/DE,ラヴアンドライク,2025-12-21,牝3,6
2025-11-23,pw01dud102023106801/DE,ラヴィニアパーク,2025-11-23,牡2,1
2025-10-13,pw01dud102023107047/37,ラヴィニール,2025-10-13,牝2,1
2025-10-18,pw01dud102023103918/77,ラヴィングチャンプ,2025-10-18,牝2,1
2025-04-19,pw01dud102022100359/AB,ラヴィングユー,2025-09-14,牝3,3
2025-08-16,pw01dud102023103692/B2,ラヴィングリー,2025-11-15,牝2,3
2025-07-06,pw01dud102022101075/5B,ラヴィーズドリーム,2025-08-02,牝3,7
2025-11-08,pw01dud102023105238/1E,ラヴェニュー,2025-11-08,牡2,1
2025-05-18,pw01dud102020103390/95,ラヴェル,2025-06-22,牝5,4
2025-11-16,pw01dud102022106637/D2,ラヴェンデル,2025-12-13,牝3,5
2025-03-23,pw01dud102021104399/1B,ラヴオントップ,2025-10-18,牝4,6
2025-08-17,pw01dud102021105473/69,ラヴスコール,2025-12-20,牝4,7
2025-04-13,pw01dud102022100663/9C,ラヴスティンガー,2025-07-05,牝3,4
2025-11-30,pw01dud102023107292/AA,ラヴズプレミアム,2025-11-30,牡2,1
2025-10-13,pw01dud102023102131/FB,ラヴネヴァーダイズ,2025-10-25,牡2,2
2025-11-23,pw01dud102023105325/E6,ラヴノー,2025-11-23,牝2,2
2025-11-08,pw01dud102023101108/01,ラヴミーモア,2025-11-08,牡2,1
2025-01-18,pw01dud102022103573/48,ラヴリーチェリー,2025-02-02,牝3,2
2025-08-09,pw01dud102019101782/D2,ラーグルフ,2025-12-21,牡6,5
2025-08-03,pw01dud102022103406/00,ラーシャローム,2025-12-28,牡3,8
2025-09-27,pw01dud102023105560/49,ラージアンサンブル,2025-12-14,牡2,3
2025-10-26,pw01dud102022110066/9D,ラージギャラリー,2025-12-21,牝3,6
2025-07-26,pw01dud102022100263/D8,ラースアルアイン,2025-08-30,牡3,9
2025-02-02,pw01dud102020104285/82,ラーテル,2025-12-20,せん5,10
2025-11-24,pw01dud102022102785/B1,ラーナローザ,2025-12-07,牝3,11
2025-08-02,pw01dud102021105011/5F,ラーンザロープス,2025-08-02,牝4,6
2025-07-13,pw01dud102023103702/53,リアアーテシアン,2025-07-13,牝2,2
2025-06-15,pw01dud102019105277/C8,リアド,2025-10-25,牡6,5
2025-01-12,pw01dud102020105299/4D,リアライズ,2025-11-02,牡5,9
2025-08-17,pw01dud102022104386/3E,リアライズオネスト,2025-08-17,牡3,3
2025-08-10,pw01dud102022105773/88,リアライズオーラム,2025-10-11,牡3,8
2025-08-02,pw01dud102022105702/A5,リアライズカミオン,2025-09-15,牡3,4
2025-10-05,pw01dud102023105216/18,リアライズガイザー,2025-10-25,牡2,2
2025-10-04,pw01dud102023103720/8D,リアライズグリント,2025-10-12,牡2,2
2025-08-24,pw01dud102023103604/08,リアライズシリウス,2025-12-21,牡2,3
2025-12-20,pw01dud102023103706/1F,リアライズステラ,2025-12-20,牡2,1
2025-08-30,pw01dud102023105224/42,リアライズタキオン,2025-11-29,牡2,5
2025-06-29,pw01dud102022102773/BB,リアライズハロック,2025-06-29,牡3,4
2025-12-27,pw01dud102023103679/B7,リアライズパリオ,2025-12-27,牡2,1
2025-12-28,pw01dud102023103325/08,リアライズブライト,2025-12-28,牡2,1
2025-10-18,pw01dud102023103678/44,リアライズブラーヴ,2025-12-06,牡2,4
2025-08-17,pw01dud102023105284/A2,リアライズブルーム,2025-10-12,牝2,2
2025-07-19,pw01dud102023104303/F1,リアライズリバティ,2025-11-09,牝2,3
2025-08-09,pw01dud102022105560/BD,リアライズリリー,2025-08-09,牝3,3
2025-12-20,pw01dud102023104830/BD,リアライズルミナス,2025-12-20,牝2,2
2025-04-27,pw01dud102022105706/71,リアライズルークス,2025-04-27,牡3,1
2025-07-05,pw01dud102023101065/D7,リアルアルバ,2025-11-16,牡2,5
2025-09-07,pw01dud102021100461/C8,リアルカイザー,2025-09-07,牡4,2
2025-12-21,pw01dud102021105843/FD,リアルカラー,2025-12-21,牡4,1
2025-08-02,pw01dud102022107288/C0,リアルクィーン,2025-11-23,牝3,8
2025-05-18,pw01dud102022104787/75,リアルサファリ,2025-09-13,牝3,7
2025-02-22,pw01dud102022105598/85,リアルショット,2025-10-11,牡3,3
2025-01-05,pw01dud102022103290/7C,リアルスター,2025-05-18,牡3,6
2025-10-11,pw01dud102023101254/B6,リアルナイスガール,2025-12-13,牝2,3
2025-11-09,pw01dud102021105784/7F,リアルファインド,2025-11-09,牡4,2
2025-01-11,pw01dud102022104222/E1,リアルフォルゴーレ,2025-12-20,牡3,10
2025-10-05,pw01dud102023105194/81,リアルフォルツァ,2025-10-05,牡2,1
2025-12-06,pw01dud102021103316/53,リアルペガサス,2025-12-14,牡4,8
2025-06-21,pw01dud102021105496/E2,リアレスト,2025-11-22,牡4,6
2025-04-12,pw01dud102022104499/D8,リアンエターナル,2025-11-15,牝3,5
2025-08-23,pw01dud102021103293/49,リアンクトワ,2025-11-15,牝4,5
2025-07-12,pw01dud102022105462/72,リアンベーレ,2025-09-28,牡3,6
2025-07-05,pw01dud102023105253/FF,リアンマカ,2025-12-21,牡2,4
2025-08-31,pw01dud102023104430/F9,リアンマヒナ,2025-12-20,牡2,4
2025-08-23,pw01dud102021105887/09,リエータメンテ,2025-10-19,牝4,6
2025-12-27,pw01dud102023103103/A0,リオクリスハーレー,2025-12-27,牝2,2
2025-06-21,pw01dud102023103080/96,リオマダムレッド,2025-07-13,牝2,2
2025-07-13,pw01dud102023100328/94,リオンアンサー,2025-12-06,牝2,5
2025-11-16,pw01dud102020102589/03,リオンエトワール,2025-12-13,せん5,5
2025-10-26,pw01dud102023101586/5F,リオンサーガ,2025-11-15,牡2,2
2025-11-09,pw01dud102022103100/BB,リオンプライム,2025-11-15,牝3,11
2025-11-22,pw01dud102019103823/F4,リカンカブール,2025-11-22,せん6,5
2025-01-13,pw01dud102022100080/3D,リカントロポ,2025-11-09,牡3,9
2025-08-30,pw01dud102022107387/7E,リカード,2025-10-18,牝3,6
2025-03-23,pw01dud102022104556/70,リガーレ,2025-11-15,牡3,4
2025-02-02,pw01dud102018101796/22,リキサントライ,2025-02-02,牡7,1
2025-06-15,pw01dud102022106624/69,リギーロ,2025-12-28,牡3,8
2025-06-29,pw01dud102022101398/67,リクエイ,2025-11-29,牝3,7
2025-02-16,pw01dud102022106428/D3,リケアアッサム,2025-02-16,牝3,1
2025-03-09,pw01dud102022102173/95,リケアエスプレッソ,2025-04-19,牡3,4
2025-04-26,pw01dud102022100765/B3,リケアキャンディ,2025-10-05,牝3,7
2025-04-20,pw01dud102022102621/54,リケアコンパンナ,2025-07-19,牡3,6
2025-03-29,pw01dud102022104576/90,リケアダージリン,2025-03-29,牝3,1
2025-05-31,pw01dud102022103082/F0,リケアディンブラ,2025-05-31,牝3,2
2025-11-24,pw01dud102023103179/C2,リケアフェデリーニ,2025-12-27,牝2,4
2025-09-20,pw01dud102023101679/D9,リケアペンネ,2025-12-27,牝2,3
2025-11-16,pw01dud102023104808/25,リケアマカロニ,2025-12-06,牝2,2
2025-08-24,pw01dud102023102103/B1,リケアラザニア,2025-10-05,牝2,3
2025-07-05,pw01dud102023107439/D1,リケアリングイネ,2025-09-21,牝2,3
2025-08-16,pw01dud102022103025/E9,リケアルフナ,2025-09-14,牝3,3
2025-02-08,pw01dud102022102373/F7,リコリスラジアータ,2025-04-20,牝3,2
2025-06-29,pw01dud102022102243/96,リコーシュペル,2025-06-29,牝3,1
2025-01-12,pw01dud102019105404/61,リゴレット,2025-01-12,牝6,1
2025-12-13,pw01dud102023106651/CC,リサシテーション,2025-12-28,牡2,2
2025-02-02,pw01dud102020109067/91,リサリサ,2025-05-25,牝5,3
2025-01-25,pw01dud102022100392/C6,リザンテラ,2025-03-23,牝3,2
2025-03-29,pw01dud102022105276/EC,リザードアイランド,2025-12-07,牡3,4
2025-05-04,pw01dud102020102229/10,リシャールケリー,2025-06-29,牡5,2
2025-10-26,pw01dud102021101457/59,リジル,2025-10-26,牝4,6
2025-01-06,pw01dud102019103983/85,リジン,2025-09-20,牡6,6
2025-07-12,pw01dud102023101191/6C,リスペクトライト,2025-12-20,牡2,4
2025-08-24,pw01dud102023107320/85,リスレジャンデール,2025-11-23,牝2,3
2025-12-21,pw01dud102023103303/02,リゼクールグレー,2025-12-21,牡2,1
2025-08-17,pw01dud102019102676/4C,リゼレインボー,2025-08-17,牡6,5
2025-10-13,pw01dud102023106916/5E,リゾートアイランド,2025-12-20,牡2,3
2025-05-17,pw01dud102020105650/C6,リチャ,2025-06-22,牡5,2
2025-12-21,pw01dud102021103977/4C,リチャードバローズ,2025-12-21,牡4,4
2025-06-21,pw01dud102019106748/EF,リチュアル,2025-10-19,せん6,7
2025-10-19,pw01dud102022103577/14,リッキースタイル,2025-12-13,牡3,7
2025-02-15,pw01dud102019106513/1E,リッキーマジック,2025-02-15,牝6,1
2025-01-05,pw01dud102019101673/04,リッキーヤスオカ,2025-01-05,牡6,1
2025-08-10,pw01dud102022105015/B7,リックメイン,2025-08-23,牝3,9
2025-05-10,pw01dud102018103590/EC,リッケンバッカー,2025-12-28,牡7,10
2025-04-26,pw01dud102022105810/00,リッスンクロース,2025-06-07,牝3,3
2025-01-05,pw01dud102022105741/72,リッター,2025-01-05,牡3,1
2025-12-28,pw01dud102020100555/29,リッチハンター,2025-12-28,牡5,1
2025-08-03,pw01dud102023105948/85,リッチフィールド,2025-08-03,牡2,2
2025-08-09,pw01dud102019103816/3D,リッチブラック,2025-08-24,牡6,7
2025-11-29,pw01dud102023106415/F6,リッチリーエコー,2025-12-13,牝2,2
2025-08-02,pw01dud102023103981/C2,リトゥリア,2025-10-13,牝2,4
2025-11-15,pw01dud102023105640/5A,リトセア,2025-12-06,牝2,2
2025-10-13,pw01dud102023101264/C6,リトルエンジェル,2025-10-13,牝2,2
2025-08-10,pw01dud102022105213/33,リトルガールブルー,2025-09-15,牝3,6
2025-01-13,pw01dud102022105636/70,リトルサムシング,2025-01-13,牡3,1
2025-08-09,pw01dud102022102365/CD,リトルシップス,2025-08-09,牡3,1
2025-02-16,pw01dud102022106744/BA,リトルジャイアンツ,2025-02-16,牡3,2
2025-01-06,pw01dud102022104779/4B,リトルスカーレット,2025-12-28,牝3,7
2025-05-10,pw01dud102021106624/DD,リトルハピ,2025-12-27,牡4,4
2025-08-30,pw01dud102020102599/13,リトルミム,2025-09-20,牝5,2
2025-08-23,pw01dud102022110068/83,リドルトリガー,2025-12-07,牝3,6
2025-11-08,pw01dud102023105419/D3,リナクィーンアスク,2025-11-08,牝2,1
2025-12-07,pw01dud102023100290/3B,リナシタ,2025-12-07,牝2,1
2025-01-11,pw01dud102021106757/97,リネアグローリア,2025-12-21,牡4,10
2025-11-30,pw01dud102023102408/83,リネアベルタ,2025-12-13,牝2,2
2025-07-06,pw01dud102023100728/58,リネンタイリン,2025-12-13,牡2,7
2025-05-04,pw01dud102022101185/9C,リネンドライブ,2025-05-04,せん3,4
2025-02-22,pw01dud102022101174/19,リネンフラッシュ,2025-04-19,せん3,3
2025-07-06,pw01dud102022101184/29,リネンプリンセス,2025-07-06,牝3,5
2025-05-25,pw01dud102019101620/5B,リノアラ,2025-12-20,牝6,8
2025-12-28,pw01dud102023102878/B7,リノルアナ,2025-12-28,牡2,1
2025-08-02,pw01dud102022101645/51,リバティフレイム,2025-08-02,牡3,4
2025-08-16,pw01dud102023105932/C3,リバテイー,2025-12-27,牝2,6
2025-11-08,pw01dud102023104167/BB,リバーシティ,2025-11-08,牡2,3
2025-12-07,pw01dud102023102560/7C,リバージュエル,2025-12-07,牝2,1
2025-07-27,pw01dud102022105859/4B,リバースザトレンド,2025-07-27,牝3,3
2025-12-20,pw01dud102023101484/48,リバーソニック,2025-12-20,牡2,1
2025-05-03,pw01dud102020102703/33,リバートゥルー,2025-10-18,牝5,6
2025-11-29,pw01dud102022105144/A5,リバーバレイト,2025-11-29,牡3,4
2025-05-25,pw01dud102020101678/C2,リバーラ,2025-10-26,牝5,4
2025-11-02,pw01dud102023107295/03,リヒトミューレ,2025-11-02,牡2,5
2025-08-17,pw01dud102020105633/FF,リビアングラス,2025-11-15,牡5,7
2025-07-27,pw01dud102022102900/54,リビングストン,2025-08-30,牡3,5
2025-11-16,pw01dud102023101313/34,リピ,2025-12-07,牝2,2
2025-08-02,pw01dud102023107412/8C,リピース,2025-11-02,牝2,4
2025-12-14,pw01dud102023106018/8B,リフラ,2025-12-14,牡2,4
2025-08-16,pw01dud102021104635/82,リフレクトザムーン,2025-08-23,牝4,6
2025-08-10,pw01dud102023105748/23,リフレックス,2025-11-09,牡2,6
2025-07-13,pw01dud102018104225/17,リフレーミング,2025-12-13,牡7,6
2025-07-20,pw01dud102021104371/63,リプレイ,2025-10-13,牝4,4
2025-02-16,pw01dud102020103559/C2,リプレゼント,2025-06-22,牡5,3
2025-06-29,pw01dud102023107082/38,リベッチオ,2025-12-07,牡2,2
2025-12-20,pw01dud102023107126/D5,リベルタアーラ,2025-12-20,牝2,1
2025-12-07,pw01dud102021104822/7B,リボルトバレット,2025-12-20,牡4,2
2025-11-15,pw01dud102022105338/C3,リポサンテ,2025-11-15,牝3,6
2025-08-31,pw01dud102022104301/7F,リポジノ,2025-09-07,牝3,6
2025-06-15,pw01dud102020101537/DE,リミットバスター,2025-06-15,牡5,5
2025-03-16,pw01dud102021104554/FE,リメリック,2025-03-16,牡4,4
2025-01-11,pw01dud102022100321/E3,リメンバーヒム,2025-12-06,牡3,10
2025-08-02,pw01dud102021105125/6C,リヤンドゥミラクル,2025-12-07,牝4,5
2025-01-26,pw01dud102020102961/0F,リヤンドメテオール,2025-01-26,牝5,1
2025-08-30,pw01dud102023102574/58,リュウカルネ,2025-08-30,牡2,1
2025-12-28,pw01dud102023101532/43,リュウゴピュア,2025-12-28,牡2,1
2025-08-31,pw01dud102022103234/E8,リュウジンオー,2025-09-06,牡3,8
2025-05-24,pw01dud102022105883/C9,リュウジンマル,2025-08-10,牡3,4
2025-07-19,pw01dud102023106437/FC,リュウセイコウテイ,2025-12-28,牡2,5
2025-08-10,pw01dud102022106809/EA,リュウゼツラン,2025-08-10,牝3,9
2025-06-28,pw01dud102023102830/DF,リュウノエッセンス,2025-11-29,牝2,8
2025-05-17,pw01dud102022100023/36,リュウノシャモニー,2025-05-17,牝3,3
2025-06-22,pw01dud102021104365/1F,リュウノタブーク,2025-10-18,牝4,3
2025-01-11,pw01dud102022103523/F8,リュウノドラゴン,2025-01-11,牡3,1
2025-04-19,pw01dud102022109031/C7,リュウノハミング,2025-04-19,牝3,2
2025-01-13,pw01dud102022104356/0E,リュウノヒナギク,2025-01-13,牝3,1
2025-07-19,pw01dud102022107028/FE,リュウノヒルド,2025-07-27,牝3,3
2025-08-10,pw01dud102023107451/59,リュウノプティ,2025-08-16,牝2,2
2025-01-26,pw01dud102022100139/29,リュウレイ,2025-05-24,牝3,4
2025-07-05,pw01dud102022107167/FC,リュキア,2025-12-13,牡3,7
2025-04-19,pw01dud102017100447/37,リュクスウォリアー,2025-04-19,牡8,1
2025-07-27,pw01dud102020102944/48,リュクススティール,2025-07-27,せん5,5
2025-03-29,pw01dud102020106927/3D,リュクスドレフォン,2025-12-07,牡5,6
2025-12-20,pw01dud102023105259/B1,リュクスパトロール,2025-12-20,牝2,1
2025-02-16,pw01dud102022105565/FC,リュクスビスケッツ,2025-04-26,牝3,4
2025-05-03,pw01dud102021103285/1F,リュクスレオン,2025-05-03,牡4,3
2025-11-16,pw01dud102021105853/0D,リュケイオン,2025-11-16,牡4,1
2025-11-30,pw01dud102023104153/DF,リュシエル,2025-12-21,牝2,2
2025-08-09,pw01dud102022101423/E9,リュトン,2025-08-09,牡3,5
2025-11-09,pw01dud102023103775/1C,リュネヴィル,2025-11-09,牝2,1
2025-05-11,pw01dud102019104586/09,リュミエールノワル,2025-06-15,せん6,2
2025-07-26,pw01dud102022101465/0F,リュミナーズ,2025-12-14,牝3,8
2025-10-18,pw01dud102021105508/69,リューデスハイム,2025-12-14,牡4,5
2025-07-06,pw01dud102019105483/6E,リューベック,2025-07-06,牡6,2
2025-03-02,pw01dud102022100775/C3,リョウランナイト,2025-03-02,牡3,1
2025-10-19,pw01dud102023104412/BF,リラ,2025-10-26,牝2,3
2025-08-23,pw01dud102022103934/3F,リライトヒストリー,2025-08-23,牡3,8
2025-06-01,pw01dud102022104922/38,リラエンブレム,2025-06-01,牡3,3
2025-05-24,pw01dud102022103032/A0,リラキトス,2025-08-17,牡3,7
2025-08-03,pw01dud102022103518/27,リラゲイル,2025-12-27,牡3,7
2025-11-08,pw01dud102023106372/CC,リラベガ,2025-11-24,牝2,2
2025-08-02,pw01dud102021103519/0E,リラボニート,2025-12-20,牝4,8
2025-06-14,pw01dud102022105989/AC,リリアンファスト,2025-06-14,牝3,3
2025-03-16,pw01dud102022104798/F8,リリカルガンマン,2025-03-16,牝3,1
2025-04-20,pw01dud102019100689/D7,リリーアロー,2025-11-09,牡6,8
2025-07-26,pw01dud102022105561/30,リリーオブザハート,2025-08-16,牝3,7
2025-12-28,pw01dud102023105699/B5,リリークリスタル,2025-12-28,牝2,1
2025-10-04,pw01dud102023104172/8C,リリーサンダー,2025-10-04,牡2,1
2025-11-01,pw01dud102023103592/81,リリーサンライズ,2025-11-22,牝2,3
2025-07-06,pw01dud102020106353/7B,リリージェーン,2025-12-13,牝5,3
2025-09-06,pw01dud102023105312/7D,リリージョワ,2025-10-19,牝2,2
2025-05-03,pw01dud102022106007/7C,リリードリーマー,2025-09-14,牝3,9
2025-07-06,pw01dud102022105718/67,リリーフィールド,2025-11-08,牝3,6
2025-06-14,pw01dud102018104841/91,リリーブライト,2025-12-21,牡7,9
2025-12-20,pw01dud102023106813/D4,リリーボレア,2025-12-20,牝2,1
2025-03-15,pw01dud102022104249/26,リリーライナー,2025-03-15,牡3,3
2025-07-05,pw01dud102017105272/71,リレーションシップ,2025-07-05,牡8,4
2025-01-26,pw01dud102022103375/CC,リワードインペリオ,2025-03-09,牡3,2
2025-06-21,pw01dud102023102267/0E,リワードシュテルン,2025-11-15,牝2,3
2025-08-30,pw01dud102022103973/0C,リワードパシオン,2025-08-30,牡3,6
2025-04-19,pw01dud102021103385/50,リワードファラオン,2025-04-19,牡4,2
2025-10-19,pw01dud102023101576/4F,リン,2025-12-20,牡2,2
2025-07-20,pw01dud102022107266/BA,リンガスマイル,2025-07-27,牡3,4
2025-05-25,pw01dud102022105815/3F,リンクスティップ,2025-11-16,牝3,5
2025-02-16,pw01dud102019105510/D6,リンクスルーファス,2025-02-23,牝6,2
2025-11-16,pw01dud102022105011/EB,リンゲルブルーメ,2025-11-16,牝3,8
2025-06-15,pw01dud102022106586/7E,リンダ,2025-06-15,牝3,2
2025-07-27,pw01dud102023101735/FE,リントゥラウル,2025-08-17,牡2,2
2025-01-18,pw01dud102019101200/77,リンドラゴ,2025-02-10,牡6,2
2025-03-01,pw01dud102018104797/62,リンフレスカンテ,2025-03-23,牡7,2
2025-11-29,pw01dud102023107135/72,リンリスゴー,2025-11-29,牡2,1
2025-12-07,pw01dud102023103585/CA,リヴァイ,2025-12-07,牡2,1
2025-10-19,pw01dud102021103490/52,リヴァイデント,2025-12-14,牝4,7
2025-03-16,pw01dud102022103038/52,リヴァスピナー,2025-03-16,牡3,1
2025-10-13,pw01dud102023102407/10,リヴァデラルナ,2025-11-02,牡2,2
2025-01-18,pw01dud102022100444/8D,リヴァーブ,2025-01-18,牡3,1
2025-10-11,pw01dud102023103685/FB,リーガルスプレンダ,2025-12-13,牝2,4
2025-10-04,pw01dud102023106284/91,リーグナイト,2025-10-18,牡2,2
2025-09-07,pw01dud102022100538/7A,リーサイェイ,2025-09-07,牡3,5
2025-10-26,pw01dud102021110081/F2,リーサムギニー,2025-10-26,牡4,5
2025-07-12,pw01dud102022104054/95,リースアンドリボン,2025-08-31,牝3,3
2025-08-03,pw01dud102020104750/08,リーゼノアール,2025-12-21,せん5,6
2025-10-04,pw01dud102021104285/0E,リーゼントジェイド,2025-12-07,せん4,3
2025-08-02,pw01dud102018104268/B0,リーゼントジャンボ,2025-08-02,牡7,4
2025-02-01,pw01dud102020100914/3A,リーゼントミニー,2025-02-01,牝5,1
2025-10-26,pw01dud102023103590/9B,リーチグローリー,2025-11-08,牝2,2
2025-05-25,pw01dud102022110040/CB,リーティアコナル,2025-08-30,牡3,9
2025-08-16,pw01dud102023104425/28,リーデレクオーレ,2025-11-09,牝2,4
2025-12-21,pw01dud102023105148/FD,リードアクター,2025-12-21,牡2,1
2025-09-07,pw01dud102021102654/51,リードアクトレス,2025-12-14,牝4,10
2025-05-10,pw01dud102022105748/97,リードプリンシパル,2025-09-14,牝3,8
2025-10-12,pw01dud102023103729/98,リーピングサイン,2025-12-21,牝2,2
2025-07-05,pw01dud102022110158/A4,リーフアクアリウム,2025-08-30,牡3,4
2025-01-11,pw01dud102022105732/D5,リープアップ,2025-03-15,牝3,2
2025-05-10,pw01dud102022104469/A8,リープサンバウンズ,2025-05-10,牡3,2
2025-12-28,pw01dud102023101699/F9,ルアグロール,2025-12-28,牡2,1
2025-04-19,pw01dud102022105763/78,ルアスカリーン,2025-04-19,牝3,2
2025-11-24,pw01dud102022100574/EE,ルイステソーロ,2025-11-24,牡3,5
2025-08-23,pw01dud102021105040/1C,ルカランフィースト,2025-08-23,牡4,5
2025-01-05,pw01dud102020102563/31,ルカン,2025-01-05,牝5,1
2025-09-28,pw01dud102020106851/8A,ルガル,2025-12-27,牡5,4
2025-07-27,pw01dud102021101100/51,ルクスアドラー,2025-11-09,牡4,6
2025-07-05,pw01dud102023101626/30,ルクスアンジュ,2025-11-16,牝2,3
2025-08-30,pw01dud102022103952/79,ルクスエクレール,2025-08-30,牡3,4
2025-11-29,pw01dud102023102221/1C,ルクスキャンディ,2025-12-21,牝2,2
2025-03-23,pw01dud102022101126/AF,ルクスコスモス,2025-08-23,牝3,5
2025-08-09,pw01dud102022103214/C8,ルクスコロン,2025-08-09,牝3,6
2025-08-02,pw01dud102022104784/1C,ルクスジニア,2025-12-14,牝3,8
2025-08-10,pw01dud102023100669/DA,ルクスディグニティ,2025-08-30,牡2,2
2025-03-29,pw01dud102022101127/22,ルクスデイジー,2025-11-08,牝3,6
2025-04-19,pw01dud102022102028/53,ルクストリッド,2025-04-19,牡3,1
2025-08-24,pw01dud102020101284/42,ルクスドヌーヴ,2025-11-22,牝5,7
2025-11-16,pw01dud102023102763/37,ルクスドリーム,2025-12-14,牡2,2
2025-02-10,pw01dud102021105529/FC,ルクスノア,2025-10-04,牝4,4
2025-02-01,pw01dud102021102054/2B,ルクスパラディ,2025-02-01,牝4,1
2025-01-25,pw01dud102020104297/78,ルクスビッグスター,2025-07-26,牡5,4
2025-11-08,pw01dud102022104126/7C,ルクスフレンジー,2025-11-08,牡3,8
2025-05-04,pw01dud102020104474/61,ルクスフロンティア,2025-09-27,牡5,5
2025-12-20,pw01dud102023102768/76,ルクスプロフェシー,2025-12-20,牡2,2
2025-12-14,pw01dud102023102767/03,ルクスポップスター,2025-12-14,牡2,1
2025-11-22,pw01dud102021104105/5D,ルクスマーベリック,2025-12-20,せん4,6
2025-07-20,pw01dud102020102186/E6,ルクスメテオール,2025-09-14,牡5,4
2025-10-18,pw01dud102022102037/F0,ルクスメンデス,2025-11-15,牡3,6
2025-11-09,pw01dud102023102765/1D,ルクスユアン,2025-11-09,牡2,1
2025-11-24,pw01dud102023100670/DF,ルクスレイモンド,2025-12-07,牡2,3
2025-10-11,pw01dud102023102782/E4,ルクソンライト,2025-10-11,牡2,1
2025-02-23,pw01dud102022110083/64,ルクソールカフェ,2025-12-07,牡3,5
2025-11-23,pw01dud102023107322/6B,ルクリーシア,2025-11-23,牝2,2
2025-10-25,pw01dud102020101635/29,ルクルス,2025-10-25,牡5,4
2025-07-27,pw01dud102022102611/44,ルグランシャリオ,2025-12-14,牡3,7
2025-08-10,pw01dud102022105775/6E,ルグランヴァン,2025-11-08,牡3,7
2025-08-03,pw01dud102023104052/3B,ルサフィール,2025-12-20,牝2,4
2025-04-12,pw01dud102022105996/63,ルシェロアズーリ,2025-11-22,牝3,7
2025-08-23,pw01dud102022104640/DF,ルシタニア,2025-11-15,牡3,8
2025-11-16,pw01dud102021105379/EA,ルシフェル,2025-11-16,牝4,4
2025-06-01,pw01dud102022107248/80,ルシャリオ,2025-06-01,牡3,1
2025-07-06,pw01dud102022105863/A9,ルシャルムール,2025-11-22,せん3,5
2025-05-17,pw01dud102021105630/32,ルシュヴァルドール,2025-12-21,牡4,5
2025-08-02,pw01dud102022103592/F5,ルシード,2025-12-27,牡3,9
2025-01-25,pw01dud102022106649/C8,ルジャーダ,2025-02-16,牝3,2
2025-08-17,pw01dud102022103578/87,ルジュウェール,2025-08-17,牡3,4
2025-01-13,pw01dud102022105726/91,ルセルマンダムール,2025-08-30,牡3,7
2025-02-09,pw01dud102020100897/E2,ルソレイユ,2025-09-21,牡5,4
2025-08-09,pw01dud102022103584/CB,ルチアーナ,2025-09-27,牝3,5
2025-01-11,pw01dud102022106602/63,ルチェンシス,2025-01-26,牝3,2
2025-08-03,pw01dud102022100643/7C,ルックアップトゥー,2025-08-03,牝3,4
2025-07-12,pw01dud102022103727/26,ルックアトミー,2025-07-12,牝3,3
2025-08-02,pw01dud102022103987/E8,ルックフォラスター,2025-08-23,牝3,2
2025-04-19,pw01dud102022107091/49,ルディシャ,2025-06-29,牡3,4
2025-07-05,pw01dud102021110008/97,ルディック,2025-11-09,牡4,9
2025-08-09,pw01dud102023103934/CB,ルディドゥゲンジ,2025-10-05,牝2,3
2025-11-24,pw01dud102021104929/D1,ルトゥール,2025-11-24,牝4,6
2025-07-05,pw01dud102022104560/CE,ルトンワージ,2025-12-21,牡3,12
2025-08-03,pw01dud102018105213/10,ルドヴィクス,2025-12-20,牡7,8
2025-06-22,pw01dud102022100260/7F,ルナティックアイ,2025-06-29,牡3,6
2025-11-30,pw01dud102023100591/41,ルナドロップ,2025-11-30,牝2,1
2025-05-10,pw01dud102020106579/AF,ルナビス,2025-11-09,牝5,8
2025-12-20,pw01dud102023104520/1A,ルナフィオーレ,2025-12-20,牝2,2
2025-05-03,pw01dud102022104489/C8,ルナフェイズ,2025-05-03,牝3,2
2025-05-18,pw01dud102022102519/AB,ルナプローブ,2025-05-24,牝3,2
2025-07-27,pw01dud102022105233/53,ルナルーチェット,2025-11-22,牝3,8
2025-03-02,pw01dud102022103001/FD,ルナヴェローチェ,2025-03-08,牡3,2
2025-08-30,pw01dud102023101176/8B,ルナーマンス,2025-10-13,牝2,2
2025-11-08,pw01dud102023105228/0E,ルパピヨンブラン,2025-11-08,牝2,2
2025-07-27,pw01dud102022105279/45,ルパヴィヨン,2025-12-20,牝3,7
2025-09-27,pw01dud102023107081/C5,ルビドゥソレイユ,2025-12-27,牝2,3
2025-08-02,pw01dud102023102899/4A,ルビーエクリプス,2025-12-13,牝2,5
2025-11-22,pw01dud102023105736/2D,ルビーブロンド,2025-12-13,牝2,3
2025-10-05,pw01dud102023104339/D3,ルファーダ,2025-11-23,牡2,4
2025-05-04,pw01dud102021105502/B7,ルフトクス,2025-07-12,牝4,6
2025-09-07,pw01dud102022106320/0A,ルブリアン,2025-11-15,牡3,7
2025-05-10,pw01dud102019105754/44,ルプランドル,2025-12-20,牝6,6
2025-01-12,pw01dud102016105223/08,ルプリュフォール,2025-01-12,せん9,1
2025-12-07,pw01dud102023107392/DB,ルプルミエラムール,2025-12-07,牝2,1
2025-11-16,pw01dud102023102380/3A,ルペイドゥロール,2025-12-06,牡2,2
2025-05-11,pw01dud102021104755/D3,ルミエールドゥース,2025-09-21,牝4,7
2025-05-25,pw01dud102021104911/29,ルミッキ,2025-12-20,牝4,7
2025-11-08,pw01dud102023107284/80,ルミテュット,2025-11-08,牝2,2
2025-05-10,pw01dud102021103146/21,ルミナスサンライズ,2025-09-28,牝4,3
2025-08-17,pw01dud102022106701/21,ルミナスピラー,2025-10-13,牝3,4
2025-04-13,pw01dud102019105142/28,ルミナスフラックス,2025-05-11,せん6,3
2025-02-10,pw01dud102021100133/EB,ルミナスボディ,2025-02-10,牝4,1
2025-04-19,pw01dud102022100013/26,ルミナヴィクター,2025-05-11,牡3,5
2025-01-26,pw01dud102020104332/0A,ルミノメテオール,2025-11-29,牝5,6
2025-08-02,pw01dud102023103831/41,ルミノヴァンクール,2025-08-02,牡2,1
2025-07-20,pw01dud102022106795/7D,ルラクソント,2025-07-20,牡3,2
2025-11-16,pw01dud102023107533/50,ルリエアンレーヴ,2025-11-22,牡2,2
2025-05-31,pw01dud102022106090/E7,ルリモンハナバチ,2025-09-15,牝3,6
2025-06-29,pw01dud102020100572/F0,ルルシュシュ,2025-07-19,牝5,5
2025-01-11,pw01dud102021102391/A5,ルルディルッカ,2025-02-08,牝4,2
2025-08-03,pw01dud102022102502/76,ルルファーレ,2025-08-03,牝3,4
2025-10-13,pw01dud102021102894/F3,ルルフィーユ,2025-11-09,牝4,2
2025-11-08,pw01dud102023101830/F0,ルルマーレ,2025-12-06,牝2,2
2025-03-15,pw01dud102022100883/1E,ルルーディ,2025-08-10,牝3,3
2025-01-06,pw01dud102017103710/42,ルレーヴドゥリリ,2025-04-12,牝8,3
2025-04-20,pw01dud102022101766/15,ルロワ,2025-04-20,牝3,2
2025-02-09,pw01dud102020101367/AC,ルンナノオクリモノ,2025-03-02,牡5,2
2025-10-26,pw01dud102023102403/44,ルンベーラ,2025-12-21,牝2,4
2025-02-02,pw01dud102022100994/D2,ルヴァレドクール,2025-11-29,牡3,3
2025-01-13,pw01dud102022106755/3D,ルヴァロワール,2025-03-16,牡3,2
2025-06-21,pw01dud102018106701/FE,ルヴァンノワール,2025-12-21,牝7,11
2025-08-10,pw01dud102022103941/F6,ルヴァンユニベール,2025-10-12,牡3,7
2025-12-20,pw01dud102023106319/91,ルヴレアール,2025-12-20,牡2,2
2025-02-22,pw01dud102022101543/3A,ルークススペイ,2025-12-06,牡3,9
2025-04-12,pw01dud102019105807/7E,ルークスヘリオス,2025-08-17,牡6,7
2025-01-25,pw01dud102022109066/36,ルークピオーネ,2025-07-27,牝3,4
2025-07-26,pw01dud102023103536/ED,ルージュアストレア,2025-10-19,牝2,2
2025-06-29,pw01dud102020101610/CA,ルージュアズライト,2025-12-28,牝5,5
2025-05-03,pw01dud102021105058/C4,ルージュアベリア,2025-12-14,牝4,8
2025-08-30,pw01dud102022105762/05,ルージュアマリア,2025-08-30,牝3,4
2025-01-26,pw01dud102020110121/37,ルージュアマルフィ,2025-01-26,牝5,1
2025-11-08,pw01dud102023103427/1F,ルージュアリスタ,2025-12-06,牝2,3
2025-02-09,pw01dud102019105659/52,ルージュアルル,2025-02-09,牝6,2
2025-07-27,pw01dud102020103701/3C,ルージュイストリア,2025-10-26,牝5,6
2025-08-16,pw01dud102021104931/49,ルージュカエラ,2025-11-09,牝4,5
2025-08-10,pw01dud102022105046/5A,ルージュカリーナ,2025-08-10,牝3,5
2025-07-05,pw01dud102023103595/DA,ルージュカルデア,2025-10-18,牝2,4
2025-05-17,pw01dud102022102945/D3,ルージュキャルト,2025-06-15,牝3,3
2025-04-12,pw01dud102021103078/06,ルージュクライト,2025-04-12,牝4,3
2025-11-09,pw01dud102020104570/C6,ルージュクレセント,2025-11-22,牝5,8
2025-06-15,pw01dud102023103721/00,ルージュサウダージ,2025-12-06,牝2,4
2025-04-13,pw01dud102021105536/B3,ルージュサリナス,2025-12-06,牝4,6
2025-04-20,pw01dud102022102407/84,ルージュサンセール,2025-09-07,牝3,3
2025-01-25,pw01dud102019105541/79,ルージュシェノン,2025-01-25,牝6,1
2025-11-02,pw01dud102023103442/00,ルージュシャラポワ,2025-11-02,牝2,1
2025-06-21,pw01dud102021105640/42,ルージュシュエット,2025-07-20,牝4,7
2025-09-13,pw01dud102022106343/83,ルージュシークエル,2025-09-13,牝3,1
2025-08-16,pw01dud102021105863/1D,ルージュスエルテ,2025-12-07,牝4,7
2025-04-27,pw01dud102021105775/E2,ルージュスタニング,2025-08-03,牝4,4
2025-08-17,pw01dud102022103063/43,ルージュスティーズ,2025-11-08,牝3,6
2025-11-15,pw01dud102023103605/7B,ルージュソムニウム,2025-11-15,牝2,1
2025-05-03,pw01dud102022105157/0E,ルージュソリテール,2025-10-19,牝3,5
2025-08-24,pw01dud102023105345/06,ルージュダリア,2025-08-24,牝2,1
2025-02-08,pw01dud102022105162/DF,ルージュナリッシュ,2025-12-20,牝3,6
2025-08-16,pw01dud102023106174/50,ルージュノヴァ,2025-09-28,牝2,3
2025-10-05,pw01dud102023107105/42,ルージュバロン,2025-10-05,牝2,1
2025-08-16,pw01dud102022105570/CD,ルージュパラディ,2025-08-16,牝3,3
2025-10-11,pw01dud102023107337/BA,ルージュビバーチェ,2025-11-30,牝2,2
2025-05-24,pw01dud102021105287/E3,ルージュピルエット,2025-05-24,牝4,1
2025-04-12,pw01dud102022107260/08,ルージュフレイヤ,2025-08-09,牝3,3
2025-12-27,pw01dud102023105416/7A,ルージュフローラ,2025-12-27,牝2,1
2025-02-16,pw01dud102019104685/C7,ルージュブラゾン,2025-02-16,牝6,1
2025-10-11,pw01dud102023101558/15,ルージュブリッツ,2025-11-23,牝2,3
2025-10-18,pw01dud102023103606/EE,ルージュプルーヴ,2025-11-09,牝2,3
2025-10-12,pw01dud102021105749/7E,ルージュベルベット,2025-12-07,牝4,3
2025-07-13,pw01dud102023103386/DB,ルージュボヤージュ,2025-07-13,牝2,1
2025-08-17,pw01dud102022105569/C8,ルージュマローネ,2025-11-16,牝3,5
2025-05-03,pw01dud102022101399/DA,ルージュミステリオ,2025-10-26,牝3,3
2025-08-02,pw01dud102022105463/E5,ルージュミネルバ,2025-08-02,牝3,2
2025-07-27,pw01dud102022102435/CE,ルージュミラージュ,2025-11-16,牝3,10
2025-08-17,pw01dud102022105813/59,ルージュミレネール,2025-12-13,牝3,6
2025-08-10,pw01dud102022105541/10,ルージュメアート,2025-08-23,牝3,7
2025-08-03,pw01dud102022105574/99,ルージュラティーナ,2025-08-03,牝3,6
2025-07-06,pw01dud102022102434/5B,ルージュラナキラ,2025-12-07,牝3,5
2025-04-27,pw01dud102021107242/42,ルージュラメンテ,2025-09-14,牝4,6
2025-04-19,pw01dud102021105052/12,ルージュランブル,2025-04-19,牝4,1
2025-05-18,pw01dud102022102972/AA,ルージュリエカ,2025-07-05,牝3,2
2025-02-01,pw01dud102019103973/75,ルージュリナージュ,2025-02-01,牝6,1
2025-07-19,pw01dud102023103543/A4,ルージュリリック,2025-10-18,牝2,2
2025-11-29,pw01dud102023105608/B2,ルージュリヴィエラ,2025-11-29,牝2,1
2025-10-26,pw01dud102023106618/B1,ルージュルガーノ,2025-12-27,牝2,4
2025-02-16,pw01dud102019105232/49,ルージュルミナス,2025-02-16,牝6,1
2025-08-03,pw01dud102022105114/75,ルージュレアリーズ,2025-08-03,牝3,2
2025-09-07,pw01dud102021105312/65,ルージュレベッカ,2025-09-07,牝4,6
2025-04-12,pw01dud102022102655/50,ルージュヴィーナス,2025-07-12,牝3,2
2025-08-09,pw01dud102023100690/FF,ルーセントムーン,2025-08-24,牡2,4
2025-06-08,pw01dud102023105820/9C,ルーチェフィオーレ,2025-10-25,牝2,3
2025-08-09,pw01dud102020103955/BA,ルーチェロッサ,2025-11-30,牝5,8
2025-11-08,pw01dud102023103782/D3,ルートサーティーン,2025-11-08,牡2,4
2025-11-08,pw01dud102023103013/7F,ルーナディサングエ,2025-11-08,牡2,3
2025-02-02,pw01dud102018100995/22,ルーパステソーロ,2025-02-02,牡7,1
2025-07-26,pw01dud102020104194/EE,ルーフ,2025-12-07,牝5,12
2025-08-17,pw01dud102021104874/B1,ルーフオブヘヴン,2025-09-13,牝4,3
2025-02-16,pw01dud102021105978/9D,ルーベンス,2025-02-16,牡4,1
2025-08-10,pw01dud102022100771/F7,ルーメン,2025-08-17,牝3,9
2025-08-17,pw01dud102020101052/CA,ルーラルハピネス,2025-10-19,牝5,5
2025-05-11,pw01dud102020102793/C3,ルーラーリッチ,2025-11-08,せん5,5
2025-12-27,pw01dud102023105344/93,ルールザウェイヴ,2025-12-27,牝2,1
2025-08-03,pw01dud102022100781/07,ルールーリマ,2025-11-22,牝3,5
2025-10-26,pw01dud102023101927/36,ルーン,2025-11-22,牝2,4
2025-06-29,pw01dud102020106552/6A,ルーンファクター,2025-10-05,牡5,3
2025-04-13,pw01dud102021103556/F5,レアグリフォン,2025-07-05,牡4,3
2025-01-06,pw01dud102021105894/C0,レアリゼアンレーヴ,2025-03-23,牝4,2
2025-10-11,pw01dud102023104401/3C,レアリゼソンレーヴ,2025-10-11,牡2,1
2025-04-20,pw01dud102022101190/6D,レアルシチー,2025-07-27,牡3,4
2025-11-16,pw01dud102021100836/9B,レアンダー,2025-11-16,牡4,6
2025-07-26,pw01dud102022102103/25,レイアポポ,2025-11-08,牝3,8
2025-06-08,pw01dud102022104099/14,レイアロハ,2025-06-08,牝3,1
2025-10-12,pw01dud102023106784/86,レイオブファイア,2025-11-09,牡2,2
2025-07-26,pw01dud102022103311/A0,レイオーバー,2025-08-03,牡3,4
2025-08-17,pw01dud102023103715/BC,レイキャネス,2025-08-17,牡2,1
2025-08-30,pw01dud102022101747/68,レイククイ,2025-08-30,牝3,2
2025-04-20,pw01dud102021105077/71,レイククレセント,2025-12-20,牝4,9
2025-12-13,pw01dud102023103906/81,レイクラシック,2025-12-13,牝2,1
2025-07-27,pw01dud102023102706/30,レイサンソク,2025-12-21,牡2,4
2025-11-24,pw01dud102022104910/42,レイザリオ,2025-12-13,牡3,8
2025-02-15,pw01dud102020100583/73,レイズカイザー,2025-12-21,せん5,5
2025-07-06,pw01dud102022100045/3C,レイズサンライズ,2025-09-14,牡3,3
2025-06-14,pw01dud102021100589/B1,レイズトワイライト,2025-06-29,牡4,3
2025-02-02,pw01dud102022103230/1C,レイチェルバローズ,2025-02-02,牝3,1
2025-02-22,pw01dud102022104613/08,レイデアスール,2025-02-22,牡3,1
2025-04-20,pw01dud102022105165/38,レイデアンジェロ,2025-06-14,牡3,3
2025-08-24,pw01dud102022103070/FA,レイデラティエラ,2025-12-21,牡3,10
2025-04-19,pw01dud102019104816/2C,レイトカンセイオー,2025-04-19,牡6,1
2025-09-20,pw01dud102021103065/9D,レイドデザート,2025-09-20,牡4,1
2025-08-16,pw01dud102022105089/F3,レイナサグラーダ,2025-08-16,牝3,3
2025-04-27,pw01dud102022104628/57,レイナデアルシーラ,2025-11-09,牝3,7
2025-09-13,pw01dud102023102438/B3,レイナロハルンバ,2025-09-28,牝2,2
2025-08-23,pw01dud102022104750/20,レイニング,2025-11-30,牡3,4
2025-11-24,pw01dud102023103730/9D,レイヌドプランタン,2025-11-24,牝2,1
2025-04-19,pw01dud102022102258/E5,レイネイル,2025-06-22,牝3,4
2025-12-27,pw01dud102023101055/C7,レイノルズナンバー,2025-12-27,牡2,1
2025-05-11,pw01dud102022104432/53,レイバックスピン,2025-12-06,牝3,6
2025-10-26,pw01dud102023107163/BC,レイヒストリコ,2025-11-16,牡2,3
2025-08-24,pw01dud102022103066/9C,レイピア,2025-11-30,牡3,9
2025-08-17,pw01dud102021106904/50,レイピカケ,2025-12-21,牝4,8
2025-11-09,pw01dud102021105875/13,レイフロレット,2025-12-06,牝4,8
2025-06-14,pw01dud102020110155/33,レイベリング,2025-11-29,牡5,8
2025-01-11,pw01dud102022103004/56,レイホーキング,2025-05-18,牡3,3
2025-07-12,pw01dud102022102763/AB,レイホープ,2025-07-12,牡3,1
2025-07-13,pw01dud102021106942/AA,レイム,2025-12-20,牝4,6
2025-04-13,pw01dud102022103310/2D,レイヤードレッド,2025-12-14,牡3,8
2025-07-13,pw01dud102022101464/9C,レイユール,2025-12-13,牝3,7
2025-01-05,pw01dud102022103790/71,レイラインシチー,2025-01-05,牡3,1
2025-08-16,pw01dud102023103506/BD,レイランディ,2025-09-07,牡2,3
2025-04-27,pw01dud102022103944/4F,レイリースピリット,2025-04-27,牡3,2
2025-08-10,pw01dud102022110072/E1,レイワエポック,2025-08-10,牝3,4
2025-08-16,pw01dud102021102406/85,レイワサンサン,2025-11-08,せん4,8
2025-11-15,pw01dud102023102718/26,レイワノキセキ,2025-12-28,牡2,3
2025-02-09,pw01dud102019105429/C0,レイワホマレ,2025-02-09,牡6,1
2025-11-08,pw01dud102022104117/DF,レインオンミー,2025-11-08,牡3,7
2025-07-05,pw01dud102022101702/E9,レインチェック,2025-07-05,牝3,3
2025-01-19,pw01dud102022102361/01,レインボーギフト,2025-01-19,牡3,1
2025-10-19,pw01dud102023106943/35,レインボーステート,2025-12-20,牡2,3
2025-11-09,pw01dud102021105913/FE,レインボーブリッジ,2025-11-09,牝4,2
2025-05-18,pw01dud102022106324/D6,レインボーラッキー,2025-09-15,牝3,2
2025-03-02,pw01dud102020103103/FC,レインメーカー,2025-04-20,牡5,4
2025-06-28,pw01dud102022103441/01,レイーナアスール,2025-07-12,牝3,4
2025-11-08,pw01dud102023104909/C9,レオアジャイル,2025-12-13,牝2,2
2025-04-20,pw01dud102021100060/91,レオエンプレス,2025-09-27,牝4,4
2025-02-08,pw01dud102018106144/71,レオカクテル,2025-02-08,牡7,3
2025-03-16,pw01dud102020105074/8C,レオキー,2025-03-16,牝5,1
2025-11-09,pw01dud102023104893/76,レオスキーム,2025-11-09,牡2,1
2025-02-16,pw01dud102021102658/1D,レオスパーク,2025-04-20,牡4,4
2025-06-22,pw01dud102021101576/37,レオテミス,2025-12-07,牝4,6
2025-12-13,pw01dud102021104806/27,レオナルドスター,2025-12-13,せん4,1
2025-06-28,pw01dud102022104586/A0,レオネッサ,2025-06-28,牝3,4
2025-04-12,pw01dud102020106587/D9,レオプルミエール,2025-11-08,牡5,6
2025-05-17,pw01dud102022102932/6A,レオプレセア,2025-05-17,牝3,2
2025-11-24,pw01dud102023102046/19,レオレコメンド,2025-11-24,牡2,2
2025-08-09,pw01dud102022101439/AB,レオンバルディア,2025-08-09,牝3,4
2025-05-10,pw01dud102019104068/DA,レオンバローズ,2025-11-30,牡6,9
2025-08-02,pw01dud102021102991/CB,レガッタ,2025-09-13,牡4,4
2025-01-26,pw01dud102021102775/15,レガテアドール,2025-02-15,牡4,2
2025-02-01,pw01dud102018104896/20,レガトゥス,2025-06-14,せん7,2
2025-10-05,pw01dud102023103763/26,レガリアーナ,2025-11-01,牝2,2
2025-09-21,pw01dud102021105898/8C,レガレイラ,2025-12-28,牝4,4
2025-10-05,pw01dud102023102118/00,レガーメ,2025-10-05,牝2,1
2025-03-22,pw01dud102017104106/AD,レガーメペスカ,2025-03-22,牡8,1
2025-07-06,pw01dud102022104911/B5,レガーロカリーノ,2025-09-14,牝3,4
2025-05-17,pw01dud102021105661/D5,レガーロデルシエロ,2025-11-01,牡4,4
2025-07-13,pw01dud102022100005/FC,レクエルド,2025-07-13,牡3,5
2025-08-17,pw01dud102022107282/0E,レクスノヴァス,2025-10-26,牡3,7
2025-04-13,pw01dud102021103513/5C,レグザゴン,2025-11-24,牝4,7
2025-12-14,pw01dud102023100774/DC,レグラヴィエール,2025-12-14,牡2,1
2025-10-19,pw01dud102021106628/A9,レグロスヴァーグ,2025-10-19,牡4,6
2025-01-11,pw01dud102022101113/46,レゲエパンチ,2025-02-22,牝3,3
2025-08-02,pw01dud102021110151/F3,レゲエビーチ,2025-08-02,牡4,2
2025-10-26,pw01dud102023107255/C3,レゲンデ,2025-11-09,牝2,2
2025-10-13,pw01dud102023103268/70,レザベーション,2025-11-22,牡2,3
2025-11-15,pw01dud102021105794/8F,レザンクレール,2025-11-15,牝4,4
2025-11-09,pw01dud102021104665/B2,レザンノワール,2025-12-07,牡4,3
2025-09-14,pw01dud102023103378/B1,レザーアンドレース,2025-12-20,牝2,3
2025-11-01,pw01dud102021105386/A1,レシェルドランジュ,2025-11-01,牝4,2
2025-07-13,pw01dud102020102862/51,レシプロシティ,2025-11-24,牝5,7
2025-12-28,pw01dud102023107303/BE,レジェルテ,2025-12-28,牡2,1
2025-07-05,pw01dud102022105530/8D,レジェンダイズ,2025-07-05,せん3,3
2025-11-15,pw01dud102020107018/D6,レジェンダリーデイ,2025-11-15,せん5,2
2025-01-25,pw01dud102022103919/5E,レジェンド,2025-01-25,牡3,1
2025-04-12,pw01dud102020103910/3B,レジェンドシップ,2025-12-13,せん5,9
2025-09-20,pw01dud102022103830/42,レジポッセ,2025-09-20,牝3,3
2025-06-21,pw01dud102020104818/91,レジュークレール,2025-06-21,牝5,6
2025-07-13,pw01dud102022107398/01,レジョンデロル,2025-08-31,牡3,4
2025-04-13,pw01dud102022107030/76,レジリエント,2025-06-15,牡3,3
2025-04-26,pw01dud102022104759/2B,レジーナシルバルム,2025-06-29,牝3,3
2025-12-14,pw01dud102023100392/52,レジーナテンペスタ,2025-12-27,牝2,2
2025-08-09,pw01dud102023107271/17,レジーナレガリア,2025-12-28,牝2,3
2025-07-13,pw01dud102020104174/CE,レジーナローズ,2025-11-08,牝5,8
2025-12-06,pw01dud102023103735/DC,レステダンルヴァン,2025-12-06,牝2,4
2025-07-19,pw01dud102022101418/18,レストプレドゥモア,2025-12-07,牝3,3
2025-06-14,pw01dud102022101442/96,レズルレクティオ,2025-08-16,せん3,4
2025-08-30,pw01dud102022106398/12,レゼールドラペ,2025-12-06,せん3,4
2025-04-19,pw01dud102018105392/4E,レゾンドゥスリール,2025-05-10,せん7,2
2025-10-26,pw01dud102023106835/DA,レダアトミカ,2025-10-26,牝2,1
2025-08-02,pw01dud102021106826/25,レッセパッセ,2025-12-13,牝4,9
2025-11-22,pw01dud102023102104/24,レッツエンジョイ,2025-12-07,牡2,2
2025-10-05,pw01dud102023104737/B1,レッツゴーファイト,2025-11-23,牡2,3
2025-05-10,pw01dud102019104135/82,レッツリブオン,2025-05-18,せん6,4
2025-04-26,pw01dud102020100962/A4,レットイットゴー,2025-04-26,牝5,1
2025-11-15,pw01dud102023105670/8A,レッドアイスピア,2025-11-15,牡2,4
2025-08-10,pw01dud102022105482/92,レッドアトラーニ,2025-09-06,牡3,5
2025-08-24,pw01dud102021105837/B9,レッドアトレーヴ,2025-12-28,牡4,6
2025-05-17,pw01dud102021104762/8A,レッドアレグロ,2025-11-30,せん4,2
2025-04-27,pw01dud102019103594/44,レッドアヴァンティ,2025-12-07,牡6,6
2025-11-01,pw01dud102023107333/EE,レッドアヴィオン,2025-11-01,牡2,1
2025-02-15,pw01dud102022100467/06,レッドアーネスト,2025-02-15,牡3,2
2025-11-22,pw01dud102020110123/1D,レッドアーバイン,2025-11-22,牡5,8
2025-05-18,pw01dud102022105238/92,レッドアーラ,2025-06-07,牡3,2
2025-11-08,pw01dud102022103227/31,レッドイステル,2025-11-29,せん3,7
2025-05-03,pw01dud102022107261/7B,レッドイストワール,2025-05-03,牡3,4
2025-02-16,pw01dud102022105236/AC,レッドインタクト,2025-05-24,牡3,2
2025-07-12,pw01dud102022105160/F9,レッドエウロス,2025-11-16,せん3,5
2025-04-19,pw01dud102022101387/E4,レッドエソール,2025-06-15,牡3,3
2025-10-18,pw01dud102021105880/E4,レッドエヴァンス,2025-10-18,せん4,7
2025-04-13,pw01dud102020100084/F1,レッドカメリア,2025-11-09,牝5,9
2025-07-05,pw01dud102022101467/F5,レッドキリアン,2025-09-07,牡3,5
2025-02-16,pw01dud102022105991/24,レッドキングリー,2025-11-24,牡3,3
2025-01-18,pw01dud102022105136/7B,レッドギフテッド,2025-01-18,牡3,1
2025-05-04,pw01dud102019103976/CE,レッドゲイル,2025-08-17,牡6,3
2025-01-06,pw01dud102022102907/79,レッドサジェス,2025-08-30,牡3,4
2025-06-22,pw01dud102022104693/88,レッドシュテルン,2025-08-31,牡3,4
2025-07-05,pw01dud102022105156/9B,レッドシュトラール,2025-12-14,牡3,9
2025-08-24,pw01dud102020103517/9C,レッドシュヴェルト,2025-11-16,牡5,7
2025-10-05,pw01dud102023103603/95,レッドジェルブロワ,2025-12-21,牡2,3
2025-08-02,pw01dud102023106619/24,レッドスティンガー,2025-12-28,牡2,5
2025-11-16,pw01dud102023103382/0F,レッドセドナ,2025-11-16,牡2,1
2025-08-10,pw01dud102021105779/AE,レッドセニョール,2025-08-24,牡4,4
2025-02-01,pw01dud102022105403/85,レッドソニード,2025-03-29,牡3,2
2025-03-29,pw01dud102022105553/06,レッドソルテ,2025-07-19,牡3,3
2025-02-23,pw01dud102020103189/2E,レッドダンルース,2025-12-28,牡5,9
2025-01-12,pw01dud102021105066/EE,レッドテリオス,2025-12-27,牡4,5
2025-01-12,pw01dud102020101570/F9,レッドテンペスト,2025-02-15,せん5,2
2025-12-13,pw01dud102019104742/5F,レッドバリエンテ,2025-12-13,牡6,2
2025-08-31,pw01dud102020106413/6C,レッドバレンティア,2025-12-21,牡5,7
2025-01-06,pw01dud102019105473/5E,レッドバロッサ,2025-11-08,せん6,5
2025-02-02,pw01dud102022105466/3E,レッドバンデ,2025-10-26,牡3,6
2025-08-10,pw01dud102020101897/D1,レッドヒルシューズ,2025-12-20,牝5,6
2025-08-03,pw01dud102023101374/07,レッドファイブ,2025-10-04,牡2,4
2025-05-31,pw01dud102019104983/74,レッドファーロ,2025-12-13,牡6,8
2025-05-04,pw01dud102022105871/D3,レッドフェルメール,2025-12-06,牡3,8
2025-03-30,pw01dud102018105096/87,レッドフランカー,2025-04-19,せん7,4
2025-08-23,pw01dud102023105340/C7,レッドフレーザー,2025-08-23,牡2,1
2025-10-05,pw01dud102023103441/8D,レッドフロイデ,2025-10-05,牡2,1
2025-11-22,pw01dud102023107357/DA,レッドブライトン,2025-12-14,牡2,2
2025-05-03,pw01dud102020101579/04,レッドプロフェシー,2025-12-27,牡5,8
2025-08-03,pw01dud102019105544/D2,レッドベルアーム,2025-10-25,牡6,9
2025-07-26,pw01dud102022104897/B6,レッドベルダンス,2025-11-08,牡3,7
2025-09-21,pw01dud102023104395/67,レッドホット,2025-09-21,牡2,1
2025-05-03,pw01dud102022105055/F7,レッドボブ,2025-12-14,牡3,10
2025-05-03,pw01dud102019105496/D7,レッドモンレーヴ,2025-11-16,牡6,5
2025-06-28,pw01dud102021102200/71,レッドライトニング,2025-11-15,牡4,8
2025-03-02,pw01dud102020103183/7C,レッドラグラス,2025-03-02,牡5,1
2025-08-16,pw01dud102019101168/3E,レッドラパルマ,2025-11-24,せん6,5
2025-11-09,pw01dud102019103920/CC,レッドラマンシュ,2025-11-29,せん6,4
2025-05-04,pw01dud102019104981/8E,レッドランメルト,2025-05-04,牡6,2
2025-08-31,pw01dud102023107227/79,レッドラージャ,2025-11-23,牡2,3
2025-12-06,pw01dud102023105233/DF,レッドリアライズ,2025-12-06,牡2,1
2025-11-29,pw01dud102023106614/E5,レッドリガーレ,2025-12-21,牡2,2
2025-05-31,pw01dud102021102436/B5,レッドリベルタ,2025-12-13,牡4,8
2025-02-22,pw01dud102022101438/38,レッドルイナール,2025-10-04,牡3,3
2025-01-12,pw01dud102020103699/33,レッドルヴァンシュ,2025-01-12,せん5,1
2025-12-28,pw01dud102023107340/A5,レッドレガリア,2025-12-28,牡2,1
2025-12-27,pw01dud102023106617/3E,レッドレグルス,2025-12-27,牡2,1
2025-07-27,pw01dud102021103145/AE,レッドレナート,2025-12-14,牡4,8
2025-07-26,pw01dud102023101900/F1,レッドレベンディス,2025-12-21,牡2,4
2025-01-12,pw01dud102022103839/4D,レッドレントラー,2025-03-29,牡3,3
2025-05-10,pw01dud102020103705/08,レッドロスタム,2025-12-20,牡5,7
2025-06-15,pw01dud102022105290/5A,レッドヴァリアート,2025-11-24,牡3,10
2025-10-13,pw01dud102018105162/BC,レッドヴェロシティ,2025-12-27,牡7,6
2025-10-05,pw01dud102023105702/31,レディアエラ,2025-10-18,牝2,3
2025-12-20,pw01dud102023103219/93,レディアグレッサー,2025-12-20,牝2,1
2025-11-16,pw01dud102022100583/8B,レディエンス,2025-12-13,牝3,9
2025-07-26,pw01dud102022105581/50,レディオンステージ,2025-08-31,牝3,10
2025-04-06,pw01dud102022103658/98,レディココア,2025-04-06,牝3,1
2025-08-03,pw01dud102022106851/A2,レディゴディヴァ,2025-09-06,牝3,6
2025-08-10,pw01dud102023104852/C3,レディサン,2025-10-25,牝2,3
2025-06-01,pw01dud102018104865/7D,レディステディゴー,2025-10-11,牡7,4
2025-11-23,pw01dud102023102292/FF,レディトゥランブル,2025-11-23,牡2,1
2025-02-08,pw01dud102022104416/FF,レディネス,2025-12-07,牡3,6
2025-07-20,pw01dud102020103790/59,レディフォース,2025-07-20,牝5,3
2025-06-28,pw01dud102019106527/FA,レディベル,2025-06-28,牝6,3
2025-10-04,pw01dud102021105752/69,レディマリオン,2025-12-06,牝4,6
2025-05-25,pw01dud102020101229/21,レディメローラ,2025-10-26,牝5,6
2025-07-26,pw01dud102023101119/84,レディリリス,2025-07-26,牝2,1
2025-07-19,pw01dud102021105926/67,レディントン,2025-11-23,牡4,7
2025-10-25,pw01dud102023100917/37,レディーゴール,2025-12-14,牝2,6
2025-02-01,pw01dud102019106868/40,レディーシス,2025-02-01,牝6,1
2025-07-19,pw01dud102022105225/29,レディーフランシス,2025-11-23,牝3,6
2025-12-14,pw01dud102022105475/DB,レディーミコノス,2025-12-14,牝3,5
2025-08-16,pw01dud102021105228/F6,レディーヴァリュー,2025-10-05,牝4,3
2025-04-27,pw01dud102022100512/A8,レトロブーム,2025-07-12,牝3,4
2025-08-24,pw01dud102022105479/A7,レトワールダムール,2025-08-24,牝3,1
2025-01-19,pw01dud102022102257/72,レナーテテソーロ,2025-04-13,牝3,2
2025-02-10,pw01dud102022110062/D1,レネネト,2025-02-22,牝3,2
2025-11-08,pw01dud102023105208/EE,レピュニット,2025-12-21,牡2,3
2025-08-24,pw01dud102022102970/C4,レフィナード,2025-08-24,牝3,2
2025-12-06,pw01dud102023103433/63,レフィノス,2025-12-06,牡2,1
2025-09-20,pw01dud102023103791/70,レフティサーリ,2025-12-07,牝2,3
2025-07-26,pw01dud102022104641/52,レフレクシオ,2025-07-26,牝3,4
2025-02-15,pw01dud102022102641/74,レプス,2025-02-23,牡3,2
2025-01-13,pw01dud102018109080/81,レプンカムイ,2025-01-13,牡7,1
2025-08-02,pw01dud102022100519/CD,レベチアミーゴ,2025-08-02,牡3,2
2025-10-26,pw01dud102022105868/E8,レベルスルール,2025-12-21,牡3,7
2025-05-10,pw01dud102019100659/A7,レベレンシア,2025-05-25,牡6,5
2025-08-31,pw01dud102021103500/F3,レボルシオン,2025-09-06,牡4,2
2025-10-04,pw01dud102022101796/45,レミギノテソーロ,2025-10-19,牡3,2
2025-06-28,pw01dud102020105642/9C,レミージュ,2025-12-14,牝5,7
2025-06-15,pw01dud102021103685/E3,レモンシフォン,2025-06-15,牝4,4
2025-08-16,pw01dud102023103489/65,レモンドルチェ,2025-08-16,牡2,1
2025-07-27,pw01dud102022106796/F0,レモンバーム,2025-12-28,牝3,5
2025-10-11,pw01dud102021101385/72,レリッシュ,2025-10-18,牝4,5
2025-06-14,pw01dud102022104718/78,レヴァンティス,2025-06-21,牝3,4
2025-05-18,pw01dud102022104267/60,レヴァンテシチー,2025-11-30,牡3,5
2025-06-29,pw01dud102022105283/A3,レヴァントリ,2025-10-25,牡3,10
2025-03-22,pw01dud102022105204/96,レヴィストーン,2025-06-08,牡3,3
2025-02-23,pw01dud102021107259/77,レヴィテーション,2025-11-29,牝4,4
2025-08-03,pw01dud102023103694/98,レヴェランジェ,2025-10-13,牝2,3
2025-07-26,pw01dud102023106025/42,レヴェンドール,2025-10-05,牝2,2
2025-08-23,pw01dud102021103717/8A,レヴォントゥレット,2025-11-09,牡4,5
2025-10-05,pw01dud102023106139/4F,レヴロード,2025-12-20,牡2,4
2025-08-03,pw01dud102022104782/36,レヴーズマン,2025-08-03,牡3,3
2025-11-16,pw01dud102021100734/84,レーウィン,2025-11-30,せん4,7
2025-12-13,pw01dud102023105231/F9,レーザーキック,2025-12-13,牝2,1
2025-06-14,pw01dud102023101563/E6,レースクイーン,2025-10-11,牝2,2
2025-08-03,pw01dud102022105346/ED,レーゼドラマ,2025-10-19,牝3,6
2025-02-08,pw01dud102022110152/F2,レーティッシュ,2025-12-20,牡3,10
2025-03-02,pw01dud102022109114/31,レーニス,2025-03-02,牝3,1
2025-11-16,pw01dud102023110057/8C,レーヌシェーヌ,2025-11-30,牝2,2
2025-08-02,pw01dud102022110046/7D,レーヌデプレ,2025-08-23,牝3,2
2025-06-14,pw01dud102022101922/6B,レーヌドフルール,2025-07-12,牝3,4
2025-01-12,pw01dud102022100655/72,レーヌマロン,2025-11-02,牝3,9
2025-10-05,pw01dud102020102078/8B,レーベンスティール,2025-11-23,牡5,4
2025-08-16,pw01dud102022107325/38,レーンアジリティ,2025-12-20,牡3,6
2025-12-07,pw01dud102021105295/0D,レーヴジーニアル,2025-12-21,せん4,2
2025-08-02,pw01dud102022101738/CB,レーヴセクレタ,2025-08-02,牡3,2
2025-01-26,pw01dud102022110157/31,レーヴドアンジュ,2025-12-07,牝3,6
2025-10-04,pw01dud102023103589/96,レーヴドクロンヌ,2025-10-04,牡2,2
2025-11-15,pw01dud102023102073/F0,レーヴドリュヌ,2025-11-15,牝2,1
2025-08-31,pw01dud102021105895/33,レーヴドレフォン,2025-12-06,牝4,7
2025-11-16,pw01dud102022106709/B9,レーヴドロペラ,2025-11-16,牝3,4
2025-06-29,pw01dud102022105141/4C,レーヴブリリアント,2025-11-09,牡3,5
2025-12-21,pw01dud102023106317/AB,レーヴルーバ,2025-12-21,牝2,1
2025-06-29,pw01dud102022101409/7B,レーヴレジェンド,2025-12-20,牡3,4
2025-08-10,pw01dud102022102019/B6,ロアリングフレイム,2025-08-10,牝3,4
2025-09-06,pw01dud102022100486/B3,ロアヴィヴィエンヌ,2025-09-06,せん3,4
2025-11-29,pw01dud102020103697/4D,ロイガヴェーグル,2025-11-29,牡5,2
2025-11-09,pw01dud102023105264/82,ロイヤルアデレード,2025-11-29,牡2,2
2025-07-26,pw01dud102022101511/24,ロイヤルイブキ,2025-07-26,牡3,2
2025-01-06,pw01dud102022107200/A8,ロイヤルウィル,2025-08-23,牝3,7
2025-02-09,pw01dud102022103162/01,ロイヤルカスタマー,2025-06-01,牡3,3
2025-03-16,pw01dud102022100628/9B,ロイヤルキャピタル,2025-03-16,牝3,1
2025-08-24,pw01dud102023101112/5F,ロイヤルスパイア,2025-12-14,牡2,6
2025-08-16,pw01dud102023103932/E5,ロイヤルタイム,2025-12-27,牡2,5
2025-07-06,pw01dud102018102394/67,ロイヤルダンス,2025-11-30,牡7,5
2025-08-24,pw01dud102022100027/02,ロイヤルテール,2025-08-30,牡3,5
2025-10-05,pw01dud102023104531/9D,ロイヤルヤマト,2025-12-14,牡2,3
2025-01-06,pw01dud102022106644/89,ロカヒ,2025-12-06,牡3,6
2025-05-18,pw01dud102022104279/56,ロクサーヌ,2025-06-08,牝3,2
2025-01-25,pw01dud102021105890/F4,ロクシアス,2025-01-25,牡4,1
2025-11-30,pw01dud102021105662/48,ログラール,2025-11-30,せん4,4
2025-04-20,pw01dud102022101235/7D,ロケットバディー,2025-04-20,牝3,2
2025-11-15,pw01dud102023100514/1A,ロケットパンチ,2025-12-20,牡2,3
2025-11-15,pw01dud102022105558/45,ロケベンドラ,2025-11-15,牝3,2
2025-07-05,pw01dud102023103288/90,ロココ,2025-12-21,牝2,5
2025-04-12,pw01dud102018105503/93,ロコポルティ,2025-11-22,牡7,6
2025-06-28,pw01dud102022103172/11,ロコモーション,2025-07-05,せん3,3
2025-06-14,pw01dud102022106305/29,ロゴモコ,2025-06-14,牝3,3
2025-10-05,pw01dud102023107366/77,ロサドラーダ,2025-12-21,牝2,3
2025-12-27,pw01dud102023105971/90,ロサルゴサ,2025-12-27,牡2,1
2025-02-16,pw01dud102021103711/D8,ロサンゼルス,2025-12-20,牡4,10
2025-02-08,pw01dud102019100097/DB,ロザシアニン,2025-02-08,牝6,1
2025-12-21,pw01dud102023104952/F4,ロザヴィータ,2025-12-21,牝2,1
2025-12-14,pw01dud102023103661/0F,ロザーンジュ,2025-12-14,牝2,2
2025-10-25,pw01dud102021105360/CF,ロジアデレード,2025-12-21,牡4,6
2025-02-15,pw01dud102022106133/11,ロジアンドモルタル,2025-06-21,牡3,4
2025-08-09,pw01dud102022107074/82,ロジアヴァンセ,2025-08-09,牡3,6
2025-11-24,pw01dud102020104986/4C,ロジウムエポック,2025-11-24,牡5,6
2025-02-08,pw01dud102021110020/1F,ロジカルワーズ,2025-12-06,牡4,7
2025-06-21,pw01dud102023100578/46,ロジキセキ,2025-11-30,牡2,2
2025-11-23,pw01dud102023104684/77,ロジクリスエス,2025-12-13,牡2,3
2025-10-18,pw01dud102023104015/54,ロジケープ,2025-11-09,牡2,3
2025-05-18,pw01dud102020109027/51,ロジシルバー,2025-10-19,牝5,7
2025-02-16,pw01dud102022102053/44,ロジジェンス,2025-03-23,牡3,2
2025-11-15,pw01dud102023104685/EA,ロジスカヤ,2025-11-15,牝2,3
2025-05-10,pw01dud102022103450/9E,ロジステート,2025-07-27,牝3,6
2025-08-17,pw01dud102022106575/FB,ロジディーズ,2025-08-17,牝3,4
2025-05-10,pw01dud102022106128/40,ロジピエルフ,2025-06-22,牡3,3
2025-03-22,pw01dud102021106104/C8,ロジプラヤ,2025-03-22,牡4,1
2025-07-19,pw01dud102019105559/21,ロジマンボ,2025-11-30,牡6,6
2025-04-27,pw01dud102022105063/21,ロジャリーマイン,2025-04-27,牝3,1
2025-08-09,pw01dud102023104990/4E,ロジャートアリー,2025-12-13,牡2,2
2025-05-03,pw01dud102021102424/BF,ロジリオン,2025-10-13,牡4,5
2025-10-26,pw01dud102022106132/9E,ロジリッキー,2025-10-26,牡3,5
2025-07-05,pw01dud102021105552/07,ロジルーラー,2025-10-18,牡4,3
2025-06-14,pw01dud102018105438/D1,ロスコフ,2025-06-14,牡7,1
2025-05-17,pw01dud102020102919/57,ロスティチェーレ,2025-05-24,牝5,5
2025-02-16,pw01dud102021110116/F2,ロストシークレット,2025-07-20,牡4,4
2025-07-26,pw01dud102019106972/CF,ロストボール,2025-12-20,せん6,14
2025-12-06,pw01dud102023103280/F8,ロスニーニョス,2025-12-21,牡2,2
2025-09-06,pw01dud102023106852/A1,ロスパレドネス,2025-09-06,牡2,2
2025-08-30,pw01dud102023104675/DA,ロゼア,2025-12-06,牝2,3
2025-01-12,pw01dud102020104015/B0,ロゼアクアリオ,2025-05-04,牝5,2
2025-08-30,pw01dud102023103967/54,ロゼインパルス,2025-10-13,牡2,3
2025-04-27,pw01dud102018103620/AD,ロゼクラン,2025-05-17,牝7,4
2025-05-25,pw01dud102022105181/8C,ロゼフェリシア,2025-05-25,牝3,1
2025-07-20,pw01dud102021103203/B9,ロゼフレア,2025-07-20,牝4,1
2025-07-06,pw01dud102020106415/52,ロゼル,2025-12-21,牡5,9
2025-11-22,pw01dud102022103725/40,ロッカバイベイビー,2025-11-22,牝3,10
2025-06-14,pw01dud102022107050/96,ロッキンミー,2025-06-28,牝3,8
2025-05-03,pw01dud102022103143/54,ロックウイズユー,2025-10-13,牡3,8
2025-03-15,pw01dud102022107231/4B,ロックエンジェル,2025-07-12,牡3,3
2025-09-27,pw01dud102023106816/2D,ロックターミガン,2025-12-20,牡2,4
2025-11-09,pw01dud102023107150/53,ロックバンド,2025-12-21,牡2,2
2025-06-07,pw01dud102022110120/DC,ロッシニアーナ,2025-11-02,牡3,5
2025-12-20,pw01dud102023100987/A7,ロッタリーランド,2025-12-20,牝2,1
2025-08-03,pw01dud102022105584/A9,ロッツオブプランズ,2025-08-03,牝3,4
2025-08-10,pw01dud102023106586/0A,ロット,2025-12-13,牝2,6
2025-08-31,pw01dud102022104688/B7,ロットブラータ,2025-12-21,牡3,7
2025-08-09,pw01dud102022103309/28,ロッピス,2025-08-09,牝3,3
2025-12-21,pw01dud102023107166/15,ロデオドライブ,2025-12-21,牡2,1
2025-11-01,pw01dud102022104276/FD,ロトエンペラー,2025-11-01,牡3,1
2025-08-24,pw01dud102022103339/58,ロドラント,2025-08-24,牝3,1
2025-08-09,pw01dud102022101459/CB,ロネット,2025-08-09,牝3,7
2025-08-02,pw01dud102022104906/E4,ロパシック,2025-11-22,牝3,3
2025-04-13,pw01dud102022103449/99,ロビン,2025-07-05,牡3,3
2025-02-08,pw01dud102021103249/AB,ロビンバローズ,2025-02-08,牝4,1
2025-08-24,pw01dud102022105738/87,ロフティストーリー,2025-11-15,牝3,5
2025-04-12,pw01dud102020102607/CE,ロフティーイデアル,2025-12-07,牝5,8
2025-12-27,pw01dud102023107089/5D,ロブチェン,2025-12-27,牡2,2
2025-05-31,pw01dud102022100209/2A,ロベルタインパクト,2025-05-31,牝3,4
2025-04-19,pw01dud102022104139/E5,ロベルタカリーナ,2025-09-07,牝3,5
2025-02-09,pw01dud102019105301/D7,ロマンシングブルー,2025-02-09,牝6,1
2025-04-13,pw01dud102021102449/1E,ロマンスライト,2025-05-10,牝4,4
2025-12-28,pw01dud102023102657/C2,ロマンズロック,2025-12-28,牡2,1
2025-02-15,pw01dud102022100873/0E,ロマンティー,2025-02-15,牝3,1
2025-11-15,pw01dud102023101545/AC,ロミオ,2025-12-14,牡2,4
2025-05-18,pw01dud102020102896/4D,ロミオボス,2025-12-20,牡5,4
2025-10-19,pw01dud102022103741/94,ロミヒ,2025-12-06,牝3,8
2025-06-28,pw01dud102019105477/2A,ロムネヤ,2025-12-21,牝6,8
2025-05-18,pw01dud102018103341/AD,ロレンツォ,2025-08-03,牡7,4
2025-01-12,pw01dud102022101152/13,ロロノア,2025-02-10,牡3,3
2025-08-23,pw01dud102022103559/DA,ロワゾブルー,2025-09-15,牝3,3
2025-08-30,pw01dud102022104140/EA,ロワゾブルーチヌ,2025-08-30,牡3,6
2025-01-12,pw01dud102022101499/0B,ロワン,2025-04-05,牝3,3
2025-05-18,pw01dud102018100043/33,ロワンディシー,2025-07-26,牡7,3
2025-04-19,pw01dud102022102856/25,ロンギングジェニー,2025-06-29,牝3,2
2025-11-29,pw01dud102023105246/48,ロンギングセリーヌ,2025-12-21,牝2,2
2025-02-15,pw01dud102021104890/05,ロンギングドルチェ,2025-02-15,牝4,1
2025-05-03,pw01dud102018102216/9C,ロンギングバース,2025-05-03,せん7,2
2025-11-16,pw01dud102023103389/34,ロンギングフォユー,2025-11-16,牝2,1
2025-06-21,pw01dud102022101634/CE,ロングウェイホーム,2025-12-13,牡3,8
2025-11-22,pw01dud102023103159/A2,ロングジーニアス,2025-11-22,牝2,1
2025-12-06,pw01dud102023106995/6B,ロングトールサリー,2025-12-06,牝2,2
2025-05-17,pw01dud102022106763/67,ロングトーン,2025-05-17,牝3,2
2025-10-04,pw01dud102023100288/C3,ロングホリデー,2025-11-02,牡2,2
2025-06-08,pw01dud102018104708/45,ロングラン,2025-11-23,せん7,5
2025-07-27,pw01dud102022103916/05,ロングロングロング,2025-07-27,牡3,3
2025-11-24,pw01dud102020103274/10,ロンシャンクイーン,2025-11-24,牝5,8
2025-01-19,pw01dud102018105129/A1,ロンズデーライト,2025-01-19,牡7,1
2025-01-12,pw01dud102022104106/5C,ロンティケチャップ,2025-08-24,牡3,8
2025-05-25,pw01dud102022107001/B9,ロンディネ,2025-07-26,牝3,4
2025-02-23,pw01dud102022101662/18,ロンデシャッセ,2025-05-04,牡3,2
2025-08-31,pw01dud102022104988/4A,ロンドボス,2025-11-16,牝3,7
2025-07-27,pw01dud102021105956/97,ロンドンアームズ,2025-11-02,牝4,7
2025-06-28,pw01dud102023103032/2C,ロンドンオービタル,2025-12-13,牝2,5
2025-04-26,pw01dud102022105913/8A,ロンドンキッド,2025-08-17,牝3,5
2025-07-12,pw01dud102023100963/BB,ロンドンプライド,2025-10-13,牝2,3
2025-08-10,pw01dud102020101588/A1,ロンドンプラン,2025-12-20,牡5,4
2025-09-07,pw01dud102023105112/1B,ロンバルドシチー,2025-12-21,牡2,2
2025-05-03,pw01dud102022103708/79,ロンパイア,2025-12-21,牡3,8
2025-03-23,pw01dud102022100293/08,ロヴィーサ,2025-04-13,牝3,2
2025-05-17,pw01dud102021105677/97,ローガンパス,2025-12-06,牡4,6
2025-04-20,pw01dud102021105910/A5,ローザサンリヴァル,2025-12-27,牡4,7
2025-08-23,pw01dud102023104842/B3,ローザレイア,2025-12-06,牝2,3
2025-11-09,pw01dud102019105552/FC,ローシャムパーク,2025-11-09,牡6,2
2025-11-29,pw01dud102023101100/69,ローズオブジャパン,2025-11-29,牝2,1
2025-10-18,pw01dud102023102991/E3,ローズカリス,2025-12-14,牝2,5
2025-03-15,pw01dud102022103065/29,ローズゴジャール,2025-12-13,牝3,10
2025-01-18,pw01dud102020102061/56,ローズスター,2025-07-13,牡5,5
2025-03-15,pw01dud102020105625/D5,ローズバルサム,2025-11-09,牝5,5
2025-04-26,pw01dud102019101428/91,ローズブルーム,2025-11-15,牝6,6
2025-11-22,pw01dud102023102985/9F,ローズプリンセス,2025-11-22,牝2,3
2025-08-03,pw01dud102022104419/58,ローズマイスター,2025-12-21,牡3,12
2025-10-18,pw01dud102023102570/8C,ローズライズ,2025-11-08,牝2,2
2025-12-27,pw01dud102023100998/2A,ローズラフィネ,2025-12-27,牝2,1
2025-03-15,pw01dud102021105790/C3,ローゼンモンターク,2025-03-15,牝4,1
2025-11-01,pw01dud102023104384/E4,ローゾフィア,2025-11-22,牝2,2
2025-05-10,pw01dud102020101429/83,ローディアマント,2025-11-08,せん5,4
2025-07-13,pw01dud102022105977/B6,ロートホルン,2025-11-24,牝3,5
2025-08-24,pw01dud102022100616/A5,ロードアイオロス,2025-08-24,牡3,1
2025-01-19,pw01dud102020100162/1C,ロードアウォード,2025-02-09,せん5,2
2025-08-31,pw01dud102021100151/25,ロードアフェット,2025-11-29,牡4,5
2025-07-26,pw01dud102023105786/7D,ロードアマルフィ,2025-11-22,牡2,4
2025-05-03,pw01dud102022100637/38,ロードアルディート,2025-05-25,牡3,4
2025-05-18,pw01dud102021100163/1B,ロードアルフィーネ,2025-05-18,牡4,1
2025-10-19,pw01dud102021101201/F5,ロードインフェルノ,2025-10-19,牡4,8
2025-12-13,pw01dud102023105802/62,ロードインヴォーグ,2025-12-13,牡2,1
2025-02-16,pw01dud102018105998/26,ロードエクレール,2025-11-08,牡7,5
2025-11-01,pw01dud102023105722/51,ロードエルドラド,2025-11-01,牡2,1
2025-07-06,pw01dud102022101471/53,ロードオブキング,2025-08-16,牡3,5
2025-03-29,pw01dud102018103641/40,ロードオブザチェコ,2025-03-29,牡7,1
2025-05-25,pw01dud102022106688/95,ロードオブドリーム,2025-06-08,牡3,5
2025-06-08,pw01dud102019102656/2C,ロードオルデン,2025-12-20,牡6,5
2025-07-12,pw01dud102021100148/3A,ロードオールライト,2025-11-02,牡4,5
2025-11-09,pw01dud102022100619/FE,ロードガレリア,2025-12-13,牡3,7
2025-08-23,pw01dud102023105797/00,ロードクラシコ,2025-12-06,牡2,2
2025-08-09,pw01dud102021100169/CD,ロードクロンヌ,2025-11-09,牡4,5
2025-05-10,pw01dud102022100661/B6,ロードシックザール,2025-05-25,牡3,3
2025-04-20,pw01dud102022102639/FC,ロードシュヴァリエ,2025-11-09,牡3,7
2025-04-20,pw01dud102022103296/2E,ロードジェネシス,2025-06-08,牡3,3
2025-04-26,pw01dud102019103027/38,ロードジャスティス,2025-04-26,牡6,2
2025-08-23,pw01dud102022100557/27,ロードスカイブルー,2025-08-23,牡3,6
2025-07-27,pw01dud102022100656/E5,ロードステイタス,2025-07-27,牡3,5
2025-12-13,pw01dud102023105838/44,ロードステラート,2025-12-27,牡2,5
2025-10-11,pw01dud102023104886/BF,ロードストラダーレ,2025-11-23,牡2,3
2025-06-28,pw01dud102022100650/33,ロードソルスティス,2025-10-04,牡3,3
2025-01-19,pw01dud102020100157/4B,ロードデルレイ,2025-06-15,牡5,3
2025-05-24,pw01dud102018103563/15,ロードトゥフェイム,2025-05-24,せん7,2
2025-12-28,pw01dud102023102171/3B,ロードトライデント,2025-12-28,牡2,1
2025-01-19,pw01dud102022100617/18,ロードトルネード,2025-01-19,牡3,1
2025-07-26,pw01dud102021100157/D7,ロードトレイル,2025-12-14,牡4,10
2025-08-31,pw01dud102021100144/6E,ロードトレゾール,2025-11-02,牡4,7
2025-02-10,pw01dud102017103656/03,ロードドミニオン,2025-04-12,せん8,3
2025-08-16,pw01dud102022100354/6C,ロードバルセロナ,2025-08-16,牡3,5
2025-08-17,pw01dud102023100430/3D,ロードファイター,2025-12-13,牡2,4
2025-03-22,pw01dud102022100641/96,ロードフィアレス,2025-03-22,せん3,1
2025-08-09,pw01dud102023105818/24,ロードフィレール,2025-08-09,牡2,2
2025-04-13,pw01dud102021100130/92,ロードフォアエース,2025-12-07,牡4,6
2025-02-02,pw01dud102020100145/55,ロードフォンス,2025-11-15,牡5,3
2025-10-19,pw01dud102022100613/4C,ロードフロイデ,2025-11-08,牡3,3
2025-08-23,pw01dud102022100621/76,ロードフロリゼル,2025-09-21,牡3,4
2025-01-13,pw01dud102021100161/35,ロードフロンティア,2025-12-28,牡4,6
2025-02-01,pw01dud102019103021/86,ロードブライト,2025-04-27,牡6,3
2025-05-31,pw01dud102021100162/A8,ロードブレイズ,2025-09-13,牡4,5
2025-01-12,pw01dud102022100652/19,ロードプライズ,2025-08-31,牡3,5
2025-05-04,pw01dud102020101199/60,ロードプレイヤー,2025-11-15,牡5,5
2025-01-06,pw01dud102018102576/8F,ロードプレジール,2025-12-14,牡7,9
2025-05-25,pw01dud102017103005/1A,ロードベイリーフ,2025-05-25,牡8,2
2025-08-24,pw01dud102023102476/0D,ロードベルファスト,2025-12-27,牡2,7
2025-08-31,pw01dud102021103312/87,ロードマイライフ,2025-12-28,牡4,9
2025-01-18,pw01dud102019103036/D5,ロードマゼラン,2025-12-27,せん6,5
2025-08-02,pw01dud102020100177/6B,ロードマンハイム,2025-08-24,牡5,7
2025-11-08,pw01dud102023105822/82,ロードメルヴェイユ,2025-12-20,牡2,3
2025-05-04,pw01dud102020100168/CE,ロードラディウス,2025-11-30,牡5,5
2025-08-10,pw01dud102022100653/8C,ロードラビリンス,2025-12-21,牡3,8
2025-10-11,pw01dud102023105796/8D,ロードラヴォール,2025-10-11,牡2,2
2025-06-14,pw01dud102022102821/B6,ロードリベラシオン,2025-12-13,牡3,5
2025-05-03,pw01dud102021100145/E1,ロードリレーション,2025-08-17,牡4,4
2025-02-16,pw01dud102022101263/C7,ロードレジェロ,2025-06-14,牡3,3
2025-03-08,pw01dud102021100155/F1,ロードレヴェランス,2025-03-08,牡4,1
2025-11-08,pw01dud102022100660/43,ロードヴァルカン,2025-11-08,牡3,8
2025-08-17,pw01dud102019103507/0D,ロードヴァレンチ,2025-12-21,せん6,5
2025-10-19,pw01dud102023105806/2E,ロードヴィゴラス,2025-10-19,牡2,2
2025-01-12,pw01dud102021100136/44,ロードヴェスパー,2025-01-12,牡4,1
2025-11-15,pw01dud102023105813/E5,ロードヴェルテクス,2025-11-15,牡2,2
2025-04-26,pw01dud102022100639/1E,ロードヴェルト,2025-04-26,牡3,2
2025-11-08,pw01dud102022101821/C7,ロードヴォイジャー,2025-11-22,牡3,5
2025-02-02,pw01dud102019105570/36,ローブエリタージュ,2025-02-02,牝6,1
2025-04-13,pw01dud102020106344/DE,ローブドゥマリエ,2025-04-13,牝5,2
2025-03-16,pw01dud102019104952/D1,ロープスピニング,2025-03-16,牝6,1
2025-11-24,pw01dud102023107199/9E,ローベルクランツ,2025-11-24,牡2,3
2025-06-22,pw01dud102021105976/B7,ローマンレイク,2025-11-16,牝4,4
2025-02-22,pw01dud102022101827/79,ローランドバローズ,2025-12-28,牡3,5
2025-04-27,pw01dud102021110005/3E,ローリーグローリー,2025-04-27,牝4,2
2025-01-06,pw01dud102022106626/4F,ロールザダイス,2025-11-15,牡3,5
2025-04-20,pw01dud102022105513/C6,ロールザボーンズ,2025-08-31,牝3,6
2025-08-31,pw01dud102023104334/94,ローレルアイビー,2025-08-31,牝2,1
2025-10-19,pw01dud102023104559/55,ローレルエース,2025-10-19,牡2,1
2025-08-16,pw01dud102022106940/50,ローレルオーブ,2025-11-24,牡3,8
2025-06-01,pw01dud102020103329/30,ローレルキャニオン,2025-10-18,牡5,4
2025-08-02,pw01dud102022106939/4B,ローレルゼロ,2025-08-02,牡3,8
2025-12-27,pw01dud102022107010/56,ローレルランウェイ,2025-12-27,牝3,6
2025-01-18,pw01dud102022102934/50,ローレン,2025-04-05,牝3,2
2025-07-20,pw01dud102021104112/14,ローンウルフ,2025-11-22,牡4,6
2025-05-10,pw01dud102020102568/70,ワイアウ,2025-05-25,牝5,3
2025-09-06,pw01dud102023102208/21,ワイズギャング,2025-12-21,牝2,8
2025-07-06,pw01dud102020105737/FC,ワイズゴールド,2025-12-06,牝5,6
2025-11-02,pw01dud102023103550/5B,ワイズファミリア,2025-12-21,牝2,3
2025-06-28,pw01dud102020104550/A6,ワイドアラジン,2025-12-13,牡5,7
2025-08-03,pw01dud102023106359/D1,ワイドアルバ,2025-11-24,牡2,6
2025-05-11,pw01dud102018101660/0F,ワイドエンペラー,2025-11-09,牡7,4
2025-02-09,pw01dud102020102231/88,ワイドカイゼリン,2025-02-09,牝5,1
2025-10-11,pw01dud102023106320/96,ワイドカクゲン,2025-12-13,牡2,4
2025-05-11,pw01dud102022105611/11,ワイドクリーガー,2025-08-16,牡3,6
2025-11-01,pw01dud102023102188/70,ワイドシャッフエン,2025-11-01,牝2,1
2025-12-21,pw01dud102023100631/12,ワイドシュテルケ,2025-12-21,牡2,1
2025-05-03,pw01dud102022103306/CF,ワイドデコラシオン,2025-06-29,牡3,5
2025-09-21,pw01dud102023103910/DF,ワイドバヴァール,2025-09-21,牝2,1
2025-07-26,pw01dud102021104416/73,ワイドブリザード,2025-12-27,せん4,9
2025-12-06,pw01dud102023103282/DE,ワイドポティロン,2025-12-06,牝2,1
2025-01-05,pw01dud102022104420/5D,ワイドメテオール,2025-02-15,牡3,3
2025-10-18,pw01dud102021102919/E3,ワイドモヒート,2025-10-18,牡4,2
2025-05-18,pw01dud102021104434/AD,ワイドラトゥール,2025-11-23,牝4,6
2025-04-19,pw01dud102022100792/8A,ワイドリューレント,2025-12-14,牝3,7
2025-05-04,pw01dud102022100109/F9,ワイドレッド,2025-05-18,牝3,5
2025-08-09,pw01dud102021105973/5E,ワイノナオミ,2025-12-06,牝4,12
2025-10-19,pw01dud102022110010/9B,ワイルデンウーリー,2025-12-28,牝3,5
2025-10-18,pw01dud102023106446/99,ワイルドカモミール,2025-10-18,牝2,2
2025-05-24,pw01dud102022109047/89,ワイルドゴーア,2025-05-24,牡3,4
2025-11-22,pw01dud102023105350/D7,ワイルドチャーム,2025-12-21,牝2,2
2025-01-11,pw01dud102022105077/FD,ワイルドブッター,2025-10-13,牡3,6
2025-02-01,pw01dud102019105073/9A,ワイルドベティ,2025-02-01,牝6,1
2025-11-15,pw01dud102023103530/3B,ワイルドミュール,2025-11-15,牝2,1
2025-04-26,pw01dud102021103812/7C,ワイワイレジェンド,2025-12-28,牡4,11
2025-11-24,pw01dud102022106905/4F,ワインクーラー,2025-12-13,牝3,8
2025-08-17,pw01dud102023106376/98,ワインダークシー,2025-12-07,牡2,3
2025-07-06,pw01dud102022106716/70,ワウワウワウ,2025-08-16,牡3,7
2025-08-09,pw01dud102021101395/82,ワオン,2025-08-09,牡4,4
2025-02-09,pw01dud102022103871/F5,ワカギミ,2025-04-26,牡3,4
2025-07-05,pw01dud102022101032/C2,ワカミヤイリオス,2025-07-20,牡3,2
2025-03-23,pw01dud102022101035/1B,ワカミヤプリンス,2025-03-23,牡3,2
2025-07-26,pw01dud102022106543/E5,ワカムシャ,2025-10-13,牡3,7
2025-05-25,pw01dud102022103869/7D,ワキノアリエス,2025-07-12,牝3,2
2025-04-19,pw01dud102022106473/E4,ワキノグラス,2025-05-10,牝3,4
2025-03-30,pw01dud102021106394/BA,ワキノノーブル,2025-12-07,牝4,3
2025-08-02,pw01dud102022101691/D5,ワクシングムーン,2025-08-02,牡3,5
2025-11-16,pw01dud102023110073/E0,ワザオギ,2025-11-16,牡2,1
2025-08-30,pw01dud102018103560/BC,ワザモノ,2025-12-14,牡7,7
2025-08-17,pw01dud102022104773/99,ワスカル,2025-08-17,せん3,3
2025-03-23,pw01dud102020103918/D3,ワタシダケドナニカ,2025-03-23,牡5,1
2025-07-26,pw01dud102022101412/66,ワタシマツワ,2025-12-21,牝3,8
2025-12-20,pw01dud102023102669/B8,ワダツミ,2025-12-20,牝2,1
2025-07-12,pw01dud102020107176/81,ワックスフラワー,2025-07-12,牝5,1
2025-08-24,pw01dud102023107372/BB,ワディアルリヤハ,2025-12-14,牝2,4
2025-07-26,pw01dud102023110056/19,ワトルツリー,2025-07-26,牝2,1
2025-06-08,pw01dud102022104540/AE,ワナカ,2025-06-08,牝3,2
2025-08-09,pw01dud102023102698/75,ワラビガミ,2025-09-07,牝2,3
2025-10-11,pw01dud102023101524/19,ワルキューレキング,2025-12-27,牡2,2
2025-12-06,pw01dud102023103158/2F,ワルツプリンセス,2025-12-06,牝2,1
2025-11-09,pw01dud102023103240/B8,ワルトシュタイン,2025-11-22,牡2,2
2025-08-23,pw01dud102020102831/AE,ワレハウミノコ,2025-10-19,牝5,5
2025-08-10,pw01dud102023105120/45,ワンインザスカイ,2025-08-10,牝2,2
2025-10-26,pw01dud102022102701/65,ワンウェイトゥヘル,2025-12-14,牡3,11
2025-03-22,pw01dud102022103605/EF,ワンオールショット,2025-04-06,牡3,2
2025-11-16,pw01dud102022103643/49,ワンカードフェロー,2025-12-20,牡3,2
2025-05-10,pw01dud102022104180/2A,ワンコールアウェイ,2025-06-15,牝3,6
2025-01-06,pw01dud102022104916/F4,ワンザストーリー,2025-05-18,牝3,4
2025-03-23,pw01dud102022106726/80,ワンショートデイ,2025-04-12,牝3,2
2025-11-01,pw01dud102023102106/0A,ワンストローク,2025-11-01,牝2,1
2025-02-16,pw01dud102020103129/CE,ワンダイレクト,2025-10-19,牡5,8
2025-06-21,pw01dud102023107050/22,ワンダフルデイズ,2025-12-21,牡2,5
2025-03-09,pw01dud102019106671/C9,ワンダフルトゥデイ,2025-12-21,牡6,5
2025-04-27,pw01dud102019110076/16,ワンダフルヘヴン,2025-05-10,牝6,3
2025-10-12,pw01dud102023103737/C2,ワンダフルボンド,2025-11-02,牡2,2
2025-02-22,pw01dud102022100071/A0,ワンダラー,2025-12-13,牡3,7
2025-12-20,pw01dud102023103191/4A,ワンダーアスク,2025-12-20,牝2,3
2025-08-30,pw01dud102022101020/CC,ワンダーアンジェ,2025-08-30,牝3,6
2025-01-11,pw01dud102022100200/1F,ワンダーイロネ,2025-09-07,牝3,5
2025-04-20,pw01dud102019103092/69,ワンダーウィルク,2025-05-24,牡6,6
2025-11-08,pw01dud102023100457/82,ワンダーエイド,2025-12-07,牡2,2
2025-03-01,pw01dud102022100420/A1,ワンダーエバー,2025-03-01,牡3,1
2025-07-26,pw01dud102022100016/7F,ワンダーエルピス,2025-07-26,牝3,2
2025-07-06,pw01dud102022100914/52,ワンダーカフェ,2025-08-30,牝3,3
2025-09-07,pw01dud102021100739/C3,ワンダーカモン,2025-11-23,牡4,8
2025-04-26,pw01dud102019102458/B0,ワンダーキサラ,2025-09-07,牝6,7
2025-08-09,pw01dud102022100164/1A,ワンダーキュイラス,2025-08-23,牡3,5
2025-10-26,pw01dud102023100456/0F,ワンダーサイファー,2025-10-26,牡2,1
2025-04-27,pw01dud102022100717/49,ワンダーサリュー,2025-04-27,牝3,1
2025-10-05,pw01dud102019102803/E5,ワンダージュノ,2025-10-05,せん6,2
2025-01-06,pw01dud102018102956/33,ワンダースティング,2025-12-28,牡7,7
2025-01-05,pw01dud102022102583/69,ワンダーティコ,2025-08-02,牝3,4
2025-07-12,pw01dud102023101758/77,ワンダーディーン,2025-12-20,牡2,4
2025-12-27,pw01dud102023100446/FF,ワンダーデリエール,2025-12-27,牝2,1
2025-11-09,pw01dud102023105196/67,ワンダーバリエンス,2025-11-09,牝2,1
2025-03-01,pw01dud102021100569/91,ワンダーフェロー,2025-03-01,牡4,1
2025-07-27,pw01dud102022101025/0B,ワンダーフレックス,2025-07-27,牝3,3
2025-05-24,pw01dud102022100215/6E,ワンダーブリング,2025-07-12,牡3,4
2025-11-16,pw01dud102019102585/B8,ワンダーブレット,2025-11-16,せん6,1
2025-03-30,pw01dud102022100166/00,ワンダーリズム,2025-11-15,牡3,6
2025-08-10,pw01dud102022100419/9C,ワンダーレイザー,2025-08-10,牡3,4
2025-04-26,pw01dud102022100716/D6,ワンダーレジット,2025-07-20,牡3,4
2025-08-10,pw01dud102022100160/4E,ワンダーヴァッフェ,2025-08-10,せん3,4
2025-08-23,pw01dud102022101748/DB,ワンチャン,2025-08-23,牝3,3
2025-04-27,pw01dud102022107174/B3,ワンハート,2025-05-10,牝3,3
2025-05-03,pw01dud102021102903/21,ワンパット,2025-12-14,牡4,6
2025-02-16,pw01dud102022105590/ED,ワンモアスマイル,2025-11-02,牡3,6
2025-08-10,pw01dud102023103823/17,ワンモメンタム,2025-08-10,牡2,2
2025-01-12,pw01dud102019101446/CB,ワンリオン,2025-02-22,牡6,2
2025-11-02,pw01dud102023103618/E4,ワンワールド,2025-12-21,牝2,3
2025-03-22,pw01dud102021104936/88,ワーキングアセット,2025-09-14,牡4,6
2025-07-13,pw01dud102022105870/60,ワーキングデライト,2025-07-13,牝3,5
2025-04-12,pw01dud102021102462/19,ワークソング,2025-12-28,牡4,7
2025-04-26,pw01dud102022104734/CC,ワース,2025-05-31,牡3,4
2025-10-25,pw01dud102018104030/86,ワーズワース,2025-12-06,牡7,10
2025-01-26,pw01dud102019105445/14,ワーフデール,2025-01-26,牝6,1
2025-01-12,pw01dud102021102579/7F,ワープエンジン,2025-01-12,牝4,1
2025-02-22,pw01dud102019105312/5A,ワープスピード,2025-12-06,牡6,5
2025-07-26,pw01dud102021105864/90,ワールズエンド,2025-12-13,牡4,4
2025-08-17,pw01dud102020110062/B9,ワールズコライド,2025-08-17,牡5,1
2025-05-17,pw01dud102022104382/72,ワールドキッス,2025-06-15,牡3,3
2025-01-06,pw01dud102021110002/E5,ワールドシリーズ,2025-12-14,牡4,6
2025-07-19,pw01dud102017106372/91,ワールドスケール,2025-11-22,牡8,7
2025-08-09,pw01dud102018101267/70,ワールドタキオン,2025-09-20,牡7,4
2025-08-30,pw01dud102023105578/F1,ワールドブレイヴ,2025-12-14,牡2,4
2025-12-07,pw01dud102023102098/4F,ワールドロイヤル,2025-12-07,牡2,1
2025-07-20,pw01dud102023100538/06,ヴァイオスペース,2025-11-09,牡2,2
2025-07-19,pw01dud102022105217/FF,ヴァイオパイシーズ,2025-10-19,牝3,4
2025-07-26,pw01dud102020106694/C1,ヴァイザーバルコ,2025-12-07,せん5,11
2025-02-22,pw01dud102021105417/D5,ヴァイザーブリック,2025-11-16,牡4,4
2025-04-20,pw01dud102022105010/78,ヴァイスクレー,2025-08-17,牝3,7
2025-07-27,pw01dud102021110079/7A,ヴァイタルピース,2025-08-24,せん4,8
2025-06-28,pw01dud102020105789/32,ヴァイルマティ,2025-12-21,牝5,6
2025-07-27,pw01dud102022100416/43,ヴァカンツァ,2025-09-07,牝3,3
2025-05-03,pw01dud102017106136/BB,ヴァクストゥーム,2025-05-10,牡8,2
2025-07-19,pw01dud102022104612/95,ヴァサヴォワール,2025-07-19,牡3,1
2025-01-26,pw01dud102022104483/16,ヴァシーオ,2025-02-01,牝3,2
2025-05-10,pw01dud102021106707/47,ヴァズレーヌ,2025-10-18,牝4,6
2025-05-03,pw01dud102018104331/8C,ヴァトレニ,2025-05-03,せん7,3
2025-08-02,pw01dud102020104567/DB,ヴァナルガンド,2025-12-21,牡5,5
2025-07-06,pw01dud102017105822/47,ヴァランセカズマ,2025-11-24,牡8,5
2025-02-22,pw01dud102018105478/11,ヴァリアメンテ,2025-02-22,牡7,1
2025-07-13,pw01dud102022105689/19,ヴァリアントマーチ,2025-12-13,牝3,6
2025-11-16,pw01dud102022105711/42,ヴァリオーサ,2025-12-06,牝3,9
2025-09-21,pw01dud102023101749/DA,ヴァリスクブレイズ,2025-09-21,牡2,1
2025-10-26,pw01dud102023103356/AB,ヴァリスマリネリス,2025-10-26,牝2,1
2025-10-18,pw01dud102022105769/2A,ヴァリディシームス,2025-10-18,牡3,6
2025-04-26,pw01dud102022105563/16,ヴァリラプトル,2025-06-21,牝3,6
2025-10-05,pw01dud102020103433/BF,ヴァリージア,2025-12-21,牡5,4
2025-02-22,pw01dud102022104764/FC,ヴァルキリーバース,2025-04-27,牝3,2
2025-12-06,pw01dud102023101693/47,ヴァルク,2025-12-06,牡2,1
2025-08-23,pw01dud102022104949/7D,ヴァルチャースター,2025-08-23,牡3,4
2025-08-09,pw01dud102019102437/1D,ヴァルツァーシャル,2025-12-14,牡6,4
2025-05-18,pw01dud102022101548/79,ヴァルトバーデン,2025-11-29,牡3,6
2025-03-22,pw01dud102022105736/A1,ヴァルドグラース,2025-09-14,牝3,4
2025-08-02,pw01dud102021103000/FE,ヴァルドルチャ,2025-09-21,牡4,3
2025-11-09,pw01dud102023106721/CD,ヴァルボナ,2025-11-09,牡2,3
2025-11-09,pw01dud102023103393/92,ヴァルボリ,2025-11-09,牡2,1
2025-01-18,pw01dud102022106958/F8,ヴァレスカ,2025-06-14,牝3,4
2025-09-07,pw01dud102023106847/D0,ヴァレンティーニ,2025-09-07,牝2,1
2025-11-29,pw01dud102023106905/DB,ヴァロアーク,2025-11-29,牡2,1
2025-12-06,pw01dud102023106902/82,ヴァロンブローサ,2025-12-06,牡2,2
2025-07-27,pw01dud102022105058/50,ヴァンアグレアブル,2025-12-21,牝3,8
2025-08-02,pw01dud102022104726/A2,ヴァンガルダ,2025-08-31,牝3,5
2025-08-23,pw01dud102019105187/A7,ヴァンガーズハート,2025-11-24,せん6,6
2025-10-25,pw01dud102023107331/08,ヴァンデスペランス,2025-12-20,牡2,2
2025-02-23,pw01dud102021100170/D2,ヴァンドーム,2025-11-08,牡4,6
2025-07-12,pw01dud102020105137/D6,ヴァンナチュール,2025-07-27,牡5,6
2025-01-12,pw01dud102018101087/2E,ヴァンヤール,2025-08-30,牡7,5
2025-01-11,pw01dud102019105141/B5,ヴァンルーラー,2025-03-30,牝6,4
2025-10-04,pw01dud102023102491/EE,ヴァンロゼ,2025-12-27,牝2,2
2025-08-03,pw01dud102021101399/4E,ヴァンヴィーヴ,2025-12-27,牡4,9
2025-08-03,pw01dud102022106912/06,ヴァージル,2025-11-09,牡3,8
2025-10-26,pw01dud102023101110/79,ヴァーティゴー,2025-10-26,牝2,1
2025-10-26,pw01dud102022104977/C7,ヴァーナリー,2025-10-26,牝3,3
2025-10-19,pw01dud102023106454/C3,ヴァールザーゲン,2025-12-28,牝2,2
2025-01-13,pw01dud102021105142/33,ヴィアダクト,2025-01-13,牡4,1
2025-05-11,pw01dud102022106766/C0,ヴィアツァ,2025-05-11,牝3,1
2025-06-28,pw01dud102022105833/79,ヴィアトル,2025-08-03,牝3,6
2025-02-23,pw01dud102019101679/B6,ヴィアドロローサ,2025-02-23,牡6,1
2025-05-11,pw01dud102018106815/0B,ヴィアルークス,2025-10-12,牡7,3
2025-02-02,pw01dud102022107316/9B,ヴィエルネスサント,2025-05-11,牡3,2
2025-08-16,pw01dud102023103677/D1,ヴィエントデコラ,2025-12-21,牡2,4
2025-08-17,pw01dud102022101639/0D,ヴィオラソナタ,2025-08-17,牝3,1
2025-05-18,pw01dud102022100893/2E,ヴィオラダンサー,2025-05-18,牝3,2
2025-03-22,pw01dud102022103827/57,ヴィオレンツァ,2025-08-16,牡3,6
2025-05-11,pw01dud102018104948/E7,ヴィクティファルス,2025-07-27,せん7,3
2025-07-06,pw01dud102022105451/EF,ヴィクトリアランド,2025-08-23,牝3,3
2025-12-21,pw01dud102023100767/25,ヴィクトリーマンボ,2025-12-21,牝2,1
2025-07-19,pw01dud102020103931/CE,ヴィクトリーロード,2025-12-07,牡5,6
2025-08-31,pw01dud102022104667/24,ヴィクトワールバゴ,2025-08-31,牡3,3
2025-11-30,pw01dud102023105113/8E,ヴィゴラスガイア,2025-12-21,牝2,2
2025-01-19,pw01dud102019105333/ED,ヴィゴラスダンサー,2025-02-16,牝6,2
2025-10-12,pw01dud102023105334/83,ヴィサージュ,2025-10-12,牡2,1
2025-08-31,pw01dud102023102218/31,ヴィシュヴァナート,2025-12-27,牡2,3
2025-07-13,pw01dud102022104860/61,ヴィジブルライト,2025-08-31,牡3,6
2025-06-29,pw01dud102023109113/4A,ヴィジュイイジャン,2025-07-06,牡2,2
2025-01-12,pw01dud102015100274/94,ヴィジョンオブラヴ,2025-01-12,牡10,1
2025-06-29,pw01dud102022104884/4D,ヴィジョンメーカー,2025-12-27,牡3,5
2025-08-31,pw01dud102023107244/40,ヴィスコンテッサ,2025-11-22,牝2,2
2025-09-28,pw01dud102021105459/FB,ヴィスマール,2025-12-07,牡4,8
2025-08-03,pw01dud102023103671/1F,ヴィヒタ,2025-08-03,牡2,3
2025-06-28,pw01dud102023104665/CA,ヴィビーム,2025-07-20,牝2,2
2025-07-06,pw01dud102019104928/53,ヴィブラツィオーネ,2025-11-16,せん6,6
2025-02-10,pw01dud102019105096/13,ヴィブラフォン,2025-02-10,牝6,1
2025-08-02,pw01dud102023103901/42,ヴィラジョヴィス,2025-11-22,牝2,4
2025-07-12,pw01dud102022103098/B2,ヴィラスターリ,2025-07-12,牡3,6
2025-12-13,pw01dud102023110074/53,ヴィラフランカ,2025-12-13,牝2,1
2025-02-23,pw01dud102022105853/99,ヴィリアリート,2025-12-06,牝3,3
2025-02-09,pw01dud102019105369/CF,ヴィルトブリーゼ,2025-03-16,牝6,2
2025-07-19,pw01dud102022105147/FE,ヴィルナタール,2025-11-08,牝3,5
2025-10-25,pw01dud102021106738/EA,ヴィレム,2025-11-30,牡4,6
2025-03-29,pw01dud102020103259/2F,ヴィンセドリス,2025-03-29,牡5,1
2025-08-10,pw01dud102022104832/17,ヴィンセンシオ,2025-12-13,牡3,4
2025-12-06,pw01dud102019105095/A0,ヴィンテージボンド,2025-12-06,牡6,6
2025-05-24,pw01dud102021105713/9C,ヴィントシュティレ,2025-10-26,牝4,5
2025-11-08,pw01dud102018100406/10,ヴィントミューレ,2025-12-07,せん7,3
2025-11-01,pw01dud102022104758/B8,ヴィンブルレー,2025-11-01,牝3,1
2025-11-09,pw01dud102021101595/E4,ヴィヴァクラウン,2025-11-22,牡4,3
2025-12-20,pw01dud102022104391/0F,ヴィヴァシャス,2025-12-20,牝3,10
2025-08-10,pw01dud102022102749/3D,ヴィヴァラリス,2025-11-15,牝3,7
2025-02-01,pw01dud102018102040/B8,ヴィヴァン,2025-07-20,牡7,3
2025-11-24,pw01dud102020102637/FE,ヴィヴィッシモ,2025-11-24,牡5,6
2025-07-13,pw01dud102022101633/5B,ヴィヴィッドムーン,2025-07-13,牝3,5
2025-02-22,pw01dud102021100059/8C,ヴィーゲイツ,2025-03-29,牝4,2
2025-02-10,pw01dud102022101070/1C,ヴィーショラ,2025-06-08,牝3,2
2025-08-31,pw01dud102022101441/23,ヴィータレヴィス,2025-08-31,牡3,6
2025-06-28,pw01dud102022100548/8A,ヴィーデ,2025-12-20,牡3,9
2025-08-09,pw01dud102023109051/73,ヴィーナスキック,2025-11-30,牝2,3
2025-07-12,pw01dud102022101458/58,ヴィーナスゼファー,2025-09-13,牝3,6
2025-06-15,pw01dud102022102957/C9,ヴィーナスバブル,2025-11-29,牝3,7
2025-10-11,pw01dud102023106944/A8,ヴェイルドハート,2025-10-11,牡2,1
2025-03-15,pw01dud102018105349/23,ヴェイルネビュラ,2025-03-15,せん7,1
2025-12-20,pw01dud102023103083/EF,ヴェインズマン,2025-12-20,牡2,1
2025-02-02,pw01dud102021104401/24,ヴェサリウス,2025-12-06,牡4,6
2025-08-16,pw01dud102022105206/7C,ヴェシレンキ,2025-08-16,牡3,4
2025-02-22,pw01dud102021105426/72,ヴェストリア,2025-02-22,牝4,1
2025-05-24,pw01dud102022101469/DB,ヴェナートル,2025-12-07,牡3,8
2025-01-11,pw01dud102021103477/57,ヴェヌーセ,2025-01-11,牝4,1
2025-10-13,pw01dud102023103320/C9,ヴェネチアンキング,2025-12-14,牡2,3
2025-09-06,pw01dud102022100456/83,ヴェネチアンマスク,2025-09-20,牡3,2
2025-07-13,pw01dud102022104700/D0,ヴェネチアンレース,2025-08-24,牝3,5
2025-12-28,pw01dud102023102421/7E,ヴェネラブル,2025-12-28,牝2,1
2025-08-30,pw01dud102020102772/30,ヴェラグエリエロ,2025-11-23,牡5,8
2025-08-17,pw01dud102021103172/85,ヴェラリーシャ,2025-12-13,牝4,5
2025-10-05,pw01dud102023102034/23,ヴェリタスポルタ,2025-12-07,牡2,3
2025-05-31,pw01dud102022106783/87,ヴェリーヌ,2025-05-31,牝3,2
2025-12-20,pw01dud102023105117/5A,ヴェルサイユローズ,2025-12-20,牝2,1
2025-12-21,pw01dud102023106786/6C,ヴェルジーネ,2025-12-21,牝2,1
2025-07-06,pw01dud102022100691/E6,ヴェルダリオ,2025-08-30,牡3,5
2025-12-06,pw01dud102020103060/D2,ヴェルテンベルク,2025-12-06,牡5,8
2025-05-10,pw01dud102022107166/89,ヴェルトツィール,2025-06-15,牡3,4
2025-01-19,pw01dud102017105567/33,ヴェルトライゼンデ,2025-01-19,牡8,1
2025-05-25,pw01dud102021104903/FF,ヴェルトラウム,2025-09-20,牡4,5
2025-08-16,pw01dud102022104670/0F,ヴェルドロ,2025-08-16,せん3,2
2025-08-03,pw01dud102022104869/6C,ヴェルニッツ,2025-09-06,牡3,5
2025-07-27,pw01dud102020103945/AA,ヴェルミセル,2025-12-06,牝5,7
2025-10-04,pw01dud102023106901/0F,ヴェルメロディ,2025-12-21,牝2,2
2025-10-13,pw01dud102020100651/8E,ヴェレノージ,2025-10-13,牝5,1
2025-07-26,pw01dud102021101397/68,ヴェロクオーレ,2025-11-23,牝4,7
2025-09-20,pw01dud102023100929/2D,ヴェロシア,2025-09-20,牡2,1
2025-05-31,pw01dud102022105218/72,ヴェロニカペルシカ,2025-05-31,牝3,3
2025-08-17,pw01dud102021105399/0A,ヴェローチェエラ,2025-08-31,牡4,6
2025-10-05,pw01dud102020105951/CC,ヴェンチュラムーン,2025-10-05,せん5,1
2025-10-19,pw01dud102023100276/CD,ヴェンデボヌール,2025-11-24,牡2,3
2025-01-12,pw01dud102022103195/8A,ヴェントインコーダ,2025-12-13,牝3,5
2025-02-15,pw01dud102022104186/DC,ヴェントゥーラ,2025-02-15,牝3,1
2025-07-26,pw01dud102022104558/56,ヴェントステラーレ,2025-09-15,牝3,4
2025-05-11,pw01dud102022109048/FC,ヴェントドーロ,2025-05-25,牝3,3
2025-11-08,pw01dud102023103133/D0,ヴェントベローチェ,2025-12-13,牡2,2
2025-03-01,pw01dud102017100434/CE,ヴェントヴォーチェ,2025-03-01,牡8,1
2025-02-23,pw01dud102022105708/57,ヴェーヌドール,2025-10-04,牡3,6
2025-02-22,pw01dud102019104767/BE,ヴェールランス,2025-05-03,牡6,2
2025-01-05,pw01dud102022105822/F6,ヴォイスオブゼウス,2025-09-15,牡3,10
2025-05-11,pw01dud102020100593/83,ヴォランテ,2025-11-02,牡5,9
2025-10-18,pw01dud102022107149/C2,ヴォラヴィア,2025-10-18,牡3,10
2025-01-12,pw01dud102022103563/38,ヴォルオヴァン,2025-06-29,牡3,2
2025-01-06,pw01dud102022106628/35,ヴォルクメア,2025-07-05,牝3,4
2025-04-12,pw01dud102022100507/D7,ヴォルケシェッツェ,2025-04-20,牡3,2
2025-04-26,pw01dud102021100677/EC,ヴォルスター,2025-12-21,牡4,11
2025-06-15,pw01dud102022104324/F8,ヴォルヴァ,2025-07-12,牝3,7
2025-08-03,pw01dud102022105259/25,ヴォレンティエーリ,2025-08-16,牝3,3
2025-04-26,pw01dud102022106667/02,ヴォワラクテ,2025-11-15,牝3,10
2025-11-02,pw01dud102023100651/32,ヴォンサクレ,2025-11-02,牡2,1
2025-04-27,pw01dud102020106585/F3,ヴォンヌヴォー,2025-12-28,牝5,8
2025-02-09,pw01dud102022101227/53,ヴォンフレ,2025-12-07,牝3,6
2025-08-03,pw01dud102023103783/46,ヴォーカライズ,2025-12-06,牡2,4
2025-04-26,pw01dud102018101662/F5,ヴォーグマチネ,2025-04-26,牡7,3
2025-11-09,pw01dud102023106843/04,ヴォートセレスト,2025-11-09,牡2,1
2025-02-09,pw01dud102022102013/04,ヴォーパルソード,2025-03-30,牝3,4
2025-02-01,pw01dud102022100464/AD,ヴノ,2025-08-03,牡3,7
2025-05-11,pw01dud102019105578/CE,ヴラディア,2025-12-20,牡6,9
2025-06-01,pw01dud102022105302/E1,ヴリトラハン,2025-11-01,牡3,6
2025-02-16,pw01dud102018109026/D3,ヴルカーノ,2025-06-01,牡7,4
2025-11-15,pw01dud102023105066/06,ヴルールドロワ,2025-12-06,牡2,3
2025-11-08,pw01dud102023102908/78,ヴレクール,2025-12-13,牡2,3
2025-02-09,pw01dud102022102170/3C,ヴレーデ,2025-05-18,牡3,3
2025-08-10,pw01dud102023107280/B4,ヴンダーバール,2025-11-30,牝2,5
2025-05-11,pw01dud102022104617/D4,ヴーレヴー,2025-10-19,牝3,5
