bet_type,data_status,payout_per_100_yen,payout_popularity,race_date,race_id,source_url,winning_selection
単勝,QUARANTINED_HTML:track_condition,380,2,2026-08-16,pw01sde0101202601080120260816,https://www.jra.go.jp/JRADB/accessS.html?CNAME=pw01sde0101202601080120260816%2FBA,10
複勝,QUARANTINED_HTML:track_condition,170,2,2026-08-16,pw01sde0101202601080120260816,https://www.jra.go.jp/JRADB/accessS.html?CNAME=pw01sde0101202601080120260816%2FBA,10
複勝,QUARANTINED_HTML:track_condition,290,5,2026-08-16,pw01sde0101202601080120260816,https://www.jra.go.jp/JRADB/accessS.html?CNAME=pw01sde0101202601080120260816%2FBA,3
複勝,QUARANTINED_HTML:track_condition,960,7,2026-08-16,pw01sde0101202601080120260816,https://www.jra.go.jp/JRADB/accessS.html?CNAME=pw01sde0101202601080120260816%2FBA,14
枠連,QUARANTINED_HTML:track_condition,2070,8,2026-08-16,pw01sde0101202601080120260816,https://www.jra.go.jp/JRADB/accessS.html?CNAME=pw01sde0101202601080120260816%2FBA,3-6
ワイド,QUARANTINED_HTML:track_condition,720,8,2026-08-16,pw01sde0101202601080120260816,https://www.jra.go.jp/JRADB/accessS.html?CNAME=pw01sde0101202601080120260816%2FBA,3-10
ワイド,QUARANTINED_HTML:track_condition,1990,16,2026-08-16,pw01sde0101202601080120260816,https://www.jra.go.jp/JRADB/accessS.html?CNAME=pw01sde0101202601080120260816%2FBA,10-14
ワイド,QUARANTINED_HTML:track_condition,4480,32,2026-08-16,pw01sde0101202601080120260816,https://www.jra.go.jp/JRADB/accessS.html?CNAME=pw01sde0101202601080120260816%2FBA,3-14
馬連,QUARANTINED_HTML:track_condition,2260,8,2026-08-16,pw01sde0101202601080120260816,https://www.jra.go.jp/JRADB/accessS.html?CNAME=pw01sde0101202601080120260816%2FBA,3-10
馬単,QUARANTINED_HTML:track_condition,3660,14,2026-08-16,pw01sde0101202601080120260816,https://www.jra.go.jp/JRADB/accessS.html?CNAME=pw01sde0101202601080120260816%2FBA,10-3
3連複,QUARANTINED_HTML:track_condition,24150,53,2026-08-16,pw01sde0101202601080120260816,https://www.jra.go.jp/JRADB/accessS.html?CNAME=pw01sde0101202601080120260816%2FBA,3-10-14
3連単,QUARANTINED_HTML:track_condition,78370,179,2026-08-16,pw01sde0101202601080120260816,https://www.jra.go.jp/JRADB/accessS.html?CNAME=pw01sde0101202601080120260816%2FBA,10-3-14
単勝,QUARANTINED_HTML:track_condition,210,1,2026-08-15,pw01sde0101202601070120260815,https://www.jra.go.jp/JRADB/accessS.html?CNAME=pw01sde0101202601070120260815%2F8A,3
複勝,QUARANTINED_HTML:track_condition,130,1,2026-08-15,pw01sde0101202601070120260815,https://www.jra.go.jp/JRADB/accessS.html?CNAME=pw01sde0101202601070120260815%2F8A,3
複勝,QUARANTINED_HTML:track_condition,240,4,2026-08-15,pw01sde0101202601070120260815,https://www.jra.go.jp/JRADB/accessS.html?CNAME=pw01sde0101202601070120260815%2F8A,12
複勝,QUARANTINED_HTML:track_condition,1100,10,2026-08-15,pw01sde0101202601070120260815,https://www.jra.go.jp/JRADB/accessS.html?CNAME=pw01sde0101202601070120260815%2F8A,1
枠連,QUARANTINED_HTML:track_condition,1190,4,2026-08-15,pw01sde0101202601070120260815,https://www.jra.go.jp/JRADB/accessS.html?CNAME=pw01sde0101202601070120260815%2F8A,3-7
ワイド,QUARANTINED_HTML:track_condition,500,4,2026-08-15,pw01sde0101202601070120260815,https://www.jra.go.jp/JRADB/accessS.html?CNAME=pw01sde0101202601070120260815%2F8A,3-12
ワイド,QUARANTINED_HTML:track_condition,2460,26,2026-08-15,pw01sde0101202601070120260815,https://www.jra.go.jp/JRADB/accessS.html?CNAME=pw01sde0101202601070120260815%2F8A,1-3
ワイド,QUARANTINED_HTML:track_condition,4710,37,2026-08-15,pw01sde0101202601070120260815,https://www.jra.go.jp/JRADB/accessS.html?CNAME=pw01sde0101202601070120260815%2F8A,1-12
馬連,QUARANTINED_HTML:track_condition,1020,3,2026-08-15,pw01sde0101202601070120260815,https://www.jra.go.jp/JRADB/accessS.html?CNAME=pw01sde0101202601070120260815%2F8A,3-12
馬単,QUARANTINED_HTML:track_condition,1640,5,2026-08-15,pw01sde0101202601070120260815,https://www.jra.go.jp/JRADB/accessS.html?CNAME=pw01sde0101202601070120260815%2F8A,3-12
3連複,QUARANTINED_HTML:track_condition,16240,49,2026-08-15,pw01sde0101202601070120260815,https://www.jra.go.jp/JRADB/accessS.html?CNAME=pw01sde0101202601070120260815%2F8A,1-3-12
3連単,QUARANTINED_HTML:track_condition,47140,156,2026-08-15,pw01sde0101202601070120260815,https://www.jra.go.jp/JRADB/accessS.html?CNAME=pw01sde0101202601070120260815%2F8A,3-12-1
単勝,QUARANTINED_HTML:track_condition,1870,6,2026-08-15,pw01sde0107202602070120260815,https://www.jra.go.jp/JRADB/accessS.html?CNAME=pw01sde0107202602070120260815%2F77,16
複勝,QUARANTINED_HTML:track_condition,690,7,2026-08-15,pw01sde0107202602070120260815,https://www.jra.go.jp/JRADB/accessS.html?CNAME=pw01sde0107202602070120260815%2F77,16
複勝,QUARANTINED_HTML:track_condition,3250,13,2026-08-15,pw01sde0107202602070120260815,https://www.jra.go.jp/JRADB/accessS.html?CNAME=pw01sde0107202602070120260815%2F77,6
複勝,QUARANTINED_HTML:track_condition,2210,11,2026-08-15,pw01sde0107202602070120260815,https://www.jra.go.jp/JRADB/accessS.html?CNAME=pw01sde0107202602070120260815%2F77,11
枠連,QUARANTINED_HTML:track_condition,5570,16,2026-08-15,pw01sde0107202602070120260815,https://www.jra.go.jp/JRADB/accessS.html?CNAME=pw01sde0107202602070120260815%2F77,3-8
ワイド,QUARANTINED_HTML:track_condition,25060,85,2026-08-15,pw01sde0107202602070120260815,https://www.jra.go.jp/JRADB/accessS.html?CNAME=pw01sde0107202602070120260815%2F77,6-16
ワイド,QUARANTINED_HTML:track_condition,14620,67,2026-08-15,pw01sde0107202602070120260815,https://www.jra.go.jp/JRADB/accessS.html?CNAME=pw01sde0107202602070120260815%2F77,11-16
ワイド,QUARANTINED_HTML:track_condition,20990,76,2026-08-15,pw01sde0107202602070120260815,https://www.jra.go.jp/JRADB/accessS.html?CNAME=pw01sde0107202602070120260815%2F77,6-11
馬連,QUARANTINED_HTML:track_condition,117680,82,2026-08-15,pw01sde0107202602070120260815,https://www.jra.go.jp/JRADB/accessS.html?CNAME=pw01sde0107202602070120260815%2F77,6-16
馬単,QUARANTINED_HTML:track_condition,133080,145,2026-08-15,pw01sde0107202602070120260815,https://www.jra.go.jp/JRADB/accessS.html?CNAME=pw01sde0107202602070120260815%2F77,16-6
3連複,QUARANTINED_HTML:track_condition,657860,365,2026-08-15,pw01sde0107202602070120260815,https://www.jra.go.jp/JRADB/accessS.html?CNAME=pw01sde0107202602070120260815%2F77,6-11-16
3連単,QUARANTINED_HTML:track_condition,8783430,2646,2026-08-15,pw01sde0107202602070120260815,https://www.jra.go.jp/JRADB/accessS.html?CNAME=pw01sde0107202602070120260815%2F77,16-6-11
単勝,PASS_HTML,490,2,2026-08-16,pw01sde0104202602080120260816,https://www.jra.go.jp/JRADB/accessS.html?CNAME=pw01sde0104202602080120260816%2FC9,1
複勝,PASS_HTML,110,2,2026-08-16,pw01sde0104202602080120260816,https://www.jra.go.jp/JRADB/accessS.html?CNAME=pw01sde0104202602080120260816%2FC9,1
複勝,PASS_HTML,180,4,2026-08-16,pw01sde0104202602080120260816,https://www.jra.go.jp/JRADB/accessS.html?CNAME=pw01sde0104202602080120260816%2FC9,4
複勝,PASS_HTML,100,1,2026-08-16,pw01sde0104202602080120260816,https://www.jra.go.jp/JRADB/accessS.html?CNAME=pw01sde0104202602080120260816%2FC9,8
枠連,PASS_HTML,3270,8,2026-08-16,pw01sde0104202602080120260816,https://www.jra.go.jp/JRADB/accessS.html?CNAME=pw01sde0104202602080120260816%2FC9,1-4
ワイド,PASS_HTML,640,8,2026-08-16,pw01sde0104202602080120260816,https://www.jra.go.jp/JRADB/accessS.html?CNAME=pw01sde0104202602080120260816%2FC9,1-4
ワイド,PASS_HTML,150,1,2026-08-16,pw01sde0104202602080120260816,https://www.jra.go.jp/JRADB/accessS.html?CNAME=pw01sde0104202602080120260816%2FC9,1-8
ワイド,PASS_HTML,280,4,2026-08-16,pw01sde0104202602080120260816,https://www.jra.go.jp/JRADB/accessS.html?CNAME=pw01sde0104202602080120260816%2FC9,4-8
馬連,PASS_HTML,3430,10,2026-08-16,pw01sde0104202602080120260816,https://www.jra.go.jp/JRADB/accessS.html?CNAME=pw01sde0104202602080120260816%2FC9,1-4
馬単,PASS_HTML,6670,15,2026-08-16,pw01sde0104202602080120260816,https://www.jra.go.jp/JRADB/accessS.html?CNAME=pw01sde0104202602080120260816%2FC9,1-4
3連複,PASS_HTML,940,2,2026-08-16,pw01sde0104202602080120260816,https://www.jra.go.jp/JRADB/accessS.html?CNAME=pw01sde0104202602080120260816%2FC9,1-4-8
3連単,PASS_HTML,13450,44,2026-08-16,pw01sde0104202602080120260816,https://www.jra.go.jp/JRADB/accessS.html?CNAME=pw01sde0104202602080120260816%2FC9,1-4-8
単勝,QUARANTINED_HTML:track_condition,710,3,2026-08-15,pw01sde1001202601070320260815,https://www.jra.go.jp/JRADB/accessS.html?CNAME=pw01sde1001202601070320260815%2FD3,11
複勝,QUARANTINED_HTML:track_condition,200,3,2026-08-15,pw01sde1001202601070320260815,https://www.jra.go.jp/JRADB/accessS.html?CNAME=pw01sde1001202601070320260815%2FD3,11
複勝,QUARANTINED_HTML:track_condition,240,4,2026-08-15,pw01sde1001202601070320260815,https://www.jra.go.jp/JRADB/accessS.html?CNAME=pw01sde1001202601070320260815%2FD3,1
複勝,QUARANTINED_HTML:track_condition,290,6,2026-08-15,pw01sde1001202601070320260815,https://www.jra.go.jp/JRADB/accessS.html?CNAME=pw01sde1001202601070320260815%2FD3,10
枠連,QUARANTINED_HTML:track_condition,970,4,2026-08-15,pw01sde1001202601070320260815,https://www.jra.go.jp/JRADB/accessS.html?CNAME=pw01sde1001202601070320260815%2FD3,1-8
ワイド,QUARANTINED_HTML:track_condition,740,6,2026-08-15,pw01sde1001202601070320260815,https://www.jra.go.jp/JRADB/accessS.html?CNAME=pw01sde1001202601070320260815%2FD3,1-11
ワイド,QUARANTINED_HTML:track_condition,870,10,2026-08-15,pw01sde1001202601070320260815,https://www.jra.go.jp/JRADB/accessS.html?CNAME=pw01sde1001202601070320260815%2FD3,10-11
ワイド,QUARANTINED_HTML:track_condition,1380,21,2026-08-15,pw01sde1001202601070320260815,https://www.jra.go.jp/JRADB/accessS.html?CNAME=pw01sde1001202601070320260815%2FD3,1-10
馬連,QUARANTINED_HTML:track_condition,2670,12,2026-08-15,pw01sde1001202601070320260815,https://www.jra.go.jp/JRADB/accessS.html?CNAME=pw01sde1001202601070320260815%2FD3,1-11
馬単,QUARANTINED_HTML:track_condition,4850,20,2026-08-15,pw01sde1001202601070320260815,https://www.jra.go.jp/JRADB/accessS.html?CNAME=pw01sde1001202601070320260815%2FD3,11-1
3連複,QUARANTINED_HTML:track_condition,6920,27,2026-08-15,pw01sde1001202601070320260815,https://www.jra.go.jp/JRADB/accessS.html?CNAME=pw01sde1001202601070320260815%2FD3,1-10-11
3連単,QUARANTINED_HTML:track_condition,36470,140,2026-08-15,pw01sde1001202601070320260815,https://www.jra.go.jp/JRADB/accessS.html?CNAME=pw01sde1001202601070320260815%2FD3,11-1-10
単勝,PASS_HTML,140,1,2026-08-15,pw01sde1001202601070220260815,https://www.jra.go.jp/JRADB/accessS.html?CNAME=pw01sde1001202601070220260815%2F1E,9
複勝,PASS_HTML,110,1,2026-08-15,pw01sde1001202601070220260815,https://www.jra.go.jp/JRADB/accessS.html?CNAME=pw01sde1001202601070220260815%2F1E,9
複勝,PASS_HTML,160,3,2026-08-15,pw01sde1001202601070220260815,https://www.jra.go.jp/JRADB/accessS.html?CNAME=pw01sde1001202601070220260815%2F1E,2
複勝,PASS_HTML,210,4,2026-08-15,pw01sde1001202601070220260815,https://www.jra.go.jp/JRADB/accessS.html?CNAME=pw01sde1001202601070220260815%2F1E,8
枠連,PASS_HTML,540,3,2026-08-15,pw01sde1001202601070220260815,https://www.jra.go.jp/JRADB/accessS.html?CNAME=pw01sde1001202601070220260815%2F1E,2-8
ワイド,PASS_HTML,260,2,2026-08-15,pw01sde1001202601070220260815,https://www.jra.go.jp/JRADB/accessS.html?CNAME=pw01sde1001202601070220260815%2F1E,2-9
ワイド,PASS_HTML,330,3,2026-08-15,pw01sde1001202601070220260815,https://www.jra.go.jp/JRADB/accessS.html?CNAME=pw01sde1001202601070220260815%2F1E,8-9
ワイド,PASS_HTML,790,9,2026-08-15,pw01sde1001202601070220260815,https://www.jra.go.jp/JRADB/accessS.html?CNAME=pw01sde1001202601070220260815%2F1E,2-8
馬連,PASS_HTML,680,2,2026-08-15,pw01sde1001202601070220260815,https://www.jra.go.jp/JRADB/accessS.html?CNAME=pw01sde1001202601070220260815%2F1E,2-9
馬単,PASS_HTML,720,3,2026-08-15,pw01sde1001202601070220260815,https://www.jra.go.jp/JRADB/accessS.html?CNAME=pw01sde1001202601070220260815%2F1E,9-2
3連複,PASS_HTML,1770,6,2026-08-15,pw01sde1001202601070220260815,https://www.jra.go.jp/JRADB/accessS.html?CNAME=pw01sde1001202601070220260815%2F1E,2-8-9
3連単,PASS_HTML,3510,9,2026-08-15,pw01sde1001202601070220260815,https://www.jra.go.jp/JRADB/accessS.html?CNAME=pw01sde1001202601070220260815%2F1E,9-2-8
単勝,QUARANTINED_HTML:track_condition,850,4,2026-08-15,pw01sde1001202601070420260815,https://www.jra.go.jp/JRADB/accessS.html?CNAME=pw01sde1001202601070420260815%2F88,12
複勝,QUARANTINED_HTML:track_condition,280,4,2026-08-15,pw01sde1001202601070420260815,https://www.jra.go.jp/JRADB/accessS.html?CNAME=pw01sde1001202601070420260815%2F88,12
複勝,QUARANTINED_HTML:track_condition,170,2,2026-08-15,pw01sde1001202601070420260815,https://www.jra.go.jp/JRADB/accessS.html?CNAME=pw01sde1001202601070420260815%2F88,3
複勝,QUARANTINED_HTML:track_condition,370,6,2026-08-15,pw01sde1001202601070420260815,https://www.jra.go.jp/JRADB/accessS.html?CNAME=pw01sde1001202601070420260815%2F88,7
枠連,QUARANTINED_HTML:track_condition,1590,5,2026-08-15,pw01sde1001202601070420260815,https://www.jra.go.jp/JRADB/accessS.html?CNAME=pw01sde1001202601070420260815%2F88,3-8
ワイド,QUARANTINED_HTML:track_condition,840,10,2026-08-15,pw01sde1001202601070420260815,https://www.jra.go.jp/JRADB/accessS.html?CNAME=pw01sde1001202601070420260815%2F88,3-12
ワイド,QUARANTINED_HTML:track_condition,1990,20,2026-08-15,pw01sde1001202601070420260815,https://www.jra.go.jp/JRADB/accessS.html?CNAME=pw01sde1001202601070420260815%2F88,7-12
ワイド,QUARANTINED_HTML:track_condition,950,11,2026-08-15,pw01sde1001202601070420260815,https://www.jra.go.jp/JRADB/accessS.html?CNAME=pw01sde1001202601070420260815%2F88,3-7
馬連,QUARANTINED_HTML:track_condition,2160,8,2026-08-15,pw01sde1001202601070420260815,https://www.jra.go.jp/JRADB/accessS.html?CNAME=pw01sde1001202601070420260815%2F88,3-12
馬単,QUARANTINED_HTML:track_condition,4770,18,2026-08-15,pw01sde1001202601070420260815,https://www.jra.go.jp/JRADB/accessS.html?CNAME=pw01sde1001202601070420260815%2F88,12-3
3連複,QUARANTINED_HTML:track_condition,8560,24,2026-08-15,pw01sde1001202601070420260815,https://www.jra.go.jp/JRADB/accessS.html?CNAME=pw01sde1001202601070420260815%2F88,3-7-12
3連単,QUARANTINED_HTML:track_condition,43000,119,2026-08-15,pw01sde1001202601070420260815,https://www.jra.go.jp/JRADB/accessS.html?CNAME=pw01sde1001202601070420260815%2F88,12-3-7
単勝,PASS_HTML,270,1,2026-08-15,pw01sde1001202601070520260815,https://www.jra.go.jp/JRADB/accessS.html?CNAME=pw01sde1001202601070520260815%2F3D,5
複勝,PASS_HTML,130,1,2026-08-15,pw01sde1001202601070520260815,https://www.jra.go.jp/JRADB/accessS.html?CNAME=pw01sde1001202601070520260815%2F3D,5
複勝,PASS_HTML,150,2,2026-08-15,pw01sde1001202601070520260815,https://www.jra.go.jp/JRADB/accessS.html?CNAME=pw01sde1001202601070520260815%2F3D,1
複勝,PASS_HTML,340,6,2026-08-15,pw01sde1001202601070520260815,https://www.jra.go.jp/JRADB/accessS.html?CNAME=pw01sde1001202601070520260815%2F3D,2
枠連,PASS_HTML,560,2,2026-08-15,pw01sde1001202601070520260815,https://www.jra.go.jp/JRADB/accessS.html?CNAME=pw01sde1001202601070520260815%2F3D,1-5
ワイド,PASS_HTML,270,1,2026-08-15,pw01sde1001202601070520260815,https://www.jra.go.jp/JRADB/accessS.html?CNAME=pw01sde1001202601070520260815%2F3D,1-5
ワイド,PASS_HTML,840,11,2026-08-15,pw01sde1001202601070520260815,https://www.jra.go.jp/JRADB/accessS.html?CNAME=pw01sde1001202601070520260815%2F3D,2-5
ワイド,PASS_HTML,870,12,2026-08-15,pw01sde1001202601070520260815,https://www.jra.go.jp/JRADB/accessS.html?CNAME=pw01sde1001202601070520260815%2F3D,1-2
馬連,PASS_HTML,580,1,2026-08-15,pw01sde1001202601070520260815,https://www.jra.go.jp/JRADB/accessS.html?CNAME=pw01sde1001202601070520260815%2F3D,1-5
馬単,PASS_HTML,930,1,2026-08-15,pw01sde1001202601070520260815,https://www.jra.go.jp/JRADB/accessS.html?CNAME=pw01sde1001202601070520260815%2F3D,5-1
3連複,PASS_HTML,2120,5,2026-08-15,pw01sde1001202601070520260815,https://www.jra.go.jp/JRADB/accessS.html?CNAME=pw01sde1001202601070520260815%2F3D,1-2-5
3連単,PASS_HTML,6060,6,2026-08-15,pw01sde1001202601070520260815,https://www.jra.go.jp/JRADB/accessS.html?CNAME=pw01sde1001202601070520260815%2F3D,5-1-2
単勝,PASS_HTML,400,2,2026-08-15,pw01sde1001202601070620260815,https://www.jra.go.jp/JRADB/accessS.html?CNAME=pw01sde1001202601070620260815%2FF2,7
複勝,PASS_HTML,170,2,2026-08-15,pw01sde1001202601070620260815,https://www.jra.go.jp/JRADB/accessS.html?CNAME=pw01sde1001202601070620260815%2FF2,7
複勝,PASS_HTML,320,7,2026-08-15,pw01sde1001202601070620260815,https://www.jra.go.jp/JRADB/accessS.html?CNAME=pw01sde1001202601070620260815%2FF2,11
複勝,PASS_HTML,260,5,2026-08-15,pw01sde1001202601070620260815,https://www.jra.go.jp/JRADB/accessS.html?CNAME=pw01sde1001202601070620260815%2FF2,8
枠連,PASS_HTML,1550,8,2026-08-15,pw01sde1001202601070620260815,https://www.jra.go.jp/JRADB/accessS.html?CNAME=pw01sde1001202601070620260815%2FF2,5-7
ワイド,PASS_HTML,720,9,2026-08-15,pw01sde1001202601070620260815,https://www.jra.go.jp/JRADB/accessS.html?CNAME=pw01sde1001202601070620260815%2FF2,7-11
ワイド,PASS_HTML,690,8,2026-08-15,pw01sde1001202601070620260815,https://www.jra.go.jp/JRADB/accessS.html?CNAME=pw01sde1001202601070620260815%2FF2,7-8
ワイド,PASS_HTML,1430,19,2026-08-15,pw01sde1001202601070620260815,https://www.jra.go.jp/JRADB/accessS.html?CNAME=pw01sde1001202601070620260815%2FF2,8-11
馬連,PASS_HTML,2050,11,2026-08-15,pw01sde1001202601070620260815,https://www.jra.go.jp/JRADB/accessS.html?CNAME=pw01sde1001202601070620260815%2FF2,7-11
馬単,PASS_HTML,3580,16,2026-08-15,pw01sde1001202601070620260815,https://www.jra.go.jp/JRADB/accessS.html?CNAME=pw01sde1001202601070620260815%2FF2,7-11
3連複,PASS_HTML,5300,21,2026-08-15,pw01sde1001202601070620260815,https://www.jra.go.jp/JRADB/accessS.html?CNAME=pw01sde1001202601070620260815%2FF2,7-8-11
3連単,PASS_HTML,31160,124,2026-08-15,pw01sde1001202601070620260815,https://www.jra.go.jp/JRADB/accessS.html?CNAME=pw01sde1001202601070620260815%2FF2,7-11-8
単勝,QUARANTINED_HTML:track_condition,260,1,2026-08-15,pw01sde1001202601070820260815,https://www.jra.go.jp/JRADB/accessS.html?CNAME=pw01sde1001202601070820260815%2F5C,9
複勝,QUARANTINED_HTML:track_condition,130,1,2026-08-15,pw01sde1001202601070820260815,https://www.jra.go.jp/JRADB/accessS.html?CNAME=pw01sde1001202601070820260815%2F5C,9
複勝,QUARANTINED_HTML:track_condition,380,7,2026-08-15,pw01sde1001202601070820260815,https://www.jra.go.jp/JRADB/accessS.html?CNAME=pw01sde1001202601070820260815%2F5C,8
複勝,QUARANTINED_HTML:track_condition,160,2,2026-08-15,pw01sde1001202601070820260815,https://www.jra.go.jp/JRADB/accessS.html?CNAME=pw01sde1001202601070820260815%2F5C,10
枠連,QUARANTINED_HTML:track_condition,1970,7,2026-08-15,pw01sde1001202601070820260815,https://www.jra.go.jp/JRADB/accessS.html?CNAME=pw01sde1001202601070820260815%2F5C,7-7
ワイド,QUARANTINED_HTML:track_condition,800,12,2026-08-15,pw01sde1001202601070820260815,https://www.jra.go.jp/JRADB/accessS.html?CNAME=pw01sde1001202601070820260815%2F5C,8-9
ワイド,QUARANTINED_HTML:track_condition,290,1,2026-08-15,pw01sde1001202601070820260815,https://www.jra.go.jp/JRADB/accessS.html?CNAME=pw01sde1001202601070820260815%2F5C,9-10
ワイド,QUARANTINED_HTML:track_condition,1730,24,2026-08-15,pw01sde1001202601070820260815,https://www.jra.go.jp/JRADB/accessS.html?CNAME=pw01sde1001202601070820260815%2F5C,8-10
馬連,QUARANTINED_HTML:track_condition,1960,7,2026-08-15,pw01sde1001202601070820260815,https://www.jra.go.jp/JRADB/accessS.html?CNAME=pw01sde1001202601070820260815%2F5C,8-9
馬単,QUARANTINED_HTML:track_condition,3110,12,2026-08-15,pw01sde1001202601070820260815,https://www.jra.go.jp/JRADB/accessS.html?CNAME=pw01sde1001202601070820260815%2F5C,9-8
3連複,QUARANTINED_HTML:track_condition,4270,16,2026-08-15,pw01sde1001202601070820260815,https://www.jra.go.jp/JRADB/accessS.html?CNAME=pw01sde1001202601070820260815%2F5C,8-9-10
3連単,QUARANTINED_HTML:track_condition,15970,57,2026-08-15,pw01sde1001202601070820260815,https://www.jra.go.jp/JRADB/accessS.html?CNAME=pw01sde1001202601070820260815%2F5C,9-8-10
単勝,PASS_HTML,330,2,2026-08-15,pw01sde1001202601070920260815,https://www.jra.go.jp/JRADB/accessS.html?CNAME=pw01sde1001202601070920260815%2F11,8
複勝,PASS_HTML,120,2,2026-08-15,pw01sde1001202601070920260815,https://www.jra.go.jp/JRADB/accessS.html?CNAME=pw01sde1001202601070920260815%2F11,8
複勝,PASS_HTML,120,1,2026-08-15,pw01sde1001202601070920260815,https://www.jra.go.jp/JRADB/accessS.html?CNAME=pw01sde1001202601070920260815%2F11,6
複勝,PASS_HTML,150,5,2026-08-15,pw01sde1001202601070920260815,https://www.jra.go.jp/JRADB/accessS.html?CNAME=pw01sde1001202601070920260815%2F11,1
ワイド,PASS_HTML,210,2,2026-08-15,pw01sde1001202601070920260815,https://www.jra.go.jp/JRADB/accessS.html?CNAME=pw01sde1001202601070920260815%2F11,6-8
ワイド,PASS_HTML,340,5,2026-08-15,pw01sde1001202601070920260815,https://www.jra.go.jp/JRADB/accessS.html?CNAME=pw01sde1001202601070920260815%2F11,1-8
ワイド,PASS_HTML,360,8,2026-08-15,pw01sde1001202601070920260815,https://www.jra.go.jp/JRADB/accessS.html?CNAME=pw01sde1001202601070920260815%2F11,1-6
馬連,PASS_HTML,500,2,2026-08-15,pw01sde1001202601070920260815,https://www.jra.go.jp/JRADB/accessS.html?CNAME=pw01sde1001202601070920260815%2F11,6-8
馬単,PASS_HTML,1010,3,2026-08-15,pw01sde1001202601070920260815,https://www.jra.go.jp/JRADB/accessS.html?CNAME=pw01sde1001202601070920260815%2F11,8-6
3連複,PASS_HTML,1040,6,2026-08-15,pw01sde1001202601070920260815,https://www.jra.go.jp/JRADB/accessS.html?CNAME=pw01sde1001202601070920260815%2F11,1-6-8
3連単,PASS_HTML,4210,15,2026-08-15,pw01sde1001202601070920260815,https://www.jra.go.jp/JRADB/accessS.html?CNAME=pw01sde1001202601070920260815%2F11,8-6-1
単勝,PASS_HTML,1930,6,2026-08-15,pw01sde1001202601070720260815,https://www.jra.go.jp/JRADB/accessS.html?CNAME=pw01sde1001202601070720260815%2FA7,4
複勝,PASS_HTML,470,7,2026-08-15,pw01sde1001202601070720260815,https://www.jra.go.jp/JRADB/accessS.html?CNAME=pw01sde1001202601070720260815%2FA7,4
複勝,PASS_HTML,440,6,2026-08-15,pw01sde1001202601070720260815,https://www.jra.go.jp/JRADB/accessS.html?CNAME=pw01sde1001202601070720260815%2FA7,5
複勝,PASS_HTML,180,2,2026-08-15,pw01sde1001202601070720260815,https://www.jra.go.jp/JRADB/accessS.html?CNAME=pw01sde1001202601070720260815%2FA7,9
枠連,PASS_HTML,11000,29,2026-08-15,pw01sde1001202601070720260815,https://www.jra.go.jp/JRADB/accessS.html?CNAME=pw01sde1001202601070720260815%2FA7,3-3
ワイド,PASS_HTML,3120,32,2026-08-15,pw01sde1001202601070720260815,https://www.jra.go.jp/JRADB/accessS.html?CNAME=pw01sde1001202601070720260815%2FA7,4-5
ワイド,PASS_HTML,1560,18,2026-08-15,pw01sde1001202601070720260815,https://www.jra.go.jp/JRADB/accessS.html?CNAME=pw01sde1001202601070720260815%2FA7,4-9
ワイド,PASS_HTML,1290,13,2026-08-15,pw01sde1001202601070720260815,https://www.jra.go.jp/JRADB/accessS.html?CNAME=pw01sde1001202601070720260815%2FA7,5-9
馬連,PASS_HTML,12090,32,2026-08-15,pw01sde1001202601070720260815,https://www.jra.go.jp/JRADB/accessS.html?CNAME=pw01sde1001202601070720260815%2FA7,4-5
馬単,PASS_HTML,26640,60,2026-08-15,pw01sde1001202601070720260815,https://www.jra.go.jp/JRADB/accessS.html?CNAME=pw01sde1001202601070720260815%2FA7,4-5
3連複,PASS_HTML,16130,51,2026-08-15,pw01sde1001202601070720260815,https://www.jra.go.jp/JRADB/accessS.html?CNAME=pw01sde1001202601070720260815%2FA7,4-5-9
3連単,PASS_HTML,169780,419,2026-08-15,pw01sde1001202601070720260815,https://www.jra.go.jp/JRADB/accessS.html?CNAME=pw01sde1001202601070720260815%2FA7,4-5-9
単勝,PASS_HTML,190,1,2026-08-15,pw01sde1001202601071020260815,https://www.jra.go.jp/JRADB/accessS.html?CNAME=pw01sde1001202601071020260815%2F06,12
複勝,PASS_HTML,110,1,2026-08-15,pw01sde1001202601071020260815,https://www.jra.go.jp/JRADB/accessS.html?CNAME=pw01sde1001202601071020260815%2F06,12
複勝,PASS_HTML,220,4,2026-08-15,pw01sde1001202601071020260815,https://www.jra.go.jp/JRADB/accessS.html?CNAME=pw01sde1001202601071020260815%2F06,2
複勝,PASS_HTML,210,2,2026-08-15,pw01sde1001202601071020260815,https://www.jra.go.jp/JRADB/accessS.html?CNAME=pw01sde1001202601071020260815%2F06,14
枠連,PASS_HTML,860,3,2026-08-15,pw01sde1001202601071020260815,https://www.jra.go.jp/JRADB/accessS.html?CNAME=pw01sde1001202601071020260815%2F06,1-6
ワイド,PASS_HTML,480,3,2026-08-15,pw01sde1001202601071020260815,https://www.jra.go.jp/JRADB/accessS.html?CNAME=pw01sde1001202601071020260815%2F06,2-12
ワイド,PASS_HTML,370,1,2026-08-15,pw01sde1001202601071020260815,https://www.jra.go.jp/JRADB/accessS.html?CNAME=pw01sde1001202601071020260815%2F06,12-14
ワイド,PASS_HTML,1380,14,2026-08-15,pw01sde1001202601071020260815,https://www.jra.go.jp/JRADB/accessS.html?CNAME=pw01sde1001202601071020260815%2F06,2-14
馬連,PASS_HTML,1310,4,2026-08-15,pw01sde1001202601071020260815,https://www.jra.go.jp/JRADB/accessS.html?CNAME=pw01sde1001202601071020260815%2F06,2-12
馬単,PASS_HTML,1840,4,2026-08-15,pw01sde1001202601071020260815,https://www.jra.go.jp/JRADB/accessS.html?CNAME=pw01sde1001202601071020260815%2F06,12-2
3連複,PASS_HTML,2860,3,2026-08-15,pw01sde1001202601071020260815,https://www.jra.go.jp/JRADB/accessS.html?CNAME=pw01sde1001202601071020260815%2F06,2-12-14
3連単,PASS_HTML,9590,9,2026-08-15,pw01sde1001202601071020260815,https://www.jra.go.jp/JRADB/accessS.html?CNAME=pw01sde1001202601071020260815%2F06,12-2-14
単勝,QUARANTINED_HTML:track_condition,410,1,2026-08-15,pw01sde1001202601071120260815,https://www.jra.go.jp/JRADB/accessS.html?CNAME=pw01sde1001202601071120260815%2FBB,11
複勝,QUARANTINED_HTML:track_condition,150,2,2026-08-15,pw01sde1001202601071120260815,https://www.jra.go.jp/JRADB/accessS.html?CNAME=pw01sde1001202601071120260815%2FBB,11
複勝,QUARANTINED_HTML:track_condition,250,4,2026-08-15,pw01sde1001202601071120260815,https://www.jra.go.jp/JRADB/accessS.html?CNAME=pw01sde1001202601071120260815%2FBB,5
複勝,QUARANTINED_HTML:track_condition,150,1,2026-08-15,pw01sde1001202601071120260815,https://www.jra.go.jp/JRADB/accessS.html?CNAME=pw01sde1001202601071120260815%2FBB,7
枠連,QUARANTINED_HTML:track_condition,1570,6,2026-08-15,pw01sde1001202601071120260815,https://www.jra.go.jp/JRADB/accessS.html?CNAME=pw01sde1001202601071120260815%2FBB,4-7
ワイド,QUARANTINED_HTML:track_condition,950,10,2026-08-15,pw01sde1001202601071120260815,https://www.jra.go.jp/JRADB/accessS.html?CNAME=pw01sde1001202601071120260815%2FBB,5-11
ワイド,QUARANTINED_HTML:track_condition,310,1,2026-08-15,pw01sde1001202601071120260815,https://www.jra.go.jp/JRADB/accessS.html?CNAME=pw01sde1001202601071120260815%2FBB,7-11
ワイド,QUARANTINED_HTML:track_condition,1110,12,2026-08-15,pw01sde1001202601071120260815,https://www.jra.go.jp/JRADB/accessS.html?CNAME=pw01sde1001202601071120260815%2FBB,5-7
馬連,QUARANTINED_HTML:track_condition,3220,12,2026-08-15,pw01sde1001202601071120260815,https://www.jra.go.jp/JRADB/accessS.html?CNAME=pw01sde1001202601071120260815%2FBB,5-11
馬単,QUARANTINED_HTML:track_condition,5770,19,2026-08-15,pw01sde1001202601071120260815,https://www.jra.go.jp/JRADB/accessS.html?CNAME=pw01sde1001202601071120260815%2FBB,11-5
3連複,QUARANTINED_HTML:track_condition,3430,5,2026-08-15,pw01sde1001202601071120260815,https://www.jra.go.jp/JRADB/accessS.html?CNAME=pw01sde1001202601071120260815%2FBB,5-7-11
3連単,QUARANTINED_HTML:track_condition,21390,37,2026-08-15,pw01sde1001202601071120260815,https://www.jra.go.jp/JRADB/accessS.html?CNAME=pw01sde1001202601071120260815%2FBB,11-5-7
単勝,PASS_HTML,170,1,2026-08-16,pw01sde1001202601080220260816,https://www.jra.go.jp/JRADB/accessS.html?CNAME=pw01sde1001202601080220260816%2F4E,3
複勝,PASS_HTML,110,1,2026-08-16,pw01sde1001202601080220260816,https://www.jra.go.jp/JRADB/accessS.html?CNAME=pw01sde1001202601080220260816%2F4E,3
複勝,PASS_HTML,450,7,2026-08-16,pw01sde1001202601080220260816,https://www.jra.go.jp/JRADB/accessS.html?CNAME=pw01sde1001202601080220260816%2F4E,7
複勝,PASS_HTML,450,6,2026-08-16,pw01sde1001202601080220260816,https://www.jra.go.jp/JRADB/accessS.html?CNAME=pw01sde1001202601080220260816%2F4E,2
ワイド,PASS_HTML,910,10,2026-08-16,pw01sde1001202601080220260816,https://www.jra.go.jp/JRADB/accessS.html?CNAME=pw01sde1001202601080220260816%2F4E,3-7
ワイド,PASS_HTML,1050,11,2026-08-16,pw01sde1001202601080220260816,https://www.jra.go.jp/JRADB/accessS.html?CNAME=pw01sde1001202601080220260816%2F4E,2-3
ワイド,PASS_HTML,6060,26,2026-08-16,pw01sde1001202601080220260816,https://www.jra.go.jp/JRADB/accessS.html?CNAME=pw01sde1001202601080220260816%2F4E,2-7
馬連,PASS_HTML,2460,7,2026-08-16,pw01sde1001202601080220260816,https://www.jra.go.jp/JRADB/accessS.html?CNAME=pw01sde1001202601080220260816%2F4E,3-7
馬単,PASS_HTML,3870,12,2026-08-16,pw01sde1001202601080220260816,https://www.jra.go.jp/JRADB/accessS.html?CNAME=pw01sde1001202601080220260816%2F4E,3-7
3連複,PASS_HTML,12880,27,2026-08-16,pw01sde1001202601080220260816,https://www.jra.go.jp/JRADB/accessS.html?CNAME=pw01sde1001202601080220260816%2F4E,2-3-7
3連単,PASS_HTML,44150,103,2026-08-16,pw01sde1001202601080220260816,https://www.jra.go.jp/JRADB/accessS.html?CNAME=pw01sde1001202601080220260816%2F4E,3-7-2
単勝,PASS_HTML,180,1,2026-08-15,pw01sde1001202601071220260815,https://www.jra.go.jp/JRADB/accessS.html?CNAME=pw01sde1001202601071220260815%2F70,9
複勝,PASS_HTML,110,1,2026-08-15,pw01sde1001202601071220260815,https://www.jra.go.jp/JRADB/accessS.html?CNAME=pw01sde1001202601071220260815%2F70,9
複勝,PASS_HTML,120,2,2026-08-15,pw01sde1001202601071220260815,https://www.jra.go.jp/JRADB/accessS.html?CNAME=pw01sde1001202601071220260815%2F70,12
複勝,PASS_HTML,150,4,2026-08-15,pw01sde1001202601071220260815,https://www.jra.go.jp/JRADB/accessS.html?CNAME=pw01sde1001202601071220260815%2F70,5
枠連,PASS_HTML,260,1,2026-08-15,pw01sde1001202601071220260815,https://www.jra.go.jp/JRADB/accessS.html?CNAME=pw01sde1001202601071220260815%2F70,6-7
ワイド,PASS_HTML,170,1,2026-08-15,pw01sde1001202601071220260815,https://www.jra.go.jp/JRADB/accessS.html?CNAME=pw01sde1001202601071220260815%2F70,9-12
ワイド,PASS_HTML,290,2,2026-08-15,pw01sde1001202601071220260815,https://www.jra.go.jp/JRADB/accessS.html?CNAME=pw01sde1001202601071220260815%2F70,5-9
ワイド,PASS_HTML,390,5,2026-08-15,pw01sde1001202601071220260815,https://www.jra.go.jp/JRADB/accessS.html?CNAME=pw01sde1001202601071220260815%2F70,5-12
馬連,PASS_HTML,300,1,2026-08-15,pw01sde1001202601071220260815,https://www.jra.go.jp/JRADB/accessS.html?CNAME=pw01sde1001202601071220260815%2F70,9-12
馬単,PASS_HTML,450,1,2026-08-15,pw01sde1001202601071220260815,https://www.jra.go.jp/JRADB/accessS.html?CNAME=pw01sde1001202601071220260815%2F70,9-12
3連複,PASS_HTML,730,2,2026-08-15,pw01sde1001202601071220260815,https://www.jra.go.jp/JRADB/accessS.html?CNAME=pw01sde1001202601071220260815%2F70,5-9-12
3連単,PASS_HTML,1800,2,2026-08-15,pw01sde1001202601071220260815,https://www.jra.go.jp/JRADB/accessS.html?CNAME=pw01sde1001202601071220260815%2F70,9-12-5
単勝,PASS_HTML,260,1,2026-08-16,pw01sde1001202601080320260816,https://www.jra.go.jp/JRADB/accessS.html?CNAME=pw01sde1001202601080320260816%2F03,5
複勝,PASS_HTML,130,1,2026-08-16,pw01sde1001202601080320260816,https://www.jra.go.jp/JRADB/accessS.html?CNAME=pw01sde1001202601080320260816%2F03,5
複勝,PASS_HTML,220,5,2026-08-16,pw01sde1001202601080320260816,https://www.jra.go.jp/JRADB/accessS.html?CNAME=pw01sde1001202601080320260816%2F03,11
複勝,PASS_HTML,190,2,2026-08-16,pw01sde1001202601080320260816,https://www.jra.go.jp/JRADB/accessS.html?CNAME=pw01sde1001202601080320260816%2F03,10
枠連,PASS_HTML,1100,5,2026-08-16,pw01sde1001202601080320260816,https://www.jra.go.jp/JRADB/accessS.html?CNAME=pw01sde1001202601080320260816%2F03,4-7
ワイド,PASS_HTML,550,4,2026-08-16,pw01sde1001202601080320260816,https://www.jra.go.jp/JRADB/accessS.html?CNAME=pw01sde1001202601080320260816%2F03,5-11
ワイド,PASS_HTML,360,1,2026-08-16,pw01sde1001202601080320260816,https://www.jra.go.jp/JRADB/accessS.html?CNAME=pw01sde1001202601080320260816%2F03,5-10
ワイド,PASS_HTML,1080,13,2026-08-16,pw01sde1001202601080320260816,https://www.jra.go.jp/JRADB/accessS.html?CNAME=pw01sde1001202601080320260816%2F03,10-11
馬連,PASS_HTML,1490,5,2026-08-16,pw01sde1001202601080320260816,https://www.jra.go.jp/JRADB/accessS.html?CNAME=pw01sde1001202601080320260816%2F03,5-11
馬単,PASS_HTML,2580,7,2026-08-16,pw01sde1001202601080320260816,https://www.jra.go.jp/JRADB/accessS.html?CNAME=pw01sde1001202601080320260816%2F03,5-11
3連複,PASS_HTML,2770,5,2026-08-16,pw01sde1001202601080320260816,https://www.jra.go.jp/JRADB/accessS.html?CNAME=pw01sde1001202601080320260816%2F03,5-10-11
3連単,PASS_HTML,12940,22,2026-08-16,pw01sde1001202601080320260816,https://www.jra.go.jp/JRADB/accessS.html?CNAME=pw01sde1001202601080320260816%2F03,5-11-10
単勝,PASS_HTML,560,3,2026-08-16,pw01sde1001202601080520260816,https://www.jra.go.jp/JRADB/accessS.html?CNAME=pw01sde1001202601080520260816%2F6D,12
複勝,PASS_HTML,160,3,2026-08-16,pw01sde1001202601080520260816,https://www.jra.go.jp/JRADB/accessS.html?CNAME=pw01sde1001202601080520260816%2F6D,12
複勝,PASS_HTML,130,1,2026-08-16,pw01sde1001202601080520260816,https://www.jra.go.jp/JRADB/accessS.html?CNAME=pw01sde1001202601080520260816%2F6D,11
複勝,PASS_HTML,280,6,2026-08-16,pw01sde1001202601080520260816,https://www.jra.go.jp/JRADB/accessS.html?CNAME=pw01sde1001202601080520260816%2F6D,9
枠連,PASS_HTML,650,2,2026-08-16,pw01sde1001202601080520260816,https://www.jra.go.jp/JRADB/accessS.html?CNAME=pw01sde1001202601080520260816%2F6D,8-8
ワイド,PASS_HTML,300,2,2026-08-16,pw01sde1001202601080520260816,https://www.jra.go.jp/JRADB/accessS.html?CNAME=pw01sde1001202601080520260816%2F6D,11-12
ワイド,PASS_HTML,1150,13,2026-08-16,pw01sde1001202601080520260816,https://www.jra.go.jp/JRADB/accessS.html?CNAME=pw01sde1001202601080520260816%2F6D,9-12
ワイド,PASS_HTML,680,6,2026-08-16,pw01sde1001202601080520260816,https://www.jra.go.jp/JRADB/accessS.html?CNAME=pw01sde1001202601080520260816%2F6D,9-11
馬連,PASS_HTML,600,2,2026-08-16,pw01sde1001202601080520260816,https://www.jra.go.jp/JRADB/accessS.html?CNAME=pw01sde1001202601080520260816%2F6D,11-12
馬単,PASS_HTML,1500,6,2026-08-16,pw01sde1001202601080520260816,https://www.jra.go.jp/JRADB/accessS.html?CNAME=pw01sde1001202601080520260816%2F6D,12-11
3連複,PASS_HTML,2740,8,2026-08-16,pw01sde1001202601080520260816,https://www.jra.go.jp/JRADB/accessS.html?CNAME=pw01sde1001202601080520260816%2F6D,9-11-12
3連単,PASS_HTML,12490,33,2026-08-16,pw01sde1001202601080520260816,https://www.jra.go.jp/JRADB/accessS.html?CNAME=pw01sde1001202601080520260816%2F6D,12-11-9
単勝,QUARANTINED_HTML:track_condition,220,1,2026-08-16,pw01sde1001202601080420260816,https://www.jra.go.jp/JRADB/accessS.html?CNAME=pw01sde1001202601080420260816%2FB8,8
複勝,QUARANTINED_HTML:track_condition,110,1,2026-08-16,pw01sde1001202601080420260816,https://www.jra.go.jp/JRADB/accessS.html?CNAME=pw01sde1001202601080420260816%2FB8,8
複勝,QUARANTINED_HTML:track_condition,290,6,2026-08-16,pw01sde1001202601080420260816,https://www.jra.go.jp/JRADB/accessS.html?CNAME=pw01sde1001202601080420260816%2FB8,13
複勝,QUARANTINED_HTML:track_condition,150,2,2026-08-16,pw01sde1001202601080420260816,https://www.jra.go.jp/JRADB/accessS.html?CNAME=pw01sde1001202601080420260816%2FB8,12
枠連,QUARANTINED_HTML:track_condition,830,2,2026-08-16,pw01sde1001202601080420260816,https://www.jra.go.jp/JRADB/accessS.html?CNAME=pw01sde1001202601080420260816%2FB8,5-8
ワイド,QUARANTINED_HTML:track_condition,810,8,2026-08-16,pw01sde1001202601080420260816,https://www.jra.go.jp/JRADB/accessS.html?CNAME=pw01sde1001202601080420260816%2FB8,8-13
ワイド,QUARANTINED_HTML:track_condition,270,1,2026-08-16,pw01sde1001202601080420260816,https://www.jra.go.jp/JRADB/accessS.html?CNAME=pw01sde1001202601080420260816%2FB8,8-12
ワイド,QUARANTINED_HTML:track_condition,1140,14,2026-08-16,pw01sde1001202601080420260816,https://www.jra.go.jp/JRADB/accessS.html?CNAME=pw01sde1001202601080420260816%2FB8,12-13
馬連,QUARANTINED_HTML:track_condition,2100,7,2026-08-16,pw01sde1001202601080420260816,https://www.jra.go.jp/JRADB/accessS.html?CNAME=pw01sde1001202601080420260816%2FB8,8-13
馬単,QUARANTINED_HTML:track_condition,2660,7,2026-08-16,pw01sde1001202601080420260816,https://www.jra.go.jp/JRADB/accessS.html?CNAME=pw01sde1001202601080420260816%2FB8,8-13
3連複,QUARANTINED_HTML:track_condition,2840,6,2026-08-16,pw01sde1001202601080420260816,https://www.jra.go.jp/JRADB/accessS.html?CNAME=pw01sde1001202601080420260816%2FB8,8-12-13
3連単,QUARANTINED_HTML:track_condition,11790,23,2026-08-16,pw01sde1001202601080420260816,https://www.jra.go.jp/JRADB/accessS.html?CNAME=pw01sde1001202601080420260816%2FB8,8-13-12
単勝,PASS_HTML,330,1,2026-08-16,pw01sde1001202601080720260816,https://www.jra.go.jp/JRADB/accessS.html?CNAME=pw01sde1001202601080720260816%2FD7,14
複勝,PASS_HTML,160,1,2026-08-16,pw01sde1001202601080720260816,https://www.jra.go.jp/JRADB/accessS.html?CNAME=pw01sde1001202601080720260816%2FD7,14
複勝,PASS_HTML,330,7,2026-08-16,pw01sde1001202601080720260816,https://www.jra.go.jp/JRADB/accessS.html?CNAME=pw01sde1001202601080720260816%2FD7,5
複勝,PASS_HTML,930,9,2026-08-16,pw01sde1001202601080720260816,https://www.jra.go.jp/JRADB/accessS.html?CNAME=pw01sde1001202601080720260816%2FD7,9
枠連,PASS_HTML,650,2,2026-08-16,pw01sde1001202601080720260816,https://www.jra.go.jp/JRADB/accessS.html?CNAME=pw01sde1001202601080720260816%2FD7,3-7
ワイド,PASS_HTML,980,13,2026-08-16,pw01sde1001202601080720260816,https://www.jra.go.jp/JRADB/accessS.html?CNAME=pw01sde1001202601080720260816%2FD7,5-14
ワイド,PASS_HTML,2650,29,2026-08-16,pw01sde1001202601080720260816,https://www.jra.go.jp/JRADB/accessS.html?CNAME=pw01sde1001202601080720260816%2FD7,9-14
ワイド,PASS_HTML,6160,40,2026-08-16,pw01sde1001202601080720260816,https://www.jra.go.jp/JRADB/accessS.html?CNAME=pw01sde1001202601080720260816%2FD7,5-9
馬連,PASS_HTML,2870,13,2026-08-16,pw01sde1001202601080720260816,https://www.jra.go.jp/JRADB/accessS.html?CNAME=pw01sde1001202601080720260816%2FD7,5-14
馬単,PASS_HTML,4070,14,2026-08-16,pw01sde1001202601080720260816,https://www.jra.go.jp/JRADB/accessS.html?CNAME=pw01sde1001202601080720260816%2FD7,14-5
3連複,PASS_HTML,33180,75,2026-08-16,pw01sde1001202601080720260816,https://www.jra.go.jp/JRADB/accessS.html?CNAME=pw01sde1001202601080720260816%2FD7,5-9-14
3連単,PASS_HTML,112140,334,2026-08-16,pw01sde1001202601080720260816,https://www.jra.go.jp/JRADB/accessS.html?CNAME=pw01sde1001202601080720260816%2FD7,14-5-9
単勝,QUARANTINED_HTML:track_condition,690,4,2026-08-16,pw01sde1001202601080620260816,https://www.jra.go.jp/JRADB/accessS.html?CNAME=pw01sde1001202601080620260816%2F22,11
複勝,QUARANTINED_HTML:track_condition,220,5,2026-08-16,pw01sde1001202601080620260816,https://www.jra.go.jp/JRADB/accessS.html?CNAME=pw01sde1001202601080620260816%2F22,11
複勝,QUARANTINED_HTML:track_condition,190,2,2026-08-16,pw01sde1001202601080620260816,https://www.jra.go.jp/JRADB/accessS.html?CNAME=pw01sde1001202601080620260816%2F22,4
複勝,QUARANTINED_HTML:track_condition,200,3,2026-08-16,pw01sde1001202601080620260816,https://www.jra.go.jp/JRADB/accessS.html?CNAME=pw01sde1001202601080620260816%2F22,10
枠連,QUARANTINED_HTML:track_condition,2180,11,2026-08-16,pw01sde1001202601080620260816,https://www.jra.go.jp/JRADB/accessS.html?CNAME=pw01sde1001202601080620260816%2F22,4-8
ワイド,QUARANTINED_HTML:track_condition,650,8,2026-08-16,pw01sde1001202601080620260816,https://www.jra.go.jp/JRADB/accessS.html?CNAME=pw01sde1001202601080620260816%2F22,4-11
ワイド,QUARANTINED_HTML:track_condition,470,4,2026-08-16,pw01sde1001202601080620260816,https://www.jra.go.jp/JRADB/accessS.html?CNAME=pw01sde1001202601080620260816%2F22,10-11
ワイド,QUARANTINED_HTML:track_condition,610,6,2026-08-16,pw01sde1001202601080620260816,https://www.jra.go.jp/JRADB/accessS.html?CNAME=pw01sde1001202601080620260816%2F22,4-10
馬連,QUARANTINED_HTML:track_condition,1830,7,2026-08-16,pw01sde1001202601080620260816,https://www.jra.go.jp/JRADB/accessS.html?CNAME=pw01sde1001202601080620260816%2F22,4-11
馬単,QUARANTINED_HTML:track_condition,5240,23,2026-08-16,pw01sde1001202601080620260816,https://www.jra.go.jp/JRADB/accessS.html?CNAME=pw01sde1001202601080620260816%2F22,11-4
3連複,QUARANTINED_HTML:track_condition,2190,5,2026-08-16,pw01sde1001202601080620260816,https://www.jra.go.jp/JRADB/accessS.html?CNAME=pw01sde1001202601080620260816%2F22,4-10-11
3連単,QUARANTINED_HTML:track_condition,16660,47,2026-08-16,pw01sde1001202601080620260816,https://www.jra.go.jp/JRADB/accessS.html?CNAME=pw01sde1001202601080620260816%2F22,11-4-10
単勝,PASS_HTML,640,3,2026-08-16,pw01sde1001202601080920260816,https://www.jra.go.jp/JRADB/accessS.html?CNAME=pw01sde1001202601080920260816%2F41,16
複勝,PASS_HTML,280,3,2026-08-16,pw01sde1001202601080920260816,https://www.jra.go.jp/JRADB/accessS.html?CNAME=pw01sde1001202601080920260816%2F41,16
複勝,PASS_HTML,490,9,2026-08-16,pw01sde1001202601080920260816,https://www.jra.go.jp/JRADB/accessS.html?CNAME=pw01sde1001202601080920260816%2F41,13
複勝,PASS_HTML,380,6,2026-08-16,pw01sde1001202601080920260816,https://www.jra.go.jp/JRADB/accessS.html?CNAME=pw01sde1001202601080920260816%2F41,12
枠連,PASS_HTML,950,2,2026-08-16,pw01sde1001202601080920260816,https://www.jra.go.jp/JRADB/accessS.html?CNAME=pw01sde1001202601080920260816%2F41,7-8
ワイド,PASS_HTML,2210,32,2026-08-16,pw01sde1001202601080920260816,https://www.jra.go.jp/JRADB/accessS.html?CNAME=pw01sde1001202601080920260816%2F41,13-16
ワイド,PASS_HTML,1600,18,2026-08-16,pw01sde1001202601080920260816,https://www.jra.go.jp/JRADB/accessS.html?CNAME=pw01sde1001202601080920260816%2F41,12-16
ワイド,PASS_HTML,2550,40,2026-08-16,pw01sde1001202601080920260816,https://www.jra.go.jp/JRADB/accessS.html?CNAME=pw01sde1001202601080920260816%2F41,12-13
馬連,PASS_HTML,6000,24,2026-08-16,pw01sde1001202601080920260816,https://www.jra.go.jp/JRADB/accessS.html?CNAME=pw01sde1001202601080920260816%2F41,13-16
馬単,PASS_HTML,10650,43,2026-08-16,pw01sde1001202601080920260816,https://www.jra.go.jp/JRADB/accessS.html?CNAME=pw01sde1001202601080920260816%2F41,16-13
3連複,PASS_HTML,17090,65,2026-08-16,pw01sde1001202601080920260816,https://www.jra.go.jp/JRADB/accessS.html?CNAME=pw01sde1001202601080920260816%2F41,12-13-16
3連単,PASS_HTML,102060,388,2026-08-16,pw01sde1001202601080920260816,https://www.jra.go.jp/JRADB/accessS.html?CNAME=pw01sde1001202601080920260816%2F41,16-13-12
単勝,QUARANTINED_HTML:track_condition,270,1,2026-08-16,pw01sde1001202601080820260816,https://www.jra.go.jp/JRADB/accessS.html?CNAME=pw01sde1001202601080820260816%2F8C,7
複勝,QUARANTINED_HTML:track_condition,130,1,2026-08-16,pw01sde1001202601080820260816,https://www.jra.go.jp/JRADB/accessS.html?CNAME=pw01sde1001202601080820260816%2F8C,7
複勝,QUARANTINED_HTML:track_condition,150,3,2026-08-16,pw01sde1001202601080820260816,https://www.jra.go.jp/JRADB/accessS.html?CNAME=pw01sde1001202601080820260816%2F8C,4
複勝,QUARANTINED_HTML:track_condition,200,5,2026-08-16,pw01sde1001202601080820260816,https://www.jra.go.jp/JRADB/accessS.html?CNAME=pw01sde1001202601080820260816%2F8C,5
枠連,QUARANTINED_HTML:track_condition,690,2,2026-08-16,pw01sde1001202601080820260816,https://www.jra.go.jp/JRADB/accessS.html?CNAME=pw01sde1001202601080820260816%2F8C,4-6
ワイド,QUARANTINED_HTML:track_condition,320,3,2026-08-16,pw01sde1001202601080820260816,https://www.jra.go.jp/JRADB/accessS.html?CNAME=pw01sde1001202601080820260816%2F8C,4-7
ワイド,QUARANTINED_HTML:track_condition,460,5,2026-08-16,pw01sde1001202601080820260816,https://www.jra.go.jp/JRADB/accessS.html?CNAME=pw01sde1001202601080820260816%2F8C,5-7
ワイド,QUARANTINED_HTML:track_condition,580,9,2026-08-16,pw01sde1001202601080820260816,https://www.jra.go.jp/JRADB/accessS.html?CNAME=pw01sde1001202601080820260816%2F8C,4-5
馬連,QUARANTINED_HTML:track_condition,790,2,2026-08-16,pw01sde1001202601080820260816,https://www.jra.go.jp/JRADB/accessS.html?CNAME=pw01sde1001202601080820260816%2F8C,4-7
馬単,QUARANTINED_HTML:track_condition,1120,2,2026-08-16,pw01sde1001202601080820260816,https://www.jra.go.jp/JRADB/accessS.html?CNAME=pw01sde1001202601080820260816%2F8C,7-4
3連複,QUARANTINED_HTML:track_condition,2030,7,2026-08-16,pw01sde1001202601080820260816,https://www.jra.go.jp/JRADB/accessS.html?CNAME=pw01sde1001202601080820260816%2F8C,4-5-7
3連単,QUARANTINED_HTML:track_condition,6940,13,2026-08-16,pw01sde1001202601080820260816,https://www.jra.go.jp/JRADB/accessS.html?CNAME=pw01sde1001202601080820260816%2F8C,7-4-5
単勝,PASS_HTML,680,3,2026-08-16,pw01sde1001202601081120260816,https://www.jra.go.jp/JRADB/accessS.html?CNAME=pw01sde1001202601081120260816%2FEB,15
複勝,PASS_HTML,260,4,2026-08-16,pw01sde1001202601081120260816,https://www.jra.go.jp/JRADB/accessS.html?CNAME=pw01sde1001202601081120260816%2FEB,15
複勝,PASS_HTML,320,5,2026-08-16,pw01sde1001202601081120260816,https://www.jra.go.jp/JRADB/accessS.html?CNAME=pw01sde1001202601081120260816%2FEB,8
複勝,PASS_HTML,970,10,2026-08-16,pw01sde1001202601081120260816,https://www.jra.go.jp/JRADB/accessS.html?CNAME=pw01sde1001202601081120260816%2FEB,14
枠連,PASS_HTML,690,2,2026-08-16,pw01sde1001202601081120260816,https://www.jra.go.jp/JRADB/accessS.html?CNAME=pw01sde1001202601081120260816%2FEB,4-8
ワイド,PASS_HTML,1150,15,2026-08-16,pw01sde1001202601081120260816,https://www.jra.go.jp/JRADB/accessS.html?CNAME=pw01sde1001202601081120260816%2FEB,8-15
ワイド,PASS_HTML,4320,42,2026-08-16,pw01sde1001202601081120260816,https://www.jra.go.jp/JRADB/accessS.html?CNAME=pw01sde1001202601081120260816%2FEB,14-15
ワイド,PASS_HTML,5750,50,2026-08-16,pw01sde1001202601081120260816,https://www.jra.go.jp/JRADB/accessS.html?CNAME=pw01sde1001202601081120260816%2FEB,8-14
馬連,PASS_HTML,3020,14,2026-08-16,pw01sde1001202601081120260816,https://www.jra.go.jp/JRADB/accessS.html?CNAME=pw01sde1001202601081120260816%2FEB,8-15
馬単,PASS_HTML,5920,24,2026-08-16,pw01sde1001202601081120260816,https://www.jra.go.jp/JRADB/accessS.html?CNAME=pw01sde1001202601081120260816%2FEB,15-8
3連複,PASS_HTML,43170,127,2026-08-16,pw01sde1001202601081120260816,https://www.jra.go.jp/JRADB/accessS.html?CNAME=pw01sde1001202601081120260816%2FEB,8-14-15
3連単,PASS_HTML,197490,605,2026-08-16,pw01sde1001202601081120260816,https://www.jra.go.jp/JRADB/accessS.html?CNAME=pw01sde1001202601081120260816%2FEB,15-8-14
単勝,PASS_HTML,260,2,2026-08-15,pw01sde1004202602070120260815,https://www.jra.go.jp/JRADB/accessS.html?CNAME=pw01sde1004202602070120260815%2F78,3
複勝,PASS_HTML,120,1,2026-08-15,pw01sde1004202602070120260815,https://www.jra.go.jp/JRADB/accessS.html?CNAME=pw01sde1004202602070120260815%2F78,3
複勝,PASS_HTML,230,4,2026-08-15,pw01sde1004202602070120260815,https://www.jra.go.jp/JRADB/accessS.html?CNAME=pw01sde1004202602070120260815%2F78,6
複勝,PASS_HTML,960,7,2026-08-15,pw01sde1004202602070120260815,https://www.jra.go.jp/JRADB/accessS.html?CNAME=pw01sde1004202602070120260815%2F78,5
枠連,PASS_HTML,890,4,2026-08-15,pw01sde1004202602070120260815,https://www.jra.go.jp/JRADB/accessS.html?CNAME=pw01sde1004202602070120260815%2F78,3-6
ワイド,PASS_HTML,390,4,2026-08-15,pw01sde1004202602070120260815,https://www.jra.go.jp/JRADB/accessS.html?CNAME=pw01sde1004202602070120260815%2F78,3-6
ワイド,PASS_HTML,1140,10,2026-08-15,pw01sde1004202602070120260815,https://www.jra.go.jp/JRADB/accessS.html?CNAME=pw01sde1004202602070120260815%2F78,3-5
ワイド,PASS_HTML,2790,18,2026-08-15,pw01sde1004202602070120260815,https://www.jra.go.jp/JRADB/accessS.html?CNAME=pw01sde1004202602070120260815%2F78,5-6
馬連,PASS_HTML,920,4,2026-08-15,pw01sde1004202602070120260815,https://www.jra.go.jp/JRADB/accessS.html?CNAME=pw01sde1004202602070120260815%2F78,3-6
馬単,PASS_HTML,1400,7,2026-08-15,pw01sde1004202602070120260815,https://www.jra.go.jp/JRADB/accessS.html?CNAME=pw01sde1004202602070120260815%2F78,3-6
3連複,PASS_HTML,6220,16,2026-08-15,pw01sde1004202602070120260815,https://www.jra.go.jp/JRADB/accessS.html?CNAME=pw01sde1004202602070120260815%2F78,3-5-6
3連単,PASS_HTML,20050,60,2026-08-15,pw01sde1004202602070120260815,https://www.jra.go.jp/JRADB/accessS.html?CNAME=pw01sde1004202602070120260815%2F78,3-6-5
単勝,QUARANTINED_HTML:track_condition,2370,8,2026-08-16,pw01sde1001202601081020260816,https://www.jra.go.jp/JRADB/accessS.html?CNAME=pw01sde1001202601081020260816%2F36,12
複勝,QUARANTINED_HTML:track_condition,490,8,2026-08-16,pw01sde1001202601081020260816,https://www.jra.go.jp/JRADB/accessS.html?CNAME=pw01sde1001202601081020260816%2F36,12
複勝,QUARANTINED_HTML:track_condition,160,1,2026-08-16,pw01sde1001202601081020260816,https://www.jra.go.jp/JRADB/accessS.html?CNAME=pw01sde1001202601081020260816%2F36,10
複勝,QUARANTINED_HTML:track_condition,290,5,2026-08-16,pw01sde1001202601081020260816,https://www.jra.go.jp/JRADB/accessS.html?CNAME=pw01sde1001202601081020260816%2F36,2
枠連,QUARANTINED_HTML:track_condition,2790,9,2026-08-16,pw01sde1001202601081020260816,https://www.jra.go.jp/JRADB/accessS.html?CNAME=pw01sde1001202601081020260816%2F36,7-8
ワイド,QUARANTINED_HTML:track_condition,1300,18,2026-08-16,pw01sde1001202601081020260816,https://www.jra.go.jp/JRADB/accessS.html?CNAME=pw01sde1001202601081020260816%2F36,10-12
ワイド,QUARANTINED_HTML:track_condition,2650,27,2026-08-16,pw01sde1001202601081020260816,https://www.jra.go.jp/JRADB/accessS.html?CNAME=pw01sde1001202601081020260816%2F36,2-12
ワイド,QUARANTINED_HTML:track_condition,610,7,2026-08-16,pw01sde1001202601081020260816,https://www.jra.go.jp/JRADB/accessS.html?CNAME=pw01sde1001202601081020260816%2F36,2-10
馬連,QUARANTINED_HTML:track_condition,4480,17,2026-08-16,pw01sde1001202601081020260816,https://www.jra.go.jp/JRADB/accessS.html?CNAME=pw01sde1001202601081020260816%2F36,10-12
馬単,QUARANTINED_HTML:track_condition,11510,39,2026-08-16,pw01sde1001202601081020260816,https://www.jra.go.jp/JRADB/accessS.html?CNAME=pw01sde1001202601081020260816%2F36,12-10
3連複,QUARANTINED_HTML:track_condition,10210,33,2026-08-16,pw01sde1001202601081020260816,https://www.jra.go.jp/JRADB/accessS.html?CNAME=pw01sde1001202601081020260816%2F36,2-10-12
3連単,QUARANTINED_HTML:track_condition,104850,270,2026-08-16,pw01sde1001202601081020260816,https://www.jra.go.jp/JRADB/accessS.html?CNAME=pw01sde1001202601081020260816%2F36,12-10-2
単勝,PASS_HTML,120,1,2026-08-16,pw01sde1001202601081220260816,https://www.jra.go.jp/JRADB/accessS.html?CNAME=pw01sde1001202601081220260816%2FA0,2
複勝,PASS_HTML,110,1,2026-08-16,pw01sde1001202601081220260816,https://www.jra.go.jp/JRADB/accessS.html?CNAME=pw01sde1001202601081220260816%2FA0,2
複勝,PASS_HTML,140,2,2026-08-16,pw01sde1001202601081220260816,https://www.jra.go.jp/JRADB/accessS.html?CNAME=pw01sde1001202601081220260816%2FA0,12
複勝,PASS_HTML,270,6,2026-08-16,pw01sde1001202601081220260816,https://www.jra.go.jp/JRADB/accessS.html?CNAME=pw01sde1001202601081220260816%2FA0,13
枠連,PASS_HTML,340,1,2026-08-16,pw01sde1001202601081220260816,https://www.jra.go.jp/JRADB/accessS.html?CNAME=pw01sde1001202601081220260816%2FA0,2-7
ワイド,PASS_HTML,200,1,2026-08-16,pw01sde1001202601081220260816,https://www.jra.go.jp/JRADB/accessS.html?CNAME=pw01sde1001202601081220260816%2FA0,2-12
ワイド,PASS_HTML,450,4,2026-08-16,pw01sde1001202601081220260816,https://www.jra.go.jp/JRADB/accessS.html?CNAME=pw01sde1001202601081220260816%2FA0,2-13
ワイド,PASS_HTML,930,11,2026-08-16,pw01sde1001202601081220260816,https://www.jra.go.jp/JRADB/accessS.html?CNAME=pw01sde1001202601081220260816%2FA0,12-13
馬連,PASS_HTML,360,1,2026-08-16,pw01sde1001202601081220260816,https://www.jra.go.jp/JRADB/accessS.html?CNAME=pw01sde1001202601081220260816%2FA0,2-12
馬単,PASS_HTML,390,1,2026-08-16,pw01sde1001202601081220260816,https://www.jra.go.jp/JRADB/accessS.html?CNAME=pw01sde1001202601081220260816%2FA0,2-12
3連複,PASS_HTML,1490,3,2026-08-16,pw01sde1001202601081220260816,https://www.jra.go.jp/JRADB/accessS.html?CNAME=pw01sde1001202601081220260816%2FA0,2-12-13
3連単,PASS_HTML,2610,2,2026-08-16,pw01sde1001202601081220260816,https://www.jra.go.jp/JRADB/accessS.html?CNAME=pw01sde1001202601081220260816%2FA0,2-12-13
単勝,PASS_HTML,550,2,2026-08-15,pw01sde1004202602070320260815,https://www.jra.go.jp/JRADB/accessS.html?CNAME=pw01sde1004202602070320260815%2FE2,10
複勝,PASS_HTML,490,2,2026-08-15,pw01sde1004202602070320260815,https://www.jra.go.jp/JRADB/accessS.html?CNAME=pw01sde1004202602070320260815%2FE2,10
複勝,PASS_HTML,2140,6,2026-08-15,pw01sde1004202602070320260815,https://www.jra.go.jp/JRADB/accessS.html?CNAME=pw01sde1004202602070320260815%2FE2,9
複勝,PASS_HTML,740,4,2026-08-15,pw01sde1004202602070320260815,https://www.jra.go.jp/JRADB/accessS.html?CNAME=pw01sde1004202602070320260815%2FE2,8
枠連,PASS_HTML,5360,13,2026-08-15,pw01sde1004202602070320260815,https://www.jra.go.jp/JRADB/accessS.html?CNAME=pw01sde1004202602070320260815%2FE2,7-7
ワイド,PASS_HTML,1380,13,2026-08-15,pw01sde1004202602070320260815,https://www.jra.go.jp/JRADB/accessS.html?CNAME=pw01sde1004202602070320260815%2FE2,9-10
ワイド,PASS_HTML,650,6,2026-08-15,pw01sde1004202602070320260815,https://www.jra.go.jp/JRADB/accessS.html?CNAME=pw01sde1004202602070320260815%2FE2,8-10
ワイド,PASS_HTML,2350,22,2026-08-15,pw01sde1004202602070320260815,https://www.jra.go.jp/JRADB/accessS.html?CNAME=pw01sde1004202602070320260815%2FE2,8-9
馬連,PASS_HTML,6100,15,2026-08-15,pw01sde1004202602070320260815,https://www.jra.go.jp/JRADB/accessS.html?CNAME=pw01sde1004202602070320260815%2FE2,9-10
馬単,PASS_HTML,10510,24,2026-08-15,pw01sde1004202602070320260815,https://www.jra.go.jp/JRADB/accessS.html?CNAME=pw01sde1004202602070320260815%2FE2,10-9
3連複,PASS_HTML,13350,36,2026-08-15,pw01sde1004202602070320260815,https://www.jra.go.jp/JRADB/accessS.html?CNAME=pw01sde1004202602070320260815%2FE2,8-9-10
3連単,PASS_HTML,75130,159,2026-08-15,pw01sde1004202602070320260815,https://www.jra.go.jp/JRADB/accessS.html?CNAME=pw01sde1004202602070320260815%2FE2,10-9-8
単勝,PASS_HTML,950,5,2026-08-15,pw01sde1004202602070220260815,https://www.jra.go.jp/JRADB/accessS.html?CNAME=pw01sde1004202602070220260815%2F2D,1
複勝,PASS_HTML,400,7,2026-08-15,pw01sde1004202602070220260815,https://www.jra.go.jp/JRADB/accessS.html?CNAME=pw01sde1004202602070220260815%2F2D,1
複勝,PASS_HTML,370,6,2026-08-15,pw01sde1004202602070220260815,https://www.jra.go.jp/JRADB/accessS.html?CNAME=pw01sde1004202602070220260815%2F2D,3
複勝,PASS_HTML,690,8,2026-08-15,pw01sde1004202602070220260815,https://www.jra.go.jp/JRADB/accessS.html?CNAME=pw01sde1004202602070220260815%2F2D,10
枠連,PASS_HTML,2070,8,2026-08-15,pw01sde1004202602070220260815,https://www.jra.go.jp/JRADB/accessS.html?CNAME=pw01sde1004202602070220260815%2F2D,1-2
ワイド,PASS_HTML,1690,23,2026-08-15,pw01sde1004202602070220260815,https://www.jra.go.jp/JRADB/accessS.html?CNAME=pw01sde1004202602070220260815%2F2D,1-3
ワイド,PASS_HTML,3350,31,2026-08-15,pw01sde1004202602070220260815,https://www.jra.go.jp/JRADB/accessS.html?CNAME=pw01sde1004202602070220260815%2F2D,1-10
ワイド,PASS_HTML,2620,28,2026-08-15,pw01sde1004202602070220260815,https://www.jra.go.jp/JRADB/accessS.html?CNAME=pw01sde1004202602070220260815%2F2D,3-10
馬連,PASS_HTML,5020,21,2026-08-15,pw01sde1004202602070220260815,https://www.jra.go.jp/JRADB/accessS.html?CNAME=pw01sde1004202602070220260815%2F2D,1-3
馬単,PASS_HTML,10020,40,2026-08-15,pw01sde1004202602070220260815,https://www.jra.go.jp/JRADB/accessS.html?CNAME=pw01sde1004202602070220260815%2F2D,1-3
3連複,PASS_HTML,28500,76,2026-08-15,pw01sde1004202602070220260815,https://www.jra.go.jp/JRADB/accessS.html?CNAME=pw01sde1004202602070220260815%2F2D,1-3-10
3連単,PASS_HTML,171420,439,2026-08-15,pw01sde1004202602070220260815,https://www.jra.go.jp/JRADB/accessS.html?CNAME=pw01sde1004202602070220260815%2F2D,1-3-10
単勝,QUARANTINED_HTML:track_condition,310,1,2026-08-15,pw01sde1004202602070420260815,https://www.jra.go.jp/JRADB/accessS.html?CNAME=pw01sde1004202602070420260815%2F97,12
複勝,QUARANTINED_HTML:track_condition,130,1,2026-08-15,pw01sde1004202602070420260815,https://www.jra.go.jp/JRADB/accessS.html?CNAME=pw01sde1004202602070420260815%2F97,12
複勝,QUARANTINED_HTML:track_condition,190,4,2026-08-15,pw01sde1004202602070420260815,https://www.jra.go.jp/JRADB/accessS.html?CNAME=pw01sde1004202602070420260815%2F97,9
複勝,QUARANTINED_HTML:track_condition,170,3,2026-08-15,pw01sde1004202602070420260815,https://www.jra.go.jp/JRADB/accessS.html?CNAME=pw01sde1004202602070420260815%2F97,15
枠連,QUARANTINED_HTML:track_condition,370,1,2026-08-15,pw01sde1004202602070420260815,https://www.jra.go.jp/JRADB/accessS.html?CNAME=pw01sde1004202602070420260815%2F97,5-7
ワイド,QUARANTINED_HTML:track_condition,320,3,2026-08-15,pw01sde1004202602070420260815,https://www.jra.go.jp/JRADB/accessS.html?CNAME=pw01sde1004202602070420260815%2F97,9-12
ワイド,QUARANTINED_HTML:track_condition,250,2,2026-08-15,pw01sde1004202602070420260815,https://www.jra.go.jp/JRADB/accessS.html?CNAME=pw01sde1004202602070420260815%2F97,12-15
ワイド,QUARANTINED_HTML:track_condition,400,4,2026-08-15,pw01sde1004202602070420260815,https://www.jra.go.jp/JRADB/accessS.html?CNAME=pw01sde1004202602070420260815%2F97,9-15
馬連,QUARANTINED_HTML:track_condition,860,3,2026-08-15,pw01sde1004202602070420260815,https://www.jra.go.jp/JRADB/accessS.html?CNAME=pw01sde1004202602070420260815%2F97,9-12
馬単,QUARANTINED_HTML:track_condition,1360,5,2026-08-15,pw01sde1004202602070420260815,https://www.jra.go.jp/JRADB/accessS.html?CNAME=pw01sde1004202602070420260815%2F97,12-9
3連複,QUARANTINED_HTML:track_condition,700,1,2026-08-15,pw01sde1004202602070420260815,https://www.jra.go.jp/JRADB/accessS.html?CNAME=pw01sde1004202602070420260815%2F97,9-12-15
3連単,QUARANTINED_HTML:track_condition,3770,4,2026-08-15,pw01sde1004202602070420260815,https://www.jra.go.jp/JRADB/accessS.html?CNAME=pw01sde1004202602070420260815%2F97,12-9-15
単勝,PASS_HTML,520,3,2026-08-15,pw01sde1004202602070520260815,https://www.jra.go.jp/JRADB/accessS.html?CNAME=pw01sde1004202602070520260815%2F4C,4
複勝,PASS_HTML,220,3,2026-08-15,pw01sde1004202602070520260815,https://www.jra.go.jp/JRADB/accessS.html?CNAME=pw01sde1004202602070520260815%2F4C,4
複勝,PASS_HTML,140,1,2026-08-15,pw01sde1004202602070520260815,https://www.jra.go.jp/JRADB/accessS.html?CNAME=pw01sde1004202602070520260815%2F4C,15
複勝,PASS_HTML,240,4,2026-08-15,pw01sde1004202602070520260815,https://www.jra.go.jp/JRADB/accessS.html?CNAME=pw01sde1004202602070520260815%2F4C,7
枠連,PASS_HTML,900,2,2026-08-15,pw01sde1004202602070520260815,https://www.jra.go.jp/JRADB/accessS.html?CNAME=pw01sde1004202602070520260815%2F4C,2-7
ワイド,PASS_HTML,530,2,2026-08-15,pw01sde1004202602070520260815,https://www.jra.go.jp/JRADB/accessS.html?CNAME=pw01sde1004202602070520260815%2F4C,4-15
ワイド,PASS_HTML,1040,8,2026-08-15,pw01sde1004202602070520260815,https://www.jra.go.jp/JRADB/accessS.html?CNAME=pw01sde1004202602070520260815%2F4C,4-7
ワイド,PASS_HTML,590,3,2026-08-15,pw01sde1004202602070520260815,https://www.jra.go.jp/JRADB/accessS.html?CNAME=pw01sde1004202602070520260815%2F4C,7-15
馬連,PASS_HTML,1470,2,2026-08-15,pw01sde1004202602070520260815,https://www.jra.go.jp/JRADB/accessS.html?CNAME=pw01sde1004202602070520260815%2F4C,4-15
馬単,PASS_HTML,3460,6,2026-08-15,pw01sde1004202602070520260815,https://www.jra.go.jp/JRADB/accessS.html?CNAME=pw01sde1004202602070520260815%2F4C,4-15
3連複,PASS_HTML,3780,3,2026-08-15,pw01sde1004202602070520260815,https://www.jra.go.jp/JRADB/accessS.html?CNAME=pw01sde1004202602070520260815%2F4C,4-7-15
3連単,PASS_HTML,22330,24,2026-08-15,pw01sde1004202602070520260815,https://www.jra.go.jp/JRADB/accessS.html?CNAME=pw01sde1004202602070520260815%2F4C,4-15-7
単勝,QUARANTINED_HTML:track_condition,1190,7,2026-08-15,pw01sde1004202602070720260815,https://www.jra.go.jp/JRADB/accessS.html?CNAME=pw01sde1004202602070720260815%2FB6,7
複勝,QUARANTINED_HTML:track_condition,300,5,2026-08-15,pw01sde1004202602070720260815,https://www.jra.go.jp/JRADB/accessS.html?CNAME=pw01sde1004202602070720260815%2FB6,7
複勝,QUARANTINED_HTML:track_condition,1400,12,2026-08-15,pw01sde1004202602070720260815,https://www.jra.go.jp/JRADB/accessS.html?CNAME=pw01sde1004202602070720260815%2FB6,9
複勝,QUARANTINED_HTML:track_condition,520,9,2026-08-15,pw01sde1004202602070720260815,https://www.jra.go.jp/JRADB/accessS.html?CNAME=pw01sde1004202602070720260815%2FB6,10
枠連,QUARANTINED_HTML:track_condition,7100,27,2026-08-15,pw01sde1004202602070720260815,https://www.jra.go.jp/JRADB/accessS.html?CNAME=pw01sde1004202602070720260815%2FB6,4-5
ワイド,QUARANTINED_HTML:track_condition,8230,74,2026-08-15,pw01sde1004202602070720260815,https://www.jra.go.jp/JRADB/accessS.html?CNAME=pw01sde1004202602070720260815%2FB6,7-9
ワイド,QUARANTINED_HTML:track_condition,2790,40,2026-08-15,pw01sde1004202602070720260815,https://www.jra.go.jp/JRADB/accessS.html?CNAME=pw01sde1004202602070720260815%2FB6,7-10
ワイド,QUARANTINED_HTML:track_condition,9930,79,2026-08-15,pw01sde1004202602070720260815,https://www.jra.go.jp/JRADB/accessS.html?CNAME=pw01sde1004202602070720260815%2FB6,9-10
馬連,QUARANTINED_HTML:track_condition,33620,78,2026-08-15,pw01sde1004202602070720260815,https://www.jra.go.jp/JRADB/accessS.html?CNAME=pw01sde1004202602070720260815%2FB6,7-9
馬単,QUARANTINED_HTML:track_condition,61080,146,2026-08-15,pw01sde1004202602070720260815,https://www.jra.go.jp/JRADB/accessS.html?CNAME=pw01sde1004202602070720260815%2FB6,7-9
3連複,QUARANTINED_HTML:track_condition,175490,318,2026-08-15,pw01sde1004202602070720260815,https://www.jra.go.jp/JRADB/accessS.html?CNAME=pw01sde1004202602070720260815%2FB6,7-9-10
3連単,QUARANTINED_HTML:track_condition,1193640,1923,2026-08-15,pw01sde1004202602070720260815,https://www.jra.go.jp/JRADB/accessS.html?CNAME=pw01sde1004202602070720260815%2FB6,7-9-10
単勝,PASS_HTML,300,2,2026-08-15,pw01sde1004202602070620260815,https://www.jra.go.jp/JRADB/accessS.html?CNAME=pw01sde1004202602070620260815%2F01,5
複勝,PASS_HTML,120,2,2026-08-15,pw01sde1004202602070620260815,https://www.jra.go.jp/JRADB/accessS.html?CNAME=pw01sde1004202602070620260815%2F01,5
複勝,PASS_HTML,110,1,2026-08-15,pw01sde1004202602070620260815,https://www.jra.go.jp/JRADB/accessS.html?CNAME=pw01sde1004202602070620260815%2F01,12
複勝,PASS_HTML,650,10,2026-08-15,pw01sde1004202602070620260815,https://www.jra.go.jp/JRADB/accessS.html?CNAME=pw01sde1004202602070620260815%2F01,11
枠連,PASS_HTML,140,1,2026-08-15,pw01sde1004202602070620260815,https://www.jra.go.jp/JRADB/accessS.html?CNAME=pw01sde1004202602070620260815%2F01,4-7
ワイド,PASS_HTML,150,1,2026-08-15,pw01sde1004202602070620260815,https://www.jra.go.jp/JRADB/accessS.html?CNAME=pw01sde1004202602070620260815%2F01,5-12
ワイド,PASS_HTML,2260,25,2026-08-15,pw01sde1004202602070620260815,https://www.jra.go.jp/JRADB/accessS.html?CNAME=pw01sde1004202602070620260815%2F01,5-11
ワイド,PASS_HTML,1350,14,2026-08-15,pw01sde1004202602070620260815,https://www.jra.go.jp/JRADB/accessS.html?CNAME=pw01sde1004202602070620260815%2F01,11-12
馬連,PASS_HTML,210,1,2026-08-15,pw01sde1004202602070620260815,https://www.jra.go.jp/JRADB/accessS.html?CNAME=pw01sde1004202602070620260815%2F01,5-12
馬単,PASS_HTML,540,2,2026-08-15,pw01sde1004202602070620260815,https://www.jra.go.jp/JRADB/accessS.html?CNAME=pw01sde1004202602070620260815%2F01,5-12
3連複,PASS_HTML,3520,9,2026-08-15,pw01sde1004202602070620260815,https://www.jra.go.jp/JRADB/accessS.html?CNAME=pw01sde1004202602070620260815%2F01,5-11-12
3連単,PASS_HTML,10860,27,2026-08-15,pw01sde1004202602070620260815,https://www.jra.go.jp/JRADB/accessS.html?CNAME=pw01sde1004202602070620260815%2F01,5-12-11
単勝,QUARANTINED_HTML:track_condition,210,1,2026-08-15,pw01sde1004202602070820260815,https://www.jra.go.jp/JRADB/accessS.html?CNAME=pw01sde1004202602070820260815%2F6B,9
複勝,QUARANTINED_HTML:track_condition,110,1,2026-08-15,pw01sde1004202602070820260815,https://www.jra.go.jp/JRADB/accessS.html?CNAME=pw01sde1004202602070820260815%2F6B,9
複勝,QUARANTINED_HTML:track_condition,170,3,2026-08-15,pw01sde1004202602070820260815,https://www.jra.go.jp/JRADB/accessS.html?CNAME=pw01sde1004202602070820260815%2F6B,3
複勝,QUARANTINED_HTML:track_condition,490,7,2026-08-15,pw01sde1004202602070820260815,https://www.jra.go.jp/JRADB/accessS.html?CNAME=pw01sde1004202602070820260815%2F6B,5
枠連,QUARANTINED_HTML:track_condition,350,1,2026-08-15,pw01sde1004202602070820260815,https://www.jra.go.jp/JRADB/accessS.html?CNAME=pw01sde1004202602070820260815%2F6B,2-5
ワイド,QUARANTINED_HTML:track_condition,260,1,2026-08-15,pw01sde1004202602070820260815,https://www.jra.go.jp/JRADB/accessS.html?CNAME=pw01sde1004202602070820260815%2F6B,3-9
ワイド,QUARANTINED_HTML:track_condition,970,12,2026-08-15,pw01sde1004202602070820260815,https://www.jra.go.jp/JRADB/accessS.html?CNAME=pw01sde1004202602070820260815%2F6B,5-9
ワイド,QUARANTINED_HTML:track_condition,1670,20,2026-08-15,pw01sde1004202602070820260815,https://www.jra.go.jp/JRADB/accessS.html?CNAME=pw01sde1004202602070820260815%2F6B,3-5
馬連,QUARANTINED_HTML:track_condition,500,1,2026-08-15,pw01sde1004202602070820260815,https://www.jra.go.jp/JRADB/accessS.html?CNAME=pw01sde1004202602070820260815%2F6B,3-9
馬単,QUARANTINED_HTML:track_condition,770,1,2026-08-15,pw01sde1004202602070820260815,https://www.jra.go.jp/JRADB/accessS.html?CNAME=pw01sde1004202602070820260815%2F6B,9-3
3連複,QUARANTINED_HTML:track_condition,3830,11,2026-08-15,pw01sde1004202602070820260815,https://www.jra.go.jp/JRADB/accessS.html?CNAME=pw01sde1004202602070820260815%2F6B,3-5-9
3連単,QUARANTINED_HTML:track_condition,10790,33,2026-08-15,pw01sde1004202602070820260815,https://www.jra.go.jp/JRADB/accessS.html?CNAME=pw01sde1004202602070820260815%2F6B,9-3-5
単勝,PASS_HTML,480,3,2026-08-15,pw01sde1004202602070920260815,https://www.jra.go.jp/JRADB/accessS.html?CNAME=pw01sde1004202602070920260815%2F20,8
複勝,PASS_HTML,160,3,2026-08-15,pw01sde1004202602070920260815,https://www.jra.go.jp/JRADB/accessS.html?CNAME=pw01sde1004202602070920260815%2F20,8
複勝,PASS_HTML,190,5,2026-08-15,pw01sde1004202602070920260815,https://www.jra.go.jp/JRADB/accessS.html?CNAME=pw01sde1004202602070920260815%2F20,11
複勝,PASS_HTML,140,1,2026-08-15,pw01sde1004202602070920260815,https://www.jra.go.jp/JRADB/accessS.html?CNAME=pw01sde1004202602070920260815%2F20,6
枠連,PASS_HTML,840,4,2026-08-15,pw01sde1004202602070920260815,https://www.jra.go.jp/JRADB/accessS.html?CNAME=pw01sde1004202602070920260815%2F20,7-8
ワイド,PASS_HTML,660,12,2026-08-15,pw01sde1004202602070920260815,https://www.jra.go.jp/JRADB/accessS.html?CNAME=pw01sde1004202602070920260815%2F20,8-11
ワイド,PASS_HTML,340,1,2026-08-15,pw01sde1004202602070920260815,https://www.jra.go.jp/JRADB/accessS.html?CNAME=pw01sde1004202602070920260815%2F20,6-8
ワイド,PASS_HTML,640,11,2026-08-15,pw01sde1004202602070920260815,https://www.jra.go.jp/JRADB/accessS.html?CNAME=pw01sde1004202602070920260815%2F20,6-11
馬連,PASS_HTML,1650,9,2026-08-15,pw01sde1004202602070920260815,https://www.jra.go.jp/JRADB/accessS.html?CNAME=pw01sde1004202602070920260815%2F20,8-11
馬単,PASS_HTML,3190,16,2026-08-15,pw01sde1004202602070920260815,https://www.jra.go.jp/JRADB/accessS.html?CNAME=pw01sde1004202602070920260815%2F20,8-11
3連複,PASS_HTML,2560,10,2026-08-15,pw01sde1004202602070920260815,https://www.jra.go.jp/JRADB/accessS.html?CNAME=pw01sde1004202602070920260815%2F20,6-8-11
3連単,PASS_HTML,15810,67,2026-08-15,pw01sde1004202602070920260815,https://www.jra.go.jp/JRADB/accessS.html?CNAME=pw01sde1004202602070920260815%2F20,8-11-6
単勝,QUARANTINED_HTML:track_condition,180,1,2026-08-15,pw01sde1004202602071020260815,https://www.jra.go.jp/JRADB/accessS.html?CNAME=pw01sde1004202602071020260815%2F15,9
複勝,QUARANTINED_HTML:track_condition,110,1,2026-08-15,pw01sde1004202602071020260815,https://www.jra.go.jp/JRADB/accessS.html?CNAME=pw01sde1004202602071020260815%2F15,9
複勝,QUARANTINED_HTML:track_condition,310,6,2026-08-15,pw01sde1004202602071020260815,https://www.jra.go.jp/JRADB/accessS.html?CNAME=pw01sde1004202602071020260815%2F15,12
複勝,QUARANTINED_HTML:track_condition,620,9,2026-08-15,pw01sde1004202602071020260815,https://www.jra.go.jp/JRADB/accessS.html?CNAME=pw01sde1004202602071020260815%2F15,15
枠連,QUARANTINED_HTML:track_condition,450,2,2026-08-15,pw01sde1004202602071020260815,https://www.jra.go.jp/JRADB/accessS.html?CNAME=pw01sde1004202602071020260815%2F15,5-7
ワイド,QUARANTINED_HTML:track_condition,460,4,2026-08-15,pw01sde1004202602071020260815,https://www.jra.go.jp/JRADB/accessS.html?CNAME=pw01sde1004202602071020260815%2F15,9-12
ワイド,QUARANTINED_HTML:track_condition,820,8,2026-08-15,pw01sde1004202602071020260815,https://www.jra.go.jp/JRADB/accessS.html?CNAME=pw01sde1004202602071020260815%2F15,9-15
ワイド,QUARANTINED_HTML:track_condition,3250,30,2026-08-15,pw01sde1004202602071020260815,https://www.jra.go.jp/JRADB/accessS.html?CNAME=pw01sde1004202602071020260815%2F15,12-15
馬連,QUARANTINED_HTML:track_condition,980,4,2026-08-15,pw01sde1004202602071020260815,https://www.jra.go.jp/JRADB/accessS.html?CNAME=pw01sde1004202602071020260815%2F15,9-12
馬単,QUARANTINED_HTML:track_condition,1130,4,2026-08-15,pw01sde1004202602071020260815,https://www.jra.go.jp/JRADB/accessS.html?CNAME=pw01sde1004202602071020260815%2F15,9-12
3連複,QUARANTINED_HTML:track_condition,5890,20,2026-08-15,pw01sde1004202602071020260815,https://www.jra.go.jp/JRADB/accessS.html?CNAME=pw01sde1004202602071020260815%2F15,9-12-15
3連単,QUARANTINED_HTML:track_condition,15690,47,2026-08-15,pw01sde1004202602071020260815,https://www.jra.go.jp/JRADB/accessS.html?CNAME=pw01sde1004202602071020260815%2F15,9-12-15
単勝,PASS_HTML,3780,10,2026-08-15,pw01sde1004202602071120260815,https://www.jra.go.jp/JRADB/accessS.html?CNAME=pw01sde1004202602071120260815%2FCA,9
複勝,PASS_HTML,550,10,2026-08-15,pw01sde1004202602071120260815,https://www.jra.go.jp/JRADB/accessS.html?CNAME=pw01sde1004202602071120260815%2FCA,9
複勝,PASS_HTML,150,2,2026-08-15,pw01sde1004202602071120260815,https://www.jra.go.jp/JRADB/accessS.html?CNAME=pw01sde1004202602071120260815%2FCA,10
複勝,PASS_HTML,130,1,2026-08-15,pw01sde1004202602071120260815,https://www.jra.go.jp/JRADB/accessS.html?CNAME=pw01sde1004202602071120260815%2FCA,18
枠連,PASS_HTML,9760,25,2026-08-15,pw01sde1004202602071120260815,https://www.jra.go.jp/JRADB/accessS.html?CNAME=pw01sde1004202602071120260815%2FCA,5-5
ワイド,PASS_HTML,2310,28,2026-08-15,pw01sde1004202602071120260815,https://www.jra.go.jp/JRADB/accessS.html?CNAME=pw01sde1004202602071120260815%2FCA,9-10
ワイド,PASS_HTML,1520,18,2026-08-15,pw01sde1004202602071120260815,https://www.jra.go.jp/JRADB/accessS.html?CNAME=pw01sde1004202602071120260815%2FCA,9-18
ワイド,PASS_HTML,350,1,2026-08-15,pw01sde1004202602071120260815,https://www.jra.go.jp/JRADB/accessS.html?CNAME=pw01sde1004202602071120260815%2FCA,10-18
馬連,PASS_HTML,9830,30,2026-08-15,pw01sde1004202602071120260815,https://www.jra.go.jp/JRADB/accessS.html?CNAME=pw01sde1004202602071120260815%2FCA,9-10
馬単,PASS_HTML,24080,69,2026-08-15,pw01sde1004202602071120260815,https://www.jra.go.jp/JRADB/accessS.html?CNAME=pw01sde1004202602071120260815%2FCA,9-10
3連複,PASS_HTML,7070,18,2026-08-15,pw01sde1004202602071120260815,https://www.jra.go.jp/JRADB/accessS.html?CNAME=pw01sde1004202602071120260815%2FCA,9-10-18
3連単,PASS_HTML,83960,247,2026-08-15,pw01sde1004202602071120260815,https://www.jra.go.jp/JRADB/accessS.html?CNAME=pw01sde1004202602071120260815%2FCA,9-10-18
単勝,PASS_HTML,1070,4,2026-08-15,pw01sde1004202602071220260815,https://www.jra.go.jp/JRADB/accessS.html?CNAME=pw01sde1004202602071220260815%2F7F,4
複勝,PASS_HTML,320,5,2026-08-15,pw01sde1004202602071220260815,https://www.jra.go.jp/JRADB/accessS.html?CNAME=pw01sde1004202602071220260815%2F7F,4
複勝,PASS_HTML,170,2,2026-08-15,pw01sde1004202602071220260815,https://www.jra.go.jp/JRADB/accessS.html?CNAME=pw01sde1004202602071220260815%2F7F,13
複勝,PASS_HTML,420,9,2026-08-15,pw01sde1004202602071220260815,https://www.jra.go.jp/JRADB/accessS.html?CNAME=pw01sde1004202602071220260815%2F7F,5
枠連,PASS_HTML,630,3,2026-08-15,pw01sde1004202602071220260815,https://www.jra.go.jp/JRADB/accessS.html?CNAME=pw01sde1004202602071220260815%2F7F,2-7
ワイド,PASS_HTML,1040,12,2026-08-15,pw01sde1004202602071220260815,https://www.jra.go.jp/JRADB/accessS.html?CNAME=pw01sde1004202602071220260815%2F7F,4-13
ワイド,PASS_HTML,3240,36,2026-08-15,pw01sde1004202602071220260815,https://www.jra.go.jp/JRADB/accessS.html?CNAME=pw01sde1004202602071220260815%2F7F,4-5
ワイド,PASS_HTML,1180,15,2026-08-15,pw01sde1004202602071220260815,https://www.jra.go.jp/JRADB/accessS.html?CNAME=pw01sde1004202602071220260815%2F7F,5-13
馬連,PASS_HTML,2630,11,2026-08-15,pw01sde1004202602071220260815,https://www.jra.go.jp/JRADB/accessS.html?CNAME=pw01sde1004202602071220260815%2F7F,4-13
馬単,PASS_HTML,6610,25,2026-08-15,pw01sde1004202602071220260815,https://www.jra.go.jp/JRADB/accessS.html?CNAME=pw01sde1004202602071220260815%2F7F,4-13
3連複,PASS_HTML,12200,45,2026-08-15,pw01sde1004202602071220260815,https://www.jra.go.jp/JRADB/accessS.html?CNAME=pw01sde1004202602071220260815%2F7F,4-5-13
3連単,PASS_HTML,93620,306,2026-08-15,pw01sde1004202602071220260815,https://www.jra.go.jp/JRADB/accessS.html?CNAME=pw01sde1004202602071220260815%2F7F,4-13-5
単勝,QUARANTINED_HTML:track_condition,350,2,2026-08-16,pw01sde1004202602080320260816,https://www.jra.go.jp/JRADB/accessS.html?CNAME=pw01sde1004202602080320260816%2F12,3
複勝,QUARANTINED_HTML:track_condition,190,3,2026-08-16,pw01sde1004202602080320260816,https://www.jra.go.jp/JRADB/accessS.html?CNAME=pw01sde1004202602080320260816%2F12,3
複勝,QUARANTINED_HTML:track_condition,170,2,2026-08-16,pw01sde1004202602080320260816,https://www.jra.go.jp/JRADB/accessS.html?CNAME=pw01sde1004202602080320260816%2F12,8
複勝,QUARANTINED_HTML:track_condition,430,8,2026-08-16,pw01sde1004202602080320260816,https://www.jra.go.jp/JRADB/accessS.html?CNAME=pw01sde1004202602080320260816%2F12,10
枠連,QUARANTINED_HTML:track_condition,1130,4,2026-08-16,pw01sde1004202602080320260816,https://www.jra.go.jp/JRADB/accessS.html?CNAME=pw01sde1004202602080320260816%2F12,2-5
ワイド,QUARANTINED_HTML:track_condition,540,5,2026-08-16,pw01sde1004202602080320260816,https://www.jra.go.jp/JRADB/accessS.html?CNAME=pw01sde1004202602080320260816%2F12,3-8
ワイド,QUARANTINED_HTML:track_condition,1650,17,2026-08-16,pw01sde1004202602080320260816,https://www.jra.go.jp/JRADB/accessS.html?CNAME=pw01sde1004202602080320260816%2F12,3-10
ワイド,QUARANTINED_HTML:track_condition,1440,16,2026-08-16,pw01sde1004202602080320260816,https://www.jra.go.jp/JRADB/accessS.html?CNAME=pw01sde1004202602080320260816%2F12,8-10
馬連,QUARANTINED_HTML:track_condition,1320,5,2026-08-16,pw01sde1004202602080320260816,https://www.jra.go.jp/JRADB/accessS.html?CNAME=pw01sde1004202602080320260816%2F12,3-8
馬単,QUARANTINED_HTML:track_condition,2020,5,2026-08-16,pw01sde1004202602080320260816,https://www.jra.go.jp/JRADB/accessS.html?CNAME=pw01sde1004202602080320260816%2F12,3-8
3連複,QUARANTINED_HTML:track_condition,7640,23,2026-08-16,pw01sde1004202602080320260816,https://www.jra.go.jp/JRADB/accessS.html?CNAME=pw01sde1004202602080320260816%2F12,3-8-10
3連単,QUARANTINED_HTML:track_condition,22470,72,2026-08-16,pw01sde1004202602080320260816,https://www.jra.go.jp/JRADB/accessS.html?CNAME=pw01sde1004202602080320260816%2F12,3-8-10
単勝,PASS_HTML,850,4,2026-08-16,pw01sde1004202602080220260816,https://www.jra.go.jp/JRADB/accessS.html?CNAME=pw01sde1004202602080220260816%2F5D,5
複勝,PASS_HTML,210,3,2026-08-16,pw01sde1004202602080220260816,https://www.jra.go.jp/JRADB/accessS.html?CNAME=pw01sde1004202602080220260816%2F5D,5
複勝,PASS_HTML,130,1,2026-08-16,pw01sde1004202602080220260816,https://www.jra.go.jp/JRADB/accessS.html?CNAME=pw01sde1004202602080220260816%2F5D,15
複勝,PASS_HTML,290,5,2026-08-16,pw01sde1004202602080220260816,https://www.jra.go.jp/JRADB/accessS.html?CNAME=pw01sde1004202602080220260816%2F5D,3
枠連,PASS_HTML,670,3,2026-08-16,pw01sde1004202602080220260816,https://www.jra.go.jp/JRADB/accessS.html?CNAME=pw01sde1004202602080220260816%2F5D,3-8
ワイド,PASS_HTML,380,2,2026-08-16,pw01sde1004202602080220260816,https://www.jra.go.jp/JRADB/accessS.html?CNAME=pw01sde1004202602080220260816%2F5D,5-15
ワイド,PASS_HTML,1310,15,2026-08-16,pw01sde1004202602080220260816,https://www.jra.go.jp/JRADB/accessS.html?CNAME=pw01sde1004202602080220260816%2F5D,3-5
ワイド,PASS_HTML,620,5,2026-08-16,pw01sde1004202602080220260816,https://www.jra.go.jp/JRADB/accessS.html?CNAME=pw01sde1004202602080220260816%2F5D,3-15
馬連,PASS_HTML,970,3,2026-08-16,pw01sde1004202602080220260816,https://www.jra.go.jp/JRADB/accessS.html?CNAME=pw01sde1004202602080220260816%2F5D,5-15
馬単,PASS_HTML,3080,9,2026-08-16,pw01sde1004202602080220260816,https://www.jra.go.jp/JRADB/accessS.html?CNAME=pw01sde1004202602080220260816%2F5D,5-15
3連複,PASS_HTML,3140,7,2026-08-16,pw01sde1004202602080220260816,https://www.jra.go.jp/JRADB/accessS.html?CNAME=pw01sde1004202602080220260816%2F5D,3-5-15
3連単,PASS_HTML,19930,56,2026-08-16,pw01sde1004202602080220260816,https://www.jra.go.jp/JRADB/accessS.html?CNAME=pw01sde1004202602080220260816%2F5D,5-15-3
単勝,PASS_HTML,470,2,2026-08-16,pw01sde1004202602080520260816,https://www.jra.go.jp/JRADB/accessS.html?CNAME=pw01sde1004202602080520260816%2F7C,10
複勝,PASS_HTML,190,2,2026-08-16,pw01sde1004202602080520260816,https://www.jra.go.jp/JRADB/accessS.html?CNAME=pw01sde1004202602080520260816%2F7C,10
複勝,PASS_HTML,330,5,2026-08-16,pw01sde1004202602080520260816,https://www.jra.go.jp/JRADB/accessS.html?CNAME=pw01sde1004202602080520260816%2F7C,12
複勝,PASS_HTML,210,3,2026-08-16,pw01sde1004202602080520260816,https://www.jra.go.jp/JRADB/accessS.html?CNAME=pw01sde1004202602080520260816%2F7C,4
枠連,PASS_HTML,750,3,2026-08-16,pw01sde1004202602080520260816,https://www.jra.go.jp/JRADB/accessS.html?CNAME=pw01sde1004202602080520260816%2F7C,7-8
ワイド,PASS_HTML,640,7,2026-08-16,pw01sde1004202602080520260816,https://www.jra.go.jp/JRADB/accessS.html?CNAME=pw01sde1004202602080520260816%2F7C,10-12
ワイド,PASS_HTML,590,6,2026-08-16,pw01sde1004202602080520260816,https://www.jra.go.jp/JRADB/accessS.html?CNAME=pw01sde1004202602080520260816%2F7C,4-10
ワイド,PASS_HTML,850,12,2026-08-16,pw01sde1004202602080520260816,https://www.jra.go.jp/JRADB/accessS.html?CNAME=pw01sde1004202602080520260816%2F7C,4-12
馬連,PASS_HTML,2270,9,2026-08-16,pw01sde1004202602080520260816,https://www.jra.go.jp/JRADB/accessS.html?CNAME=pw01sde1004202602080520260816%2F7C,10-12
馬単,PASS_HTML,4300,18,2026-08-16,pw01sde1004202602080520260816,https://www.jra.go.jp/JRADB/accessS.html?CNAME=pw01sde1004202602080520260816%2F7C,10-12
3連複,PASS_HTML,3650,12,2026-08-16,pw01sde1004202602080520260816,https://www.jra.go.jp/JRADB/accessS.html?CNAME=pw01sde1004202602080520260816%2F7C,4-10-12
3連単,PASS_HTML,25060,86,2026-08-16,pw01sde1004202602080520260816,https://www.jra.go.jp/JRADB/accessS.html?CNAME=pw01sde1004202602080520260816%2F7C,10-12-4
単勝,PASS_HTML,280,2,2026-08-16,pw01sde1004202602080420260816,https://www.jra.go.jp/JRADB/accessS.html?CNAME=pw01sde1004202602080420260816%2FC7,9
複勝,PASS_HTML,170,2,2026-08-16,pw01sde1004202602080420260816,https://www.jra.go.jp/JRADB/accessS.html?CNAME=pw01sde1004202602080420260816%2FC7,9
複勝,PASS_HTML,240,3,2026-08-16,pw01sde1004202602080420260816,https://www.jra.go.jp/JRADB/accessS.html?CNAME=pw01sde1004202602080420260816%2FC7,4
複勝,PASS_HTML,1120,9,2026-08-16,pw01sde1004202602080420260816,https://www.jra.go.jp/JRADB/accessS.html?CNAME=pw01sde1004202602080420260816%2FC7,5
枠連,PASS_HTML,1240,5,2026-08-16,pw01sde1004202602080420260816,https://www.jra.go.jp/JRADB/accessS.html?CNAME=pw01sde1004202602080420260816%2FC7,4-6
ワイド,PASS_HTML,550,4,2026-08-16,pw01sde1004202602080420260816,https://www.jra.go.jp/JRADB/accessS.html?CNAME=pw01sde1004202602080420260816%2FC7,4-9
ワイド,PASS_HTML,3070,25,2026-08-16,pw01sde1004202602080420260816,https://www.jra.go.jp/JRADB/accessS.html?CNAME=pw01sde1004202602080420260816%2FC7,5-9
ワイド,PASS_HTML,4580,32,2026-08-16,pw01sde1004202602080420260816,https://www.jra.go.jp/JRADB/accessS.html?CNAME=pw01sde1004202602080420260816%2FC7,4-5
馬連,PASS_HTML,1190,3,2026-08-16,pw01sde1004202602080420260816,https://www.jra.go.jp/JRADB/accessS.html?CNAME=pw01sde1004202602080420260816%2FC7,4-9
馬単,PASS_HTML,1620,4,2026-08-16,pw01sde1004202602080420260816,https://www.jra.go.jp/JRADB/accessS.html?CNAME=pw01sde1004202602080420260816%2FC7,9-4
3連複,PASS_HTML,16820,42,2026-08-16,pw01sde1004202602080420260816,https://www.jra.go.jp/JRADB/accessS.html?CNAME=pw01sde1004202602080420260816%2FC7,4-5-9
3連単,PASS_HTML,37030,106,2026-08-16,pw01sde1004202602080420260816,https://www.jra.go.jp/JRADB/accessS.html?CNAME=pw01sde1004202602080420260816%2FC7,9-4-5
単勝,PASS_HTML,180,1,2026-08-16,pw01sde1004202602080620260816,https://www.jra.go.jp/JRADB/accessS.html?CNAME=pw01sde1004202602080620260816%2F31,8
複勝,PASS_HTML,110,1,2026-08-16,pw01sde1004202602080620260816,https://www.jra.go.jp/JRADB/accessS.html?CNAME=pw01sde1004202602080620260816%2F31,8
複勝,PASS_HTML,280,6,2026-08-16,pw01sde1004202602080620260816,https://www.jra.go.jp/JRADB/accessS.html?CNAME=pw01sde1004202602080620260816%2F31,9
複勝,PASS_HTML,200,4,2026-08-16,pw01sde1004202602080620260816,https://www.jra.go.jp/JRADB/accessS.html?CNAME=pw01sde1004202602080620260816%2F31,11
枠連,PASS_HTML,1530,7,2026-08-16,pw01sde1004202602080620260816,https://www.jra.go.jp/JRADB/accessS.html?CNAME=pw01sde1004202602080620260816%2F31,6-6
ワイド,PASS_HTML,550,6,2026-08-16,pw01sde1004202602080620260816,https://www.jra.go.jp/JRADB/accessS.html?CNAME=pw01sde1004202602080620260816%2F31,8-9
ワイド,PASS_HTML,380,3,2026-08-16,pw01sde1004202602080620260816,https://www.jra.go.jp/JRADB/accessS.html?CNAME=pw01sde1004202602080620260816%2F31,8-11
ワイド,PASS_HTML,1310,16,2026-08-16,pw01sde1004202602080620260816,https://www.jra.go.jp/JRADB/accessS.html?CNAME=pw01sde1004202602080620260816%2F31,9-11
馬連,PASS_HTML,1350,4,2026-08-16,pw01sde1004202602080620260816,https://www.jra.go.jp/JRADB/accessS.html?CNAME=pw01sde1004202602080620260816%2F31,8-9
馬単,PASS_HTML,1960,7,2026-08-16,pw01sde1004202602080620260816,https://www.jra.go.jp/JRADB/accessS.html?CNAME=pw01sde1004202602080620260816%2F31,8-9
3連複,PASS_HTML,2650,9,2026-08-16,pw01sde1004202602080620260816,https://www.jra.go.jp/JRADB/accessS.html?CNAME=pw01sde1004202602080620260816%2F31,8-9-11
3連単,PASS_HTML,9640,23,2026-08-16,pw01sde1004202602080620260816,https://www.jra.go.jp/JRADB/accessS.html?CNAME=pw01sde1004202602080620260816%2F31,8-9-11
単勝,QUARANTINED_HTML:track_condition,1110,6,2026-08-16,pw01sde1004202602080720260816,https://www.jra.go.jp/JRADB/accessS.html?CNAME=pw01sde1004202602080720260816%2FE6,11
複勝,QUARANTINED_HTML:track_condition,350,6,2026-08-16,pw01sde1004202602080720260816,https://www.jra.go.jp/JRADB/accessS.html?CNAME=pw01sde1004202602080720260816%2FE6,11
複勝,QUARANTINED_HTML:track_condition,310,4,2026-08-16,pw01sde1004202602080720260816,https://www.jra.go.jp/JRADB/accessS.html?CNAME=pw01sde1004202602080720260816%2FE6,6
複勝,QUARANTINED_HTML:track_condition,350,5,2026-08-16,pw01sde1004202602080720260816,https://www.jra.go.jp/JRADB/accessS.html?CNAME=pw01sde1004202602080720260816%2FE6,10
枠連,QUARANTINED_HTML:track_condition,1420,7,2026-08-16,pw01sde1004202602080720260816,https://www.jra.go.jp/JRADB/accessS.html?CNAME=pw01sde1004202602080720260816%2FE6,4-6
ワイド,QUARANTINED_HTML:track_condition,2810,34,2026-08-16,pw01sde1004202602080720260816,https://www.jra.go.jp/JRADB/accessS.html?CNAME=pw01sde1004202602080720260816%2FE6,6-11
ワイド,QUARANTINED_HTML:track_condition,1350,15,2026-08-16,pw01sde1004202602080720260816,https://www.jra.go.jp/JRADB/accessS.html?CNAME=pw01sde1004202602080720260816%2FE6,10-11
ワイド,QUARANTINED_HTML:track_condition,1720,20,2026-08-16,pw01sde1004202602080720260816,https://www.jra.go.jp/JRADB/accessS.html?CNAME=pw01sde1004202602080720260816%2FE6,6-10
馬連,QUARANTINED_HTML:track_condition,9900,35,2026-08-16,pw01sde1004202602080720260816,https://www.jra.go.jp/JRADB/accessS.html?CNAME=pw01sde1004202602080720260816%2FE6,6-11
馬単,QUARANTINED_HTML:track_condition,15440,57,2026-08-16,pw01sde1004202602080720260816,https://www.jra.go.jp/JRADB/accessS.html?CNAME=pw01sde1004202602080720260816%2FE6,11-6
3連複,QUARANTINED_HTML:track_condition,19760,66,2026-08-16,pw01sde1004202602080720260816,https://www.jra.go.jp/JRADB/accessS.html?CNAME=pw01sde1004202602080720260816%2FE6,6-10-11
3連単,QUARANTINED_HTML:track_condition,148420,486,2026-08-16,pw01sde1004202602080720260816,https://www.jra.go.jp/JRADB/accessS.html?CNAME=pw01sde1004202602080720260816%2FE6,11-6-10
単勝,PASS_HTML,590,3,2026-08-16,pw01sde1004202602080920260816,https://www.jra.go.jp/JRADB/accessS.html?CNAME=pw01sde1004202602080920260816%2F50,5
複勝,PASS_HTML,220,4,2026-08-16,pw01sde1004202602080920260816,https://www.jra.go.jp/JRADB/accessS.html?CNAME=pw01sde1004202602080920260816%2F50,5
複勝,PASS_HTML,250,5,2026-08-16,pw01sde1004202602080920260816,https://www.jra.go.jp/JRADB/accessS.html?CNAME=pw01sde1004202602080920260816%2F50,4
複勝,PASS_HTML,1030,9,2026-08-16,pw01sde1004202602080920260816,https://www.jra.go.jp/JRADB/accessS.html?CNAME=pw01sde1004202602080920260816%2F50,12
枠連,PASS_HTML,1050,4,2026-08-16,pw01sde1004202602080920260816,https://www.jra.go.jp/JRADB/accessS.html?CNAME=pw01sde1004202602080920260816%2F50,4-5
ワイド,PASS_HTML,790,10,2026-08-16,pw01sde1004202602080920260816,https://www.jra.go.jp/JRADB/accessS.html?CNAME=pw01sde1004202602080920260816%2F50,4-5
ワイド,PASS_HTML,3390,30,2026-08-16,pw01sde1004202602080920260816,https://www.jra.go.jp/JRADB/accessS.html?CNAME=pw01sde1004202602080920260816%2F50,5-12
ワイド,PASS_HTML,3890,32,2026-08-16,pw01sde1004202602080920260816,https://www.jra.go.jp/JRADB/accessS.html?CNAME=pw01sde1004202602080920260816%2F50,4-12
馬連,PASS_HTML,2380,11,2026-08-16,pw01sde1004202602080920260816,https://www.jra.go.jp/JRADB/accessS.html?CNAME=pw01sde1004202602080920260816%2F50,4-5
馬単,PASS_HTML,3950,19,2026-08-16,pw01sde1004202602080920260816,https://www.jra.go.jp/JRADB/accessS.html?CNAME=pw01sde1004202602080920260816%2F50,5-4
3連複,PASS_HTML,27320,67,2026-08-16,pw01sde1004202602080920260816,https://www.jra.go.jp/JRADB/accessS.html?CNAME=pw01sde1004202602080920260816%2F50,4-5-12
3連単,PASS_HTML,109320,293,2026-08-16,pw01sde1004202602080920260816,https://www.jra.go.jp/JRADB/accessS.html?CNAME=pw01sde1004202602080920260816%2F50,5-4-12
単勝,QUARANTINED_HTML:track_condition,9430,13,2026-08-16,pw01sde1004202602080820260816,https://www.jra.go.jp/JRADB/accessS.html?CNAME=pw01sde1004202602080820260816%2F9B,8
複勝,QUARANTINED_HTML:track_condition,2130,13,2026-08-16,pw01sde1004202602080820260816,https://www.jra.go.jp/JRADB/accessS.html?CNAME=pw01sde1004202602080820260816%2F9B,8
複勝,QUARANTINED_HTML:track_condition,400,5,2026-08-16,pw01sde1004202602080820260816,https://www.jra.go.jp/JRADB/accessS.html?CNAME=pw01sde1004202602080820260816%2F9B,10
複勝,QUARANTINED_HTML:track_condition,640,8,2026-08-16,pw01sde1004202602080820260816,https://www.jra.go.jp/JRADB/accessS.html?CNAME=pw01sde1004202602080820260816%2F9B,6
枠連,QUARANTINED_HTML:track_condition,13060,25,2026-08-16,pw01sde1004202602080820260816,https://www.jra.go.jp/JRADB/accessS.html?CNAME=pw01sde1004202602080820260816%2F9B,6-7
ワイド,QUARANTINED_HTML:track_condition,8480,61,2026-08-16,pw01sde1004202602080820260816,https://www.jra.go.jp/JRADB/accessS.html?CNAME=pw01sde1004202602080820260816%2F9B,8-10
ワイド,QUARANTINED_HTML:track_condition,13970,70,2026-08-16,pw01sde1004202602080820260816,https://www.jra.go.jp/JRADB/accessS.html?CNAME=pw01sde1004202602080820260816%2F9B,6-8
ワイド,QUARANTINED_HTML:track_condition,5050,46,2026-08-16,pw01sde1004202602080820260816,https://www.jra.go.jp/JRADB/accessS.html?CNAME=pw01sde1004202602080820260816%2F9B,6-10
馬連,QUARANTINED_HTML:track_condition,38160,58,2026-08-16,pw01sde1004202602080820260816,https://www.jra.go.jp/JRADB/accessS.html?CNAME=pw01sde1004202602080820260816%2F9B,8-10
馬単,QUARANTINED_HTML:track_condition,98130,123,2026-08-16,pw01sde1004202602080820260816,https://www.jra.go.jp/JRADB/accessS.html?CNAME=pw01sde1004202602080820260816%2F9B,8-10
3連複,QUARANTINED_HTML:track_condition,185200,227,2026-08-16,pw01sde1004202602080820260816,https://www.jra.go.jp/JRADB/accessS.html?CNAME=pw01sde1004202602080820260816%2F9B,6-8-10
3連単,QUARANTINED_HTML:track_condition,1411780,1355,2026-08-16,pw01sde1004202602080820260816,https://www.jra.go.jp/JRADB/accessS.html?CNAME=pw01sde1004202602080820260816%2F9B,8-10-6
単勝,QUARANTINED_HTML:track_condition,1900,7,2026-08-16,pw01sde1004202602081020260816,https://www.jra.go.jp/JRADB/accessS.html?CNAME=pw01sde1004202602081020260816%2F45,4
複勝,QUARANTINED_HTML:track_condition,400,7,2026-08-16,pw01sde1004202602081020260816,https://www.jra.go.jp/JRADB/accessS.html?CNAME=pw01sde1004202602081020260816%2F45,4
複勝,QUARANTINED_HTML:track_condition,150,1,2026-08-16,pw01sde1004202602081020260816,https://www.jra.go.jp/JRADB/accessS.html?CNAME=pw01sde1004202602081020260816%2F45,10
複勝,QUARANTINED_HTML:track_condition,160,2,2026-08-16,pw01sde1004202602081020260816,https://www.jra.go.jp/JRADB/accessS.html?CNAME=pw01sde1004202602081020260816%2F45,13
枠連,QUARANTINED_HTML:track_condition,2510,11,2026-08-16,pw01sde1004202602081020260816,https://www.jra.go.jp/JRADB/accessS.html?CNAME=pw01sde1004202602081020260816%2F45,3-6
ワイド,QUARANTINED_HTML:track_condition,940,10,2026-08-16,pw01sde1004202602081020260816,https://www.jra.go.jp/JRADB/accessS.html?CNAME=pw01sde1004202602081020260816%2F45,4-10
ワイド,QUARANTINED_HTML:track_condition,1320,15,2026-08-16,pw01sde1004202602081020260816,https://www.jra.go.jp/JRADB/accessS.html?CNAME=pw01sde1004202602081020260816%2F45,4-13
ワイド,QUARANTINED_HTML:track_condition,300,1,2026-08-16,pw01sde1004202602081020260816,https://www.jra.go.jp/JRADB/accessS.html?CNAME=pw01sde1004202602081020260816%2F45,10-13
馬連,QUARANTINED_HTML:track_condition,2280,9,2026-08-16,pw01sde1004202602081020260816,https://www.jra.go.jp/JRADB/accessS.html?CNAME=pw01sde1004202602081020260816%2F45,4-10
馬単,QUARANTINED_HTML:track_condition,7540,29,2026-08-16,pw01sde1004202602081020260816,https://www.jra.go.jp/JRADB/accessS.html?CNAME=pw01sde1004202602081020260816%2F45,4-10
3連複,QUARANTINED_HTML:track_condition,3500,9,2026-08-16,pw01sde1004202602081020260816,https://www.jra.go.jp/JRADB/accessS.html?CNAME=pw01sde1004202602081020260816%2F45,4-10-13
3連単,QUARANTINED_HTML:track_condition,37480,108,2026-08-16,pw01sde1004202602081020260816,https://www.jra.go.jp/JRADB/accessS.html?CNAME=pw01sde1004202602081020260816%2F45,4-10-13
単勝,QUARANTINED_HTML:track_condition,370,2,2026-08-16,pw01sde1004202602081220260816,https://www.jra.go.jp/JRADB/accessS.html?CNAME=pw01sde1004202602081220260816%2FAF,13
複勝,QUARANTINED_HTML:track_condition,170,2,2026-08-16,pw01sde1004202602081220260816,https://www.jra.go.jp/JRADB/accessS.html?CNAME=pw01sde1004202602081220260816%2FAF,13
複勝,QUARANTINED_HTML:track_condition,160,1,2026-08-16,pw01sde1004202602081220260816,https://www.jra.go.jp/JRADB/accessS.html?CNAME=pw01sde1004202602081220260816%2FAF,11
複勝,QUARANTINED_HTML:track_condition,710,10,2026-08-16,pw01sde1004202602081220260816,https://www.jra.go.jp/JRADB/accessS.html?CNAME=pw01sde1004202602081220260816%2FAF,15
枠連,QUARANTINED_HTML:track_condition,420,1,2026-08-16,pw01sde1004202602081220260816,https://www.jra.go.jp/JRADB/accessS.html?CNAME=pw01sde1004202602081220260816%2FAF,6-7
ワイド,QUARANTINED_HTML:track_condition,310,1,2026-08-16,pw01sde1004202602081220260816,https://www.jra.go.jp/JRADB/accessS.html?CNAME=pw01sde1004202602081220260816%2FAF,11-13
ワイド,QUARANTINED_HTML:track_condition,2420,25,2026-08-16,pw01sde1004202602081220260816,https://www.jra.go.jp/JRADB/accessS.html?CNAME=pw01sde1004202602081220260816%2FAF,13-15
ワイド,QUARANTINED_HTML:track_condition,2340,23,2026-08-16,pw01sde1004202602081220260816,https://www.jra.go.jp/JRADB/accessS.html?CNAME=pw01sde1004202602081220260816%2FAF,11-15
馬連,QUARANTINED_HTML:track_condition,670,1,2026-08-16,pw01sde1004202602081220260816,https://www.jra.go.jp/JRADB/accessS.html?CNAME=pw01sde1004202602081220260816%2FAF,11-13
馬単,QUARANTINED_HTML:track_condition,1230,1,2026-08-16,pw01sde1004202602081220260816,https://www.jra.go.jp/JRADB/accessS.html?CNAME=pw01sde1004202602081220260816%2FAF,13-11
3連複,QUARANTINED_HTML:track_condition,7920,22,2026-08-16,pw01sde1004202602081220260816,https://www.jra.go.jp/JRADB/accessS.html?CNAME=pw01sde1004202602081220260816%2FAF,11-13-15
3連単,QUARANTINED_HTML:track_condition,25290,66,2026-08-16,pw01sde1004202602081220260816,https://www.jra.go.jp/JRADB/accessS.html?CNAME=pw01sde1004202602081220260816%2FAF,13-11-15
単勝,PASS_HTML,1590,6,2026-08-16,pw01sde1004202602081120260816,https://www.jra.go.jp/JRADB/accessS.html?CNAME=pw01sde1004202602081120260816%2FFA,5
複勝,PASS_HTML,420,7,2026-08-16,pw01sde1004202602081120260816,https://www.jra.go.jp/JRADB/accessS.html?CNAME=pw01sde1004202602081120260816%2FFA,5
複勝,PASS_HTML,160,2,2026-08-16,pw01sde1004202602081120260816,https://www.jra.go.jp/JRADB/accessS.html?CNAME=pw01sde1004202602081120260816%2FFA,9
複勝,PASS_HTML,790,9,2026-08-16,pw01sde1004202602081120260816,https://www.jra.go.jp/JRADB/accessS.html?CNAME=pw01sde1004202602081120260816%2FFA,8
枠連,PASS_HTML,3660,14,2026-08-16,pw01sde1004202602081120260816,https://www.jra.go.jp/JRADB/accessS.html?CNAME=pw01sde1004202602081120260816%2FFA,5-8
ワイド,PASS_HTML,1090,16,2026-08-16,pw01sde1004202602081120260816,https://www.jra.go.jp/JRADB/accessS.html?CNAME=pw01sde1004202602081120260816%2FFA,5-9
ワイド,PASS_HTML,4310,34,2026-08-16,pw01sde1004202602081120260816,https://www.jra.go.jp/JRADB/accessS.html?CNAME=pw01sde1004202602081120260816%2FFA,5-8
ワイド,PASS_HTML,2440,27,2026-08-16,pw01sde1004202602081120260816,https://www.jra.go.jp/JRADB/accessS.html?CNAME=pw01sde1004202602081120260816%2FFA,8-9
馬連,PASS_HTML,4430,19,2026-08-16,pw01sde1004202602081120260816,https://www.jra.go.jp/JRADB/accessS.html?CNAME=pw01sde1004202602081120260816%2FFA,5-9
馬単,PASS_HTML,11890,44,2026-08-16,pw01sde1004202602081120260816,https://www.jra.go.jp/JRADB/accessS.html?CNAME=pw01sde1004202602081120260816%2FFA,5-9
3連複,PASS_HTML,24550,68,2026-08-16,pw01sde1004202602081120260816,https://www.jra.go.jp/JRADB/accessS.html?CNAME=pw01sde1004202602081120260816%2FFA,5-8-9
3連単,PASS_HTML,200320,423,2026-08-16,pw01sde1004202602081120260816,https://www.jra.go.jp/JRADB/accessS.html?CNAME=pw01sde1004202602081120260816%2FFA,5-9-8
単勝,PASS_HTML,470,2,2026-08-15,pw01sde1007202602070220260815,https://www.jra.go.jp/JRADB/accessS.html?CNAME=pw01sde1007202602070220260815%2F0B,7
複勝,PASS_HTML,150,2,2026-08-15,pw01sde1007202602070220260815,https://www.jra.go.jp/JRADB/accessS.html?CNAME=pw01sde1007202602070220260815%2F0B,7
複勝,PASS_HTML,190,4,2026-08-15,pw01sde1007202602070220260815,https://www.jra.go.jp/JRADB/accessS.html?CNAME=pw01sde1007202602070220260815%2F0B,6
複勝,PASS_HTML,130,1,2026-08-15,pw01sde1007202602070220260815,https://www.jra.go.jp/JRADB/accessS.html?CNAME=pw01sde1007202602070220260815%2F0B,9
枠連,PASS_HTML,1660,7,2026-08-15,pw01sde1007202602070220260815,https://www.jra.go.jp/JRADB/accessS.html?CNAME=pw01sde1007202602070220260815%2F0B,4-4
ワイド,PASS_HTML,600,7,2026-08-15,pw01sde1007202602070220260815,https://www.jra.go.jp/JRADB/accessS.html?CNAME=pw01sde1007202602070220260815%2F0B,6-7
ワイド,PASS_HTML,280,1,2026-08-15,pw01sde1007202602070220260815,https://www.jra.go.jp/JRADB/accessS.html?CNAME=pw01sde1007202602070220260815%2F0B,7-9
ワイド,PASS_HTML,430,2,2026-08-15,pw01sde1007202602070220260815,https://www.jra.go.jp/JRADB/accessS.html?CNAME=pw01sde1007202602070220260815%2F0B,6-9
馬連,PASS_HTML,1510,5,2026-08-15,pw01sde1007202602070220260815,https://www.jra.go.jp/JRADB/accessS.html?CNAME=pw01sde1007202602070220260815%2F0B,6-7
馬単,PASS_HTML,2900,9,2026-08-15,pw01sde1007202602070220260815,https://www.jra.go.jp/JRADB/accessS.html?CNAME=pw01sde1007202602070220260815%2F0B,7-6
3連複,PASS_HTML,1450,1,2026-08-15,pw01sde1007202602070220260815,https://www.jra.go.jp/JRADB/accessS.html?CNAME=pw01sde1007202602070220260815%2F0B,6-7-9
3連単,PASS_HTML,8740,14,2026-08-15,pw01sde1007202602070220260815,https://www.jra.go.jp/JRADB/accessS.html?CNAME=pw01sde1007202602070220260815%2F0B,7-6-9
単勝,PASS_HTML,520,4,2026-08-15,pw01sde1007202602070320260815,https://www.jra.go.jp/JRADB/accessS.html?CNAME=pw01sde1007202602070320260815%2FC0,3
複勝,PASS_HTML,190,3,2026-08-15,pw01sde1007202602070320260815,https://www.jra.go.jp/JRADB/accessS.html?CNAME=pw01sde1007202602070320260815%2FC0,3
複勝,PASS_HTML,150,1,2026-08-15,pw01sde1007202602070320260815,https://www.jra.go.jp/JRADB/accessS.html?CNAME=pw01sde1007202602070320260815%2FC0,6
ワイド,PASS_HTML,350,6,2026-08-15,pw01sde1007202602070320260815,https://www.jra.go.jp/JRADB/accessS.html?CNAME=pw01sde1007202602070320260815%2FC0,3-6
ワイド,PASS_HTML,740,14,2026-08-15,pw01sde1007202602070320260815,https://www.jra.go.jp/JRADB/accessS.html?CNAME=pw01sde1007202602070320260815%2FC0,2-3
ワイド,PASS_HTML,600,11,2026-08-15,pw01sde1007202602070320260815,https://www.jra.go.jp/JRADB/accessS.html?CNAME=pw01sde1007202602070320260815%2FC0,2-6
馬連,PASS_HTML,830,5,2026-08-15,pw01sde1007202602070320260815,https://www.jra.go.jp/JRADB/accessS.html?CNAME=pw01sde1007202602070320260815%2FC0,3-6
馬単,PASS_HTML,1800,10,2026-08-15,pw01sde1007202602070320260815,https://www.jra.go.jp/JRADB/accessS.html?CNAME=pw01sde1007202602070320260815%2FC0,3-6
3連複,PASS_HTML,1810,10,2026-08-15,pw01sde1007202602070320260815,https://www.jra.go.jp/JRADB/accessS.html?CNAME=pw01sde1007202602070320260815%2FC0,2-3-6
3連単,PASS_HTML,8780,43,2026-08-15,pw01sde1007202602070320260815,https://www.jra.go.jp/JRADB/accessS.html?CNAME=pw01sde1007202602070320260815%2FC0,3-6-2
単勝,QUARANTINED_HTML:track_condition,450,1,2026-08-15,pw01sde1007202602070520260815,https://www.jra.go.jp/JRADB/accessS.html?CNAME=pw01sde1007202602070520260815%2F2A,6
複勝,QUARANTINED_HTML:track_condition,160,1,2026-08-15,pw01sde1007202602070520260815,https://www.jra.go.jp/JRADB/accessS.html?CNAME=pw01sde1007202602070520260815%2F2A,6
複勝,QUARANTINED_HTML:track_condition,170,2,2026-08-15,pw01sde1007202602070520260815,https://www.jra.go.jp/JRADB/accessS.html?CNAME=pw01sde1007202602070520260815%2F2A,7
複勝,QUARANTINED_HTML:track_condition,240,7,2026-08-15,pw01sde1007202602070520260815,https://www.jra.go.jp/JRADB/accessS.html?CNAME=pw01sde1007202602070520260815%2F2A,3
枠連,QUARANTINED_HTML:track_condition,790,1,2026-08-15,pw01sde1007202602070520260815,https://www.jra.go.jp/JRADB/accessS.html?CNAME=pw01sde1007202602070520260815%2F2A,3-4
ワイド,QUARANTINED_HTML:track_condition,340,1,2026-08-15,pw01sde1007202602070520260815,https://www.jra.go.jp/JRADB/accessS.html?CNAME=pw01sde1007202602070520260815%2F2A,6-7
ワイド,QUARANTINED_HTML:track_condition,560,2,2026-08-15,pw01sde1007202602070520260815,https://www.jra.go.jp/JRADB/accessS.html?CNAME=pw01sde1007202602070520260815%2F2A,3-6
ワイド,QUARANTINED_HTML:track_condition,700,8,2026-08-15,pw01sde1007202602070520260815,https://www.jra.go.jp/JRADB/accessS.html?CNAME=pw01sde1007202602070520260815%2F2A,3-7
馬連,QUARANTINED_HTML:track_condition,820,1,2026-08-15,pw01sde1007202602070520260815,https://www.jra.go.jp/JRADB/accessS.html?CNAME=pw01sde1007202602070520260815%2F2A,6-7
馬単,QUARANTINED_HTML:track_condition,1680,2,2026-08-15,pw01sde1007202602070520260815,https://www.jra.go.jp/JRADB/accessS.html?CNAME=pw01sde1007202602070520260815%2F2A,6-7
3連複,QUARANTINED_HTML:track_condition,2050,2,2026-08-15,pw01sde1007202602070520260815,https://www.jra.go.jp/JRADB/accessS.html?CNAME=pw01sde1007202602070520260815%2F2A,3-6-7
3連単,QUARANTINED_HTML:track_condition,7440,1,2026-08-15,pw01sde1007202602070520260815,https://www.jra.go.jp/JRADB/accessS.html?CNAME=pw01sde1007202602070520260815%2F2A,6-7-3
単勝,PASS_HTML,140,1,2026-08-15,pw01sde1007202602070420260815,https://www.jra.go.jp/JRADB/accessS.html?CNAME=pw01sde1007202602070420260815%2F75,14
複勝,PASS_HTML,110,1,2026-08-15,pw01sde1007202602070420260815,https://www.jra.go.jp/JRADB/accessS.html?CNAME=pw01sde1007202602070420260815%2F75,14
複勝,PASS_HTML,160,2,2026-08-15,pw01sde1007202602070420260815,https://www.jra.go.jp/JRADB/accessS.html?CNAME=pw01sde1007202602070420260815%2F75,4
複勝,PASS_HTML,190,4,2026-08-15,pw01sde1007202602070420260815,https://www.jra.go.jp/JRADB/accessS.html?CNAME=pw01sde1007202602070420260815%2F75,12
枠連,PASS_HTML,430,1,2026-08-15,pw01sde1007202602070420260815,https://www.jra.go.jp/JRADB/accessS.html?CNAME=pw01sde1007202602070420260815%2F75,3-8
ワイド,PASS_HTML,200,1,2026-08-15,pw01sde1007202602070420260815,https://www.jra.go.jp/JRADB/accessS.html?CNAME=pw01sde1007202602070420260815%2F75,4-14
ワイド,PASS_HTML,240,2,2026-08-15,pw01sde1007202602070420260815,https://www.jra.go.jp/JRADB/accessS.html?CNAME=pw01sde1007202602070420260815%2F75,12-14
ワイド,PASS_HTML,940,11,2026-08-15,pw01sde1007202602070420260815,https://www.jra.go.jp/JRADB/accessS.html?CNAME=pw01sde1007202602070420260815%2F75,4-12
馬連,PASS_HTML,440,1,2026-08-15,pw01sde1007202602070420260815,https://www.jra.go.jp/JRADB/accessS.html?CNAME=pw01sde1007202602070420260815%2F75,4-14
馬単,PASS_HTML,590,1,2026-08-15,pw01sde1007202602070420260815,https://www.jra.go.jp/JRADB/accessS.html?CNAME=pw01sde1007202602070420260815%2F75,14-4
3連複,PASS_HTML,1190,2,2026-08-15,pw01sde1007202602070420260815,https://www.jra.go.jp/JRADB/accessS.html?CNAME=pw01sde1007202602070420260815%2F75,4-12-14
3連単,PASS_HTML,2910,1,2026-08-15,pw01sde1007202602070420260815,https://www.jra.go.jp/JRADB/accessS.html?CNAME=pw01sde1007202602070420260815%2F75,14-4-12
単勝,PASS_HTML,340,2,2026-08-15,pw01sde1007202602070620260815,https://www.jra.go.jp/JRADB/accessS.html?CNAME=pw01sde1007202602070620260815%2FDF,10
複勝,PASS_HTML,150,1,2026-08-15,pw01sde1007202602070620260815,https://www.jra.go.jp/JRADB/accessS.html?CNAME=pw01sde1007202602070620260815%2FDF,10
複勝,PASS_HTML,160,2,2026-08-15,pw01sde1007202602070620260815,https://www.jra.go.jp/JRADB/accessS.html?CNAME=pw01sde1007202602070620260815%2FDF,7
複勝,PASS_HTML,1050,10,2026-08-15,pw01sde1007202602070620260815,https://www.jra.go.jp/JRADB/accessS.html?CNAME=pw01sde1007202602070620260815%2FDF,8
枠連,PASS_HTML,450,1,2026-08-15,pw01sde1007202602070620260815,https://www.jra.go.jp/JRADB/accessS.html?CNAME=pw01sde1007202602070620260815%2FDF,6-8
ワイド,PASS_HTML,290,1,2026-08-15,pw01sde1007202602070620260815,https://www.jra.go.jp/JRADB/accessS.html?CNAME=pw01sde1007202602070620260815%2FDF,7-10
ワイド,PASS_HTML,2890,30,2026-08-15,pw01sde1007202602070620260815,https://www.jra.go.jp/JRADB/accessS.html?CNAME=pw01sde1007202602070620260815%2FDF,8-10
ワイド,PASS_HTML,3020,31,2026-08-15,pw01sde1007202602070620260815,https://www.jra.go.jp/JRADB/accessS.html?CNAME=pw01sde1007202602070620260815%2FDF,7-8
馬連,PASS_HTML,640,1,2026-08-15,pw01sde1007202602070620260815,https://www.jra.go.jp/JRADB/accessS.html?CNAME=pw01sde1007202602070620260815%2FDF,7-10
馬単,PASS_HTML,1290,1,2026-08-15,pw01sde1007202602070620260815,https://www.jra.go.jp/JRADB/accessS.html?CNAME=pw01sde1007202602070620260815%2FDF,10-7
3連複,PASS_HTML,10670,42,2026-08-15,pw01sde1007202602070620260815,https://www.jra.go.jp/JRADB/accessS.html?CNAME=pw01sde1007202602070620260815%2FDF,7-8-10
3連単,PASS_HTML,42020,150,2026-08-15,pw01sde1007202602070620260815,https://www.jra.go.jp/JRADB/accessS.html?CNAME=pw01sde1007202602070620260815%2FDF,10-7-8
単勝,PASS_HTML,340,2,2026-08-15,pw01sde1007202602070720260815,https://www.jra.go.jp/JRADB/accessS.html?CNAME=pw01sde1007202602070720260815%2F94,5
複勝,PASS_HTML,140,2,2026-08-15,pw01sde1007202602070720260815,https://www.jra.go.jp/JRADB/accessS.html?CNAME=pw01sde1007202602070720260815%2F94,5
複勝,PASS_HTML,380,7,2026-08-15,pw01sde1007202602070720260815,https://www.jra.go.jp/JRADB/accessS.html?CNAME=pw01sde1007202602070720260815%2F94,3
複勝,PASS_HTML,340,6,2026-08-15,pw01sde1007202602070720260815,https://www.jra.go.jp/JRADB/accessS.html?CNAME=pw01sde1007202602070720260815%2F94,1
ワイド,PASS_HTML,830,11,2026-08-15,pw01sde1007202602070720260815,https://www.jra.go.jp/JRADB/accessS.html?CNAME=pw01sde1007202602070720260815%2F94,3-5
ワイド,PASS_HTML,830,12,2026-08-15,pw01sde1007202602070720260815,https://www.jra.go.jp/JRADB/accessS.html?CNAME=pw01sde1007202602070720260815%2F94,1-5
ワイド,PASS_HTML,2180,22,2026-08-15,pw01sde1007202602070720260815,https://www.jra.go.jp/JRADB/accessS.html?CNAME=pw01sde1007202602070720260815%2F94,1-3
馬連,PASS_HTML,3080,13,2026-08-15,pw01sde1007202602070720260815,https://www.jra.go.jp/JRADB/accessS.html?CNAME=pw01sde1007202602070720260815%2F94,3-5
馬単,PASS_HTML,4820,21,2026-08-15,pw01sde1007202602070720260815,https://www.jra.go.jp/JRADB/accessS.html?CNAME=pw01sde1007202602070720260815%2F94,5-3
3連複,PASS_HTML,8720,30,2026-08-15,pw01sde1007202602070720260815,https://www.jra.go.jp/JRADB/accessS.html?CNAME=pw01sde1007202602070720260815%2F94,1-3-5
3連単,PASS_HTML,46020,146,2026-08-15,pw01sde1007202602070720260815,https://www.jra.go.jp/JRADB/accessS.html?CNAME=pw01sde1007202602070720260815%2F94,5-3-1
単勝,PASS_HTML,260,2,2026-08-15,pw01sde1007202602070820260815,https://www.jra.go.jp/JRADB/accessS.html?CNAME=pw01sde1007202602070820260815%2F49,8
複勝,PASS_HTML,110,1,2026-08-15,pw01sde1007202602070820260815,https://www.jra.go.jp/JRADB/accessS.html?CNAME=pw01sde1007202602070820260815%2F49,8
複勝,PASS_HTML,110,2,2026-08-15,pw01sde1007202602070820260815,https://www.jra.go.jp/JRADB/accessS.html?CNAME=pw01sde1007202602070820260815%2F49,1
複勝,PASS_HTML,190,5,2026-08-15,pw01sde1007202602070820260815,https://www.jra.go.jp/JRADB/accessS.html?CNAME=pw01sde1007202602070820260815%2F49,6
枠連,PASS_HTML,250,1,2026-08-15,pw01sde1007202602070820260815,https://www.jra.go.jp/JRADB/accessS.html?CNAME=pw01sde1007202602070820260815%2F49,1-7
ワイド,PASS_HTML,170,1,2026-08-15,pw01sde1007202602070820260815,https://www.jra.go.jp/JRADB/accessS.html?CNAME=pw01sde1007202602070820260815%2F49,1-8
ワイド,PASS_HTML,330,2,2026-08-15,pw01sde1007202602070820260815,https://www.jra.go.jp/JRADB/accessS.html?CNAME=pw01sde1007202602070820260815%2F49,6-8
ワイド,PASS_HTML,420,7,2026-08-15,pw01sde1007202602070820260815,https://www.jra.go.jp/JRADB/accessS.html?CNAME=pw01sde1007202602070820260815%2F49,1-6
馬連,PASS_HTML,260,1,2026-08-15,pw01sde1007202602070820260815,https://www.jra.go.jp/JRADB/accessS.html?CNAME=pw01sde1007202602070820260815%2F49,1-8
馬単,PASS_HTML,560,2,2026-08-15,pw01sde1007202602070820260815,https://www.jra.go.jp/JRADB/accessS.html?CNAME=pw01sde1007202602070820260815%2F49,8-1
3連複,PASS_HTML,700,2,2026-08-15,pw01sde1007202602070820260815,https://www.jra.go.jp/JRADB/accessS.html?CNAME=pw01sde1007202602070820260815%2F49,1-6-8
3連単,PASS_HTML,2390,5,2026-08-15,pw01sde1007202602070820260815,https://www.jra.go.jp/JRADB/accessS.html?CNAME=pw01sde1007202602070820260815%2F49,8-1-6
単勝,QUARANTINED_HTML:track_condition,4570,11,2026-08-15,pw01sde1007202602071020260815,https://www.jra.go.jp/JRADB/accessS.html?CNAME=pw01sde1007202602071020260815%2FF3,9
複勝,QUARANTINED_HTML:track_condition,1290,11,2026-08-15,pw01sde1007202602071020260815,https://www.jra.go.jp/JRADB/accessS.html?CNAME=pw01sde1007202602071020260815%2FF3,9
複勝,QUARANTINED_HTML:track_condition,820,9,2026-08-15,pw01sde1007202602071020260815,https://www.jra.go.jp/JRADB/accessS.html?CNAME=pw01sde1007202602071020260815%2FF3,2
複勝,QUARANTINED_HTML:track_condition,280,5,2026-08-15,pw01sde1007202602071020260815,https://www.jra.go.jp/JRADB/accessS.html?CNAME=pw01sde1007202602071020260815%2FF3,14
枠連,QUARANTINED_HTML:track_condition,5900,18,2026-08-15,pw01sde1007202602071020260815,https://www.jra.go.jp/JRADB/accessS.html?CNAME=pw01sde1007202602071020260815%2FF3,1-5
ワイド,QUARANTINED_HTML:track_condition,16000,91,2026-08-15,pw01sde1007202602071020260815,https://www.jra.go.jp/JRADB/accessS.html?CNAME=pw01sde1007202602071020260815%2FF3,2-9
ワイド,QUARANTINED_HTML:track_condition,6810,53,2026-08-15,pw01sde1007202602071020260815,https://www.jra.go.jp/JRADB/accessS.html?CNAME=pw01sde1007202602071020260815%2FF3,9-14
ワイド,QUARANTINED_HTML:track_condition,2610,24,2026-08-15,pw01sde1007202602071020260815,https://www.jra.go.jp/JRADB/accessS.html?CNAME=pw01sde1007202602071020260815%2FF3,2-14
馬連,QUARANTINED_HTML:track_condition,80350,90,2026-08-15,pw01sde1007202602071020260815,https://www.jra.go.jp/JRADB/accessS.html?CNAME=pw01sde1007202602071020260815%2FF3,2-9
馬単,QUARANTINED_HTML:track_condition,167620,181,2026-08-15,pw01sde1007202602071020260815,https://www.jra.go.jp/JRADB/accessS.html?CNAME=pw01sde1007202602071020260815%2FF3,9-2
3連複,QUARANTINED_HTML:track_condition,195960,283,2026-08-15,pw01sde1007202602071020260815,https://www.jra.go.jp/JRADB/accessS.html?CNAME=pw01sde1007202602071020260815%2FF3,2-9-14
3連単,QUARANTINED_HTML:track_condition,1890590,2030,2026-08-15,pw01sde1007202602071020260815,https://www.jra.go.jp/JRADB/accessS.html?CNAME=pw01sde1007202602071020260815%2FF3,9-2-14
単勝,QUARANTINED_HTML:track_condition,830,4,2026-08-15,pw01sde1007202602070920260815,https://www.jra.go.jp/JRADB/accessS.html?CNAME=pw01sde1007202602070920260815%2FFE,15
複勝,QUARANTINED_HTML:track_condition,280,4,2026-08-15,pw01sde1007202602070920260815,https://www.jra.go.jp/JRADB/accessS.html?CNAME=pw01sde1007202602070920260815%2FFE,15
複勝,QUARANTINED_HTML:track_condition,580,8,2026-08-15,pw01sde1007202602070920260815,https://www.jra.go.jp/JRADB/accessS.html?CNAME=pw01sde1007202602070920260815%2FFE,16
複勝,QUARANTINED_HTML:track_condition,2600,15,2026-08-15,pw01sde1007202602070920260815,https://www.jra.go.jp/JRADB/accessS.html?CNAME=pw01sde1007202602070920260815%2FFE,12
枠連,QUARANTINED_HTML:track_condition,7990,26,2026-08-15,pw01sde1007202602070920260815,https://www.jra.go.jp/JRADB/accessS.html?CNAME=pw01sde1007202602070920260815%2FFE,8-8
ワイド,QUARANTINED_HTML:track_condition,1840,20,2026-08-15,pw01sde1007202602070920260815,https://www.jra.go.jp/JRADB/accessS.html?CNAME=pw01sde1007202602070920260815%2FFE,15-16
ワイド,QUARANTINED_HTML:track_condition,11500,75,2026-08-15,pw01sde1007202602070920260815,https://www.jra.go.jp/JRADB/accessS.html?CNAME=pw01sde1007202602070920260815%2FFE,12-15
ワイド,QUARANTINED_HTML:track_condition,20540,92,2026-08-15,pw01sde1007202602070920260815,https://www.jra.go.jp/JRADB/accessS.html?CNAME=pw01sde1007202602070920260815%2FFE,12-16
馬連,QUARANTINED_HTML:track_condition,6720,22,2026-08-15,pw01sde1007202602070920260815,https://www.jra.go.jp/JRADB/accessS.html?CNAME=pw01sde1007202602070920260815%2FFE,15-16
馬単,QUARANTINED_HTML:track_condition,10540,33,2026-08-15,pw01sde1007202602070920260815,https://www.jra.go.jp/JRADB/accessS.html?CNAME=pw01sde1007202602070920260815%2FFE,15-16
3連複,QUARANTINED_HTML:track_condition,171550,266,2026-08-15,pw01sde1007202602070920260815,https://www.jra.go.jp/JRADB/accessS.html?CNAME=pw01sde1007202602070920260815%2FFE,12-15-16
3連単,QUARANTINED_HTML:track_condition,619590,1132,2026-08-15,pw01sde1007202602070920260815,https://www.jra.go.jp/JRADB/accessS.html?CNAME=pw01sde1007202602070920260815%2FFE,15-16-12
単勝,PASS_HTML,460,2,2026-08-15,pw01sde1007202602071120260815,https://www.jra.go.jp/JRADB/accessS.html?CNAME=pw01sde1007202602071120260815%2FA8,4
複勝,PASS_HTML,220,3,2026-08-15,pw01sde1007202602071120260815,https://www.jra.go.jp/JRADB/accessS.html?CNAME=pw01sde1007202602071120260815%2FA8,4
複勝,PASS_HTML,580,10,2026-08-15,pw01sde1007202602071120260815,https://www.jra.go.jp/JRADB/accessS.html?CNAME=pw01sde1007202602071120260815%2FA8,3
複勝,PASS_HTML,240,4,2026-08-15,pw01sde1007202602071120260815,https://www.jra.go.jp/JRADB/accessS.html?CNAME=pw01sde1007202602071120260815%2FA8,11
枠連,PASS_HTML,1570,8,2026-08-15,pw01sde1007202602071120260815,https://www.jra.go.jp/JRADB/accessS.html?CNAME=pw01sde1007202602071120260815%2FA8,2-3
ワイド,PASS_HTML,2020,23,2026-08-15,pw01sde1007202602071120260815,https://www.jra.go.jp/JRADB/accessS.html?CNAME=pw01sde1007202602071120260815%2FA8,3-4
ワイド,PASS_HTML,890,7,2026-08-15,pw01sde1007202602071120260815,https://www.jra.go.jp/JRADB/accessS.html?CNAME=pw01sde1007202602071120260815%2FA8,4-11
ワイド,PASS_HTML,2570,29,2026-08-15,pw01sde1007202602071120260815,https://www.jra.go.jp/JRADB/accessS.html?CNAME=pw01sde1007202602071120260815%2FA8,3-11
馬連,PASS_HTML,6080,21,2026-08-15,pw01sde1007202602071120260815,https://www.jra.go.jp/JRADB/accessS.html?CNAME=pw01sde1007202602071120260815%2FA8,3-4
馬単,PASS_HTML,10210,37,2026-08-15,pw01sde1007202602071120260815,https://www.jra.go.jp/JRADB/accessS.html?CNAME=pw01sde1007202602071120260815%2FA8,4-3
3連複,PASS_HTML,20080,68,2026-08-15,pw01sde1007202602071120260815,https://www.jra.go.jp/JRADB/accessS.html?CNAME=pw01sde1007202602071120260815%2FA8,3-4-11
3連単,PASS_HTML,89830,295,2026-08-15,pw01sde1007202602071120260815,https://www.jra.go.jp/JRADB/accessS.html?CNAME=pw01sde1007202602071120260815%2FA8,4-3-11
単勝,PASS_HTML,920,5,2026-08-16,pw01sde1007202602080120260816,https://www.jra.go.jp/JRADB/accessS.html?CNAME=pw01sde1007202602080120260816%2F86,6
複勝,PASS_HTML,190,5,2026-08-16,pw01sde1007202602080120260816,https://www.jra.go.jp/JRADB/accessS.html?CNAME=pw01sde1007202602080120260816%2F86,6
複勝,PASS_HTML,170,3,2026-08-16,pw01sde1007202602080120260816,https://www.jra.go.jp/JRADB/accessS.html?CNAME=pw01sde1007202602080120260816%2F86,5
複勝,PASS_HTML,140,2,2026-08-16,pw01sde1007202602080120260816,https://www.jra.go.jp/JRADB/accessS.html?CNAME=pw01sde1007202602080120260816%2F86,8
枠連,PASS_HTML,1170,6,2026-08-16,pw01sde1007202602080120260816,https://www.jra.go.jp/JRADB/accessS.html?CNAME=pw01sde1007202602080120260816%2F86,5-6
ワイド,PASS_HTML,390,5,2026-08-16,pw01sde1007202602080120260816,https://www.jra.go.jp/JRADB/accessS.html?CNAME=pw01sde1007202602080120260816%2F86,5-6
ワイド,PASS_HTML,450,6,2026-08-16,pw01sde1007202602080120260816,https://www.jra.go.jp/JRADB/accessS.html?CNAME=pw01sde1007202602080120260816%2F86,6-8
ワイド,PASS_HTML,360,4,2026-08-16,pw01sde1007202602080120260816,https://www.jra.go.jp/JRADB/accessS.html?CNAME=pw01sde1007202602080120260816%2F86,5-8
馬連,PASS_HTML,1270,5,2026-08-16,pw01sde1007202602080120260816,https://www.jra.go.jp/JRADB/accessS.html?CNAME=pw01sde1007202602080120260816%2F86,5-6
馬単,PASS_HTML,2930,13,2026-08-16,pw01sde1007202602080120260816,https://www.jra.go.jp/JRADB/accessS.html?CNAME=pw01sde1007202602080120260816%2F86,6-5
3連複,PASS_HTML,1360,2,2026-08-16,pw01sde1007202602080120260816,https://www.jra.go.jp/JRADB/accessS.html?CNAME=pw01sde1007202602080120260816%2F86,5-6-8
3連単,PASS_HTML,11440,44,2026-08-16,pw01sde1007202602080120260816,https://www.jra.go.jp/JRADB/accessS.html?CNAME=pw01sde1007202602080120260816%2F86,6-5-8
単勝,QUARANTINED_HTML:track_condition,310,2,2026-08-15,pw01sde1007202602071220260815,https://www.jra.go.jp/JRADB/accessS.html?CNAME=pw01sde1007202602071220260815%2F5D,15
複勝,QUARANTINED_HTML:track_condition,140,2,2026-08-15,pw01sde1007202602071220260815,https://www.jra.go.jp/JRADB/accessS.html?CNAME=pw01sde1007202602071220260815%2F5D,15
複勝,QUARANTINED_HTML:track_condition,130,1,2026-08-15,pw01sde1007202602071220260815,https://www.jra.go.jp/JRADB/accessS.html?CNAME=pw01sde1007202602071220260815%2F5D,5
複勝,QUARANTINED_HTML:track_condition,180,4,2026-08-15,pw01sde1007202602071220260815,https://www.jra.go.jp/JRADB/accessS.html?CNAME=pw01sde1007202602071220260815%2F5D,7
枠連,QUARANTINED_HTML:track_condition,340,1,2026-08-15,pw01sde1007202602071220260815,https://www.jra.go.jp/JRADB/accessS.html?CNAME=pw01sde1007202602071220260815%2F5D,3-8
ワイド,QUARANTINED_HTML:track_condition,210,1,2026-08-15,pw01sde1007202602071220260815,https://www.jra.go.jp/JRADB/accessS.html?CNAME=pw01sde1007202602071220260815%2F5D,5-15
ワイド,QUARANTINED_HTML:track_condition,440,4,2026-08-15,pw01sde1007202602071220260815,https://www.jra.go.jp/JRADB/accessS.html?CNAME=pw01sde1007202602071220260815%2F5D,7-15
ワイド,QUARANTINED_HTML:track_condition,250,2,2026-08-15,pw01sde1007202602071220260815,https://www.jra.go.jp/JRADB/accessS.html?CNAME=pw01sde1007202602071220260815%2F5D,5-7
馬連,QUARANTINED_HTML:track_condition,450,1,2026-08-15,pw01sde1007202602071220260815,https://www.jra.go.jp/JRADB/accessS.html?CNAME=pw01sde1007202602071220260815%2F5D,5-15
馬単,QUARANTINED_HTML:track_condition,830,1,2026-08-15,pw01sde1007202602071220260815,https://www.jra.go.jp/JRADB/accessS.html?CNAME=pw01sde1007202602071220260815%2F5D,15-5
3連複,QUARANTINED_HTML:track_condition,890,1,2026-08-15,pw01sde1007202602071220260815,https://www.jra.go.jp/JRADB/accessS.html?CNAME=pw01sde1007202602071220260815%2F5D,5-7-15
3連単,QUARANTINED_HTML:track_condition,3100,1,2026-08-15,pw01sde1007202602071220260815,https://www.jra.go.jp/JRADB/accessS.html?CNAME=pw01sde1007202602071220260815%2F5D,15-5-7
単勝,PASS_HTML,150,1,2026-08-16,pw01sde1007202602080320260816,https://www.jra.go.jp/JRADB/accessS.html?CNAME=pw01sde1007202602080320260816%2FF0,8
複勝,PASS_HTML,110,1,2026-08-16,pw01sde1007202602080320260816,https://www.jra.go.jp/JRADB/accessS.html?CNAME=pw01sde1007202602080320260816%2FF0,8
複勝,PASS_HTML,290,6,2026-08-16,pw01sde1007202602080320260816,https://www.jra.go.jp/JRADB/accessS.html?CNAME=pw01sde1007202602080320260816%2FF0,5
複勝,PASS_HTML,230,5,2026-08-16,pw01sde1007202602080320260816,https://www.jra.go.jp/JRADB/accessS.html?CNAME=pw01sde1007202602080320260816%2FF0,7
ワイド,PASS_HTML,750,10,2026-08-16,pw01sde1007202602080320260816,https://www.jra.go.jp/JRADB/accessS.html?CNAME=pw01sde1007202602080320260816%2FF0,5-8
ワイド,PASS_HTML,360,3,2026-08-16,pw01sde1007202602080320260816,https://www.jra.go.jp/JRADB/accessS.html?CNAME=pw01sde1007202602080320260816%2FF0,7-8
ワイド,PASS_HTML,1670,17,2026-08-16,pw01sde1007202602080320260816,https://www.jra.go.jp/JRADB/accessS.html?CNAME=pw01sde1007202602080320260816%2FF0,5-7
馬連,PASS_HTML,2700,10,2026-08-16,pw01sde1007202602080320260816,https://www.jra.go.jp/JRADB/accessS.html?CNAME=pw01sde1007202602080320260816%2FF0,5-8
馬単,PASS_HTML,3020,12,2026-08-16,pw01sde1007202602080320260816,https://www.jra.go.jp/JRADB/accessS.html?CNAME=pw01sde1007202602080320260816%2FF0,8-5
3連複,PASS_HTML,4420,13,2026-08-16,pw01sde1007202602080320260816,https://www.jra.go.jp/JRADB/accessS.html?CNAME=pw01sde1007202602080320260816%2FF0,5-7-8
3連単,PASS_HTML,13670,50,2026-08-16,pw01sde1007202602080320260816,https://www.jra.go.jp/JRADB/accessS.html?CNAME=pw01sde1007202602080320260816%2FF0,8-5-7
単勝,PASS_HTML,740,3,2026-08-16,pw01sde1007202602080420260816,https://www.jra.go.jp/JRADB/accessS.html?CNAME=pw01sde1007202602080420260816%2FA5,4
複勝,PASS_HTML,250,4,2026-08-16,pw01sde1007202602080420260816,https://www.jra.go.jp/JRADB/accessS.html?CNAME=pw01sde1007202602080420260816%2FA5,4
複勝,PASS_HTML,240,3,2026-08-16,pw01sde1007202602080420260816,https://www.jra.go.jp/JRADB/accessS.html?CNAME=pw01sde1007202602080420260816%2FA5,7
複勝,PASS_HTML,430,6,2026-08-16,pw01sde1007202602080420260816,https://www.jra.go.jp/JRADB/accessS.html?CNAME=pw01sde1007202602080420260816%2FA5,3
枠連,PASS_HTML,1540,6,2026-08-16,pw01sde1007202602080420260816,https://www.jra.go.jp/JRADB/accessS.html?CNAME=pw01sde1007202602080420260816%2FA5,2-4
ワイド,PASS_HTML,1020,10,2026-08-16,pw01sde1007202602080420260816,https://www.jra.go.jp/JRADB/accessS.html?CNAME=pw01sde1007202602080420260816%2FA5,4-7
ワイド,PASS_HTML,1240,14,2026-08-16,pw01sde1007202602080420260816,https://www.jra.go.jp/JRADB/accessS.html?CNAME=pw01sde1007202602080420260816%2FA5,3-4
ワイド,PASS_HTML,1890,19,2026-08-16,pw01sde1007202602080420260816,https://www.jra.go.jp/JRADB/accessS.html?CNAME=pw01sde1007202602080420260816%2FA5,3-7
馬連,PASS_HTML,3410,14,2026-08-16,pw01sde1007202602080420260816,https://www.jra.go.jp/JRADB/accessS.html?CNAME=pw01sde1007202602080420260816%2FA5,4-7
馬単,PASS_HTML,5910,22,2026-08-16,pw01sde1007202602080420260816,https://www.jra.go.jp/JRADB/accessS.html?CNAME=pw01sde1007202602080420260816%2FA5,4-7
3連複,PASS_HTML,11610,35,2026-08-16,pw01sde1007202602080420260816,https://www.jra.go.jp/JRADB/accessS.html?CNAME=pw01sde1007202602080420260816%2FA5,3-4-7
3連単,PASS_HTML,62290,182,2026-08-16,pw01sde1007202602080420260816,https://www.jra.go.jp/JRADB/accessS.html?CNAME=pw01sde1007202602080420260816%2FA5,4-7-3
単勝,QUARANTINED_HTML:track_condition,1650,5,2026-08-16,pw01sde1007202602080220260816,https://www.jra.go.jp/JRADB/accessS.html?CNAME=pw01sde1007202602080220260816%2F3B,12
複勝,QUARANTINED_HTML:track_condition,340,5,2026-08-16,pw01sde1007202602080220260816,https://www.jra.go.jp/JRADB/accessS.html?CNAME=pw01sde1007202602080220260816%2F3B,12
複勝,QUARANTINED_HTML:track_condition,190,2,2026-08-16,pw01sde1007202602080220260816,https://www.jra.go.jp/JRADB/accessS.html?CNAME=pw01sde1007202602080220260816%2F3B,4
複勝,QUARANTINED_HTML:track_condition,630,8,2026-08-16,pw01sde1007202602080220260816,https://www.jra.go.jp/JRADB/accessS.html?CNAME=pw01sde1007202602080220260816%2F3B,10
枠連,QUARANTINED_HTML:track_condition,1350,6,2026-08-16,pw01sde1007202602080220260816,https://www.jra.go.jp/JRADB/accessS.html?CNAME=pw01sde1007202602080220260816%2F3B,4-8
ワイド,QUARANTINED_HTML:track_condition,940,9,2026-08-16,pw01sde1007202602080220260816,https://www.jra.go.jp/JRADB/accessS.html?CNAME=pw01sde1007202602080220260816%2F3B,4-12
ワイド,QUARANTINED_HTML:track_condition,3090,30,2026-08-16,pw01sde1007202602080220260816,https://www.jra.go.jp/JRADB/accessS.html?CNAME=pw01sde1007202602080220260816%2F3B,10-12
ワイド,QUARANTINED_HTML:track_condition,1640,20,2026-08-16,pw01sde1007202602080220260816,https://www.jra.go.jp/JRADB/accessS.html?CNAME=pw01sde1007202602080220260816%2F3B,4-10
馬連,QUARANTINED_HTML:track_condition,3080,13,2026-08-16,pw01sde1007202602080220260816,https://www.jra.go.jp/JRADB/accessS.html?CNAME=pw01sde1007202602080220260816%2F3B,4-12
馬単,QUARANTINED_HTML:track_condition,6860,23,2026-08-16,pw01sde1007202602080220260816,https://www.jra.go.jp/JRADB/accessS.html?CNAME=pw01sde1007202602080220260816%2F3B,12-4
3連複,QUARANTINED_HTML:track_condition,18950,51,2026-08-16,pw01sde1007202602080220260816,https://www.jra.go.jp/JRADB/accessS.html?CNAME=pw01sde1007202602080220260816%2F3B,4-10-12
3連単,QUARANTINED_HTML:track_condition,123380,292,2026-08-16,pw01sde1007202602080220260816,https://www.jra.go.jp/JRADB/accessS.html?CNAME=pw01sde1007202602080220260816%2F3B,12-4-10
単勝,QUARANTINED_HTML:track_condition,5830,10,2026-08-16,pw01sde1007202602080520260816,https://www.jra.go.jp/JRADB/accessS.html?CNAME=pw01sde1007202602080520260816%2F5A,8
複勝,QUARANTINED_HTML:track_condition,1120,10,2026-08-16,pw01sde1007202602080520260816,https://www.jra.go.jp/JRADB/accessS.html?CNAME=pw01sde1007202602080520260816%2F5A,8
複勝,QUARANTINED_HTML:track_condition,200,3,2026-08-16,pw01sde1007202602080520260816,https://www.jra.go.jp/JRADB/accessS.html?CNAME=pw01sde1007202602080520260816%2F5A,2
複勝,QUARANTINED_HTML:track_condition,160,2,2026-08-16,pw01sde1007202602080520260816,https://www.jra.go.jp/JRADB/accessS.html?CNAME=pw01sde1007202602080520260816%2F5A,11
枠連,QUARANTINED_HTML:track_condition,3680,18,2026-08-16,pw01sde1007202602080520260816,https://www.jra.go.jp/JRADB/accessS.html?CNAME=pw01sde1007202602080520260816%2F5A,1-4
ワイド,QUARANTINED_HTML:track_condition,4170,35,2026-08-16,pw01sde1007202602080520260816,https://www.jra.go.jp/JRADB/accessS.html?CNAME=pw01sde1007202602080520260816%2F5A,2-8
ワイド,QUARANTINED_HTML:track_condition,3590,31,2026-08-16,pw01sde1007202602080520260816,https://www.jra.go.jp/JRADB/accessS.html?CNAME=pw01sde1007202602080520260816%2F5A,8-11
ワイド,QUARANTINED_HTML:track_condition,380,3,2026-08-16,pw01sde1007202602080520260816,https://www.jra.go.jp/JRADB/accessS.html?CNAME=pw01sde1007202602080520260816%2F5A,2-11
馬連,QUARANTINED_HTML:track_condition,17850,38,2026-08-16,pw01sde1007202602080520260816,https://www.jra.go.jp/JRADB/accessS.html?CNAME=pw01sde1007202602080520260816%2F5A,2-8
馬単,QUARANTINED_HTML:track_condition,38870,76,2026-08-16,pw01sde1007202602080520260816,https://www.jra.go.jp/JRADB/accessS.html?CNAME=pw01sde1007202602080520260816%2F5A,8-2
3連複,QUARANTINED_HTML:track_condition,20370,54,2026-08-16,pw01sde1007202602080520260816,https://www.jra.go.jp/JRADB/accessS.html?CNAME=pw01sde1007202602080520260816%2F5A,2-8-11
3連単,QUARANTINED_HTML:track_condition,203870,456,2026-08-16,pw01sde1007202602080520260816,https://www.jra.go.jp/JRADB/accessS.html?CNAME=pw01sde1007202602080520260816%2F5A,8-2-11
単勝,PASS_HTML,580,2,2026-08-16,pw01sde1007202602080720260816,https://www.jra.go.jp/JRADB/accessS.html?CNAME=pw01sde1007202602080720260816%2FC4,3
複勝,PASS_HTML,170,2,2026-08-16,pw01sde1007202602080720260816,https://www.jra.go.jp/JRADB/accessS.html?CNAME=pw01sde1007202602080720260816%2FC4,3
複勝,PASS_HTML,230,4,2026-08-16,pw01sde1007202602080720260816,https://www.jra.go.jp/JRADB/accessS.html?CNAME=pw01sde1007202602080720260816%2FC4,5
複勝,PASS_HTML,150,1,2026-08-16,pw01sde1007202602080720260816,https://www.jra.go.jp/JRADB/accessS.html?CNAME=pw01sde1007202602080720260816%2FC4,12
枠連,PASS_HTML,1130,6,2026-08-16,pw01sde1007202602080720260816,https://www.jra.go.jp/JRADB/accessS.html?CNAME=pw01sde1007202602080720260816%2FC4,2-3
ワイド,PASS_HTML,620,4,2026-08-16,pw01sde1007202602080720260816,https://www.jra.go.jp/JRADB/accessS.html?CNAME=pw01sde1007202602080720260816%2FC4,3-5
ワイド,PASS_HTML,470,1,2026-08-16,pw01sde1007202602080720260816,https://www.jra.go.jp/JRADB/accessS.html?CNAME=pw01sde1007202602080720260816%2FC4,3-12
ワイド,PASS_HTML,670,6,2026-08-16,pw01sde1007202602080720260816,https://www.jra.go.jp/JRADB/accessS.html?CNAME=pw01sde1007202602080720260816%2FC4,5-12
馬連,PASS_HTML,1820,5,2026-08-16,pw01sde1007202602080720260816,https://www.jra.go.jp/JRADB/accessS.html?CNAME=pw01sde1007202602080720260816%2FC4,3-5
馬単,PASS_HTML,4200,11,2026-08-16,pw01sde1007202602080720260816,https://www.jra.go.jp/JRADB/accessS.html?CNAME=pw01sde1007202602080720260816%2FC4,3-5
3連複,PASS_HTML,3260,2,2026-08-16,pw01sde1007202602080720260816,https://www.jra.go.jp/JRADB/accessS.html?CNAME=pw01sde1007202602080720260816%2FC4,3-5-12
3連単,PASS_HTML,19590,22,2026-08-16,pw01sde1007202602080720260816,https://www.jra.go.jp/JRADB/accessS.html?CNAME=pw01sde1007202602080720260816%2FC4,3-5-12
単勝,PASS_HTML,500,3,2026-08-16,pw01sde1007202602080620260816,https://www.jra.go.jp/JRADB/accessS.html?CNAME=pw01sde1007202602080620260816%2F0F,6
複勝,PASS_HTML,210,3,2026-08-16,pw01sde1007202602080620260816,https://www.jra.go.jp/JRADB/accessS.html?CNAME=pw01sde1007202602080620260816%2F0F,6
複勝,PASS_HTML,200,2,2026-08-16,pw01sde1007202602080620260816,https://www.jra.go.jp/JRADB/accessS.html?CNAME=pw01sde1007202602080620260816%2F0F,1
ワイド,PASS_HTML,330,5,2026-08-16,pw01sde1007202602080620260816,https://www.jra.go.jp/JRADB/accessS.html?CNAME=pw01sde1007202602080620260816%2F0F,1-6
ワイド,PASS_HTML,990,14,2026-08-16,pw01sde1007202602080620260816,https://www.jra.go.jp/JRADB/accessS.html?CNAME=pw01sde1007202602080620260816%2F0F,3-6
ワイド,PASS_HTML,860,12,2026-08-16,pw01sde1007202602080620260816,https://www.jra.go.jp/JRADB/accessS.html?CNAME=pw01sde1007202602080620260816%2F0F,1-3
馬連,PASS_HTML,910,4,2026-08-16,pw01sde1007202602080620260816,https://www.jra.go.jp/JRADB/accessS.html?CNAME=pw01sde1007202602080620260816%2F0F,1-6
馬単,PASS_HTML,2230,11,2026-08-16,pw01sde1007202602080620260816,https://www.jra.go.jp/JRADB/accessS.html?CNAME=pw01sde1007202602080620260816%2F0F,6-1
3連複,PASS_HTML,3930,15,2026-08-16,pw01sde1007202602080620260816,https://www.jra.go.jp/JRADB/accessS.html?CNAME=pw01sde1007202602080620260816%2F0F,1-3-6
3連単,PASS_HTML,14630,60,2026-08-16,pw01sde1007202602080620260816,https://www.jra.go.jp/JRADB/accessS.html?CNAME=pw01sde1007202602080620260816%2F0F,6-1-3
単勝,QUARANTINED_HTML:track_condition,1890,9,2026-08-16,pw01sde1007202602080820260816,https://www.jra.go.jp/JRADB/accessS.html?CNAME=pw01sde1007202602080820260816%2F79,15
複勝,QUARANTINED_HTML:track_condition,370,8,2026-08-16,pw01sde1007202602080820260816,https://www.jra.go.jp/JRADB/accessS.html?CNAME=pw01sde1007202602080820260816%2F79,15
複勝,QUARANTINED_HTML:track_condition,170,2,2026-08-16,pw01sde1007202602080820260816,https://www.jra.go.jp/JRADB/accessS.html?CNAME=pw01sde1007202602080820260816%2F79,6
複勝,QUARANTINED_HTML:track_condition,150,1,2026-08-16,pw01sde1007202602080820260816,https://www.jra.go.jp/JRADB/accessS.html?CNAME=pw01sde1007202602080820260816%2F79,10
枠連,QUARANTINED_HTML:track_condition,1000,4,2026-08-16,pw01sde1007202602080820260816,https://www.jra.go.jp/JRADB/accessS.html?CNAME=pw01sde1007202602080820260816%2F79,3-8
ワイド,QUARANTINED_HTML:track_condition,1050,12,2026-08-16,pw01sde1007202602080820260816,https://www.jra.go.jp/JRADB/accessS.html?CNAME=pw01sde1007202602080820260816%2F79,6-15
ワイド,QUARANTINED_HTML:track_condition,1120,15,2026-08-16,pw01sde1007202602080820260816,https://www.jra.go.jp/JRADB/accessS.html?CNAME=pw01sde1007202602080820260816%2F79,10-15
ワイド,QUARANTINED_HTML:track_condition,370,1,2026-08-16,pw01sde1007202602080820260816,https://www.jra.go.jp/JRADB/accessS.html?CNAME=pw01sde1007202602080820260816%2F79,6-10
馬連,QUARANTINED_HTML:track_condition,2990,11,2026-08-16,pw01sde1007202602080820260816,https://www.jra.go.jp/JRADB/accessS.html?CNAME=pw01sde1007202602080820260816%2F79,6-15
馬単,QUARANTINED_HTML:track_condition,8050,32,2026-08-16,pw01sde1007202602080820260816,https://www.jra.go.jp/JRADB/accessS.html?CNAME=pw01sde1007202602080820260816%2F79,15-6
3連複,QUARANTINED_HTML:track_condition,5750,12,2026-08-16,pw01sde1007202602080820260816,https://www.jra.go.jp/JRADB/accessS.html?CNAME=pw01sde1007202602080820260816%2F79,6-10-15
3連単,QUARANTINED_HTML:track_condition,51960,164,2026-08-16,pw01sde1007202602080820260816,https://www.jra.go.jp/JRADB/accessS.html?CNAME=pw01sde1007202602080820260816%2F79,15-6-10
単勝,PASS_HTML,260,1,2026-08-16,pw01sde1007202602080920260816,https://www.jra.go.jp/JRADB/accessS.html?CNAME=pw01sde1007202602080920260816%2F2E,3
複勝,PASS_HTML,160,2,2026-08-16,pw01sde1007202602080920260816,https://www.jra.go.jp/JRADB/accessS.html?CNAME=pw01sde1007202602080920260816%2F2E,3
複勝,PASS_HTML,500,7,2026-08-16,pw01sde1007202602080920260816,https://www.jra.go.jp/JRADB/accessS.html?CNAME=pw01sde1007202602080920260816%2F2E,12
複勝,PASS_HTML,630,8,2026-08-16,pw01sde1007202602080920260816,https://www.jra.go.jp/JRADB/accessS.html?CNAME=pw01sde1007202602080920260816%2F2E,9
枠連,PASS_HTML,1350,6,2026-08-16,pw01sde1007202602080920260816,https://www.jra.go.jp/JRADB/accessS.html?CNAME=pw01sde1007202602080920260816%2F2E,2-6
ワイド,PASS_HTML,1270,14,2026-08-16,pw01sde1007202602080920260816,https://www.jra.go.jp/JRADB/accessS.html?CNAME=pw01sde1007202602080920260816%2F2E,3-12
ワイド,PASS_HTML,1730,18,2026-08-16,pw01sde1007202602080920260816,https://www.jra.go.jp/JRADB/accessS.html?CNAME=pw01sde1007202602080920260816%2F2E,3-9
ワイド,PASS_HTML,6650,53,2026-08-16,pw01sde1007202602080920260816,https://www.jra.go.jp/JRADB/accessS.html?CNAME=pw01sde1007202602080920260816%2F2E,9-12
馬連,PASS_HTML,3420,11,2026-08-16,pw01sde1007202602080920260816,https://www.jra.go.jp/JRADB/accessS.html?CNAME=pw01sde1007202602080920260816%2F2E,3-12
馬単,PASS_HTML,4890,16,2026-08-16,pw01sde1007202602080920260816,https://www.jra.go.jp/JRADB/accessS.html?CNAME=pw01sde1007202602080920260816%2F2E,3-12
3連複,PASS_HTML,28650,77,2026-08-16,pw01sde1007202602080920260816,https://www.jra.go.jp/JRADB/accessS.html?CNAME=pw01sde1007202602080920260816%2F2E,3-9-12
3連単,PASS_HTML,72740,208,2026-08-16,pw01sde1007202602080920260816,https://www.jra.go.jp/JRADB/accessS.html?CNAME=pw01sde1007202602080920260816%2F2E,3-12-9
単勝,PASS_HTML,1340,9,2026-08-16,pw01sde1007202602081120260816,https://www.jra.go.jp/JRADB/accessS.html?CNAME=pw01sde1007202602081120260816%2FD8,5
単勝,PASS_HTML,1960,12,2026-08-16,pw01sde1007202602081120260816,https://www.jra.go.jp/JRADB/accessS.html?CNAME=pw01sde1007202602081120260816%2FD8,15
複勝,PASS_HTML,690,10,2026-08-16,pw01sde1007202602081120260816,https://www.jra.go.jp/JRADB/accessS.html?CNAME=pw01sde1007202602081120260816%2FD8,5
複勝,PASS_HTML,1010,11,2026-08-16,pw01sde1007202602081120260816,https://www.jra.go.jp/JRADB/accessS.html?CNAME=pw01sde1007202602081120260816%2FD8,15
複勝,PASS_HTML,380,5,2026-08-16,pw01sde1007202602081120260816,https://www.jra.go.jp/JRADB/accessS.html?CNAME=pw01sde1007202602081120260816%2FD8,12
枠連,PASS_HTML,13130,28,2026-08-16,pw01sde1007202602081120260816,https://www.jra.go.jp/JRADB/accessS.html?CNAME=pw01sde1007202602081120260816%2FD8,3-8
ワイド,PASS_HTML,13600,83,2026-08-16,pw01sde1007202602081120260816,https://www.jra.go.jp/JRADB/accessS.html?CNAME=pw01sde1007202602081120260816%2FD8,5-15
ワイド,PASS_HTML,3310,35,2026-08-16,pw01sde1007202602081120260816,https://www.jra.go.jp/JRADB/accessS.html?CNAME=pw01sde1007202602081120260816%2FD8,5-12
ワイド,PASS_HTML,5520,52,2026-08-16,pw01sde1007202602081120260816,https://www.jra.go.jp/JRADB/accessS.html?CNAME=pw01sde1007202602081120260816%2FD8,12-15
馬連,PASS_HTML,60460,84,2026-08-16,pw01sde1007202602081120260816,https://www.jra.go.jp/JRADB/accessS.html?CNAME=pw01sde1007202602081120260816%2FD8,5-15
馬単,PASS_HTML,57520,162,2026-08-16,pw01sde1007202602081120260816,https://www.jra.go.jp/JRADB/accessS.html?CNAME=pw01sde1007202602081120260816%2FD8,5-15
馬単,PASS_HTML,54310,161,2026-08-16,pw01sde1007202602081120260816,https://www.jra.go.jp/JRADB/accessS.html?CNAME=pw01sde1007202602081120260816%2FD8,15-5
3連複,PASS_HTML,219000,312,2026-08-16,pw01sde1007202602081120260816,https://www.jra.go.jp/JRADB/accessS.html?CNAME=pw01sde1007202602081120260816%2FD8,5-12-15
3連単,PASS_HTML,867600,2043,2026-08-16,pw01sde1007202602081120260816,https://www.jra.go.jp/JRADB/accessS.html?CNAME=pw01sde1007202602081120260816%2FD8,5-15-12
3連単,PASS_HTML,943870,2108,2026-08-16,pw01sde1007202602081120260816,https://www.jra.go.jp/JRADB/accessS.html?CNAME=pw01sde1007202602081120260816%2FD8,15-5-12
単勝,QUARANTINED_HTML:track_condition,3300,9,2026-08-16,pw01sde1007202602081020260816,https://www.jra.go.jp/JRADB/accessS.html?CNAME=pw01sde1007202602081020260816%2F23,10
複勝,QUARANTINED_HTML:track_condition,710,9,2026-08-16,pw01sde1007202602081020260816,https://www.jra.go.jp/JRADB/accessS.html?CNAME=pw01sde1007202602081020260816%2F23,10
複勝,QUARANTINED_HTML:track_condition,350,4,2026-08-16,pw01sde1007202602081020260816,https://www.jra.go.jp/JRADB/accessS.html?CNAME=pw01sde1007202602081020260816%2F23,11
複勝,QUARANTINED_HTML:track_condition,380,5,2026-08-16,pw01sde1007202602081020260816,https://www.jra.go.jp/JRADB/accessS.html?CNAME=pw01sde1007202602081020260816%2F23,7
枠連,QUARANTINED_HTML:track_condition,5810,22,2026-08-16,pw01sde1007202602081020260816,https://www.jra.go.jp/JRADB/accessS.html?CNAME=pw01sde1007202602081020260816%2F23,5-6
ワイド,QUARANTINED_HTML:track_condition,3090,35,2026-08-16,pw01sde1007202602081020260816,https://www.jra.go.jp/JRADB/accessS.html?CNAME=pw01sde1007202602081020260816%2F23,10-11
ワイド,QUARANTINED_HTML:track_condition,4450,43,2026-08-16,pw01sde1007202602081020260816,https://www.jra.go.jp/JRADB/accessS.html?CNAME=pw01sde1007202602081020260816%2F23,7-10
ワイド,QUARANTINED_HTML:track_condition,2560,30,2026-08-16,pw01sde1007202602081020260816,https://www.jra.go.jp/JRADB/accessS.html?CNAME=pw01sde1007202602081020260816%2F23,7-11
馬連,QUARANTINED_HTML:track_condition,10500,34,2026-08-16,pw01sde1007202602081020260816,https://www.jra.go.jp/JRADB/accessS.html?CNAME=pw01sde1007202602081020260816%2F23,10-11
馬単,QUARANTINED_HTML:track_condition,25950,72,2026-08-16,pw01sde1007202602081020260816,https://www.jra.go.jp/JRADB/accessS.html?CNAME=pw01sde1007202602081020260816%2F23,10-11
3連複,QUARANTINED_HTML:track_condition,59130,159,2026-08-16,pw01sde1007202602081020260816,https://www.jra.go.jp/JRADB/accessS.html?CNAME=pw01sde1007202602081020260816%2F23,7-10-11
3連単,QUARANTINED_HTML:track_condition,454970,1040,2026-08-16,pw01sde1007202602081020260816,https://www.jra.go.jp/JRADB/accessS.html?CNAME=pw01sde1007202602081020260816%2F23,10-11-7
単勝,QUARANTINED_HTML:track_condition,260,1,2026-08-16,pw01sde1007202602081220260816,https://www.jra.go.jp/JRADB/accessS.html?CNAME=pw01sde1007202602081220260816%2F8D,13
複勝,QUARANTINED_HTML:track_condition,140,1,2026-08-16,pw01sde1007202602081220260816,https://www.jra.go.jp/JRADB/accessS.html?CNAME=pw01sde1007202602081220260816%2F8D,13
複勝,QUARANTINED_HTML:track_condition,570,9,2026-08-16,pw01sde1007202602081220260816,https://www.jra.go.jp/JRADB/accessS.html?CNAME=pw01sde1007202602081220260816%2F8D,5
複勝,QUARANTINED_HTML:track_condition,220,4,2026-08-16,pw01sde1007202602081220260816,https://www.jra.go.jp/JRADB/accessS.html?CNAME=pw01sde1007202602081220260816%2F8D,11
枠連,QUARANTINED_HTML:track_condition,4770,18,2026-08-16,pw01sde1007202602081220260816,https://www.jra.go.jp/JRADB/accessS.html?CNAME=pw01sde1007202602081220260816%2F8D,3-7
ワイド,QUARANTINED_HTML:track_condition,1990,22,2026-08-16,pw01sde1007202602081220260816,https://www.jra.go.jp/JRADB/accessS.html?CNAME=pw01sde1007202602081220260816%2F8D,5-13
ワイド,QUARANTINED_HTML:track_condition,400,3,2026-08-16,pw01sde1007202602081220260816,https://www.jra.go.jp/JRADB/accessS.html?CNAME=pw01sde1007202602081220260816%2F8D,11-13
ワイド,QUARANTINED_HTML:track_condition,3090,29,2026-08-16,pw01sde1007202602081220260816,https://www.jra.go.jp/JRADB/accessS.html?CNAME=pw01sde1007202602081220260816%2F8D,5-11
馬連,QUARANTINED_HTML:track_condition,6920,24,2026-08-16,pw01sde1007202602081220260816,https://www.jra.go.jp/JRADB/accessS.html?CNAME=pw01sde1007202602081220260816%2F8D,5-13
馬単,QUARANTINED_HTML:track_condition,9440,32,2026-08-16,pw01sde1007202602081220260816,https://www.jra.go.jp/JRADB/accessS.html?CNAME=pw01sde1007202602081220260816%2F8D,13-5
3連複,QUARANTINED_HTML:track_condition,9140,26,2026-08-16,pw01sde1007202602081220260816,https://www.jra.go.jp/JRADB/accessS.html?CNAME=pw01sde1007202602081220260816%2F8D,5-11-13
3連単,QUARANTINED_HTML:track_condition,43150,126,2026-08-16,pw01sde1007202602081220260816,https://www.jra.go.jp/JRADB/accessS.html?CNAME=pw01sde1007202602081220260816%2F8D,13-5-11
