bet_type,data_status,payout_per_100_yen,payout_popularity,race_date,race_id,source_url,winning_selection
単勝,QUARANTINED_HTML:track_condition,450,1,2026-08-29,pw01sde1001202602030120260829,https://www.jra.go.jp/JRADB/accessS.html?CNAME=pw01sde1001202602030120260829%2F1C,13
複勝,QUARANTINED_HTML:track_condition,240,4,2026-08-29,pw01sde1001202602030120260829,https://www.jra.go.jp/JRADB/accessS.html?CNAME=pw01sde1001202602030120260829%2F1C,13
複勝,QUARANTINED_HTML:track_condition,2370,13,2026-08-29,pw01sde1001202602030120260829,https://www.jra.go.jp/JRADB/accessS.html?CNAME=pw01sde1001202602030120260829%2F1C,1
複勝,QUARANTINED_HTML:track_condition,210,2,2026-08-29,pw01sde1001202602030120260829,https://www.jra.go.jp/JRADB/accessS.html?CNAME=pw01sde1001202602030120260829%2F1C,2
枠連,QUARANTINED_HTML:track_condition,12080,24,2026-08-29,pw01sde1001202602030120260829,https://www.jra.go.jp/JRADB/accessS.html?CNAME=pw01sde1001202602030120260829%2F1C,1-8
ワイド,QUARANTINED_HTML:track_condition,7240,54,2026-08-29,pw01sde1001202602030120260829,https://www.jra.go.jp/JRADB/accessS.html?CNAME=pw01sde1001202602030120260829%2F1C,1-13
ワイド,QUARANTINED_HTML:track_condition,840,6,2026-08-29,pw01sde1001202602030120260829,https://www.jra.go.jp/JRADB/accessS.html?CNAME=pw01sde1001202602030120260829%2F1C,2-13
ワイド,QUARANTINED_HTML:track_condition,10820,61,2026-08-29,pw01sde1001202602030120260829,https://www.jra.go.jp/JRADB/accessS.html?CNAME=pw01sde1001202602030120260829%2F1C,1-2
馬連,QUARANTINED_HTML:track_condition,28170,53,2026-08-29,pw01sde1001202602030120260829,https://www.jra.go.jp/JRADB/accessS.html?CNAME=pw01sde1001202602030120260829%2F1C,1-13
馬単,QUARANTINED_HTML:track_condition,35340,92,2026-08-29,pw01sde1001202602030120260829,https://www.jra.go.jp/JRADB/accessS.html?CNAME=pw01sde1001202602030120260829%2F1C,13-1
3連複,QUARANTINED_HTML:track_condition,53710,136,2026-08-29,pw01sde1001202602030120260829,https://www.jra.go.jp/JRADB/accessS.html?CNAME=pw01sde1001202602030120260829%2F1C,1-2-13
3連単,QUARANTINED_HTML:track_condition,339400,850,2026-08-29,pw01sde1001202602030120260829,https://www.jra.go.jp/JRADB/accessS.html?CNAME=pw01sde1001202602030120260829%2F1C,13-1-2
単勝,PASS_HTML,970,4,2026-08-29,pw01sde1001202602030220260829,https://www.jra.go.jp/JRADB/accessS.html?CNAME=pw01sde1001202602030220260829%2FD1,5
複勝,PASS_HTML,300,4,2026-08-29,pw01sde1001202602030220260829,https://www.jra.go.jp/JRADB/accessS.html?CNAME=pw01sde1001202602030220260829%2FD1,5
複勝,PASS_HTML,680,7,2026-08-29,pw01sde1001202602030220260829,https://www.jra.go.jp/JRADB/accessS.html?CNAME=pw01sde1001202602030220260829%2FD1,12
複勝,PASS_HTML,250,3,2026-08-29,pw01sde1001202602030220260829,https://www.jra.go.jp/JRADB/accessS.html?CNAME=pw01sde1001202602030220260829%2FD1,6
枠連,PASS_HTML,3210,13,2026-08-29,pw01sde1001202602030220260829,https://www.jra.go.jp/JRADB/accessS.html?CNAME=pw01sde1001202602030220260829%2FD1,4-8
ワイド,PASS_HTML,1770,21,2026-08-29,pw01sde1001202602030220260829,https://www.jra.go.jp/JRADB/accessS.html?CNAME=pw01sde1001202602030220260829%2FD1,5-12
ワイド,PASS_HTML,940,10,2026-08-29,pw01sde1001202602030220260829,https://www.jra.go.jp/JRADB/accessS.html?CNAME=pw01sde1001202602030220260829%2FD1,5-6
ワイド,PASS_HTML,1650,19,2026-08-29,pw01sde1001202602030220260829,https://www.jra.go.jp/JRADB/accessS.html?CNAME=pw01sde1001202602030220260829%2FD1,6-12
馬連,PASS_HTML,4480,16,2026-08-29,pw01sde1001202602030220260829,https://www.jra.go.jp/JRADB/accessS.html?CNAME=pw01sde1001202602030220260829%2FD1,5-12
馬単,PASS_HTML,10100,36,2026-08-29,pw01sde1001202602030220260829,https://www.jra.go.jp/JRADB/accessS.html?CNAME=pw01sde1001202602030220260829%2FD1,5-12
3連複,PASS_HTML,8100,29,2026-08-29,pw01sde1001202602030220260829,https://www.jra.go.jp/JRADB/accessS.html?CNAME=pw01sde1001202602030220260829%2FD1,5-6-12
3連単,PASS_HTML,56720,177,2026-08-29,pw01sde1001202602030220260829,https://www.jra.go.jp/JRADB/accessS.html?CNAME=pw01sde1001202602030220260829%2FD1,5-12-6
単勝,PASS_HTML,1550,3,2026-08-29,pw01sde1001202602030320260829,https://www.jra.go.jp/JRADB/accessS.html?CNAME=pw01sde1001202602030320260829%2F86,5
複勝,PASS_HTML,510,2,2026-08-29,pw01sde1001202602030320260829,https://www.jra.go.jp/JRADB/accessS.html?CNAME=pw01sde1001202602030320260829%2F86,5
複勝,PASS_HTML,560,4,2026-08-29,pw01sde1001202602030320260829,https://www.jra.go.jp/JRADB/accessS.html?CNAME=pw01sde1001202602030320260829%2F86,9
複勝,PASS_HTML,530,3,2026-08-29,pw01sde1001202602030320260829,https://www.jra.go.jp/JRADB/accessS.html?CNAME=pw01sde1001202602030320260829%2F86,3
枠連,PASS_HTML,2950,6,2026-08-29,pw01sde1001202602030320260829,https://www.jra.go.jp/JRADB/accessS.html?CNAME=pw01sde1001202602030320260829%2F86,5-7
ワイド,PASS_HTML,790,9,2026-08-29,pw01sde1001202602030320260829,https://www.jra.go.jp/JRADB/accessS.html?CNAME=pw01sde1001202602030320260829%2F86,5-9
ワイド,PASS_HTML,620,6,2026-08-29,pw01sde1001202602030320260829,https://www.jra.go.jp/JRADB/accessS.html?CNAME=pw01sde1001202602030320260829%2F86,3-5
ワイド,PASS_HTML,750,7,2026-08-29,pw01sde1001202602030320260829,https://www.jra.go.jp/JRADB/accessS.html?CNAME=pw01sde1001202602030320260829%2F86,3-9
馬連,PASS_HTML,4770,12,2026-08-29,pw01sde1001202602030320260829,https://www.jra.go.jp/JRADB/accessS.html?CNAME=pw01sde1001202602030320260829%2F86,5-9
馬単,PASS_HTML,7980,19,2026-08-29,pw01sde1001202602030320260829,https://www.jra.go.jp/JRADB/accessS.html?CNAME=pw01sde1001202602030320260829%2F86,5-9
3連複,PASS_HTML,4470,11,2026-08-29,pw01sde1001202602030320260829,https://www.jra.go.jp/JRADB/accessS.html?CNAME=pw01sde1001202602030320260829%2F86,3-5-9
3連単,PASS_HTML,40800,97,2026-08-29,pw01sde1001202602030320260829,https://www.jra.go.jp/JRADB/accessS.html?CNAME=pw01sde1001202602030320260829%2F86,5-9-3
単勝,QUARANTINED_HTML:track_condition,450,4,2026-08-29,pw01sde1001202602030420260829,https://www.jra.go.jp/JRADB/accessS.html?CNAME=pw01sde1001202602030420260829%2F3B,5
複勝,QUARANTINED_HTML:track_condition,200,3,2026-08-29,pw01sde1001202602030420260829,https://www.jra.go.jp/JRADB/accessS.html?CNAME=pw01sde1001202602030420260829%2F3B,5
複勝,QUARANTINED_HTML:track_condition,1260,11,2026-08-29,pw01sde1001202602030420260829,https://www.jra.go.jp/JRADB/accessS.html?CNAME=pw01sde1001202602030420260829%2F3B,4
複勝,QUARANTINED_HTML:track_condition,1000,8,2026-08-29,pw01sde1001202602030420260829,https://www.jra.go.jp/JRADB/accessS.html?CNAME=pw01sde1001202602030420260829%2F3B,3
枠連,QUARANTINED_HTML:track_condition,4250,14,2026-08-29,pw01sde1001202602030420260829,https://www.jra.go.jp/JRADB/accessS.html?CNAME=pw01sde1001202602030420260829%2F3B,4-5
ワイド,QUARANTINED_HTML:track_condition,3140,27,2026-08-29,pw01sde1001202602030420260829,https://www.jra.go.jp/JRADB/accessS.html?CNAME=pw01sde1001202602030420260829%2F3B,4-5
ワイド,QUARANTINED_HTML:track_condition,2270,20,2026-08-29,pw01sde1001202602030420260829,https://www.jra.go.jp/JRADB/accessS.html?CNAME=pw01sde1001202602030420260829%2F3B,3-5
ワイド,QUARANTINED_HTML:track_condition,12030,52,2026-08-29,pw01sde1001202602030420260829,https://www.jra.go.jp/JRADB/accessS.html?CNAME=pw01sde1001202602030420260829%2F3B,3-4
馬連,QUARANTINED_HTML:track_condition,10140,28,2026-08-29,pw01sde1001202602030420260829,https://www.jra.go.jp/JRADB/accessS.html?CNAME=pw01sde1001202602030420260829%2F3B,4-5
馬単,QUARANTINED_HTML:track_condition,17330,44,2026-08-29,pw01sde1001202602030420260829,https://www.jra.go.jp/JRADB/accessS.html?CNAME=pw01sde1001202602030420260829%2F3B,5-4
3連複,QUARANTINED_HTML:track_condition,75790,114,2026-08-29,pw01sde1001202602030420260829,https://www.jra.go.jp/JRADB/accessS.html?CNAME=pw01sde1001202602030420260829%2F3B,3-4-5
3連単,QUARANTINED_HTML:track_condition,426900,595,2026-08-29,pw01sde1001202602030420260829,https://www.jra.go.jp/JRADB/accessS.html?CNAME=pw01sde1001202602030420260829%2F3B,5-4-3
単勝,QUARANTINED_HTML:track_condition,490,3,2026-08-29,pw01sde1001202602030520260829,https://www.jra.go.jp/JRADB/accessS.html?CNAME=pw01sde1001202602030520260829%2FF0,1
複勝,QUARANTINED_HTML:track_condition,230,3,2026-08-29,pw01sde1001202602030520260829,https://www.jra.go.jp/JRADB/accessS.html?CNAME=pw01sde1001202602030520260829%2FF0,1
複勝,QUARANTINED_HTML:track_condition,400,6,2026-08-29,pw01sde1001202602030520260829,https://www.jra.go.jp/JRADB/accessS.html?CNAME=pw01sde1001202602030520260829%2FF0,5
複勝,QUARANTINED_HTML:track_condition,1470,12,2026-08-29,pw01sde1001202602030520260829,https://www.jra.go.jp/JRADB/accessS.html?CNAME=pw01sde1001202602030520260829%2FF0,12
枠連,QUARANTINED_HTML:track_condition,3250,13,2026-08-29,pw01sde1001202602030520260829,https://www.jra.go.jp/JRADB/accessS.html?CNAME=pw01sde1001202602030520260829%2FF0,1-4
ワイド,QUARANTINED_HTML:track_condition,1720,16,2026-08-29,pw01sde1001202602030520260829,https://www.jra.go.jp/JRADB/accessS.html?CNAME=pw01sde1001202602030520260829%2FF0,1-5
ワイド,QUARANTINED_HTML:track_condition,4490,40,2026-08-29,pw01sde1001202602030520260829,https://www.jra.go.jp/JRADB/accessS.html?CNAME=pw01sde1001202602030520260829%2FF0,1-12
ワイド,QUARANTINED_HTML:track_condition,5590,48,2026-08-29,pw01sde1001202602030520260829,https://www.jra.go.jp/JRADB/accessS.html?CNAME=pw01sde1001202602030520260829%2FF0,5-12
馬連,QUARANTINED_HTML:track_condition,4250,13,2026-08-29,pw01sde1001202602030520260829,https://www.jra.go.jp/JRADB/accessS.html?CNAME=pw01sde1001202602030520260829%2FF0,1-5
馬単,QUARANTINED_HTML:track_condition,7430,25,2026-08-29,pw01sde1001202602030520260829,https://www.jra.go.jp/JRADB/accessS.html?CNAME=pw01sde1001202602030520260829%2FF0,1-5
3連複,QUARANTINED_HTML:track_condition,43510,113,2026-08-29,pw01sde1001202602030520260829,https://www.jra.go.jp/JRADB/accessS.html?CNAME=pw01sde1001202602030520260829%2FF0,1-5-12
3連単,QUARANTINED_HTML:track_condition,206870,498,2026-08-29,pw01sde1001202602030520260829,https://www.jra.go.jp/JRADB/accessS.html?CNAME=pw01sde1001202602030520260829%2FF0,1-5-12
単勝,PASS_HTML,300,1,2026-08-29,pw01sde1001202602030620260829,https://www.jra.go.jp/JRADB/accessS.html?CNAME=pw01sde1001202602030620260829%2FA5,11
複勝,PASS_HTML,160,1,2026-08-29,pw01sde1001202602030620260829,https://www.jra.go.jp/JRADB/accessS.html?CNAME=pw01sde1001202602030620260829%2FA5,11
複勝,PASS_HTML,200,3,2026-08-29,pw01sde1001202602030620260829,https://www.jra.go.jp/JRADB/accessS.html?CNAME=pw01sde1001202602030620260829%2FA5,7
複勝,PASS_HTML,560,9,2026-08-29,pw01sde1001202602030620260829,https://www.jra.go.jp/JRADB/accessS.html?CNAME=pw01sde1001202602030620260829%2FA5,1
枠連,PASS_HTML,450,1,2026-08-29,pw01sde1001202602030620260829,https://www.jra.go.jp/JRADB/accessS.html?CNAME=pw01sde1001202602030620260829%2FA5,5-7
ワイド,PASS_HTML,600,2,2026-08-29,pw01sde1001202602030620260829,https://www.jra.go.jp/JRADB/accessS.html?CNAME=pw01sde1001202602030620260829%2FA5,7-11
ワイド,PASS_HTML,2120,31,2026-08-29,pw01sde1001202602030620260829,https://www.jra.go.jp/JRADB/accessS.html?CNAME=pw01sde1001202602030620260829%2FA5,1-11
ワイド,PASS_HTML,1730,26,2026-08-29,pw01sde1001202602030620260829,https://www.jra.go.jp/JRADB/accessS.html?CNAME=pw01sde1001202602030620260829%2FA5,1-7
馬連,PASS_HTML,1480,3,2026-08-29,pw01sde1001202602030620260829,https://www.jra.go.jp/JRADB/accessS.html?CNAME=pw01sde1001202602030620260829%2FA5,7-11
馬単,PASS_HTML,2180,3,2026-08-29,pw01sde1001202602030620260829,https://www.jra.go.jp/JRADB/accessS.html?CNAME=pw01sde1001202602030620260829%2FA5,11-7
3連複,PASS_HTML,12840,48,2026-08-29,pw01sde1001202602030620260829,https://www.jra.go.jp/JRADB/accessS.html?CNAME=pw01sde1001202602030620260829%2FA5,1-7-11
3連単,PASS_HTML,43060,157,2026-08-29,pw01sde1001202602030620260829,https://www.jra.go.jp/JRADB/accessS.html?CNAME=pw01sde1001202602030620260829%2FA5,11-7-1
単勝,PASS_HTML,580,1,2026-08-29,pw01sde1001202602030720260829,https://www.jra.go.jp/JRADB/accessS.html?CNAME=pw01sde1001202602030720260829%2F5A,15
複勝,PASS_HTML,250,2,2026-08-29,pw01sde1001202602030720260829,https://www.jra.go.jp/JRADB/accessS.html?CNAME=pw01sde1001202602030720260829%2F5A,15
複勝,PASS_HTML,1000,11,2026-08-29,pw01sde1001202602030720260829,https://www.jra.go.jp/JRADB/accessS.html?CNAME=pw01sde1001202602030720260829%2F5A,16
複勝,PASS_HTML,3010,15,2026-08-29,pw01sde1001202602030720260829,https://www.jra.go.jp/JRADB/accessS.html?CNAME=pw01sde1001202602030720260829%2F5A,11
枠連,PASS_HTML,11530,26,2026-08-29,pw01sde1001202602030720260829,https://www.jra.go.jp/JRADB/accessS.html?CNAME=pw01sde1001202602030720260829%2F5A,8-8
ワイド,PASS_HTML,2750,38,2026-08-29,pw01sde1001202602030720260829,https://www.jra.go.jp/JRADB/accessS.html?CNAME=pw01sde1001202602030720260829%2F5A,15-16
ワイド,PASS_HTML,8270,73,2026-08-29,pw01sde1001202602030720260829,https://www.jra.go.jp/JRADB/accessS.html?CNAME=pw01sde1001202602030720260829%2F5A,11-15
ワイド,PASS_HTML,29240,111,2026-08-29,pw01sde1001202602030720260829,https://www.jra.go.jp/JRADB/accessS.html?CNAME=pw01sde1001202602030720260829%2F5A,11-16
馬連,PASS_HTML,8570,37,2026-08-29,pw01sde1001202602030720260829,https://www.jra.go.jp/JRADB/accessS.html?CNAME=pw01sde1001202602030720260829%2F5A,15-16
馬単,PASS_HTML,11990,63,2026-08-29,pw01sde1001202602030720260829,https://www.jra.go.jp/JRADB/accessS.html?CNAME=pw01sde1001202602030720260829%2F5A,15-16
3連複,PASS_HTML,176230,342,2026-08-29,pw01sde1001202602030720260829,https://www.jra.go.jp/JRADB/accessS.html?CNAME=pw01sde1001202602030720260829%2F5A,11-15-16
3連単,PASS_HTML,774290,1662,2026-08-29,pw01sde1001202602030720260829,https://www.jra.go.jp/JRADB/accessS.html?CNAME=pw01sde1001202602030720260829%2F5A,15-16-11
単勝,QUARANTINED_HTML:track_condition,720,5,2026-08-29,pw01sde1001202602030820260829,https://www.jra.go.jp/JRADB/accessS.html?CNAME=pw01sde1001202602030820260829%2F0F,9
複勝,QUARANTINED_HTML:track_condition,210,6,2026-08-29,pw01sde1001202602030820260829,https://www.jra.go.jp/JRADB/accessS.html?CNAME=pw01sde1001202602030820260829%2F0F,9
複勝,QUARANTINED_HTML:track_condition,120,1,2026-08-29,pw01sde1001202602030820260829,https://www.jra.go.jp/JRADB/accessS.html?CNAME=pw01sde1001202602030820260829%2F0F,5
複勝,QUARANTINED_HTML:track_condition,150,3,2026-08-29,pw01sde1001202602030820260829,https://www.jra.go.jp/JRADB/accessS.html?CNAME=pw01sde1001202602030820260829%2F0F,6
枠連,QUARANTINED_HTML:track_condition,520,1,2026-08-29,pw01sde1001202602030820260829,https://www.jra.go.jp/JRADB/accessS.html?CNAME=pw01sde1001202602030820260829%2F0F,5-7
ワイド,QUARANTINED_HTML:track_condition,420,7,2026-08-29,pw01sde1001202602030820260829,https://www.jra.go.jp/JRADB/accessS.html?CNAME=pw01sde1001202602030820260829%2F0F,5-9
ワイド,QUARANTINED_HTML:track_condition,700,14,2026-08-29,pw01sde1001202602030820260829,https://www.jra.go.jp/JRADB/accessS.html?CNAME=pw01sde1001202602030820260829%2F0F,6-9
ワイド,QUARANTINED_HTML:track_condition,310,2,2026-08-29,pw01sde1001202602030820260829,https://www.jra.go.jp/JRADB/accessS.html?CNAME=pw01sde1001202602030820260829%2F0F,5-6
馬連,QUARANTINED_HTML:track_condition,1140,6,2026-08-29,pw01sde1001202602030820260829,https://www.jra.go.jp/JRADB/accessS.html?CNAME=pw01sde1001202602030820260829%2F0F,5-9
馬単,QUARANTINED_HTML:track_condition,2610,15,2026-08-29,pw01sde1001202602030820260829,https://www.jra.go.jp/JRADB/accessS.html?CNAME=pw01sde1001202602030820260829%2F0F,9-5
3連複,QUARANTINED_HTML:track_condition,1960,10,2026-08-29,pw01sde1001202602030820260829,https://www.jra.go.jp/JRADB/accessS.html?CNAME=pw01sde1001202602030820260829%2F0F,5-6-9
3連単,QUARANTINED_HTML:track_condition,15190,74,2026-08-29,pw01sde1001202602030820260829,https://www.jra.go.jp/JRADB/accessS.html?CNAME=pw01sde1001202602030820260829%2F0F,9-5-6
単勝,PASS_HTML,220,1,2026-08-29,pw01sde1001202602030920260829,https://www.jra.go.jp/JRADB/accessS.html?CNAME=pw01sde1001202602030920260829%2FC4,3
複勝,PASS_HTML,120,1,2026-08-29,pw01sde1001202602030920260829,https://www.jra.go.jp/JRADB/accessS.html?CNAME=pw01sde1001202602030920260829%2FC4,3
複勝,PASS_HTML,520,9,2026-08-29,pw01sde1001202602030920260829,https://www.jra.go.jp/JRADB/accessS.html?CNAME=pw01sde1001202602030920260829%2FC4,2
複勝,PASS_HTML,260,4,2026-08-29,pw01sde1001202602030920260829,https://www.jra.go.jp/JRADB/accessS.html?CNAME=pw01sde1001202602030920260829%2FC4,5
枠連,PASS_HTML,5160,16,2026-08-29,pw01sde1001202602030920260829,https://www.jra.go.jp/JRADB/accessS.html?CNAME=pw01sde1001202602030920260829%2FC4,2-3
ワイド,PASS_HTML,1140,14,2026-08-29,pw01sde1001202602030920260829,https://www.jra.go.jp/JRADB/accessS.html?CNAME=pw01sde1001202602030920260829%2FC4,2-3
ワイド,PASS_HTML,470,3,2026-08-29,pw01sde1001202602030920260829,https://www.jra.go.jp/JRADB/accessS.html?CNAME=pw01sde1001202602030920260829%2FC4,3-5
ワイド,PASS_HTML,3440,34,2026-08-29,pw01sde1001202602030920260829,https://www.jra.go.jp/JRADB/accessS.html?CNAME=pw01sde1001202602030920260829%2FC4,2-5
馬連,PASS_HTML,4640,18,2026-08-29,pw01sde1001202602030920260829,https://www.jra.go.jp/JRADB/accessS.html?CNAME=pw01sde1001202602030920260829%2FC4,2-3
馬単,PASS_HTML,5770,22,2026-08-29,pw01sde1001202602030920260829,https://www.jra.go.jp/JRADB/accessS.html?CNAME=pw01sde1001202602030920260829%2FC4,3-2
3連複,PASS_HTML,10750,34,2026-08-29,pw01sde1001202602030920260829,https://www.jra.go.jp/JRADB/accessS.html?CNAME=pw01sde1001202602030920260829%2FC4,2-3-5
3連単,PASS_HTML,51410,166,2026-08-29,pw01sde1001202602030920260829,https://www.jra.go.jp/JRADB/accessS.html?CNAME=pw01sde1001202602030920260829%2FC4,3-2-5
単勝,PASS_HTML,460,2,2026-08-29,pw01sde1001202602031020260829,https://www.jra.go.jp/JRADB/accessS.html?CNAME=pw01sde1001202602031020260829%2FB9,3
複勝,PASS_HTML,190,3,2026-08-29,pw01sde1001202602031020260829,https://www.jra.go.jp/JRADB/accessS.html?CNAME=pw01sde1001202602031020260829%2FB9,3
複勝,PASS_HTML,120,1,2026-08-29,pw01sde1001202602031020260829,https://www.jra.go.jp/JRADB/accessS.html?CNAME=pw01sde1001202602031020260829%2FB9,12
複勝,PASS_HTML,1470,10,2026-08-29,pw01sde1001202602031020260829,https://www.jra.go.jp/JRADB/accessS.html?CNAME=pw01sde1001202602031020260829%2FB9,5
枠連,PASS_HTML,560,3,2026-08-29,pw01sde1001202602031020260829,https://www.jra.go.jp/JRADB/accessS.html?CNAME=pw01sde1001202602031020260829%2FB9,3-8
ワイド,PASS_HTML,310,1,2026-08-29,pw01sde1001202602031020260829,https://www.jra.go.jp/JRADB/accessS.html?CNAME=pw01sde1001202602031020260829%2FB9,3-12
ワイド,PASS_HTML,5680,43,2026-08-29,pw01sde1001202602031020260829,https://www.jra.go.jp/JRADB/accessS.html?CNAME=pw01sde1001202602031020260829%2FB9,3-5
ワイド,PASS_HTML,3240,35,2026-08-29,pw01sde1001202602031020260829,https://www.jra.go.jp/JRADB/accessS.html?CNAME=pw01sde1001202602031020260829%2FB9,5-12
馬連,PASS_HTML,680,1,2026-08-29,pw01sde1001202602031020260829,https://www.jra.go.jp/JRADB/accessS.html?CNAME=pw01sde1001202602031020260829%2FB9,3-12
馬単,PASS_HTML,1540,4,2026-08-29,pw01sde1001202602031020260829,https://www.jra.go.jp/JRADB/accessS.html?CNAME=pw01sde1001202602031020260829%2FB9,3-12
3連複,PASS_HTML,15330,47,2026-08-29,pw01sde1001202602031020260829,https://www.jra.go.jp/JRADB/accessS.html?CNAME=pw01sde1001202602031020260829%2FB9,3-5-12
3連単,PASS_HTML,63750,196,2026-08-29,pw01sde1001202602031020260829,https://www.jra.go.jp/JRADB/accessS.html?CNAME=pw01sde1001202602031020260829%2FB9,3-12-5
単勝,PASS_HTML,1170,5,2026-08-29,pw01sde1001202602031120260829,https://www.jra.go.jp/JRADB/accessS.html?CNAME=pw01sde1001202602031120260829%2F6E,8
複勝,PASS_HTML,330,4,2026-08-29,pw01sde1001202602031120260829,https://www.jra.go.jp/JRADB/accessS.html?CNAME=pw01sde1001202602031120260829%2F6E,8
複勝,PASS_HTML,210,2,2026-08-29,pw01sde1001202602031120260829,https://www.jra.go.jp/JRADB/accessS.html?CNAME=pw01sde1001202602031120260829%2F6E,12
複勝,PASS_HTML,480,8,2026-08-29,pw01sde1001202602031120260829,https://www.jra.go.jp/JRADB/accessS.html?CNAME=pw01sde1001202602031120260829%2F6E,5
枠連,PASS_HTML,970,4,2026-08-29,pw01sde1001202602031120260829,https://www.jra.go.jp/JRADB/accessS.html?CNAME=pw01sde1001202602031120260829%2F6E,5-7
ワイド,PASS_HTML,1130,10,2026-08-29,pw01sde1001202602031120260829,https://www.jra.go.jp/JRADB/accessS.html?CNAME=pw01sde1001202602031120260829%2F6E,8-12
ワイド,PASS_HTML,3250,40,2026-08-29,pw01sde1001202602031120260829,https://www.jra.go.jp/JRADB/accessS.html?CNAME=pw01sde1001202602031120260829%2F6E,5-8
ワイド,PASS_HTML,1830,19,2026-08-29,pw01sde1001202602031120260829,https://www.jra.go.jp/JRADB/accessS.html?CNAME=pw01sde1001202602031120260829%2F6E,5-12
馬連,PASS_HTML,3270,11,2026-08-29,pw01sde1001202602031120260829,https://www.jra.go.jp/JRADB/accessS.html?CNAME=pw01sde1001202602031120260829%2F6E,8-12
馬単,PASS_HTML,7670,29,2026-08-29,pw01sde1001202602031120260829,https://www.jra.go.jp/JRADB/accessS.html?CNAME=pw01sde1001202602031120260829%2F6E,8-12
3連複,PASS_HTML,25940,87,2026-08-29,pw01sde1001202602031120260829,https://www.jra.go.jp/JRADB/accessS.html?CNAME=pw01sde1001202602031120260829%2F6E,5-8-12
3連単,PASS_HTML,182080,542,2026-08-29,pw01sde1001202602031120260829,https://www.jra.go.jp/JRADB/accessS.html?CNAME=pw01sde1001202602031120260829%2F6E,8-12-5
単勝,QUARANTINED_HTML:track_condition,120,1,2026-08-29,pw01sde1001202602031220260829,https://www.jra.go.jp/JRADB/accessS.html?CNAME=pw01sde1001202602031220260829%2F23,10
複勝,QUARANTINED_HTML:track_condition,110,1,2026-08-29,pw01sde1001202602031220260829,https://www.jra.go.jp/JRADB/accessS.html?CNAME=pw01sde1001202602031220260829%2F23,10
複勝,QUARANTINED_HTML:track_condition,110,2,2026-08-29,pw01sde1001202602031220260829,https://www.jra.go.jp/JRADB/accessS.html?CNAME=pw01sde1001202602031220260829%2F23,11
複勝,QUARANTINED_HTML:track_condition,480,7,2026-08-29,pw01sde1001202602031220260829,https://www.jra.go.jp/JRADB/accessS.html?CNAME=pw01sde1001202602031220260829%2F23,7
枠連,QUARANTINED_HTML:track_condition,200,1,2026-08-29,pw01sde1001202602031220260829,https://www.jra.go.jp/JRADB/accessS.html?CNAME=pw01sde1001202602031220260829%2F23,7-8
ワイド,QUARANTINED_HTML:track_condition,140,1,2026-08-29,pw01sde1001202602031220260829,https://www.jra.go.jp/JRADB/accessS.html?CNAME=pw01sde1001202602031220260829%2F23,10-11
ワイド,QUARANTINED_HTML:track_condition,1060,11,2026-08-29,pw01sde1001202602031220260829,https://www.jra.go.jp/JRADB/accessS.html?CNAME=pw01sde1001202602031220260829%2F23,7-10
ワイド,QUARANTINED_HTML:track_condition,1390,16,2026-08-29,pw01sde1001202602031220260829,https://www.jra.go.jp/JRADB/accessS.html?CNAME=pw01sde1001202602031220260829%2F23,7-11
馬連,QUARANTINED_HTML:track_condition,220,1,2026-08-29,pw01sde1001202602031220260829,https://www.jra.go.jp/JRADB/accessS.html?CNAME=pw01sde1001202602031220260829%2F23,10-11
馬単,QUARANTINED_HTML:track_condition,280,1,2026-08-29,pw01sde1001202602031220260829,https://www.jra.go.jp/JRADB/accessS.html?CNAME=pw01sde1001202602031220260829%2F23,10-11
3連複,QUARANTINED_HTML:track_condition,1850,5,2026-08-29,pw01sde1001202602031220260829,https://www.jra.go.jp/JRADB/accessS.html?CNAME=pw01sde1001202602031220260829%2F23,7-10-11
3連単,QUARANTINED_HTML:track_condition,3780,8,2026-08-29,pw01sde1001202602031220260829,https://www.jra.go.jp/JRADB/accessS.html?CNAME=pw01sde1001202602031220260829%2F23,10-11-7
単勝,QUARANTINED_HTML:track_condition,520,3,2026-08-30,pw01sde1001202602040120260830,https://www.jra.go.jp/JRADB/accessS.html?CNAME=pw01sde1001202602040120260830%2F44,1
複勝,QUARANTINED_HTML:track_condition,180,3,2026-08-30,pw01sde1001202602040120260830,https://www.jra.go.jp/JRADB/accessS.html?CNAME=pw01sde1001202602040120260830%2F44,1
複勝,QUARANTINED_HTML:track_condition,280,5,2026-08-30,pw01sde1001202602040120260830,https://www.jra.go.jp/JRADB/accessS.html?CNAME=pw01sde1001202602040120260830%2F44,4
複勝,QUARANTINED_HTML:track_condition,160,2,2026-08-30,pw01sde1001202602040120260830,https://www.jra.go.jp/JRADB/accessS.html?CNAME=pw01sde1001202602040120260830%2F44,7
枠連,QUARANTINED_HTML:track_condition,2930,13,2026-08-30,pw01sde1001202602040120260830,https://www.jra.go.jp/JRADB/accessS.html?CNAME=pw01sde1001202602040120260830%2F44,1-3
ワイド,QUARANTINED_HTML:track_condition,890,11,2026-08-30,pw01sde1001202602040120260830,https://www.jra.go.jp/JRADB/accessS.html?CNAME=pw01sde1001202602040120260830%2F44,1-4
ワイド,QUARANTINED_HTML:track_condition,450,2,2026-08-30,pw01sde1001202602040120260830,https://www.jra.go.jp/JRADB/accessS.html?CNAME=pw01sde1001202602040120260830%2F44,1-7
ワイド,QUARANTINED_HTML:track_condition,640,5,2026-08-30,pw01sde1001202602040120260830,https://www.jra.go.jp/JRADB/accessS.html?CNAME=pw01sde1001202602040120260830%2F44,4-7
馬連,QUARANTINED_HTML:track_condition,2840,13,2026-08-30,pw01sde1001202602040120260830,https://www.jra.go.jp/JRADB/accessS.html?CNAME=pw01sde1001202602040120260830%2F44,1-4
馬単,QUARANTINED_HTML:track_condition,4920,19,2026-08-30,pw01sde1001202602040120260830,https://www.jra.go.jp/JRADB/accessS.html?CNAME=pw01sde1001202602040120260830%2F44,1-4
3連複,QUARANTINED_HTML:track_condition,3130,6,2026-08-30,pw01sde1001202602040120260830,https://www.jra.go.jp/JRADB/accessS.html?CNAME=pw01sde1001202602040120260830%2F44,1-4-7
3連単,QUARANTINED_HTML:track_condition,21300,52,2026-08-30,pw01sde1001202602040120260830,https://www.jra.go.jp/JRADB/accessS.html?CNAME=pw01sde1001202602040120260830%2F44,1-4-7
単勝,PASS_HTML,550,3,2026-08-30,pw01sde1001202602040220260830,https://www.jra.go.jp/JRADB/accessS.html?CNAME=pw01sde1001202602040220260830%2FF9,13
複勝,PASS_HTML,280,3,2026-08-30,pw01sde1001202602040220260830,https://www.jra.go.jp/JRADB/accessS.html?CNAME=pw01sde1001202602040220260830%2FF9,13
複勝,PASS_HTML,230,2,2026-08-30,pw01sde1001202602040220260830,https://www.jra.go.jp/JRADB/accessS.html?CNAME=pw01sde1001202602040220260830%2FF9,8
複勝,PASS_HTML,910,8,2026-08-30,pw01sde1001202602040220260830,https://www.jra.go.jp/JRADB/accessS.html?CNAME=pw01sde1001202602040220260830%2FF9,5
枠連,PASS_HTML,680,3,2026-08-30,pw01sde1001202602040220260830,https://www.jra.go.jp/JRADB/accessS.html?CNAME=pw01sde1001202602040220260830%2FF9,5-8
ワイド,PASS_HTML,490,4,2026-08-30,pw01sde1001202602040220260830,https://www.jra.go.jp/JRADB/accessS.html?CNAME=pw01sde1001202602040220260830%2FF9,8-13
ワイド,PASS_HTML,2710,26,2026-08-30,pw01sde1001202602040220260830,https://www.jra.go.jp/JRADB/accessS.html?CNAME=pw01sde1001202602040220260830%2FF9,5-13
ワイド,PASS_HTML,1730,18,2026-08-30,pw01sde1001202602040220260830,https://www.jra.go.jp/JRADB/accessS.html?CNAME=pw01sde1001202602040220260830%2FF9,5-8
馬連,PASS_HTML,1500,4,2026-08-30,pw01sde1001202602040220260830,https://www.jra.go.jp/JRADB/accessS.html?CNAME=pw01sde1001202602040220260830%2FF9,8-13
馬単,PASS_HTML,3130,9,2026-08-30,pw01sde1001202602040220260830,https://www.jra.go.jp/JRADB/accessS.html?CNAME=pw01sde1001202602040220260830%2FF9,13-8
3連複,PASS_HTML,14130,36,2026-08-30,pw01sde1001202602040220260830,https://www.jra.go.jp/JRADB/accessS.html?CNAME=pw01sde1001202602040220260830%2FF9,5-8-13
3連単,PASS_HTML,57430,137,2026-08-30,pw01sde1001202602040220260830,https://www.jra.go.jp/JRADB/accessS.html?CNAME=pw01sde1001202602040220260830%2FF9,13-8-5
単勝,QUARANTINED_HTML:track_condition,330,1,2026-08-30,pw01sde1001202602040320260830,https://www.jra.go.jp/JRADB/accessS.html?CNAME=pw01sde1001202602040320260830%2FAE,4
複勝,QUARANTINED_HTML:track_condition,170,1,2026-08-30,pw01sde1001202602040320260830,https://www.jra.go.jp/JRADB/accessS.html?CNAME=pw01sde1001202602040320260830%2FAE,4
複勝,QUARANTINED_HTML:track_condition,1320,12,2026-08-30,pw01sde1001202602040320260830,https://www.jra.go.jp/JRADB/accessS.html?CNAME=pw01sde1001202602040320260830%2FAE,12
複勝,QUARANTINED_HTML:track_condition,350,7,2026-08-30,pw01sde1001202602040320260830,https://www.jra.go.jp/JRADB/accessS.html?CNAME=pw01sde1001202602040320260830%2FAE,2
枠連,QUARANTINED_HTML:track_condition,7460,23,2026-08-30,pw01sde1001202602040320260830,https://www.jra.go.jp/JRADB/accessS.html?CNAME=pw01sde1001202602040320260830%2FAE,3-7
ワイド,QUARANTINED_HTML:track_condition,3910,37,2026-08-30,pw01sde1001202602040320260830,https://www.jra.go.jp/JRADB/accessS.html?CNAME=pw01sde1001202602040320260830%2FAE,4-12
ワイド,QUARANTINED_HTML:track_condition,820,8,2026-08-30,pw01sde1001202602040320260830,https://www.jra.go.jp/JRADB/accessS.html?CNAME=pw01sde1001202602040320260830%2FAE,2-4
ワイド,QUARANTINED_HTML:track_condition,10420,61,2026-08-30,pw01sde1001202602040320260830,https://www.jra.go.jp/JRADB/accessS.html?CNAME=pw01sde1001202602040320260830%2FAE,2-12
馬連,QUARANTINED_HTML:track_condition,13580,35,2026-08-30,pw01sde1001202602040320260830,https://www.jra.go.jp/JRADB/accessS.html?CNAME=pw01sde1001202602040320260830%2FAE,4-12
馬単,QUARANTINED_HTML:track_condition,17530,63,2026-08-30,pw01sde1001202602040320260830,https://www.jra.go.jp/JRADB/accessS.html?CNAME=pw01sde1001202602040320260830%2FAE,4-12
3連複,QUARANTINED_HTML:track_condition,41080,108,2026-08-30,pw01sde1001202602040320260830,https://www.jra.go.jp/JRADB/accessS.html?CNAME=pw01sde1001202602040320260830%2FAE,2-4-12
3連単,QUARANTINED_HTML:track_condition,149660,469,2026-08-30,pw01sde1001202602040320260830,https://www.jra.go.jp/JRADB/accessS.html?CNAME=pw01sde1001202602040320260830%2FAE,4-12-2
単勝,PASS_HTML,380,2,2026-08-30,pw01sde1001202602040420260830,https://www.jra.go.jp/JRADB/accessS.html?CNAME=pw01sde1001202602040420260830%2F63,4
複勝,PASS_HTML,190,2,2026-08-30,pw01sde1001202602040420260830,https://www.jra.go.jp/JRADB/accessS.html?CNAME=pw01sde1001202602040420260830%2F63,4
複勝,PASS_HTML,730,9,2026-08-30,pw01sde1001202602040420260830,https://www.jra.go.jp/JRADB/accessS.html?CNAME=pw01sde1001202602040420260830%2F63,14
複勝,PASS_HTML,1160,14,2026-08-30,pw01sde1001202602040420260830,https://www.jra.go.jp/JRADB/accessS.html?CNAME=pw01sde1001202602040420260830%2F63,15
枠連,PASS_HTML,2830,13,2026-08-30,pw01sde1001202602040420260830,https://www.jra.go.jp/JRADB/accessS.html?CNAME=pw01sde1001202602040420260830%2F63,2-7
ワイド,PASS_HTML,2100,18,2026-08-30,pw01sde1001202602040420260830,https://www.jra.go.jp/JRADB/accessS.html?CNAME=pw01sde1001202602040420260830%2F63,4-14
ワイド,PASS_HTML,3350,42,2026-08-30,pw01sde1001202602040420260830,https://www.jra.go.jp/JRADB/accessS.html?CNAME=pw01sde1001202602040420260830%2F63,4-15
ワイド,PASS_HTML,9370,79,2026-08-30,pw01sde1001202602040420260830,https://www.jra.go.jp/JRADB/accessS.html?CNAME=pw01sde1001202602040420260830%2F63,14-15
馬連,PASS_HTML,6230,20,2026-08-30,pw01sde1001202602040420260830,https://www.jra.go.jp/JRADB/accessS.html?CNAME=pw01sde1001202602040420260830%2F63,4-14
馬単,PASS_HTML,9220,32,2026-08-30,pw01sde1001202602040420260830,https://www.jra.go.jp/JRADB/accessS.html?CNAME=pw01sde1001202602040420260830%2F63,4-14
3連複,PASS_HTML,60880,179,2026-08-30,pw01sde1001202602040420260830,https://www.jra.go.jp/JRADB/accessS.html?CNAME=pw01sde1001202602040420260830%2F63,4-14-15
3連単,PASS_HTML,249880,765,2026-08-30,pw01sde1001202602040420260830,https://www.jra.go.jp/JRADB/accessS.html?CNAME=pw01sde1001202602040420260830%2F63,4-14-15
単勝,PASS_HTML,170,1,2026-08-30,pw01sde1001202602040520260830,https://www.jra.go.jp/JRADB/accessS.html?CNAME=pw01sde1001202602040520260830%2F18,3
複勝,PASS_HTML,110,1,2026-08-30,pw01sde1001202602040520260830,https://www.jra.go.jp/JRADB/accessS.html?CNAME=pw01sde1001202602040520260830%2F18,3
複勝,PASS_HTML,110,2,2026-08-30,pw01sde1001202602040520260830,https://www.jra.go.jp/JRADB/accessS.html?CNAME=pw01sde1001202602040520260830%2F18,6
複勝,PASS_HTML,180,5,2026-08-30,pw01sde1001202602040520260830,https://www.jra.go.jp/JRADB/accessS.html?CNAME=pw01sde1001202602040520260830%2F18,5
ワイド,PASS_HTML,130,1,2026-08-30,pw01sde1001202602040520260830,https://www.jra.go.jp/JRADB/accessS.html?CNAME=pw01sde1001202602040520260830%2F18,3-6
ワイド,PASS_HTML,310,3,2026-08-30,pw01sde1001202602040520260830,https://www.jra.go.jp/JRADB/accessS.html?CNAME=pw01sde1001202602040520260830%2F18,3-5
ワイド,PASS_HTML,350,6,2026-08-30,pw01sde1001202602040520260830,https://www.jra.go.jp/JRADB/accessS.html?CNAME=pw01sde1001202602040520260830%2F18,5-6
馬連,PASS_HTML,190,1,2026-08-30,pw01sde1001202602040520260830,https://www.jra.go.jp/JRADB/accessS.html?CNAME=pw01sde1001202602040520260830%2F18,3-6
馬単,PASS_HTML,320,1,2026-08-30,pw01sde1001202602040520260830,https://www.jra.go.jp/JRADB/accessS.html?CNAME=pw01sde1001202602040520260830%2F18,3-6
3連複,PASS_HTML,440,2,2026-08-30,pw01sde1001202602040520260830,https://www.jra.go.jp/JRADB/accessS.html?CNAME=pw01sde1001202602040520260830%2F18,3-5-6
3連単,PASS_HTML,1520,2,2026-08-30,pw01sde1001202602040520260830,https://www.jra.go.jp/JRADB/accessS.html?CNAME=pw01sde1001202602040520260830%2F18,3-6-5
単勝,QUARANTINED_HTML:track_condition,610,3,2026-08-30,pw01sde1001202602040620260830,https://www.jra.go.jp/JRADB/accessS.html?CNAME=pw01sde1001202602040620260830%2FCD,11
複勝,QUARANTINED_HTML:track_condition,150,2,2026-08-30,pw01sde1001202602040620260830,https://www.jra.go.jp/JRADB/accessS.html?CNAME=pw01sde1001202602040620260830%2FCD,11
複勝,QUARANTINED_HTML:track_condition,120,1,2026-08-30,pw01sde1001202602040620260830,https://www.jra.go.jp/JRADB/accessS.html?CNAME=pw01sde1001202602040620260830%2FCD,12
複勝,QUARANTINED_HTML:track_condition,170,4,2026-08-30,pw01sde1001202602040620260830,https://www.jra.go.jp/JRADB/accessS.html?CNAME=pw01sde1001202602040620260830%2FCD,10
枠連,QUARANTINED_HTML:track_condition,500,2,2026-08-30,pw01sde1001202602040620260830,https://www.jra.go.jp/JRADB/accessS.html?CNAME=pw01sde1001202602040620260830%2FCD,8-8
ワイド,QUARANTINED_HTML:track_condition,240,1,2026-08-30,pw01sde1001202602040620260830,https://www.jra.go.jp/JRADB/accessS.html?CNAME=pw01sde1001202602040620260830%2FCD,11-12
ワイド,QUARANTINED_HTML:track_condition,450,5,2026-08-30,pw01sde1001202602040620260830,https://www.jra.go.jp/JRADB/accessS.html?CNAME=pw01sde1001202602040620260830%2FCD,10-11
ワイド,QUARANTINED_HTML:track_condition,260,2,2026-08-30,pw01sde1001202602040620260830,https://www.jra.go.jp/JRADB/accessS.html?CNAME=pw01sde1001202602040620260830%2FCD,10-12
馬連,QUARANTINED_HTML:track_condition,530,2,2026-08-30,pw01sde1001202602040620260830,https://www.jra.go.jp/JRADB/accessS.html?CNAME=pw01sde1001202602040620260830%2FCD,11-12
馬単,QUARANTINED_HTML:track_condition,1520,5,2026-08-30,pw01sde1001202602040620260830,https://www.jra.go.jp/JRADB/accessS.html?CNAME=pw01sde1001202602040620260830%2FCD,11-12
3連複,QUARANTINED_HTML:track_condition,800,1,2026-08-30,pw01sde1001202602040620260830,https://www.jra.go.jp/JRADB/accessS.html?CNAME=pw01sde1001202602040620260830%2FCD,10-11-12
3連単,QUARANTINED_HTML:track_condition,5940,11,2026-08-30,pw01sde1001202602040620260830,https://www.jra.go.jp/JRADB/accessS.html?CNAME=pw01sde1001202602040620260830%2FCD,11-12-10
単勝,QUARANTINED_HTML:track_condition,420,3,2026-08-30,pw01sde1001202602040720260830,https://www.jra.go.jp/JRADB/accessS.html?CNAME=pw01sde1001202602040720260830%2F82,11
複勝,QUARANTINED_HTML:track_condition,190,4,2026-08-30,pw01sde1001202602040720260830,https://www.jra.go.jp/JRADB/accessS.html?CNAME=pw01sde1001202602040720260830%2F82,11
複勝,QUARANTINED_HTML:track_condition,440,6,2026-08-30,pw01sde1001202602040720260830,https://www.jra.go.jp/JRADB/accessS.html?CNAME=pw01sde1001202602040720260830%2F82,7
複勝,QUARANTINED_HTML:track_condition,130,1,2026-08-30,pw01sde1001202602040720260830,https://www.jra.go.jp/JRADB/accessS.html?CNAME=pw01sde1001202602040720260830%2F82,8
枠連,QUARANTINED_HTML:track_condition,500,2,2026-08-30,pw01sde1001202602040720260830,https://www.jra.go.jp/JRADB/accessS.html?CNAME=pw01sde1001202602040720260830%2F82,6-8
ワイド,QUARANTINED_HTML:track_condition,1220,13,2026-08-30,pw01sde1001202602040720260830,https://www.jra.go.jp/JRADB/accessS.html?CNAME=pw01sde1001202602040720260830%2F82,7-11
ワイド,QUARANTINED_HTML:track_condition,370,2,2026-08-30,pw01sde1001202602040720260830,https://www.jra.go.jp/JRADB/accessS.html?CNAME=pw01sde1001202602040720260830%2F82,8-11
ワイド,QUARANTINED_HTML:track_condition,1200,12,2026-08-30,pw01sde1001202602040720260830,https://www.jra.go.jp/JRADB/accessS.html?CNAME=pw01sde1001202602040720260830%2F82,7-8
馬連,QUARANTINED_HTML:track_condition,3950,13,2026-08-30,pw01sde1001202602040720260830,https://www.jra.go.jp/JRADB/accessS.html?CNAME=pw01sde1001202602040720260830%2F82,7-11
馬単,QUARANTINED_HTML:track_condition,7910,26,2026-08-30,pw01sde1001202602040720260830,https://www.jra.go.jp/JRADB/accessS.html?CNAME=pw01sde1001202602040720260830%2F82,11-7
3連複,QUARANTINED_HTML:track_condition,4990,15,2026-08-30,pw01sde1001202602040720260830,https://www.jra.go.jp/JRADB/accessS.html?CNAME=pw01sde1001202602040720260830%2F82,7-8-11
3連単,QUARANTINED_HTML:track_condition,27110,78,2026-08-30,pw01sde1001202602040720260830,https://www.jra.go.jp/JRADB/accessS.html?CNAME=pw01sde1001202602040720260830%2F82,11-7-8
単勝,PASS_HTML,290,1,2026-08-30,pw01sde1001202602040820260830,https://www.jra.go.jp/JRADB/accessS.html?CNAME=pw01sde1001202602040820260830%2F37,12
複勝,PASS_HTML,140,2,2026-08-30,pw01sde1001202602040820260830,https://www.jra.go.jp/JRADB/accessS.html?CNAME=pw01sde1001202602040820260830%2F37,12
複勝,PASS_HTML,150,3,2026-08-30,pw01sde1001202602040820260830,https://www.jra.go.jp/JRADB/accessS.html?CNAME=pw01sde1001202602040820260830%2F37,14
複勝,PASS_HTML,130,1,2026-08-30,pw01sde1001202602040820260830,https://www.jra.go.jp/JRADB/accessS.html?CNAME=pw01sde1001202602040820260830%2F37,6
枠連,PASS_HTML,740,3,2026-08-30,pw01sde1001202602040820260830,https://www.jra.go.jp/JRADB/accessS.html?CNAME=pw01sde1001202602040820260830%2F37,7-8
ワイド,PASS_HTML,320,4,2026-08-30,pw01sde1001202602040820260830,https://www.jra.go.jp/JRADB/accessS.html?CNAME=pw01sde1001202602040820260830%2F37,12-14
ワイド,PASS_HTML,250,1,2026-08-30,pw01sde1001202602040820260830,https://www.jra.go.jp/JRADB/accessS.html?CNAME=pw01sde1001202602040820260830%2F37,6-12
ワイド,PASS_HTML,420,5,2026-08-30,pw01sde1001202602040820260830,https://www.jra.go.jp/JRADB/accessS.html?CNAME=pw01sde1001202602040820260830%2F37,6-14
馬連,PASS_HTML,820,3,2026-08-30,pw01sde1001202602040820260830,https://www.jra.go.jp/JRADB/accessS.html?CNAME=pw01sde1001202602040820260830%2F37,12-14
馬単,PASS_HTML,1330,4,2026-08-30,pw01sde1001202602040820260830,https://www.jra.go.jp/JRADB/accessS.html?CNAME=pw01sde1001202602040820260830%2F37,12-14
3連複,PASS_HTML,1000,2,2026-08-30,pw01sde1001202602040820260830,https://www.jra.go.jp/JRADB/accessS.html?CNAME=pw01sde1001202602040820260830%2F37,6-12-14
3連単,PASS_HTML,4330,5,2026-08-30,pw01sde1001202602040820260830,https://www.jra.go.jp/JRADB/accessS.html?CNAME=pw01sde1001202602040820260830%2F37,12-14-6
単勝,QUARANTINED_HTML:track_condition,450,3,2026-08-30,pw01sde1001202602040920260830,https://www.jra.go.jp/JRADB/accessS.html?CNAME=pw01sde1001202602040920260830%2FEC,8
複勝,QUARANTINED_HTML:track_condition,150,1,2026-08-30,pw01sde1001202602040920260830,https://www.jra.go.jp/JRADB/accessS.html?CNAME=pw01sde1001202602040920260830%2FEC,8
複勝,QUARANTINED_HTML:track_condition,150,2,2026-08-30,pw01sde1001202602040920260830,https://www.jra.go.jp/JRADB/accessS.html?CNAME=pw01sde1001202602040920260830%2FEC,10
複勝,QUARANTINED_HTML:track_condition,280,6,2026-08-30,pw01sde1001202602040920260830,https://www.jra.go.jp/JRADB/accessS.html?CNAME=pw01sde1001202602040920260830%2FEC,5
枠連,QUARANTINED_HTML:track_condition,330,1,2026-08-30,pw01sde1001202602040920260830,https://www.jra.go.jp/JRADB/accessS.html?CNAME=pw01sde1001202602040920260830%2FEC,7-8
ワイド,QUARANTINED_HTML:track_condition,290,1,2026-08-30,pw01sde1001202602040920260830,https://www.jra.go.jp/JRADB/accessS.html?CNAME=pw01sde1001202602040920260830%2FEC,8-10
ワイド,QUARANTINED_HTML:track_condition,740,12,2026-08-30,pw01sde1001202602040920260830,https://www.jra.go.jp/JRADB/accessS.html?CNAME=pw01sde1001202602040920260830%2FEC,5-8
ワイド,QUARANTINED_HTML:track_condition,870,14,2026-08-30,pw01sde1001202602040920260830,https://www.jra.go.jp/JRADB/accessS.html?CNAME=pw01sde1001202602040920260830%2FEC,5-10
馬連,QUARANTINED_HTML:track_condition,720,1,2026-08-30,pw01sde1001202602040920260830,https://www.jra.go.jp/JRADB/accessS.html?CNAME=pw01sde1001202602040920260830%2FEC,8-10
馬単,QUARANTINED_HTML:track_condition,1400,2,2026-08-30,pw01sde1001202602040920260830,https://www.jra.go.jp/JRADB/accessS.html?CNAME=pw01sde1001202602040920260830%2FEC,8-10
3連複,QUARANTINED_HTML:track_condition,2400,8,2026-08-30,pw01sde1001202602040920260830,https://www.jra.go.jp/JRADB/accessS.html?CNAME=pw01sde1001202602040920260830%2FEC,5-8-10
3連単,QUARANTINED_HTML:track_condition,9890,23,2026-08-30,pw01sde1001202602040920260830,https://www.jra.go.jp/JRADB/accessS.html?CNAME=pw01sde1001202602040920260830%2FEC,8-10-5
単勝,PASS_HTML,360,2,2026-08-30,pw01sde1001202602041020260830,https://www.jra.go.jp/JRADB/accessS.html?CNAME=pw01sde1001202602041020260830%2FE1,16
複勝,PASS_HTML,190,2,2026-08-30,pw01sde1001202602041020260830,https://www.jra.go.jp/JRADB/accessS.html?CNAME=pw01sde1001202602041020260830%2FE1,16
複勝,PASS_HTML,630,11,2026-08-30,pw01sde1001202602041020260830,https://www.jra.go.jp/JRADB/accessS.html?CNAME=pw01sde1001202602041020260830%2FE1,11
複勝,PASS_HTML,540,8,2026-08-30,pw01sde1001202602041020260830,https://www.jra.go.jp/JRADB/accessS.html?CNAME=pw01sde1001202602041020260830%2FE1,5
枠連,PASS_HTML,530,1,2026-08-30,pw01sde1001202602041020260830,https://www.jra.go.jp/JRADB/accessS.html?CNAME=pw01sde1001202602041020260830%2FE1,6-8
ワイド,PASS_HTML,1780,17,2026-08-30,pw01sde1001202602041020260830,https://www.jra.go.jp/JRADB/accessS.html?CNAME=pw01sde1001202602041020260830%2FE1,11-16
ワイド,PASS_HTML,2320,25,2026-08-30,pw01sde1001202602041020260830,https://www.jra.go.jp/JRADB/accessS.html?CNAME=pw01sde1001202602041020260830%2FE1,5-16
ワイド,PASS_HTML,7780,76,2026-08-30,pw01sde1001202602041020260830,https://www.jra.go.jp/JRADB/accessS.html?CNAME=pw01sde1001202602041020260830%2FE1,5-11
馬連,PASS_HTML,5230,17,2026-08-30,pw01sde1001202602041020260830,https://www.jra.go.jp/JRADB/accessS.html?CNAME=pw01sde1001202602041020260830%2FE1,11-16
馬単,PASS_HTML,8220,29,2026-08-30,pw01sde1001202602041020260830,https://www.jra.go.jp/JRADB/accessS.html?CNAME=pw01sde1001202602041020260830%2FE1,16-11
3連複,PASS_HTML,54140,170,2026-08-30,pw01sde1001202602041020260830,https://www.jra.go.jp/JRADB/accessS.html?CNAME=pw01sde1001202602041020260830%2FE1,5-11-16
3連単,PASS_HTML,198580,643,2026-08-30,pw01sde1001202602041020260830,https://www.jra.go.jp/JRADB/accessS.html?CNAME=pw01sde1001202602041020260830%2FE1,16-11-5
単勝,PASS_HTML,1790,9,2026-08-30,pw01sde1001202602041120260830,https://www.jra.go.jp/JRADB/accessS.html?CNAME=pw01sde1001202602041120260830%2F96,2
複勝,PASS_HTML,510,10,2026-08-30,pw01sde1001202602041120260830,https://www.jra.go.jp/JRADB/accessS.html?CNAME=pw01sde1001202602041120260830%2F96,2
複勝,PASS_HTML,190,1,2026-08-30,pw01sde1001202602041120260830,https://www.jra.go.jp/JRADB/accessS.html?CNAME=pw01sde1001202602041120260830%2F96,13
複勝,PASS_HTML,240,4,2026-08-30,pw01sde1001202602041120260830,https://www.jra.go.jp/JRADB/accessS.html?CNAME=pw01sde1001202602041120260830%2F96,4
枠連,PASS_HTML,4080,16,2026-08-30,pw01sde1001202602041120260830,https://www.jra.go.jp/JRADB/accessS.html?CNAME=pw01sde1001202602041120260830%2F96,2-8
ワイド,PASS_HTML,1890,24,2026-08-30,pw01sde1001202602041120260830,https://www.jra.go.jp/JRADB/accessS.html?CNAME=pw01sde1001202602041120260830%2F96,2-13
ワイド,PASS_HTML,1930,26,2026-08-30,pw01sde1001202602041120260830,https://www.jra.go.jp/JRADB/accessS.html?CNAME=pw01sde1001202602041120260830%2F96,2-4
ワイド,PASS_HTML,660,4,2026-08-30,pw01sde1001202602041120260830,https://www.jra.go.jp/JRADB/accessS.html?CNAME=pw01sde1001202602041120260830%2F96,4-13
馬連,PASS_HTML,5840,26,2026-08-30,pw01sde1001202602041120260830,https://www.jra.go.jp/JRADB/accessS.html?CNAME=pw01sde1001202602041120260830%2F96,2-13
馬単,PASS_HTML,13960,63,2026-08-30,pw01sde1001202602041120260830,https://www.jra.go.jp/JRADB/accessS.html?CNAME=pw01sde1001202602041120260830%2F96,2-13
3連複,PASS_HTML,11170,41,2026-08-30,pw01sde1001202602041120260830,https://www.jra.go.jp/JRADB/accessS.html?CNAME=pw01sde1001202602041120260830%2F96,2-4-13
3連単,PASS_HTML,85990,329,2026-08-30,pw01sde1001202602041120260830,https://www.jra.go.jp/JRADB/accessS.html?CNAME=pw01sde1001202602041120260830%2F96,2-13-4
単勝,PASS_HTML,1110,6,2026-08-30,pw01sde1001202602041220260830,https://www.jra.go.jp/JRADB/accessS.html?CNAME=pw01sde1001202602041220260830%2F4B,13
複勝,PASS_HTML,280,4,2026-08-30,pw01sde1001202602041220260830,https://www.jra.go.jp/JRADB/accessS.html?CNAME=pw01sde1001202602041220260830%2F4B,13
複勝,PASS_HTML,210,3,2026-08-30,pw01sde1001202602041220260830,https://www.jra.go.jp/JRADB/accessS.html?CNAME=pw01sde1001202602041220260830%2F4B,10
複勝,PASS_HTML,400,6,2026-08-30,pw01sde1001202602041220260830,https://www.jra.go.jp/JRADB/accessS.html?CNAME=pw01sde1001202602041220260830%2F4B,5
枠連,PASS_HTML,1450,7,2026-08-30,pw01sde1001202602041220260830,https://www.jra.go.jp/JRADB/accessS.html?CNAME=pw01sde1001202602041220260830%2F4B,6-8
ワイド,PASS_HTML,760,7,2026-08-30,pw01sde1001202602041220260830,https://www.jra.go.jp/JRADB/accessS.html?CNAME=pw01sde1001202602041220260830%2F4B,10-13
ワイド,PASS_HTML,1820,19,2026-08-30,pw01sde1001202602041220260830,https://www.jra.go.jp/JRADB/accessS.html?CNAME=pw01sde1001202602041220260830%2F4B,5-13
ワイド,PASS_HTML,1240,14,2026-08-30,pw01sde1001202602041220260830,https://www.jra.go.jp/JRADB/accessS.html?CNAME=pw01sde1001202602041220260830%2F4B,5-10
馬連,PASS_HTML,2810,10,2026-08-30,pw01sde1001202602041220260830,https://www.jra.go.jp/JRADB/accessS.html?CNAME=pw01sde1001202602041220260830%2F4B,10-13
馬単,PASS_HTML,7690,24,2026-08-30,pw01sde1001202602041220260830,https://www.jra.go.jp/JRADB/accessS.html?CNAME=pw01sde1001202602041220260830%2F4B,13-10
3連複,PASS_HTML,9950,32,2026-08-30,pw01sde1001202602041220260830,https://www.jra.go.jp/JRADB/accessS.html?CNAME=pw01sde1001202602041220260830%2F4B,5-10-13
3連単,PASS_HTML,78010,213,2026-08-30,pw01sde1001202602041220260830,https://www.jra.go.jp/JRADB/accessS.html?CNAME=pw01sde1001202602041220260830%2F4B,13-10-5
単勝,PASS_HTML,640,4,2026-08-29,pw01sde1004202603030120260829,https://www.jra.go.jp/JRADB/accessS.html?CNAME=pw01sde1004202603030120260829%2F2B,6
複勝,PASS_HTML,220,3,2026-08-29,pw01sde1004202603030120260829,https://www.jra.go.jp/JRADB/accessS.html?CNAME=pw01sde1004202603030120260829%2F2B,6
複勝,PASS_HTML,220,4,2026-08-29,pw01sde1004202603030120260829,https://www.jra.go.jp/JRADB/accessS.html?CNAME=pw01sde1004202603030120260829%2F2B,1
複勝,PASS_HTML,250,5,2026-08-29,pw01sde1004202603030120260829,https://www.jra.go.jp/JRADB/accessS.html?CNAME=pw01sde1004202603030120260829%2F2B,10
枠連,PASS_HTML,2490,11,2026-08-29,pw01sde1004202603030120260829,https://www.jra.go.jp/JRADB/accessS.html?CNAME=pw01sde1004202603030120260829%2F2B,1-5
ワイド,PASS_HTML,750,10,2026-08-29,pw01sde1004202603030120260829,https://www.jra.go.jp/JRADB/accessS.html?CNAME=pw01sde1004202603030120260829%2F2B,1-6
ワイド,PASS_HTML,710,9,2026-08-29,pw01sde1004202603030120260829,https://www.jra.go.jp/JRADB/accessS.html?CNAME=pw01sde1004202603030120260829%2F2B,6-10
ワイド,PASS_HTML,890,11,2026-08-29,pw01sde1004202603030120260829,https://www.jra.go.jp/JRADB/accessS.html?CNAME=pw01sde1004202603030120260829%2F2B,1-10
馬連,PASS_HTML,2050,9,2026-08-29,pw01sde1004202603030120260829,https://www.jra.go.jp/JRADB/accessS.html?CNAME=pw01sde1004202603030120260829%2F2B,1-6
馬単,PASS_HTML,4270,19,2026-08-29,pw01sde1004202603030120260829,https://www.jra.go.jp/JRADB/accessS.html?CNAME=pw01sde1004202603030120260829%2F2B,6-1
3連複,PASS_HTML,5050,17,2026-08-29,pw01sde1004202603030120260829,https://www.jra.go.jp/JRADB/accessS.html?CNAME=pw01sde1004202603030120260829%2F2B,1-6-10
3連単,PASS_HTML,28180,97,2026-08-29,pw01sde1004202603030120260829,https://www.jra.go.jp/JRADB/accessS.html?CNAME=pw01sde1004202603030120260829%2F2B,6-1-10
単勝,QUARANTINED_HTML:track_condition,450,4,2026-08-29,pw01sde1004202603030220260829,https://www.jra.go.jp/JRADB/accessS.html?CNAME=pw01sde1004202603030220260829%2FE0,11
複勝,QUARANTINED_HTML:track_condition,150,2,2026-08-29,pw01sde1004202603030220260829,https://www.jra.go.jp/JRADB/accessS.html?CNAME=pw01sde1004202603030220260829%2FE0,11
複勝,QUARANTINED_HTML:track_condition,150,3,2026-08-29,pw01sde1004202603030220260829,https://www.jra.go.jp/JRADB/accessS.html?CNAME=pw01sde1004202603030220260829%2FE0,15
複勝,QUARANTINED_HTML:track_condition,130,1,2026-08-29,pw01sde1004202603030220260829,https://www.jra.go.jp/JRADB/accessS.html?CNAME=pw01sde1004202603030220260829%2FE0,7
枠連,QUARANTINED_HTML:track_condition,660,3,2026-08-29,pw01sde1004202603030220260829,https://www.jra.go.jp/JRADB/accessS.html?CNAME=pw01sde1004202603030220260829%2FE0,6-8
ワイド,QUARANTINED_HTML:track_condition,270,2,2026-08-29,pw01sde1004202603030220260829,https://www.jra.go.jp/JRADB/accessS.html?CNAME=pw01sde1004202603030220260829%2FE0,11-15
ワイド,QUARANTINED_HTML:track_condition,270,1,2026-08-29,pw01sde1004202603030220260829,https://www.jra.go.jp/JRADB/accessS.html?CNAME=pw01sde1004202603030220260829%2FE0,7-11
ワイド,QUARANTINED_HTML:track_condition,390,4,2026-08-29,pw01sde1004202603030220260829,https://www.jra.go.jp/JRADB/accessS.html?CNAME=pw01sde1004202603030220260829%2FE0,7-15
馬連,QUARANTINED_HTML:track_condition,580,1,2026-08-29,pw01sde1004202603030220260829,https://www.jra.go.jp/JRADB/accessS.html?CNAME=pw01sde1004202603030220260829%2FE0,11-15
馬単,QUARANTINED_HTML:track_condition,1210,2,2026-08-29,pw01sde1004202603030220260829,https://www.jra.go.jp/JRADB/accessS.html?CNAME=pw01sde1004202603030220260829%2FE0,11-15
3連複,QUARANTINED_HTML:track_condition,1040,1,2026-08-29,pw01sde1004202603030220260829,https://www.jra.go.jp/JRADB/accessS.html?CNAME=pw01sde1004202603030220260829%2FE0,7-11-15
3連単,QUARANTINED_HTML:track_condition,5290,2,2026-08-29,pw01sde1004202603030220260829,https://www.jra.go.jp/JRADB/accessS.html?CNAME=pw01sde1004202603030220260829%2FE0,11-15-7
単勝,PASS_HTML,1330,5,2026-08-29,pw01sde1004202603030320260829,https://www.jra.go.jp/JRADB/accessS.html?CNAME=pw01sde1004202603030320260829%2F95,11
複勝,PASS_HTML,280,5,2026-08-29,pw01sde1004202603030320260829,https://www.jra.go.jp/JRADB/accessS.html?CNAME=pw01sde1004202603030320260829%2F95,11
複勝,PASS_HTML,210,4,2026-08-29,pw01sde1004202603030320260829,https://www.jra.go.jp/JRADB/accessS.html?CNAME=pw01sde1004202603030320260829%2F95,6
複勝,PASS_HTML,200,3,2026-08-29,pw01sde1004202603030320260829,https://www.jra.go.jp/JRADB/accessS.html?CNAME=pw01sde1004202603030320260829%2F95,2
枠連,PASS_HTML,850,5,2026-08-29,pw01sde1004202603030320260829,https://www.jra.go.jp/JRADB/accessS.html?CNAME=pw01sde1004202603030320260829%2F95,6-8
ワイド,PASS_HTML,980,12,2026-08-29,pw01sde1004202603030320260829,https://www.jra.go.jp/JRADB/accessS.html?CNAME=pw01sde1004202603030320260829%2F95,6-11
ワイド,PASS_HTML,700,9,2026-08-29,pw01sde1004202603030320260829,https://www.jra.go.jp/JRADB/accessS.html?CNAME=pw01sde1004202603030320260829%2F95,2-11
ワイド,PASS_HTML,450,6,2026-08-29,pw01sde1004202603030320260829,https://www.jra.go.jp/JRADB/accessS.html?CNAME=pw01sde1004202603030320260829%2F95,2-6
馬連,PASS_HTML,2830,12,2026-08-29,pw01sde1004202603030320260829,https://www.jra.go.jp/JRADB/accessS.html?CNAME=pw01sde1004202603030320260829%2F95,6-11
馬単,PASS_HTML,7640,25,2026-08-29,pw01sde1004202603030320260829,https://www.jra.go.jp/JRADB/accessS.html?CNAME=pw01sde1004202603030320260829%2F95,11-6
3連複,PASS_HTML,3430,13,2026-08-29,pw01sde1004202603030320260829,https://www.jra.go.jp/JRADB/accessS.html?CNAME=pw01sde1004202603030320260829%2F95,2-6-11
3連単,PASS_HTML,30890,111,2026-08-29,pw01sde1004202603030320260829,https://www.jra.go.jp/JRADB/accessS.html?CNAME=pw01sde1004202603030320260829%2F95,11-6-2
単勝,PASS_HTML,150,1,2026-08-29,pw01sde1004202603030420260829,https://www.jra.go.jp/JRADB/accessS.html?CNAME=pw01sde1004202603030420260829%2F4A,4
複勝,PASS_HTML,110,1,2026-08-29,pw01sde1004202603030420260829,https://www.jra.go.jp/JRADB/accessS.html?CNAME=pw01sde1004202603030420260829%2F4A,4
複勝,PASS_HTML,1550,12,2026-08-29,pw01sde1004202603030420260829,https://www.jra.go.jp/JRADB/accessS.html?CNAME=pw01sde1004202603030420260829%2F4A,2
複勝,PASS_HTML,250,4,2026-08-29,pw01sde1004202603030420260829,https://www.jra.go.jp/JRADB/accessS.html?CNAME=pw01sde1004202603030420260829%2F4A,10
枠連,PASS_HTML,4780,13,2026-08-29,pw01sde1004202603030420260829,https://www.jra.go.jp/JRADB/accessS.html?CNAME=pw01sde1004202603030420260829%2F4A,1-2
ワイド,PASS_HTML,3050,30,2026-08-29,pw01sde1004202603030420260829,https://www.jra.go.jp/JRADB/accessS.html?CNAME=pw01sde1004202603030420260829%2F4A,2-4
ワイド,PASS_HTML,410,3,2026-08-29,pw01sde1004202603030420260829,https://www.jra.go.jp/JRADB/accessS.html?CNAME=pw01sde1004202603030420260829%2F4A,4-10
ワイド,PASS_HTML,9110,56,2026-08-29,pw01sde1004202603030420260829,https://www.jra.go.jp/JRADB/accessS.html?CNAME=pw01sde1004202603030420260829%2F4A,2-10
馬連,PASS_HTML,8900,23,2026-08-29,pw01sde1004202603030420260829,https://www.jra.go.jp/JRADB/accessS.html?CNAME=pw01sde1004202603030420260829%2F4A,2-4
馬単,PASS_HTML,9400,28,2026-08-29,pw01sde1004202603030420260829,https://www.jra.go.jp/JRADB/accessS.html?CNAME=pw01sde1004202603030420260829%2F4A,4-2
3連複,PASS_HTML,19340,52,2026-08-29,pw01sde1004202603030420260829,https://www.jra.go.jp/JRADB/accessS.html?CNAME=pw01sde1004202603030420260829%2F4A,2-4-10
3連単,PASS_HTML,82250,217,2026-08-29,pw01sde1004202603030420260829,https://www.jra.go.jp/JRADB/accessS.html?CNAME=pw01sde1004202603030420260829%2F4A,4-2-10
単勝,PASS_HTML,280,1,2026-08-29,pw01sde1004202603030520260829,https://www.jra.go.jp/JRADB/accessS.html?CNAME=pw01sde1004202603030520260829%2FFF,7
複勝,PASS_HTML,110,1,2026-08-29,pw01sde1004202603030520260829,https://www.jra.go.jp/JRADB/accessS.html?CNAME=pw01sde1004202603030520260829%2FFF,7
複勝,PASS_HTML,300,8,2026-08-29,pw01sde1004202603030520260829,https://www.jra.go.jp/JRADB/accessS.html?CNAME=pw01sde1004202603030520260829%2FFF,13
複勝,PASS_HTML,150,2,2026-08-29,pw01sde1004202603030520260829,https://www.jra.go.jp/JRADB/accessS.html?CNAME=pw01sde1004202603030520260829%2FFF,9
枠連,PASS_HTML,1010,4,2026-08-29,pw01sde1004202603030520260829,https://www.jra.go.jp/JRADB/accessS.html?CNAME=pw01sde1004202603030520260829%2FFF,4-7
ワイド,PASS_HTML,760,10,2026-08-29,pw01sde1004202603030520260829,https://www.jra.go.jp/JRADB/accessS.html?CNAME=pw01sde1004202603030520260829%2FFF,7-13
ワイド,PASS_HTML,230,1,2026-08-29,pw01sde1004202603030520260829,https://www.jra.go.jp/JRADB/accessS.html?CNAME=pw01sde1004202603030520260829%2FFF,7-9
ワイド,PASS_HTML,880,12,2026-08-29,pw01sde1004202603030520260829,https://www.jra.go.jp/JRADB/accessS.html?CNAME=pw01sde1004202603030520260829%2FFF,9-13
馬連,PASS_HTML,2760,10,2026-08-29,pw01sde1004202603030520260829,https://www.jra.go.jp/JRADB/accessS.html?CNAME=pw01sde1004202603030520260829%2FFF,7-13
馬単,PASS_HTML,4130,15,2026-08-29,pw01sde1004202603030520260829,https://www.jra.go.jp/JRADB/accessS.html?CNAME=pw01sde1004202603030520260829%2FFF,7-13
3連複,PASS_HTML,2700,8,2026-08-29,pw01sde1004202603030520260829,https://www.jra.go.jp/JRADB/accessS.html?CNAME=pw01sde1004202603030520260829%2FFF,7-9-13
3連単,PASS_HTML,17140,49,2026-08-29,pw01sde1004202603030520260829,https://www.jra.go.jp/JRADB/accessS.html?CNAME=pw01sde1004202603030520260829%2FFF,7-13-9
単勝,QUARANTINED_HTML:track_condition,210,1,2026-08-29,pw01sde1004202603030620260829,https://www.jra.go.jp/JRADB/accessS.html?CNAME=pw01sde1004202603030620260829%2FB4,3
複勝,QUARANTINED_HTML:track_condition,130,1,2026-08-29,pw01sde1004202603030620260829,https://www.jra.go.jp/JRADB/accessS.html?CNAME=pw01sde1004202603030620260829%2FB4,3
複勝,QUARANTINED_HTML:track_condition,240,4,2026-08-29,pw01sde1004202603030620260829,https://www.jra.go.jp/JRADB/accessS.html?CNAME=pw01sde1004202603030620260829%2FB4,4
複勝,QUARANTINED_HTML:track_condition,330,6,2026-08-29,pw01sde1004202603030620260829,https://www.jra.go.jp/JRADB/accessS.html?CNAME=pw01sde1004202603030620260829%2FB4,10
枠連,QUARANTINED_HTML:track_condition,630,2,2026-08-29,pw01sde1004202603030620260829,https://www.jra.go.jp/JRADB/accessS.html?CNAME=pw01sde1004202603030620260829%2FB4,2-3
ワイド,QUARANTINED_HTML:track_condition,380,2,2026-08-29,pw01sde1004202603030620260829,https://www.jra.go.jp/JRADB/accessS.html?CNAME=pw01sde1004202603030620260829%2FB4,3-4
ワイド,QUARANTINED_HTML:track_condition,580,4,2026-08-29,pw01sde1004202603030620260829,https://www.jra.go.jp/JRADB/accessS.html?CNAME=pw01sde1004202603030620260829%2FB4,3-10
ワイド,QUARANTINED_HTML:track_condition,1850,21,2026-08-29,pw01sde1004202603030620260829,https://www.jra.go.jp/JRADB/accessS.html?CNAME=pw01sde1004202603030620260829%2FB4,4-10
馬連,QUARANTINED_HTML:track_condition,970,3,2026-08-29,pw01sde1004202603030620260829,https://www.jra.go.jp/JRADB/accessS.html?CNAME=pw01sde1004202603030620260829%2FB4,3-4
馬単,QUARANTINED_HTML:track_condition,1300,3,2026-08-29,pw01sde1004202603030620260829,https://www.jra.go.jp/JRADB/accessS.html?CNAME=pw01sde1004202603030620260829%2FB4,3-4
3連複,QUARANTINED_HTML:track_condition,3650,8,2026-08-29,pw01sde1004202603030620260829,https://www.jra.go.jp/JRADB/accessS.html?CNAME=pw01sde1004202603030620260829%2FB4,3-4-10
3連単,QUARANTINED_HTML:track_condition,13150,30,2026-08-29,pw01sde1004202603030620260829,https://www.jra.go.jp/JRADB/accessS.html?CNAME=pw01sde1004202603030620260829%2FB4,3-4-10
単勝,PASS_HTML,200,1,2026-08-29,pw01sde1004202603030720260829,https://www.jra.go.jp/JRADB/accessS.html?CNAME=pw01sde1004202603030720260829%2F69,2
複勝,PASS_HTML,140,1,2026-08-29,pw01sde1004202603030720260829,https://www.jra.go.jp/JRADB/accessS.html?CNAME=pw01sde1004202603030720260829%2F69,2
複勝,PASS_HTML,590,9,2026-08-29,pw01sde1004202603030720260829,https://www.jra.go.jp/JRADB/accessS.html?CNAME=pw01sde1004202603030720260829%2F69,5
複勝,PASS_HTML,880,10,2026-08-29,pw01sde1004202603030720260829,https://www.jra.go.jp/JRADB/accessS.html?CNAME=pw01sde1004202603030720260829%2F69,15
枠連,PASS_HTML,1400,6,2026-08-29,pw01sde1004202603030720260829,https://www.jra.go.jp/JRADB/accessS.html?CNAME=pw01sde1004202603030720260829%2F69,1-3
ワイド,PASS_HTML,1180,14,2026-08-29,pw01sde1004202603030720260829,https://www.jra.go.jp/JRADB/accessS.html?CNAME=pw01sde1004202603030720260829%2F69,2-5
ワイド,PASS_HTML,1910,16,2026-08-29,pw01sde1004202603030720260829,https://www.jra.go.jp/JRADB/accessS.html?CNAME=pw01sde1004202603030720260829%2F69,2-15
ワイド,PASS_HTML,14670,84,2026-08-29,pw01sde1004202603030720260829,https://www.jra.go.jp/JRADB/accessS.html?CNAME=pw01sde1004202603030720260829%2F69,5-15
馬連,PASS_HTML,2400,7,2026-08-29,pw01sde1004202603030720260829,https://www.jra.go.jp/JRADB/accessS.html?CNAME=pw01sde1004202603030720260829%2F69,2-5
馬単,PASS_HTML,3820,11,2026-08-29,pw01sde1004202603030720260829,https://www.jra.go.jp/JRADB/accessS.html?CNAME=pw01sde1004202603030720260829%2F69,2-5
3連複,PASS_HTML,37950,106,2026-08-29,pw01sde1004202603030720260829,https://www.jra.go.jp/JRADB/accessS.html?CNAME=pw01sde1004202603030720260829%2F69,2-5-15
3連単,PASS_HTML,107180,297,2026-08-29,pw01sde1004202603030720260829,https://www.jra.go.jp/JRADB/accessS.html?CNAME=pw01sde1004202603030720260829%2F69,2-5-15
単勝,QUARANTINED_HTML:track_condition,780,4,2026-08-29,pw01sde1004202603030820260829,https://www.jra.go.jp/JRADB/accessS.html?CNAME=pw01sde1004202603030820260829%2F1E,7
複勝,QUARANTINED_HTML:track_condition,230,6,2026-08-29,pw01sde1004202603030820260829,https://www.jra.go.jp/JRADB/accessS.html?CNAME=pw01sde1004202603030820260829%2F1E,7
複勝,QUARANTINED_HTML:track_condition,110,1,2026-08-29,pw01sde1004202603030820260829,https://www.jra.go.jp/JRADB/accessS.html?CNAME=pw01sde1004202603030820260829%2F1E,3
複勝,QUARANTINED_HTML:track_condition,220,5,2026-08-29,pw01sde1004202603030820260829,https://www.jra.go.jp/JRADB/accessS.html?CNAME=pw01sde1004202603030820260829%2F1E,1
枠連,QUARANTINED_HTML:track_condition,430,1,2026-08-29,pw01sde1004202603030820260829,https://www.jra.go.jp/JRADB/accessS.html?CNAME=pw01sde1004202603030820260829%2F1E,3-6
ワイド,QUARANTINED_HTML:track_condition,380,5,2026-08-29,pw01sde1004202603030820260829,https://www.jra.go.jp/JRADB/accessS.html?CNAME=pw01sde1004202603030820260829%2F1E,3-7
ワイド,QUARANTINED_HTML:track_condition,960,14,2026-08-29,pw01sde1004202603030820260829,https://www.jra.go.jp/JRADB/accessS.html?CNAME=pw01sde1004202603030820260829%2F1E,1-7
ワイド,QUARANTINED_HTML:track_condition,360,4,2026-08-29,pw01sde1004202603030820260829,https://www.jra.go.jp/JRADB/accessS.html?CNAME=pw01sde1004202603030820260829%2F1E,1-3
馬連,QUARANTINED_HTML:track_condition,840,4,2026-08-29,pw01sde1004202603030820260829,https://www.jra.go.jp/JRADB/accessS.html?CNAME=pw01sde1004202603030820260829%2F1E,3-7
馬単,QUARANTINED_HTML:track_condition,1990,8,2026-08-29,pw01sde1004202603030820260829,https://www.jra.go.jp/JRADB/accessS.html?CNAME=pw01sde1004202603030820260829%2F1E,7-3
3連複,QUARANTINED_HTML:track_condition,2140,10,2026-08-29,pw01sde1004202603030820260829,https://www.jra.go.jp/JRADB/accessS.html?CNAME=pw01sde1004202603030820260829%2F1E,1-3-7
3連単,QUARANTINED_HTML:track_condition,14360,49,2026-08-29,pw01sde1004202603030820260829,https://www.jra.go.jp/JRADB/accessS.html?CNAME=pw01sde1004202603030820260829%2F1E,7-3-1
単勝,PASS_HTML,320,1,2026-08-29,pw01sde1004202603030920260829,https://www.jra.go.jp/JRADB/accessS.html?CNAME=pw01sde1004202603030920260829%2FD3,2
複勝,PASS_HTML,140,1,2026-08-29,pw01sde1004202603030920260829,https://www.jra.go.jp/JRADB/accessS.html?CNAME=pw01sde1004202603030920260829%2FD3,2
複勝,PASS_HTML,140,2,2026-08-29,pw01sde1004202603030920260829,https://www.jra.go.jp/JRADB/accessS.html?CNAME=pw01sde1004202603030920260829%2FD3,8
複勝,PASS_HTML,200,5,2026-08-29,pw01sde1004202603030920260829,https://www.jra.go.jp/JRADB/accessS.html?CNAME=pw01sde1004202603030920260829%2FD3,7
枠連,PASS_HTML,780,2,2026-08-29,pw01sde1004202603030920260829,https://www.jra.go.jp/JRADB/accessS.html?CNAME=pw01sde1004202603030920260829%2FD3,2-6
ワイド,PASS_HTML,340,3,2026-08-29,pw01sde1004202603030920260829,https://www.jra.go.jp/JRADB/accessS.html?CNAME=pw01sde1004202603030920260829%2FD3,2-8
ワイド,PASS_HTML,540,7,2026-08-29,pw01sde1004202603030920260829,https://www.jra.go.jp/JRADB/accessS.html?CNAME=pw01sde1004202603030920260829%2FD3,2-7
ワイド,PASS_HTML,660,9,2026-08-29,pw01sde1004202603030920260829,https://www.jra.go.jp/JRADB/accessS.html?CNAME=pw01sde1004202603030920260829%2FD3,7-8
馬連,PASS_HTML,740,3,2026-08-29,pw01sde1004202603030920260829,https://www.jra.go.jp/JRADB/accessS.html?CNAME=pw01sde1004202603030920260829%2FD3,2-8
馬単,PASS_HTML,1260,1,2026-08-29,pw01sde1004202603030920260829,https://www.jra.go.jp/JRADB/accessS.html?CNAME=pw01sde1004202603030920260829%2FD3,2-8
3連複,PASS_HTML,1600,3,2026-08-29,pw01sde1004202603030920260829,https://www.jra.go.jp/JRADB/accessS.html?CNAME=pw01sde1004202603030920260829%2FD3,2-7-8
3連単,PASS_HTML,5840,9,2026-08-29,pw01sde1004202603030920260829,https://www.jra.go.jp/JRADB/accessS.html?CNAME=pw01sde1004202603030920260829%2FD3,2-8-7
単勝,PASS_HTML,270,1,2026-08-29,pw01sde1004202603031020260829,https://www.jra.go.jp/JRADB/accessS.html?CNAME=pw01sde1004202603031020260829%2FC8,9
複勝,PASS_HTML,130,1,2026-08-29,pw01sde1004202603031020260829,https://www.jra.go.jp/JRADB/accessS.html?CNAME=pw01sde1004202603031020260829%2FC8,9
複勝,PASS_HTML,280,7,2026-08-29,pw01sde1004202603031020260829,https://www.jra.go.jp/JRADB/accessS.html?CNAME=pw01sde1004202603031020260829%2FC8,16
複勝,PASS_HTML,140,2,2026-08-29,pw01sde1004202603031020260829,https://www.jra.go.jp/JRADB/accessS.html?CNAME=pw01sde1004202603031020260829%2FC8,6
枠連,PASS_HTML,760,2,2026-08-29,pw01sde1004202603031020260829,https://www.jra.go.jp/JRADB/accessS.html?CNAME=pw01sde1004202603031020260829%2FC8,5-8
ワイド,PASS_HTML,790,7,2026-08-29,pw01sde1004202603031020260829,https://www.jra.go.jp/JRADB/accessS.html?CNAME=pw01sde1004202603031020260829%2FC8,9-16
ワイド,PASS_HTML,260,1,2026-08-29,pw01sde1004202603031020260829,https://www.jra.go.jp/JRADB/accessS.html?CNAME=pw01sde1004202603031020260829%2FC8,6-9
ワイド,PASS_HTML,780,5,2026-08-29,pw01sde1004202603031020260829,https://www.jra.go.jp/JRADB/accessS.html?CNAME=pw01sde1004202603031020260829%2FC8,6-16
馬連,PASS_HTML,2220,6,2026-08-29,pw01sde1004202603031020260829,https://www.jra.go.jp/JRADB/accessS.html?CNAME=pw01sde1004202603031020260829%2FC8,9-16
馬単,PASS_HTML,2930,7,2026-08-29,pw01sde1004202603031020260829,https://www.jra.go.jp/JRADB/accessS.html?CNAME=pw01sde1004202603031020260829%2FC8,9-16
3連複,PASS_HTML,2300,3,2026-08-29,pw01sde1004202603031020260829,https://www.jra.go.jp/JRADB/accessS.html?CNAME=pw01sde1004202603031020260829%2FC8,6-9-16
3連単,PASS_HTML,13100,19,2026-08-29,pw01sde1004202603031020260829,https://www.jra.go.jp/JRADB/accessS.html?CNAME=pw01sde1004202603031020260829%2FC8,9-16-6
単勝,PASS_HTML,8460,11,2026-08-29,pw01sde1004202603031120260829,https://www.jra.go.jp/JRADB/accessS.html?CNAME=pw01sde1004202603031120260829%2F7D,18
複勝,PASS_HTML,2220,8,2026-08-29,pw01sde1004202603031120260829,https://www.jra.go.jp/JRADB/accessS.html?CNAME=pw01sde1004202603031120260829%2F7D,18
複勝,PASS_HTML,540,4,2026-08-29,pw01sde1004202603031120260829,https://www.jra.go.jp/JRADB/accessS.html?CNAME=pw01sde1004202603031120260829%2F7D,11
複勝,PASS_HTML,880,5,2026-08-29,pw01sde1004202603031120260829,https://www.jra.go.jp/JRADB/accessS.html?CNAME=pw01sde1004202603031120260829%2F7D,17
枠連,PASS_HTML,4760,16,2026-08-29,pw01sde1004202603031120260829,https://www.jra.go.jp/JRADB/accessS.html?CNAME=pw01sde1004202603031120260829%2F7D,6-8
ワイド,PASS_HTML,4790,37,2026-08-29,pw01sde1004202603031120260829,https://www.jra.go.jp/JRADB/accessS.html?CNAME=pw01sde1004202603031120260829%2F7D,11-18
ワイド,PASS_HTML,8350,54,2026-08-29,pw01sde1004202603031120260829,https://www.jra.go.jp/JRADB/accessS.html?CNAME=pw01sde1004202603031120260829%2F7D,17-18
ワイド,PASS_HTML,3650,30,2026-08-29,pw01sde1004202603031120260829,https://www.jra.go.jp/JRADB/accessS.html?CNAME=pw01sde1004202603031120260829%2F7D,11-17
馬連,PASS_HTML,24390,42,2026-08-29,pw01sde1004202603031120260829,https://www.jra.go.jp/JRADB/accessS.html?CNAME=pw01sde1004202603031120260829%2F7D,11-18
馬単,PASS_HTML,77920,96,2026-08-29,pw01sde1004202603031120260829,https://www.jra.go.jp/JRADB/accessS.html?CNAME=pw01sde1004202603031120260829%2F7D,18-11
3連複,PASS_HTML,127780,194,2026-08-29,pw01sde1004202603031120260829,https://www.jra.go.jp/JRADB/accessS.html?CNAME=pw01sde1004202603031120260829%2F7D,11-17-18
3連単,PASS_HTML,1355610,1372,2026-08-29,pw01sde1004202603031120260829,https://www.jra.go.jp/JRADB/accessS.html?CNAME=pw01sde1004202603031120260829%2F7D,18-11-17
単勝,QUARANTINED_HTML:track_condition,210,1,2026-08-29,pw01sde1004202603031220260829,https://www.jra.go.jp/JRADB/accessS.html?CNAME=pw01sde1004202603031220260829%2F32,7
複勝,QUARANTINED_HTML:track_condition,110,1,2026-08-29,pw01sde1004202603031220260829,https://www.jra.go.jp/JRADB/accessS.html?CNAME=pw01sde1004202603031220260829%2F32,7
複勝,QUARANTINED_HTML:track_condition,120,2,2026-08-29,pw01sde1004202603031220260829,https://www.jra.go.jp/JRADB/accessS.html?CNAME=pw01sde1004202603031220260829%2F32,3
複勝,QUARANTINED_HTML:track_condition,150,3,2026-08-29,pw01sde1004202603031220260829,https://www.jra.go.jp/JRADB/accessS.html?CNAME=pw01sde1004202603031220260829%2F32,15
枠連,QUARANTINED_HTML:track_condition,350,1,2026-08-29,pw01sde1004202603031220260829,https://www.jra.go.jp/JRADB/accessS.html?CNAME=pw01sde1004202603031220260829%2F32,2-4
ワイド,QUARANTINED_HTML:track_condition,180,1,2026-08-29,pw01sde1004202603031220260829,https://www.jra.go.jp/JRADB/accessS.html?CNAME=pw01sde1004202603031220260829%2F32,3-7
ワイド,QUARANTINED_HTML:track_condition,320,4,2026-08-29,pw01sde1004202603031220260829,https://www.jra.go.jp/JRADB/accessS.html?CNAME=pw01sde1004202603031220260829%2F32,7-15
ワイド,QUARANTINED_HTML:track_condition,420,7,2026-08-29,pw01sde1004202603031220260829,https://www.jra.go.jp/JRADB/accessS.html?CNAME=pw01sde1004202603031220260829%2F32,3-15
馬連,QUARANTINED_HTML:track_condition,360,1,2026-08-29,pw01sde1004202603031220260829,https://www.jra.go.jp/JRADB/accessS.html?CNAME=pw01sde1004202603031220260829%2F32,3-7
馬単,QUARANTINED_HTML:track_condition,520,1,2026-08-29,pw01sde1004202603031220260829,https://www.jra.go.jp/JRADB/accessS.html?CNAME=pw01sde1004202603031220260829%2F32,7-3
3連複,QUARANTINED_HTML:track_condition,780,3,2026-08-29,pw01sde1004202603031220260829,https://www.jra.go.jp/JRADB/accessS.html?CNAME=pw01sde1004202603031220260829%2F32,3-7-15
3連単,QUARANTINED_HTML:track_condition,2400,5,2026-08-29,pw01sde1004202603031220260829,https://www.jra.go.jp/JRADB/accessS.html?CNAME=pw01sde1004202603031220260829%2F32,7-3-15
単勝,PASS_HTML,560,3,2026-08-30,pw01sde1004202603040120260830,https://www.jra.go.jp/JRADB/accessS.html?CNAME=pw01sde1004202603040120260830%2F53,9
複勝,PASS_HTML,190,3,2026-08-30,pw01sde1004202603040120260830,https://www.jra.go.jp/JRADB/accessS.html?CNAME=pw01sde1004202603040120260830%2F53,9
複勝,PASS_HTML,110,1,2026-08-30,pw01sde1004202603040120260830,https://www.jra.go.jp/JRADB/accessS.html?CNAME=pw01sde1004202603040120260830%2F53,13
複勝,PASS_HTML,560,8,2026-08-30,pw01sde1004202603040120260830,https://www.jra.go.jp/JRADB/accessS.html?CNAME=pw01sde1004202603040120260830%2F53,6
枠連,PASS_HTML,440,2,2026-08-30,pw01sde1004202603040120260830,https://www.jra.go.jp/JRADB/accessS.html?CNAME=pw01sde1004202603040120260830%2F53,6-8
ワイド,PASS_HTML,350,2,2026-08-30,pw01sde1004202603040120260830,https://www.jra.go.jp/JRADB/accessS.html?CNAME=pw01sde1004202603040120260830%2F53,9-13
ワイド,PASS_HTML,1560,21,2026-08-30,pw01sde1004202603040120260830,https://www.jra.go.jp/JRADB/accessS.html?CNAME=pw01sde1004202603040120260830%2F53,6-9
ワイド,PASS_HTML,980,12,2026-08-30,pw01sde1004202603040120260830,https://www.jra.go.jp/JRADB/accessS.html?CNAME=pw01sde1004202603040120260830%2F53,6-13
馬連,PASS_HTML,870,2,2026-08-30,pw01sde1004202603040120260830,https://www.jra.go.jp/JRADB/accessS.html?CNAME=pw01sde1004202603040120260830%2F53,9-13
馬単,PASS_HTML,2080,6,2026-08-30,pw01sde1004202603040120260830,https://www.jra.go.jp/JRADB/accessS.html?CNAME=pw01sde1004202603040120260830%2F53,9-13
3連複,PASS_HTML,4150,15,2026-08-30,pw01sde1004202603040120260830,https://www.jra.go.jp/JRADB/accessS.html?CNAME=pw01sde1004202603040120260830%2F53,6-9-13
3連単,PASS_HTML,23630,76,2026-08-30,pw01sde1004202603040120260830,https://www.jra.go.jp/JRADB/accessS.html?CNAME=pw01sde1004202603040120260830%2F53,9-13-6
単勝,QUARANTINED_HTML:track_condition,250,1,2026-08-30,pw01sde1004202603040220260830,https://www.jra.go.jp/JRADB/accessS.html?CNAME=pw01sde1004202603040220260830%2F08,3
複勝,QUARANTINED_HTML:track_condition,130,1,2026-08-30,pw01sde1004202603040220260830,https://www.jra.go.jp/JRADB/accessS.html?CNAME=pw01sde1004202603040220260830%2F08,3
複勝,QUARANTINED_HTML:track_condition,130,2,2026-08-30,pw01sde1004202603040220260830,https://www.jra.go.jp/JRADB/accessS.html?CNAME=pw01sde1004202603040220260830%2F08,9
複勝,QUARANTINED_HTML:track_condition,960,12,2026-08-30,pw01sde1004202603040220260830,https://www.jra.go.jp/JRADB/accessS.html?CNAME=pw01sde1004202603040220260830%2F08,10
枠連,QUARANTINED_HTML:track_condition,410,1,2026-08-30,pw01sde1004202603040220260830,https://www.jra.go.jp/JRADB/accessS.html?CNAME=pw01sde1004202603040220260830%2F08,3-6
ワイド,QUARANTINED_HTML:track_condition,220,1,2026-08-30,pw01sde1004202603040220260830,https://www.jra.go.jp/JRADB/accessS.html?CNAME=pw01sde1004202603040220260830%2F08,3-9
ワイド,QUARANTINED_HTML:track_condition,2240,29,2026-08-30,pw01sde1004202603040220260830,https://www.jra.go.jp/JRADB/accessS.html?CNAME=pw01sde1004202603040220260830%2F08,3-10
ワイド,QUARANTINED_HTML:track_condition,2650,32,2026-08-30,pw01sde1004202603040220260830,https://www.jra.go.jp/JRADB/accessS.html?CNAME=pw01sde1004202603040220260830%2F08,9-10
馬連,QUARANTINED_HTML:track_condition,400,1,2026-08-30,pw01sde1004202603040220260830,https://www.jra.go.jp/JRADB/accessS.html?CNAME=pw01sde1004202603040220260830%2F08,3-9
馬単,QUARANTINED_HTML:track_condition,740,1,2026-08-30,pw01sde1004202603040220260830,https://www.jra.go.jp/JRADB/accessS.html?CNAME=pw01sde1004202603040220260830%2F08,3-9
3連複,QUARANTINED_HTML:track_condition,6870,21,2026-08-30,pw01sde1004202603040220260830,https://www.jra.go.jp/JRADB/accessS.html?CNAME=pw01sde1004202603040220260830%2F08,3-9-10
3連単,QUARANTINED_HTML:track_condition,20990,54,2026-08-30,pw01sde1004202603040220260830,https://www.jra.go.jp/JRADB/accessS.html?CNAME=pw01sde1004202603040220260830%2F08,3-9-10
単勝,PASS_HTML,6170,6,2026-08-30,pw01sde1004202603040320260830,https://www.jra.go.jp/JRADB/accessS.html?CNAME=pw01sde1004202603040320260830%2FBD,2
複勝,PASS_HTML,570,6,2026-08-30,pw01sde1004202603040320260830,https://www.jra.go.jp/JRADB/accessS.html?CNAME=pw01sde1004202603040320260830%2FBD,2
複勝,PASS_HTML,110,1,2026-08-30,pw01sde1004202603040320260830,https://www.jra.go.jp/JRADB/accessS.html?CNAME=pw01sde1004202603040320260830%2FBD,5
複勝,PASS_HTML,170,4,2026-08-30,pw01sde1004202603040320260830,https://www.jra.go.jp/JRADB/accessS.html?CNAME=pw01sde1004202603040320260830%2FBD,6
ワイド,PASS_HTML,1200,11,2026-08-30,pw01sde1004202603040320260830,https://www.jra.go.jp/JRADB/accessS.html?CNAME=pw01sde1004202603040320260830%2FBD,2-5
ワイド,PASS_HTML,2300,17,2026-08-30,pw01sde1004202603040320260830,https://www.jra.go.jp/JRADB/accessS.html?CNAME=pw01sde1004202603040320260830%2FBD,2-6
ワイド,PASS_HTML,240,3,2026-08-30,pw01sde1004202603040320260830,https://www.jra.go.jp/JRADB/accessS.html?CNAME=pw01sde1004202603040320260830%2FBD,5-6
馬連,PASS_HTML,6510,12,2026-08-30,pw01sde1004202603040320260830,https://www.jra.go.jp/JRADB/accessS.html?CNAME=pw01sde1004202603040320260830%2FBD,2-5
馬単,PASS_HTML,19430,27,2026-08-30,pw01sde1004202603040320260830,https://www.jra.go.jp/JRADB/accessS.html?CNAME=pw01sde1004202603040320260830%2FBD,2-5
3連複,PASS_HTML,7690,17,2026-08-30,pw01sde1004202603040320260830,https://www.jra.go.jp/JRADB/accessS.html?CNAME=pw01sde1004202603040320260830%2FBD,2-5-6
3連単,PASS_HTML,115940,149,2026-08-30,pw01sde1004202603040320260830,https://www.jra.go.jp/JRADB/accessS.html?CNAME=pw01sde1004202603040320260830%2FBD,2-5-6
単勝,PASS_HTML,170,1,2026-08-30,pw01sde1004202603040420260830,https://www.jra.go.jp/JRADB/accessS.html?CNAME=pw01sde1004202603040420260830%2F72,2
複勝,PASS_HTML,110,1,2026-08-30,pw01sde1004202603040420260830,https://www.jra.go.jp/JRADB/accessS.html?CNAME=pw01sde1004202603040420260830%2F72,2
複勝,PASS_HTML,120,2,2026-08-30,pw01sde1004202603040420260830,https://www.jra.go.jp/JRADB/accessS.html?CNAME=pw01sde1004202603040420260830%2F72,6
複勝,PASS_HTML,150,3,2026-08-30,pw01sde1004202603040420260830,https://www.jra.go.jp/JRADB/accessS.html?CNAME=pw01sde1004202603040420260830%2F72,9
枠連,PASS_HTML,410,2,2026-08-30,pw01sde1004202603040420260830,https://www.jra.go.jp/JRADB/accessS.html?CNAME=pw01sde1004202603040420260830%2F72,2-6
ワイド,PASS_HTML,220,1,2026-08-30,pw01sde1004202603040420260830,https://www.jra.go.jp/JRADB/accessS.html?CNAME=pw01sde1004202603040420260830%2F72,2-6
ワイド,PASS_HTML,230,2,2026-08-30,pw01sde1004202603040420260830,https://www.jra.go.jp/JRADB/accessS.html?CNAME=pw01sde1004202603040420260830%2F72,2-9
ワイド,PASS_HTML,400,5,2026-08-30,pw01sde1004202603040420260830,https://www.jra.go.jp/JRADB/accessS.html?CNAME=pw01sde1004202603040420260830%2F72,6-9
馬連,PASS_HTML,440,1,2026-08-30,pw01sde1004202603040420260830,https://www.jra.go.jp/JRADB/accessS.html?CNAME=pw01sde1004202603040420260830%2F72,2-6
馬単,PASS_HTML,610,1,2026-08-30,pw01sde1004202603040420260830,https://www.jra.go.jp/JRADB/accessS.html?CNAME=pw01sde1004202603040420260830%2F72,2-6
3連複,PASS_HTML,820,3,2026-08-30,pw01sde1004202603040420260830,https://www.jra.go.jp/JRADB/accessS.html?CNAME=pw01sde1004202603040420260830%2F72,2-6-9
3連単,PASS_HTML,2230,3,2026-08-30,pw01sde1004202603040420260830,https://www.jra.go.jp/JRADB/accessS.html?CNAME=pw01sde1004202603040420260830%2F72,2-6-9
単勝,PASS_HTML,2740,7,2026-08-30,pw01sde1004202603040520260830,https://www.jra.go.jp/JRADB/accessS.html?CNAME=pw01sde1004202603040520260830%2F27,4
複勝,PASS_HTML,780,10,2026-08-30,pw01sde1004202603040520260830,https://www.jra.go.jp/JRADB/accessS.html?CNAME=pw01sde1004202603040520260830%2F27,4
複勝,PASS_HTML,350,5,2026-08-30,pw01sde1004202603040520260830,https://www.jra.go.jp/JRADB/accessS.html?CNAME=pw01sde1004202603040520260830%2F27,9
複勝,PASS_HTML,200,2,2026-08-30,pw01sde1004202603040520260830,https://www.jra.go.jp/JRADB/accessS.html?CNAME=pw01sde1004202603040520260830%2F27,11
枠連,PASS_HTML,3760,17,2026-08-30,pw01sde1004202603040520260830,https://www.jra.go.jp/JRADB/accessS.html?CNAME=pw01sde1004202603040520260830%2F27,2-5
ワイド,PASS_HTML,5090,47,2026-08-30,pw01sde1004202603040520260830,https://www.jra.go.jp/JRADB/accessS.html?CNAME=pw01sde1004202603040520260830%2F27,4-9
ワイド,PASS_HTML,3220,30,2026-08-30,pw01sde1004202603040520260830,https://www.jra.go.jp/JRADB/accessS.html?CNAME=pw01sde1004202603040520260830%2F27,4-11
ワイド,PASS_HTML,970,10,2026-08-30,pw01sde1004202603040520260830,https://www.jra.go.jp/JRADB/accessS.html?CNAME=pw01sde1004202603040520260830%2F27,9-11
馬連,PASS_HTML,20690,46,2026-08-30,pw01sde1004202603040520260830,https://www.jra.go.jp/JRADB/accessS.html?CNAME=pw01sde1004202603040520260830%2F27,4-9
馬単,PASS_HTML,40740,96,2026-08-30,pw01sde1004202603040520260830,https://www.jra.go.jp/JRADB/accessS.html?CNAME=pw01sde1004202603040520260830%2F27,4-9
3連複,PASS_HTML,34450,96,2026-08-30,pw01sde1004202603040520260830,https://www.jra.go.jp/JRADB/accessS.html?CNAME=pw01sde1004202603040520260830%2F27,4-9-11
3連単,PASS_HTML,293860,719,2026-08-30,pw01sde1004202603040520260830,https://www.jra.go.jp/JRADB/accessS.html?CNAME=pw01sde1004202603040520260830%2F27,4-9-11
単勝,QUARANTINED_HTML:track_condition,190,1,2026-08-30,pw01sde1004202603040620260830,https://www.jra.go.jp/JRADB/accessS.html?CNAME=pw01sde1004202603040620260830%2FDC,2
複勝,QUARANTINED_HTML:track_condition,110,1,2026-08-30,pw01sde1004202603040620260830,https://www.jra.go.jp/JRADB/accessS.html?CNAME=pw01sde1004202603040620260830%2FDC,2
複勝,QUARANTINED_HTML:track_condition,360,7,2026-08-30,pw01sde1004202603040620260830,https://www.jra.go.jp/JRADB/accessS.html?CNAME=pw01sde1004202603040620260830%2FDC,7
複勝,QUARANTINED_HTML:track_condition,290,6,2026-08-30,pw01sde1004202603040620260830,https://www.jra.go.jp/JRADB/accessS.html?CNAME=pw01sde1004202603040620260830%2FDC,9
枠連,QUARANTINED_HTML:track_condition,1020,5,2026-08-30,pw01sde1004202603040620260830,https://www.jra.go.jp/JRADB/accessS.html?CNAME=pw01sde1004202603040620260830%2FDC,2-4
ワイド,QUARANTINED_HTML:track_condition,760,7,2026-08-30,pw01sde1004202603040620260830,https://www.jra.go.jp/JRADB/accessS.html?CNAME=pw01sde1004202603040620260830%2FDC,2-7
ワイド,QUARANTINED_HTML:track_condition,570,5,2026-08-30,pw01sde1004202603040620260830,https://www.jra.go.jp/JRADB/accessS.html?CNAME=pw01sde1004202603040620260830%2FDC,2-9
ワイド,QUARANTINED_HTML:track_condition,2450,24,2026-08-30,pw01sde1004202603040620260830,https://www.jra.go.jp/JRADB/accessS.html?CNAME=pw01sde1004202603040620260830%2FDC,7-9
馬連,QUARANTINED_HTML:track_condition,1820,7,2026-08-30,pw01sde1004202603040620260830,https://www.jra.go.jp/JRADB/accessS.html?CNAME=pw01sde1004202603040620260830%2FDC,2-7
馬単,QUARANTINED_HTML:track_condition,2550,9,2026-08-30,pw01sde1004202603040620260830,https://www.jra.go.jp/JRADB/accessS.html?CNAME=pw01sde1004202603040620260830%2FDC,2-7
3連複,QUARANTINED_HTML:track_condition,5720,18,2026-08-30,pw01sde1004202603040620260830,https://www.jra.go.jp/JRADB/accessS.html?CNAME=pw01sde1004202603040620260830%2FDC,2-7-9
3連単,QUARANTINED_HTML:track_condition,17910,51,2026-08-30,pw01sde1004202603040620260830,https://www.jra.go.jp/JRADB/accessS.html?CNAME=pw01sde1004202603040620260830%2FDC,2-7-9
単勝,PASS_HTML,900,5,2026-08-30,pw01sde1004202603040720260830,https://www.jra.go.jp/JRADB/accessS.html?CNAME=pw01sde1004202603040720260830%2F91,1
複勝,PASS_HTML,220,5,2026-08-30,pw01sde1004202603040720260830,https://www.jra.go.jp/JRADB/accessS.html?CNAME=pw01sde1004202603040720260830%2F91,1
複勝,PASS_HTML,540,7,2026-08-30,pw01sde1004202603040720260830,https://www.jra.go.jp/JRADB/accessS.html?CNAME=pw01sde1004202603040720260830%2F91,2
複勝,PASS_HTML,150,1,2026-08-30,pw01sde1004202603040720260830,https://www.jra.go.jp/JRADB/accessS.html?CNAME=pw01sde1004202603040720260830%2F91,7
枠連,PASS_HTML,7080,20,2026-08-30,pw01sde1004202603040720260830,https://www.jra.go.jp/JRADB/accessS.html?CNAME=pw01sde1004202603040720260830%2F91,1-2
ワイド,PASS_HTML,2120,20,2026-08-30,pw01sde1004202603040720260830,https://www.jra.go.jp/JRADB/accessS.html?CNAME=pw01sde1004202603040720260830%2F91,1-2
ワイド,PASS_HTML,510,7,2026-08-30,pw01sde1004202603040720260830,https://www.jra.go.jp/JRADB/accessS.html?CNAME=pw01sde1004202603040720260830%2F91,1-7
ワイド,PASS_HTML,1450,12,2026-08-30,pw01sde1004202603040720260830,https://www.jra.go.jp/JRADB/accessS.html?CNAME=pw01sde1004202603040720260830%2F91,2-7
馬連,PASS_HTML,8100,21,2026-08-30,pw01sde1004202603040720260830,https://www.jra.go.jp/JRADB/accessS.html?CNAME=pw01sde1004202603040720260830%2F91,1-2
馬単,PASS_HTML,15780,42,2026-08-30,pw01sde1004202603040720260830,https://www.jra.go.jp/JRADB/accessS.html?CNAME=pw01sde1004202603040720260830%2F91,1-2
3連複,PASS_HTML,7090,20,2026-08-30,pw01sde1004202603040720260830,https://www.jra.go.jp/JRADB/accessS.html?CNAME=pw01sde1004202603040720260830%2F91,1-2-7
3連単,PASS_HTML,70040,206,2026-08-30,pw01sde1004202603040720260830,https://www.jra.go.jp/JRADB/accessS.html?CNAME=pw01sde1004202603040720260830%2F91,1-2-7
単勝,PASS_HTML,350,2,2026-08-30,pw01sde1004202603040820260830,https://www.jra.go.jp/JRADB/accessS.html?CNAME=pw01sde1004202603040820260830%2F46,5
複勝,PASS_HTML,130,2,2026-08-30,pw01sde1004202603040820260830,https://www.jra.go.jp/JRADB/accessS.html?CNAME=pw01sde1004202603040820260830%2F46,5
複勝,PASS_HTML,150,3,2026-08-30,pw01sde1004202603040820260830,https://www.jra.go.jp/JRADB/accessS.html?CNAME=pw01sde1004202603040820260830%2F46,3
複勝,PASS_HTML,120,1,2026-08-30,pw01sde1004202603040820260830,https://www.jra.go.jp/JRADB/accessS.html?CNAME=pw01sde1004202603040820260830%2F46,8
枠連,PASS_HTML,920,3,2026-08-30,pw01sde1004202603040820260830,https://www.jra.go.jp/JRADB/accessS.html?CNAME=pw01sde1004202603040820260830%2F46,3-5
ワイド,PASS_HTML,400,3,2026-08-30,pw01sde1004202603040820260830,https://www.jra.go.jp/JRADB/accessS.html?CNAME=pw01sde1004202603040820260830%2F46,3-5
ワイド,PASS_HTML,220,1,2026-08-30,pw01sde1004202603040820260830,https://www.jra.go.jp/JRADB/accessS.html?CNAME=pw01sde1004202603040820260830%2F46,5-8
ワイド,PASS_HTML,290,2,2026-08-30,pw01sde1004202603040820260830,https://www.jra.go.jp/JRADB/accessS.html?CNAME=pw01sde1004202603040820260830%2F46,3-8
馬連,PASS_HTML,930,3,2026-08-30,pw01sde1004202603040820260830,https://www.jra.go.jp/JRADB/accessS.html?CNAME=pw01sde1004202603040820260830%2F46,3-5
馬単,PASS_HTML,1770,6,2026-08-30,pw01sde1004202603040820260830,https://www.jra.go.jp/JRADB/accessS.html?CNAME=pw01sde1004202603040820260830%2F46,5-3
3連複,PASS_HTML,810,1,2026-08-30,pw01sde1004202603040820260830,https://www.jra.go.jp/JRADB/accessS.html?CNAME=pw01sde1004202603040820260830%2F46,3-5-8
3連単,PASS_HTML,4200,6,2026-08-30,pw01sde1004202603040820260830,https://www.jra.go.jp/JRADB/accessS.html?CNAME=pw01sde1004202603040820260830%2F46,5-3-8
単勝,PASS_HTML,290,1,2026-08-30,pw01sde1004202603040920260830,https://www.jra.go.jp/JRADB/accessS.html?CNAME=pw01sde1004202603040920260830%2FFB,18
複勝,PASS_HTML,180,2,2026-08-30,pw01sde1004202603040920260830,https://www.jra.go.jp/JRADB/accessS.html?CNAME=pw01sde1004202603040920260830%2FFB,18
複勝,PASS_HTML,690,8,2026-08-30,pw01sde1004202603040920260830,https://www.jra.go.jp/JRADB/accessS.html?CNAME=pw01sde1004202603040920260830%2FFB,17
複勝,PASS_HTML,260,4,2026-08-30,pw01sde1004202603040920260830,https://www.jra.go.jp/JRADB/accessS.html?CNAME=pw01sde1004202603040920260830%2FFB,11
枠連,PASS_HTML,730,3,2026-08-30,pw01sde1004202603040920260830,https://www.jra.go.jp/JRADB/accessS.html?CNAME=pw01sde1004202603040920260830%2FFB,8-8
ワイド,PASS_HTML,1460,16,2026-08-30,pw01sde1004202603040920260830,https://www.jra.go.jp/JRADB/accessS.html?CNAME=pw01sde1004202603040920260830%2FFB,17-18
ワイド,PASS_HTML,950,8,2026-08-30,pw01sde1004202603040920260830,https://www.jra.go.jp/JRADB/accessS.html?CNAME=pw01sde1004202603040920260830%2FFB,11-18
ワイド,PASS_HTML,3950,37,2026-08-30,pw01sde1004202603040920260830,https://www.jra.go.jp/JRADB/accessS.html?CNAME=pw01sde1004202603040920260830%2FFB,11-17
馬連,PASS_HTML,3350,12,2026-08-30,pw01sde1004202603040920260830,https://www.jra.go.jp/JRADB/accessS.html?CNAME=pw01sde1004202603040920260830%2FFB,17-18
馬単,PASS_HTML,4320,14,2026-08-30,pw01sde1004202603040920260830,https://www.jra.go.jp/JRADB/accessS.html?CNAME=pw01sde1004202603040920260830%2FFB,18-17
3連複,PASS_HTML,13720,39,2026-08-30,pw01sde1004202603040920260830,https://www.jra.go.jp/JRADB/accessS.html?CNAME=pw01sde1004202603040920260830%2FFB,11-17-18
3連単,PASS_HTML,56060,161,2026-08-30,pw01sde1004202603040920260830,https://www.jra.go.jp/JRADB/accessS.html?CNAME=pw01sde1004202603040920260830%2FFB,18-17-11
単勝,QUARANTINED_HTML:track_condition,610,3,2026-08-30,pw01sde1004202603041020260830,https://www.jra.go.jp/JRADB/accessS.html?CNAME=pw01sde1004202603041020260830%2FF0,5
複勝,QUARANTINED_HTML:track_condition,200,3,2026-08-30,pw01sde1004202603041020260830,https://www.jra.go.jp/JRADB/accessS.html?CNAME=pw01sde1004202603041020260830%2FF0,5
複勝,QUARANTINED_HTML:track_condition,130,1,2026-08-30,pw01sde1004202603041020260830,https://www.jra.go.jp/JRADB/accessS.html?CNAME=pw01sde1004202603041020260830%2FF0,10
複勝,QUARANTINED_HTML:track_condition,390,8,2026-08-30,pw01sde1004202603041020260830,https://www.jra.go.jp/JRADB/accessS.html?CNAME=pw01sde1004202603041020260830%2FF0,4
枠連,QUARANTINED_HTML:track_condition,480,2,2026-08-30,pw01sde1004202603041020260830,https://www.jra.go.jp/JRADB/accessS.html?CNAME=pw01sde1004202603041020260830%2FF0,3-6
ワイド,QUARANTINED_HTML:track_condition,310,2,2026-08-30,pw01sde1004202603041020260830,https://www.jra.go.jp/JRADB/accessS.html?CNAME=pw01sde1004202603041020260830%2FF0,5-10
ワイド,QUARANTINED_HTML:track_condition,1700,19,2026-08-30,pw01sde1004202603041020260830,https://www.jra.go.jp/JRADB/accessS.html?CNAME=pw01sde1004202603041020260830%2FF0,4-5
ワイド,QUARANTINED_HTML:track_condition,910,11,2026-08-30,pw01sde1004202603041020260830,https://www.jra.go.jp/JRADB/accessS.html?CNAME=pw01sde1004202603041020260830%2FF0,4-10
馬連,QUARANTINED_HTML:track_condition,490,2,2026-08-30,pw01sde1004202603041020260830,https://www.jra.go.jp/JRADB/accessS.html?CNAME=pw01sde1004202603041020260830%2FF0,5-10
馬単,QUARANTINED_HTML:track_condition,1300,4,2026-08-30,pw01sde1004202603041020260830,https://www.jra.go.jp/JRADB/accessS.html?CNAME=pw01sde1004202603041020260830%2FF0,5-10
3連複,QUARANTINED_HTML:track_condition,4240,13,2026-08-30,pw01sde1004202603041020260830,https://www.jra.go.jp/JRADB/accessS.html?CNAME=pw01sde1004202603041020260830%2FF0,4-5-10
3連単,QUARANTINED_HTML:track_condition,17710,50,2026-08-30,pw01sde1004202603041020260830,https://www.jra.go.jp/JRADB/accessS.html?CNAME=pw01sde1004202603041020260830%2FF0,5-10-4
単勝,PASS_HTML,230,1,2026-08-30,pw01sde1004202603041120260830,https://www.jra.go.jp/JRADB/accessS.html?CNAME=pw01sde1004202603041120260830%2FA5,10
複勝,PASS_HTML,120,1,2026-08-30,pw01sde1004202603041120260830,https://www.jra.go.jp/JRADB/accessS.html?CNAME=pw01sde1004202603041120260830%2FA5,10
複勝,PASS_HTML,150,3,2026-08-30,pw01sde1004202603041120260830,https://www.jra.go.jp/JRADB/accessS.html?CNAME=pw01sde1004202603041120260830%2FA5,8
複勝,PASS_HTML,150,2,2026-08-30,pw01sde1004202603041120260830,https://www.jra.go.jp/JRADB/accessS.html?CNAME=pw01sde1004202603041120260830%2FA5,11
枠連,PASS_HTML,530,2,2026-08-30,pw01sde1004202603041120260830,https://www.jra.go.jp/JRADB/accessS.html?CNAME=pw01sde1004202603041120260830%2FA5,5-6
ワイド,PASS_HTML,250,2,2026-08-30,pw01sde1004202603041120260830,https://www.jra.go.jp/JRADB/accessS.html?CNAME=pw01sde1004202603041120260830%2FA5,8-10
ワイド,PASS_HTML,240,1,2026-08-30,pw01sde1004202603041120260830,https://www.jra.go.jp/JRADB/accessS.html?CNAME=pw01sde1004202603041120260830%2FA5,10-11
ワイド,PASS_HTML,540,7,2026-08-30,pw01sde1004202603041120260830,https://www.jra.go.jp/JRADB/accessS.html?CNAME=pw01sde1004202603041120260830%2FA5,8-11
馬連,PASS_HTML,470,1,2026-08-30,pw01sde1004202603041120260830,https://www.jra.go.jp/JRADB/accessS.html?CNAME=pw01sde1004202603041120260830%2FA5,8-10
馬単,PASS_HTML,810,2,2026-08-30,pw01sde1004202603041120260830,https://www.jra.go.jp/JRADB/accessS.html?CNAME=pw01sde1004202603041120260830%2FA5,10-8
3連複,PASS_HTML,1180,3,2026-08-30,pw01sde1004202603041120260830,https://www.jra.go.jp/JRADB/accessS.html?CNAME=pw01sde1004202603041120260830%2FA5,8-10-11
3連単,PASS_HTML,3930,2,2026-08-30,pw01sde1004202603041120260830,https://www.jra.go.jp/JRADB/accessS.html?CNAME=pw01sde1004202603041120260830%2FA5,10-8-11
単勝,QUARANTINED_HTML:track_condition,250,1,2026-08-30,pw01sde1004202603041220260830,https://www.jra.go.jp/JRADB/accessS.html?CNAME=pw01sde1004202603041220260830%2F5A,6
複勝,QUARANTINED_HTML:track_condition,110,1,2026-08-30,pw01sde1004202603041220260830,https://www.jra.go.jp/JRADB/accessS.html?CNAME=pw01sde1004202603041220260830%2F5A,6
複勝,QUARANTINED_HTML:track_condition,120,2,2026-08-30,pw01sde1004202603041220260830,https://www.jra.go.jp/JRADB/accessS.html?CNAME=pw01sde1004202603041220260830%2F5A,8
複勝,QUARANTINED_HTML:track_condition,170,3,2026-08-30,pw01sde1004202603041220260830,https://www.jra.go.jp/JRADB/accessS.html?CNAME=pw01sde1004202603041220260830%2F5A,14
枠連,QUARANTINED_HTML:track_condition,360,1,2026-08-30,pw01sde1004202603041220260830,https://www.jra.go.jp/JRADB/accessS.html?CNAME=pw01sde1004202603041220260830%2F5A,4-5
ワイド,QUARANTINED_HTML:track_condition,220,1,2026-08-30,pw01sde1004202603041220260830,https://www.jra.go.jp/JRADB/accessS.html?CNAME=pw01sde1004202603041220260830%2F5A,6-8
ワイド,QUARANTINED_HTML:track_condition,480,7,2026-08-30,pw01sde1004202603041220260830,https://www.jra.go.jp/JRADB/accessS.html?CNAME=pw01sde1004202603041220260830%2F5A,6-14
ワイド,QUARANTINED_HTML:track_condition,330,3,2026-08-30,pw01sde1004202603041220260830,https://www.jra.go.jp/JRADB/accessS.html?CNAME=pw01sde1004202603041220260830%2F5A,8-14
馬連,QUARANTINED_HTML:track_condition,390,1,2026-08-30,pw01sde1004202603041220260830,https://www.jra.go.jp/JRADB/accessS.html?CNAME=pw01sde1004202603041220260830%2F5A,6-8
馬単,QUARANTINED_HTML:track_condition,630,1,2026-08-30,pw01sde1004202603041220260830,https://www.jra.go.jp/JRADB/accessS.html?CNAME=pw01sde1004202603041220260830%2F5A,6-8
3連複,QUARANTINED_HTML:track_condition,820,1,2026-08-30,pw01sde1004202603041220260830,https://www.jra.go.jp/JRADB/accessS.html?CNAME=pw01sde1004202603041220260830%2F5A,6-8-14
3連単,QUARANTINED_HTML:track_condition,3160,3,2026-08-30,pw01sde1004202603041220260830,https://www.jra.go.jp/JRADB/accessS.html?CNAME=pw01sde1004202603041220260830%2F5A,6-8-14
単勝,PASS_HTML,440,2,2026-08-29,pw01sde1007202603030120260829,https://www.jra.go.jp/JRADB/accessS.html?CNAME=pw01sde1007202603030120260829%2F09,7
複勝,PASS_HTML,130,2,2026-08-29,pw01sde1007202603030120260829,https://www.jra.go.jp/JRADB/accessS.html?CNAME=pw01sde1007202603030120260829%2F09,7
複勝,PASS_HTML,110,1,2026-08-29,pw01sde1007202603030120260829,https://www.jra.go.jp/JRADB/accessS.html?CNAME=pw01sde1007202603030120260829%2F09,1
複勝,PASS_HTML,390,7,2026-08-29,pw01sde1007202603030120260829,https://www.jra.go.jp/JRADB/accessS.html?CNAME=pw01sde1007202603030120260829%2F09,8
枠連,PASS_HTML,370,1,2026-08-29,pw01sde1007202603030120260829,https://www.jra.go.jp/JRADB/accessS.html?CNAME=pw01sde1007202603030120260829%2F09,1-6
ワイド,PASS_HTML,230,1,2026-08-29,pw01sde1007202603030120260829,https://www.jra.go.jp/JRADB/accessS.html?CNAME=pw01sde1007202603030120260829%2F09,1-7
ワイド,PASS_HTML,1230,17,2026-08-29,pw01sde1007202603030120260829,https://www.jra.go.jp/JRADB/accessS.html?CNAME=pw01sde1007202603030120260829%2F09,7-8
ワイド,PASS_HTML,810,10,2026-08-29,pw01sde1007202603030120260829,https://www.jra.go.jp/JRADB/accessS.html?CNAME=pw01sde1007202603030120260829%2F09,1-8
馬連,PASS_HTML,480,2,2026-08-29,pw01sde1007202603030120260829,https://www.jra.go.jp/JRADB/accessS.html?CNAME=pw01sde1007202603030120260829%2F09,1-7
馬単,PASS_HTML,1210,4,2026-08-29,pw01sde1007202603030120260829,https://www.jra.go.jp/JRADB/accessS.html?CNAME=pw01sde1007202603030120260829%2F09,7-1
3連複,PASS_HTML,2240,7,2026-08-29,pw01sde1007202603030120260829,https://www.jra.go.jp/JRADB/accessS.html?CNAME=pw01sde1007202603030120260829%2F09,1-7-8
3連単,PASS_HTML,11760,32,2026-08-29,pw01sde1007202603030120260829,https://www.jra.go.jp/JRADB/accessS.html?CNAME=pw01sde1007202603030120260829%2F09,7-1-8
単勝,QUARANTINED_HTML:track_condition,140,1,2026-08-29,pw01sde1007202603030220260829,https://www.jra.go.jp/JRADB/accessS.html?CNAME=pw01sde1007202603030220260829%2FBE,7
複勝,QUARANTINED_HTML:track_condition,110,1,2026-08-29,pw01sde1007202603030220260829,https://www.jra.go.jp/JRADB/accessS.html?CNAME=pw01sde1007202603030220260829%2FBE,7
複勝,QUARANTINED_HTML:track_condition,180,3,2026-08-29,pw01sde1007202603030220260829,https://www.jra.go.jp/JRADB/accessS.html?CNAME=pw01sde1007202603030220260829%2FBE,11
複勝,QUARANTINED_HTML:track_condition,200,5,2026-08-29,pw01sde1007202603030220260829,https://www.jra.go.jp/JRADB/accessS.html?CNAME=pw01sde1007202603030220260829%2FBE,2
枠連,QUARANTINED_HTML:track_condition,430,2,2026-08-29,pw01sde1007202603030220260829,https://www.jra.go.jp/JRADB/accessS.html?CNAME=pw01sde1007202603030220260829%2FBE,6-8
ワイド,QUARANTINED_HTML:track_condition,260,2,2026-08-29,pw01sde1007202603030220260829,https://www.jra.go.jp/JRADB/accessS.html?CNAME=pw01sde1007202603030220260829%2FBE,7-11
ワイド,QUARANTINED_HTML:track_condition,330,4,2026-08-29,pw01sde1007202603030220260829,https://www.jra.go.jp/JRADB/accessS.html?CNAME=pw01sde1007202603030220260829%2FBE,2-7
ワイド,QUARANTINED_HTML:track_condition,1050,12,2026-08-29,pw01sde1007202603030220260829,https://www.jra.go.jp/JRADB/accessS.html?CNAME=pw01sde1007202603030220260829%2FBE,2-11
馬連,QUARANTINED_HTML:track_condition,620,3,2026-08-29,pw01sde1007202603030220260829,https://www.jra.go.jp/JRADB/accessS.html?CNAME=pw01sde1007202603030220260829%2FBE,7-11
馬単,QUARANTINED_HTML:track_condition,690,2,2026-08-29,pw01sde1007202603030220260829,https://www.jra.go.jp/JRADB/accessS.html?CNAME=pw01sde1007202603030220260829%2FBE,7-11
3連複,QUARANTINED_HTML:track_condition,1680,6,2026-08-29,pw01sde1007202603030220260829,https://www.jra.go.jp/JRADB/accessS.html?CNAME=pw01sde1007202603030220260829%2FBE,2-7-11
3連単,QUARANTINED_HTML:track_condition,3750,7,2026-08-29,pw01sde1007202603030220260829,https://www.jra.go.jp/JRADB/accessS.html?CNAME=pw01sde1007202603030220260829%2FBE,7-11-2
単勝,PASS_HTML,790,4,2026-08-29,pw01sde1007202603030320260829,https://www.jra.go.jp/JRADB/accessS.html?CNAME=pw01sde1007202603030320260829%2F73,5
複勝,PASS_HTML,260,4,2026-08-29,pw01sde1007202603030320260829,https://www.jra.go.jp/JRADB/accessS.html?CNAME=pw01sde1007202603030320260829%2F73,5
複勝,PASS_HTML,210,3,2026-08-29,pw01sde1007202603030320260829,https://www.jra.go.jp/JRADB/accessS.html?CNAME=pw01sde1007202603030320260829%2F73,8
複勝,PASS_HTML,2830,12,2026-08-29,pw01sde1007202603030320260829,https://www.jra.go.jp/JRADB/accessS.html?CNAME=pw01sde1007202603030320260829%2F73,2
枠連,PASS_HTML,880,4,2026-08-29,pw01sde1007202603030320260829,https://www.jra.go.jp/JRADB/accessS.html?CNAME=pw01sde1007202603030320260829%2F73,5-6
ワイド,PASS_HTML,610,7,2026-08-29,pw01sde1007202603030320260829,https://www.jra.go.jp/JRADB/accessS.html?CNAME=pw01sde1007202603030320260829%2F73,5-8
ワイド,PASS_HTML,8240,46,2026-08-29,pw01sde1007202603030320260829,https://www.jra.go.jp/JRADB/accessS.html?CNAME=pw01sde1007202603030320260829%2F73,2-5
ワイド,PASS_HTML,4270,31,2026-08-29,pw01sde1007202603030320260829,https://www.jra.go.jp/JRADB/accessS.html?CNAME=pw01sde1007202603030320260829%2F73,2-8
馬連,PASS_HTML,1400,6,2026-08-29,pw01sde1007202603030320260829,https://www.jra.go.jp/JRADB/accessS.html?CNAME=pw01sde1007202603030320260829%2F73,5-8
馬単,PASS_HTML,3500,14,2026-08-29,pw01sde1007202603030320260829,https://www.jra.go.jp/JRADB/accessS.html?CNAME=pw01sde1007202603030320260829%2F73,5-8
3連複,PASS_HTML,28280,64,2026-08-29,pw01sde1007202603030320260829,https://www.jra.go.jp/JRADB/accessS.html?CNAME=pw01sde1007202603030320260829%2F73,2-5-8
3連単,PASS_HTML,162030,315,2026-08-29,pw01sde1007202603030320260829,https://www.jra.go.jp/JRADB/accessS.html?CNAME=pw01sde1007202603030320260829%2F73,5-8-2
単勝,PASS_HTML,170,1,2026-08-29,pw01sde1007202603030420260829,https://www.jra.go.jp/JRADB/accessS.html?CNAME=pw01sde1007202603030420260829%2F28,13
複勝,PASS_HTML,110,1,2026-08-29,pw01sde1007202603030420260829,https://www.jra.go.jp/JRADB/accessS.html?CNAME=pw01sde1007202603030420260829%2F28,13
複勝,PASS_HTML,230,4,2026-08-29,pw01sde1007202603030420260829,https://www.jra.go.jp/JRADB/accessS.html?CNAME=pw01sde1007202603030420260829%2F28,7
複勝,PASS_HTML,1150,11,2026-08-29,pw01sde1007202603030420260829,https://www.jra.go.jp/JRADB/accessS.html?CNAME=pw01sde1007202603030420260829%2F28,10
枠連,PASS_HTML,290,1,2026-08-29,pw01sde1007202603030420260829,https://www.jra.go.jp/JRADB/accessS.html?CNAME=pw01sde1007202603030420260829%2F28,4-7
ワイド,PASS_HTML,470,3,2026-08-29,pw01sde1007202603030420260829,https://www.jra.go.jp/JRADB/accessS.html?CNAME=pw01sde1007202603030420260829%2F28,7-13
ワイド,PASS_HTML,2100,21,2026-08-29,pw01sde1007202603030420260829,https://www.jra.go.jp/JRADB/accessS.html?CNAME=pw01sde1007202603030420260829%2F28,10-13
ワイド,PASS_HTML,7900,51,2026-08-29,pw01sde1007202603030420260829,https://www.jra.go.jp/JRADB/accessS.html?CNAME=pw01sde1007202603030420260829%2F28,7-10
馬連,PASS_HTML,910,3,2026-08-29,pw01sde1007202603030420260829,https://www.jra.go.jp/JRADB/accessS.html?CNAME=pw01sde1007202603030420260829%2F28,7-13
馬単,PASS_HTML,1100,3,2026-08-29,pw01sde1007202603030420260829,https://www.jra.go.jp/JRADB/accessS.html?CNAME=pw01sde1007202603030420260829%2F28,13-7
3連複,PASS_HTML,14590,42,2026-08-29,pw01sde1007202603030420260829,https://www.jra.go.jp/JRADB/accessS.html?CNAME=pw01sde1007202603030420260829%2F28,7-10-13
3連単,PASS_HTML,32030,88,2026-08-29,pw01sde1007202603030420260829,https://www.jra.go.jp/JRADB/accessS.html?CNAME=pw01sde1007202603030420260829%2F28,13-7-10
単勝,PASS_HTML,270,1,2026-08-29,pw01sde1007202603030520260829,https://www.jra.go.jp/JRADB/accessS.html?CNAME=pw01sde1007202603030520260829%2FDD,10
複勝,PASS_HTML,110,1,2026-08-29,pw01sde1007202603030520260829,https://www.jra.go.jp/JRADB/accessS.html?CNAME=pw01sde1007202603030520260829%2FDD,10
複勝,PASS_HTML,150,2,2026-08-29,pw01sde1007202603030520260829,https://www.jra.go.jp/JRADB/accessS.html?CNAME=pw01sde1007202603030520260829%2FDD,4
複勝,PASS_HTML,200,6,2026-08-29,pw01sde1007202603030520260829,https://www.jra.go.jp/JRADB/accessS.html?CNAME=pw01sde1007202603030520260829%2FDD,8
枠連,PASS_HTML,360,1,2026-08-29,pw01sde1007202603030520260829,https://www.jra.go.jp/JRADB/accessS.html?CNAME=pw01sde1007202603030520260829%2FDD,4-7
ワイド,PASS_HTML,210,1,2026-08-29,pw01sde1007202603030520260829,https://www.jra.go.jp/JRADB/accessS.html?CNAME=pw01sde1007202603030520260829%2FDD,4-10
ワイド,PASS_HTML,370,4,2026-08-29,pw01sde1007202603030520260829,https://www.jra.go.jp/JRADB/accessS.html?CNAME=pw01sde1007202603030520260829%2FDD,8-10
ワイド,PASS_HTML,570,8,2026-08-29,pw01sde1007202603030520260829,https://www.jra.go.jp/JRADB/accessS.html?CNAME=pw01sde1007202603030520260829%2FDD,4-8
馬連,PASS_HTML,480,1,2026-08-29,pw01sde1007202603030520260829,https://www.jra.go.jp/JRADB/accessS.html?CNAME=pw01sde1007202603030520260829%2FDD,4-10
馬単,PASS_HTML,840,1,2026-08-29,pw01sde1007202603030520260829,https://www.jra.go.jp/JRADB/accessS.html?CNAME=pw01sde1007202603030520260829%2FDD,10-4
3連複,PASS_HTML,1490,3,2026-08-29,pw01sde1007202603030520260829,https://www.jra.go.jp/JRADB/accessS.html?CNAME=pw01sde1007202603030520260829%2FDD,4-8-10
3連単,PASS_HTML,4470,3,2026-08-29,pw01sde1007202603030520260829,https://www.jra.go.jp/JRADB/accessS.html?CNAME=pw01sde1007202603030520260829%2FDD,10-4-8
単勝,QUARANTINED_HTML:track_condition,400,3,2026-08-29,pw01sde1007202603030620260829,https://www.jra.go.jp/JRADB/accessS.html?CNAME=pw01sde1007202603030620260829%2F92,1
複勝,QUARANTINED_HTML:track_condition,190,3,2026-08-29,pw01sde1007202603030620260829,https://www.jra.go.jp/JRADB/accessS.html?CNAME=pw01sde1007202603030620260829%2F92,1
複勝,QUARANTINED_HTML:track_condition,310,6,2026-08-29,pw01sde1007202603030620260829,https://www.jra.go.jp/JRADB/accessS.html?CNAME=pw01sde1007202603030620260829%2F92,11
複勝,QUARANTINED_HTML:track_condition,300,5,2026-08-29,pw01sde1007202603030620260829,https://www.jra.go.jp/JRADB/accessS.html?CNAME=pw01sde1007202603030620260829%2F92,6
枠連,QUARANTINED_HTML:track_condition,2210,7,2026-08-29,pw01sde1007202603030620260829,https://www.jra.go.jp/JRADB/accessS.html?CNAME=pw01sde1007202603030620260829%2F92,1-7
ワイド,QUARANTINED_HTML:track_condition,730,7,2026-08-29,pw01sde1007202603030620260829,https://www.jra.go.jp/JRADB/accessS.html?CNAME=pw01sde1007202603030620260829%2F92,1-11
ワイド,QUARANTINED_HTML:track_condition,920,12,2026-08-29,pw01sde1007202603030620260829,https://www.jra.go.jp/JRADB/accessS.html?CNAME=pw01sde1007202603030620260829%2F92,1-6
ワイド,QUARANTINED_HTML:track_condition,1880,22,2026-08-29,pw01sde1007202603030620260829,https://www.jra.go.jp/JRADB/accessS.html?CNAME=pw01sde1007202603030620260829%2F92,6-11
馬連,QUARANTINED_HTML:track_condition,2150,8,2026-08-29,pw01sde1007202603030620260829,https://www.jra.go.jp/JRADB/accessS.html?CNAME=pw01sde1007202603030620260829%2F92,1-11
馬単,QUARANTINED_HTML:track_condition,3480,15,2026-08-29,pw01sde1007202603030620260829,https://www.jra.go.jp/JRADB/accessS.html?CNAME=pw01sde1007202603030620260829%2F92,1-11
3連複,QUARANTINED_HTML:track_condition,8450,27,2026-08-29,pw01sde1007202603030620260829,https://www.jra.go.jp/JRADB/accessS.html?CNAME=pw01sde1007202603030620260829%2F92,1-6-11
3連単,QUARANTINED_HTML:track_condition,35470,119,2026-08-29,pw01sde1007202603030620260829,https://www.jra.go.jp/JRADB/accessS.html?CNAME=pw01sde1007202603030620260829%2F92,1-11-6
単勝,PASS_HTML,2300,8,2026-08-29,pw01sde1007202603030720260829,https://www.jra.go.jp/JRADB/accessS.html?CNAME=pw01sde1007202603030720260829%2F47,4
複勝,PASS_HTML,370,6,2026-08-29,pw01sde1007202603030720260829,https://www.jra.go.jp/JRADB/accessS.html?CNAME=pw01sde1007202603030720260829%2F47,4
複勝,PASS_HTML,210,3,2026-08-29,pw01sde1007202603030720260829,https://www.jra.go.jp/JRADB/accessS.html?CNAME=pw01sde1007202603030720260829%2F47,5
複勝,PASS_HTML,190,2,2026-08-29,pw01sde1007202603030720260829,https://www.jra.go.jp/JRADB/accessS.html?CNAME=pw01sde1007202603030720260829%2F47,1
枠連,PASS_HTML,4240,17,2026-08-29,pw01sde1007202603030720260829,https://www.jra.go.jp/JRADB/accessS.html?CNAME=pw01sde1007202603030720260829%2F47,3-3
ワイド,PASS_HTML,1430,15,2026-08-29,pw01sde1007202603030720260829,https://www.jra.go.jp/JRADB/accessS.html?CNAME=pw01sde1007202603030720260829%2F47,4-5
ワイド,PASS_HTML,1330,13,2026-08-29,pw01sde1007202603030720260829,https://www.jra.go.jp/JRADB/accessS.html?CNAME=pw01sde1007202603030720260829%2F47,1-4
ワイド,PASS_HTML,560,4,2026-08-29,pw01sde1007202603030720260829,https://www.jra.go.jp/JRADB/accessS.html?CNAME=pw01sde1007202603030720260829%2F47,1-5
馬連,PASS_HTML,4300,14,2026-08-29,pw01sde1007202603030720260829,https://www.jra.go.jp/JRADB/accessS.html?CNAME=pw01sde1007202603030720260829%2F47,4-5
馬単,PASS_HTML,11520,41,2026-08-29,pw01sde1007202603030720260829,https://www.jra.go.jp/JRADB/accessS.html?CNAME=pw01sde1007202603030720260829%2F47,4-5
3連複,PASS_HTML,5290,16,2026-08-29,pw01sde1007202603030720260829,https://www.jra.go.jp/JRADB/accessS.html?CNAME=pw01sde1007202603030720260829%2F47,1-4-5
3連単,PASS_HTML,47400,147,2026-08-29,pw01sde1007202603030720260829,https://www.jra.go.jp/JRADB/accessS.html?CNAME=pw01sde1007202603030720260829%2F47,4-5-1
単勝,PASS_HTML,410,2,2026-08-29,pw01sde1007202603030820260829,https://www.jra.go.jp/JRADB/accessS.html?CNAME=pw01sde1007202603030820260829%2FFC,6
複勝,PASS_HTML,170,2,2026-08-29,pw01sde1007202603030820260829,https://www.jra.go.jp/JRADB/accessS.html?CNAME=pw01sde1007202603030820260829%2FFC,6
複勝,PASS_HTML,510,8,2026-08-29,pw01sde1007202603030820260829,https://www.jra.go.jp/JRADB/accessS.html?CNAME=pw01sde1007202603030820260829%2FFC,4
複勝,PASS_HTML,210,3,2026-08-29,pw01sde1007202603030820260829,https://www.jra.go.jp/JRADB/accessS.html?CNAME=pw01sde1007202603030820260829%2FFC,9
枠連,PASS_HTML,3670,14,2026-08-29,pw01sde1007202603030820260829,https://www.jra.go.jp/JRADB/accessS.html?CNAME=pw01sde1007202603030820260829%2FFC,3-4
ワイド,PASS_HTML,2080,24,2026-08-29,pw01sde1007202603030820260829,https://www.jra.go.jp/JRADB/accessS.html?CNAME=pw01sde1007202603030820260829%2FFC,4-6
ワイド,PASS_HTML,480,3,2026-08-29,pw01sde1007202603030820260829,https://www.jra.go.jp/JRADB/accessS.html?CNAME=pw01sde1007202603030820260829%2FFC,6-9
ワイド,PASS_HTML,2480,27,2026-08-29,pw01sde1007202603030820260829,https://www.jra.go.jp/JRADB/accessS.html?CNAME=pw01sde1007202603030820260829%2FFC,4-9
馬連,PASS_HTML,6470,21,2026-08-29,pw01sde1007202603030820260829,https://www.jra.go.jp/JRADB/accessS.html?CNAME=pw01sde1007202603030820260829%2FFC,4-6
馬単,PASS_HTML,9210,33,2026-08-29,pw01sde1007202603030820260829,https://www.jra.go.jp/JRADB/accessS.html?CNAME=pw01sde1007202603030820260829%2FFC,6-4
3連複,PASS_HTML,9750,35,2026-08-29,pw01sde1007202603030820260829,https://www.jra.go.jp/JRADB/accessS.html?CNAME=pw01sde1007202603030820260829%2FFC,4-6-9
3連単,PASS_HTML,66380,221,2026-08-29,pw01sde1007202603030820260829,https://www.jra.go.jp/JRADB/accessS.html?CNAME=pw01sde1007202603030820260829%2FFC,6-4-9
単勝,QUARANTINED_HTML:track_condition,320,2,2026-08-29,pw01sde1007202603030920260829,https://www.jra.go.jp/JRADB/accessS.html?CNAME=pw01sde1007202603030920260829%2FB1,4
複勝,QUARANTINED_HTML:track_condition,160,2,2026-08-29,pw01sde1007202603030920260829,https://www.jra.go.jp/JRADB/accessS.html?CNAME=pw01sde1007202603030920260829%2FB1,4
複勝,QUARANTINED_HTML:track_condition,220,5,2026-08-29,pw01sde1007202603030920260829,https://www.jra.go.jp/JRADB/accessS.html?CNAME=pw01sde1007202603030920260829%2FB1,5
複勝,QUARANTINED_HTML:track_condition,470,8,2026-08-29,pw01sde1007202603030920260829,https://www.jra.go.jp/JRADB/accessS.html?CNAME=pw01sde1007202603030920260829%2FB1,1
枠連,QUARANTINED_HTML:track_condition,1730,7,2026-08-29,pw01sde1007202603030920260829,https://www.jra.go.jp/JRADB/accessS.html?CNAME=pw01sde1007202603030920260829%2FB1,4-5
ワイド,QUARANTINED_HTML:track_condition,560,7,2026-08-29,pw01sde1007202603030920260829,https://www.jra.go.jp/JRADB/accessS.html?CNAME=pw01sde1007202603030920260829%2FB1,4-5
ワイド,QUARANTINED_HTML:track_condition,1360,20,2026-08-29,pw01sde1007202603030920260829,https://www.jra.go.jp/JRADB/accessS.html?CNAME=pw01sde1007202603030920260829%2FB1,1-4
ワイド,QUARANTINED_HTML:track_condition,3400,34,2026-08-29,pw01sde1007202603030920260829,https://www.jra.go.jp/JRADB/accessS.html?CNAME=pw01sde1007202603030920260829%2FB1,1-5
馬連,QUARANTINED_HTML:track_condition,1560,5,2026-08-29,pw01sde1007202603030920260829,https://www.jra.go.jp/JRADB/accessS.html?CNAME=pw01sde1007202603030920260829%2FB1,4-5
馬単,QUARANTINED_HTML:track_condition,2510,10,2026-08-29,pw01sde1007202603030920260829,https://www.jra.go.jp/JRADB/accessS.html?CNAME=pw01sde1007202603030920260829%2FB1,4-5
3連複,QUARANTINED_HTML:track_condition,12580,48,2026-08-29,pw01sde1007202603030920260829,https://www.jra.go.jp/JRADB/accessS.html?CNAME=pw01sde1007202603030920260829%2FB1,1-4-5
3連単,QUARANTINED_HTML:track_condition,41380,141,2026-08-29,pw01sde1007202603030920260829,https://www.jra.go.jp/JRADB/accessS.html?CNAME=pw01sde1007202603030920260829%2FB1,4-5-1
単勝,QUARANTINED_HTML:track_condition,550,2,2026-08-29,pw01sde1007202603031020260829,https://www.jra.go.jp/JRADB/accessS.html?CNAME=pw01sde1007202603031020260829%2FA6,16
複勝,QUARANTINED_HTML:track_condition,180,2,2026-08-29,pw01sde1007202603031020260829,https://www.jra.go.jp/JRADB/accessS.html?CNAME=pw01sde1007202603031020260829%2FA6,16
複勝,QUARANTINED_HTML:track_condition,140,1,2026-08-29,pw01sde1007202603031020260829,https://www.jra.go.jp/JRADB/accessS.html?CNAME=pw01sde1007202603031020260829%2FA6,4
複勝,QUARANTINED_HTML:track_condition,570,10,2026-08-29,pw01sde1007202603031020260829,https://www.jra.go.jp/JRADB/accessS.html?CNAME=pw01sde1007202603031020260829%2FA6,7
枠連,QUARANTINED_HTML:track_condition,780,2,2026-08-29,pw01sde1007202603031020260829,https://www.jra.go.jp/JRADB/accessS.html?CNAME=pw01sde1007202603031020260829%2FA6,2-8
ワイド,QUARANTINED_HTML:track_condition,340,1,2026-08-29,pw01sde1007202603031020260829,https://www.jra.go.jp/JRADB/accessS.html?CNAME=pw01sde1007202603031020260829%2FA6,4-16
ワイド,QUARANTINED_HTML:track_condition,2610,31,2026-08-29,pw01sde1007202603031020260829,https://www.jra.go.jp/JRADB/accessS.html?CNAME=pw01sde1007202603031020260829%2FA6,7-16
ワイド,QUARANTINED_HTML:track_condition,1460,16,2026-08-29,pw01sde1007202603031020260829,https://www.jra.go.jp/JRADB/accessS.html?CNAME=pw01sde1007202603031020260829%2FA6,4-7
馬連,QUARANTINED_HTML:track_condition,750,2,2026-08-29,pw01sde1007202603031020260829,https://www.jra.go.jp/JRADB/accessS.html?CNAME=pw01sde1007202603031020260829%2FA6,4-16
馬単,QUARANTINED_HTML:track_condition,1880,5,2026-08-29,pw01sde1007202603031020260829,https://www.jra.go.jp/JRADB/accessS.html?CNAME=pw01sde1007202603031020260829%2FA6,16-4
3連複,QUARANTINED_HTML:track_condition,7720,20,2026-08-29,pw01sde1007202603031020260829,https://www.jra.go.jp/JRADB/accessS.html?CNAME=pw01sde1007202603031020260829%2FA6,4-7-16
3連単,QUARANTINED_HTML:track_condition,29980,72,2026-08-29,pw01sde1007202603031020260829,https://www.jra.go.jp/JRADB/accessS.html?CNAME=pw01sde1007202603031020260829%2FA6,16-4-7
単勝,PASS_HTML,280,2,2026-08-29,pw01sde1007202603031120260829,https://www.jra.go.jp/JRADB/accessS.html?CNAME=pw01sde1007202603031120260829%2F5B,9
複勝,PASS_HTML,150,2,2026-08-29,pw01sde1007202603031120260829,https://www.jra.go.jp/JRADB/accessS.html?CNAME=pw01sde1007202603031120260829%2F5B,9
複勝,PASS_HTML,170,3,2026-08-29,pw01sde1007202603031120260829,https://www.jra.go.jp/JRADB/accessS.html?CNAME=pw01sde1007202603031120260829%2F5B,4
複勝,PASS_HTML,780,10,2026-08-29,pw01sde1007202603031120260829,https://www.jra.go.jp/JRADB/accessS.html?CNAME=pw01sde1007202603031120260829%2F5B,2
枠連,PASS_HTML,650,3,2026-08-29,pw01sde1007202603031120260829,https://www.jra.go.jp/JRADB/accessS.html?CNAME=pw01sde1007202603031120260829%2F5B,4-6
ワイド,PASS_HTML,280,2,2026-08-29,pw01sde1007202603031120260829,https://www.jra.go.jp/JRADB/accessS.html?CNAME=pw01sde1007202603031120260829%2F5B,4-9
ワイド,PASS_HTML,1560,19,2026-08-29,pw01sde1007202603031120260829,https://www.jra.go.jp/JRADB/accessS.html?CNAME=pw01sde1007202603031120260829%2F5B,2-9
ワイド,PASS_HTML,2250,26,2026-08-29,pw01sde1007202603031120260829,https://www.jra.go.jp/JRADB/accessS.html?CNAME=pw01sde1007202603031120260829%2F5B,2-4
馬連,PASS_HTML,540,3,2026-08-29,pw01sde1007202603031120260829,https://www.jra.go.jp/JRADB/accessS.html?CNAME=pw01sde1007202603031120260829%2F5B,4-9
馬単,PASS_HTML,940,4,2026-08-29,pw01sde1007202603031120260829,https://www.jra.go.jp/JRADB/accessS.html?CNAME=pw01sde1007202603031120260829%2F5B,9-4
3連複,PASS_HTML,5220,18,2026-08-29,pw01sde1007202603031120260829,https://www.jra.go.jp/JRADB/accessS.html?CNAME=pw01sde1007202603031120260829%2F5B,2-4-9
3連単,PASS_HTML,14930,43,2026-08-29,pw01sde1007202603031120260829,https://www.jra.go.jp/JRADB/accessS.html?CNAME=pw01sde1007202603031120260829%2F5B,9-4-2
単勝,QUARANTINED_HTML:track_condition,3660,10,2026-08-29,pw01sde1007202603031220260829,https://www.jra.go.jp/JRADB/accessS.html?CNAME=pw01sde1007202603031220260829%2F10,12
複勝,QUARANTINED_HTML:track_condition,780,11,2026-08-29,pw01sde1007202603031220260829,https://www.jra.go.jp/JRADB/accessS.html?CNAME=pw01sde1007202603031220260829%2F10,12
複勝,QUARANTINED_HTML:track_condition,170,2,2026-08-29,pw01sde1007202603031220260829,https://www.jra.go.jp/JRADB/accessS.html?CNAME=pw01sde1007202603031220260829%2F10,3
複勝,QUARANTINED_HTML:track_condition,150,1,2026-08-29,pw01sde1007202603031220260829,https://www.jra.go.jp/JRADB/accessS.html?CNAME=pw01sde1007202603031220260829%2F10,2
枠連,QUARANTINED_HTML:track_condition,2070,9,2026-08-29,pw01sde1007202603031220260829,https://www.jra.go.jp/JRADB/accessS.html?CNAME=pw01sde1007202603031220260829%2F10,3-7
ワイド,QUARANTINED_HTML:track_condition,3140,39,2026-08-29,pw01sde1007202603031220260829,https://www.jra.go.jp/JRADB/accessS.html?CNAME=pw01sde1007202603031220260829%2F10,3-12
ワイド,QUARANTINED_HTML:track_condition,1600,19,2026-08-29,pw01sde1007202603031220260829,https://www.jra.go.jp/JRADB/accessS.html?CNAME=pw01sde1007202603031220260829%2F10,2-12
ワイド,QUARANTINED_HTML:track_condition,250,1,2026-08-29,pw01sde1007202603031220260829,https://www.jra.go.jp/JRADB/accessS.html?CNAME=pw01sde1007202603031220260829%2F10,2-3
馬連,QUARANTINED_HTML:track_condition,9740,32,2026-08-29,pw01sde1007202603031220260829,https://www.jra.go.jp/JRADB/accessS.html?CNAME=pw01sde1007202603031220260829%2F10,3-12
馬単,QUARANTINED_HTML:track_condition,19970,66,2026-08-29,pw01sde1007202603031220260829,https://www.jra.go.jp/JRADB/accessS.html?CNAME=pw01sde1007202603031220260829%2F10,12-3
3連複,QUARANTINED_HTML:track_condition,7490,19,2026-08-29,pw01sde1007202603031220260829,https://www.jra.go.jp/JRADB/accessS.html?CNAME=pw01sde1007202603031220260829%2F10,2-3-12
3連単,QUARANTINED_HTML:track_condition,58300,172,2026-08-29,pw01sde1007202603031220260829,https://www.jra.go.jp/JRADB/accessS.html?CNAME=pw01sde1007202603031220260829%2F10,12-3-2
単勝,PASS_HTML,150,1,2026-08-30,pw01sde1007202603040120260830,https://www.jra.go.jp/JRADB/accessS.html?CNAME=pw01sde1007202603040120260830%2F31,8
複勝,PASS_HTML,110,1,2026-08-30,pw01sde1007202603040120260830,https://www.jra.go.jp/JRADB/accessS.html?CNAME=pw01sde1007202603040120260830%2F31,8
複勝,PASS_HTML,190,4,2026-08-30,pw01sde1007202603040120260830,https://www.jra.go.jp/JRADB/accessS.html?CNAME=pw01sde1007202603040120260830%2F31,5
複勝,PASS_HTML,270,5,2026-08-30,pw01sde1007202603040120260830,https://www.jra.go.jp/JRADB/accessS.html?CNAME=pw01sde1007202603040120260830%2F31,4
枠連,PASS_HTML,530,3,2026-08-30,pw01sde1007202603040120260830,https://www.jra.go.jp/JRADB/accessS.html?CNAME=pw01sde1007202603040120260830%2F31,5-7
ワイド,PASS_HTML,300,3,2026-08-30,pw01sde1007202603040120260830,https://www.jra.go.jp/JRADB/accessS.html?CNAME=pw01sde1007202603040120260830%2F31,5-8
ワイド,PASS_HTML,400,4,2026-08-30,pw01sde1007202603040120260830,https://www.jra.go.jp/JRADB/accessS.html?CNAME=pw01sde1007202603040120260830%2F31,4-8
ワイド,PASS_HTML,530,7,2026-08-30,pw01sde1007202603040120260830,https://www.jra.go.jp/JRADB/accessS.html?CNAME=pw01sde1007202603040120260830%2F31,4-5
馬連,PASS_HTML,550,3,2026-08-30,pw01sde1007202603040120260830,https://www.jra.go.jp/JRADB/accessS.html?CNAME=pw01sde1007202603040120260830%2F31,5-8
馬単,PASS_HTML,760,3,2026-08-30,pw01sde1007202603040120260830,https://www.jra.go.jp/JRADB/accessS.html?CNAME=pw01sde1007202603040120260830%2F31,8-5
3連複,PASS_HTML,910,4,2026-08-30,pw01sde1007202603040120260830,https://www.jra.go.jp/JRADB/accessS.html?CNAME=pw01sde1007202603040120260830%2F31,4-5-8
3連単,PASS_HTML,3090,8,2026-08-30,pw01sde1007202603040120260830,https://www.jra.go.jp/JRADB/accessS.html?CNAME=pw01sde1007202603040120260830%2F31,8-5-4
単勝,PASS_HTML,1570,5,2026-08-30,pw01sde1007202603040220260830,https://www.jra.go.jp/JRADB/accessS.html?CNAME=pw01sde1007202603040220260830%2FE6,8
複勝,PASS_HTML,310,5,2026-08-30,pw01sde1007202603040220260830,https://www.jra.go.jp/JRADB/accessS.html?CNAME=pw01sde1007202603040220260830%2FE6,8
複勝,PASS_HTML,300,4,2026-08-30,pw01sde1007202603040220260830,https://www.jra.go.jp/JRADB/accessS.html?CNAME=pw01sde1007202603040220260830%2FE6,7
複勝,PASS_HTML,200,3,2026-08-30,pw01sde1007202603040220260830,https://www.jra.go.jp/JRADB/accessS.html?CNAME=pw01sde1007202603040220260830%2FE6,6
枠連,PASS_HTML,6320,19,2026-08-30,pw01sde1007202603040220260830,https://www.jra.go.jp/JRADB/accessS.html?CNAME=pw01sde1007202603040220260830%2FE6,7-7
ワイド,PASS_HTML,1730,18,2026-08-30,pw01sde1007202603040220260830,https://www.jra.go.jp/JRADB/accessS.html?CNAME=pw01sde1007202603040220260830%2FE6,7-8
ワイド,PASS_HTML,1200,13,2026-08-30,pw01sde1007202603040220260830,https://www.jra.go.jp/JRADB/accessS.html?CNAME=pw01sde1007202603040220260830%2FE6,6-8
ワイド,PASS_HTML,940,11,2026-08-30,pw01sde1007202603040220260830,https://www.jra.go.jp/JRADB/accessS.html?CNAME=pw01sde1007202603040220260830%2FE6,6-7
馬連,PASS_HTML,6890,22,2026-08-30,pw01sde1007202603040220260830,https://www.jra.go.jp/JRADB/accessS.html?CNAME=pw01sde1007202603040220260830%2FE6,7-8
馬単,PASS_HTML,13260,36,2026-08-30,pw01sde1007202603040220260830,https://www.jra.go.jp/JRADB/accessS.html?CNAME=pw01sde1007202603040220260830%2FE6,8-7
3連複,PASS_HTML,10130,34,2026-08-30,pw01sde1007202603040220260830,https://www.jra.go.jp/JRADB/accessS.html?CNAME=pw01sde1007202603040220260830%2FE6,6-7-8
3連単,PASS_HTML,87970,240,2026-08-30,pw01sde1007202603040220260830,https://www.jra.go.jp/JRADB/accessS.html?CNAME=pw01sde1007202603040220260830%2FE6,8-7-6
単勝,PASS_HTML,580,3,2026-08-30,pw01sde1007202603040320260830,https://www.jra.go.jp/JRADB/accessS.html?CNAME=pw01sde1007202603040320260830%2F9B,7
複勝,PASS_HTML,180,3,2026-08-30,pw01sde1007202603040320260830,https://www.jra.go.jp/JRADB/accessS.html?CNAME=pw01sde1007202603040320260830%2F9B,7
複勝,PASS_HTML,230,6,2026-08-30,pw01sde1007202603040320260830,https://www.jra.go.jp/JRADB/accessS.html?CNAME=pw01sde1007202603040320260830%2F9B,10
複勝,PASS_HTML,160,2,2026-08-30,pw01sde1007202603040320260830,https://www.jra.go.jp/JRADB/accessS.html?CNAME=pw01sde1007202603040320260830%2F9B,4
枠連,PASS_HTML,2760,14,2026-08-30,pw01sde1007202603040320260830,https://www.jra.go.jp/JRADB/accessS.html?CNAME=pw01sde1007202603040320260830%2F9B,6-8
ワイド,PASS_HTML,1160,21,2026-08-30,pw01sde1007202603040320260830,https://www.jra.go.jp/JRADB/accessS.html?CNAME=pw01sde1007202603040320260830%2F9B,7-10
ワイド,PASS_HTML,600,8,2026-08-30,pw01sde1007202603040320260830,https://www.jra.go.jp/JRADB/accessS.html?CNAME=pw01sde1007202603040320260830%2F9B,4-7
ワイド,PASS_HTML,850,14,2026-08-30,pw01sde1007202603040320260830,https://www.jra.go.jp/JRADB/accessS.html?CNAME=pw01sde1007202603040320260830%2F9B,4-10
馬連,PASS_HTML,3600,20,2026-08-30,pw01sde1007202603040320260830,https://www.jra.go.jp/JRADB/accessS.html?CNAME=pw01sde1007202603040320260830%2F9B,7-10
馬単,PASS_HTML,6370,34,2026-08-30,pw01sde1007202603040320260830,https://www.jra.go.jp/JRADB/accessS.html?CNAME=pw01sde1007202603040320260830%2F9B,7-10
3連複,PASS_HTML,4870,23,2026-08-30,pw01sde1007202603040320260830,https://www.jra.go.jp/JRADB/accessS.html?CNAME=pw01sde1007202603040320260830%2F9B,4-7-10
3連単,PASS_HTML,33630,165,2026-08-30,pw01sde1007202603040320260830,https://www.jra.go.jp/JRADB/accessS.html?CNAME=pw01sde1007202603040320260830%2F9B,7-10-4
単勝,QUARANTINED_HTML:track_condition,150,1,2026-08-30,pw01sde1007202603040420260830,https://www.jra.go.jp/JRADB/accessS.html?CNAME=pw01sde1007202603040420260830%2F50,7
複勝,QUARANTINED_HTML:track_condition,110,1,2026-08-30,pw01sde1007202603040420260830,https://www.jra.go.jp/JRADB/accessS.html?CNAME=pw01sde1007202603040420260830%2F50,7
複勝,QUARANTINED_HTML:track_condition,260,5,2026-08-30,pw01sde1007202603040420260830,https://www.jra.go.jp/JRADB/accessS.html?CNAME=pw01sde1007202603040420260830%2F50,2
複勝,QUARANTINED_HTML:track_condition,220,3,2026-08-30,pw01sde1007202603040420260830,https://www.jra.go.jp/JRADB/accessS.html?CNAME=pw01sde1007202603040420260830%2F50,10
枠連,QUARANTINED_HTML:track_condition,200,1,2026-08-30,pw01sde1007202603040420260830,https://www.jra.go.jp/JRADB/accessS.html?CNAME=pw01sde1007202603040420260830%2F50,1-4
ワイド,QUARANTINED_HTML:track_condition,410,4,2026-08-30,pw01sde1007202603040420260830,https://www.jra.go.jp/JRADB/accessS.html?CNAME=pw01sde1007202603040420260830%2F50,2-7
ワイド,QUARANTINED_HTML:track_condition,340,2,2026-08-30,pw01sde1007202603040420260830,https://www.jra.go.jp/JRADB/accessS.html?CNAME=pw01sde1007202603040420260830%2F50,7-10
ワイド,QUARANTINED_HTML:track_condition,1580,14,2026-08-30,pw01sde1007202603040420260830,https://www.jra.go.jp/JRADB/accessS.html?CNAME=pw01sde1007202603040420260830%2F50,2-10
馬連,QUARANTINED_HTML:track_condition,770,2,2026-08-30,pw01sde1007202603040420260830,https://www.jra.go.jp/JRADB/accessS.html?CNAME=pw01sde1007202603040420260830%2F50,2-7
馬単,QUARANTINED_HTML:track_condition,1050,3,2026-08-30,pw01sde1007202603040420260830,https://www.jra.go.jp/JRADB/accessS.html?CNAME=pw01sde1007202603040420260830%2F50,7-2
3連複,QUARANTINED_HTML:track_condition,2570,7,2026-08-30,pw01sde1007202603040420260830,https://www.jra.go.jp/JRADB/accessS.html?CNAME=pw01sde1007202603040420260830%2F50,2-7-10
3連単,QUARANTINED_HTML:track_condition,5410,13,2026-08-30,pw01sde1007202603040420260830,https://www.jra.go.jp/JRADB/accessS.html?CNAME=pw01sde1007202603040420260830%2F50,7-2-10
単勝,QUARANTINED_HTML:track_condition,340,2,2026-08-30,pw01sde1007202603040520260830,https://www.jra.go.jp/JRADB/accessS.html?CNAME=pw01sde1007202603040520260830%2F05,10
複勝,QUARANTINED_HTML:track_condition,180,2,2026-08-30,pw01sde1007202603040520260830,https://www.jra.go.jp/JRADB/accessS.html?CNAME=pw01sde1007202603040520260830%2F05,10
複勝,QUARANTINED_HTML:track_condition,1710,12,2026-08-30,pw01sde1007202603040520260830,https://www.jra.go.jp/JRADB/accessS.html?CNAME=pw01sde1007202603040520260830%2F05,12
複勝,QUARANTINED_HTML:track_condition,230,4,2026-08-30,pw01sde1007202603040520260830,https://www.jra.go.jp/JRADB/accessS.html?CNAME=pw01sde1007202603040520260830%2F05,11
枠連,QUARANTINED_HTML:track_condition,7180,17,2026-08-30,pw01sde1007202603040520260830,https://www.jra.go.jp/JRADB/accessS.html?CNAME=pw01sde1007202603040520260830%2F05,7-8
ワイド,QUARANTINED_HTML:track_condition,3810,36,2026-08-30,pw01sde1007202603040520260830,https://www.jra.go.jp/JRADB/accessS.html?CNAME=pw01sde1007202603040520260830%2F05,10-12
ワイド,QUARANTINED_HTML:track_condition,820,9,2026-08-30,pw01sde1007202603040520260830,https://www.jra.go.jp/JRADB/accessS.html?CNAME=pw01sde1007202603040520260830%2F05,10-11
ワイド,QUARANTINED_HTML:track_condition,8460,52,2026-08-30,pw01sde1007202603040520260830,https://www.jra.go.jp/JRADB/accessS.html?CNAME=pw01sde1007202603040520260830%2F05,11-12
馬連,QUARANTINED_HTML:track_condition,12350,32,2026-08-30,pw01sde1007202603040520260830,https://www.jra.go.jp/JRADB/accessS.html?CNAME=pw01sde1007202603040520260830%2F05,10-12
馬単,QUARANTINED_HTML:track_condition,13860,42,2026-08-30,pw01sde1007202603040520260830,https://www.jra.go.jp/JRADB/accessS.html?CNAME=pw01sde1007202603040520260830%2F05,10-12
3連複,QUARANTINED_HTML:track_condition,26020,76,2026-08-30,pw01sde1007202603040520260830,https://www.jra.go.jp/JRADB/accessS.html?CNAME=pw01sde1007202603040520260830%2F05,10-11-12
3連単,QUARANTINED_HTML:track_condition,105620,314,2026-08-30,pw01sde1007202603040520260830,https://www.jra.go.jp/JRADB/accessS.html?CNAME=pw01sde1007202603040520260830%2F05,10-12-11
単勝,QUARANTINED_HTML:track_condition,130,1,2026-08-30,pw01sde1007202603040620260830,https://www.jra.go.jp/JRADB/accessS.html?CNAME=pw01sde1007202603040620260830%2FBA,6
複勝,QUARANTINED_HTML:track_condition,110,1,2026-08-30,pw01sde1007202603040620260830,https://www.jra.go.jp/JRADB/accessS.html?CNAME=pw01sde1007202603040620260830%2FBA,6
複勝,QUARANTINED_HTML:track_condition,220,3,2026-08-30,pw01sde1007202603040620260830,https://www.jra.go.jp/JRADB/accessS.html?CNAME=pw01sde1007202603040620260830%2FBA,3
複勝,QUARANTINED_HTML:track_condition,310,6,2026-08-30,pw01sde1007202603040620260830,https://www.jra.go.jp/JRADB/accessS.html?CNAME=pw01sde1007202603040620260830%2FBA,14
枠連,QUARANTINED_HTML:track_condition,540,2,2026-08-30,pw01sde1007202603040620260830,https://www.jra.go.jp/JRADB/accessS.html?CNAME=pw01sde1007202603040620260830%2FBA,2-3
ワイド,QUARANTINED_HTML:track_condition,330,2,2026-08-30,pw01sde1007202603040620260830,https://www.jra.go.jp/JRADB/accessS.html?CNAME=pw01sde1007202603040620260830%2FBA,3-6
ワイド,QUARANTINED_HTML:track_condition,470,5,2026-08-30,pw01sde1007202603040620260830,https://www.jra.go.jp/JRADB/accessS.html?CNAME=pw01sde1007202603040620260830%2FBA,6-14
ワイド,QUARANTINED_HTML:track_condition,2000,21,2026-08-30,pw01sde1007202603040620260830,https://www.jra.go.jp/JRADB/accessS.html?CNAME=pw01sde1007202603040620260830%2FBA,3-14
馬連,QUARANTINED_HTML:track_condition,590,2,2026-08-30,pw01sde1007202603040620260830,https://www.jra.go.jp/JRADB/accessS.html?CNAME=pw01sde1007202603040620260830%2FBA,3-6
馬単,QUARANTINED_HTML:track_condition,710,2,2026-08-30,pw01sde1007202603040620260830,https://www.jra.go.jp/JRADB/accessS.html?CNAME=pw01sde1007202603040620260830%2FBA,6-3
3連複,QUARANTINED_HTML:track_condition,2370,5,2026-08-30,pw01sde1007202603040620260830,https://www.jra.go.jp/JRADB/accessS.html?CNAME=pw01sde1007202603040620260830%2FBA,3-6-14
3連単,QUARANTINED_HTML:track_condition,5140,5,2026-08-30,pw01sde1007202603040620260830,https://www.jra.go.jp/JRADB/accessS.html?CNAME=pw01sde1007202603040620260830%2FBA,6-3-14
単勝,PASS_HTML,170,1,2026-08-30,pw01sde1007202603040720260830,https://www.jra.go.jp/JRADB/accessS.html?CNAME=pw01sde1007202603040720260830%2F6F,9
複勝,PASS_HTML,110,1,2026-08-30,pw01sde1007202603040720260830,https://www.jra.go.jp/JRADB/accessS.html?CNAME=pw01sde1007202603040720260830%2F6F,9
複勝,PASS_HTML,170,4,2026-08-30,pw01sde1007202603040720260830,https://www.jra.go.jp/JRADB/accessS.html?CNAME=pw01sde1007202603040720260830%2F6F,4
複勝,PASS_HTML,120,2,2026-08-30,pw01sde1007202603040720260830,https://www.jra.go.jp/JRADB/accessS.html?CNAME=pw01sde1007202603040720260830%2F6F,7
枠連,PASS_HTML,730,3,2026-08-30,pw01sde1007202603040720260830,https://www.jra.go.jp/JRADB/accessS.html?CNAME=pw01sde1007202603040720260830%2F6F,4-8
ワイド,PASS_HTML,270,3,2026-08-30,pw01sde1007202603040720260830,https://www.jra.go.jp/JRADB/accessS.html?CNAME=pw01sde1007202603040720260830%2F6F,4-9
ワイド,PASS_HTML,160,1,2026-08-30,pw01sde1007202603040720260830,https://www.jra.go.jp/JRADB/accessS.html?CNAME=pw01sde1007202603040720260830%2F6F,7-9
ワイド,PASS_HTML,400,6,2026-08-30,pw01sde1007202603040720260830,https://www.jra.go.jp/JRADB/accessS.html?CNAME=pw01sde1007202603040720260830%2F6F,4-7
馬連,PASS_HTML,710,3,2026-08-30,pw01sde1007202603040720260830,https://www.jra.go.jp/JRADB/accessS.html?CNAME=pw01sde1007202603040720260830%2F6F,4-9
馬単,PASS_HTML,940,4,2026-08-30,pw01sde1007202603040720260830,https://www.jra.go.jp/JRADB/accessS.html?CNAME=pw01sde1007202603040720260830%2F6F,9-4
3連複,PASS_HTML,660,2,2026-08-30,pw01sde1007202603040720260830,https://www.jra.go.jp/JRADB/accessS.html?CNAME=pw01sde1007202603040720260830%2F6F,4-7-9
3連単,PASS_HTML,2640,6,2026-08-30,pw01sde1007202603040720260830,https://www.jra.go.jp/JRADB/accessS.html?CNAME=pw01sde1007202603040720260830%2F6F,9-4-7
単勝,PASS_HTML,620,3,2026-08-30,pw01sde1007202603040820260830,https://www.jra.go.jp/JRADB/accessS.html?CNAME=pw01sde1007202603040820260830%2F24,7
複勝,PASS_HTML,230,3,2026-08-30,pw01sde1007202603040820260830,https://www.jra.go.jp/JRADB/accessS.html?CNAME=pw01sde1007202603040820260830%2F24,7
複勝,PASS_HTML,280,4,2026-08-30,pw01sde1007202603040820260830,https://www.jra.go.jp/JRADB/accessS.html?CNAME=pw01sde1007202603040820260830%2F24,3
複勝,PASS_HTML,1880,12,2026-08-30,pw01sde1007202603040820260830,https://www.jra.go.jp/JRADB/accessS.html?CNAME=pw01sde1007202603040820260830%2F24,8
枠連,PASS_HTML,590,2,2026-08-30,pw01sde1007202603040820260830,https://www.jra.go.jp/JRADB/accessS.html?CNAME=pw01sde1007202603040820260830%2F24,2-4
ワイド,PASS_HTML,1230,13,2026-08-30,pw01sde1007202603040820260830,https://www.jra.go.jp/JRADB/accessS.html?CNAME=pw01sde1007202603040820260830%2F24,3-7
ワイド,PASS_HTML,11190,65,2026-08-30,pw01sde1007202603040820260830,https://www.jra.go.jp/JRADB/accessS.html?CNAME=pw01sde1007202603040820260830%2F24,7-8
ワイド,PASS_HTML,11970,67,2026-08-30,pw01sde1007202603040820260830,https://www.jra.go.jp/JRADB/accessS.html?CNAME=pw01sde1007202603040820260830%2F24,3-8
馬連,PASS_HTML,2760,10,2026-08-30,pw01sde1007202603040820260830,https://www.jra.go.jp/JRADB/accessS.html?CNAME=pw01sde1007202603040820260830%2F24,3-7
馬単,PASS_HTML,4890,19,2026-08-30,pw01sde1007202603040820260830,https://www.jra.go.jp/JRADB/accessS.html?CNAME=pw01sde1007202603040820260830%2F24,7-3
3連複,PASS_HTML,101160,184,2026-08-30,pw01sde1007202603040820260830,https://www.jra.go.jp/JRADB/accessS.html?CNAME=pw01sde1007202603040820260830%2F24,3-7-8
3連単,PASS_HTML,332550,735,2026-08-30,pw01sde1007202603040820260830,https://www.jra.go.jp/JRADB/accessS.html?CNAME=pw01sde1007202603040820260830%2F24,7-3-8
単勝,QUARANTINED_HTML:track_condition,280,1,2026-08-30,pw01sde1007202603040920260830,https://www.jra.go.jp/JRADB/accessS.html?CNAME=pw01sde1007202603040920260830%2FD9,10
複勝,QUARANTINED_HTML:track_condition,150,1,2026-08-30,pw01sde1007202603040920260830,https://www.jra.go.jp/JRADB/accessS.html?CNAME=pw01sde1007202603040920260830%2FD9,10
複勝,QUARANTINED_HTML:track_condition,200,3,2026-08-30,pw01sde1007202603040920260830,https://www.jra.go.jp/JRADB/accessS.html?CNAME=pw01sde1007202603040920260830%2FD9,3
複勝,QUARANTINED_HTML:track_condition,610,9,2026-08-30,pw01sde1007202603040920260830,https://www.jra.go.jp/JRADB/accessS.html?CNAME=pw01sde1007202603040920260830%2FD9,9
枠連,QUARANTINED_HTML:track_condition,850,4,2026-08-30,pw01sde1007202603040920260830,https://www.jra.go.jp/JRADB/accessS.html?CNAME=pw01sde1007202603040920260830%2FD9,2-6
ワイド,QUARANTINED_HTML:track_condition,330,2,2026-08-30,pw01sde1007202603040920260830,https://www.jra.go.jp/JRADB/accessS.html?CNAME=pw01sde1007202603040920260830%2FD9,3-10
ワイド,QUARANTINED_HTML:track_condition,1330,13,2026-08-30,pw01sde1007202603040920260830,https://www.jra.go.jp/JRADB/accessS.html?CNAME=pw01sde1007202603040920260830%2FD9,9-10
ワイド,QUARANTINED_HTML:track_condition,2210,26,2026-08-30,pw01sde1007202603040920260830,https://www.jra.go.jp/JRADB/accessS.html?CNAME=pw01sde1007202603040920260830%2FD9,3-9
馬連,QUARANTINED_HTML:track_condition,870,2,2026-08-30,pw01sde1007202603040920260830,https://www.jra.go.jp/JRADB/accessS.html?CNAME=pw01sde1007202603040920260830%2FD9,3-10
馬単,QUARANTINED_HTML:track_condition,1260,2,2026-08-30,pw01sde1007202603040920260830,https://www.jra.go.jp/JRADB/accessS.html?CNAME=pw01sde1007202603040920260830%2FD9,10-3
3連複,QUARANTINED_HTML:track_condition,4710,14,2026-08-30,pw01sde1007202603040920260830,https://www.jra.go.jp/JRADB/accessS.html?CNAME=pw01sde1007202603040920260830%2FD9,3-9-10
3連単,QUARANTINED_HTML:track_condition,16630,36,2026-08-30,pw01sde1007202603040920260830,https://www.jra.go.jp/JRADB/accessS.html?CNAME=pw01sde1007202603040920260830%2FD9,10-3-9
単勝,PASS_HTML,600,4,2026-08-30,pw01sde1007202603041020260830,https://www.jra.go.jp/JRADB/accessS.html?CNAME=pw01sde1007202603041020260830%2FCE,6
複勝,PASS_HTML,220,3,2026-08-30,pw01sde1007202603041020260830,https://www.jra.go.jp/JRADB/accessS.html?CNAME=pw01sde1007202603041020260830%2FCE,6
複勝,PASS_HTML,260,4,2026-08-30,pw01sde1007202603041020260830,https://www.jra.go.jp/JRADB/accessS.html?CNAME=pw01sde1007202603041020260830%2FCE,2
複勝,PASS_HTML,700,8,2026-08-30,pw01sde1007202603041020260830,https://www.jra.go.jp/JRADB/accessS.html?CNAME=pw01sde1007202603041020260830%2FCE,1
枠連,PASS_HTML,3060,11,2026-08-30,pw01sde1007202603041020260830,https://www.jra.go.jp/JRADB/accessS.html?CNAME=pw01sde1007202603041020260830%2FCE,2-6
ワイド,PASS_HTML,810,10,2026-08-30,pw01sde1007202603041020260830,https://www.jra.go.jp/JRADB/accessS.html?CNAME=pw01sde1007202603041020260830%2FCE,2-6
ワイド,PASS_HTML,2690,23,2026-08-30,pw01sde1007202603041020260830,https://www.jra.go.jp/JRADB/accessS.html?CNAME=pw01sde1007202603041020260830%2FCE,1-6
ワイド,PASS_HTML,2010,21,2026-08-30,pw01sde1007202603041020260830,https://www.jra.go.jp/JRADB/accessS.html?CNAME=pw01sde1007202603041020260830%2FCE,1-2
馬連,PASS_HTML,2450,11,2026-08-30,pw01sde1007202603041020260830,https://www.jra.go.jp/JRADB/accessS.html?CNAME=pw01sde1007202603041020260830%2FCE,2-6
馬単,PASS_HTML,5330,22,2026-08-30,pw01sde1007202603041020260830,https://www.jra.go.jp/JRADB/accessS.html?CNAME=pw01sde1007202603041020260830%2FCE,6-2
3連複,PASS_HTML,13060,38,2026-08-30,pw01sde1007202603041020260830,https://www.jra.go.jp/JRADB/accessS.html?CNAME=pw01sde1007202603041020260830%2FCE,1-2-6
3連単,PASS_HTML,70540,188,2026-08-30,pw01sde1007202603041020260830,https://www.jra.go.jp/JRADB/accessS.html?CNAME=pw01sde1007202603041020260830%2FCE,6-2-1
単勝,PASS_HTML,620,3,2026-08-30,pw01sde1007202603041120260830,https://www.jra.go.jp/JRADB/accessS.html?CNAME=pw01sde1007202603041120260830%2F83,17
複勝,PASS_HTML,230,3,2026-08-30,pw01sde1007202603041120260830,https://www.jra.go.jp/JRADB/accessS.html?CNAME=pw01sde1007202603041120260830%2F83,17
複勝,PASS_HTML,230,2,2026-08-30,pw01sde1007202603041120260830,https://www.jra.go.jp/JRADB/accessS.html?CNAME=pw01sde1007202603041120260830%2F83,13
複勝,PASS_HTML,340,6,2026-08-30,pw01sde1007202603041120260830,https://www.jra.go.jp/JRADB/accessS.html?CNAME=pw01sde1007202603041120260830%2F83,7
枠連,PASS_HTML,380,1,2026-08-30,pw01sde1007202603041120260830,https://www.jra.go.jp/JRADB/accessS.html?CNAME=pw01sde1007202603041120260830%2F83,7-8
ワイド,PASS_HTML,1010,8,2026-08-30,pw01sde1007202603041120260830,https://www.jra.go.jp/JRADB/accessS.html?CNAME=pw01sde1007202603041120260830%2F83,13-17
ワイド,PASS_HTML,1490,15,2026-08-30,pw01sde1007202603041120260830,https://www.jra.go.jp/JRADB/accessS.html?CNAME=pw01sde1007202603041120260830%2F83,7-17
ワイド,PASS_HTML,1350,14,2026-08-30,pw01sde1007202603041120260830,https://www.jra.go.jp/JRADB/accessS.html?CNAME=pw01sde1007202603041120260830%2F83,7-13
馬連,PASS_HTML,2640,8,2026-08-30,pw01sde1007202603041120260830,https://www.jra.go.jp/JRADB/accessS.html?CNAME=pw01sde1007202603041120260830%2F83,13-17
馬単,PASS_HTML,4190,10,2026-08-30,pw01sde1007202603041120260830,https://www.jra.go.jp/JRADB/accessS.html?CNAME=pw01sde1007202603041120260830%2F83,17-13
3連複,PASS_HTML,10070,25,2026-08-30,pw01sde1007202603041120260830,https://www.jra.go.jp/JRADB/accessS.html?CNAME=pw01sde1007202603041120260830%2F83,7-13-17
3連単,PASS_HTML,52590,136,2026-08-30,pw01sde1007202603041120260830,https://www.jra.go.jp/JRADB/accessS.html?CNAME=pw01sde1007202603041120260830%2F83,17-13-7
単勝,QUARANTINED_HTML:track_condition,1980,6,2026-08-30,pw01sde1007202603041220260830,https://www.jra.go.jp/JRADB/accessS.html?CNAME=pw01sde1007202603041220260830%2F38,6
複勝,QUARANTINED_HTML:track_condition,450,7,2026-08-30,pw01sde1007202603041220260830,https://www.jra.go.jp/JRADB/accessS.html?CNAME=pw01sde1007202603041220260830%2F38,6
複勝,QUARANTINED_HTML:track_condition,130,1,2026-08-30,pw01sde1007202603041220260830,https://www.jra.go.jp/JRADB/accessS.html?CNAME=pw01sde1007202603041220260830%2F38,11
複勝,QUARANTINED_HTML:track_condition,270,4,2026-08-30,pw01sde1007202603041220260830,https://www.jra.go.jp/JRADB/accessS.html?CNAME=pw01sde1007202603041220260830%2F38,1
枠連,QUARANTINED_HTML:track_condition,1220,5,2026-08-30,pw01sde1007202603041220260830,https://www.jra.go.jp/JRADB/accessS.html?CNAME=pw01sde1007202603041220260830%2F38,4-7
ワイド,QUARANTINED_HTML:track_condition,1100,13,2026-08-30,pw01sde1007202603041220260830,https://www.jra.go.jp/JRADB/accessS.html?CNAME=pw01sde1007202603041220260830%2F38,6-11
ワイド,QUARANTINED_HTML:track_condition,2790,24,2026-08-30,pw01sde1007202603041220260830,https://www.jra.go.jp/JRADB/accessS.html?CNAME=pw01sde1007202603041220260830%2F38,1-6
ワイド,QUARANTINED_HTML:track_condition,490,3,2026-08-30,pw01sde1007202603041220260830,https://www.jra.go.jp/JRADB/accessS.html?CNAME=pw01sde1007202603041220260830%2F38,1-11
馬連,QUARANTINED_HTML:track_condition,2840,10,2026-08-30,pw01sde1007202603041220260830,https://www.jra.go.jp/JRADB/accessS.html?CNAME=pw01sde1007202603041220260830%2F38,6-11
馬単,QUARANTINED_HTML:track_condition,10000,27,2026-08-30,pw01sde1007202603041220260830,https://www.jra.go.jp/JRADB/accessS.html?CNAME=pw01sde1007202603041220260830%2F38,6-11
3連複,QUARANTINED_HTML:track_condition,7330,21,2026-08-30,pw01sde1007202603041220260830,https://www.jra.go.jp/JRADB/accessS.html?CNAME=pw01sde1007202603041220260830%2F38,1-6-11
3連単,QUARANTINED_HTML:track_condition,57020,148,2026-08-30,pw01sde1007202603041220260830,https://www.jra.go.jp/JRADB/accessS.html?CNAME=pw01sde1007202603041220260830%2F38,6-11-1
