body_weight_delta,carried_weight,corner_positions,course,data_status,distance_m,finish_position,horse_id,horse_name,horse_no,jockey,last3f,margin,meeting_day,meeting_no,popularity,race_category,race_class,race_date,race_id,race_name,race_no,race_rule,rating,scheduled_start,sex_age,source_url,surface,time,track_condition,trainer,weather,weight_rule,平均1F,枠
466(0),55.0,1  1  1,中京,PASS_HTML,1600,1,pw01dud102024106677/2A,ジーティーキャリー,9,西村 淳也,34.4,,05,02,1,2歳,未勝利,2026-08-08,pw01sde0107202602050120260808,2歳未勝利,01,（混合）［指定］,,9時50分,牝2,https://www.jra.go.jp/JRADB/accessS.html?CNAME=pw01sde0107202602050120260808%2F6E,芝,1:34.4,良,松下 武士,晴,馬齢,,
460(+2),55.0,5  6  6,中京,PASS_HTML,1600,2,pw01dud102024102305/85,メイショウジェード,1,太宰 啓介,33.8,１,05,02,3,2歳,未勝利,2026-08-08,pw01sde0107202602050120260808,2歳未勝利,01,（混合）［指定］,,9時50分,牡2,https://www.jra.go.jp/JRADB/accessS.html?CNAME=pw01sde0107202602050120260808%2F6E,芝,1:34.5,良,本田 優,晴,馬齢,,
456(-2),55.0,2  2  2,中京,PASS_HTML,1600,3,pw01dud102024105437/99,シュプレヒコール,4,吉村 誠之助,34.5,クビ,05,02,2,2歳,未勝利,2026-08-08,pw01sde0107202602050120260808,2歳未勝利,01,（混合）［指定］,,9時50分,牡2,https://www.jra.go.jp/JRADB/accessS.html?CNAME=pw01sde0107202602050120260808%2F6E,芝,1:34.6,良,清水 久詞,晴,馬齢,,
500(-4),55.0,7  6  6,中京,PASS_HTML,1600,4,pw01dud102024102953/15,カローナ,8,M.デムーロ,34.5,３ 1/2,05,02,7,2歳,未勝利,2026-08-08,pw01sde0107202602050120260808,2歳未勝利,01,（混合）［指定］,,9時50分,牡2,https://www.jra.go.jp/JRADB/accessS.html?CNAME=pw01sde0107202602050120260808%2F6E,芝,1:35.2,良,高橋 義忠,晴,馬齢,,
428(-4),54.0,8  8  8,中京,PASS_HTML,1600,5,pw01dud102024102958/54,ロンリーマン,6,☆田山 旺佑,34.2,クビ,05,02,5,2歳,未勝利,2026-08-08,pw01sde0107202602050120260808,2歳未勝利,01,（混合）［指定］,,9時50分,牡2,https://www.jra.go.jp/JRADB/accessS.html?CNAME=pw01sde0107202602050120260808%2F6E,芝,1:35.2,良,荒川 義之,晴,馬齢,,
460(-4),55.0,9  9  9,中京,PASS_HTML,1600,6,pw01dud102024101174/31,タナコクシテンホウ,3,幸 英明,34.0,３／４,05,02,8,2歳,未勝利,2026-08-08,pw01sde0107202602050120260808,2歳未勝利,01,（混合）［指定］,,9時50分,牡2,https://www.jra.go.jp/JRADB/accessS.html?CNAME=pw01sde0107202602050120260808%2F6E,芝,1:35.3,良,大根田 裕之,晴,馬齢,,
494(-10),55.0,2  4  3,中京,PASS_HTML,1600,7,pw01dud102024103554/B3,プリメラエストレラ,2,J.コレット,35.5,２ 1/2,05,02,4,2歳,未勝利,2026-08-08,pw01sde0107202602050120260808,2歳未勝利,01,（混合）［指定］,,9時50分,牡2,https://www.jra.go.jp/JRADB/accessS.html?CNAME=pw01sde0107202602050120260808%2F6E,芝,1:35.8,良,橋田 宜長,晴,馬齢,,
420(-4),55.0,4  3  3,中京,PASS_HTML,1600,8,pw01dud102024104426/27,イザベル,7,松若 風馬,35.6,１／２,05,02,6,2歳,未勝利,2026-08-08,pw01sde0107202602050120260808,2歳未勝利,01,（混合）［指定］,,9時50分,牝2,https://www.jra.go.jp/JRADB/accessS.html?CNAME=pw01sde0107202602050120260808%2F6E,芝,1:35.9,良,藤野 健太,晴,馬齢,,
390(-4),55.0,5  4  3,中京,PASS_HTML,1600,9,pw01dud102024101083/9D,ララララブソング,5,加藤 祥太,36.1,３ 1/2,05,02,9,2歳,未勝利,2026-08-08,pw01sde0107202602050120260808,2歳未勝利,01,（混合）［指定］,,9時50分,牝2,https://www.jra.go.jp/JRADB/accessS.html?CNAME=pw01sde0107202602050120260808%2F6E,芝,1:36.5,良,小椋 研介,晴,馬齢,,
468(-2),55.0,9  8  5  2,札幌,QUARANTINED_HTML:track_condition,1700,1,pw01dud102024100560/2A,テムファイア,10,古川 吉洋,39.4,,06,01,3,2歳,未勝利,2026-08-09,pw01sde0101202601060120260809,2歳未勝利,01,（混合）［指定］,,10時00分,牡2,https://www.jra.go.jp/JRADB/accessS.html?CNAME=pw01sde0101202601060120260809%2FB1,ダート,1:47.1,,伊藤 圭三,晴,馬齢,,
490(+2),55.0,2  1  1  1,札幌,QUARANTINED_HTML:track_condition,1700,2,pw01dud102024106406/E5,サルトヴェローチェ,12,北村 友一,40.4,２,06,01,1,2歳,未勝利,2026-08-09,pw01sde0101202601060120260809,2歳未勝利,01,（混合）［指定］,,10時00分,牡2,https://www.jra.go.jp/JRADB/accessS.html?CNAME=pw01sde0101202601060120260809%2FB1,ダート,1:47.4,,上村 洋行,晴,馬齢,,
522(0),52.0,11  11  8  6,札幌,QUARANTINED_HTML:track_condition,1700,3,pw01dud102024107319/0C,エコロヴァルド,4,▲小林 美駒,39.0,２ 1/2,06,01,9,2歳,未勝利,2026-08-09,pw01sde0101202601060120260809,2歳未勝利,01,（混合）［指定］,,10時00分,牡2,https://www.jra.go.jp/JRADB/accessS.html?CNAME=pw01sde0101202601060120260809%2FB1,ダート,1:47.8,,牧浦 充徳,晴,馬齢,,
478(+2),54.0,2  2  2  3,札幌,QUARANTINED_HTML:track_condition,1700,4,pw01dud102024107403/7B,ハイビスカス,9,☆舟山 瑠泉,42.7,大差,06,01,6,2歳,未勝利,2026-08-09,pw01sde0101202601060120260809,2歳未勝利,01,（混合）［指定］,,10時00分,牝2,https://www.jra.go.jp/JRADB/accessS.html?CNAME=pw01sde0101202601060120260809%2FB1,ダート,1:49.9,,杉浦 宏昭,晴,馬齢,,
486(+2),52.0,1  4  2  3,札幌,QUARANTINED_HTML:track_condition,1700,5,pw01dud102024102290/A5,シンゼンノト,3,▲遠藤 汰月,42.6,アタマ,06,01,5,2歳,未勝利,2026-08-09,pw01sde0101202601060120260809,2歳未勝利,01,（混合）［指定］,,10時00分,牡2,https://www.jra.go.jp/JRADB/accessS.html?CNAME=pw01sde0101202601060120260809%2FB1,ダート,1:49.9,,荒川 義之,晴,馬齢,,
514(-6),55.0,10  10  10  8,札幌,QUARANTINED_HTML:track_condition,1700,6,pw01dud102024106587/09,マーズエクレール,2,岩田 康誠,41.7,５,06,01,2,2歳,未勝利,2026-08-09,pw01sde0101202601060120260809,2歳未勝利,01,（混合）［指定］,,10時00分,牡2,https://www.jra.go.jp/JRADB/accessS.html?CNAME=pw01sde0101202601060120260809%2FB1,ダート,1:50.7,,佐藤 悠太,晴,馬齢,,
478(0),55.0,2  2  2  3,札幌,QUARANTINED_HTML:track_condition,1700,7,pw01dud102024100203/90,シャムスクッカ,5,小沢 大仁,44.1,３ 1/2,06,01,7,2歳,未勝利,2026-08-09,pw01sde0101202601060120260809,2歳未勝利,01,（混合）［指定］,,10時00分,牡2,https://www.jra.go.jp/JRADB/accessS.html?CNAME=pw01sde0101202601060120260809%2FB1,ダート,1:51.3,,高柳 大輔,晴,馬齢,,
442(-2),55.0,12  12  12  12,札幌,QUARANTINED_HTML:track_condition,1700,8,pw01dud102024103006/54,モーモーワン,11,原田 和真,41.9,５,06,01,12,2歳,未勝利,2026-08-09,pw01sde0101202601060120260809,2歳未勝利,01,（混合）［指定］,,10時00分,牡2,https://www.jra.go.jp/JRADB/accessS.html?CNAME=pw01sde0101202601060120260809%2FB1,ダート,1:52.2,,萱野 浩二,晴,馬齢,,
416(+6),51.0,5  5  7  9,札幌,QUARANTINED_HTML:track_condition,1700,9,pw01dud102024101610/FA,カナデ,7,★河原田 菜々,43.9,アタマ,06,01,10,2歳,未勝利,2026-08-09,pw01sde0101202601060120260809,2歳未勝利,01,（混合）［指定］,,10時00分,牝2,https://www.jra.go.jp/JRADB/accessS.html?CNAME=pw01sde0101202601060120260809%2FB1,ダート,1:52.2,,中村 直也,晴,馬齢,,
466(+10),55.0,5  5  6  6,札幌,QUARANTINED_HTML:track_condition,1700,10,pw01dud102024104861/EC,ベイビーブラザー,1,吉田 隼人,44.4,ハナ,06,01,8,2歳,未勝利,2026-08-09,pw01sde0101202601060120260809,2歳未勝利,01,（混合）［指定］,,10時00分,牡2,https://www.jra.go.jp/JRADB/accessS.html?CNAME=pw01sde0101202601060120260809%2FB1,ダート,1:52.2,,安達 昭夫,晴,馬齢,,
436(+2),55.0,8  8  11  11,札幌,QUARANTINED_HTML:track_condition,1700,11,pw01dud102024103569/02,ヴァイタリズム,8,斎藤 新,43.3,２,06,01,4,2歳,未勝利,2026-08-09,pw01sde0101202601060120260809,2歳未勝利,01,（混合）［指定］,,10時00分,牝2,https://www.jra.go.jp/JRADB/accessS.html?CNAME=pw01sde0101202601060120260809%2FB1,ダート,1:52.5,,緒方 努,晴,馬齢,,
426(+2),55.0,7  7  8  10,札幌,QUARANTINED_HTML:track_condition,1700,12,pw01dud102024107000/5E,イチゴワタアメ,6,横山 琉人,44.6,５,06,01,11,2歳,未勝利,2026-08-09,pw01sde0101202601060120260809,2歳未勝利,01,（混合）［指定］,,10時00分,牝2,https://www.jra.go.jp/JRADB/accessS.html?CNAME=pw01sde0101202601060120260809%2FB1,ダート,1:53.3,,中舘 英二,晴,馬齢,,
512(-2),55.0,3  3  3  3,新潟,PASS_HTML,2000,1,pw01dud102024106670/05,ラガリーガ,8,坂井 瑠星,34.6,レコード,06,02,1,2歳,未勝利,2026-08-09,pw01sde0104202602060120260809,2歳未勝利,01,[指定],,9時40分,牡2,https://www.jra.go.jp/JRADB/accessS.html?CNAME=pw01sde0104202602060120260809%2FC0,芝,2:00.0,良,手塚 貴久,曇,馬齢,,
434(-2),55.0,2  2  2  2,新潟,PASS_HTML,2000,2,pw01dud102024105911/BC,シアルナーレ,11,戸崎 圭太,35.0,３／４,06,02,4,2歳,未勝利,2026-08-09,pw01sde0104202602060120260809,2歳未勝利,01,[指定],,9時40分,牡2,https://www.jra.go.jp/JRADB/accessS.html?CNAME=pw01sde0104202602060120260809%2FC0,芝,2:00.2,良,田中 博康,曇,馬齢,,
450(-8),55.0,1  1  1  1,新潟,PASS_HTML,2000,3,pw01dud102024102885/FA,マハロハ,15,吉村 誠之助,35.9,５,06,02,9,2歳,未勝利,2026-08-09,pw01sde0104202602060120260809,2歳未勝利,01,[指定],,9時40分,牝2,https://www.jra.go.jp/JRADB/accessS.html?CNAME=pw01sde0104202602060120260809%2FC0,芝,2:01.0,良,清水 久詞,曇,馬齢,,
418(+8),55.0,13  12  11  11,新潟,PASS_HTML,2000,4,pw01dud102024104469/C0,エクスマキナ,1,石川 裕紀人,34.6,１／２,06,02,5,2歳,未勝利,2026-08-09,pw01sde0104202602060120260809,2歳未勝利,01,[指定],,9時40分,牝2,https://www.jra.go.jp/JRADB/accessS.html?CNAME=pw01sde0104202602060120260809%2FC0,芝,2:01.1,良,手塚 貴徳,曇,馬齢,,
486(-2),53.0,3  3  3  3,新潟,PASS_HTML,2000,5,pw01dud102024107390/81,スーパーユタカ,13,△石神 深道,35.8,クビ,06,02,3,2歳,未勝利,2026-08-09,pw01sde0104202602060120260809,2歳未勝利,01,[指定],,9時40分,牡2,https://www.jra.go.jp/JRADB/accessS.html?CNAME=pw01sde0104202602060120260809%2FC0,芝,2:01.1,良,武井 亮,曇,馬齢,,
468(0),55.0,14  14  14  14,新潟,PASS_HTML,2000,6,pw01dud102024103837/7F,セイウンオオゾラ,9,大野 拓弥,34.4,１／２,06,02,8,2歳,未勝利,2026-08-09,pw01sde0104202602060120260809,2歳未勝利,01,[指定],,9時40分,牡2,https://www.jra.go.jp/JRADB/accessS.html?CNAME=pw01sde0104202602060120260809%2FC0,芝,2:01.2,良,小手川 準,曇,馬齢,,
448(0),55.0,6  5  6  5,新潟,PASS_HTML,2000,7,pw01dud102024102850/8B,セレスタイト,3,杉原 誠人,35.7,１ 1/2,06,02,10,2歳,未勝利,2026-08-09,pw01sde0104202602060120260809,2歳未勝利,01,[指定],,9時40分,牡2,https://www.jra.go.jp/JRADB/accessS.html?CNAME=pw01sde0104202602060120260809%2FC0,芝,2:01.5,良,岩戸 孝樹,曇,馬齢,,
472(-10),55.0,6  7  7  7,新潟,PASS_HTML,2000,8,pw01dud102024100715/7B,アオイノリプー,6,田辺 裕信,35.8,２,06,02,2,2歳,未勝利,2026-08-09,pw01sde0104202602060120260809,2歳未勝利,01,[指定],,9時40分,牡2,https://www.jra.go.jp/JRADB/accessS.html?CNAME=pw01sde0104202602060120260809%2FC0,芝,2:01.8,良,尾形 和幸,曇,馬齢,,
444(0),55.0,15  15  14  14,新潟,PASS_HTML,2000,9,pw01dud102024107201/33,ウィモウェ,10,菱田 裕二,35.1,１／２,06,02,7,2歳,未勝利,2026-08-09,pw01sde0104202602060120260809,2歳未勝利,01,[指定],,9時40分,牡2,https://www.jra.go.jp/JRADB/accessS.html?CNAME=pw01sde0104202602060120260809%2FC0,芝,2:01.9,良,吉田 直弘,曇,馬齢,,
480(0),55.0,5  5  5  5,新潟,PASS_HTML,2000,10,pw01dud102024103368/2D,ツーハーツ,14,岩田 望来,36.5,１ 1/2,06,02,6,2歳,未勝利,2026-08-09,pw01sde0104202602060120260809,2歳未勝利,01,[指定],,9時40分,牡2,https://www.jra.go.jp/JRADB/accessS.html?CNAME=pw01sde0104202602060120260809%2FC0,芝,2:02.1,良,寺島 良,曇,馬齢,,
460(-6),55.0,16  16  16  16,新潟,PASS_HTML,2000,11,pw01dud102024103591/9A,コスモフラムオット,7,武藤 雅,35.1,アタマ,06,02,13,2歳,未勝利,2026-08-09,pw01sde0104202602060120260809,2歳未勝利,01,[指定],,9時40分,牡2,https://www.jra.go.jp/JRADB/accessS.html?CNAME=pw01sde0104202602060120260809%2FC0,芝,2:02.1,良,武藤 善則,曇,馬齢,,
408(-2),55.0,11  12  9  8,新潟,PASS_HTML,2000,12,pw01dud102024102852/71,マイホームパパ,5,江田 照男,36.0,１／２,06,02,12,2歳,未勝利,2026-08-09,pw01sde0104202602060120260809,2歳未勝利,01,[指定],,9時40分,牡2,https://www.jra.go.jp/JRADB/accessS.html?CNAME=pw01sde0104202602060120260809%2FC0,芝,2:02.2,良,深山 雅史,曇,馬齢,,
528(-4),55.0,9  9  9  8,新潟,PASS_HTML,2000,13,pw01dud102024101589/44,エイシンウルクンデ,2,三浦 皇成,36.2,１,06,02,11,2歳,未勝利,2026-08-09,pw01sde0104202602060120260809,2歳未勝利,01,[指定],,9時40分,牡2,https://www.jra.go.jp/JRADB/accessS.html?CNAME=pw01sde0104202602060120260809%2FC0,芝,2:02.4,良,勢司 和浩,曇,馬齢,,
412(0),55.0,11  11  11  11,新潟,PASS_HTML,2000,14,pw01dud102024101224/12,モンサンアミュザン,4,木幡 巧也,36.6,４,06,02,16,2歳,未勝利,2026-08-09,pw01sde0104202602060120260809,2歳未勝利,01,[指定],,9時40分,牝2,https://www.jra.go.jp/JRADB/accessS.html?CNAME=pw01sde0104202602060120260809%2FC0,芝,2:03.0,良,牧 光二,曇,馬齢,,
442(+2),55.0,6  7  7  8,新潟,PASS_HTML,2000,15,pw01dud102024103614/A4,コスモモノポリー,16,菊沢 一樹,37.4,２ 1/2,06,02,15,2歳,未勝利,2026-08-09,pw01sde0104202602060120260809,2歳未勝利,01,[指定],,9時40分,牝2,https://www.jra.go.jp/JRADB/accessS.html?CNAME=pw01sde0104202602060120260809%2FC0,芝,2:03.4,良,相沢 郁,曇,馬齢,,
450(-2),55.0,9  9  11  11,新潟,PASS_HTML,2000,16,pw01dud102024103638/90,マスターボリューム,12,柴田 大知,37.3,２,06,02,14,2歳,未勝利,2026-08-09,pw01sde0104202602060120260809,2歳未勝利,01,[指定],,9時40分,牝2,https://www.jra.go.jp/JRADB/accessS.html?CNAME=pw01sde0104202602060120260809%2FC0,芝,2:03.8,良,畠山 吉宏,曇,馬齢,,
508(-4),57.0,1  1  1  1,中京,PASS_HTML,2000,1,pw01dud102023103387/4E,フィンガーレイクス,14,富田 暁,33.9,,06,02,3,3歳,未勝利,2026-08-09,pw01sde0107202602060120260809,3歳未勝利,01,[指定],,9時50分,牡3,https://www.jra.go.jp/JRADB/accessS.html?CNAME=pw01sde0107202602060120260809%2F9E,芝,1:59.9,良,藤原 英昭,晴,馬齢,,
470(0),55.0,2  2  2  2,中京,PASS_HTML,2000,2,pw01dud102023107092/48,ティタノマキア,15,松山 弘平,34.0,１ 1/4,06,02,2,3歳,未勝利,2026-08-09,pw01sde0107202602060120260809,3歳未勝利,01,[指定],,9時50分,牝3,https://www.jra.go.jp/JRADB/accessS.html?CNAME=pw01sde0107202602060120260809%2F9E,芝,2:00.1,良,池添 学,晴,馬齢,,
494(初出走),57.0,7  7  7  6,中京,PASS_HTML,2000,3,pw01dud102023107155/92,マイコンプリート,4,西塚 洸二,33.5,クビ,06,02,4,3歳,未勝利,2026-08-09,pw01sde0107202602060120260809,3歳未勝利,01,[指定],,9時50分,せん3,https://www.jra.go.jp/JRADB/accessS.html?CNAME=pw01sde0107202602060120260809%2F9E,芝,2:00.1,良,友道 康夫,晴,馬齢,,
438(+6),55.0,4  3  3  4,中京,PASS_HTML,2000,4,pw01dud102023104405/08,ラピス,1,団野 大成,34.4,４,06,02,7,3歳,未勝利,2026-08-09,pw01sde0107202602060120260809,3歳未勝利,01,[指定],,9時50分,牝3,https://www.jra.go.jp/JRADB/accessS.html?CNAME=pw01sde0107202602060120260809%2F9E,芝,2:00.7,良,安田 翔伍,晴,馬齢,,
480(+4),55.0,4  5  5  6,中京,PASS_HTML,2000,5,pw01dud102023106982/02,クロスボーダー,3,川田 将雅,34.3,アタマ,06,02,1,3歳,未勝利,2026-08-09,pw01sde0107202602060120260809,3歳未勝利,01,[指定],,9時50分,牝3,https://www.jra.go.jp/JRADB/accessS.html?CNAME=pw01sde0107202602060120260809%2F9E,芝,2:00.8,良,小林 真也,晴,馬齢,,
462(0),57.0,10  10  8  8,中京,PASS_HTML,2000,6,pw01dud102023104944/CA,チュオンソン,13,酒井 学,34.2,３／４,06,02,8,3歳,未勝利,2026-08-09,pw01sde0107202602060120260809,3歳未勝利,01,[指定],,9時50分,牡3,https://www.jra.go.jp/JRADB/accessS.html?CNAME=pw01sde0107202602060120260809%2F9E,芝,2:00.9,良,昆 貢,晴,馬齢,,
420(0),55.0,3  3  3  2,中京,PASS_HTML,2000,7,pw01dud102023107125/62,ディアーモルタル,16,国分 恭介,34.7,アタマ,06,02,10,3歳,未勝利,2026-08-09,pw01sde0107202602060120260809,3歳未勝利,01,[指定],,9時50分,牝3,https://www.jra.go.jp/JRADB/accessS.html?CNAME=pw01sde0107202602060120260809%2F9E,芝,2:00.9,良,宮本 博,晴,馬齢,,
464(+8),55.0,13  13  14  14,中京,PASS_HTML,2000,8,pw01dud102023102640/8D,オレンジフィールド,12,亀田 温心,33.7,３／４,06,02,6,3歳,未勝利,2026-08-09,pw01sde0107202602060120260809,3歳未勝利,01,[指定],,9時50分,牝3,https://www.jra.go.jp/JRADB/accessS.html?CNAME=pw01sde0107202602060120260809%2F9E,芝,2:01.0,良,北出 成人,晴,馬齢,,
484(+4),57.0,11  10  11  10,中京,PASS_HTML,2000,9,pw01dud102023104289/F2,キービート,11,長岡 禎仁,34.2,３／４,06,02,16,3歳,未勝利,2026-08-09,pw01sde0107202602060120260809,3歳未勝利,01,[指定],,9時50分,牡3,https://www.jra.go.jp/JRADB/accessS.html?CNAME=pw01sde0107202602060120260809%2F9E,芝,2:01.1,良,宮 徹,晴,馬齢,,
436(+10),55.0,4  5  5  5,中京,PASS_HTML,2000,10,pw01dud102023103887/43,レイアン,2,西村 淳也,34.7,ハナ,06,02,9,3歳,未勝利,2026-08-09,pw01sde0107202602060120260809,3歳未勝利,01,[指定],,9時50分,牝3,https://www.jra.go.jp/JRADB/accessS.html?CNAME=pw01sde0107202602060120260809%2F9E,芝,2:01.1,良,笹田 和秀,晴,馬齢,,
486(+4),54.0,16  16  16  14,中京,PASS_HTML,2000,11,pw01dud102023105075/A3,ワンダーリュクス,9,▲森田 誠也,33.9,３／４,06,02,5,3歳,未勝利,2026-08-09,pw01sde0107202602060120260809,3歳未勝利,01,[指定],,9時50分,牡3,https://www.jra.go.jp/JRADB/accessS.html?CNAME=pw01sde0107202602060120260809%2F9E,芝,2:01.2,良,牧田 和弥,晴,馬齢,,
506(-34),57.0,12  12  13  12,中京,PASS_HTML,2000,12,pw01dud102023104922/C4,バンブラボー,6,秋山 稔樹,34.3,３／４,06,02,14,3歳,未勝利,2026-08-09,pw01sde0107202602060120260809,3歳未勝利,01,[指定],,9時50分,牡3,https://www.jra.go.jp/JRADB/accessS.html?CNAME=pw01sde0107202602060120260809%2F9E,芝,2:01.4,良,飯田 祐史,晴,馬齢,,
418(+4),55.0,7  8  8  9,中京,PASS_HTML,2000,13,pw01dud102023100505/7D,ゴナビーオーライト,8,藤懸 貴志,34.6,クビ,06,02,12,3歳,未勝利,2026-08-09,pw01sde0107202602060120260809,3歳未勝利,01,[指定],,9時50分,牝3,https://www.jra.go.jp/JRADB/accessS.html?CNAME=pw01sde0107202602060120260809%2F9E,芝,2:01.4,良,梅田 智之,晴,馬齢,,
472(-8),57.0,15  15  12  12,中京,PASS_HTML,2000,14,pw01dud102023109054/CC,カミノトップワン,7,角田 大和,34.9,２ 1/2,06,02,11,3歳,未勝利,2026-08-09,pw01sde0107202602060120260809,3歳未勝利,01,[指定],,9時50分,牡3,https://www.jra.go.jp/JRADB/accessS.html?CNAME=pw01sde0107202602060120260809%2F9E,芝,2:01.9,良,千田 輝彦,晴,馬齢,,
476(-12),55.0,7  8  8  10,中京,PASS_HTML,2000,15,pw01dud102023102190/E8,ニテンイチリュウ,10,◇永島 まなみ,35.6,３ 1/2,06,02,13,3歳,未勝利,2026-08-09,pw01sde0107202602060120260809,3歳未勝利,01,[指定],,9時50分,牡3,https://www.jra.go.jp/JRADB/accessS.html?CNAME=pw01sde0107202602060120260809%2F9E,芝,2:02.5,良,高橋 康之,晴,馬齢,,
430(-4),55.0,13  14  15  14,中京,PASS_HTML,2000,16,pw01dud102023103586/3D,ストラドーネ,5,△柴田 裕一郎,35.4,１,06,02,15,3歳,未勝利,2026-08-09,pw01sde0107202602060120260809,3歳未勝利,01,[指定],,9時50分,牡3,https://www.jra.go.jp/JRADB/accessS.html?CNAME=pw01sde0107202602060120260809%2F9E,芝,2:02.6,良,中竹 和也,晴,馬齢,,
448(+6),55.0,1  1  1  1,札幌,QUARANTINED_HTML:track_condition,1700,1,pw01dud102023106623/82,ルージュボニート,6,横山 武史,38.2,,05,01,1,3歳,未勝利,2026-08-08,pw01sde1001202601050120260808,3歳未勝利,01,牝［指定］,,10時00分,牝3,https://www.jra.go.jp/JRADB/accessS.html?CNAME=pw01sde1001202601050120260808%2F60,ダート,1:45.9,,高柳 瑞樹,曇,馬齢,,
466(+2),55.0,4  5  4  3,札幌,QUARANTINED_HTML:track_condition,1700,2,pw01dud102023102909/EB,マーゴットクリュグ,10,松本 大輝,38.8,５,05,01,5,3歳,未勝利,2026-08-08,pw01sde1001202601050120260808,3歳未勝利,01,牝［指定］,,10時00分,牝3,https://www.jra.go.jp/JRADB/accessS.html?CNAME=pw01sde1001202601050120260808%2F60,ダート,1:46.8,,小林 真也,曇,馬齢,,
498(0),55.0,6  6  7  5,札幌,QUARANTINED_HTML:track_condition,1700,3,pw01dud102023107055/61,ジェイストリーク,3,岩田 望来,39.0,３ 1/2,05,01,4,3歳,未勝利,2026-08-08,pw01sde1001202601050120260808,3歳未勝利,01,牝［指定］,,10時00分,牝3,https://www.jra.go.jp/JRADB/accessS.html?CNAME=pw01sde1001202601050120260808%2F60,ダート,1:47.4,,武 幸四郎,曇,馬齢,,
492(+2),54.0,2  3  2  2,札幌,QUARANTINED_HTML:track_condition,1700,4,pw01dud102023107267/B9,ジーティービキニ,14,☆舟山 瑠泉,39.8,１ 1/4,05,01,2,3歳,未勝利,2026-08-08,pw01sde1001202601050120260808,3歳未勝利,01,牝［指定］,,10時00分,牝3,https://www.jra.go.jp/JRADB/accessS.html?CNAME=pw01sde1001202601050120260808%2F60,ダート,1:47.6,,松下 武士,曇,馬齢,,
490(+2),52.0,14  14  9  5,札幌,QUARANTINED_HTML:track_condition,1700,5,pw01dud102023107306/17,セラサイト,2,▲小林 美駒,39.2,１,05,01,6,3歳,未勝利,2026-08-08,pw01sde1001202601050120260808,3歳未勝利,01,牝［指定］,,10時00分,牝3,https://www.jra.go.jp/JRADB/accessS.html?CNAME=pw01sde1001202601050120260808%2F60,ダート,1:47.8,,茶木 太樹,曇,馬齢,,
412(0),55.0,13  13  13  12,札幌,QUARANTINED_HTML:track_condition,1700,6,pw01dud102023101315/1A,サンエンジェルス,8,浜中 俊,38.6,クビ,05,01,8,3歳,未勝利,2026-08-08,pw01sde1001202601050120260808,3歳未勝利,01,牝［指定］,,10時00分,牝3,https://www.jra.go.jp/JRADB/accessS.html?CNAME=pw01sde1001202601050120260808%2F60,ダート,1:47.8,,谷 潔,曇,馬齢,,
486(0),51.0,11  9  9  8,札幌,QUARANTINED_HTML:track_condition,1700,7,pw01dud102023106616/CB,ルージュエピック,1,★河原田 菜々,39.3,３／４,05,01,7,3歳,未勝利,2026-08-08,pw01sde1001202601050120260808,3歳未勝利,01,牝［指定］,,10時00分,牝3,https://www.jra.go.jp/JRADB/accessS.html?CNAME=pw01sde1001202601050120260808%2F60,ダート,1:48.0,,田中 克典,曇,馬齢,,
500(+2),55.0,6  7  9  10,札幌,QUARANTINED_HTML:track_condition,1700,8,pw01dud102023106163/CD,サマースプラッシュ,5,佐々木 大輔,39.8,３,05,01,12,3歳,未勝利,2026-08-08,pw01sde1001202601050120260808,3歳未勝利,01,牝［指定］,,10時00分,牝3,https://www.jra.go.jp/JRADB/accessS.html?CNAME=pw01sde1001202601050120260808%2F60,ダート,1:48.5,,石栗 龍彦,曇,馬齢,,
480(+2),55.0,10  9  5  5,札幌,QUARANTINED_HTML:track_condition,1700,9,pw01dud102023101443/95,フィーユレアル,9,斎藤 新,40.3,クビ,05,01,9,3歳,未勝利,2026-08-08,pw01sde1001202601050120260808,3歳未勝利,01,牝［指定］,,10時00分,牝3,https://www.jra.go.jp/JRADB/accessS.html?CNAME=pw01sde1001202601050120260808%2F60,ダート,1:48.5,,斎藤 誠,曇,馬齢,,
440(+6),55.0,9  7  7  8,札幌,QUARANTINED_HTML:track_condition,1700,10,pw01dud102023105228/0E,ルパピヨンブラン,11,川又 賢治,40.1,クビ,05,01,10,3歳,未勝利,2026-08-08,pw01sde1001202601050120260808,3歳未勝利,01,牝［指定］,,10時00分,牝3,https://www.jra.go.jp/JRADB/accessS.html?CNAME=pw01sde1001202601050120260808%2F60,ダート,1:48.6,,杉山 佳明,曇,馬齢,,
424(-2),54.0,11  9  9  10,札幌,QUARANTINED_HTML:track_condition,1700,11,pw01dud102023104347/FD,ハスカップジャム,7,☆長浜 鴻緒,40.9,６,05,01,14,3歳,未勝利,2026-08-08,pw01sde1001202601050120260808,3歳未勝利,01,牝［指定］,,10時00分,牝3,https://www.jra.go.jp/JRADB/accessS.html?CNAME=pw01sde1001202601050120260808%2F60,ダート,1:49.6,,中舘 英二,曇,馬齢,,
428(-12),55.0,2  2  2  4,札幌,QUARANTINED_HTML:track_condition,1700,12,pw01dud102023100709/AB,シャドウルーラー,13,松山 弘平,42.0,１ 1/4,05,01,3,3歳,未勝利,2026-08-08,pw01sde1001202601050120260808,3歳未勝利,01,牝［指定］,,10時00分,牝3,https://www.jra.go.jp/JRADB/accessS.html?CNAME=pw01sde1001202601050120260808%2F60,ダート,1:49.8,,藤岡 健一,曇,馬齢,,
464(+4),55.0,4  3  5  13,札幌,QUARANTINED_HTML:track_condition,1700,13,pw01dud102023100285/6A,アルデバローズ,4,横山 琉人,44.3,大差,05,01,13,3歳,未勝利,2026-08-08,pw01sde1001202601050120260808,3歳未勝利,01,牝［指定］,,10時00分,牝3,https://www.jra.go.jp/JRADB/accessS.html?CNAME=pw01sde1001202601050120260808%2F60,ダート,1:52.4,,矢野 英一,曇,馬齢,,
474(+8),55.0,6  9  14  14,札幌,QUARANTINED_HTML:track_condition,1700,14,pw01dud102023102549/67,ワイルドカグラ,12,小沢 大仁,48.3,大差,05,01,11,3歳,未勝利,2026-08-08,pw01sde1001202601050120260808,3歳未勝利,01,牝［指定］,,10時00分,牝3,https://www.jra.go.jp/JRADB/accessS.html?CNAME=pw01sde1001202601050120260808%2F60,ダート,1:58.6,,渡辺 薫彦,曇,馬齢,,
462(+8),52.0,12  2  2,札幌,PASS_HTML,1500,1,pw01dud102024104976/6C,チカバリエンテ,7,▲小林 美駒,36.1,,05,01,1,2歳,未勝利,2026-08-08,pw01sde1001202601050220260808,2歳未勝利,02,（混合）［指定］,,10時30分,牝2,https://www.jra.go.jp/JRADB/accessS.html?CNAME=pw01sde1001202601050220260808%2F15,芝,1:30.1,稍重,藤野 健太,小雨,馬齢,,
452(+2),55.0,1  1  1,札幌,PASS_HTML,1500,2,pw01dud102024105886/3A,ジャストワナフライ,10,斎藤 新,36.2,ハナ,05,01,9,2歳,未勝利,2026-08-08,pw01sde1001202601050220260808,2歳未勝利,02,（混合）［指定］,,10時30分,牡2,https://www.jra.go.jp/JRADB/accessS.html?CNAME=pw01sde1001202601050220260808%2F15,芝,1:30.1,稍重,小栗 実,小雨,馬齢,,
418(-8),55.0,3  7  6,札幌,PASS_HTML,1500,3,pw01dud102024100800/5D,ルギッドドランジュ,11,北村 友一,35.9,クビ,05,01,8,2歳,未勝利,2026-08-08,pw01sde1001202601050220260808,2歳未勝利,02,（混合）［指定］,,10時30分,牝2,https://www.jra.go.jp/JRADB/accessS.html?CNAME=pw01sde1001202601050220260808%2F15,芝,1:30.2,稍重,秋本 大介,小雨,馬齢,,
498(-2),55.0,6  6  3,札幌,PASS_HTML,1500,4,pw01dud102024105809/13,アルデシンザン,3,佐々木 大輔,36.0,クビ,05,01,2,2歳,未勝利,2026-08-08,pw01sde1001202601050220260808,2歳未勝利,02,（混合）［指定］,,10時30分,牡2,https://www.jra.go.jp/JRADB/accessS.html?CNAME=pw01sde1001202601050220260808%2F15,芝,1:30.2,稍重,矢野 英一,小雨,馬齢,,
448(+2),55.0,9  9  12,札幌,PASS_HTML,1500,5,pw01dud102024101984/C9,ランダムナンバー,1,浜中 俊,35.9,１,05,01,7,2歳,未勝利,2026-08-08,pw01sde1001202601050220260808,2歳未勝利,02,（混合）［指定］,,10時30分,牡2,https://www.jra.go.jp/JRADB/accessS.html?CNAME=pw01sde1001202601050220260808%2F15,芝,1:30.4,稍重,橋田 宜長,小雨,馬齢,,
392(+4),51.0,7  9  10,札幌,PASS_HTML,1500,6,pw01dud102024102008/4B,リラカリス,13,★河原田 菜々,36.2,１ 3/4,05,01,13,2歳,未勝利,2026-08-08,pw01sde1001202601050220260808,2歳未勝利,02,（混合）［指定］,,10時30分,牝2,https://www.jra.go.jp/JRADB/accessS.html?CNAME=pw01sde1001202601050220260808%2F15,芝,1:30.7,稍重,新谷 功一,小雨,馬齢,,
414(+12),55.0,9  9  6,札幌,PASS_HTML,1500,7,pw01dud102024100245/B6,トルネードサンダー,5,岩田 康誠,36.2,アタマ,05,01,5,2歳,未勝利,2026-08-08,pw01sde1001202601050220260808,2歳未勝利,02,（混合）［指定］,,10時30分,牝2,https://www.jra.go.jp/JRADB/accessS.html?CNAME=pw01sde1001202601050220260808%2F15,芝,1:30.7,稍重,安達 昭夫,小雨,馬齢,,
408(+14),55.0,11  12  10,札幌,PASS_HTML,1500,8,pw01dud102024103507/BC,サンシルヴァリー,8,川又 賢治,36.0,ハナ,05,01,11,2歳,未勝利,2026-08-08,pw01sde1001202601050220260808,2歳未勝利,02,（混合）［指定］,,10時30分,牝2,https://www.jra.go.jp/JRADB/accessS.html?CNAME=pw01sde1001202601050220260808%2F15,芝,1:30.7,稍重,西村 真幸,小雨,馬齢,,
418(+4),55.0,3  2  3,札幌,PASS_HTML,1500,9,pw01dud102024105362/59,ライフイズアート,9,岩田 望来,36.8,１ 1/2,05,01,3,2歳,未勝利,2026-08-08,pw01sde1001202601050220260808,2歳未勝利,02,（混合）［指定］,,10時30分,牝2,https://www.jra.go.jp/JRADB/accessS.html?CNAME=pw01sde1001202601050220260808%2F15,芝,1:30.9,稍重,青木 孝文,小雨,馬齢,,
452(+8),55.0,3  2  3,札幌,PASS_HTML,1500,10,pw01dud102024102714/E6,リアルジャパン,4,吉田 隼人,37.1,１ 1/2,05,01,6,2歳,未勝利,2026-08-08,pw01sde1001202601050220260808,2歳未勝利,02,（混合）［指定］,,10時30分,牡2,https://www.jra.go.jp/JRADB/accessS.html?CNAME=pw01sde1001202601050220260808%2F15,芝,1:31.2,稍重,大橋 勇樹,小雨,馬齢,,
440(+10),55.0,7  7  6,札幌,PASS_HTML,1500,11,pw01dud102024100176/28,ショパンコンクール,2,横山 琉人,36.8,アタマ,05,01,4,2歳,未勝利,2026-08-08,pw01sde1001202601050220260808,2歳未勝利,02,（混合）［指定］,,10時30分,牡2,https://www.jra.go.jp/JRADB/accessS.html?CNAME=pw01sde1001202601050220260808%2F15,芝,1:31.2,稍重,岩戸 孝樹,小雨,馬齢,,
414(+4),52.0,2  2  6,札幌,PASS_HTML,1500,12,pw01dud102024104503/DF,ゴートゥービッツン,12,▲遠藤 汰月,37.4,１ 1/4,05,01,12,2歳,未勝利,2026-08-08,pw01sde1001202601050220260808,2歳未勝利,02,（混合）［指定］,,10時30分,牝2,https://www.jra.go.jp/JRADB/accessS.html?CNAME=pw01sde1001202601050220260808%2F15,芝,1:31.4,稍重,伊藤 伸一,小雨,馬齢,,
392(-10),54.0,12  13  13,札幌,PASS_HTML,1500,13,pw01dud102024106919/43,アズライトティアラ,6,☆舟山 瑠泉,36.6,１／２,05,01,10,2歳,未勝利,2026-08-08,pw01sde1001202601050220260808,2歳未勝利,02,（混合）［指定］,,10時30分,牝2,https://www.jra.go.jp/JRADB/accessS.html?CNAME=pw01sde1001202601050220260808%2F15,芝,1:31.5,稍重,浜田 多実雄,小雨,馬齢,,
456(初出走),55.0,1  1  1  1,札幌,PASS_HTML,1800,1,pw01dud102024106454/4F,シルバーウィル,5,吉田 隼人,35.2,,05,01,3,2歳,新馬,2026-08-08,pw01sde1001202601050520260808,メイクデビュー札幌,05,（混合）［指定］,,12時20分,牝2,https://www.jra.go.jp/JRADB/accessS.html?CNAME=pw01sde1001202601050520260808%2F34,芝,1:51.3,稍重,松永 幹夫,曇,馬齢,,
436(初出走),55.0,10  8  8  7,札幌,PASS_HTML,1800,2,pw01dud102024106192/16,シネファイル,6,斎藤 新,35.1,２,05,01,4,2歳,新馬,2026-08-08,pw01sde1001202601050520260808,メイクデビュー札幌,05,（混合）［指定］,,12時20分,牝2,https://www.jra.go.jp/JRADB/accessS.html?CNAME=pw01sde1001202601050520260808%2F34,芝,1:51.7,稍重,斎藤 誠,曇,馬齢,,
434(初出走),55.0,2  2  2  2,札幌,PASS_HTML,1800,3,pw01dud102024103490/F6,ロマノヴェリテ,9,北村 友一,35.5,クビ,05,01,7,2歳,新馬,2026-08-08,pw01sde1001202601050520260808,メイクデビュー札幌,05,（混合）［指定］,,12時20分,牡2,https://www.jra.go.jp/JRADB/accessS.html?CNAME=pw01sde1001202601050520260808%2F34,芝,1:51.7,稍重,中竹 和也,曇,馬齢,,
468(初出走),55.0,5  4  5  4,札幌,PASS_HTML,1800,4,pw01dud102024107398/19,ジーフォーリア,2,横山 武史,35.3,ハナ,05,01,2,2歳,新馬,2026-08-08,pw01sde1001202601050520260808,メイクデビュー札幌,05,（混合）［指定］,,12時20分,牡2,https://www.jra.go.jp/JRADB/accessS.html?CNAME=pw01sde1001202601050520260808%2F34,芝,1:51.7,稍重,鹿戸 雄一,曇,馬齢,,
426(初出走),55.0,5  4  5  4,札幌,PASS_HTML,1800,5,pw01dud102024102908/04,イドム,3,松本 大輝,35.4,クビ,05,01,8,2歳,新馬,2026-08-08,pw01sde1001202601050520260808,メイクデビュー札幌,05,（混合）［指定］,,12時20分,牡2,https://www.jra.go.jp/JRADB/accessS.html?CNAME=pw01sde1001202601050520260808%2F34,芝,1:51.8,稍重,高橋 康之,曇,馬齢,,
436(初出走),55.0,3  2  2  2,札幌,PASS_HTML,1800,6,pw01dud102024101437/DD,コジアン,11,横山 琉人,35.9,２,05,01,6,2歳,新馬,2026-08-08,pw01sde1001202601050520260808,メイクデビュー札幌,05,（混合）［指定］,,12時20分,牡2,https://www.jra.go.jp/JRADB/accessS.html?CNAME=pw01sde1001202601050520260808%2F34,芝,1:52.1,稍重,小椋 研介,曇,馬齢,,
488(初出走),55.0,3  4  2  4,札幌,PASS_HTML,1800,7,pw01dud102024100119/21,ムッチリスタイル,7,岩田 望来,35.9,クビ,05,01,1,2歳,新馬,2026-08-08,pw01sde1001202601050520260808,メイクデビュー札幌,05,（混合）［指定］,,12時20分,牡2,https://www.jra.go.jp/JRADB/accessS.html?CNAME=pw01sde1001202601050520260808%2F34,芝,1:52.1,稍重,佐藤 悠太,曇,馬齢,,
448(初出走),53.0,8  8  8  8,札幌,PASS_HTML,1800,8,pw01dud102024104772/3E,ローレルメビウス,8,◇古川 奈穂,35.9,２ 1/2,05,01,9,2歳,新馬,2026-08-08,pw01sde1001202601050520260808,メイクデビュー札幌,05,（混合）［指定］,,12時20分,牡2,https://www.jra.go.jp/JRADB/accessS.html?CNAME=pw01sde1001202601050520260808%2F34,芝,1:52.5,稍重,金成 貴史,曇,馬齢,,
482(初出走),52.0,12  12  11  10,札幌,PASS_HTML,1800,9,pw01dud102024104493/3E,レイテスツドリーム,1,▲和田 陽希,35.9,１ 3/4,05,01,12,2歳,新馬,2026-08-08,pw01sde1001202601050520260808,メイクデビュー札幌,05,（混合）［指定］,,12時20分,牡2,https://www.jra.go.jp/JRADB/accessS.html?CNAME=pw01sde1001202601050520260808%2F34,芝,1:52.8,稍重,平田 修,曇,馬齢,,
468(初出走),55.0,10  11  11  10,札幌,PASS_HTML,1800,10,pw01dud102024101393/40,マルカローゼ,10,小沢 大仁,36.4,３,05,01,10,2歳,新馬,2026-08-08,pw01sde1001202601050520260808,メイクデビュー札幌,05,（混合）［指定］,,12時20分,牝2,https://www.jra.go.jp/JRADB/accessS.html?CNAME=pw01sde1001202601050520260808%2F34,芝,1:53.3,稍重,浜田 多実雄,曇,馬齢,,
452(初出走),51.0,8  8  8  8,札幌,PASS_HTML,1800,11,pw01dud102024101830/7C,エイシンジュウライ,12,★河原田 菜々,36.6,ハナ,05,01,11,2歳,新馬,2026-08-08,pw01sde1001202601050520260808,メイクデビュー札幌,05,（混合）［指定］,,12時20分,牡2,https://www.jra.go.jp/JRADB/accessS.html?CNAME=pw01sde1001202601050520260808%2F34,芝,1:53.3,稍重,今野 貞一,曇,馬齢,,
498(初出走),55.0,5  7  7  12,札幌,PASS_HTML,1800,12,pw01dud102024100038/9D,マーヴィン,4,浜中 俊,39.6,大差,05,01,5,2歳,新馬,2026-08-08,pw01sde1001202601050520260808,メイクデビュー札幌,05,（混合）［指定］,,12時20分,牡2,https://www.jra.go.jp/JRADB/accessS.html?CNAME=pw01sde1001202601050520260808%2F34,芝,1:56.1,稍重,武 幸四郎,曇,馬齢,,
492(+12),57.0,2  2  2  2,札幌,QUARANTINED_HTML:track_condition,1700,1,pw01dud102023102942/06,インタノン,14,佐々木 大輔,37.1,,05,01,3,3歳,未勝利,2026-08-08,pw01sde1001202601050320260808,3歳未勝利,03,[指定],,11時00分,牡3,https://www.jra.go.jp/JRADB/accessS.html?CNAME=pw01sde1001202601050320260808%2FCA,ダート,1:46.2,,堀 宣行,小雨,馬齢,,
468(+8),57.0,7  5  4  1,札幌,QUARANTINED_HTML:track_condition,1700,2,pw01dud102023101576/4F,リン,10,横山 和生,37.7,５,05,01,4,3歳,未勝利,2026-08-08,pw01sde1001202601050320260808,3歳未勝利,03,[指定],,11時00分,牡3,https://www.jra.go.jp/JRADB/accessS.html?CNAME=pw01sde1001202601050320260808%2FCA,ダート,1:47.0,,四位 洋文,小雨,馬齢,,
458(+6),55.0,1  1  1  3,札幌,QUARANTINED_HTML:track_condition,1700,3,pw01dud102023102170/C8,ビレッジルイーザ,11,岩田 望来,38.6,４,05,01,6,3歳,未勝利,2026-08-08,pw01sde1001202601050320260808,3歳未勝利,03,[指定],,11時00分,牝3,https://www.jra.go.jp/JRADB/accessS.html?CNAME=pw01sde1001202601050320260808%2FCA,ダート,1:47.6,,伊藤 圭三,小雨,馬齢,,
506(0),56.0,4  3  2  4,札幌,QUARANTINED_HTML:track_condition,1700,4,pw01dud102023106849/B6,イトシサ,13,☆舟山 瑠泉,38.9,２ 1/2,05,01,2,3歳,未勝利,2026-08-08,pw01sde1001202601050320260808,3歳未勝利,03,[指定],,11時00分,牡3,https://www.jra.go.jp/JRADB/accessS.html?CNAME=pw01sde1001202601050320260808%2FCA,ダート,1:48.0,,田中 博康,小雨,馬齢,,
460(+2),57.0,5  5  4  4,札幌,QUARANTINED_HTML:track_condition,1700,5,pw01dud102023103621/CF,シンエンドーツダ,4,岩田 康誠,38.7,クビ,05,01,1,3歳,未勝利,2026-08-08,pw01sde1001202601050320260808,3歳未勝利,03,[指定],,11時00分,牡3,https://www.jra.go.jp/JRADB/accessS.html?CNAME=pw01sde1001202601050320260808%2FCA,ダート,1:48.0,,萱野 浩二,小雨,馬齢,,
452(0),54.0,11  11  10  10,札幌,QUARANTINED_HTML:track_condition,1700,6,pw01dud102023102369/25,フロムザムーン,5,▲大久保 友雅,37.6,１,05,01,10,3歳,未勝利,2026-08-08,pw01sde1001202601050320260808,3歳未勝利,03,[指定],,11時00分,牡3,https://www.jra.go.jp/JRADB/accessS.html?CNAME=pw01sde1001202601050320260808%2FCA,ダート,1:48.2,,畑端 省吾,小雨,馬齢,,
458(+2),57.0,9  7  6  6,札幌,QUARANTINED_HTML:track_condition,1700,7,pw01dud102023103424/C6,デルマバンダイサン,8,松本 大輝,39.0,３,05,01,7,3歳,未勝利,2026-08-08,pw01sde1001202601050320260808,3歳未勝利,03,[指定],,11時00分,牡3,https://www.jra.go.jp/JRADB/accessS.html?CNAME=pw01sde1001202601050320260808%2FCA,ダート,1:48.7,,井上 智史,小雨,馬齢,,
456(+6),54.0,9  7  8  8,札幌,QUARANTINED_HTML:track_condition,1700,8,pw01dud102023105090/84,ヘリオポリス,9,▲和田 陽希,39.5,５,05,01,14,3歳,未勝利,2026-08-08,pw01sde1001202601050320260808,3歳未勝利,03,[指定],,11時00分,牡3,https://www.jra.go.jp/JRADB/accessS.html?CNAME=pw01sde1001202601050320260808%2FCA,ダート,1:49.5,,杉山 佳明,小雨,馬齢,,
434(0),57.0,8  11  11  11,札幌,QUARANTINED_HTML:track_condition,1700,9,pw01dud102023103461/AD,ジングアップ,2,池添 謙一,39.2,２ 1/2,05,01,9,3歳,未勝利,2026-08-08,pw01sde1001202601050320260808,3歳未勝利,03,[指定],,11時00分,牡3,https://www.jra.go.jp/JRADB/accessS.html?CNAME=pw01sde1001202601050320260808%2FCA,ダート,1:49.9,,大竹 正博,小雨,馬齢,,
462(+4),57.0,11  13  12  12,札幌,QUARANTINED_HTML:track_condition,1700,10,pw01dud102023103280/F8,ロスニーニョス,3,古川 吉洋,38.8,クビ,05,01,13,3歳,未勝利,2026-08-08,pw01sde1001202601050320260808,3歳未勝利,03,[指定],,11時00分,牡3,https://www.jra.go.jp/JRADB/accessS.html?CNAME=pw01sde1001202601050320260808%2FCA,ダート,1:49.9,,大根田 裕之,小雨,馬齢,,
426(-2),55.0,11  10  8  8,札幌,QUARANTINED_HTML:track_condition,1700,11,pw01dud102023107245/B3,マルシュボヌール,12,北村 友一,40.0,１／２,05,01,8,3歳,未勝利,2026-08-08,pw01sde1001202601050320260808,3歳未勝利,03,[指定],,11時00分,牝3,https://www.jra.go.jp/JRADB/accessS.html?CNAME=pw01sde1001202601050320260808%2FCA,ダート,1:50.0,,柴田 卓,小雨,馬齢,,
456(-6),57.0,3  3  6  6,札幌,QUARANTINED_HTML:track_condition,1700,12,pw01dud102023102414/C7,ホウオウチャールズ,1,斎藤 新,40.8,３,05,01,11,3歳,未勝利,2026-08-08,pw01sde1001202601050320260808,3歳未勝利,03,[指定],,11時00分,牡3,https://www.jra.go.jp/JRADB/accessS.html?CNAME=pw01sde1001202601050320260808%2FCA,ダート,1:50.5,,池上 昌和,小雨,馬齢,,
484(0),54.0,5  9  13  13,札幌,QUARANTINED_HTML:track_condition,1700,13,pw01dud102023100362/22,ニシノモリミチ,6,▲小林 美駒,39.1,１／２,05,01,5,3歳,未勝利,2026-08-08,pw01sde1001202601050320260808,3歳未勝利,03,[指定],,11時00分,牡3,https://www.jra.go.jp/JRADB/accessS.html?CNAME=pw01sde1001202601050320260808%2FCA,ダート,1:50.6,,高木 登,小雨,馬齢,,
438(-6),55.0,14  14  14  14,札幌,QUARANTINED_HTML:track_condition,1700,14,pw01dud102023103655/CB,ダディーズソード,7,◇古川 奈穂,39.7,５,05,01,12,3歳,未勝利,2026-08-08,pw01sde1001202601050320260808,3歳未勝利,03,[指定],,11時00分,牡3,https://www.jra.go.jp/JRADB/accessS.html?CNAME=pw01sde1001202601050320260808%2FCA,ダート,1:51.5,,畑端 省吾,小雨,馬齢,,
448(+2),56.0,9  8  5,札幌,PASS_HTML,1500,1,pw01dud102022104894/5D,ダノンフィオーレ,4,北村 友一,35.7,,05,01,4,3歳以上,1勝クラス,2026-08-08,pw01sde1001202601050420260808,3歳以上1勝クラス,04,（混合）［指定］,,11時30分,牝4,https://www.jra.go.jp/JRADB/accessS.html?CNAME=pw01sde1001202601050420260808%2F7F,芝,1:27.9,稍重,藤原 英昭,曇,定量,,
468(+4),53.0,11  11  8,札幌,PASS_HTML,1500,2,pw01dud102023106844/77,モルニケ,13,横山 武史,35.4,３／４,05,01,2,3歳以上,1勝クラス,2026-08-08,pw01sde1001202601050420260808,3歳以上1勝クラス,04,（混合）［指定］,,11時30分,牝3,https://www.jra.go.jp/JRADB/accessS.html?CNAME=pw01sde1001202601050420260808%2F7F,芝,1:28.0,稍重,金成 貴史,曇,定量,,
464(-4),58.0,13  13  8,札幌,PASS_HTML,1500,3,pw01dud102022104811/84,アセンブリールーム,2,池添 謙一,35.5,２,05,01,5,3歳以上,1勝クラス,2026-08-08,pw01sde1001202601050420260808,3歳以上1勝クラス,04,（混合）［指定］,,11時30分,牡4,https://www.jra.go.jp/JRADB/accessS.html?CNAME=pw01sde1001202601050420260808%2F7F,芝,1:28.3,稍重,中川 公成,曇,定量,,
448(+2),53.0,1  1  1,札幌,PASS_HTML,1500,4,pw01dud102023104690/BB,ネッタイヤライ,6,◇古川 奈穂,37.1,ハナ,05,01,7,3歳以上,1勝クラス,2026-08-08,pw01sde1001202601050420260808,3歳以上1勝クラス,04,（混合）［指定］,,11時30分,牡3,https://www.jra.go.jp/JRADB/accessS.html?CNAME=pw01sde1001202601050420260808%2F7F,芝,1:28.3,稍重,矢作 芳人,曇,定量,,
480(+6),53.0,6  5  3,札幌,PASS_HTML,1500,5,pw01dud102023103394/05,フレッチャアズーラ,10,岩田 望来,36.5,ハナ,05,01,1,3歳以上,1勝クラス,2026-08-08,pw01sde1001202601050420260808,3歳以上1勝クラス,04,（混合）［指定］,,11時30分,牝3,https://www.jra.go.jp/JRADB/accessS.html?CNAME=pw01sde1001202601050420260808%2F7F,芝,1:28.3,稍重,四位 洋文,曇,定量,,
502(+2),52.0,2  2  2,札幌,PASS_HTML,1500,6,pw01dud102023107172/59,バルボアパーク,11,☆舟山 瑠泉,37.2,１,05,01,3,3歳以上,1勝クラス,2026-08-08,pw01sde1001202601050420260808,3歳以上1勝クラス,04,（混合）［指定］,,11時30分,牝3,https://www.jra.go.jp/JRADB/accessS.html?CNAME=pw01sde1001202601050420260808%2F7F,芝,1:28.5,稍重,田中 博康,曇,定量,,
478(+2),58.0,14  14  13,札幌,PASS_HTML,1500,7,pw01dud102021101304/7F,サンウリエル,1,川又 賢治,35.5,１,05,01,9,3歳以上,1勝クラス,2026-08-08,pw01sde1001202601050420260808,3歳以上1勝クラス,04,（混合）［指定］,,11時30分,牡5,https://www.jra.go.jp/JRADB/accessS.html?CNAME=pw01sde1001202601050420260808%2F7F,芝,1:28.7,稍重,宮本 博,曇,定量,,
396(+4),53.0,8  6  8,札幌,PASS_HTML,1500,8,pw01dud102022105392/71,スタードメイソン,12,▲和田 陽希,36.9,１ 1/4,05,01,13,3歳以上,1勝クラス,2026-08-08,pw01sde1001202601050420260808,3歳以上1勝クラス,04,（混合）［指定］,,11時30分,牝4,https://www.jra.go.jp/JRADB/accessS.html?CNAME=pw01sde1001202601050420260808%2F7F,芝,1:28.9,稍重,加藤 公太,曇,定量,,
454(+2),55.0,9  8  5,札幌,PASS_HTML,1500,9,pw01dud102023103388/C1,ブライトフレア,8,浜中 俊,36.8,１／２,05,01,10,3歳以上,1勝クラス,2026-08-08,pw01sde1001202601050420260808,3歳以上1勝クラス,04,（混合）［指定］,,11時30分,牡3,https://www.jra.go.jp/JRADB/accessS.html?CNAME=pw01sde1001202601050420260808%2F7F,芝,1:29.0,稍重,佐藤 悠太,曇,定量,,
522(-4),55.0,11  11  13,札幌,PASS_HTML,1500,10,pw01dud102021101383/8C,アッシュバーグ,3,☆長浜 鴻緒,36.6,１ 1/2,05,01,12,3歳以上,1勝クラス,2026-08-08,pw01sde1001202601050420260808,3歳以上1勝クラス,04,（混合）［指定］,,11時30分,牝5,https://www.jra.go.jp/JRADB/accessS.html?CNAME=pw01sde1001202601050420260808%2F7F,芝,1:29.2,稍重,高橋 文雅,曇,定量,,
496(+2),55.0,4  3  3,札幌,PASS_HTML,1500,11,pw01dud102023103680/BC,グロリアスマーチ,14,佐々木 大輔,37.9,３／４,05,01,6,3歳以上,1勝クラス,2026-08-08,pw01sde1001202601050420260808,3歳以上1勝クラス,04,（混合）［指定］,,11時30分,牡3,https://www.jra.go.jp/JRADB/accessS.html?CNAME=pw01sde1001202601050420260808%2F7F,芝,1:29.4,稍重,須貝 尚介,曇,定量,,
486(+10),55.0,6  8  12,札幌,PASS_HTML,1500,12,pw01dud102022104221/6E,ペイシャアーサー,9,▲遠藤 汰月,37.4,１,05,01,14,3歳以上,1勝クラス,2026-08-08,pw01sde1001202601050420260808,3歳以上1勝クラス,04,（混合）［指定］,,11時30分,牡4,https://www.jra.go.jp/JRADB/accessS.html?CNAME=pw01sde1001202601050420260808%2F7F,芝,1:29.6,稍重,本間 忍,曇,定量,,
434(-4),53.0,4  6  8,札幌,PASS_HTML,1500,13,pw01dud102023102475/9A,コスモレッド,5,小沢 大仁,37.8,１ 1/4,05,01,11,3歳以上,1勝クラス,2026-08-08,pw01sde1001202601050420260808,3歳以上1勝クラス,04,（混合）［指定］,,11時30分,牝3,https://www.jra.go.jp/JRADB/accessS.html?CNAME=pw01sde1001202601050420260808%2F7F,芝,1:29.8,稍重,北出 成人,曇,定量,,
464(+6),53.0,3  3  5,札幌,PASS_HTML,1500,14,pw01dud102023105820/9C,ルーチェフィオーレ,7,横山 和生,39.2,６,05,01,8,3歳以上,1勝クラス,2026-08-08,pw01sde1001202601050420260808,3歳以上1勝クラス,04,（混合）［指定］,,11時30分,牝3,https://www.jra.go.jp/JRADB/accessS.html?CNAME=pw01sde1001202601050420260808%2F7F,芝,1:30.8,稍重,嘉藤 貴行,曇,定量,,
508(0),55.0,1  1  1  1,札幌,PASS_HTML,2000,1,pw01dud102023105857/F1,ウインカトリーヌ,12,横山 武史,36.6,,05,01,3,3歳,未勝利,2026-08-08,pw01sde1001202601050620260808,3歳未勝利,06,牝［指定］,,12時50分,牝3,https://www.jra.go.jp/JRADB/accessS.html?CNAME=pw01sde1001202601050620260808%2FE9,芝,2:00.8,稍重,西園 翔太,曇,馬齢,,
432(+8),55.0,10  9  9  4,札幌,PASS_HTML,2000,2,pw01dud102023104486/FB,ゴコウコイコイ,11,松山 弘平,36.1,２,05,01,1,3歳,未勝利,2026-08-08,pw01sde1001202601050620260808,3歳未勝利,06,牝［指定］,,12時50分,牝3,https://www.jra.go.jp/JRADB/accessS.html?CNAME=pw01sde1001202601050620260808%2FE9,芝,2:01.1,稍重,栗田 徹,曇,馬齢,,
450(+12),55.0,5  5  2  2,札幌,PASS_HTML,2000,3,pw01dud102023103380/29,ウィスカーパッド,4,岩田 望来,37.2,２,05,01,2,3歳,未勝利,2026-08-08,pw01sde1001202601050620260808,3歳未勝利,06,牝［指定］,,12時50分,牝3,https://www.jra.go.jp/JRADB/accessS.html?CNAME=pw01sde1001202601050620260808%2FE9,芝,2:01.5,稍重,藤岡 健一,曇,馬齢,,
432(+22),55.0,7  7  4  4,札幌,PASS_HTML,2000,4,pw01dud102023106418/4F,インテンスゲイズ,1,斎藤 新,37.0,１／２,05,01,12,3歳,未勝利,2026-08-08,pw01sde1001202601050620260808,3歳未勝利,06,牝［指定］,,12時50分,牝3,https://www.jra.go.jp/JRADB/accessS.html?CNAME=pw01sde1001202601050620260808%2FE9,芝,2:01.6,稍重,矢嶋 大樹,曇,馬齢,,
496(+4),55.0,2  2  2  3,札幌,PASS_HTML,2000,5,pw01dud102023103527/50,カリドーラ,15,小沢 大仁,37.4,３／４,05,01,10,3歳,未勝利,2026-08-08,pw01sde1001202601050620260808,3歳未勝利,06,牝［指定］,,12時50分,牝3,https://www.jra.go.jp/JRADB/accessS.html?CNAME=pw01sde1001202601050620260808%2FE9,芝,2:01.7,稍重,中舘 英二,曇,馬齢,,
440(0),55.0,11  11  11  7,札幌,PASS_HTML,2000,6,pw01dud102023102923/59,インフィオラータ,6,北村 友一,36.5,アタマ,05,01,4,3歳,未勝利,2026-08-08,pw01sde1001202601050620260808,3歳未勝利,06,牝［指定］,,12時50分,牝3,https://www.jra.go.jp/JRADB/accessS.html?CNAME=pw01sde1001202601050620260808%2FE9,芝,2:01.7,稍重,須貝 尚介,曇,馬齢,,
436(+26),55.0,6  6  4  4,札幌,PASS_HTML,2000,7,pw01dud102023105681/0D,ポリメトリック,2,松本 大輝,37.1,アタマ,05,01,8,3歳,未勝利,2026-08-08,pw01sde1001202601050620260808,3歳未勝利,06,牝［指定］,,12時50分,牝3,https://www.jra.go.jp/JRADB/accessS.html?CNAME=pw01sde1001202601050620260808%2FE9,芝,2:01.7,稍重,池江 泰寿,曇,馬齢,,
396(-2),55.0,7  7  7  7,札幌,PASS_HTML,2000,8,pw01dud102023100938/CA,スウィーティーベル,16,浜中 俊,37.1,２,05,01,9,3歳,未勝利,2026-08-08,pw01sde1001202601050620260808,3歳未勝利,06,牝［指定］,,12時50分,牝3,https://www.jra.go.jp/JRADB/accessS.html?CNAME=pw01sde1001202601050620260808%2FE9,芝,2:02.0,稍重,田中 克典,曇,馬齢,,
456(+2),51.0,15  14  13  12,札幌,PASS_HTML,2000,9,pw01dud102023100794/FC,マリノリュミエール,9,★河原田 菜々,36.7,１ 3/4,05,01,11,3歳,未勝利,2026-08-08,pw01sde1001202601050620260808,3歳未勝利,06,牝［指定］,,12時50分,牝3,https://www.jra.go.jp/JRADB/accessS.html?CNAME=pw01sde1001202601050620260808%2FE9,芝,2:02.3,稍重,村田 一誠,曇,馬齢,,
428(-4),52.0,14  14  15  12,札幌,PASS_HTML,2000,10,pw01dud102023104027/4A,ダンツアラーム,10,▲和田 陽希,36.7,クビ,05,01,13,3歳,未勝利,2026-08-08,pw01sde1001202601050620260808,3歳未勝利,06,牝［指定］,,12時50分,牝3,https://www.jra.go.jp/JRADB/accessS.html?CNAME=pw01sde1001202601050620260808%2FE9,芝,2:02.4,稍重,本田 優,曇,馬齢,,
444(+10),54.0,9  9  9  9,札幌,PASS_HTML,2000,11,pw01dud102023102311/3D,ジョブックボー,7,☆長浜 鴻緒,37.6,１ 1/2,05,01,5,3歳,未勝利,2026-08-08,pw01sde1001202601050620260808,3歳未勝利,06,牝［指定］,,12時50分,牝3,https://www.jra.go.jp/JRADB/accessS.html?CNAME=pw01sde1001202601050620260808%2FE9,芝,2:02.6,稍重,黒岩 陽一,曇,馬齢,,
464(+2),54.0,12  11  12  11,札幌,PASS_HTML,2000,12,pw01dud102023102987/85,プリュイドール,8,☆舟山 瑠泉,37.6,２ 1/2,05,01,6,3歳,未勝利,2026-08-08,pw01sde1001202601050620260808,3歳未勝利,06,牝［指定］,,12時50分,牝3,https://www.jra.go.jp/JRADB/accessS.html?CNAME=pw01sde1001202601050620260808%2FE9,芝,2:03.0,稍重,矢作 芳人,曇,馬齢,,
494(+4),55.0,12  13  13  14,札幌,PASS_HTML,2000,13,pw01dud102023107365/04,ラングロワブリッジ,13,吉田 隼人,37.7,１ 3/4,05,01,15,3歳,未勝利,2026-08-08,pw01sde1001202601050620260808,3歳未勝利,06,牝［指定］,,12時50分,牝3,https://www.jra.go.jp/JRADB/accessS.html?CNAME=pw01sde1001202601050620260808%2FE9,芝,2:03.3,稍重,戸田 博文,曇,馬齢,,
432(+14),55.0,4  3  4  9,札幌,PASS_HTML,2000,14,pw01dud102023107205/73,オズマップ,3,池添 謙一,39.8,６,05,01,7,3歳,未勝利,2026-08-08,pw01sde1001202601050620260808,3歳未勝利,06,牝［指定］,,12時50分,牝3,https://www.jra.go.jp/JRADB/accessS.html?CNAME=pw01sde1001202601050620260808%2FE9,芝,2:04.3,稍重,新谷 功一,曇,馬齢,,
424(+6),55.0,2  3  7  15,札幌,PASS_HTML,2000,15,pw01dud102023105853/25,ウインアベリア,5,原田 和真,40.2,５,05,01,16,3歳,未勝利,2026-08-08,pw01sde1001202601050620260808,3歳未勝利,06,牝［指定］,,12時50分,牝3,https://www.jra.go.jp/JRADB/accessS.html?CNAME=pw01sde1001202601050620260808%2FE9,芝,2:05.1,稍重,和田 正一郎,曇,馬齢,,
464(+2),52.0,16  16,札幌,PASS_HTML,2000,中止,pw01dud102023100314/B8,グレイスルーラー,14,▲小林 美駒,,,05,01,14,3歳,未勝利,2026-08-08,pw01sde1001202601050620260808,3歳未勝利,06,牝［指定］,,12時50分,牝3,https://www.jra.go.jp/JRADB/accessS.html?CNAME=pw01sde1001202601050620260808%2FE9,芝,,稍重,尾形 和幸,曇,馬齢,,
440(-6),53.0,2  2  2  1,札幌,QUARANTINED_HTML:track_condition,1700,1,pw01dud102022107317/0E,カルミアクラウン,14,▲小林 美駒,39.8,,05,01,2.0,3歳以上,1勝クラス,2026-08-08,pw01sde1001202601050920260808,3歳以上1勝クラス,09,牝［指定］,,14時20分,牝4,https://www.jra.go.jp/JRADB/accessS.html?CNAME=pw01sde1001202601050920260808%2F08,ダート,1:47.2,,吉岡 辰弥,小雨,定量,,
484(+4),56.0,8  10  7  3,札幌,QUARANTINED_HTML:track_condition,1700,2,pw01dud102020101250/46,ランスノーブル,10,原田 和真,39.3,１,05,01,8.0,3歳以上,1勝クラス,2026-08-08,pw01sde1001202601050920260808,3歳以上1勝クラス,09,牝［指定］,,14時20分,牝6,https://www.jra.go.jp/JRADB/accessS.html?CNAME=pw01sde1001202601050920260808%2F08,ダート,1:47.3,,上原 博之,小雨,定量,,
510(0),53.0,3  3  3  2,札幌,QUARANTINED_HTML:track_condition,1700,3,pw01dud102023100471/F0,スリーケイ,12,斎藤 新,39.9,クビ,05,01,7.0,3歳以上,1勝クラス,2026-08-08,pw01sde1001202601050920260808,3歳以上1勝クラス,09,牝［指定］,,14時20分,牝3,https://www.jra.go.jp/JRADB/accessS.html?CNAME=pw01sde1001202601050920260808%2F08,ダート,1:47.4,,高橋 一哉,小雨,定量,,
452(+6),53.0,3  3  3  3,札幌,QUARANTINED_HTML:track_condition,1700,4,pw01dud102023105358/6F,ジーティーアリア,11,北村 友一,39.8,アタマ,05,01,5.0,3歳以上,1勝クラス,2026-08-08,pw01sde1001202601050920260808,3歳以上1勝クラス,09,牝［指定］,,14時20分,牝3,https://www.jra.go.jp/JRADB/accessS.html?CNAME=pw01sde1001202601050920260808%2F08,ダート,1:47.4,,田中 克典,小雨,定量,,
486(+2),56.0,13  13  12  8,札幌,QUARANTINED_HTML:track_condition,1700,5,pw01dud102022105343/94,デルマサクラサク,5,横山 武史,39.0,１ 1/2,05,01,4.0,3歳以上,1勝クラス,2026-08-08,pw01sde1001202601050920260808,3歳以上1勝クラス,09,牝［指定］,,14時20分,牝4,https://www.jra.go.jp/JRADB/accessS.html?CNAME=pw01sde1001202601050920260808%2F08,ダート,1:47.6,,牧田 和弥,小雨,定量,,
442(0),53.0,5  5  5  7,札幌,QUARANTINED_HTML:track_condition,1700,6,pw01dud102023104766/6E,ヴェールミューズ,2,佐々木 大輔,40.0,１／２,05,01,6.0,3歳以上,1勝クラス,2026-08-08,pw01sde1001202601050920260808,3歳以上1勝クラス,09,牝［指定］,,14時20分,牝3,https://www.jra.go.jp/JRADB/accessS.html?CNAME=pw01sde1001202601050920260808%2F08,ダート,1:47.7,,浜田 多実雄,小雨,定量,,
460(-12),55.0,10  8  7  8,札幌,QUARANTINED_HTML:track_condition,1700,7,pw01dud102022101465/0F,リュミナーズ,1,☆長浜 鴻緒,39.9,３／４,05,01,10.0,3歳以上,1勝クラス,2026-08-08,pw01sde1001202601050920260808,3歳以上1勝クラス,09,牝［指定］,,14時20分,牝4,https://www.jra.go.jp/JRADB/accessS.html?CNAME=pw01sde1001202601050920260808%2F08,ダート,1:47.9,,堀内 岳志,小雨,定量,,
474(+6),56.0,11  11  11  12,札幌,QUARANTINED_HTML:track_condition,1700,8,pw01dud102021102494/2F,ブーケドグレイス,3,横山 琉人,39.9,２ 1/2,05,01,12.0,3歳以上,1勝クラス,2026-08-08,pw01sde1001202601050920260808,3歳以上1勝クラス,09,牝［指定］,,14時20分,牝5,https://www.jra.go.jp/JRADB/accessS.html?CNAME=pw01sde1001202601050920260808%2F08,ダート,1:48.3,,相沢 郁,小雨,定量,,
428(0),53.0,12  12  13  13,札幌,QUARANTINED_HTML:track_condition,1700,9,pw01dud102023102305/F9,マインセーラ,8,的場 勇人,39.2,ハナ,05,01,13.0,3歳以上,1勝クラス,2026-08-08,pw01sde1001202601050920260808,3歳以上1勝クラス,09,牝［指定］,,14時20分,牝3,https://www.jra.go.jp/JRADB/accessS.html?CNAME=pw01sde1001202601050920260808%2F08,ダート,1:48.3,,的場 均,小雨,定量,,
426(+6),53.0,8  8  7  5,札幌,QUARANTINED_HTML:track_condition,1700,10,pw01dud102023105830/AC,ビーチイン,4,横山 和生,40.6,１ 3/4,05,01,1.0,3歳以上,1勝クラス,2026-08-08,pw01sde1001202601050920260808,3歳以上1勝クラス,09,牝［指定］,,14時20分,牝3,https://www.jra.go.jp/JRADB/accessS.html?CNAME=pw01sde1001202601050920260808%2F08,ダート,1:48.6,,和田 勇介,小雨,定量,,
458(0),50.0,7  7  7  10,札幌,QUARANTINED_HTML:track_condition,1700,11,pw01dud102023102250/D9,ミリオンアップ,6,▲遠藤 汰月,41.5,５,05,01,11.0,3歳以上,1勝クラス,2026-08-08,pw01sde1001202601050920260808,3歳以上1勝クラス,09,牝［指定］,,14時20分,牝3,https://www.jra.go.jp/JRADB/accessS.html?CNAME=pw01sde1001202601050920260808%2F08,ダート,1:49.5,,野中 賢二,小雨,定量,,
484(+4),52.0,1  1  1  5,札幌,QUARANTINED_HTML:track_condition,1700,12,pw01dud102022101938/2D,グルーヴィーオン,13,★河原田 菜々,42.2,１／２,05,01,9.0,3歳以上,1勝クラス,2026-08-08,pw01sde1001202601050920260808,3歳以上1勝クラス,09,牝［指定］,,14時20分,牝4,https://www.jra.go.jp/JRADB/accessS.html?CNAME=pw01sde1001202601050920260808%2F08,ダート,1:49.6,,小手川 準,小雨,定量,,
494(-2),53.0,5  5  5  10,札幌,QUARANTINED_HTML:track_condition,1700,13,pw01dud102023103913/38,オテンバプリンセス,7,松山 弘平,42.6,４,05,01,3.0,3歳以上,1勝クラス,2026-08-08,pw01sde1001202601050920260808,3歳以上1勝クラス,09,牝［指定］,,14時20分,牝3,https://www.jra.go.jp/JRADB/accessS.html?CNAME=pw01sde1001202601050920260808%2F08,ダート,1:50.3,,加藤 士津八,小雨,定量,,
410(+8),50.0,,札幌,QUARANTINED_HTML:track_condition,1700,除外,pw01dud102023105448/90,ライフイズ,9,▲和田 陽希,,,05,01,,3歳以上,1勝クラス,2026-08-08,pw01sde1001202601050920260808,3歳以上1勝クラス,09,牝［指定］,,14時20分,牝3,https://www.jra.go.jp/JRADB/accessS.html?CNAME=pw01sde1001202601050920260808%2F08,ダート,,,鈴木 慎太郎,小雨,定量,,
500(+2),53.0,7  7,札幌,QUARANTINED_HTML:track_condition,1000,1,pw01dud102023100398/04,ランドスター,6,▲小林 美駒,35.9,,05,01,4,3歳以上,1勝クラス,2026-08-08,pw01sde1001202601050720260808,3歳以上1勝クラス,07,（混合）［指定］,,13時20分,牡3,https://www.jra.go.jp/JRADB/accessS.html?CNAME=pw01sde1001202601050720260808%2F9E,ダート,0:59.6,,柄崎 将寿,曇,定量,,
486(-2),58.0,6  6,札幌,QUARANTINED_HTML:track_condition,1000,2,pw01dud102018103293/B2,ヨドノゴールド,5,岩田 康誠,36.3,クビ,05,01,10,3歳以上,1勝クラス,2026-08-08,pw01sde1001202601050720260808,3歳以上1勝クラス,07,（混合）［指定］,,13時20分,牡8,https://www.jra.go.jp/JRADB/accessS.html?CNAME=pw01sde1001202601050720260808%2F9E,ダート,0:59.7,,橋田 宜長,曇,定量,,
468(+4),58.0,3  3,札幌,QUARANTINED_HTML:track_condition,1000,3,pw01dud102022100660/43,ロードヴァルカン,4,岩田 望来,36.7,１ 1/4,05,01,5,3歳以上,1勝クラス,2026-08-08,pw01sde1001202601050720260808,3歳以上1勝クラス,07,（混合）［指定］,,13時20分,牡4,https://www.jra.go.jp/JRADB/accessS.html?CNAME=pw01sde1001202601050720260808%2F9E,ダート,0:59.9,,中村 直也,曇,定量,,
460(+6),53.0,2  1,札幌,QUARANTINED_HTML:track_condition,1000,4,pw01dud102023105059/4F,グレイトソン,10,▲和田 陽希,37.5,２ 1/2,05,01,1,3歳以上,1勝クラス,2026-08-08,pw01sde1001202601050720260808,3歳以上1勝クラス,07,（混合）［指定］,,13時20分,牡3,https://www.jra.go.jp/JRADB/accessS.html?CNAME=pw01sde1001202601050720260808%2F9E,ダート,1:00.3,,鈴木 孝志,曇,定量,,
480(+2),53.0,8  8,札幌,QUARANTINED_HTML:track_condition,1000,5,pw01dud102022103018/32,シェーンルスカ,1,▲遠藤 汰月,36.5,２ 1/2,05,01,12,3歳以上,1勝クラス,2026-08-08,pw01sde1001202601050720260808,3歳以上1勝クラス,07,（混合）［指定］,,13時20分,牝4,https://www.jra.go.jp/JRADB/accessS.html?CNAME=pw01sde1001202601050720260808%2F9E,ダート,1:00.7,,本間 忍,曇,定量,,
516(+6),58.0,3  4,札幌,QUARANTINED_HTML:track_condition,1000,6,pw01dud102022103306/CF,ワイドデコラシオン,2,横山 武史,37.6,アタマ,05,01,2,3歳以上,1勝クラス,2026-08-08,pw01sde1001202601050720260808,3歳以上1勝クラス,07,（混合）［指定］,,13時20分,牡4,https://www.jra.go.jp/JRADB/accessS.html?CNAME=pw01sde1001202601050720260808%2F9E,ダート,1:00.7,,辻野 泰之,曇,定量,,
496(+8),58.0,9  9,札幌,QUARANTINED_HTML:track_condition,1000,7,pw01dud102017104266/3E,カップッチョ,8,黛 弘人,36.8,２ 1/2,05,01,11,3歳以上,1勝クラス,2026-08-08,pw01sde1001202601050720260808,3歳以上1勝クラス,07,（混合）［指定］,,13時20分,牡9,https://www.jra.go.jp/JRADB/accessS.html?CNAME=pw01sde1001202601050720260808%2F9E,ダート,1:01.1,,佐藤 吉勝,曇,定量,,
428(0),50.0,3  4,札幌,QUARANTINED_HTML:track_condition,1000,8,pw01dud102023105616/DC,テーオーナタリー,7,★河原田 菜々,38.1,クビ,05,01,3,3歳以上,1勝クラス,2026-08-08,pw01sde1001202601050720260808,3歳以上1勝クラス,07,（混合）［指定］,,13時20分,牝3,https://www.jra.go.jp/JRADB/accessS.html?CNAME=pw01sde1001202601050720260808%2F9E,ダート,1:01.2,,梅田 智之,曇,定量,,
458(+4),57.0,1  2,札幌,QUARANTINED_HTML:track_condition,1000,9,pw01dud102022103482/B4,ステラノヴァ,9,☆舟山 瑠泉,38.5,１,05,01,7,3歳以上,1勝クラス,2026-08-08,pw01sde1001202601050720260808,3歳以上1勝クラス,07,（混合）［指定］,,13時20分,牡4,https://www.jra.go.jp/JRADB/accessS.html?CNAME=pw01sde1001202601050720260808%2F9E,ダート,1:01.3,,水野 貴広,曇,定量,,
416(+6),53.0,9  9,札幌,QUARANTINED_HTML:track_condition,1000,10,pw01dud102023106780/BA,ランプローグ,12,☆長浜 鴻緒,37.2,１ 3/4,05,01,6,3歳以上,1勝クラス,2026-08-08,pw01sde1001202601050720260808,3歳以上1勝クラス,07,（混合）［指定］,,13時20分,牝3,https://www.jra.go.jp/JRADB/accessS.html?CNAME=pw01sde1001202601050720260808%2F9E,ダート,1:01.6,,矢野 英一,曇,定量,,
534(0),56.0,11  11,札幌,QUARANTINED_HTML:track_condition,1000,11,pw01dud102023100953/AB,グランセレスト,3,川又 賢治,37.4,５,05,01,8,3歳以上,1勝クラス,2026-08-08,pw01sde1001202601050720260808,3歳以上1勝クラス,07,（混合）［指定］,,13時20分,牡3,https://www.jra.go.jp/JRADB/accessS.html?CNAME=pw01sde1001202601050720260808%2F9E,ダート,1:02.5,,竹内 正洋,曇,定量,,
474(+4),56.0,,札幌,QUARANTINED_HTML:track_condition,1000,中止,pw01dud102022104858/E9,セイルロケット,11,◇古川 奈穂,,,05,01,9,3歳以上,1勝クラス,2026-08-08,pw01sde1001202601050720260808,3歳以上1勝クラス,07,（混合）［指定］,,13時20分,牡4,https://www.jra.go.jp/JRADB/accessS.html?CNAME=pw01sde1001202601050720260808%2F9E,ダート,,,橋口 慎介,曇,定量,,
430(0),55.0,3  3,札幌,PASS_HTML,1200,1,pw01dud102023105679/95,ミレニアルピンク,16,斎藤 新,35.3,,05,01,13,3歳,未勝利,2026-08-08,pw01sde1001202601050820260808,3歳未勝利,08,（混合）［指定］,,13時55分,牝3,https://www.jra.go.jp/JRADB/accessS.html?CNAME=pw01sde1001202601050820260808%2F53,芝,1:09.5,稍重,安田 翔伍,曇,馬齢,,
448(-2),53.0,6  7,札幌,PASS_HTML,1200,2,pw01dud102023105670/8A,レッドアイスピア,1,★河原田 菜々,35.2,１／２,05,01,11,3歳,未勝利,2026-08-08,pw01sde1001202601050820260808,3歳未勝利,08,（混合）［指定］,,13時55分,牡3,https://www.jra.go.jp/JRADB/accessS.html?CNAME=pw01sde1001202601050820260808%2F53,芝,1:09.6,稍重,中竹 和也,曇,馬齢,,
434(-2),55.0,2  2,札幌,PASS_HTML,1200,3,pw01dud102023101077/CD,アンジュラフィーユ,12,佐々木 大輔,35.6,クビ,05,01,6,3歳,未勝利,2026-08-08,pw01sde1001202601050820260808,3歳未勝利,08,（混合）［指定］,,13時55分,牝3,https://www.jra.go.jp/JRADB/accessS.html?CNAME=pw01sde1001202601050820260808%2F53,芝,1:09.6,稍重,藤野 健太,曇,馬齢,,
484(0),57.0,1  1,札幌,PASS_HTML,1200,4,pw01dud102023106567/5D,メイショウテンジン,15,古川 吉洋,35.7,アタマ,05,01,7,3歳,未勝利,2026-08-08,pw01sde1001202601050820260808,3歳未勝利,08,（混合）［指定］,,13時55分,牡3,https://www.jra.go.jp/JRADB/accessS.html?CNAME=pw01sde1001202601050820260808%2F53,芝,1:09.6,稍重,高橋 亮,曇,馬齢,,
418(-4),55.0,13  12,札幌,PASS_HTML,1200,5,pw01dud102023102408/83,リネアベルタ,6,岩田 康誠,34.8,１,05,01,9,3歳,未勝利,2026-08-08,pw01sde1001202601050820260808,3歳未勝利,08,（混合）［指定］,,13時55分,牝3,https://www.jra.go.jp/JRADB/accessS.html?CNAME=pw01sde1001202601050820260808%2F53,芝,1:09.8,稍重,宮地 貴稔,曇,馬齢,,
470(+2),52.0,8  7,札幌,PASS_HTML,1200,6,pw01dud102023100695/3E,モノノケ,14,▲和田 陽希,35.3,１／２,05,01,8,3歳,未勝利,2026-08-08,pw01sde1001202601050820260808,3歳未勝利,08,（混合）［指定］,,13時55分,牝3,https://www.jra.go.jp/JRADB/accessS.html?CNAME=pw01sde1001202601050820260808%2F53,芝,1:09.9,稍重,宮地 貴稔,曇,馬齢,,
472(+2),57.0,11  9,札幌,PASS_HTML,1200,7,pw01dud102023103726/3F,サトノフレイ,13,北村 友一,35.2,１／２,05,01,1,3歳,未勝利,2026-08-08,pw01sde1001202601050820260808,3歳未勝利,08,（混合）［指定］,,13時55分,牡3,https://www.jra.go.jp/JRADB/accessS.html?CNAME=pw01sde1001202601050820260808%2F53,芝,1:10.0,稍重,友道 康夫,曇,馬齢,,
444(+4),52.0,5  4,札幌,PASS_HTML,1200,8,pw01dud102023102151/1B,スッサンエア,9,▲小林 美駒,35.7,ハナ,05,01,3,3歳,未勝利,2026-08-08,pw01sde1001202601050820260808,3歳未勝利,08,（混合）［指定］,,13時55分,牝3,https://www.jra.go.jp/JRADB/accessS.html?CNAME=pw01sde1001202601050820260808%2F53,芝,1:10.0,稍重,河嶋 宏樹,曇,馬齢,,
442(-2),57.0,3  4,札幌,PASS_HTML,1200,9,pw01dud102023105795/1A,クリオロゴールド,3,横山 武史,35.8,ハナ,05,01,5,3歳,未勝利,2026-08-08,pw01sde1001202601050820260808,3歳未勝利,08,（混合）［指定］,,13時55分,牡3,https://www.jra.go.jp/JRADB/accessS.html?CNAME=pw01sde1001202601050820260808%2F53,芝,1:10.0,稍重,高柳 瑞樹,曇,馬齢,,
434(0),55.0,6  6,札幌,PASS_HTML,1200,10,pw01dud102023100924/EE,マメーアップル,8,横山 琉人,35.6,クビ,05,01,2,3歳,未勝利,2026-08-08,pw01sde1001202601050820260808,3歳未勝利,08,（混合）［指定］,,13時55分,牝3,https://www.jra.go.jp/JRADB/accessS.html?CNAME=pw01sde1001202601050820260808%2F53,芝,1:10.0,稍重,岩戸 孝樹,曇,馬齢,,
458(+10),55.0,8  9,札幌,PASS_HTML,1200,11,pw01dud102023100786/D2,クリコイーコ,5,吉田 隼人,35.4,３／４,05,01,15,3歳,未勝利,2026-08-08,pw01sde1001202601050820260808,3歳未勝利,08,（混合）［指定］,,13時55分,牝3,https://www.jra.go.jp/JRADB/accessS.html?CNAME=pw01sde1001202601050820260808%2F53,芝,1:10.1,稍重,荒川 義之,曇,馬齢,,
432(0),55.0,8  9,札幌,PASS_HTML,1200,12,pw01dud102023107102/E9,ダノンベルビュー,7,松山 弘平,35.6,１／２,05,01,4,3歳,未勝利,2026-08-08,pw01sde1001202601050820260808,3歳未勝利,08,（混合）［指定］,,13時55分,牝3,https://www.jra.go.jp/JRADB/accessS.html?CNAME=pw01sde1001202601050820260808%2F53,芝,1:10.2,稍重,坂口 智康,曇,馬齢,,
490(+8),57.0,15  14,札幌,PASS_HTML,1200,13,pw01dud102023110028/CF,ジューンレトリバー,10,横山 和生,34.9,１／２,05,01,12,3歳,未勝利,2026-08-08,pw01sde1001202601050820260808,3歳未勝利,08,（混合）［指定］,,13時55分,牡3,https://www.jra.go.jp/JRADB/accessS.html?CNAME=pw01sde1001202601050820260808%2F53,芝,1:10.3,稍重,長谷川 浩大,曇,馬齢,,
414(+6),54.0,11  12,札幌,PASS_HTML,1200,14,pw01dud102023102783/57,ソワンドヴィクター,4,☆長浜 鴻緒,35.4,クビ,05,01,10,3歳,未勝利,2026-08-08,pw01sde1001202601050820260808,3歳未勝利,08,（混合）［指定］,,13時55分,牝3,https://www.jra.go.jp/JRADB/accessS.html?CNAME=pw01sde1001202601050820260808%2F53,芝,1:10.3,稍重,高橋 文雅,曇,馬齢,,
420(+12),55.0,16  16,札幌,PASS_HTML,1200,15,pw01dud102023100482/73,ウインドオルフェ,11,黛 弘人,35.0,１,05,01,16,3歳,未勝利,2026-08-08,pw01sde1001202601050820260808,3歳未勝利,08,（混合）［指定］,,13時55分,牝3,https://www.jra.go.jp/JRADB/accessS.html?CNAME=pw01sde1001202601050820260808%2F53,芝,1:10.5,稍重,森田 直行,曇,馬齢,,
410(+2),57.0,14  14,札幌,PASS_HTML,1200,16,pw01dud102023104140/76,セイカユウヒ,2,池添 謙一,35.3,クビ,05,01,14,3歳,未勝利,2026-08-08,pw01sde1001202601050820260808,3歳未勝利,08,（混合）［指定］,,13時55分,牡3,https://www.jra.go.jp/JRADB/accessS.html?CNAME=pw01sde1001202601050820260808%2F53,芝,1:10.5,稍重,石栗 龍彦,曇,馬齢,,
542(-2),58.0,10  9  5  4,札幌,QUARANTINED_HTML:track_condition,1700,1,pw01dud102022110083/64,ルクソールカフェ,3,岩田 望来,37.1,,05,01,3,3歳以上,オープン,2026-08-08,pw01sde1001202601051120260808,エルムステークス,11,（国際）（指定）,115,15時25分,牡4,https://www.jra.go.jp/JRADB/accessS.html?CNAME=pw01sde1001202601051120260808%2FB2,ダート,1:43.8,,堀 宣行,曇,別定,,
488(-4),58.0,3  3  4  3,札幌,QUARANTINED_HTML:track_condition,1700,2,pw01dud102020101874/58,ペリエール,11,佐々木 大輔,37.8,１ 1/2,05,01,4,3歳以上,オープン,2026-08-08,pw01sde1001202601051120260808,エルムステークス,11,（国際）（指定）,112,15時25分,牡6,https://www.jra.go.jp/JRADB/accessS.html?CNAME=pw01sde1001202601051120260808%2FB2,ダート,1:44.0,,黒岩 陽一,曇,別定,,
490(-2),57.0,5  5  5  5,札幌,QUARANTINED_HTML:track_condition,1700,3,pw01dud102021102236/53,テーオーパスワード,5,松山 弘平,37.5,３／４,05,01,2,3歳以上,オープン,2026-08-08,pw01sde1001202601051120260808,エルムステークス,11,（国際）（指定）,109,15時25分,牡5,https://www.jra.go.jp/JRADB/accessS.html?CNAME=pw01sde1001202601051120260808%2FB2,ダート,1:44.2,,高柳 大輔,曇,別定,,
500(0),59.0,11  11  9  7,札幌,QUARANTINED_HTML:track_condition,1700,4,pw01dud102022103795/B0,ナチュラルライズ,4,横山 武史,37.6,４,05,01,5,3歳以上,オープン,2026-08-08,pw01sde1001202601051120260808,エルムステークス,11,（国際）（指定）,107,15時25分,牡4,https://www.jra.go.jp/JRADB/accessS.html?CNAME=pw01sde1001202601051120260808%2FB2,ダート,1:44.8,,伊藤 圭三,曇,別定,,
500(-8),57.0,7  7  7  7,札幌,QUARANTINED_HTML:track_condition,1700,5,pw01dud102019102437/1D,ヴァルツァーシャル,6,斎藤 新,38.0,クビ,05,01,7,3歳以上,オープン,2026-08-08,pw01sde1001202601051120260808,エルムステークス,11,（国際）（指定）,102,15時25分,牡7,https://www.jra.go.jp/JRADB/accessS.html?CNAME=pw01sde1001202601051120260808%2FB2,ダート,1:44.9,,高木 登,曇,別定,,
498(0),57.0,9  9  8  9,札幌,QUARANTINED_HTML:track_condition,1700,6,pw01dud102019101324/94,テーオードレフォン,7,古川 吉洋,37.9,３／４,05,01,11,3歳以上,オープン,2026-08-08,pw01sde1001202601051120260808,エルムステークス,11,（国際）（指定）,101,15時25分,牡7,https://www.jra.go.jp/JRADB/accessS.html?CNAME=pw01sde1001202601051120260808%2FB2,ダート,1:45.0,,梅田 智之,曇,別定,,
472(+4),57.0,2  2  2  2,札幌,QUARANTINED_HTML:track_condition,1700,7,pw01dud102022103614/8C,ヒルノハンブルク,9,池添 謙一,39.3,１ 1/2,05,01,10,3歳以上,オープン,2026-08-08,pw01sde1001202601051120260808,エルムステークス,11,（国際）（指定）,99,15時25分,牡4,https://www.jra.go.jp/JRADB/accessS.html?CNAME=pw01sde1001202601051120260808%2FB2,ダート,1:45.3,,武 英智,曇,別定,,
542(+2),57.0,1  1  2  1,札幌,QUARANTINED_HTML:track_condition,1700,8,pw01dud102020110024/5F,ウェイワードアクト,8,舟山 瑠泉,39.9,３ 1/2,05,01,1,3歳以上,オープン,2026-08-08,pw01sde1001202601051120260808,エルムステークス,11,（国際）（指定）,94,15時25分,牡6,https://www.jra.go.jp/JRADB/accessS.html?CNAME=pw01sde1001202601051120260808%2FB2,ダート,1:45.9,,田中 博康,曇,別定,,
498(+2),57.0,5  5  1  5,札幌,QUARANTINED_HTML:track_condition,1700,9,pw01dud102020102904/08,オメガギネス,10,岩田 康誠,41.2,７,05,01,6,3歳以上,オープン,2026-08-08,pw01sde1001202601051120260808,エルムステークス,11,（国際）（指定）,83,15時25分,牡6,https://www.jra.go.jp/JRADB/accessS.html?CNAME=pw01sde1001202601051120260808%2FB2,ダート,1:47.1,,安田 翔伍,曇,別定,,
494(+2),57.0,3  3  11  11,札幌,QUARANTINED_HTML:track_condition,1700,10,pw01dud102021103717/8A,レヴォントゥレット,2,北村 友一,42.7,大差,05,01,8,3歳以上,オープン,2026-08-08,pw01sde1001202601051120260808,エルムステークス,11,（国際）（指定）,49,15時25分,牡5,https://www.jra.go.jp/JRADB/accessS.html?CNAME=pw01sde1001202601051120260808%2FB2,ダート,1:50.9,,矢作 芳人,曇,別定,,
506(-6),57.0,7  7  10  10,札幌,QUARANTINED_HTML:track_condition,1700,11,pw01dud102020100116/98,アクションプラン,1,浜中 俊,43.4,１／２,05,01,9,3歳以上,オープン,2026-08-08,pw01sde1001202601051120260808,エルムステークス,11,（国際）（指定）,48,15時25分,牡6,https://www.jra.go.jp/JRADB/accessS.html?CNAME=pw01sde1001202601051120260808%2FB2,ダート,1:51.0,,池上 昌和,曇,別定,,
470(0),58.0,6  8  6,札幌,PASS_HTML,1500,1,pw01dud102022106393/D3,ブラックジェダイト,10,佐々木 大輔,34.8,,05,01,3,3歳以上,2勝クラス,2026-08-08,pw01sde1001202601051220260808,摩周湖特別,12,（混合）（特指）,,16時01分,牡4,https://www.jra.go.jp/JRADB/accessS.html?CNAME=pw01sde1001202601051220260808%2F67,芝,1:27.8,稍重,大竹 正博,曇,定量,,
494(0),55.0,9  8  8,札幌,PASS_HTML,1500,2,pw01dud102023104885/4C,ジーネキング,11,横山 武史,34.7,クビ,05,01,1,3歳以上,2勝クラス,2026-08-08,pw01sde1001202601051220260808,摩周湖特別,12,（混合）（特指）,,16時01分,牡3,https://www.jra.go.jp/JRADB/accessS.html?CNAME=pw01sde1001202601051220260808%2F67,芝,1:27.8,稍重,斎藤 誠,曇,定量,,
472(+18),55.0,5  5  3,札幌,PASS_HTML,1500,3,pw01dud102023106619/24,レッドスティンガー,9,横山 和生,34.9,クビ,05,01,2,3歳以上,2勝クラス,2026-08-08,pw01sde1001202601051220260808,摩周湖特別,12,（混合）（特指）,,16時01分,牡3,https://www.jra.go.jp/JRADB/accessS.html?CNAME=pw01sde1001202601051220260808%2F67,芝,1:27.8,稍重,矢嶋 大樹,曇,定量,,
442(-2),56.0,11  8  8,札幌,PASS_HTML,1500,4,pw01dud102022104784/1C,ルクスジニア,3,池添 謙一,35.0,１ 3/4,05,01,4,3歳以上,2勝クラス,2026-08-08,pw01sde1001202601051220260808,摩周湖特別,12,（混合）（特指）,,16時01分,牝4,https://www.jra.go.jp/JRADB/accessS.html?CNAME=pw01sde1001202601051220260808%2F67,芝,1:28.1,稍重,松尾 卓哉,曇,定量,,
508(-10),53.0,2  2  2,札幌,PASS_HTML,1500,5,pw01dud102023105714/27,ヒズマスターピース,8,浜中 俊,35.8,１,05,01,6,3歳以上,2勝クラス,2026-08-08,pw01sde1001202601051220260808,摩周湖特別,12,（混合）（特指）,,16時01分,牝3,https://www.jra.go.jp/JRADB/accessS.html?CNAME=pw01sde1001202601051220260808%2F67,芝,1:28.3,稍重,奥村 武,曇,定量,,
492(0),55.0,3  3  3,札幌,PASS_HTML,1500,6,pw01dud102023104960/1E,アスミル,1,古川 吉洋,35.6,クビ,05,01,8,3歳以上,2勝クラス,2026-08-08,pw01sde1001202601051220260808,摩周湖特別,12,（混合）（特指）,,16時01分,牡3,https://www.jra.go.jp/JRADB/accessS.html?CNAME=pw01sde1001202601051220260808%2F67,芝,1:28.3,稍重,本田 優,曇,定量,,
502(-2),58.0,9  12  12,札幌,PASS_HTML,1500,7,pw01dud102020110058/5B,ホウキボシ,2,岩田 望来,35.2,３／４,05,01,5,3歳以上,2勝クラス,2026-08-08,pw01sde1001202601051220260808,摩周湖特別,12,（混合）（特指）,,16時01分,せん6,https://www.jra.go.jp/JRADB/accessS.html?CNAME=pw01sde1001202601051220260808%2F67,芝,1:28.5,稍重,堀 宣行,曇,定量,,
436(+8),56.0,3  3  3,札幌,PASS_HTML,1500,8,pw01dud102022101464/9C,レイユール,7,長浜 鴻緒,35.8,クビ,05,01,10,3歳以上,2勝クラス,2026-08-08,pw01sde1001202601051220260808,摩周湖特別,12,（混合）（特指）,,16時01分,牝4,https://www.jra.go.jp/JRADB/accessS.html?CNAME=pw01sde1001202601051220260808%2F67,芝,1:28.5,稍重,手塚 貴久,曇,定量,,
460(+4),56.0,1  1  1,札幌,PASS_HTML,1500,9,pw01dud102021105619/1D,スミレファースト,6,横山 琉人,36.2,３／４,05,01,13,3歳以上,2勝クラス,2026-08-08,pw01sde1001202601051220260808,摩周湖特別,12,（混合）（特指）,,16時01分,牝5,https://www.jra.go.jp/JRADB/accessS.html?CNAME=pw01sde1001202601051220260808%2F67,芝,1:28.6,稍重,加藤 征弘,曇,定量,,
516(+2),55.0,6  5  6,札幌,PASS_HTML,1500,10,pw01dud102023105356/89,マーゴットブロー,4,斎藤 新,35.9,３／４,05,01,7,3歳以上,2勝クラス,2026-08-08,pw01sde1001202601051220260808,摩周湖特別,12,（混合）（特指）,,16時01分,牡3,https://www.jra.go.jp/JRADB/accessS.html?CNAME=pw01sde1001202601051220260808%2F67,芝,1:28.7,稍重,伊坂 重信,曇,定量,,
516(0),56.0,6  8  8,札幌,PASS_HTML,1500,11,pw01dud102022106229/E4,ウインイザナミ,5,岩田 康誠,35.9,１ 1/4,05,01,9,3歳以上,2勝クラス,2026-08-08,pw01sde1001202601051220260808,摩周湖特別,12,（混合）（特指）,,16時01分,牝4,https://www.jra.go.jp/JRADB/accessS.html?CNAME=pw01sde1001202601051220260808%2F67,芝,1:28.9,稍重,上原 博之,曇,定量,,
462(+12),58.0,12  5  8,札幌,PASS_HTML,1500,12,pw01dud102020103538/2F,オーシャントライブ,13,北村 友一,36.8,５,05,01,12,3歳以上,2勝クラス,2026-08-08,pw01sde1001202601051220260808,摩周湖特別,12,（混合）（特指）,,16時01分,せん6,https://www.jra.go.jp/JRADB/accessS.html?CNAME=pw01sde1001202601051220260808%2F67,芝,1:29.7,稍重,高柳 大輔,曇,定量,,
476(+8),56.0,12  13  13,札幌,PASS_HTML,1500,13,pw01dud102022104758/B8,ヴィンブルレー,12,松山 弘平,42.6,大差,05,01,11,3歳以上,2勝クラス,2026-08-08,pw01sde1001202601051220260808,摩周湖特別,12,（混合）（特指）,,16時01分,牝4,https://www.jra.go.jp/JRADB/accessS.html?CNAME=pw01sde1001202601051220260808%2F67,芝,1:36.0,稍重,矢野 英一,曇,定量,,
472(-6),58.0,7  4  3  1,札幌,PASS_HTML,2000,1,pw01dud102022105388/13,ビーオンザカバー,8,横山 武史,35.8,,05,01,1,3歳以上,2勝クラス,2026-08-08,pw01sde1001202601051020260808,藻岩山特別,10,（混合）［指定］,,14時50分,牡4,https://www.jra.go.jp/JRADB/accessS.html?CNAME=pw01sde1001202601051020260808%2FFD,芝,2:00.8,稍重,伊藤 圭三,曇,定量,,
450(-2),58.0,2  2  2  2,札幌,PASS_HTML,2000,2,pw01dud102022105018/10,バルティカ,5,岩田 望来,36.0,１／２,05,01,5,3歳以上,2勝クラス,2026-08-08,pw01sde1001202601051020260808,藻岩山特別,10,（混合）［指定］,,14時50分,牡4,https://www.jra.go.jp/JRADB/accessS.html?CNAME=pw01sde1001202601051020260808%2FFD,芝,2:00.9,稍重,高橋 亮,曇,定量,,
464(-10),58.0,4  4  4  4,札幌,PASS_HTML,2000,3,pw01dud102021105865/03,エボルヴィング,3,佐々木 大輔,36.1,２ 1/2,05,01,7,3歳以上,2勝クラス,2026-08-08,pw01sde1001202601051020260808,藻岩山特別,10,（混合）［指定］,,14時50分,牡5,https://www.jra.go.jp/JRADB/accessS.html?CNAME=pw01sde1001202601051020260808%2FFD,芝,2:01.3,稍重,藤原 英昭,曇,定量,,
480(0),58.0,4  4  4  4,札幌,PASS_HTML,2000,4,pw01dud102022102573/59,メイショウアイル,4,横山 琉人,36.2,１／２,05,01,2,3歳以上,2勝クラス,2026-08-08,pw01sde1001202601051020260808,藻岩山特別,10,（混合）［指定］,,14時50分,牡4,https://www.jra.go.jp/JRADB/accessS.html?CNAME=pw01sde1001202601051020260808%2FFD,芝,2:01.4,稍重,高橋 義忠,曇,定量,,
472(0),56.0,1  1  1  2,札幌,PASS_HTML,2000,5,pw01dud102022106709/B9,レーヴドロペラ,7,松山 弘平,36.6,クビ,05,01,4,3歳以上,2勝クラス,2026-08-08,pw01sde1001202601051020260808,藻岩山特別,10,（混合）［指定］,,14時50分,牝4,https://www.jra.go.jp/JRADB/accessS.html?CNAME=pw01sde1001202601051020260808%2FFD,芝,2:01.5,稍重,加藤 士津八,曇,定量,,
490(0),58.0,8  8  8  8,札幌,PASS_HTML,2000,6,pw01dud102022103405/8D,ヨシヒロ,2,原田 和真,36.8,９,05,01,8,3歳以上,2勝クラス,2026-08-08,pw01sde1001202601051020260808,藻岩山特別,10,（混合）［指定］,,14時50分,牡4,https://www.jra.go.jp/JRADB/accessS.html?CNAME=pw01sde1001202601051020260808%2FFD,芝,2:02.9,稍重,松永 康利,曇,定量,,
468(+10),56.0,6  7  7  7,札幌,PASS_HTML,2000,7,pw01dud102022101969/D0,デルマジュテーム,6,的場 勇人,37.2,１,05,01,6,3歳以上,2勝クラス,2026-08-08,pw01sde1001202601051020260808,藻岩山特別,10,（混合）［指定］,,14時50分,牝4,https://www.jra.go.jp/JRADB/accessS.html?CNAME=pw01sde1001202601051020260808%2FFD,芝,2:03.0,稍重,的場 均,曇,定量,,
500(+18),58.0,2  2  4  6,札幌,PASS_HTML,2000,8,pw01dud102021105427/E5,スカイサーベイ,1,北村 友一,38.1,１ 1/2,05,01,3,3歳以上,2勝クラス,2026-08-08,pw01sde1001202601051020260808,藻岩山特別,10,（混合）［指定］,,14時50分,牡5,https://www.jra.go.jp/JRADB/accessS.html?CNAME=pw01sde1001202601051020260808%2FFD,芝,2:03.3,稍重,池添 学,曇,定量,,
464(-4),55.0,1  1,札幌,QUARANTINED_HTML:track_condition,1000,1,pw01dud102023101660/BE,スイーヴル,5,斎藤 新,35.9,,06,01,1.0,3歳,未勝利,2026-08-09,pw01sde1001202601060220260809,3歳未勝利,02,（混合）［指定］,,10時30分,牝3,https://www.jra.go.jp/JRADB/accessS.html?CNAME=pw01sde1001202601060220260809%2F45,ダート,0:59.0,,小椋 研介,晴,馬齢,,
488(+10),54.0,2  2,札幌,QUARANTINED_HTML:track_condition,1000,2,pw01dud102023105310/97,マーゴットオネイロ,9,▲小林 美駒,36.9,７,06,01,2.0,3歳,未勝利,2026-08-09,pw01sde1001202601060220260809,3歳未勝利,02,（混合）［指定］,,10時30分,牡3,https://www.jra.go.jp/JRADB/accessS.html?CNAME=pw01sde1001202601060220260809%2F45,ダート,1:00.1,,小林 真也,晴,馬齢,,
484(0),55.0,3  3,札幌,QUARANTINED_HTML:track_condition,1000,3,pw01dud102023104999/59,メイショウマドンナ,1,吉田 隼人,36.9,１ 1/2,06,01,5.0,3歳,未勝利,2026-08-09,pw01sde1001202601060220260809,3歳未勝利,02,（混合）［指定］,,10時30分,牝3,https://www.jra.go.jp/JRADB/accessS.html?CNAME=pw01sde1001202601060220260809%2F45,ダート,1:00.3,,荒川 義之,晴,馬齢,,
456(0),55.0,6  6,札幌,QUARANTINED_HTML:track_condition,1000,4,pw01dud102023103167/CC,ロングフルスペック,11,古川 吉洋,36.8,１／２,06,01,6.0,3歳,未勝利,2026-08-09,pw01sde1001202601060220260809,3歳未勝利,02,（混合）［指定］,,10時30分,牝3,https://www.jra.go.jp/JRADB/accessS.html?CNAME=pw01sde1001202601060220260809%2F45,ダート,1:00.4,,大根田 裕之,晴,馬齢,,
474(-4),57.0,3  3,札幌,QUARANTINED_HTML:track_condition,1000,5,pw01dud102023105694/76,ハクサンレイホウ,10,黛 弘人,37.2,１／２,06,01,11.0,3歳,未勝利,2026-08-09,pw01sde1001202601060220260809,3歳未勝利,02,（混合）［指定］,,10時30分,牡3,https://www.jra.go.jp/JRADB/accessS.html?CNAME=pw01sde1001202601060220260809%2F45,ダート,1:00.5,,武藤 善則,晴,馬齢,,
428(+10),55.0,6  6,札幌,QUARANTINED_HTML:track_condition,1000,6,pw01dud102023103999/6A,カッサンドラ,6,横山 琉人,37.0,１／２,06,01,3.0,3歳,未勝利,2026-08-09,pw01sde1001202601060220260809,3歳未勝利,02,（混合）［指定］,,10時30分,牝3,https://www.jra.go.jp/JRADB/accessS.html?CNAME=pw01sde1001202601060220260809%2F45,ダート,1:00.6,,高橋 義忠,晴,馬齢,,
396(-2),51.0,3  3,札幌,QUARANTINED_HTML:track_condition,1000,7,pw01dud102023109094/0C,ラブデウザ,7,★河原田 菜々,37.7,３,06,01,7.0,3歳,未勝利,2026-08-09,pw01sde1001202601060220260809,3歳未勝利,02,（混合）［指定］,,10時30分,牝3,https://www.jra.go.jp/JRADB/accessS.html?CNAME=pw01sde1001202601060220260809%2F45,ダート,1:01.1,,加藤 和宏,晴,馬齢,,
440(+6),55.0,8  8,札幌,QUARANTINED_HTML:track_condition,1000,8,pw01dud102023109076/D2,メイヨシュア,4,小沢 大仁,37.2,アタマ,06,01,10.0,3歳,未勝利,2026-08-09,pw01sde1001202601060220260809,3歳未勝利,02,（混合）［指定］,,10時30分,牝3,https://www.jra.go.jp/JRADB/accessS.html?CNAME=pw01sde1001202601060220260809%2F45,ダート,1:01.1,,水野 貴広,晴,馬齢,,
498(+6),55.0,11  11,札幌,QUARANTINED_HTML:track_condition,1000,9,pw01dud102023101707/B4,フジコンフィデンス,2,池添 謙一,37.3,１ 1/4,06,01,4.0,3歳,未勝利,2026-08-09,pw01sde1001202601060220260809,3歳未勝利,02,（混合）［指定］,,10時30分,牝3,https://www.jra.go.jp/JRADB/accessS.html?CNAME=pw01sde1001202601060220260809%2F45,ダート,1:01.3,,牧 光二,晴,馬齢,,
454(+2),57.0,8  8,札幌,QUARANTINED_HTML:track_condition,1000,10,pw01dud102023102803/08,ケイベエ,3,原田 和真,38.2,４,06,01,9.0,3歳,未勝利,2026-08-09,pw01sde1001202601060220260809,3歳未勝利,02,（混合）［指定］,,10時30分,牡3,https://www.jra.go.jp/JRADB/accessS.html?CNAME=pw01sde1001202601060220260809%2F45,ダート,1:02.0,,杉浦 宏昭,晴,馬齢,,
450(-4),52.0,8  10,札幌,QUARANTINED_HTML:track_condition,1000,11,pw01dud102023104449/14,テリオスルミ,12,▲遠藤 汰月,38.2,１／２,06,01,8.0,3歳,未勝利,2026-08-09,pw01sde1001202601060220260809,3歳未勝利,02,（混合）［指定］,,10時30分,牝3,https://www.jra.go.jp/JRADB/accessS.html?CNAME=pw01sde1001202601060220260809%2F45,ダート,1:02.1,,高柳 瑞樹,晴,馬齢,,
488(+6),57.0,,札幌,QUARANTINED_HTML:track_condition,1000,除外,pw01dud102023102763/37,ルクスドリーム,8,北村 友一,,,06,01,,3歳,未勝利,2026-08-09,pw01sde1001202601060220260809,3歳未勝利,02,（混合）［指定］,,10時30分,牡3,https://www.jra.go.jp/JRADB/accessS.html?CNAME=pw01sde1001202601060220260809%2F45,ダート,,,小崎 憲,晴,馬齢,,
448(-6),58.0,9  9  7  4,札幌,PASS_HTML,2000,1,pw01dud102020103910/3B,レジェンドシップ,4,浜中 俊,34.9,,06,01,2,3歳以上,1勝クラス,2026-08-09,pw01sde1001202601060320260809,3歳以上1勝クラス,03,[指定],,11時00分,せん6,https://www.jra.go.jp/JRADB/accessS.html?CNAME=pw01sde1001202601060320260809%2FFA,芝,2:01.4,良,佐藤 悠太,晴,定量,,
456(+10),55.0,9  9  9  7,札幌,PASS_HTML,2000,2,pw01dud102023105021/87,メイショウテンク,10,吉田 隼人,34.8,１／２,06,01,1,3歳以上,1勝クラス,2026-08-09,pw01sde1001202601060320260809,3歳以上1勝クラス,03,[指定],,11時00分,牡3,https://www.jra.go.jp/JRADB/accessS.html?CNAME=pw01sde1001202601060320260809%2FFA,芝,2:01.5,良,荒川 義之,晴,定量,,
452(0),53.0,8  6  6  4,札幌,PASS_HTML,2000,3,pw01dud102023107144/0F,エイカイコバチ,9,小沢 大仁,35.3,３／４,06,01,7,3歳以上,1勝クラス,2026-08-09,pw01sde1001202601060320260809,3歳以上1勝クラス,03,[指定],,11時00分,牝3,https://www.jra.go.jp/JRADB/accessS.html?CNAME=pw01sde1001202601060320260809%2FFA,芝,2:01.6,良,藤原 英昭,晴,定量,,
418(-4),58.0,5  5  4  4,札幌,PASS_HTML,2000,4,pw01dud102021103520/13,デルシエロ,5,横山 琉人,35.5,クビ,06,01,3,3歳以上,1勝クラス,2026-08-09,pw01sde1001202601060320260809,3歳以上1勝クラス,03,[指定],,11時00分,牡5,https://www.jra.go.jp/JRADB/accessS.html?CNAME=pw01sde1001202601060320260809%2FFA,芝,2:01.7,良,清水 久詞,晴,定量,,
472(+2),57.0,1  1  1  1,札幌,PASS_HTML,2000,5,pw01dud102022103222/F2,エオアリイ,1,☆舟山 瑠泉,36.1,ハナ,06,01,6,3歳以上,1勝クラス,2026-08-09,pw01sde1001202601060320260809,3歳以上1勝クラス,03,[指定],,11時00分,牡4,https://www.jra.go.jp/JRADB/accessS.html?CNAME=pw01sde1001202601060320260809%2FFA,芝,2:01.7,良,平岩 大典,晴,定量,,
480(+12),55.0,2  2  2  2,札幌,PASS_HTML,2000,6,pw01dud102023104676/4D,マテンロウゼロ,3,横山 典弘,35.7,クビ,06,01,4,3歳以上,1勝クラス,2026-08-09,pw01sde1001202601060320260809,3歳以上1勝クラス,03,[指定],,11時00分,牡3,https://www.jra.go.jp/JRADB/accessS.html?CNAME=pw01sde1001202601060320260809%2FFA,芝,2:01.7,良,松永 幹夫,晴,定量,,
454(+4),58.0,6  6  7  7,札幌,PASS_HTML,2000,7,pw01dud102022105400/2C,ピティロディア,8,池添 謙一,35.4,１／２,06,01,9,3歳以上,1勝クラス,2026-08-09,pw01sde1001202601060320260809,3歳以上1勝クラス,03,[指定],,11時00分,牡4,https://www.jra.go.jp/JRADB/accessS.html?CNAME=pw01sde1001202601060320260809%2FFA,芝,2:01.8,良,室井 潔,晴,定量,,
426(+8),56.0,3  3  2  2,札幌,PASS_HTML,2000,8,pw01dud102022105060/C8,サウンドサンライズ,6,斎藤 新,36.1,１ 3/4,06,01,5,3歳以上,1勝クラス,2026-08-09,pw01sde1001202601060320260809,3歳以上1勝クラス,03,[指定],,11時00分,牝4,https://www.jra.go.jp/JRADB/accessS.html?CNAME=pw01sde1001202601060320260809%2FFA,芝,2:02.1,良,東田 明士,晴,定量,,
460(+12),52.0,3  3  4  7,札幌,PASS_HTML,2000,9,pw01dud102022106824/CB,グランツローゼ,2,★河原田 菜々,36.4,３,06,01,10,3歳以上,1勝クラス,2026-08-09,pw01sde1001202601060320260809,3歳以上1勝クラス,03,[指定],,11時00分,牝4,https://www.jra.go.jp/JRADB/accessS.html?CNAME=pw01sde1001202601060320260809%2FFA,芝,2:02.6,良,和田 雄二,晴,定量,,
454(-6),53.0,6  6  10  10,札幌,PASS_HTML,2000,10,pw01dud102022106613/E6,ストラニエーロ,7,▲小林 美駒,42.3,大差,06,01,8,3歳以上,1勝クラス,2026-08-09,pw01sde1001202601060320260809,3歳以上1勝クラス,03,[指定],,11時00分,牝4,https://www.jra.go.jp/JRADB/accessS.html?CNAME=pw01sde1001202601060320260809%2FFA,芝,2:09.3,良,尾関 知人,晴,定量,,
472(0),53.0,5  4  5  2,札幌,QUARANTINED_HTML:track_condition,1700,1,pw01dud102023102317/EF,バンダムソレール,10,★河原田 菜々,38.6,,06,01,1,3歳,未勝利,2026-08-09,pw01sde1001202601060420260809,3歳未勝利,04,[指定],,11時30分,牡3,https://www.jra.go.jp/JRADB/accessS.html?CNAME=pw01sde1001202601060420260809%2FAF,ダート,1:47.5,,小栗 実,晴,馬齢,,
468(-2),57.0,7  8  7  3,札幌,QUARANTINED_HTML:track_condition,1700,2,pw01dud102023101756/91,メイショウセンドウ,6,横山 和生,38.5,３／４,06,01,3,3歳,未勝利,2026-08-09,pw01sde1001202601060420260809,3歳未勝利,04,[指定],,11時30分,牡3,https://www.jra.go.jp/JRADB/accessS.html?CNAME=pw01sde1001202601060420260809%2FAF,ダート,1:47.6,,飯田 祐史,晴,馬齢,,
430(+2),56.0,2  2  2  4,札幌,QUARANTINED_HTML:track_condition,1700,3,pw01dud102023106106/C6,サクセスブルー,5,☆舟山 瑠泉,39.4,２ 1/2,06,01,7,3歳,未勝利,2026-08-09,pw01sde1001202601060420260809,3歳未勝利,04,[指定],,11時30分,牡3,https://www.jra.go.jp/JRADB/accessS.html?CNAME=pw01sde1001202601060420260809%2FAF,ダート,1:48.0,,秋本 大介,晴,馬齢,,
472(-4),57.0,11  11  1  1,札幌,QUARANTINED_HTML:track_condition,1700,4,pw01dud102023105365/26,ホウオウファラオ,9,岩田 康誠,39.8,２ 1/2,06,01,2,3歳,未勝利,2026-08-09,pw01sde1001202601060420260809,3歳未勝利,04,[指定],,11時30分,牡3,https://www.jra.go.jp/JRADB/accessS.html?CNAME=pw01sde1001202601060420260809%2FAF,ダート,1:48.4,,奥村 武,晴,馬齢,,
464(+4),57.0,9  9  9  7,札幌,QUARANTINED_HTML:track_condition,1700,5,pw01dud102023104936/A0,メイショウノヴァス,8,小沢 大仁,40.2,７,06,01,6,3歳,未勝利,2026-08-09,pw01sde1001202601060420260809,3歳未勝利,04,[指定],,11時30分,牡3,https://www.jra.go.jp/JRADB/accessS.html?CNAME=pw01sde1001202601060420260809%2FAF,ダート,1:49.5,,大橋 勇樹,晴,馬齢,,
480(0),57.0,13  13  13  11,札幌,QUARANTINED_HTML:track_condition,1700,6,pw01dud102023104684/77,ロジクリスエス,1,黛 弘人,39.6,１／２,06,01,9,3歳,未勝利,2026-08-09,pw01sde1001202601060420260809,3歳未勝利,04,[指定],,11時30分,せん3,https://www.jra.go.jp/JRADB/accessS.html?CNAME=pw01sde1001202601060420260809%2FAF,ダート,1:49.6,,新開 幸一,晴,馬齢,,
550(+8),56.0,12  12  11  10,札幌,QUARANTINED_HTML:track_condition,1700,7,pw01dud102023105363/40,マイネルトレマーズ,4,☆長浜 鴻緒,40.4,２,06,01,5,3歳,未勝利,2026-08-09,pw01sde1001202601060420260809,3歳未勝利,04,[指定],,11時30分,牡3,https://www.jra.go.jp/JRADB/accessS.html?CNAME=pw01sde1001202601060420260809%2FAF,ダート,1:50.0,,手塚 貴久,晴,馬齢,,
482(+4),57.0,4  4  5  6,札幌,QUARANTINED_HTML:track_condition,1700,8,pw01dud102023106691/0C,サクセスゴールド,11,吉田 隼人,41.2,３／４,06,01,4,3歳,未勝利,2026-08-09,pw01sde1001202601060420260809,3歳未勝利,04,[指定],,11時30分,牡3,https://www.jra.go.jp/JRADB/accessS.html?CNAME=pw01sde1001202601060420260809%2FAF,ダート,1:50.1,,久保田 貴士,晴,馬齢,,
476(+6),54.0,5  4  7  7,札幌,QUARANTINED_HTML:track_condition,1700,9,pw01dud102023102903/39,スナークホクサイ,14,▲遠藤 汰月,41.4,２,06,01,12,3歳,未勝利,2026-08-09,pw01sde1001202601060420260809,3歳未勝利,04,[指定],,11時30分,せん3,https://www.jra.go.jp/JRADB/accessS.html?CNAME=pw01sde1001202601060420260809%2FAF,ダート,1:50.4,,野中 賢二,晴,馬齢,,
504(+6),55.0,7  7  9  11,札幌,QUARANTINED_HTML:track_condition,1700,10,pw01dud102023102180/D8,ブルーメンフェスト,7,古川 吉洋,42.2,７,06,01,14,3歳,未勝利,2026-08-09,pw01sde1001202601060420260809,3歳未勝利,04,[指定],,11時30分,牝3,https://www.jra.go.jp/JRADB/accessS.html?CNAME=pw01sde1001202601060420260809%2FAF,ダート,1:51.5,,緒方 努,晴,馬齢,,
524(-8),54.0,2  2  2  5,札幌,QUARANTINED_HTML:track_condition,1700,11,pw01dud102023105412/AE,シーンオブドリーム,12,▲和田 陽希,42.9,ハナ,06,01,8,3歳,未勝利,2026-08-09,pw01sde1001202601060420260809,3歳未勝利,04,[指定],,11時30分,せん3,https://www.jra.go.jp/JRADB/accessS.html?CNAME=pw01sde1001202601060420260809%2FAF,ダート,1:51.5,,池江 泰寿,晴,馬齢,,
408(0),55.0,9  9  11  11,札幌,QUARANTINED_HTML:track_condition,1700,12,pw01dud102023102282/EF,カプリースカラー,13,原田 和真,41.8,ハナ,06,01,13,3歳,未勝利,2026-08-09,pw01sde1001202601060420260809,3歳未勝利,04,[指定],,11時30分,牝3,https://www.jra.go.jp/JRADB/accessS.html?CNAME=pw01sde1001202601060420260809%2FAF,ダート,1:51.5,,金成 貴史,晴,馬齢,,
416(+4),53.0,1  1  2  7,札幌,QUARANTINED_HTML:track_condition,1700,13,pw01dud102023107147/68,コサージュ,2,◇古川 奈穂,43.1,１ 1/4,06,01,10,3歳,未勝利,2026-08-09,pw01sde1001202601060420260809,3歳未勝利,04,[指定],,11時30分,牝3,https://www.jra.go.jp/JRADB/accessS.html?CNAME=pw01sde1001202601060420260809%2FAF,ダート,1:51.7,,清水 久詞,晴,馬齢,,
502(+12),55.0,13  14  14  14,札幌,QUARANTINED_HTML:track_condition,1700,14,pw01dud102023101235/09,オルビスケリー,3,斎藤 新,41.6,大差,06,01,11,3歳,未勝利,2026-08-09,pw01sde1001202601060420260809,3歳未勝利,04,[指定],,11時30分,牝3,https://www.jra.go.jp/JRADB/accessS.html?CNAME=pw01sde1001202601060420260809%2FAF,ダート,1:54.0,,東田 明士,晴,馬齢,,
444(初出走),55.0,1  1  1,札幌,PASS_HTML,1500,1,pw01dud102024106606/47,ウィエダンド,11,横山 和生,35.2,,06,01,1,2歳,新馬,2026-08-09,pw01sde1001202601060520260809,メイクデビュー札幌,05,牝［指定］,,12時20分,牝2,https://www.jra.go.jp/JRADB/accessS.html?CNAME=pw01sde1001202601060520260809%2F64,芝,1:29.2,良,小栗 実,晴,馬齢,,
458(初出走),55.0,10  2  2,札幌,PASS_HTML,1500,2,pw01dud102024105934/35,フォルトゥナロッサ,13,浜中 俊,35.3,２,06,01,3,2歳,新馬,2026-08-09,pw01sde1001202601060520260809,メイクデビュー札幌,05,牝［指定］,,12時20分,牝2,https://www.jra.go.jp/JRADB/accessS.html?CNAME=pw01sde1001202601060520260809%2F64,芝,1:29.5,良,武 幸四郎,晴,馬齢,,
454(初出走),55.0,2  2  2,札幌,PASS_HTML,1500,3,pw01dud102024105638/6E,アヴレディール,10,吉田 隼人,35.5,３／４,06,01,8,2歳,新馬,2026-08-09,pw01sde1001202601060520260809,メイクデビュー札幌,05,牝［指定］,,12時20分,牝2,https://www.jra.go.jp/JRADB/accessS.html?CNAME=pw01sde1001202601060520260809%2F64,芝,1:29.6,良,松永 幹夫,晴,馬齢,,
444(初出走),55.0,7  6  4,札幌,PASS_HTML,1500,4,pw01dud102024101900/7D,ソーハッピー,6,荻野 琢真,35.7,３ 1/2,06,01,10,2歳,新馬,2026-08-09,pw01sde1001202601060520260809,メイクデビュー札幌,05,牝［指定］,,12時20分,牝2,https://www.jra.go.jp/JRADB/accessS.html?CNAME=pw01sde1001202601060520260809%2F64,芝,1:30.2,良,松下 武士,晴,馬齢,,
446(初出走),55.0,3  4  4,札幌,PASS_HTML,1500,5,pw01dud102024105494/A0,セイレイカ,12,横山 典弘,35.9,１,06,01,2,2歳,新馬,2026-08-09,pw01sde1001202601060520260809,メイクデビュー札幌,05,牝［指定］,,12時20分,牝2,https://www.jra.go.jp/JRADB/accessS.html?CNAME=pw01sde1001202601060520260809%2F64,芝,1:30.3,良,昆 貢,晴,馬齢,,
494(初出走),55.0,5  7  7,札幌,PASS_HTML,1500,6,pw01dud102024107318/99,バタフライ,9,原田 和真,35.9,１,06,01,9,2歳,新馬,2026-08-09,pw01sde1001202601060520260809,メイクデビュー札幌,05,牝［指定］,,12時20分,牝2,https://www.jra.go.jp/JRADB/accessS.html?CNAME=pw01sde1001202601060520260809%2F64,芝,1:30.5,良,松山 将樹,晴,馬齢,,
420(初出走),54.0,8  9  8,札幌,PASS_HTML,1500,7,pw01dud102024106357/77,ヌーベルフィズ,4,☆舟山 瑠泉,35.6,アタマ,06,01,6,2歳,新馬,2026-08-09,pw01sde1001202601060520260809,メイクデビュー札幌,05,牝［指定］,,12時20分,牝2,https://www.jra.go.jp/JRADB/accessS.html?CNAME=pw01sde1001202601060520260809%2F64,芝,1:30.5,良,辻野 泰之,晴,馬齢,,
410(初出走),53.0,11  11  11,札幌,PASS_HTML,1500,8,pw01dud102024100609/06,チェッリーニ,5,◇古川 奈穂,35.5,クビ,06,01,11,2歳,新馬,2026-08-09,pw01sde1001202601060520260809,メイクデビュー札幌,05,牝［指定］,,12時20分,牝2,https://www.jra.go.jp/JRADB/accessS.html?CNAME=pw01sde1001202601060520260809%2F64,芝,1:30.6,良,羽月 友彦,晴,馬齢,,
456(初出走),55.0,3  4  4,札幌,PASS_HTML,1500,9,pw01dud102024101556/BB,インサイドストーム,8,斎藤 新,36.7,３,06,01,12,2歳,新馬,2026-08-09,pw01sde1001202601060520260809,メイクデビュー札幌,05,牝［指定］,,12時20分,牝2,https://www.jra.go.jp/JRADB/accessS.html?CNAME=pw01sde1001202601060520260809%2F64,芝,1:31.1,良,緒方 努,晴,馬齢,,
428(初出走),55.0,8  9  8,札幌,PASS_HTML,1500,10,pw01dud102024105051/43,ルイスイメル,7,古川 吉洋,36.4,１ 1/4,06,01,7,2歳,新馬,2026-08-09,pw01sde1001202601060520260809,メイクデビュー札幌,05,牝［指定］,,12時20分,牝2,https://www.jra.go.jp/JRADB/accessS.html?CNAME=pw01sde1001202601060520260809%2F64,芝,1:31.3,良,本田 優,晴,馬齢,,
410(初出走),52.0,5  7  8,札幌,PASS_HTML,1500,11,pw01dud102024104987/EF,アスコットペスカ,3,▲和田 陽希,37.2,３ 1/2,06,01,13,2歳,新馬,2026-08-09,pw01sde1001202601060520260809,メイクデビュー札幌,05,牝［指定］,,12時20分,牝2,https://www.jra.go.jp/JRADB/accessS.html?CNAME=pw01sde1001202601060520260809%2F64,芝,1:31.8,良,藤野 健太,晴,馬齢,,
460(初出走),55.0,13  12  12,札幌,PASS_HTML,1500,12,pw01dud102024106936/0A,ガザニア,1,岩田 康誠,37.3,大差,06,01,4,2歳,新馬,2026-08-09,pw01sde1001202601060520260809,メイクデビュー札幌,05,牝［指定］,,12時20分,牝2,https://www.jra.go.jp/JRADB/accessS.html?CNAME=pw01sde1001202601060520260809%2F64,芝,1:34.9,良,尾関 知人,晴,馬齢,,
468(初出走),52.0,12  13  13,札幌,PASS_HTML,1500,13,pw01dud102024103284/50,アブリコース,2,▲小林 美駒,41.5,大差,06,01,5,2歳,新馬,2026-08-09,pw01sde1001202601060520260809,メイクデビュー札幌,05,牝［指定］,,12時20分,牝2,https://www.jra.go.jp/JRADB/accessS.html?CNAME=pw01sde1001202601060520260809%2F64,芝,1:39.5,良,小手川 準,晴,馬齢,,
520(+4),57.0,3  3  2  1,札幌,PASS_HTML,2600,1,pw01dud102023105789/D6,ドンテスタマスター,11,斎藤 新,36.0,,06,01,2,3歳,未勝利,2026-08-09,pw01sde1001202601060620260809,3歳未勝利,06,（混合）［指定］,,12時50分,牡3,https://www.jra.go.jp/JRADB/accessS.html?CNAME=pw01sde1001202601060620260809%2F19,芝,2:43.5,良,杉山 晴紀,晴,馬齢,,
510(+20),56.0,10  11  8  5,札幌,PASS_HTML,2600,2,pw01dud102023107221/C7,シャンドラファール,10,☆舟山 瑠泉,35.5,１ 1/4,06,01,4,3歳,未勝利,2026-08-09,pw01sde1001202601060620260809,3歳未勝利,06,（混合）［指定］,,12時50分,牡3,https://www.jra.go.jp/JRADB/accessS.html?CNAME=pw01sde1001202601060620260809%2F19,芝,2:43.7,良,井上 智史,晴,馬齢,,
478(+10),57.0,5  5  4  2,札幌,PASS_HTML,2600,3,pw01dud102023101168/61,タビニュ,5,池添 謙一,36.1,ハナ,06,01,5,3歳,未勝利,2026-08-09,pw01sde1001202601060620260809,3歳未勝利,06,（混合）［指定］,,12時50分,牡3,https://www.jra.go.jp/JRADB/accessS.html?CNAME=pw01sde1001202601060620260809%2F19,芝,2:43.7,良,松尾 卓哉,晴,馬齢,,
436(+6),54.0,14  13  13  9,札幌,PASS_HTML,2600,4,pw01dud102023102695/1C,ギオンバヤシ,14,▲小林 美駒,35.1,クビ,06,01,3,3歳,未勝利,2026-08-09,pw01sde1001202601060620260809,3歳未勝利,06,（混合）［指定］,,12時50分,牡3,https://www.jra.go.jp/JRADB/accessS.html?CNAME=pw01sde1001202601060620260809%2F19,芝,2:43.8,良,鈴木 孝志,晴,馬齢,,
498(+2),57.0,7  6  7  5,札幌,PASS_HTML,2600,5,pw01dud102023105280/D6,ヘイジュード,7,浜中 俊,35.9,３／４,06,01,1,3歳,未勝利,2026-08-09,pw01sde1001202601060620260809,3歳未勝利,06,（混合）［指定］,,12時50分,牡3,https://www.jra.go.jp/JRADB/accessS.html?CNAME=pw01sde1001202601060620260809%2F19,芝,2:43.9,良,堀 宣行,晴,馬齢,,
482(+6),57.0,3  3  4  8,札幌,PASS_HTML,2600,6,pw01dud102023100771/83,マジックファイヤー,2,岩田 康誠,36.4,３／４,06,01,10,3歳,未勝利,2026-08-09,pw01sde1001202601060620260809,3歳未勝利,06,（混合）［指定］,,12時50分,牡3,https://www.jra.go.jp/JRADB/accessS.html?CNAME=pw01sde1001202601060620260809%2F19,芝,2:44.0,良,浅利 英明,晴,馬齢,,
446(+4),57.0,6  6  4  5,札幌,PASS_HTML,2600,7,pw01dud102023103548/E3,ダイナソーコー,1,横山 和生,36.3,クビ,06,01,9,3歳,未勝利,2026-08-09,pw01sde1001202601060620260809,3歳未勝利,06,（混合）［指定］,,12時50分,牡3,https://www.jra.go.jp/JRADB/accessS.html?CNAME=pw01sde1001202601060620260809%2F19,芝,2:44.0,良,藤岡 健一,晴,馬齢,,
438(+2),55.0,9  8  8  9,札幌,PASS_HTML,2600,8,pw01dud102023105302/6D,ラッキーシグネチャ,12,北村 友一,35.9,１／２,06,01,6,3歳,未勝利,2026-08-09,pw01sde1001202601060620260809,3歳未勝利,06,（混合）［指定］,,12時50分,牝3,https://www.jra.go.jp/JRADB/accessS.html?CNAME=pw01sde1001202601060620260809%2F19,芝,2:44.1,良,矢作 芳人,晴,馬齢,,
474(+10),55.0,8  8  8  11,札幌,PASS_HTML,2600,9,pw01dud102023105065/93,ハバタクジユウニ,6,川又 賢治,36.0,１／２,06,01,14,3歳,未勝利,2026-08-09,pw01sde1001202601060620260809,3歳未勝利,06,（混合）［指定］,,12時50分,牝3,https://www.jra.go.jp/JRADB/accessS.html?CNAME=pw01sde1001202601060620260809%2F19,芝,2:44.2,良,角田 晃一,晴,馬齢,,
462(+6),52.0,1  1  1  2,札幌,PASS_HTML,2600,10,pw01dud102023103566/1D,エコロゼルダ,3,▲和田 陽希,37.0,３／４,06,01,12,3歳,未勝利,2026-08-09,pw01sde1001202601060620260809,3歳未勝利,06,（混合）［指定］,,12時50分,牝3,https://www.jra.go.jp/JRADB/accessS.html?CNAME=pw01sde1001202601060620260809%2F19,芝,2:44.4,良,牧浦 充徳,晴,馬齢,,
458(0),55.0,2  2  2  2,札幌,PASS_HTML,2600,11,pw01dud102023103522/11,フォーチュンローズ,9,古川 吉洋,37.1,３／４,06,01,7,3歳,未勝利,2026-08-09,pw01sde1001202601060620260809,3歳未勝利,06,（混合）［指定］,,12時50分,牝3,https://www.jra.go.jp/JRADB/accessS.html?CNAME=pw01sde1001202601060620260809%2F19,芝,2:44.5,良,上原 佑紀,晴,馬齢,,
494(+4),57.0,10  8  11  12,札幌,PASS_HTML,2600,12,pw01dud102023104905/FD,テイエムプレミラン,13,松本 大輝,36.2,１／２,06,01,8,3歳,未勝利,2026-08-09,pw01sde1001202601060620260809,3歳未勝利,06,（混合）［指定］,,12時50分,牡3,https://www.jra.go.jp/JRADB/accessS.html?CNAME=pw01sde1001202601060620260809%2F19,芝,2:44.6,良,宮地 貴稔,晴,馬齢,,
450(-2),55.0,10  11  11  13,札幌,PASS_HTML,2600,13,pw01dud102023102410/FB,ブリックアブラック,4,◇古川 奈穂,36.3,クビ,06,01,11,3歳,未勝利,2026-08-09,pw01sde1001202601060620260809,3歳未勝利,06,（混合）［指定］,,12時50分,牡3,https://www.jra.go.jp/JRADB/accessS.html?CNAME=pw01sde1001202601060620260809%2F19,芝,2:44.7,良,高木 登,晴,馬齢,,
458(-4),57.0,13  13  13  13,札幌,PASS_HTML,2600,14,pw01dud102023103767/F2,ミカレオス,8,荻野 琢真,36.1,１ 1/2,06,01,13,3歳,未勝利,2026-08-09,pw01sde1001202601060620260809,3歳未勝利,06,（混合）［指定］,,12時50分,牡3,https://www.jra.go.jp/JRADB/accessS.html?CNAME=pw01sde1001202601060620260809%2F19,芝,2:44.9,良,河嶋 宏樹,晴,馬齢,,
432(+2),57.0,2  2  2  2,札幌,PASS_HTML,2000,1,pw01dud102023106438/6F,トリニタリオ,4,横山 和生,35.6,,06,01,1,3歳,未勝利,2026-08-09,pw01sde1001202601060720260809,3歳未勝利,07,[指定],,13時20分,牡3,https://www.jra.go.jp/JRADB/accessS.html?CNAME=pw01sde1001202601060720260809%2FCE,芝,2:01.6,良,勢司 和浩,晴,馬齢,,
462(0),57.0,3  4  4  3,札幌,PASS_HTML,2000,2,pw01dud102023103481/CD,デルマフジ,3,浜中 俊,35.8,２ 1/2,06,01,2,3歳,未勝利,2026-08-09,pw01sde1001202601060720260809,3歳未勝利,07,[指定],,13時20分,牡3,https://www.jra.go.jp/JRADB/accessS.html?CNAME=pw01sde1001202601060720260809%2FCE,芝,2:02.0,良,武 幸四郎,晴,馬齢,,
412(+4),55.0,9  9  7  3,札幌,PASS_HTML,2000,3,pw01dud102023101938/B9,メイショウローゼ,7,池添 謙一,35.9,１ 3/4,06,01,3,3歳,未勝利,2026-08-09,pw01sde1001202601060720260809,3歳未勝利,07,[指定],,13時20分,牝3,https://www.jra.go.jp/JRADB/accessS.html?CNAME=pw01sde1001202601060720260809%2FCE,芝,2:02.3,良,本田 優,晴,馬齢,,
482(0),57.0,11  10  10  7,札幌,PASS_HTML,2000,4,pw01dud102023101000/38,フローレンスフーガ,5,古川 吉洋,35.6,アタマ,06,01,4,3歳,未勝利,2026-08-09,pw01sde1001202601060720260809,3歳未勝利,07,[指定],,13時20分,牡3,https://www.jra.go.jp/JRADB/accessS.html?CNAME=pw01sde1001202601060720260809%2FCE,芝,2:02.3,良,四位 洋文,晴,馬齢,,
472(+4),57.0,1  1  1  1,札幌,PASS_HTML,2000,5,pw01dud102023105537/3E,エイシンリーガル,10,松本 大輝,36.6,１／２,06,01,12,3歳,未勝利,2026-08-09,pw01sde1001202601060720260809,3歳未勝利,07,[指定],,13時20分,牡3,https://www.jra.go.jp/JRADB/accessS.html?CNAME=pw01sde1001202601060720260809%2FCE,芝,2:02.4,良,高橋 康之,晴,馬齢,,
468(+6),57.0,14  13  14  13,札幌,PASS_HTML,2000,6,pw01dud102023102386/EC,ミリオングローリー,16,岩田 康誠,35.7,２,06,01,5,3歳,未勝利,2026-08-09,pw01sde1001202601060720260809,3歳未勝利,07,[指定],,13時20分,牡3,https://www.jra.go.jp/JRADB/accessS.html?CNAME=pw01sde1001202601060720260809%2FCE,芝,2:02.7,良,蛯名 正義,晴,馬齢,,
450(0),57.0,6  7  7  7,札幌,PASS_HTML,2000,7,pw01dud102023105659/75,シークレットシティ,8,斎藤 新,36.3,３／４,06,01,8,3歳,未勝利,2026-08-09,pw01sde1001202601060720260809,3歳未勝利,07,[指定],,13時20分,牡3,https://www.jra.go.jp/JRADB/accessS.html?CNAME=pw01sde1001202601060720260809%2FCE,芝,2:02.8,良,辻 哲英,晴,馬齢,,
454(+2),57.0,14  13  12  10,札幌,PASS_HTML,2000,8,pw01dud102023100604/3B,ショウナンアワード,6,小沢 大仁,36.2,１ 1/4,06,01,10,3歳,未勝利,2026-08-09,pw01sde1001202601060720260809,3歳未勝利,07,[指定],,13時20分,牡3,https://www.jra.go.jp/JRADB/accessS.html?CNAME=pw01sde1001202601060720260809%2FCE,芝,2:03.0,良,東田 明士,晴,馬齢,,
432(-6),55.0,3  2  2  3,札幌,PASS_HTML,2000,9,pw01dud102023105298/7E,ピースフルマインド,12,北村 友一,37.0,クビ,06,01,6,3歳,未勝利,2026-08-09,pw01sde1001202601060720260809,3歳未勝利,07,[指定],,13時20分,牝3,https://www.jra.go.jp/JRADB/accessS.html?CNAME=pw01sde1001202601060720260809%2FCE,芝,2:03.1,良,伊坂 重信,晴,馬齢,,
458(+2),56.0,6  7  7  10,札幌,PASS_HTML,2000,10,pw01dud102023102434/E7,グランフルス,1,☆舟山 瑠泉,36.6,クビ,06,01,11,3歳,未勝利,2026-08-09,pw01sde1001202601060720260809,3歳未勝利,07,[指定],,13時20分,牡3,https://www.jra.go.jp/JRADB/accessS.html?CNAME=pw01sde1001202601060720260809%2FCE,芝,2:03.1,良,矢野 英一,晴,馬齢,,
478(+10),57.0,6  6  4  3,札幌,PASS_HTML,2000,11,pw01dud102023104940/FE,メイショウハーブス,14,横山 琉人,36.8,アタマ,06,01,9,3歳,未勝利,2026-08-09,pw01sde1001202601060720260809,3歳未勝利,07,[指定],,13時20分,牡3,https://www.jra.go.jp/JRADB/accessS.html?CNAME=pw01sde1001202601060720260809%2FCE,芝,2:03.1,良,高橋 義忠,晴,馬齢,,
470(+6),54.0,14  16  16  13,札幌,PASS_HTML,2000,12,pw01dud102023105874/B8,ウインブリザード,11,▲遠藤 汰月,35.9,クビ,06,01,13,3歳,未勝利,2026-08-09,pw01sde1001202601060720260809,3歳未勝利,07,[指定],,13時20分,牡3,https://www.jra.go.jp/JRADB/accessS.html?CNAME=pw01sde1001202601060720260809%2FCE,芝,2:03.2,良,深山 雅史,晴,馬齢,,
460(-4),57.0,10  10  10  10,札幌,PASS_HTML,2000,13,pw01dud102023105881/6F,ウインアトム,9,川又 賢治,36.6,３／４,06,01,14,3歳,未勝利,2026-08-09,pw01sde1001202601060720260809,3歳未勝利,07,[指定],,13時20分,牡3,https://www.jra.go.jp/JRADB/accessS.html?CNAME=pw01sde1001202601060720260809%2FCE,芝,2:03.3,良,寺島 良,晴,馬齢,,
516(0),54.0,3  4  4  7,札幌,PASS_HTML,2000,14,pw01dud102023103555/9A,オートカリテ,2,☆長浜 鴻緒,37.3,１ 1/2,06,01,7,3歳,未勝利,2026-08-09,pw01sde1001202601060720260809,3歳未勝利,07,[指定],,13時20分,牝3,https://www.jra.go.jp/JRADB/accessS.html?CNAME=pw01sde1001202601060720260809%2FCE,芝,2:03.5,良,牧 光二,晴,馬齢,,
404(+10),53.0,11  10  12  15,札幌,PASS_HTML,2000,15,pw01dud102023102112/4E,ハートチャン,13,◇古川 奈穂,37.5,５,06,01,15,3歳,未勝利,2026-08-09,pw01sde1001202601060720260809,3歳未勝利,07,[指定],,13時20分,牝3,https://www.jra.go.jp/JRADB/accessS.html?CNAME=pw01sde1001202601060720260809%2FCE,芝,2:04.3,良,金成 貴史,晴,馬齢,,
506(+16),57.0,13  13  14  15,札幌,PASS_HTML,2000,16,pw01dud102023103433/63,レフィノス,15,荻野 琢真,37.8,３,06,01,16,3歳,未勝利,2026-08-09,pw01sde1001202601060720260809,3歳未勝利,07,[指定],,13時20分,牡3,https://www.jra.go.jp/JRADB/accessS.html?CNAME=pw01sde1001202601060720260809%2FCE,芝,2:04.8,良,和田 勇介,晴,馬齢,,
454(0),55.0,4  3,札幌,PASS_HTML,1200,1,pw01dud102021105749/7E,ルージュベルベット,10,☆舟山 瑠泉,34.8,,06,01,5,3歳以上,1勝クラス,2026-08-09,pw01sde1001202601060920260809,3歳以上1勝クラス,09,牝［指定］,,14時20分,牝5,https://www.jra.go.jp/JRADB/accessS.html?CNAME=pw01sde1001202601060920260809%2F38,芝,1:08.7,良,浅利 英明,晴,定量,,
500(+8),54.0,2  2,札幌,PASS_HTML,1200,2,pw01dud102023105317/BC,ウィングブルー,11,斎藤 新,35.1,３／４,06,01,2,3歳以上,1勝クラス,2026-08-09,pw01sde1001202601060920260809,3歳以上1勝クラス,09,牝［指定］,,14時20分,牝3,https://www.jra.go.jp/JRADB/accessS.html?CNAME=pw01sde1001202601060920260809%2F38,芝,1:08.8,良,斎藤 誠,晴,定量,,
426(+4),51.0,1  1,札幌,PASS_HTML,1200,3,pw01dud102023106420/C7,コスモファーブロス,1,▲小林 美駒,35.5,１／２,06,01,4,3歳以上,1勝クラス,2026-08-09,pw01sde1001202601060920260809,3歳以上1勝クラス,09,牝［指定］,,14時20分,牝3,https://www.jra.go.jp/JRADB/accessS.html?CNAME=pw01sde1001202601060920260809%2F38,芝,1:08.9,良,吉田 直弘,晴,定量,,
468(-8),54.0,15  13,札幌,PASS_HTML,1200,4,pw01dud102023103733/F6,ラプランセス,9,横山 琉人,33.9,クビ,06,01,9,3歳以上,1勝クラス,2026-08-09,pw01sde1001202601060920260809,3歳以上1勝クラス,09,牝［指定］,,14時20分,牝3,https://www.jra.go.jp/JRADB/accessS.html?CNAME=pw01sde1001202601060920260809%2F38,芝,1:08.9,良,斎藤 誠,晴,定量,,
472(+4),56.0,9  8,札幌,PASS_HTML,1200,5,pw01dud102022102988/6C,トレヴィ,14,岩田 康誠,34.8,２,06,01,10,3歳以上,1勝クラス,2026-08-09,pw01sde1001202601060920260809,3歳以上1勝クラス,09,牝［指定］,,14時20分,牝4,https://www.jra.go.jp/JRADB/accessS.html?CNAME=pw01sde1001202601060920260809%2F38,芝,1:09.2,良,木村 哲也,晴,定量,,
430(-2),56.0,15  16,札幌,PASS_HTML,1200,6,pw01dud102021105078/E4,アトリウムチャペル,6,横山 典弘,34.3,クビ,06,01,7,3歳以上,1勝クラス,2026-08-09,pw01sde1001202601060920260809,3歳以上1勝クラス,09,牝［指定］,,14時20分,牝5,https://www.jra.go.jp/JRADB/accessS.html?CNAME=pw01sde1001202601060920260809%2F38,芝,1:09.3,良,浅利 英明,晴,定量,,
448(+18),54.0,6  6,札幌,PASS_HTML,1200,7,pw01dud102023104047/6A,ノアールビーナス,15,小沢 大仁,35.2,１／２,06,01,6,3歳以上,1勝クラス,2026-08-09,pw01sde1001202601060920260809,3歳以上1勝クラス,09,牝［指定］,,14時20分,牝3,https://www.jra.go.jp/JRADB/accessS.html?CNAME=pw01sde1001202601060920260809%2F38,芝,1:09.4,良,杉山 佳明,晴,定量,,
442(+16),56.0,9  8,札幌,PASS_HTML,1200,8,pw01dud102021103322/97,スプリングデイ,7,古川 吉洋,34.9,クビ,06,01,11,3歳以上,1勝クラス,2026-08-09,pw01sde1001202601060920260809,3歳以上1勝クラス,09,牝［指定］,,14時20分,牝5,https://www.jra.go.jp/JRADB/accessS.html?CNAME=pw01sde1001202601060920260809%2F38,芝,1:09.4,良,伊藤 大士,晴,定量,,
440(+6),54.0,13  13,札幌,PASS_HTML,1200,9,pw01dud102023105290/E6,サトノカスターニャ,16,吉田 隼人,34.8,１,06,01,12,3歳以上,1勝クラス,2026-08-09,pw01sde1001202601060920260809,3歳以上1勝クラス,09,牝［指定］,,14時20分,牝3,https://www.jra.go.jp/JRADB/accessS.html?CNAME=pw01sde1001202601060920260809%2F38,芝,1:09.6,良,吉岡 辰弥,晴,定量,,
490(+2),52.0,6  6,札幌,PASS_HTML,1200,10,pw01dud102020100759/57,アルマロクザン,13,★河原田 菜々,35.5,１／２,06,01,13,3歳以上,1勝クラス,2026-08-09,pw01sde1001202601060920260809,3歳以上1勝クラス,09,牝［指定］,,14時20分,牝6,https://www.jra.go.jp/JRADB/accessS.html?CNAME=pw01sde1001202601060920260809%2F38,芝,1:09.7,良,伊藤 伸一,晴,定量,,
458(+6),54.0,6  8,札幌,PASS_HTML,1200,11,pw01dud102023102210/99,アイアムステキ,3,浜中 俊,35.9,２ 1/2,06,01,8,3歳以上,1勝クラス,2026-08-09,pw01sde1001202601060920260809,3歳以上1勝クラス,09,牝［指定］,,14時20分,牝3,https://www.jra.go.jp/JRADB/accessS.html?CNAME=pw01sde1001202601060920260809%2F38,芝,1:10.1,良,奥平 雅士,晴,定量,,
482(+10),56.0,9  12,札幌,PASS_HTML,1200,12,pw01dud102020101920/6D,メラヴィリオーザ,4,黛 弘人,35.8,１ 1/4,06,01,14,3歳以上,1勝クラス,2026-08-09,pw01sde1001202601060920260809,3歳以上1勝クラス,09,牝［指定］,,14時20分,牝6,https://www.jra.go.jp/JRADB/accessS.html?CNAME=pw01sde1001202601060920260809%2F38,芝,1:10.3,良,秋山 真一郎,晴,定量,,
462(+4),56.0,13  13,札幌,PASS_HTML,1200,13,pw01dud102022104440/7D,ハーモニーソング,8,北村 友一,35.6,３／４,06,01,3,3歳以上,1勝クラス,2026-08-09,pw01sde1001202601060920260809,3歳以上1勝クラス,09,牝［指定］,,14時20分,牝4,https://www.jra.go.jp/JRADB/accessS.html?CNAME=pw01sde1001202601060920260809%2F38,芝,1:10.4,良,田島 俊明,晴,定量,,
436(+11),53.0,4  3,札幌,PASS_HTML,1200,14,pw01dud102022101005/EB,マロンカラノテガミ,12,▲和田 陽希,36.6,ハナ,06,01,16,3歳以上,1勝クラス,2026-08-09,pw01sde1001202601060920260809,3歳以上1勝クラス,09,牝［指定］,,14時20分,牝4,https://www.jra.go.jp/JRADB/accessS.html?CNAME=pw01sde1001202601060920260809%2F38,芝,1:10.4,良,清水 英克,晴,定量,,
396(0),53.0,9  11,札幌,PASS_HTML,1200,15,pw01dud102022103316/DF,キタノクニカラ,5,▲遠藤 汰月,36.0,３／４,06,01,15,3歳以上,1勝クラス,2026-08-09,pw01sde1001202601060920260809,3歳以上1勝クラス,09,牝［指定］,,14時20分,牝4,https://www.jra.go.jp/JRADB/accessS.html?CNAME=pw01sde1001202601060920260809%2F38,芝,1:10.5,良,奥平 雅士,晴,定量,,
468(+10),54.0,2  3,札幌,PASS_HTML,1200,16,pw01dud102023105141/D8,ニシノサリーナ,2,池添 謙一,37.3,３,06,01,1,3歳以上,1勝クラス,2026-08-09,pw01sde1001202601060920260809,3歳以上1勝クラス,09,牝［指定］,,14時20分,牝3,https://www.jra.go.jp/JRADB/accessS.html?CNAME=pw01sde1001202601060920260809%2F38,芝,1:11.0,良,橋口 慎介,晴,定量,,
512(+4),58.0,14  14  14  10,札幌,QUARANTINED_HTML:track_condition,1700,1,pw01dud102022104419/58,ローズマイスター,12,横山 和生,37.3,,06,01,2,3歳以上,1勝クラス,2026-08-09,pw01sde1001202601060820260809,3歳以上1勝クラス,08,[指定],,13時50分,牡4,https://www.jra.go.jp/JRADB/accessS.html?CNAME=pw01sde1001202601060820260809%2F83,ダート,1:46.6,,黒岩 陽一,晴,定量,,
490(+4),55.0,9  9  6  4,札幌,QUARANTINED_HTML:track_condition,1700,2,pw01dud102023105032/0A,メイショウコシュウ,5,浜中 俊,38.6,クビ,06,01,4,3歳以上,1勝クラス,2026-08-09,pw01sde1001202601060820260809,3歳以上1勝クラス,08,[指定],,13時50分,牡3,https://www.jra.go.jp/JRADB/accessS.html?CNAME=pw01sde1001202601060820260809%2F83,ダート,1:46.6,,松永 幹夫,晴,定量,,
504(-4),54.0,4  3  2  2,札幌,QUARANTINED_HTML:track_condition,1700,3,pw01dud102023102019/42,テイクオンミー,8,☆舟山 瑠泉,39.0,クビ,06,01,5,3歳以上,1勝クラス,2026-08-09,pw01sde1001202601060820260809,3歳以上1勝クラス,08,[指定],,13時50分,牡3,https://www.jra.go.jp/JRADB/accessS.html?CNAME=pw01sde1001202601060820260809%2F83,ダート,1:46.7,,水野 貴広,晴,定量,,
458(+2),58.0,3  3  2  2,札幌,QUARANTINED_HTML:track_condition,1700,4,pw01dud102021104945/25,ポンピエ,6,斎藤 新,39.2,１ 1/2,06,01,3,3歳以上,1勝クラス,2026-08-09,pw01sde1001202601060820260809,3歳以上1勝クラス,08,[指定],,13時50分,牡5,https://www.jra.go.jp/JRADB/accessS.html?CNAME=pw01sde1001202601060820260809%2F83,ダート,1:46.9,,井上 智史,晴,定量,,
468(-4),58.0,8  8  10  6,札幌,QUARANTINED_HTML:track_condition,1700,5,pw01dud102022103156/BD,タイキフィアリーベ,1,吉田 隼人,38.9,１,06,01,8,3歳以上,1勝クラス,2026-08-09,pw01sde1001202601060820260809,3歳以上1勝クラス,08,[指定],,13時50分,牡4,https://www.jra.go.jp/JRADB/accessS.html?CNAME=pw01sde1001202601060820260809%2F83,ダート,1:47.1,,室井 潔,晴,定量,,
470(+4),58.0,6  5  2  4,札幌,QUARANTINED_HTML:track_condition,1700,6,pw01dud102021105772/89,ホウオウバローロ,13,小沢 大仁,39.4,クビ,06,01,9,3歳以上,1勝クラス,2026-08-09,pw01sde1001202601060820260809,3歳以上1勝クラス,08,[指定],,13時50分,牡5,https://www.jra.go.jp/JRADB/accessS.html?CNAME=pw01sde1001202601060820260809%2F83,ダート,1:47.1,,前川 恭子,晴,定量,,
516(0),58.0,13  13  10  8,札幌,QUARANTINED_HTML:track_condition,1700,7,pw01dud102021102498/FB,ディアスポラ,11,岩田 康誠,39.0,１／２,06,01,10,3歳以上,1勝クラス,2026-08-09,pw01sde1001202601060820260809,3歳以上1勝クラス,08,[指定],,13時50分,牡5,https://www.jra.go.jp/JRADB/accessS.html?CNAME=pw01sde1001202601060820260809%2F83,ダート,1:47.2,,田中 剛,晴,定量,,
474(0),52.0,1  1  1  1,札幌,QUARANTINED_HTML:track_condition,1700,8,pw01dud102023100715/EF,ピエナオルカ,7,▲小林 美駒,40.3,２,06,01,1,3歳以上,1勝クラス,2026-08-09,pw01sde1001202601060820260809,3歳以上1勝クラス,08,[指定],,13時50分,牡3,https://www.jra.go.jp/JRADB/accessS.html?CNAME=pw01sde1001202601060820260809%2F83,ダート,1:47.6,,谷 潔,晴,定量,,
572(+4),58.0,10  10  8  6,札幌,QUARANTINED_HTML:track_condition,1700,9,pw01dud102021100303/1D,ブリオメンテ,14,池添 謙一,39.7,１ 1/2,06,01,7,3歳以上,1勝クラス,2026-08-09,pw01sde1001202601060820260809,3歳以上1勝クラス,08,[指定],,13時50分,牡5,https://www.jra.go.jp/JRADB/accessS.html?CNAME=pw01sde1001202601060820260809%2F83,ダート,1:47.8,,千田 輝彦,晴,定量,,
438(+6),52.0,10  11  12  13,札幌,QUARANTINED_HTML:track_condition,1700,10,pw01dud102023101721/22,ノリノドラゴン,3,▲遠藤 汰月,38.9,１ 1/2,06,01,13,3歳以上,1勝クラス,2026-08-09,pw01sde1001202601060820260809,3歳以上1勝クラス,08,[指定],,13時50分,牡3,https://www.jra.go.jp/JRADB/accessS.html?CNAME=pw01sde1001202601060820260809%2F83,ダート,1:48.1,,荒川 義之,晴,定量,,
572(+24),55.0,4  5  8  12,札幌,QUARANTINED_HTML:track_condition,1700,11,pw01dud102022107021/D9,ファミーユウルーズ,2,▲和田 陽希,40.4,２ 1/2,06,01,14,3歳以上,1勝クラス,2026-08-09,pw01sde1001202601060820260809,3歳以上1勝クラス,08,[指定],,13時50分,牡4,https://www.jra.go.jp/JRADB/accessS.html?CNAME=pw01sde1001202601060820260809%2F83,ダート,1:48.5,,武藤 善則,晴,定量,,
456(-18),58.0,6  7  6  8,札幌,QUARANTINED_HTML:track_condition,1700,12,pw01dud102022101286/40,クラウンアールシー,9,松本 大輝,40.5,クビ,06,01,11,3歳以上,1勝クラス,2026-08-09,pw01sde1001202601060820260809,3歳以上1勝クラス,08,[指定],,13時50分,牡4,https://www.jra.go.jp/JRADB/accessS.html?CNAME=pw01sde1001202601060820260809%2F83,ダート,1:48.5,,水野 貴広,晴,定量,,
460(+4),54.0,2  2  2  11,札幌,QUARANTINED_HTML:track_condition,1700,13,pw01dud102023100581/31,ホノボノ,4,☆長浜 鴻緒,42.6,大差,06,01,12,3歳以上,1勝クラス,2026-08-09,pw01sde1001202601060820260809,3歳以上1勝クラス,08,[指定],,13時50分,牡3,https://www.jra.go.jp/JRADB/accessS.html?CNAME=pw01sde1001202601060820260809%2F83,ダート,1:50.3,,尾形 和幸,晴,定量,,
450(+2),55.0,10  11  12  14,札幌,QUARANTINED_HTML:track_condition,1700,14,pw01dud102023100433/96,サンデーパーティー,10,横山 琉人,41.5,２ 1/2,06,01,6,3歳以上,1勝クラス,2026-08-09,pw01sde1001202601060820260809,3歳以上1勝クラス,08,[指定],,13時50分,せん3,https://www.jra.go.jp/JRADB/accessS.html?CNAME=pw01sde1001202601060820260809%2F83,ダート,1:50.7,,相沢 郁,晴,定量,,
496(+6),56.0,2  2  2  1,札幌,QUARANTINED_HTML:track_condition,1700,1,pw01dud102022101572/F7,プライベートアイズ,3,斎藤 新,37.5,,06,01,4,3歳以上,2勝クラス,2026-08-09,pw01sde1001202601061020260809,富良野特別,10,（混合）［指定］,,14時50分,牡4,https://www.jra.go.jp/JRADB/accessS.html?CNAME=pw01sde1001202601061020260809%2F2D,ダート,1:45.7,,小栗 実,晴,ハンデ,,
462(-2),55.0,8  8  7  4,札幌,QUARANTINED_HTML:track_condition,1700,2,pw01dud102023104324/84,タガノエルー,13,古川 吉洋,37.2,２,06,01,1,3歳以上,2勝クラス,2026-08-09,pw01sde1001202601061020260809,富良野特別,10,（混合）［指定］,,14時50分,牡3,https://www.jra.go.jp/JRADB/accessS.html?CNAME=pw01sde1001202601061020260809%2F2D,ダート,1:46.0,,宮 徹,晴,ハンデ,,
500(+6),57.0,12  13  10  8,札幌,QUARANTINED_HTML:track_condition,1700,3,pw01dud102022110130/EC,ベラジオワールド,8,横山 和生,36.7,１ 1/4,06,01,2,3歳以上,2勝クラス,2026-08-09,pw01sde1001202601061020260809,富良野特別,10,（混合）［指定］,,14時50分,牡4,https://www.jra.go.jp/JRADB/accessS.html?CNAME=pw01sde1001202601061020260809%2F2D,ダート,1:46.2,,伊藤 大士,晴,ハンデ,,
452(+4),55.0,5  5  5  4,札幌,QUARANTINED_HTML:track_condition,1700,4,pw01dud102022100321/E3,リメンバーヒム,10,小沢 大仁,37.9,２,06,01,8,3歳以上,2勝クラス,2026-08-09,pw01sde1001202601061020260809,富良野特別,10,（混合）［指定］,,14時50分,牡4,https://www.jra.go.jp/JRADB/accessS.html?CNAME=pw01sde1001202601061020260809%2F2D,ダート,1:46.5,,浜田 多実雄,晴,ハンデ,,
480(+6),52.0,3  3  4  4,札幌,QUARANTINED_HTML:track_condition,1700,5,pw01dud102023103696/7E,マーゴットサンズ,1,古川 奈穂,38.1,アタマ,06,01,5,3歳以上,2勝クラス,2026-08-09,pw01sde1001202601061020260809,富良野特別,10,（混合）［指定］,,14時50分,牝3,https://www.jra.go.jp/JRADB/accessS.html?CNAME=pw01sde1001202601061020260809%2F2D,ダート,1:46.5,,伊坂 重信,晴,ハンデ,,
474(+6),55.0,10  10  9  8,札幌,QUARANTINED_HTML:track_condition,1700,6,pw01dud102022102394/8A,マーウォルス,7,北村 友一,37.9,４,06,01,7,3歳以上,2勝クラス,2026-08-09,pw01sde1001202601061020260809,富良野特別,10,（混合）［指定］,,14時50分,牡4,https://www.jra.go.jp/JRADB/accessS.html?CNAME=pw01sde1001202601061020260809%2F2D,ダート,1:47.2,,茶木 太樹,晴,ハンデ,,
482(-6),53.0,7  7  8  10,札幌,QUARANTINED_HTML:track_condition,1700,7,pw01dud102022105610/9E,ウインハルモニア,11,長浜 鴻緒,38.4,１ 1/4,06,01,11,3歳以上,2勝クラス,2026-08-09,pw01sde1001202601061020260809,富良野特別,10,（混合）［指定］,,14時50分,牝4,https://www.jra.go.jp/JRADB/accessS.html?CNAME=pw01sde1001202601061020260809%2F2D,ダート,1:47.4,,柄崎 将寿,晴,ハンデ,,
432(0),52.0,6  5  5  7,札幌,QUARANTINED_HTML:track_condition,1700,8,pw01dud102022106851/A2,レディゴディヴァ,9,川又 賢治,39.4,３ 1/2,06,01,12,3歳以上,2勝クラス,2026-08-09,pw01sde1001202601061020260809,富良野特別,10,（混合）［指定］,,14時50分,牝4,https://www.jra.go.jp/JRADB/accessS.html?CNAME=pw01sde1001202601061020260809%2F2D,ダート,1:48.0,,小崎 憲,晴,ハンデ,,
496(0),52.0,12  11  10  11,札幌,QUARANTINED_HTML:track_condition,1700,9,pw01dud102022103753/8A,ネクストダンサー,14,黛 弘人,38.6,クビ,06,01,14,3歳以上,2勝クラス,2026-08-09,pw01sde1001202601061020260809,富良野特別,10,（混合）［指定］,,14時50分,牝4,https://www.jra.go.jp/JRADB/accessS.html?CNAME=pw01sde1001202601061020260809%2F2D,ダート,1:48.1,,伊藤 圭三,晴,ハンデ,,
466(+4),55.0,4  3  3  3,札幌,QUARANTINED_HTML:track_condition,1700,10,pw01dud102021101928/91,チザルピーノ,12,浜中 俊,39.9,１／２,06,01,6,3歳以上,2勝クラス,2026-08-09,pw01sde1001202601061020260809,富良野特別,10,（混合）［指定］,,14時50分,せん5,https://www.jra.go.jp/JRADB/accessS.html?CNAME=pw01sde1001202601061020260809%2F2D,ダート,1:48.2,,堀 宣行,晴,ハンデ,,
470(-6),55.0,9  9  12  12,札幌,QUARANTINED_HTML:track_condition,1700,11,pw01dud102022105486/5E,テルアスワッド,4,吉田 隼人,38.7,１ 1/4,06,01,10,3歳以上,2勝クラス,2026-08-09,pw01sde1001202601061020260809,富良野特別,10,（混合）［指定］,,14時50分,せん4,https://www.jra.go.jp/JRADB/accessS.html?CNAME=pw01sde1001202601061020260809%2F2D,ダート,1:48.4,,須貝 尚介,晴,ハンデ,,
528(+4),54.0,1  1  1  2,札幌,QUARANTINED_HTML:track_condition,1700,12,pw01dud102023101704/5B,テイエムゴッホ,2,舟山 瑠泉,40.5,１ 1/2,06,01,3,3歳以上,2勝クラス,2026-08-09,pw01sde1001202601061020260809,富良野特別,10,（混合）［指定］,,14時50分,牡3,https://www.jra.go.jp/JRADB/accessS.html?CNAME=pw01sde1001202601061020260809%2F2D,ダート,1:48.6,,浜田 多実雄,晴,ハンデ,,
484(+6),51.0,10  11  13  13,札幌,QUARANTINED_HTML:track_condition,1700,13,pw01dud102023100937/57,ストラーダ,6,横山 琉人,38.8,１,06,01,9,3歳以上,2勝クラス,2026-08-09,pw01sde1001202601061020260809,富良野特別,10,（混合）［指定］,,14時50分,牝3,https://www.jra.go.jp/JRADB/accessS.html?CNAME=pw01sde1001202601061020260809%2F2D,ダート,1:48.8,,安田 翔伍,晴,ハンデ,,
516(-10),51.0,14  14  13  14,札幌,QUARANTINED_HTML:track_condition,1700,14,pw01dud102019102163/EE,フォーワンセルフ,5,河原田 菜々,39.6,４,06,01,13,3歳以上,2勝クラス,2026-08-09,pw01sde1001202601061020260809,富良野特別,10,（混合）［指定］,,14時50分,牡7,https://www.jra.go.jp/JRADB/accessS.html?CNAME=pw01sde1001202601061020260809%2F2D,ダート,1:49.5,,小手川 準,晴,ハンデ,,
424(+4),55.0,3  3,新潟,PASS_HTML,1400,1,pw01dud102024101344/63,グルーヴェンス,13,三浦 皇成,35.2,,05,02,1,2歳,未勝利,2026-08-08,pw01sde1004202602050120260808,2歳未勝利,01,（混合）［指定］,,9時40分,牡2,https://www.jra.go.jp/JRADB/accessS.html?CNAME=pw01sde1004202602050120260808%2F6F,芝,1:21.7,良,高柳 瑞樹,晴,馬齢,,
422(-8),55.0,1  1,新潟,PASS_HTML,1400,2,pw01dud102024103860/8A,セイウンイーリス,8,野中 悠太郎,35.8,１ 3/4,05,02,5,2歳,未勝利,2026-08-08,pw01sde1004202602050120260808,2歳未勝利,01,（混合）［指定］,,9時40分,牝2,https://www.jra.go.jp/JRADB/accessS.html?CNAME=pw01sde1004202602050120260808%2F6F,芝,1:22.0,良,深山 雅史,晴,馬齢,,
520(-4),55.0,3  3,新潟,PASS_HTML,1400,3,pw01dud102024103471/49,トランサルピナ,2,荻野 極,35.5,クビ,05,02,6,2歳,未勝利,2026-08-08,pw01sde1004202602050120260808,2歳未勝利,01,（混合）［指定］,,9時40分,牡2,https://www.jra.go.jp/JRADB/accessS.html?CNAME=pw01sde1004202602050120260808%2F6F,芝,1:22.0,良,中舘 英二,晴,馬齢,,
446(+8),55.0,2  2,新潟,PASS_HTML,1400,4,pw01dud102024103655/57,コスモルミナ,5,坂井 瑠星,35.8,１／２,05,02,3,2歳,未勝利,2026-08-08,pw01sde1004202602050120260808,2歳未勝利,01,（混合）［指定］,,9時40分,牡2,https://www.jra.go.jp/JRADB/accessS.html?CNAME=pw01sde1004202602050120260808%2F6F,芝,1:22.1,良,宮地 貴稔,晴,馬齢,,
474(+2),52.0,10  10,新潟,PASS_HTML,1400,5,pw01dud102024105497/F9,クールボビー,11,▲石田 拓郎,34.7,ハナ,05,02,9,2歳,未勝利,2026-08-08,pw01sde1004202602050120260808,2歳未勝利,01,（混合）［指定］,,9時40分,牡2,https://www.jra.go.jp/JRADB/accessS.html?CNAME=pw01sde1004202602050120260808%2F6F,芝,1:22.1,良,矢野 英一,晴,馬齢,,
442(-4),55.0,8  8,新潟,PASS_HTML,1400,6,pw01dud102024101886/7E,コウソクレムリア,9,武藤 雅,35.1,１,05,02,7,2歳,未勝利,2026-08-08,pw01sde1004202602050120260808,2歳未勝利,01,（混合）［指定］,,9時40分,牝2,https://www.jra.go.jp/JRADB/accessS.html?CNAME=pw01sde1004202602050120260808%2F6F,芝,1:22.2,良,武藤 善則,晴,馬齢,,
444(0),53.0,5  5,新潟,PASS_HTML,1400,7,pw01dud102024107129/BA,ウインリスノアール,10,△石神 深道,35.8,１ 1/2,05,02,2,2歳,未勝利,2026-08-08,pw01sde1004202602050120260808,2歳未勝利,01,（混合）［指定］,,9時40分,牝2,https://www.jra.go.jp/JRADB/accessS.html?CNAME=pw01sde1004202602050120260808%2F6F,芝,1:22.5,良,和田 正一郎,晴,馬齢,,
468(-6),55.0,5  5,新潟,PASS_HTML,1400,8,pw01dud102024101502/9F,ヴィンチェローズ,12,原 優介,35.9,１ 1/2,05,02,12,2歳,未勝利,2026-08-08,pw01sde1004202602050120260808,2歳未勝利,01,（混合）［指定］,,9時40分,牡2,https://www.jra.go.jp/JRADB/accessS.html?CNAME=pw01sde1004202602050120260808%2F6F,芝,1:22.7,良,青木 孝文,晴,馬齢,,
494(0),55.0,5  5,新潟,PASS_HTML,1400,9,pw01dud102024103642/EE,マイネルヴェスペル,1,津村 明秀,36.1,１ 1/4,05,02,8,2歳,未勝利,2026-08-08,pw01sde1004202602050120260808,2歳未勝利,01,（混合）［指定］,,9時40分,牡2,https://www.jra.go.jp/JRADB/accessS.html?CNAME=pw01sde1004202602050120260808%2F6F,芝,1:22.9,良,加藤 士津八,晴,馬齢,,
404(+2),55.0,10  10,新潟,PASS_HTML,1400,10,pw01dud102024100072/2B,リーディンアクター,3,西村 太一,35.5,クビ,05,02,4,2歳,未勝利,2026-08-08,pw01sde1004202602050120260808,2歳未勝利,01,（混合）［指定］,,9時40分,牡2,https://www.jra.go.jp/JRADB/accessS.html?CNAME=pw01sde1004202602050120260808%2F6F,芝,1:23.0,良,堀内 岳志,晴,馬齢,,
418(-4),52.0,12  12,新潟,PASS_HTML,1400,11,pw01dud102024100050/25,エルシオン,7,▲上里 直汰,35.2,クビ,05,02,10,2歳,未勝利,2026-08-08,pw01sde1004202602050120260808,2歳未勝利,01,（混合）［指定］,,9時40分,牝2,https://www.jra.go.jp/JRADB/accessS.html?CNAME=pw01sde1004202602050120260808%2F6F,芝,1:23.0,良,柄崎 将寿,晴,馬齢,,
430(-6),52.0,8  8,新潟,PASS_HTML,1400,12,pw01dud102024105131/54,シュアシング,4,▲佐藤 翔馬,36.3,２ 1/2,05,02,11,2歳,未勝利,2026-08-08,pw01sde1004202602050120260808,2歳未勝利,01,（混合）［指定］,,9時40分,牝2,https://www.jra.go.jp/JRADB/accessS.html?CNAME=pw01sde1004202602050120260808%2F6F,芝,1:23.4,良,相沢 郁,晴,馬齢,,
468(0),55.0,13  13,新潟,PASS_HTML,1400,13,pw01dud102024100830/8D,アミノショコラ,6,木幡 巧也,35.5,３／４,05,02,13,2歳,未勝利,2026-08-08,pw01sde1004202602050120260808,2歳未勝利,01,（混合）［指定］,,9時40分,牡2,https://www.jra.go.jp/JRADB/accessS.html?CNAME=pw01sde1004202602050120260808%2F6F,芝,1:23.5,良,杉浦 宏昭,晴,馬齢,,
478(+6),55.0,11  10,札幌,PASS_HTML,1200,1,pw01dud102022102887/C8,ナムラクララ,10,浜中 俊,34.1,,06,01,1,3歳以上,オープン,2026-08-09,pw01sde1001202601061120260809,UHB賞,11,（国際）（特指）,102,15時25分,牝4,https://www.jra.go.jp/JRADB/accessS.html?CNAME=pw01sde1001202601061120260809%2FE2,芝,1:08.4,良,長谷川 浩大,晴,別定,,
512(+14),57.0,11  10,札幌,PASS_HTML,1200,2,pw01dud102022103592/F5,ルシード,13,北村 友一,34.2,１／２,06,01,3,3歳以上,オープン,2026-08-09,pw01sde1001202601061120260809,UHB賞,11,（国際）（特指）,104,15時25分,牡4,https://www.jra.go.jp/JRADB/accessS.html?CNAME=pw01sde1001202601061120260809%2FE2,芝,1:08.5,良,田島 俊明,晴,別定,,
456(+16),55.0,3  3,札幌,PASS_HTML,1200,3,pw01dud102021105358/57,アスティスプマンテ,2,舟山 瑠泉,35.0,１／２,06,01,7,3歳以上,オープン,2026-08-09,pw01sde1001202601061120260809,UHB賞,11,（国際）（特指）,99,15時25分,牝5,https://www.jra.go.jp/JRADB/accessS.html?CNAME=pw01sde1001202601061120260809%2FE2,芝,1:08.6,良,佐藤 悠太,晴,別定,,
480(+2),60.0,13  13,札幌,PASS_HTML,1200,4,pw01dud102021105774/6F,ダノンマッキンリー,5,池添 謙一,34.1,３／４,06,01,8,3歳以上,オープン,2026-08-09,pw01sde1001202601061120260809,UHB賞,11,（国際）（特指）,107,15時25分,牡5,https://www.jra.go.jp/JRADB/accessS.html?CNAME=pw01sde1001202601061120260809%2FE2,芝,1:08.7,良,藤原 英昭,晴,別定,,
540(-16),58.0,6  5,札幌,PASS_HTML,1200,5,pw01dud102021100130/92,ロードフォアエース,16,岩田 康誠,34.9,１／２,06,01,5,3歳以上,オープン,2026-08-09,pw01sde1001202601061120260809,UHB賞,11,（国際）（特指）,102,15時25分,牡5,https://www.jra.go.jp/JRADB/accessS.html?CNAME=pw01sde1001202601061120260809%2FE2,芝,1:08.8,良,友道 康夫,晴,別定,,
470(+10),55.0,1  1,札幌,PASS_HTML,1200,6,pw01dud102023107008/6A,ブラックチャリス,3,吉田 隼人,35.6,クビ,06,01,2,3歳以上,オープン,2026-08-09,pw01sde1001202601061120260809,UHB賞,11,（国際）（特指）,99,15時25分,牝3,https://www.jra.go.jp/JRADB/accessS.html?CNAME=pw01sde1001202601061120260809%2FE2,芝,1:08.9,良,武 幸四郎,晴,別定,,
456(-2),55.0,6  5,札幌,PASS_HTML,1200,6,pw01dud102021105599/6C,シンバーシア,6,古川 吉洋,35.0,同着,06,01,11,3歳以上,オープン,2026-08-09,pw01sde1001202601061120260809,UHB賞,11,（国際）（特指）,95,15時25分,牝5,https://www.jra.go.jp/JRADB/accessS.html?CNAME=pw01sde1001202601061120260809%2FE2,芝,1:08.9,良,浅利 英明,晴,別定,,
522(0),58.0,8  8,札幌,PASS_HTML,1200,8,pw01dud102021100522/2C,ジョーメッドヴィン,7,横山 琉人,34.7,クビ,06,01,10,3歳以上,オープン,2026-08-09,pw01sde1001202601061120260809,UHB賞,11,（国際）（特指）,100,15時25分,牡5,https://www.jra.go.jp/JRADB/accessS.html?CNAME=pw01sde1001202601061120260809%2FE2,芝,1:08.9,良,清水 久詞,晴,別定,,
424(0),53.0,8  8,札幌,PASS_HTML,1200,9,pw01dud102023105203/AF,マーブルパレス,14,斎藤 新,34.8,ハナ,06,01,4,3歳以上,オープン,2026-08-09,pw01sde1001202601061120260809,UHB賞,11,（国際）（特指）,94,15時25分,牝3,https://www.jra.go.jp/JRADB/accessS.html?CNAME=pw01sde1001202601061120260809%2FE2,芝,1:08.9,良,茶木 太樹,晴,別定,,
520(0),57.0,16  15,札幌,PASS_HTML,1200,10,pw01dud102020109102/23,サウザンサニー,12,長浜 鴻緒,33.9,アタマ,06,01,12,3歳以上,オープン,2026-08-09,pw01sde1001202601061120260809,UHB賞,11,（国際）（特指）,98,15時25分,牡6,https://www.jra.go.jp/JRADB/accessS.html?CNAME=pw01sde1001202601061120260809%2FE2,芝,1:08.9,良,岩戸 孝樹,晴,別定,,
458(+10),55.0,13  13,札幌,PASS_HTML,1200,11,pw01dud102022100490/11,モズナナスター,8,古川 奈穂,34.5,１,06,01,9,3歳以上,オープン,2026-08-09,pw01sde1001202601061120260809,UHB賞,11,（国際）（特指）,91,15時25分,牝4,https://www.jra.go.jp/JRADB/accessS.html?CNAME=pw01sde1001202601061120260809%2FE2,芝,1:09.1,良,矢作 芳人,晴,別定,,
500(-4),55.0,15  15,札幌,PASS_HTML,1200,12,pw01dud102022103304/E9,ダンツエラン,11,和田 陽希,34.3,クビ,06,01,15,3歳以上,オープン,2026-08-09,pw01sde1001202601061120260809,UHB賞,11,（国際）（特指）,90,15時25分,牝4,https://www.jra.go.jp/JRADB/accessS.html?CNAME=pw01sde1001202601061120260809%2FE2,芝,1:09.1,良,本田 優,晴,別定,,
478(0),55.0,5  3,札幌,PASS_HTML,1200,13,pw01dud102020105203/0B,ウインアイオライト,15,黛 弘人,35.6,３／４,06,01,14,3歳以上,オープン,2026-08-09,pw01sde1001202601061120260809,UHB賞,11,（国際）（特指）,88,15時25分,牝6,https://www.jra.go.jp/JRADB/accessS.html?CNAME=pw01sde1001202601061120260809%2FE2,芝,1:09.3,良,矢嶋 大樹,晴,別定,,
488(-8),57.0,2  2,札幌,PASS_HTML,1200,14,pw01dud102018103515/AB,カンティーユ,9,横山 和生,36.1,３／４,06,01,6,3歳以上,オープン,2026-08-09,pw01sde1001202601061120260809,UHB賞,11,（国際）（特指）,90,15時25分,牡8,https://www.jra.go.jp/JRADB/accessS.html?CNAME=pw01sde1001202601061120260809%2FE2,芝,1:09.4,良,嘉藤 貴行,晴,別定,,
468(-6),57.0,8  10,札幌,PASS_HTML,1200,15,pw01dud102020103962/71,ステークホルダー,4,川又 賢治,35.5,１ 1/4,06,01,16,3歳以上,オープン,2026-08-09,pw01sde1001202601061120260809,UHB賞,11,（国際）（特指）,87,15時25分,牡6,https://www.jra.go.jp/JRADB/accessS.html?CNAME=pw01sde1001202601061120260809%2FE2,芝,1:09.6,良,斎藤 誠,晴,別定,,
498(0),57.0,3  5,札幌,PASS_HTML,1200,16,pw01dud102020103356/07,クファシル,1,小沢 大仁,36.3,１ 3/4,06,01,13,3歳以上,オープン,2026-08-09,pw01sde1001202601061120260809,UHB賞,11,（国際）（特指）,83,15時25分,牡6,https://www.jra.go.jp/JRADB/accessS.html?CNAME=pw01sde1001202601061120260809%2FE2,芝,1:09.9,良,池添 学,晴,別定,,
450(+4),55.0,1  1  1  1,札幌,PASS_HTML,1800,1,pw01dud102023103351/6C,グレーヌドジョワ,4,荻野 琢真,34.8,,06,01,4,3歳以上,1勝クラス,2026-08-09,pw01sde1001202601061220260809,石狩特別,12,（特指）,,16時01分,牡3,https://www.jra.go.jp/JRADB/accessS.html?CNAME=pw01sde1001202601061220260809%2F97,芝,1:49.6,良,今野 貞一,晴,定量,,
476(+6),56.0,2  2  2  2,札幌,PASS_HTML,1800,2,pw01dud102022106645/FC,グランセゾン,5,舟山 瑠泉,34.9,１,06,01,6,3歳以上,1勝クラス,2026-08-09,pw01sde1001202601061220260809,石狩特別,12,（特指）,,16時01分,牝4,https://www.jra.go.jp/JRADB/accessS.html?CNAME=pw01sde1001202601061220260809%2F97,芝,1:49.8,良,栗田 徹,晴,定量,,
462(+12),55.0,3  3  4  4,札幌,PASS_HTML,1800,3,pw01dud102023100207/D0,マイネルシンベリン,1,斎藤 新,34.6,アタマ,06,01,2,3歳以上,1勝クラス,2026-08-09,pw01sde1001202601061220260809,石狩特別,12,（特指）,,16時01分,牡3,https://www.jra.go.jp/JRADB/accessS.html?CNAME=pw01sde1001202601061220260809%2F97,芝,1:49.8,良,武市 康男,晴,定量,,
496(+2),55.0,5  5  6  6,札幌,PASS_HTML,1800,4,pw01dud102023103451/9D,ロングミックス,2,横山 典弘,34.3,ハナ,06,01,3,3歳以上,1勝クラス,2026-08-09,pw01sde1001202601061220260809,石狩特別,12,（特指）,,16時01分,牡3,https://www.jra.go.jp/JRADB/accessS.html?CNAME=pw01sde1001202601061220260809%2F97,芝,1:49.8,良,村田 一誠,晴,定量,,
486(0),56.0,3  3  2  3,札幌,PASS_HTML,1800,5,pw01dud102022105766/D1,ドーギッド,6,小沢 大仁,34.8,ハナ,06,01,8,3歳以上,1勝クラス,2026-08-09,pw01sde1001202601061220260809,石狩特別,12,（特指）,,16時01分,牝4,https://www.jra.go.jp/JRADB/accessS.html?CNAME=pw01sde1001202601061220260809%2F97,芝,1:49.8,良,矢作 芳人,晴,定量,,
484(-2),55.0,7  7  6  6,札幌,PASS_HTML,1800,6,pw01dud102023100521/D1,ディーリライズ,7,浜中 俊,34.3,３／４,06,01,5,3歳以上,1勝クラス,2026-08-09,pw01sde1001202601061220260809,石狩特別,12,（特指）,,16時01分,牡3,https://www.jra.go.jp/JRADB/accessS.html?CNAME=pw01sde1001202601061220260809%2F97,芝,1:49.9,良,緒方 努,晴,定量,,
472(0),55.0,5  5  4  4,札幌,PASS_HTML,1800,7,pw01dud102023106905/DB,ヴァロアーク,8,北村 友一,34.7,クビ,06,01,1,3歳以上,1勝クラス,2026-08-09,pw01sde1001202601061220260809,石狩特別,12,（特指）,,16時01分,牡3,https://www.jra.go.jp/JRADB/accessS.html?CNAME=pw01sde1001202601061220260809%2F97,芝,1:50.0,良,木村 哲也,晴,定量,,
482(+2),58.0,7  7  8  8,札幌,PASS_HTML,1800,8,pw01dud102022102135/3B,ゴーゴータカシ,3,吉田 隼人,34.5,１ 3/4,06,01,7,3歳以上,1勝クラス,2026-08-09,pw01sde1001202601061220260809,石狩特別,12,（特指）,,16時01分,せん4,https://www.jra.go.jp/JRADB/accessS.html?CNAME=pw01sde1001202601061220260809%2F97,芝,1:50.3,良,武井 亮,晴,定量,,
444(-4),55.0,3  3,新潟,QUARANTINED_HTML:track_condition,1200,1,pw01dud102023107524/B3,トラスティア,13,菊沢 一樹,38.0,,05,02,2.0,3歳,未勝利,2026-08-08,pw01sde1004202602050420260808,3歳未勝利,04,（混合）［指定］,,11時10分,牝3,https://www.jra.go.jp/JRADB/accessS.html?CNAME=pw01sde1004202602050420260808%2F8E,ダート,1:12.9,,菊沢 隆徳,晴,馬齢,,
484(-2),57.0,3  3,新潟,QUARANTINED_HTML:track_condition,1200,2,pw01dud102023104344/A4,ユイハホンキダゼ,9,木幡 初也,38.3,２,05,02,5.0,3歳,未勝利,2026-08-08,pw01sde1004202602050420260808,3歳未勝利,04,（混合）［指定］,,11時10分,牡3,https://www.jra.go.jp/JRADB/accessS.html?CNAME=pw01sde1004202602050420260808%2F8E,ダート,1:13.2,,尾関 知人,晴,馬齢,,
452(0),57.0,8  8,新潟,QUARANTINED_HTML:track_condition,1200,3,pw01dud102023100789/2B,サリーアン,1,大野 拓弥,37.4,１／２,05,02,8.0,3歳,未勝利,2026-08-08,pw01sde1004202602050420260808,3歳未勝利,04,（混合）［指定］,,11時10分,牡3,https://www.jra.go.jp/JRADB/accessS.html?CNAME=pw01sde1004202602050420260808%2F8E,ダート,1:13.3,,鈴木 伸尋,晴,馬齢,,
522(-16),54.0,13  12,新潟,QUARANTINED_HTML:track_condition,1200,4,pw01dud102023100349/27,ブルーダイヤシチー,4,▲佐藤 翔馬,36.6,１／２,05,02,11.0,3歳,未勝利,2026-08-08,pw01sde1004202602050420260808,3歳未勝利,04,（混合）［指定］,,11時10分,牡3,https://www.jra.go.jp/JRADB/accessS.html?CNAME=pw01sde1004202602050420260808%2F8E,ダート,1:13.4,,上原 博之,晴,馬齢,,
466(+2),55.0,2  2,新潟,QUARANTINED_HTML:track_condition,1200,5,pw01dud102023103693/25,スノーランス,10,石橋 脩,38.9,ハナ,05,02,3.0,3歳,未勝利,2026-08-08,pw01sde1004202602050420260808,3歳未勝利,04,（混合）［指定］,,11時10分,牝3,https://www.jra.go.jp/JRADB/accessS.html?CNAME=pw01sde1004202602050420260808%2F8E,ダート,1:13.4,,上原 佑紀,晴,馬齢,,
466(0),55.0,5  5,新潟,QUARANTINED_HTML:track_condition,1200,6,pw01dud102023104432/DF,カラクリスピリッツ,5,菱田 裕二,38.1,クビ,05,02,9.0,3歳,未勝利,2026-08-08,pw01sde1004202602050420260808,3歳未勝利,04,（混合）［指定］,,11時10分,牝3,https://www.jra.go.jp/JRADB/accessS.html?CNAME=pw01sde1004202602050420260808%2F8E,ダート,1:13.5,,斎藤 誠,晴,馬齢,,
476(0),57.0,12  12,新潟,QUARANTINED_HTML:track_condition,1200,7,pw01dud102023103997/84,ブレイブシュガー,6,吉田 豊,37.7,５,05,02,4.0,3歳,未勝利,2026-08-08,pw01sde1004202602050420260808,3歳未勝利,04,（混合）［指定］,,11時10分,牡3,https://www.jra.go.jp/JRADB/accessS.html?CNAME=pw01sde1004202602050420260808%2F8E,ダート,1:14.4,,高橋 文雅,晴,馬齢,,
438(+2),55.0,6  7,新潟,QUARANTINED_HTML:track_condition,1200,8,pw01dud102023104588/12,マイチバイ,2,松岡 正海,38.8,１／２,05,02,14.0,3歳,未勝利,2026-08-08,pw01sde1004202602050420260808,3歳未勝利,04,（混合）［指定］,,11時10分,牝3,https://www.jra.go.jp/JRADB/accessS.html?CNAME=pw01sde1004202602050420260808%2F8E,ダート,1:14.5,,堀内 岳志,晴,馬齢,,
524(-6),54.0,8  8,新潟,QUARANTINED_HTML:track_condition,1200,9,pw01dud102023102430/1B,ホウオウバトラー,12,▲石田 拓郎,38.6,クビ,05,02,10.0,3歳,未勝利,2026-08-08,pw01sde1004202602050420260808,3歳未勝利,04,（混合）［指定］,,11時10分,牡3,https://www.jra.go.jp/JRADB/accessS.html?CNAME=pw01sde1004202602050420260808%2F8E,ダート,1:14.5,,尾形 和幸,晴,馬齢,,
390(+2),53.0,14  14,新潟,QUARANTINED_HTML:track_condition,1200,10,pw01dud102023101779/0A,アーリマックス,11,△石神 深道,37.4,１ 1/4,05,02,7.0,3歳,未勝利,2026-08-08,pw01sde1004202602050420260808,3歳未勝利,04,（混合）［指定］,,11時10分,牝3,https://www.jra.go.jp/JRADB/accessS.html?CNAME=pw01sde1004202602050420260808%2F8E,ダート,1:14.7,,清水 英克,晴,馬齢,,
470(+2),57.0,6  6,新潟,QUARANTINED_HTML:track_condition,1200,11,pw01dud102023102958/C8,スティールヴォーグ,3,三浦 皇成,39.5,２,05,02,1.0,3歳,未勝利,2026-08-08,pw01sde1004202602050420260808,3歳未勝利,04,（混合）［指定］,,11時10分,牡3,https://www.jra.go.jp/JRADB/accessS.html?CNAME=pw01sde1004202602050420260808%2F8E,ダート,1:15.1,,中舘 英二,晴,馬齢,,
448(-16),52.0,11  11,新潟,QUARANTINED_HTML:track_condition,1200,12,pw01dud102023101359/26,デルマシラカミ,14,▲上里 直汰,39.1,１ 1/2,05,02,13.0,3歳,未勝利,2026-08-08,pw01sde1004202602050420260808,3歳未勝利,04,（混合）［指定］,,11時10分,牝3,https://www.jra.go.jp/JRADB/accessS.html?CNAME=pw01sde1004202602050420260808%2F8E,ダート,1:15.3,,小野 次郎,晴,馬齢,,
458(-8),55.0,1  1,新潟,QUARANTINED_HTML:track_condition,1200,13,pw01dud102023102436/CD,ジャストキュート,7,武藤 雅,41.8,５,05,02,6.0,3歳,未勝利,2026-08-08,pw01sde1004202602050420260808,3歳未勝利,04,（混合）［指定］,,11時10分,牝3,https://www.jra.go.jp/JRADB/accessS.html?CNAME=pw01sde1004202602050420260808%2F8E,ダート,1:16.2,,武藤 善則,晴,馬齢,,
556(+8),57.0,8  10,新潟,QUARANTINED_HTML:track_condition,1200,14,pw01dud102023102866/C1,リオダプラタ,15,江田 照男,40.5,１ 1/4,05,02,12.0,3歳,未勝利,2026-08-08,pw01sde1004202602050420260808,3歳未勝利,04,（混合）［指定］,,11時10分,牡3,https://www.jra.go.jp/JRADB/accessS.html?CNAME=pw01sde1004202602050420260808%2F8E,ダート,1:16.4,,西田 雄一郎,晴,馬齢,,
470(+2),55.0,,新潟,QUARANTINED_HTML:track_condition,1200,除外,pw01dud102023100006/FB,セイウンヤオヨロズ,8,◇今村 聖奈,,,05,02,,3歳,未勝利,2026-08-08,pw01sde1004202602050420260808,3歳未勝利,04,（混合）［指定］,,11時10分,牡3,https://www.jra.go.jp/JRADB/accessS.html?CNAME=pw01sde1004202602050420260808%2F8E,ダート,,,上原 博之,晴,馬齢,,
484(初出走),55.0,1  1,新潟,QUARANTINED_HTML:track_condition,1200,1,pw01dud102024108325/3F,ジャスパートレノ,3,荻野 極,37.2,,05,02,1,2歳,新馬,2026-08-08,pw01sde1004202602050220260808,メイクデビュー新潟,02,（混合）［指定］,,10時10分,牡2,https://www.jra.go.jp/JRADB/accessS.html?CNAME=pw01sde1004202602050220260808%2F24,ダート,1:13.1,,森 秀行,晴,馬齢,,
456(初出走),55.0,3  2,新潟,QUARANTINED_HTML:track_condition,1200,2,pw01dud102024101716/DD,スマートブライド,7,菱田 裕二,37.2,１ 1/4,05,02,2,2歳,新馬,2026-08-08,pw01sde1004202602050220260808,メイクデビュー新潟,02,（混合）［指定］,,10時10分,牝2,https://www.jra.go.jp/JRADB/accessS.html?CNAME=pw01sde1004202602050220260808%2F24,ダート,1:13.3,,加藤 征弘,晴,馬齢,,
438(初出走),55.0,3  4,新潟,QUARANTINED_HTML:track_condition,1200,3,pw01dud102024100877/F2,サザンヴィターレ,5,野中 悠太郎,37.9,５,05,02,7,2歳,新馬,2026-08-08,pw01sde1004202602050220260808,メイクデビュー新潟,02,（混合）［指定］,,10時10分,牝2,https://www.jra.go.jp/JRADB/accessS.html?CNAME=pw01sde1004202602050220260808%2F24,ダート,1:14.1,,栗田 徹,晴,馬齢,,
440(初出走),55.0,2  2,新潟,QUARANTINED_HTML:track_condition,1200,4,pw01dud102024103670/38,ビーテリオス,6,石川 裕紀人,38.4,１ 1/2,05,02,8,2歳,新馬,2026-08-08,pw01sde1004202602050220260808,メイクデビュー新潟,02,（混合）［指定］,,10時10分,牝2,https://www.jra.go.jp/JRADB/accessS.html?CNAME=pw01sde1004202602050220260808%2F24,ダート,1:14.4,,藤野 健太,晴,馬齢,,
458(初出走),55.0,6  6,新潟,QUARANTINED_HTML:track_condition,1200,5,pw01dud102024108316/A2,アイビーカイロス,2,木幡 巧也,38.7,５,05,02,3,2歳,新馬,2026-08-08,pw01sde1004202602050220260808,メイクデビュー新潟,02,（混合）［指定］,,10時10分,牝2,https://www.jra.go.jp/JRADB/accessS.html?CNAME=pw01sde1004202602050220260808%2F24,ダート,1:15.2,,牧 光二,晴,馬齢,,
498(初出走),55.0,8  8,新潟,QUARANTINED_HTML:track_condition,1200,6,pw01dud102024100828/15,ナムラアラバイ,8,菊沢 一樹,38.2,ハナ,05,02,6,2歳,新馬,2026-08-08,pw01sde1004202602050220260808,メイクデビュー新潟,02,（混合）［指定］,,10時10分,牡2,https://www.jra.go.jp/JRADB/accessS.html?CNAME=pw01sde1004202602050220260808%2F24,ダート,1:15.2,,武市 康男,晴,馬齢,,
434(初出走),55.0,6  6,新潟,QUARANTINED_HTML:track_condition,1200,7,pw01dud102024104496/97,ブルドッグドン,10,武藤 雅,39.9,７,05,02,5,2歳,新馬,2026-08-08,pw01sde1004202602050220260808,メイクデビュー新潟,02,（混合）［指定］,,10時10分,牡2,https://www.jra.go.jp/JRADB/accessS.html?CNAME=pw01sde1004202602050220260808%2F24,ダート,1:16.3,,武藤 善則,晴,馬齢,,
506(初出走),55.0,3  4,新潟,QUARANTINED_HTML:track_condition,1200,8,pw01dud102024100301/DB,ホシノサミダレ,9,小崎 綾也,40.8,４,05,02,4,2歳,新馬,2026-08-08,pw01sde1004202602050220260808,メイクデビュー新潟,02,（混合）［指定］,,10時10分,牡2,https://www.jra.go.jp/JRADB/accessS.html?CNAME=pw01sde1004202602050220260808%2F24,ダート,1:17.0,,浅利 英明,晴,馬齢,,
430(初出走),53.0,9  9,新潟,QUARANTINED_HTML:track_condition,1200,9,pw01dud102024107164/BB,ベアベルヴォワ,4,△石神 深道,39.6,７,05,02,10,2歳,新馬,2026-08-08,pw01sde1004202602050220260808,メイクデビュー新潟,02,（混合）［指定］,,10時10分,牝2,https://www.jra.go.jp/JRADB/accessS.html?CNAME=pw01sde1004202602050220260808%2F24,ダート,1:18.1,,杉浦 宏昭,晴,馬齢,,
446(初出走),53.0,10  9,新潟,QUARANTINED_HTML:track_condition,1200,10,pw01dud102024102009/BE,リングスター,1,◇今村 聖奈,39.8,２ 1/2,05,02,9,2歳,新馬,2026-08-08,pw01sde1004202602050220260808,メイクデビュー新潟,02,（混合）［指定］,,10時10分,牝2,https://www.jra.go.jp/JRADB/accessS.html?CNAME=pw01sde1004202602050220260808%2F24,ダート,1:18.5,,秋本 大介,晴,馬齢,,
496(初出走),55.0,7  7,新潟,PASS_HTML,1800,1,pw01dud102024106471/16,コラリオン,6,田辺 裕信,33.1,,05,02,3,2歳,新馬,2026-08-08,pw01sde1004202602050320260808,メイクデビュー新潟,03,[指定],,10時40分,牡2,https://www.jra.go.jp/JRADB/accessS.html?CNAME=pw01sde1004202602050320260808%2FD9,芝,1:47.2,良,伊坂 重信,晴,馬齢,,
430(初出走),55.0,4  4,新潟,PASS_HTML,1800,2,pw01dud102024103576/B9,コスモプルー,11,津村 明秀,33.7,２ 1/2,05,02,8,2歳,新馬,2026-08-08,pw01sde1004202602050320260808,メイクデビュー新潟,03,[指定],,10時40分,牝2,https://www.jra.go.jp/JRADB/accessS.html?CNAME=pw01sde1004202602050320260808%2FD9,芝,1:47.6,良,黒岩 陽一,晴,馬齢,,
508(初出走),55.0,4  4,新潟,PASS_HTML,1800,3,pw01dud102024103346/27,エピックジャーニー,12,石川 裕紀人,33.8,１ 1/2,05,02,4,2歳,新馬,2026-08-08,pw01sde1004202602050320260808,メイクデビュー新潟,03,[指定],,10時40分,牡2,https://www.jra.go.jp/JRADB/accessS.html?CNAME=pw01sde1004202602050320260808%2FD9,芝,1:47.8,良,浅利 英明,晴,馬齢,,
454(初出走),55.0,7  7,新潟,PASS_HTML,1800,4,pw01dud102024106508/FC,アトミックリーチ,7,戸崎 圭太,33.6,クビ,05,02,1,2歳,新馬,2026-08-08,pw01sde1004202602050320260808,メイクデビュー新潟,03,[指定],,10時40分,牡2,https://www.jra.go.jp/JRADB/accessS.html?CNAME=pw01sde1004202602050320260808%2FD9,芝,1:47.8,良,宮田 敬介,晴,馬齢,,
462(初出走),55.0,4  4,新潟,PASS_HTML,1800,5,pw01dud102024105369/7E,ソヴリンゲート,1,吉田 豊,34.1,１,05,02,10,2歳,新馬,2026-08-08,pw01sde1004202602050320260808,メイクデビュー新潟,03,[指定],,10時40分,牡2,https://www.jra.go.jp/JRADB/accessS.html?CNAME=pw01sde1004202602050320260808%2FD9,芝,1:48.0,良,戸田 博文,晴,馬齢,,
500(初出走),55.0,9  9,新潟,PASS_HTML,1800,6,pw01dud102024106448/0B,インテルラゴス,10,坂井 瑠星,33.7,３／４,05,02,2,2歳,新馬,2026-08-08,pw01sde1004202602050320260808,メイクデビュー新潟,03,[指定],,10時40分,牝2,https://www.jra.go.jp/JRADB/accessS.html?CNAME=pw01sde1004202602050320260808%2FD9,芝,1:48.1,良,奥村 武,晴,馬齢,,
478(初出走),55.0,2  2,新潟,PASS_HTML,1800,7,pw01dud102024102786/3C,ニシノアナベル,5,野中 悠太郎,35.0,３,05,02,11,2歳,新馬,2026-08-08,pw01sde1004202602050320260808,メイクデビュー新潟,03,[指定],,10時40分,牝2,https://www.jra.go.jp/JRADB/accessS.html?CNAME=pw01sde1004202602050320260808%2FD9,芝,1:48.6,良,本間 忍,晴,馬齢,,
456(初出走),55.0,12  11,新潟,PASS_HTML,1800,8,pw01dud102024103855/B9,ニシノリリックス,9,石橋 脩,34.7,５,05,02,12,2歳,新馬,2026-08-08,pw01sde1004202602050320260808,メイクデビュー新潟,03,[指定],,10時40分,牝2,https://www.jra.go.jp/JRADB/accessS.html?CNAME=pw01sde1004202602050320260808%2FD9,芝,1:49.4,良,小野 次郎,晴,馬齢,,
518(初出走),55.0,1  1,新潟,PASS_HTML,1800,9,pw01dud102024101183/CE,エートレイン,4,荻野 極,35.9,クビ,05,02,5,2歳,新馬,2026-08-08,pw01sde1004202602050320260808,メイクデビュー新潟,03,[指定],,10時40分,牡2,https://www.jra.go.jp/JRADB/accessS.html?CNAME=pw01sde1004202602050320260808%2FD9,芝,1:49.5,良,岩戸 孝樹,晴,馬齢,,
450(初出走),55.0,9  9,新潟,PASS_HTML,1800,10,pw01dud102024101272/7C,オペレッタテソーロ,2,木幡 巧也,35.4,２,05,02,9,2歳,新馬,2026-08-08,pw01sde1004202602050320260808,メイクデビュー新潟,03,[指定],,10時40分,牝2,https://www.jra.go.jp/JRADB/accessS.html?CNAME=pw01sde1004202602050320260808%2FD9,芝,1:49.8,良,菊川 正達,晴,馬齢,,
466(初出走),55.0,2  3,新潟,PASS_HTML,1800,11,pw01dud102024102622/DF,フォンターナドーロ,8,菊沢 一樹,36.2,１／２,05,02,7,2歳,新馬,2026-08-08,pw01sde1004202602050320260808,メイクデビュー新潟,03,[指定],,10時40分,牝2,https://www.jra.go.jp/JRADB/accessS.html?CNAME=pw01sde1004202602050320260808%2FD9,芝,1:49.9,良,菊沢 隆徳,晴,馬齢,,
476(初出走),55.0,11  11,新潟,PASS_HTML,1800,12,pw01dud102024100684/47,スヴェンガーリ,3,三浦 皇成,35.5,１ 1/2,05,02,6,2歳,新馬,2026-08-08,pw01sde1004202602050320260808,メイクデビュー新潟,03,[指定],,10時40分,牡2,https://www.jra.go.jp/JRADB/accessS.html?CNAME=pw01sde1004202602050320260808%2FD9,芝,1:50.2,良,嘉藤 貴行,晴,馬齢,,
496(-4),57.0,5  4  4  4,新潟,QUARANTINED_HTML:track_condition,1800,1,pw01dud102023102398/E2,アラビアンドリーム,11,坂井 瑠星,40.1,,05,02,1,3歳,未勝利,2026-08-08,pw01sde1004202602050520260808,3歳未勝利,05,[指定],,11時45分,牡3,https://www.jra.go.jp/JRADB/accessS.html?CNAME=pw01sde1004202602050520260808%2F43,ダート,1:55.3,,栗田 徹,晴,馬齢,,
412(0),55.0,13  14  11  10,新潟,QUARANTINED_HTML:track_condition,1800,2,pw01dud102023105601/8D,オウケンサクラコ,5,丸田 恭介,39.5,１,05,02,11,3歳,未勝利,2026-08-08,pw01sde1004202602050520260808,3歳未勝利,05,[指定],,11時45分,牝3,https://www.jra.go.jp/JRADB/accessS.html?CNAME=pw01sde1004202602050520260808%2F43,ダート,1:55.4,,田中 勝春,晴,馬齢,,
512(-6),57.0,7  6  6  7,新潟,QUARANTINED_HTML:track_condition,1800,3,pw01dud102023103697/F1,クライングナウ,1,菱田 裕二,40.0,クビ,05,02,10,3歳,未勝利,2026-08-08,pw01sde1004202602050520260808,3歳未勝利,05,[指定],,11時45分,牡3,https://www.jra.go.jp/JRADB/accessS.html?CNAME=pw01sde1004202602050520260808%2F43,ダート,1:55.5,,斎藤 誠,晴,馬齢,,
468(-2),57.0,10  10  9  8,新潟,QUARANTINED_HTML:track_condition,1800,4,pw01dud102023101841/73,ユイノサダハル,4,江田 照男,40.1,２,05,02,3,3歳,未勝利,2026-08-08,pw01sde1004202602050520260808,3歳未勝利,05,[指定],,11時45分,牡3,https://www.jra.go.jp/JRADB/accessS.html?CNAME=pw01sde1004202602050520260808%2F43,ダート,1:55.9,,古賀 慎明,晴,馬齢,,
476(+6),55.0,7  6  4  4,新潟,QUARANTINED_HTML:track_condition,1800,5,pw01dud102023103348/81,オーロラボレアリス,14,津村 明秀,41.4,４,05,02,4,3歳,未勝利,2026-08-08,pw01sde1004202602050520260808,3歳未勝利,05,[指定],,11時45分,牝3,https://www.jra.go.jp/JRADB/accessS.html?CNAME=pw01sde1004202602050520260808%2F43,ダート,1:56.6,,吉岡 辰弥,晴,馬齢,,
436(-4),55.0,13  12  12  10,新潟,QUARANTINED_HTML:track_condition,1800,6,pw01dud102023100204/77,キタイノホシ,6,△石神 深道,40.7,３／４,05,02,7,3歳,未勝利,2026-08-08,pw01sde1004202602050520260808,3歳未勝利,05,[指定],,11時45分,牡3,https://www.jra.go.jp/JRADB/accessS.html?CNAME=pw01sde1004202602050520260808%2F43,ダート,1:56.7,,蛯名 利弘,晴,馬齢,,
512(-4),57.0,15  15  15  13,新潟,QUARANTINED_HTML:track_condition,1800,7,pw01dud102023106368/6E,ウォーレーションズ,12,菊沢 一樹,40.5,２,05,02,5,3歳,未勝利,2026-08-08,pw01sde1004202602050520260808,3歳未勝利,05,[指定],,11時45分,牡3,https://www.jra.go.jp/JRADB/accessS.html?CNAME=pw01sde1004202602050520260808%2F43,ダート,1:57.1,,鈴木 慎太郎,晴,馬齢,,
484(-2),57.0,5  6  6  6,新潟,QUARANTINED_HTML:track_condition,1800,8,pw01dud102023101578/35,コパノミラノ,13,柴田 大知,41.7,１／２,05,02,8,3歳,未勝利,2026-08-08,pw01sde1004202602050520260808,3歳未勝利,05,[指定],,11時45分,牡3,https://www.jra.go.jp/JRADB/accessS.html?CNAME=pw01sde1004202602050520260808%2F43,ダート,1:57.2,,上原 博之,晴,馬齢,,
432(-2),54.0,12  12  9  12,新潟,QUARANTINED_HTML:track_condition,1800,9,pw01dud102023107440/D6,パワポケウォーズ,7,▲佐藤 翔馬,41.6,１ 1/2,05,02,12,3歳,未勝利,2026-08-08,pw01sde1004202602050520260808,3歳未勝利,05,[指定],,11時45分,牡3,https://www.jra.go.jp/JRADB/accessS.html?CNAME=pw01sde1004202602050520260808%2F43,ダート,1:57.4,,大和田 成,晴,馬齢,,
470(-2),57.0,1  1  1  1,新潟,QUARANTINED_HTML:track_condition,1800,10,pw01dud102023100558/26,シンショク,8,武藤 雅,43.2,３ 1/2,05,02,6,3歳,未勝利,2026-08-08,pw01sde1004202602050520260808,3歳未勝利,05,[指定],,11時45分,牡3,https://www.jra.go.jp/JRADB/accessS.html?CNAME=pw01sde1004202602050520260808%2F43,ダート,1:58.0,,尾形 和幸,晴,馬齢,,
508(+6),54.0,4  4  13  13,新潟,QUARANTINED_HTML:track_condition,1800,11,pw01dud102023102123/D1,テキサスバローズ,3,▲石田 拓郎,42.0,１／２,05,02,13,3歳,未勝利,2026-08-08,pw01sde1004202602050520260808,3歳未勝利,05,[指定],,11時45分,牡3,https://www.jra.go.jp/JRADB/accessS.html?CNAME=pw01sde1004202602050520260808%2F43,ダート,1:58.1,,蛯名 正義,晴,馬齢,,
496(-4),54.0,9  9  3  2,新潟,QUARANTINED_HTML:track_condition,1800,12,pw01dud102023101371/AE,デルマカイモン,10,▲上里 直汰,43.4,１ 1/2,05,02,9,3歳,未勝利,2026-08-08,pw01sde1004202602050520260808,3歳未勝利,05,[指定],,11時45分,牡3,https://www.jra.go.jp/JRADB/accessS.html?CNAME=pw01sde1004202602050520260808%2F43,ダート,1:58.4,,高柳 瑞樹,晴,馬齢,,
442(0),57.0,2  2  2  2,新潟,QUARANTINED_HTML:track_condition,1800,13,pw01dud102023103932/E5,ロイヤルタイム,9,松岡 正海,43.8,２,05,02,14,3歳,未勝利,2026-08-08,pw01sde1004202602050520260808,3歳未勝利,05,[指定],,11時45分,牡3,https://www.jra.go.jp/JRADB/accessS.html?CNAME=pw01sde1004202602050520260808%2F43,ダート,1:58.7,,和田 正一郎,晴,馬齢,,
434(+2),55.0,3  3  6  8,新潟,QUARANTINED_HTML:track_condition,1800,14,pw01dud102023102651/10,キタノドンカルロ,2,◇今村 聖奈,44.1,５,05,02,2,3歳,未勝利,2026-08-08,pw01sde1004202602050520260808,3歳未勝利,05,[指定],,11時45分,牡3,https://www.jra.go.jp/JRADB/accessS.html?CNAME=pw01sde1004202602050520260808%2F43,ダート,1:59.6,,粕谷 昌央,晴,馬齢,,
548(-4),57.0,10  11  14  15,新潟,QUARANTINED_HTML:track_condition,1800,15,pw01dud102023106977/31,ジーティーホクサイ,15,杉原 誠人,52.2,大差,05,02,15,3歳,未勝利,2026-08-08,pw01sde1004202602050520260808,3歳未勝利,05,[指定],,11時45分,せん3,https://www.jra.go.jp/JRADB/accessS.html?CNAME=pw01sde1004202602050520260808%2F43,ダート,2:08.5,,大竹 正博,晴,馬齢,,
436(+10),53.0,5  4,新潟,PASS_HTML,1800,1,pw01dud102023103818/46,ラベルセーヌ,8,荻野 極,32.3,,05,02,1,3歳以上,2勝クラス,2026-08-08,pw01sde1004202602050620260808,三面川特別,06,牝（特指）,,15時01分,牝3,https://www.jra.go.jp/JRADB/accessS.html?CNAME=pw01sde1004202602050620260808%2FF8,芝,1:45.1,良,鹿戸 雄一,晴,定量,,
474(+4),56.0,4  4,新潟,PASS_HTML,1800,2,pw01dud102022104818/A9,クライスレリアーナ,2,戸崎 圭太,32.7,２,05,02,2,3歳以上,2勝クラス,2026-08-08,pw01sde1004202602050620260808,三面川特別,06,牝（特指）,,15時01分,牝4,https://www.jra.go.jp/JRADB/accessS.html?CNAME=pw01sde1004202602050620260808%2FF8,芝,1:45.4,良,木村 哲也,晴,定量,,
450(-2),56.0,7  7,新潟,PASS_HTML,1800,3,pw01dud102022105047/CD,メランジェ,10,原 優介,32.7,２,05,02,4,3歳以上,2勝クラス,2026-08-08,pw01sde1004202602050620260808,三面川特別,06,牝（特指）,,15時01分,牝4,https://www.jra.go.jp/JRADB/accessS.html?CNAME=pw01sde1004202602050620260808%2FF8,芝,1:45.7,良,田中 剛,晴,定量,,
456(+4),56.0,2  2,新潟,PASS_HTML,1800,4,pw01dud102022106616/3F,キスアンドクライ,5,坂井 瑠星,33.3,クビ,05,02,3,3歳以上,2勝クラス,2026-08-08,pw01sde1004202602050620260808,三面川特別,06,牝（特指）,,15時01分,牝4,https://www.jra.go.jp/JRADB/accessS.html?CNAME=pw01sde1004202602050620260808%2FF8,芝,1:45.8,良,橋口 慎介,晴,定量,,
466(-8),56.0,6  6,新潟,PASS_HTML,1800,5,pw01dud102021103878/8E,ジャンビ,4,菊沢 一樹,33.0,３／４,05,02,8,3歳以上,2勝クラス,2026-08-08,pw01sde1004202602050620260808,三面川特別,06,牝（特指）,,15時01分,牝5,https://www.jra.go.jp/JRADB/accessS.html?CNAME=pw01sde1004202602050620260808%2FF8,芝,1:45.9,良,勢司 和浩,晴,定量,,
462(+8),56.0,3  3,新潟,PASS_HTML,1800,6,pw01dud102022106214/95,ウインベアトリス,1,松岡 正海,33.4,クビ,05,02,5,3歳以上,2勝クラス,2026-08-08,pw01sde1004202602050620260808,三面川特別,06,牝（特指）,,15時01分,牝4,https://www.jra.go.jp/JRADB/accessS.html?CNAME=pw01sde1004202602050620260808%2FF8,芝,1:45.9,良,深山 雅史,晴,定量,,
510(-6),56.0,8  8,新潟,PASS_HTML,1800,7,pw01dud102021100469/60,カフェアローロ,3,大野 拓弥,33.2,２,05,02,9,3歳以上,2勝クラス,2026-08-08,pw01sde1004202602050620260808,三面川特別,06,牝（特指）,,15時01分,牝5,https://www.jra.go.jp/JRADB/accessS.html?CNAME=pw01sde1004202602050620260808%2FF8,芝,1:46.3,良,古賀 慎明,晴,定量,,
436(+10),56.0,10  10,新潟,PASS_HTML,1800,8,pw01dud102022102532/A6,ビッグデイメイク,7,柴田 大知,33.7,５,05,02,10,3歳以上,2勝クラス,2026-08-08,pw01sde1004202602050620260808,三面川特別,06,牝（特指）,,15時01分,牝4,https://www.jra.go.jp/JRADB/accessS.html?CNAME=pw01sde1004202602050620260808%2FF8,芝,1:47.2,良,和田 雄二,晴,定量,,
498(+22),56.0,8  8,新潟,PASS_HTML,1800,9,pw01dud102022106803/38,ミラーダカリエンテ,6,石川 裕紀人,34.2,１ 3/4,05,02,7,3歳以上,2勝クラス,2026-08-08,pw01sde1004202602050620260808,三面川特別,06,牝（特指）,,15時01分,牝4,https://www.jra.go.jp/JRADB/accessS.html?CNAME=pw01sde1004202602050620260808%2FF8,芝,1:47.5,良,相沢 郁,晴,定量,,
490(-2),56.0,1  1,新潟,PASS_HTML,1800,10,pw01dud102021104899/10,ドリームクルーズ,9,吉田 豊,40.4,大差,05,02,6,3歳以上,2勝クラス,2026-08-08,pw01sde1004202602050620260808,三面川特別,06,牝（特指）,,15時01分,牝5,https://www.jra.go.jp/JRADB/accessS.html?CNAME=pw01sde1004202602050620260808%2FF8,芝,1:52.7,良,戸田 博文,晴,定量,,
444(-4),55.0,1  1,新潟,PASS_HTML,1400,1,pw01dud102024100660/5B,ルークウォーム,5,津村 明秀,34.1,レコード,05,02,1,2歳,オープン,2026-08-08,pw01sde1004202602050820260808,ダリア賞,08,（国際）（特指）,105,16時10分,牝2,https://www.jra.go.jp/JRADB/accessS.html?CNAME=pw01sde1004202602050820260808%2F62,芝,1:20.4,良,手塚 貴久,晴,別定,,
434(+8),55.0,2  2,新潟,PASS_HTML,1400,2,pw01dud102024106482/99,アンムート,7,坂井 瑠星,34.3,２ 1/2,05,02,2,2歳,オープン,2026-08-08,pw01sde1004202602050820260808,ダリア賞,08,（国際）（特指）,100,16時10分,牝2,https://www.jra.go.jp/JRADB/accessS.html?CNAME=pw01sde1004202602050820260808%2F62,芝,1:20.8,良,奥村 豊,晴,別定,,
452(+4),55.0,3  3,新潟,PASS_HTML,1400,3,pw01dud102024105815/57,カレンハウ,2,戸崎 圭太,34.2,１／２,05,02,3,2歳,オープン,2026-08-08,pw01sde1004202602050820260808,ダリア賞,08,（国際）（特指）,99,16時10分,牡2,https://www.jra.go.jp/JRADB/accessS.html?CNAME=pw01sde1004202602050820260808%2F62,芝,1:20.9,良,柴田 卓,晴,別定,,
444(+12),55.0,6  5,新潟,PASS_HTML,1400,4,pw01dud102024103581/8A,ラヴィサンエール,1,松岡 正海,34.5,３,05,02,6,2歳,オープン,2026-08-08,pw01sde1004202602050820260808,ダリア賞,08,（国際）（特指）,93,16時10分,牝2,https://www.jra.go.jp/JRADB/accessS.html?CNAME=pw01sde1004202602050820260808%2F62,芝,1:21.4,良,小手川 準,晴,別定,,
496(+12),55.0,8  8,新潟,PASS_HTML,1400,5,pw01dud102024103977/F0,ニシノイサリビ,4,田辺 裕信,34.9,４,05,02,4,2歳,オープン,2026-08-08,pw01sde1004202602050820260808,ダリア賞,08,（国際）（特指）,85,16時10分,牡2,https://www.jra.go.jp/JRADB/accessS.html?CNAME=pw01sde1004202602050820260808%2F62,芝,1:22.1,良,斎藤 誠,晴,別定,,
436(-4),55.0,6  5,新潟,PASS_HTML,1400,6,pw01dud102024101292/9C,ラピッドテソーロ,3,木幡 巧也,35.7,３ 1/2,05,02,5,2歳,オープン,2026-08-08,pw01sde1004202602050820260808,ダリア賞,08,（国際）（特指）,78,16時10分,牝2,https://www.jra.go.jp/JRADB/accessS.html?CNAME=pw01sde1004202602050820260808%2F62,芝,1:22.7,良,畠山 吉宏,晴,別定,,
478(+6),55.0,9  9,新潟,PASS_HTML,1400,7,pw01dud102024108115/CD,トシミチ,9,菱田 裕二,35.5,１ 3/4,05,02,8,2歳,オープン,2026-08-08,pw01sde1004202602050820260808,ダリア賞,08,（国際）（特指）,74,16時10分,牡2,https://www.jra.go.jp/JRADB/accessS.html?CNAME=pw01sde1004202602050820260808%2F62,芝,1:23.0,良,谷 潔,晴,別定,,
422(0),55.0,3  3,新潟,PASS_HTML,1400,8,pw01dud102024103147/38,ソニックウェーブ,8,菊沢 一樹,36.3,ハナ,05,02,7,2歳,オープン,2026-08-08,pw01sde1004202602050820260808,ダリア賞,08,（国際）（特指）,74,16時10分,牡2,https://www.jra.go.jp/JRADB/accessS.html?CNAME=pw01sde1004202602050820260808%2F62,芝,1:23.0,良,石栗 龍彦,晴,別定,,
478(+8),55.0,5  7,新潟,PASS_HTML,1400,9,pw01dud102024103180/53,ウンスイ,6,石神 深道,37.3,７,05,02,9,2歳,オープン,2026-08-08,pw01sde1004202602050820260808,ダリア賞,08,（国際）（特指）,60,16時10分,牡2,https://www.jra.go.jp/JRADB/accessS.html?CNAME=pw01sde1004202602050820260808%2F62,芝,1:24.1,良,和田 正一郎,晴,別定,,
446(-8),54.0,7  7,新潟,PASS_HTML,1800,1,pw01dud102022101192/53,エストゥペンダ,4,荻野 極,32.1,,05,02,1,3歳以上,オープン,2026-08-08,pw01sde1004202602050720260808,関越ステークス,07,（国際）（特指）,102,15時35分,牝4,https://www.jra.go.jp/JRADB/accessS.html?CNAME=pw01sde1004202602050720260808%2FAD,芝,1:45.0,良,高柳 瑞樹,晴,ハンデ,,
476(+2),55.0,1  1,新潟,PASS_HTML,1800,2,pw01dud102021104825/D4,ゴンバデカーブース,11,三浦 皇成,32.8,３／４,05,02,10,3歳以上,オープン,2026-08-08,pw01sde1004202602050720260808,関越ステークス,07,（国際）（特指）,102,15時35分,牡5,https://www.jra.go.jp/JRADB/accessS.html?CNAME=pw01sde1004202602050720260808%2FAD,芝,1:45.1,良,堀 宣行,晴,ハンデ,,
500(-4),55.0,3  3,新潟,PASS_HTML,1800,3,pw01dud102021105801/D7,ミアネーロ,6,大野 拓弥,32.7,１／２,05,02,4,3歳以上,オープン,2026-08-08,pw01sde1004202602050720260808,関越ステークス,07,（国際）（特指）,101,15時35分,牝5,https://www.jra.go.jp/JRADB/accessS.html?CNAME=pw01sde1004202602050720260808%2FAD,芝,1:45.2,良,林 徹,晴,ハンデ,,
462(-2),56.0,7  7,新潟,PASS_HTML,1800,4,pw01dud102022104750/20,レイニング,1,戸崎 圭太,32.4,３／４,05,02,2,3歳以上,オープン,2026-08-08,pw01sde1004202602050720260808,関越ステークス,07,（国際）（特指）,102,15時35分,牡4,https://www.jra.go.jp/JRADB/accessS.html?CNAME=pw01sde1004202602050720260808%2FAD,芝,1:45.3,良,森 一誠,晴,ハンデ,,
480(-6),50.0,4  3,新潟,PASS_HTML,1800,5,pw01dud102022101227/53,ヴォンフレ,3,江田 照男,32.7,クビ,05,02,8,3歳以上,オープン,2026-08-08,pw01sde1004202602050720260808,関越ステークス,07,（国際）（特指）,89,15時35分,牝4,https://www.jra.go.jp/JRADB/accessS.html?CNAME=pw01sde1004202602050720260808%2FAD,芝,1:45.3,良,村田 一誠,晴,ハンデ,,
458(-8),56.0,9  9,新潟,PASS_HTML,1800,5,pw01dud102021105574/0D,シンハナーダ,15,菱田 裕二,32.2,同着,05,02,6,3歳以上,オープン,2026-08-08,pw01sde1004202602050720260808,関越ステークス,07,（国際）（特指）,101,15時35分,牡5,https://www.jra.go.jp/JRADB/accessS.html?CNAME=pw01sde1004202602050720260808%2FAD,芝,1:45.3,良,木村 哲也,晴,ハンデ,,
468(-2),56.0,12  12,新潟,PASS_HTML,1800,7,pw01dud102021104324/6C,ディマイザキッド,8,菊沢 一樹,32.2,ハナ,05,02,5,3歳以上,オープン,2026-08-08,pw01sde1004202602050720260808,関越ステークス,07,（国際）（特指）,101,15時35分,牡5,https://www.jra.go.jp/JRADB/accessS.html?CNAME=pw01sde1004202602050720260808%2FAD,芝,1:45.3,良,清水 英克,晴,ハンデ,,
482(-4),56.0,2  2,新潟,PASS_HTML,1800,8,pw01dud102017105194/46,ラインベック,5,杉原 誠人,32.9,アタマ,05,02,12,3歳以上,オープン,2026-08-08,pw01sde1004202602050720260808,関越ステークス,07,（国際）（特指）,101,15時35分,せん9,https://www.jra.go.jp/JRADB/accessS.html?CNAME=pw01sde1004202602050720260808%2FAD,芝,1:45.3,良,友道 康夫,晴,ハンデ,,
472(-4),58.0,14  14,新潟,PASS_HTML,1800,9,pw01dud102019105118/AA,ジュンブロッサム,9,石川 裕紀人,32.0,１／２,05,02,7,3歳以上,オープン,2026-08-08,pw01sde1004202602050720260808,関越ステークス,07,（国際）（特指）,104,15時35分,牡7,https://www.jra.go.jp/JRADB/accessS.html?CNAME=pw01sde1004202602050720260808%2FAD,芝,1:45.4,良,友道 康夫,晴,ハンデ,,
490(+4),56.0,4  6,新潟,PASS_HTML,1800,10,pw01dud102020103464/62,ゴートゥファースト,13,坂井 瑠星,32.6,アタマ,05,02,11,3歳以上,オープン,2026-08-08,pw01sde1004202602050720260808,関越ステークス,07,（国際）（特指）,100,15時35分,牡6,https://www.jra.go.jp/JRADB/accessS.html?CNAME=pw01sde1004202602050720260808%2FAD,芝,1:45.4,良,新谷 功一,晴,ハンデ,,
488(+4),51.0,13  12,新潟,PASS_HTML,1800,11,pw01dud102020103304/D1,アンリーロード,14,武藤 雅,32.2,１／２,05,02,13,3歳以上,オープン,2026-08-08,pw01sde1004202602050720260808,関越ステークス,07,（国際）（特指）,89,15時35分,牝6,https://www.jra.go.jp/JRADB/accessS.html?CNAME=pw01sde1004202602050720260808%2FAD,芝,1:45.5,良,茶木 太樹,晴,ハンデ,,
518(+6),56.0,9  9,新潟,PASS_HTML,1800,12,pw01dud102021105661/D5,レガーロデルシエロ,7,津村 明秀,32.5,ハナ,05,02,3,3歳以上,オープン,2026-08-08,pw01sde1004202602050720260808,関越ステークス,07,（国際）（特指）,99,15時35分,牡5,https://www.jra.go.jp/JRADB/accessS.html?CNAME=pw01sde1004202602050720260808%2FAD,芝,1:45.5,良,栗田 徹,晴,ハンデ,,
482(+2),56.5,9  9,新潟,PASS_HTML,1800,13,pw01dud102018102020/98,ヤマニンサンパ,2,亀田 温心,32.4,ハナ,05,02,9,3歳以上,オープン,2026-08-08,pw01sde1004202602050720260808,関越ステークス,07,（国際）（特指）,100,15時35分,牡8,https://www.jra.go.jp/JRADB/accessS.html?CNAME=pw01sde1004202602050720260808%2FAD,芝,1:45.5,良,斉藤 崇史,晴,ハンデ,,
472(-8),51.0,15  14,新潟,PASS_HTML,1800,14,pw01dud102021104894/D1,セントメモリーズ,10,石神 深道,32.1,３／４,05,02,15,3歳以上,オープン,2026-08-08,pw01sde1004202602050720260808,関越ステークス,07,（国際）（特指）,88,15時35分,牝5,https://www.jra.go.jp/JRADB/accessS.html?CNAME=pw01sde1004202602050720260808%2FAD,芝,1:45.6,良,松尾 卓哉,晴,ハンデ,,
448(-6),52.0,16  16,新潟,PASS_HTML,1800,15,pw01dud102020100495/38,ドラゴンヘッド,12,丸田 恭介,32.1,アタマ,05,02,14,3歳以上,オープン,2026-08-08,pw01sde1004202602050720260808,関越ステークス,07,（国際）（特指）,90,15時35分,牡6,https://www.jra.go.jp/JRADB/accessS.html?CNAME=pw01sde1004202602050720260808%2FAD,芝,1:45.7,良,武藤 善則,晴,ハンデ,,
490(0),54.0,4  5,新潟,PASS_HTML,1800,16,pw01dud102021106782/88,コスモブッドレア,16,石橋 脩,34.1,７,05,02,16,3歳以上,オープン,2026-08-08,pw01sde1004202602050720260808,関越ステークス,07,（国際）（特指）,82,15時35分,牡5,https://www.jra.go.jp/JRADB/accessS.html?CNAME=pw01sde1004202602050720260808%2FAD,芝,1:46.8,良,小野 次郎,晴,ハンデ,,
462(+2),56.0,8  8  6  6,新潟,QUARANTINED_HTML:track_condition,1800,1,pw01dud102022105859/4B,リバースザトレンド,4,津村 明秀,38.8,,05,02,3,3歳以上,1勝クラス,2026-08-08,pw01sde1004202602050920260808,3歳以上1勝クラス,09,牝［指定］,,16時45分,牝4,https://www.jra.go.jp/JRADB/accessS.html?CNAME=pw01sde1004202602050920260808%2F17,ダート,1:53.6,,中舘 英二,晴,定量,,
492(+14),56.0,2  2  2  2,新潟,QUARANTINED_HTML:track_condition,1800,2,pw01dud102022104570/DE,ラヴアンドライク,9,原 優介,39.5,１,05,02,4,3歳以上,1勝クラス,2026-08-08,pw01sde1004202602050920260808,3歳以上1勝クラス,09,牝［指定］,,16時45分,牝4,https://www.jra.go.jp/JRADB/accessS.html?CNAME=pw01sde1004202602050920260808%2F17,ダート,1:53.8,,稲垣 幸雄,晴,定量,,
460(+4),50.0,10  10  11  10,新潟,QUARANTINED_HTML:track_condition,1800,3,pw01dud102023100485/CC,キタノエピックアン,5,▲上里 直汰,38.5,１／２,05,02,6,3歳以上,1勝クラス,2026-08-08,pw01sde1004202602050920260808,3歳以上1勝クラス,09,牝［指定］,,16時45分,牝3,https://www.jra.go.jp/JRADB/accessS.html?CNAME=pw01sde1004202602050920260808%2F17,ダート,1:53.9,,萱野 浩二,晴,定量,,
442(-4),51.0,5  5  4  4,新潟,QUARANTINED_HTML:track_condition,1800,4,pw01dud102023105097/A9,サイモンセレーノ,14,△石神 深道,39.8,３,05,02,1,3歳以上,1勝クラス,2026-08-08,pw01sde1004202602050920260808,3歳以上1勝クラス,09,牝［指定］,,16時45分,牝3,https://www.jra.go.jp/JRADB/accessS.html?CNAME=pw01sde1004202602050920260808%2F17,ダート,1:54.4,,勢司 和浩,晴,定量,,
446(-14),56.0,7  6  4  4,新潟,QUARANTINED_HTML:track_condition,1800,5,pw01dud102021105035/4B,イージーブリージー,15,田辺 裕信,39.7,ハナ,05,02,9,3歳以上,1勝クラス,2026-08-08,pw01sde1004202602050920260808,3歳以上1勝クラス,09,牝［指定］,,16時45分,牝5,https://www.jra.go.jp/JRADB/accessS.html?CNAME=pw01sde1004202602050920260808%2F17,ダート,1:54.4,,伊坂 重信,晴,定量,,
424(+4),56.0,13  13  12  11,新潟,QUARANTINED_HTML:track_condition,1800,6,pw01dud102022105132/AF,オリオアルセーリオ,1,杉原 誠人,38.7,３／４,05,02,12,3歳以上,1勝クラス,2026-08-08,pw01sde1004202602050920260808,3歳以上1勝クラス,09,牝［指定］,,16時45分,牝4,https://www.jra.go.jp/JRADB/accessS.html?CNAME=pw01sde1004202602050920260808%2F17,ダート,1:54.5,,木村 哲也,晴,定量,,
524(+4),56.0,12  10  9  8,新潟,QUARANTINED_HTML:track_condition,1800,7,pw01dud102022105685/4D,ディペンダブル,3,三浦 皇成,39.3,アタマ,05,02,2,3歳以上,1勝クラス,2026-08-08,pw01sde1004202602050920260808,3歳以上1勝クラス,09,牝［指定］,,16時45分,牝4,https://www.jra.go.jp/JRADB/accessS.html?CNAME=pw01sde1004202602050920260808%2F17,ダート,1:54.5,,菊沢 隆徳,晴,定量,,
482(+4),50.0,1  1  1  1,新潟,QUARANTINED_HTML:track_condition,1800,8,pw01dud102023106734/36,ガーネットテソーロ,6,▲佐藤 翔馬,40.7,２ 1/2,05,02,8,3歳以上,1勝クラス,2026-08-08,pw01sde1004202602050920260808,3歳以上1勝クラス,09,牝［指定］,,16時45分,牝3,https://www.jra.go.jp/JRADB/accessS.html?CNAME=pw01sde1004202602050920260808%2F17,ダート,1:54.9,,高木 登,晴,定量,,
446(-6),56.0,15  15  13  13,新潟,QUARANTINED_HTML:track_condition,1800,9,pw01dud102022105337/50,カサビセンス,11,木幡 巧也,38.9,１／２,05,02,14,3歳以上,1勝クラス,2026-08-08,pw01sde1004202602050920260808,3歳以上1勝クラス,09,牝［指定］,,16時45分,牝4,https://www.jra.go.jp/JRADB/accessS.html?CNAME=pw01sde1004202602050920260808%2F17,ダート,1:55.0,,新開 幸一,晴,定量,,
462(+2),53.0,3  3  3  2,新潟,QUARANTINED_HTML:track_condition,1800,10,pw01dud102023103595/DA,ルージュカルデア,10,小崎 綾也,40.6,ハナ,05,02,5,3歳以上,1勝クラス,2026-08-08,pw01sde1004202602050920260808,3歳以上1勝クラス,09,牝［指定］,,16時45分,牝3,https://www.jra.go.jp/JRADB/accessS.html?CNAME=pw01sde1004202602050920260808%2F17,ダート,1:55.0,,加藤 征弘,晴,定量,,
430(-2),56.0,14  14  13  13,新潟,QUARANTINED_HTML:track_condition,1800,11,pw01dud102022101198/05,シャオシンユン,12,石川 裕紀人,39.0,１,05,02,13,3歳以上,1勝クラス,2026-08-08,pw01sde1004202602050920260808,3歳以上1勝クラス,09,牝［指定］,,16時45分,牝4,https://www.jra.go.jp/JRADB/accessS.html?CNAME=pw01sde1004202602050920260808%2F17,ダート,1:55.2,,奥村 武,晴,定量,,
502(+12),53.0,6  6  6  6,新潟,QUARANTINED_HTML:track_condition,1800,12,pw01dud102022100101/61,アレーティア,2,▲石田 拓郎,40.6,１,05,02,11,3歳以上,1勝クラス,2026-08-08,pw01sde1004202602050920260808,3歳以上1勝クラス,09,牝［指定］,,16時45分,牝4,https://www.jra.go.jp/JRADB/accessS.html?CNAME=pw01sde1004202602050920260808%2F17,ダート,1:55.4,,上原 博之,晴,定量,,
414(+2),56.0,8  12  6  8,新潟,QUARANTINED_HTML:track_condition,1800,13,pw01dud102022104264/07,ライヴスプーン,13,丸田 恭介,41.2,４,05,02,7,3歳以上,1勝クラス,2026-08-08,pw01sde1004202602050920260808,3歳以上1勝クラス,09,牝［指定］,,16時45分,牝4,https://www.jra.go.jp/JRADB/accessS.html?CNAME=pw01sde1004202602050920260808%2F17,ダート,1:56.1,,尾形 和幸,晴,定量,,
470(+2),56.0,10  8  9  11,新潟,QUARANTINED_HTML:track_condition,1800,14,pw01dud102022104452/73,ミュークチェルシー,8,武藤 雅,40.9,クビ,05,02,15,3歳以上,1勝クラス,2026-08-08,pw01sde1004202602050920260808,3歳以上1勝クラス,09,牝［指定］,,16時45分,牝4,https://www.jra.go.jp/JRADB/accessS.html?CNAME=pw01sde1004202602050920260808%2F17,ダート,1:56.2,,稲垣 幸雄,晴,定量,,
506(+6),56.0,4  3  15  15,新潟,QUARANTINED_HTML:track_condition,1800,15,pw01dud102022105325/5A,テルケンユミクイン,7,菊沢 一樹,43.3,大差,05,02,10,3歳以上,1勝クラス,2026-08-08,pw01sde1004202602050920260808,3歳以上1勝クラス,09,牝［指定］,,16時45分,牝4,https://www.jra.go.jp/JRADB/accessS.html?CNAME=pw01sde1004202602050920260808%2F17,ダート,2:00.2,,田島 俊明,晴,定量,,
460(+6),56.0,,新潟,PASS_HTML,1000,1,pw01dud102023104173/FF,メテオロイド,17,菱田 裕二,32.6,,05,02,7,3歳以上,1勝クラス,2026-08-08,pw01sde1004202602051120260808,3歳以上1勝クラス,11,（混合）［指定］,,17時50分,牡3,https://www.jra.go.jp/JRADB/accessS.html?CNAME=pw01sde1004202602051120260808%2FC1,芝,0:54.8,良,宮地 貴稔,晴,定量,,
458(0),54.0,,新潟,PASS_HTML,1000,2,pw01dud102023103103/A0,リオクリスハーレー,18,荻野 極,33.2,１ 1/4,05,02,1,3歳以上,1勝クラス,2026-08-08,pw01sde1004202602051120260808,3歳以上1勝クラス,11,（混合）［指定］,,17時50分,牝3,https://www.jra.go.jp/JRADB/accessS.html?CNAME=pw01sde1004202602051120260808%2FC1,芝,0:55.0,良,矢野 英一,晴,定量,,
426(-4),56.0,,新潟,PASS_HTML,1000,3,pw01dud102022102465/FE,ブライティアブーケ,13,大野 拓弥,32.6,１／２,05,02,6,3歳以上,1勝クラス,2026-08-08,pw01sde1004202602051120260808,3歳以上1勝クラス,11,（混合）［指定］,,17時50分,牝4,https://www.jra.go.jp/JRADB/accessS.html?CNAME=pw01sde1004202602051120260808%2FC1,芝,0:55.0,良,中舘 英二,晴,定量,,
512(+10),58.0,,新潟,PASS_HTML,1000,4,pw01dud102021100478/FD,ジュエルドレーサー,12,石川 裕紀人,32.2,１／２,05,02,14,3歳以上,1勝クラス,2026-08-08,pw01sde1004202602051120260808,3歳以上1勝クラス,11,（混合）［指定］,,17時50分,牡5,https://www.jra.go.jp/JRADB/accessS.html?CNAME=pw01sde1004202602051120260808%2FC1,芝,0:55.1,良,蛯名 利弘,晴,定量,,
438(0),56.0,,新潟,PASS_HTML,1000,5,pw01dud102022101204/DA,サツキレジーナ,3,柴田 大知,32.3,クビ,05,02,15,3歳以上,1勝クラス,2026-08-08,pw01sde1004202602051120260808,3歳以上1勝クラス,11,（混合）［指定］,,17時50分,牝4,https://www.jra.go.jp/JRADB/accessS.html?CNAME=pw01sde1004202602051120260808%2FC1,芝,0:55.2,良,石栗 龍彦,晴,定量,,
472(0),56.0,,新潟,PASS_HTML,1000,6,pw01dud102022106420/3B,パーティーガール,10,菊沢 一樹,32.4,１,05,02,12,3歳以上,1勝クラス,2026-08-08,pw01sde1004202602051120260808,3歳以上1勝クラス,11,（混合）［指定］,,17時50分,牝4,https://www.jra.go.jp/JRADB/accessS.html?CNAME=pw01sde1004202602051120260808%2FC1,芝,0:55.3,良,伊藤 伸一,晴,定量,,
484(-2),58.0,,新潟,PASS_HTML,1000,7,pw01dud102022106950/60,シャンクス,14,杉原 誠人,32.3,１ 1/2,05,02,4,3歳以上,1勝クラス,2026-08-08,pw01sde1004202602051120260808,3歳以上1勝クラス,11,（混合）［指定］,,17時50分,せん4,https://www.jra.go.jp/JRADB/accessS.html?CNAME=pw01sde1004202602051120260808%2FC1,芝,0:55.5,良,森 一誠,晴,定量,,
464(+6),51.0,,新潟,PASS_HTML,1000,8,pw01dud102023101676/80,ファンシーフリル,9,▲石田 拓郎,33.4,１,05,02,2,3歳以上,1勝クラス,2026-08-08,pw01sde1004202602051120260808,3歳以上1勝クラス,11,（混合）［指定］,,17時50分,牝3,https://www.jra.go.jp/JRADB/accessS.html?CNAME=pw01sde1004202602051120260808%2FC1,芝,0:55.7,良,蛯名 利弘,晴,定量,,
524(+2),56.0,,新潟,PASS_HTML,1000,9,pw01dud102023107539/02,ダイイズキャスト,11,三浦 皇成,32.6,ハナ,05,02,10,3歳以上,1勝クラス,2026-08-08,pw01sde1004202602051120260808,3歳以上1勝クラス,11,（混合）［指定］,,17時50分,牡3,https://www.jra.go.jp/JRADB/accessS.html?CNAME=pw01sde1004202602051120260808%2FC1,芝,0:55.7,良,新谷 功一,晴,定量,,
418(0),54.0,,新潟,PASS_HTML,1000,10,pw01dud102023100397/91,ミルトメロディー,6,原 優介,33.2,クビ,05,02,11,3歳以上,1勝クラス,2026-08-08,pw01sde1004202602051120260808,3歳以上1勝クラス,11,（混合）［指定］,,17時50分,牝3,https://www.jra.go.jp/JRADB/accessS.html?CNAME=pw01sde1004202602051120260808%2FC1,芝,0:55.7,良,青木 孝文,晴,定量,,
446(-6),54.0,,新潟,PASS_HTML,1000,11,pw01dud102022106796/F0,レモンバーム,8,△石神 深道,33.2,１／２,05,02,8,3歳以上,1勝クラス,2026-08-08,pw01sde1004202602051120260808,3歳以上1勝クラス,11,（混合）［指定］,,17時50分,牝4,https://www.jra.go.jp/JRADB/accessS.html?CNAME=pw01sde1004202602051120260808%2FC1,芝,0:55.8,良,嘉藤 貴行,晴,定量,,
456(-4),56.0,,新潟,PASS_HTML,1000,12,pw01dud102020100795/CB,ベルタソ,7,小崎 綾也,33.6,クビ,05,02,5,3歳以上,1勝クラス,2026-08-08,pw01sde1004202602051120260808,3歳以上1勝クラス,11,（混合）［指定］,,17時50分,牝6,https://www.jra.go.jp/JRADB/accessS.html?CNAME=pw01sde1004202602051120260808%2FC1,芝,0:55.9,良,秋本 大介,晴,定量,,
442(+4),56.0,,新潟,PASS_HTML,1000,13,pw01dud102022106503/A5,セイラダンサー,15,江田 照男,33.1,ハナ,05,02,13,3歳以上,1勝クラス,2026-08-08,pw01sde1004202602051120260808,3歳以上1勝クラス,11,（混合）［指定］,,17時50分,牝4,https://www.jra.go.jp/JRADB/accessS.html?CNAME=pw01sde1004202602051120260808%2FC1,芝,0:55.9,良,尾関 知人,晴,定量,,
452(-2),58.0,,新潟,PASS_HTML,1000,14,pw01dud102019110122/2B,ブラヴィーノ,1,丸田 恭介,32.7,１,05,02,18,3歳以上,1勝クラス,2026-08-08,pw01sde1004202602051120260808,3歳以上1勝クラス,11,（混合）［指定］,,17時50分,牡7,https://www.jra.go.jp/JRADB/accessS.html?CNAME=pw01sde1004202602051120260808%2FC1,芝,0:56.0,良,天間 昭一,晴,定量,,
456(0),54.0,,新潟,PASS_HTML,1000,15,pw01dud102023104998/E6,カイショー,5,津村 明秀,34.3,クビ,05,02,3,3歳以上,1勝クラス,2026-08-08,pw01sde1004202602051120260808,3歳以上1勝クラス,11,（混合）［指定］,,17時50分,牝3,https://www.jra.go.jp/JRADB/accessS.html?CNAME=pw01sde1004202602051120260808%2FC1,芝,0:56.1,良,長谷川 浩大,晴,定量,,
504(+12),56.0,,新潟,PASS_HTML,1000,16,pw01dud102023100611/F2,オタルイーグル,2,亀田 温心,33.9,アタマ,05,02,9,3歳以上,1勝クラス,2026-08-08,pw01sde1004202602051120260808,3歳以上1勝クラス,11,（混合）［指定］,,17時50分,牡3,https://www.jra.go.jp/JRADB/accessS.html?CNAME=pw01sde1004202602051120260808%2FC1,芝,0:56.1,良,高柳 大輔,晴,定量,,
412(+4),53.0,,新潟,PASS_HTML,1000,17,pw01dud102022102602/A7,フェリスチカ,16,▲佐藤 翔馬,33.1,３／４,05,02,16,3歳以上,1勝クラス,2026-08-08,pw01sde1004202602051120260808,3歳以上1勝クラス,11,（混合）［指定］,,17時50分,牝4,https://www.jra.go.jp/JRADB/accessS.html?CNAME=pw01sde1004202602051120260808%2FC1,芝,0:56.2,良,伊藤 伸一,晴,定量,,
468(-8),53.0,,新潟,PASS_HTML,1000,18,pw01dud102020101171/A8,ビスケット,4,▲上里 直汰,34.4,１ 1/2,05,02,17,3歳以上,1勝クラス,2026-08-08,pw01sde1004202602051120260808,3歳以上1勝クラス,11,（混合）［指定］,,17時50分,牝6,https://www.jra.go.jp/JRADB/accessS.html?CNAME=pw01sde1004202602051120260808%2FC1,芝,0:56.5,良,和田 雄二,晴,定量,,
486(-2),53.0,6  6,新潟,PASS_HTML,1600,1,pw01dud102023110006/C9,エラルディーク,2,荻野 極,32.7,,05,02,2,3歳以上,1勝クラス,2026-08-08,pw01sde1004202602051020260808,3歳以上1勝クラス,10,（混合）（特指）,,17時20分,牝3,https://www.jra.go.jp/JRADB/accessS.html?CNAME=pw01sde1004202602051020260808%2F0C,芝,1:32.4,良,宮田 敬介,晴,定量,,
430(0),53.0,1  1,新潟,PASS_HTML,1600,2,pw01dud102023103413/43,マツリダイコ,4,津村 明秀,33.1,ハナ,05,02,3,3歳以上,1勝クラス,2026-08-08,pw01sde1004202602051020260808,3歳以上1勝クラス,10,（混合）（特指）,,17時20分,牝3,https://www.jra.go.jp/JRADB/accessS.html?CNAME=pw01sde1004202602051020260808%2F0C,芝,1:32.4,良,黒岩 陽一,晴,定量,,
510(+6),55.0,10  9,新潟,PASS_HTML,1600,3,pw01dud102023107014/AE,サレジオ,1,戸崎 圭太,32.7,１ 1/2,05,02,1,3歳以上,1勝クラス,2026-08-08,pw01sde1004202602051020260808,3歳以上1勝クラス,10,（混合）（特指）,,17時20分,牡3,https://www.jra.go.jp/JRADB/accessS.html?CNAME=pw01sde1004202602051020260808%2F0C,芝,1:32.6,良,田中 博康,晴,定量,,
440(0),56.0,2  2,新潟,PASS_HTML,1600,4,pw01dud102022104093/62,ガラク,10,田辺 裕信,33.3,１／２,05,02,4,3歳以上,1勝クラス,2026-08-08,pw01sde1004202602051020260808,3歳以上1勝クラス,10,（混合）（特指）,,17時20分,牝4,https://www.jra.go.jp/JRADB/accessS.html?CNAME=pw01sde1004202602051020260808%2F0C,芝,1:32.7,良,伊坂 重信,晴,定量,,
466(-6),56.0,3  3,新潟,PASS_HTML,1600,5,pw01dud102022101272/64,スタニングヴュー,9,伊藤 工真,33.4,２,05,02,8,3歳以上,1勝クラス,2026-08-08,pw01sde1004202602051020260808,3歳以上1勝クラス,10,（混合）（特指）,,17時20分,牝4,https://www.jra.go.jp/JRADB/accessS.html?CNAME=pw01sde1004202602051020260808%2F0C,芝,1:33.0,良,金成 貴史,晴,定量,,
454(-4),58.0,10  11,新潟,PASS_HTML,1600,6,pw01dud102022102429/8A,ミッキーコンドル,8,小崎 綾也,33.1,１ 3/4,05,02,10,3歳以上,1勝クラス,2026-08-08,pw01sde1004202602051020260808,3歳以上1勝クラス,10,（混合）（特指）,,17時20分,牡4,https://www.jra.go.jp/JRADB/accessS.html?CNAME=pw01sde1004202602051020260808%2F0C,芝,1:33.3,良,大久保 龍志,晴,定量,,
458(0),51.0,6  6,新潟,PASS_HTML,1600,7,pw01dud102023102984/2C,ハナコトバ,5,△石神 深道,33.5,クビ,05,02,7,3歳以上,1勝クラス,2026-08-08,pw01sde1004202602051020260808,3歳以上1勝クラス,10,（混合）（特指）,,17時20分,牝3,https://www.jra.go.jp/JRADB/accessS.html?CNAME=pw01sde1004202602051020260808%2F0C,芝,1:33.3,良,寺島 良,晴,定量,,
472(+1),56.0,9  9,新潟,PASS_HTML,1600,8,pw01dud102022105339/36,スピリットサージ,11,江田 照男,33.4,クビ,05,02,9,3歳以上,1勝クラス,2026-08-08,pw01sde1004202602051020260808,3歳以上1勝クラス,10,（混合）（特指）,,17時20分,牝4,https://www.jra.go.jp/JRADB/accessS.html?CNAME=pw01sde1004202602051020260808%2F0C,芝,1:33.4,良,室井 潔,晴,定量,,
412(-6),53.0,3  3,新潟,PASS_HTML,1600,9,pw01dud102023103051/D9,ミズノミヤコ,3,原 優介,33.9,クビ,05,02,12,3歳以上,1勝クラス,2026-08-08,pw01sde1004202602051020260808,3歳以上1勝クラス,10,（混合）（特指）,,17時20分,牝3,https://www.jra.go.jp/JRADB/accessS.html?CNAME=pw01sde1004202602051020260808%2F0C,芝,1:33.4,良,青木 孝文,晴,定量,,
432(+8),53.0,6  6,新潟,PASS_HTML,1600,10,pw01dud102023101029/63,クリスタルタワー,12,菊沢 一樹,33.8,１／２,05,02,11,3歳以上,1勝クラス,2026-08-08,pw01sde1004202602051020260808,3歳以上1勝クラス,10,（混合）（特指）,,17時20分,牝3,https://www.jra.go.jp/JRADB/accessS.html?CNAME=pw01sde1004202602051020260808%2F0C,芝,1:33.5,良,寺島 良,晴,定量,,
418(-8),52.0,13  13,新潟,PASS_HTML,1600,11,pw01dud102023106660/69,ヤマカンドリーミン,7,▲石田 拓郎,33.3,１ 3/4,05,02,13,3歳以上,1勝クラス,2026-08-08,pw01sde1004202602051020260808,3歳以上1勝クラス,10,（混合）（特指）,,17時20分,牡3,https://www.jra.go.jp/JRADB/accessS.html?CNAME=pw01sde1004202602051020260808%2F0C,芝,1:33.8,良,和田 勇介,晴,定量,,
430(-4),55.0,10  12,新潟,PASS_HTML,1600,12,pw01dud102023106245/C4,ルモンテ,6,大野 拓弥,33.7,クビ,05,02,6,3歳以上,1勝クラス,2026-08-08,pw01sde1004202602051020260808,3歳以上1勝クラス,10,（混合）（特指）,,17時20分,牡3,https://www.jra.go.jp/JRADB/accessS.html?CNAME=pw01sde1004202602051020260808%2F0C,芝,1:33.9,良,堀内 岳志,晴,定量,,
470(-2),56.0,3  3,新潟,PASS_HTML,1600,13,pw01dud102022103501/F2,クリールスル,13,坂井 瑠星,34.7,１ 3/4,05,02,5,3歳以上,1勝クラス,2026-08-08,pw01sde1004202602051020260808,3歳以上1勝クラス,10,（混合）（特指）,,17時20分,牝4,https://www.jra.go.jp/JRADB/accessS.html?CNAME=pw01sde1004202602051020260808%2F0C,芝,1:34.2,良,矢野 英一,晴,定量,,
478(+14),57.0,3  3  2  3,新潟,PASS_HTML,2000,1,pw01dud102023104485/88,マイネルリーヒム,3,菊沢 一樹,35.6,レコード,05,02,2,3歳,未勝利,2026-08-08,pw01sde1004202602051220260808,3歳未勝利,12,[指定],,18時20分,牡3,https://www.jra.go.jp/JRADB/accessS.html?CNAME=pw01sde1004202602051220260808%2F76,芝,1:58.6,良,武市 康男,晴,馬齢,,
430(+2),57.0,5  5  2  2,新潟,PASS_HTML,2000,2,pw01dud102023107028/8A,ブラッキッシュ,8,戸崎 圭太,35.8,３／４,05,02,1,3歳,未勝利,2026-08-08,pw01sde1004202602051220260808,3歳未勝利,12,[指定],,18時20分,牡3,https://www.jra.go.jp/JRADB/accessS.html?CNAME=pw01sde1004202602051220260808%2F76,芝,1:58.7,良,木村 哲也,晴,馬齢,,
438(+18),55.0,10  11  10  6,新潟,PASS_HTML,2000,3,pw01dud102023105163/DE,ディエスルージュ,13,木幡 巧也,35.7,４,05,02,14,3歳,未勝利,2026-08-08,pw01sde1004202602051220260808,3歳未勝利,12,[指定],,18時20分,牝3,https://www.jra.go.jp/JRADB/accessS.html?CNAME=pw01sde1004202602051220260808%2F76,芝,1:59.4,良,秋本 大介,晴,馬齢,,
426(-4),57.0,10  10  11  11,新潟,PASS_HTML,2000,4,pw01dud102023104359/F3,ヤマニンリンキング,12,大野 拓弥,35.7,クビ,05,02,7,3歳,未勝利,2026-08-08,pw01sde1004202602051220260808,3歳未勝利,12,[指定],,18時20分,牡3,https://www.jra.go.jp/JRADB/accessS.html?CNAME=pw01sde1004202602051220260808%2F76,芝,1:59.5,良,辻 哲英,晴,馬齢,,
428(-2),57.0,14  14  14  14,新潟,PASS_HTML,2000,5,pw01dud102023107476/B8,デリシューズマン,10,丸田 恭介,35.0,クビ,05,02,13,3歳,未勝利,2026-08-08,pw01sde1004202602051220260808,3歳未勝利,12,[指定],,18時20分,せん3,https://www.jra.go.jp/JRADB/accessS.html?CNAME=pw01sde1004202602051220260808%2F76,芝,1:59.5,良,平岩 大典,晴,馬齢,,
420(+2),55.0,1  1  1  1,新潟,PASS_HTML,2000,6,pw01dud102023102737/D3,ポポラヴィスタ,16,津村 明秀,37.1,２,05,02,3,3歳,未勝利,2026-08-08,pw01sde1004202602051220260808,3歳未勝利,12,[指定],,18時20分,牝3,https://www.jra.go.jp/JRADB/accessS.html?CNAME=pw01sde1004202602051220260808%2F76,芝,1:59.9,良,鈴木 慎太郎,晴,馬齢,,
390(+10),53.0,13  13  12  12,新潟,PASS_HTML,2000,7,pw01dud102023106812/61,オーブレーヌ,14,△石神 深道,35.6,クビ,05,02,5,3歳,未勝利,2026-08-08,pw01sde1004202602051220260808,3歳未勝利,12,[指定],,18時20分,牝3,https://www.jra.go.jp/JRADB/accessS.html?CNAME=pw01sde1004202602051220260808%2F76,芝,1:59.9,良,和田 正一郎,晴,馬齢,,
448(-6),57.0,6  5  5  6,新潟,PASS_HTML,2000,8,pw01dud102023102941/93,フォーエバーラブ,7,柴田 大知,36.6,ハナ,05,02,8,3歳,未勝利,2026-08-08,pw01sde1004202602051220260808,3歳未勝利,12,[指定],,18時20分,牡3,https://www.jra.go.jp/JRADB/accessS.html?CNAME=pw01sde1004202602051220260808%2F76,芝,1:59.9,良,金成 貴史,晴,馬齢,,
476(-4),57.0,6  5  7  4,新潟,PASS_HTML,2000,9,pw01dud102023103756/6F,エーデルクラフト,1,石川 裕紀人,36.6,１ 1/4,05,02,12,3歳,未勝利,2026-08-08,pw01sde1004202602051220260808,3歳未勝利,12,[指定],,18時20分,牡3,https://www.jra.go.jp/JRADB/accessS.html?CNAME=pw01sde1004202602051220260808%2F76,芝,2:00.1,良,辻 哲英,晴,馬齢,,
456(+3),52.0,3  4  5  6,新潟,PASS_HTML,2000,10,pw01dud102023103688/54,コンフィグシス,6,▲石田 拓郎,37.7,５,05,02,9,3歳,未勝利,2026-08-08,pw01sde1004202602051220260808,3歳未勝利,12,[指定],,18時20分,牝3,https://www.jra.go.jp/JRADB/accessS.html?CNAME=pw01sde1004202602051220260808%2F76,芝,2:01.0,良,小笠 倫弘,晴,馬齢,,
476(+4),57.0,9  9  7  6,新潟,PASS_HTML,2000,11,pw01dud102023104559/55,ローレルエース,5,原 優介,37.7,１ 3/4,05,02,11,3歳,未勝利,2026-08-08,pw01sde1004202602051220260808,3歳未勝利,12,[指定],,18時20分,牡3,https://www.jra.go.jp/JRADB/accessS.html?CNAME=pw01sde1004202602051220260808%2F76,芝,2:01.3,良,松永 康利,晴,馬齢,,
418(+10),52.0,15  14  14  15,新潟,PASS_HTML,2000,12,pw01dud102023107126/D5,リベルタアーラ,4,▲佐藤 翔馬,36.8,１,05,02,15,3歳,未勝利,2026-08-08,pw01sde1004202602051220260808,3歳未勝利,12,[指定],,18時20分,牝3,https://www.jra.go.jp/JRADB/accessS.html?CNAME=pw01sde1004202602051220260808%2F76,芝,2:01.4,良,深山 雅史,晴,馬齢,,
424(-2),55.0,8  8  7  10,新潟,PASS_HTML,2000,13,pw01dud102023103465/79,スカーレットジーン,11,武藤 雅,38.2,２,05,02,10,3歳,未勝利,2026-08-08,pw01sde1004202602051220260808,3歳未勝利,12,[指定],,18時20分,牝3,https://www.jra.go.jp/JRADB/accessS.html?CNAME=pw01sde1004202602051220260808%2F76,芝,2:01.8,良,水野 貴広,晴,馬齢,,
458(+2),55.0,2  2  2  4,新潟,PASS_HTML,2000,14,pw01dud102023106314/52,ジェイエルグリーン,15,菱田 裕二,39.3,３,05,02,6,3歳,未勝利,2026-08-08,pw01sde1004202602051220260808,3歳未勝利,12,[指定],,18時20分,牝3,https://www.jra.go.jp/JRADB/accessS.html?CNAME=pw01sde1004202602051220260808%2F76,芝,2:02.3,良,平岩 大典,晴,馬齢,,
440(+2),57.0,12  12  12  12,新潟,PASS_HTML,2000,15,pw01dud102023103597/C0,ラクシオンデクラ,2,荻野 極,38.3,２,05,02,4,3歳,未勝利,2026-08-08,pw01sde1004202602051220260808,3歳未勝利,12,[指定],,18時20分,牡3,https://www.jra.go.jp/JRADB/accessS.html?CNAME=pw01sde1004202602051220260808%2F76,芝,2:02.6,良,尾関 知人,晴,馬齢,,
480(-2),57.0,16  16,新潟,PASS_HTML,2000,中止,pw01dud102023106627/4E,ファインブライト,9,杉原 誠人,,,05,02,16,3歳,未勝利,2026-08-08,pw01sde1004202602051220260808,3歳未勝利,12,[指定],,18時20分,牡3,https://www.jra.go.jp/JRADB/accessS.html?CNAME=pw01sde1004202602051220260808%2F76,芝,,良,佐藤 吉勝,晴,馬齢,,
476(初出走),54.0,9  9,新潟,PASS_HTML,1200,1,pw01dud102024106236/B3,イスクメル,6,☆田山 旺佑,33.8,,06,02,1,2歳,新馬,2026-08-09,pw01sde1004202602060220260809,メイクデビュー新潟,02,（混合）［指定］,,10時10分,牡2,https://www.jra.go.jp/JRADB/accessS.html?CNAME=pw01sde1004202602060220260809%2F54,芝,1:09.5,良,矢野 英一,曇,馬齢,,
418(初出走),55.0,1  1,新潟,PASS_HTML,1200,2,pw01dud102024103919/76,メジェグレイス,7,江田 照男,34.8,１,06,02,5,2歳,新馬,2026-08-09,pw01sde1004202602060220260809,メイクデビュー新潟,02,（混合）［指定］,,10時10分,牝2,https://www.jra.go.jp/JRADB/accessS.html?CNAME=pw01sde1004202602060220260809%2F54,芝,1:09.6,良,嘉藤 貴行,曇,馬齢,,
508(初出走),55.0,4  4,新潟,PASS_HTML,1200,3,pw01dud102024100002/BB,エスシークザン,5,菱田 裕二,34.7,１,06,02,2,2歳,新馬,2026-08-09,pw01sde1004202602060220260809,メイクデビュー新潟,02,（混合）［指定］,,10時10分,牡2,https://www.jra.go.jp/JRADB/accessS.html?CNAME=pw01sde1004202602060220260809%2F54,芝,1:09.8,良,加藤 士津八,曇,馬齢,,
428(初出走),55.0,7  7,新潟,PASS_HTML,1200,4,pw01dud102024102437/CC,クリガーレ,1,菊沢 一樹,34.6,３／４,06,02,6,2歳,新馬,2026-08-09,pw01sde1004202602060220260809,メイクデビュー新潟,02,（混合）［指定］,,10時10分,牡2,https://www.jra.go.jp/JRADB/accessS.html?CNAME=pw01sde1004202602060220260809%2F54,芝,1:09.9,良,武市 康男,曇,馬齢,,
422(初出走),55.0,4  5,新潟,PASS_HTML,1200,5,pw01dud102024100105/45,ワイズジュエル,4,三浦 皇成,34.7,ハナ,06,02,3,2歳,新馬,2026-08-09,pw01sde1004202602060220260809,メイクデビュー新潟,02,（混合）［指定］,,10時10分,牝2,https://www.jra.go.jp/JRADB/accessS.html?CNAME=pw01sde1004202602060220260809%2F54,芝,1:09.9,良,本間 忍,曇,馬齢,,
436(初出走),55.0,2  3,新潟,PASS_HTML,1200,6,pw01dud102024100678/03,シジマ,10,岩田 望来,35.4,２ 1/2,06,02,4,2歳,新馬,2026-08-09,pw01sde1004202602060220260809,メイクデビュー新潟,02,（混合）［指定］,,10時10分,牝2,https://www.jra.go.jp/JRADB/accessS.html?CNAME=pw01sde1004202602060220260809%2F54,芝,1:10.3,良,池上 昌和,曇,馬齢,,
494(初出走),55.0,2  2,新潟,PASS_HTML,1200,7,pw01dud102024104006/43,キンバリー,9,松岡 正海,35.7,２,06,02,7,2歳,新馬,2026-08-09,pw01sde1004202602060220260809,メイクデビュー新潟,02,（混合）［指定］,,10時10分,牡2,https://www.jra.go.jp/JRADB/accessS.html?CNAME=pw01sde1004202602060220260809%2F54,芝,1:10.6,良,伊藤 伸一,曇,馬齢,,
420(初出走),55.0,8  8,新潟,PASS_HTML,1200,8,pw01dud102024100754/48,ドッカイッチャッテ,11,木幡 初也,35.3,３／４,06,02,8,2歳,新馬,2026-08-09,pw01sde1004202602060220260809,メイクデビュー新潟,02,（混合）［指定］,,10時10分,牝2,https://www.jra.go.jp/JRADB/accessS.html?CNAME=pw01sde1004202602060220260809%2F54,芝,1:10.8,良,深山 雅史,曇,馬齢,,
416(初出走),55.0,4  5,新潟,PASS_HTML,1200,9,pw01dud102024102067/38,ゴータマ,8,原 優介,35.8,１／２,06,02,9,2歳,新馬,2026-08-09,pw01sde1004202602060220260809,メイクデビュー新潟,02,（混合）［指定］,,10時10分,牡2,https://www.jra.go.jp/JRADB/accessS.html?CNAME=pw01sde1004202602060220260809%2F54,芝,1:10.9,良,池上 昌和,曇,馬齢,,
390(初出走),52.0,10  10,新潟,PASS_HTML,1200,10,pw01dud102024100867/E2,ルブラッシュノモー,3,▲石田 拓郎,35.2,６,06,02,11,2歳,新馬,2026-08-09,pw01sde1004202602060220260809,メイクデビュー新潟,02,（混合）［指定］,,10時10分,牡2,https://www.jra.go.jp/JRADB/accessS.html?CNAME=pw01sde1004202602060220260809%2F54,芝,1:11.9,良,佐藤 吉勝,曇,馬齢,,
458(初出走),52.0,11  11,新潟,PASS_HTML,1200,11,pw01dud102024103173/9C,アーバンアート,2,▲上里 直汰,35.0,２,06,02,10,2歳,新馬,2026-08-09,pw01sde1004202602060220260809,メイクデビュー新潟,02,（混合）［指定］,,10時10分,牝2,https://www.jra.go.jp/JRADB/accessS.html?CNAME=pw01sde1004202602060220260809%2F54,芝,1:12.2,良,加藤 和宏,曇,馬齢,,
454(-12),55.0,3  3,新潟,QUARANTINED_HTML:track_condition,1200,1,pw01dud102023107242/5A,ヨルヴィック,3,吉村 誠之助,37.5,,06,02,3,3歳,未勝利,2026-08-09,pw01sde1004202602060320260809,3歳未勝利,03,牝［指定］,,10時40分,牝3,https://www.jra.go.jp/JRADB/accessS.html?CNAME=pw01sde1004202602060320260809%2F09,ダート,1:12.6,,稲垣 幸雄,曇,馬齢,,
438(+4),55.0,1  1,新潟,QUARANTINED_HTML:track_condition,1200,2,pw01dud102023101100/69,ローズオブジャパン,1,松岡 正海,38.0,３／４,06,02,4,3歳,未勝利,2026-08-09,pw01sde1004202602060320260809,3歳未勝利,03,牝［指定］,,10時40分,牝3,https://www.jra.go.jp/JRADB/accessS.html?CNAME=pw01sde1004202602060320260809%2F09,ダート,1:12.8,,田中 剛,曇,馬齢,,
488(+6),55.0,3  6,新潟,QUARANTINED_HTML:track_condition,1200,3,pw01dud102023104017/3A,ロジザボード,7,戸崎 圭太,38.4,５,06,02,6,3歳,未勝利,2026-08-09,pw01sde1004202602060320260809,3歳未勝利,03,牝［指定］,,10時40分,牝3,https://www.jra.go.jp/JRADB/accessS.html?CNAME=pw01sde1004202602060320260809%2F09,ダート,1:13.6,,古賀 慎明,曇,馬齢,,
448(+4),52.0,3  3,新潟,QUARANTINED_HTML:track_condition,1200,4,pw01dud102023102122/5E,ハングローズ,12,▲上里 直汰,38.6,１／２,06,02,1,3歳,未勝利,2026-08-09,pw01sde1004202602060320260809,3歳未勝利,03,牝［指定］,,10時40分,牝3,https://www.jra.go.jp/JRADB/accessS.html?CNAME=pw01sde1004202602060320260809%2F09,ダート,1:13.7,,奥村 武,曇,馬齢,,
466(+8),55.0,3  3,新潟,QUARANTINED_HTML:track_condition,1200,5,pw01dud102023106854/87,テリオスレイ,8,坂井 瑠星,38.8,３／４,06,02,5,3歳,未勝利,2026-08-09,pw01sde1004202602060320260809,3歳未勝利,03,牝［指定］,,10時40分,牝3,https://www.jra.go.jp/JRADB/accessS.html?CNAME=pw01sde1004202602060320260809%2F09,ダート,1:13.9,,田島 俊明,曇,馬齢,,
414(0),52.0,11  10,新潟,QUARANTINED_HTML:track_condition,1200,6,pw01dud102023100888/E9,セントリアン,15,▲石田 拓郎,38.2,クビ,06,02,7,3歳,未勝利,2026-08-09,pw01sde1004202602060320260809,3歳未勝利,03,牝［指定］,,10時40分,牝3,https://www.jra.go.jp/JRADB/accessS.html?CNAME=pw01sde1004202602060320260809%2F09,ダート,1:13.9,,萱野 浩二,曇,馬齢,,
460(+6),55.0,7  7,新潟,QUARANTINED_HTML:track_condition,1200,7,pw01dud102023102328/72,カウガールハット,10,佐々木 大輔,38.6,アタマ,06,02,14,3歳,未勝利,2026-08-09,pw01sde1004202602060320260809,3歳未勝利,03,牝［指定］,,10時40分,牝3,https://www.jra.go.jp/JRADB/accessS.html?CNAME=pw01sde1004202602060320260809%2F09,ダート,1:13.9,,小野 次郎,曇,馬齢,,
454(初出走),52.0,14  14,新潟,QUARANTINED_HTML:track_condition,1200,8,pw01dud102023106293/2E,クツワエターナル,2,▲佐藤 翔馬,37.8,１ 1/2,06,02,15,3歳,未勝利,2026-08-09,pw01sde1004202602060320260809,3歳未勝利,03,牝［指定］,,10時40分,牝3,https://www.jra.go.jp/JRADB/accessS.html?CNAME=pw01sde1004202602060320260809%2F09,ダート,1:14.2,,鈴木 伸尋,曇,馬齢,,
454(-1),55.0,12  12,新潟,QUARANTINED_HTML:track_condition,1200,9,pw01dud102023105068/EC,キョウエイハル,13,木幡 巧也,38.4,クビ,06,02,9,3歳,未勝利,2026-08-09,pw01sde1004202602060320260809,3歳未勝利,03,牝［指定］,,10時40分,牝3,https://www.jra.go.jp/JRADB/accessS.html?CNAME=pw01sde1004202602060320260809%2F09,ダート,1:14.2,,伊坂 重信,曇,馬齢,,
466(-4),55.0,7  7,新潟,QUARANTINED_HTML:track_condition,1200,10,pw01dud102023107403/EF,エコロセレナ,4,岩田 望来,39.0,３／４,06,02,2,3歳,未勝利,2026-08-09,pw01sde1004202602060320260809,3歳未勝利,03,牝［指定］,,10時40分,牝3,https://www.jra.go.jp/JRADB/accessS.html?CNAME=pw01sde1004202602060320260809%2F09,ダート,1:14.3,,斎藤 誠,曇,馬齢,,
464(+6),55.0,2  2,新潟,QUARANTINED_HTML:track_condition,1200,11,pw01dud102023102371/9D,エトワールフィーユ,6,菊沢 一樹,39.6,１ 1/4,06,02,13,3歳,未勝利,2026-08-09,pw01sde1004202602060320260809,3歳未勝利,03,牝［指定］,,10時40分,牝3,https://www.jra.go.jp/JRADB/accessS.html?CNAME=pw01sde1004202602060320260809%2F09,ダート,1:14.5,,西田 雄一郎,曇,馬齢,,
484(初出走),53.0,15  15,新潟,QUARANTINED_HTML:track_condition,1200,12,pw01dud102023104585/B9,ビューティドリーム,9,△石神 深道,37.4,アタマ,06,02,11,3歳,未勝利,2026-08-09,pw01sde1004202602060320260809,3歳未勝利,03,牝［指定］,,10時40分,牝3,https://www.jra.go.jp/JRADB/accessS.html?CNAME=pw01sde1004202602060320260809%2F09,ダート,1:14.5,,清水 英克,曇,馬齢,,
444(+4),55.0,7  7,新潟,QUARANTINED_HTML:track_condition,1200,13,pw01dud102023104568/F2,グランキンバリー,14,野中 悠太郎,39.2,クビ,06,02,12,3歳,未勝利,2026-08-09,pw01sde1004202602060320260809,3歳未勝利,03,牝［指定］,,10時40分,牝3,https://www.jra.go.jp/JRADB/accessS.html?CNAME=pw01sde1004202602060320260809%2F09,ダート,1:14.6,,松山 将樹,曇,馬齢,,
472(-2),54.0,7  10,新潟,QUARANTINED_HTML:track_condition,1200,14,pw01dud102023105243/EF,アルペンローゼ,11,☆田山 旺佑,39.5,２,06,02,8,3歳,未勝利,2026-08-09,pw01sde1004202602060320260809,3歳未勝利,03,牝［指定］,,10時40分,牝3,https://www.jra.go.jp/JRADB/accessS.html?CNAME=pw01sde1004202602060320260809%2F09,ダート,1:14.9,,栗田 徹,曇,馬齢,,
458(-6),55.0,12  13,新潟,QUARANTINED_HTML:track_condition,1200,15,pw01dud102023101141/1C,プティシラー,5,原 優介,39.6,３,06,02,10,3歳,未勝利,2026-08-09,pw01sde1004202602060320260809,3歳未勝利,03,牝［指定］,,10時40分,牝3,https://www.jra.go.jp/JRADB/accessS.html?CNAME=pw01sde1004202602060320260809%2F09,ダート,1:15.4,,上原 博之,曇,馬齢,,
500(-2),57.0,3  3  2  2,新潟,QUARANTINED_HTML:track_condition,1800,1,pw01dud102023106976/BE,モンスターラッシュ,10,石川 裕紀人,38.4,,06,02,2,3歳,未勝利,2026-08-09,pw01sde1004202602060420260809,3歳未勝利,04,（混合）［指定］,,11時10分,牡3,https://www.jra.go.jp/JRADB/accessS.html?CNAME=pw01sde1004202602060420260809%2FBE,ダート,1:54.1,,高木 登,曇,馬齢,,
470(-2),57.0,1  1  1  1,新潟,QUARANTINED_HTML:track_condition,1800,2,pw01dud102023102967/65,クリムゾンリーフ,12,坂井 瑠星,38.7,１ 1/4,06,02,1,3歳,未勝利,2026-08-09,pw01sde1004202602060420260809,3歳未勝利,04,（混合）［指定］,,11時10分,牡3,https://www.jra.go.jp/JRADB/accessS.html?CNAME=pw01sde1004202602060420260809%2FBE,ダート,1:54.3,,加藤 士津八,曇,馬齢,,
490(+10),57.0,10  10  5  5,新潟,QUARANTINED_HTML:track_condition,1800,3,pw01dud102023105439/F3,カシマライフウ,8,松岡 正海,38.6,２,06,02,4,3歳,未勝利,2026-08-09,pw01sde1004202602060420260809,3歳未勝利,04,（混合）［指定］,,11時10分,牡3,https://www.jra.go.jp/JRADB/accessS.html?CNAME=pw01sde1004202602060420260809%2FBE,ダート,1:54.6,,伊藤 伸一,曇,馬齢,,
452(+2),57.0,3  3  4  2,新潟,QUARANTINED_HTML:track_condition,1800,4,pw01dud102023105753/F4,アデルフィー,3,三浦 皇成,38.7,クビ,06,02,3,3歳,未勝利,2026-08-09,pw01sde1004202602060420260809,3歳未勝利,04,（混合）［指定］,,11時10分,牡3,https://www.jra.go.jp/JRADB/accessS.html?CNAME=pw01sde1004202602060420260809%2FBE,ダート,1:54.6,,金成 貴史,曇,馬齢,,
502(-8),56.0,5  5  5  5,新潟,QUARANTINED_HTML:track_condition,1800,5,pw01dud102023105682/80,キセログラフィカ,4,☆田山 旺佑,39.3,４,06,02,5,3歳,未勝利,2026-08-09,pw01sde1004202602060420260809,3歳未勝利,04,（混合）［指定］,,11時10分,牡3,https://www.jra.go.jp/JRADB/accessS.html?CNAME=pw01sde1004202602060420260809%2FBE,ダート,1:55.3,,大和田 成,曇,馬齢,,
402(-4),57.0,13  12  7  7,新潟,QUARANTINED_HTML:track_condition,1800,6,pw01dud102023105233/DF,レッドリアライズ,14,原 優介,39.1,１ 1/4,06,02,8,3歳,未勝利,2026-08-09,pw01sde1004202602060420260809,3歳未勝利,04,（混合）［指定］,,11時10分,牡3,https://www.jra.go.jp/JRADB/accessS.html?CNAME=pw01sde1004202602060420260809%2FBE,ダート,1:55.5,,黒岩 陽一,曇,馬齢,,
452(+2),54.0,2  2  2  2,新潟,QUARANTINED_HTML:track_condition,1800,7,pw01dud102023103299/13,ヌビアン,5,▲上里 直汰,40.1,１ 3/4,06,02,13,3歳,未勝利,2026-08-09,pw01sde1004202602060420260809,3歳未勝利,04,（混合）［指定］,,11時10分,牡3,https://www.jra.go.jp/JRADB/accessS.html?CNAME=pw01sde1004202602060420260809%2FBE,ダート,1:55.8,,清水 英克,曇,馬齢,,
502(+2),52.0,8  9  10  10,新潟,QUARANTINED_HTML:track_condition,1800,8,pw01dud102023104855/1C,カノープス,15,▲石田 拓郎,39.2,クビ,06,02,11,3歳,未勝利,2026-08-09,pw01sde1004202602060420260809,3歳未勝利,04,（混合）［指定］,,11時10分,牝3,https://www.jra.go.jp/JRADB/accessS.html?CNAME=pw01sde1004202602060420260809%2FBE,ダート,1:55.9,,辻 哲英,曇,馬齢,,
460(-2),57.0,11  11  14  11,新潟,QUARANTINED_HTML:track_condition,1800,9,pw01dud102023100052/7F,オセアビシャイン,2,佐々木 大輔,39.4,５,06,02,12,3歳,未勝利,2026-08-09,pw01sde1004202602060420260809,3歳未勝利,04,（混合）［指定］,,11時10分,牡3,https://www.jra.go.jp/JRADB/accessS.html?CNAME=pw01sde1004202602060420260809%2FBE,ダート,1:56.7,,菊川 正達,曇,馬齢,,
476(0),54.0,13  14  14  14,新潟,QUARANTINED_HTML:track_condition,1800,10,pw01dud102023107425/F5,ジュングロワール,7,▲佐藤 翔馬,39.7,１ 1/2,06,02,14,3歳,未勝利,2026-08-09,pw01sde1004202602060420260809,3歳未勝利,04,（混合）［指定］,,11時10分,牡3,https://www.jra.go.jp/JRADB/accessS.html?CNAME=pw01sde1004202602060420260809%2FBE,ダート,1:57.0,,堀内 岳志,曇,馬齢,,
492(-4),55.0,12  12  11  11,新潟,QUARANTINED_HTML:track_condition,1800,11,pw01dud102023104860/ED,ハリコミチュウ,9,木幡 初也,40.1,３／４,06,02,6,3歳,未勝利,2026-08-09,pw01sde1004202602060420260809,3歳未勝利,04,（混合）［指定］,,11時10分,牝3,https://www.jra.go.jp/JRADB/accessS.html?CNAME=pw01sde1004202602060420260809%2FBE,ダート,1:57.1,,竹内 正洋,曇,馬齢,,
520(-2),57.0,15  15  12  13,新潟,QUARANTINED_HTML:track_condition,1800,12,pw01dud102023106946/8E,ダゴベルト,1,杉原 誠人,40.5,３ 1/2,06,02,15,3歳,未勝利,2026-08-09,pw01sde1004202602060420260809,3歳未勝利,04,（混合）［指定］,,11時10分,牡3,https://www.jra.go.jp/JRADB/accessS.html?CNAME=pw01sde1004202602060420260809%2FBE,ダート,1:57.7,,古賀 大生,曇,馬齢,,
436(+2),55.0,5  5  7  7,新潟,QUARANTINED_HTML:track_condition,1800,13,pw01dud102023105973/76,ユイノスレチガイ,6,△石神 深道,42.1,５,06,02,9,3歳,未勝利,2026-08-09,pw01sde1004202602060420260809,3歳未勝利,04,（混合）［指定］,,11時10分,牡3,https://www.jra.go.jp/JRADB/accessS.html?CNAME=pw01sde1004202602060420260809%2FBE,ダート,1:58.5,,深山 雅史,曇,馬齢,,
470(+8),57.0,7  7  7  9,新潟,QUARANTINED_HTML:track_condition,1800,14,pw01dud102023106151/D7,ラスタリア,11,菊沢 一樹,42.8,４,06,02,7,3歳,未勝利,2026-08-09,pw01sde1004202602060420260809,3歳未勝利,04,（混合）［指定］,,11時10分,牡3,https://www.jra.go.jp/JRADB/accessS.html?CNAME=pw01sde1004202602060420260809%2FBE,ダート,1:59.2,,岩戸 孝樹,曇,馬齢,,
460(-8),55.0,8  7  12  15,新潟,QUARANTINED_HTML:track_condition,1800,15,pw01dud102023106971/7F,クィーンズウィンク,13,吉村 誠之助,42.7,４,06,02,10,3歳,未勝利,2026-08-09,pw01sde1004202602060420260809,3歳未勝利,04,（混合）［指定］,,11時10分,牝3,https://www.jra.go.jp/JRADB/accessS.html?CNAME=pw01sde1004202602060420260809%2FBE,ダート,1:59.9,,清水 久詞,曇,馬齢,,
482(+2),56.0,2  2,新潟,QUARANTINED_HTML:track_condition,1200,1,pw01dud102023102007/4C,ゼファーテソーロ,11,菊沢 一樹,36.9,,06,02,4,3歳以上,1勝クラス,2026-08-09,pw01sde1004202602060520260809,3歳以上1勝クラス,05,（混合）［指定］,,11時40分,牡3,https://www.jra.go.jp/JRADB/accessS.html?CNAME=pw01sde1004202602060520260809%2F73,ダート,1:12.0,,栗田 徹,曇,定量,,
496(+10),56.0,5  5,新潟,QUARANTINED_HTML:track_condition,1200,2,pw01dud102023106932/B2,サトノエスケープ,3,田辺 裕信,36.7,１／２,06,02,5,3歳以上,1勝クラス,2026-08-09,pw01sde1004202602060520260809,3歳以上1勝クラス,05,（混合）［指定］,,11時40分,牡3,https://www.jra.go.jp/JRADB/accessS.html?CNAME=pw01sde1004202602060520260809%2F73,ダート,1:12.1,,久保田 貴士,曇,定量,,
480(+4),56.0,1  1,新潟,QUARANTINED_HTML:track_condition,1200,3,pw01dud102023106208/DD,スリーコーズ,10,岩田 望来,37.3,１ 1/4,06,02,6,3歳以上,1勝クラス,2026-08-09,pw01sde1004202602060520260809,3歳以上1勝クラス,05,（混合）［指定］,,11時40分,牡3,https://www.jra.go.jp/JRADB/accessS.html?CNAME=pw01sde1004202602060520260809%2F73,ダート,1:12.3,,伊藤 圭三,曇,定量,,
472(0),56.0,5  5,新潟,QUARANTINED_HTML:track_condition,1200,4,pw01dud102023105083/CD,ベルゼビュート,2,佐々木 大輔,36.9,アタマ,06,02,3,3歳以上,1勝クラス,2026-08-09,pw01sde1004202602060520260809,3歳以上1勝クラス,05,（混合）［指定］,,11時40分,牡3,https://www.jra.go.jp/JRADB/accessS.html?CNAME=pw01sde1004202602060520260809%2F73,ダート,1:12.3,,高木 登,曇,定量,,
450(-8),54.0,10  9,新潟,QUARANTINED_HTML:track_condition,1200,5,pw01dud102023101039/73,ベアアッコチャン,6,大野 拓弥,36.5,１／２,06,02,7,3歳以上,1勝クラス,2026-08-09,pw01sde1004202602060520260809,3歳以上1勝クラス,05,（混合）［指定］,,11時40分,牝3,https://www.jra.go.jp/JRADB/accessS.html?CNAME=pw01sde1004202602060520260809%2F73,ダート,1:12.4,,杉浦 宏昭,曇,定量,,
472(-8),56.0,3  3,新潟,QUARANTINED_HTML:track_condition,1200,6,pw01dud102023100359/37,シュヴァルツシルト,12,戸崎 圭太,37.2,クビ,06,02,2,3歳以上,1勝クラス,2026-08-09,pw01sde1004202602060520260809,3歳以上1勝クラス,05,（混合）［指定］,,11時40分,牡3,https://www.jra.go.jp/JRADB/accessS.html?CNAME=pw01sde1004202602060520260809%2F73,ダート,1:12.4,,田島 俊明,曇,定量,,
488(+4),53.0,5  5,新潟,QUARANTINED_HTML:track_condition,1200,7,pw01dud102023103216/3A,アンバサダネージュ,9,▲佐藤 翔馬,37.4,２ 1/2,06,02,1,3歳以上,1勝クラス,2026-08-09,pw01sde1004202602060520260809,3歳以上1勝クラス,05,（混合）［指定］,,11時40分,牡3,https://www.jra.go.jp/JRADB/accessS.html?CNAME=pw01sde1004202602060520260809%2F73,ダート,1:12.8,,武藤 善則,曇,定量,,
520(+4),57.0,8  8,新潟,QUARANTINED_HTML:track_condition,1200,8,pw01dud102022100582/18,プルシャプラ,8,☆田山 旺佑,37.7,３,06,02,9,3歳以上,1勝クラス,2026-08-09,pw01sde1004202602060520260809,3歳以上1勝クラス,05,（混合）［指定］,,11時40分,牡4,https://www.jra.go.jp/JRADB/accessS.html?CNAME=pw01sde1004202602060520260809%2F73,ダート,1:13.3,,池上 昌和,曇,定量,,
460(-6),56.0,12  11,新潟,QUARANTINED_HTML:track_condition,1200,9,pw01dud102022100323/C9,トキメキジニア,7,丸田 恭介,37.3,２,06,02,15,3歳以上,1勝クラス,2026-08-09,pw01sde1004202602060520260809,3歳以上1勝クラス,05,（混合）［指定］,,11時40分,牝4,https://www.jra.go.jp/JRADB/accessS.html?CNAME=pw01sde1004202602060520260809%2F73,ダート,1:13.7,,佐藤 吉勝,曇,定量,,
490(+2),56.0,12  11,新潟,QUARANTINED_HTML:track_condition,1200,10,pw01dud102023100533/C7,タイセイブルーム,13,原 優介,37.6,１ 1/4,06,02,13,3歳以上,1勝クラス,2026-08-09,pw01sde1004202602060520260809,3歳以上1勝クラス,05,（混合）［指定］,,11時40分,牡3,https://www.jra.go.jp/JRADB/accessS.html?CNAME=pw01sde1004202602060520260809%2F73,ダート,1:13.9,,古賀 慎明,曇,定量,,
502(-6),53.0,12  11,新潟,QUARANTINED_HTML:track_condition,1200,11,pw01dud102023104992/34,エコロバロン,4,▲石田 拓郎,37.5,ハナ,06,02,12,3歳以上,1勝クラス,2026-08-09,pw01sde1004202602060520260809,3歳以上1勝クラス,05,（混合）［指定］,,11時40分,牡3,https://www.jra.go.jp/JRADB/accessS.html?CNAME=pw01sde1004202602060520260809%2F73,ダート,1:13.9,,菊沢 隆徳,曇,定量,,
476(-2),58.0,15  15,新潟,QUARANTINED_HTML:track_condition,1200,12,pw01dud102020100617/00,ブリングライト,1,木幡 巧也,36.8,アタマ,06,02,11,3歳以上,1勝クラス,2026-08-09,pw01sde1004202602060520260809,3歳以上1勝クラス,05,（混合）［指定］,,11時40分,牡6,https://www.jra.go.jp/JRADB/accessS.html?CNAME=pw01sde1004202602060520260809%2F73,ダート,1:13.9,,松山 将樹,曇,定量,,
484(-2),58.0,11  14,新潟,QUARANTINED_HTML:track_condition,1200,13,pw01dud102022105697/43,ソリッドベーシス,14,杉原 誠人,38.2,２,06,02,14,3歳以上,1勝クラス,2026-08-09,pw01sde1004202602060520260809,3歳以上1勝クラス,05,（混合）［指定］,,11時40分,せん4,https://www.jra.go.jp/JRADB/accessS.html?CNAME=pw01sde1004202602060520260809%2F73,ダート,1:14.3,,大和田 成,曇,定量,,
510(0),55.0,3  3,新潟,QUARANTINED_HTML:track_condition,1200,14,pw01dud102021102745/E5,ペッパーミル,15,▲上里 直汰,40.1,６,06,02,8,3歳以上,1勝クラス,2026-08-09,pw01sde1004202602060520260809,3歳以上1勝クラス,05,（混合）［指定］,,11時40分,牡5,https://www.jra.go.jp/JRADB/accessS.html?CNAME=pw01sde1004202602060520260809%2F73,ダート,1:15.3,,加藤 士津八,曇,定量,,
492(-4),54.0,8  9,新潟,QUARANTINED_HTML:track_condition,1200,15,pw01dud102023100949/4D,マジンタクシー,5,木幡 初也,40.0,２,06,02,10,3歳以上,1勝クラス,2026-08-09,pw01sde1004202602060520260809,3歳以上1勝クラス,05,（混合）［指定］,,11時40分,牝3,https://www.jra.go.jp/JRADB/accessS.html?CNAME=pw01sde1004202602060520260809%2F73,ダート,1:15.6,,深山 雅史,曇,定量,,
520(+6),55.0,7  7,新潟,PASS_HTML,1800,1,pw01dud102023103687/E1,ライヒスアドラー,1,佐々木 大輔,32.7,,06,02,1,3歳以上,3勝クラス,2026-08-09,pw01sde1004202602060620260809,佐渡ステークス,06,（混合）（特指）,,15時01分,牡3,https://www.jra.go.jp/JRADB/accessS.html?CNAME=pw01sde1004202602060620260809%2F28,芝,1:44.8,良,上原 佑紀,晴,定量,,
518(+6),56.0,12  13,新潟,PASS_HTML,1800,2,pw01dud102021104865/14,カニキュル,3,杉原 誠人,32.5,３／４,06,02,2,3歳以上,3勝クラス,2026-08-09,pw01sde1004202602060620260809,佐渡ステークス,06,（混合）（特指）,,15時01分,牝5,https://www.jra.go.jp/JRADB/accessS.html?CNAME=pw01sde1004202602060620260809%2F28,芝,1:45.0,良,菊沢 隆徳,晴,定量,,
494(-4),58.0,1  1,新潟,PASS_HTML,1800,3,pw01dud102020104753/61,サトノヴィレ,9,荻野 極,33.7,１ 1/2,06,02,9,3歳以上,3勝クラス,2026-08-09,pw01sde1004202602060620260809,佐渡ステークス,06,（混合）（特指）,,15時01分,せん6,https://www.jra.go.jp/JRADB/accessS.html?CNAME=pw01sde1004202602060620260809%2F28,芝,1:45.2,良,鹿戸 雄一,晴,定量,,
498(+6),58.0,9  10,新潟,PASS_HTML,1800,4,pw01dud102022110054/A7,デルアヴァー,11,坂井 瑠星,33.0,クビ,06,02,5,3歳以上,3勝クラス,2026-08-09,pw01sde1004202602060620260809,佐渡ステークス,06,（混合）（特指）,,15時01分,牡4,https://www.jra.go.jp/JRADB/accessS.html?CNAME=pw01sde1004202602060620260809%2F28,芝,1:45.3,良,松永 幹夫,晴,定量,,
504(+2),58.0,9  9,新潟,PASS_HTML,1800,5,pw01dud102020100976/80,ハギノアルデバラン,5,菊沢 一樹,33.1,ハナ,06,02,8,3歳以上,3勝クラス,2026-08-09,pw01sde1004202602060620260809,佐渡ステークス,06,（混合）（特指）,,15時01分,牡6,https://www.jra.go.jp/JRADB/accessS.html?CNAME=pw01sde1004202602060620260809%2F28,芝,1:45.3,良,佐藤 悠太,晴,定量,,
492(-4),56.0,4  4,新潟,PASS_HTML,1800,6,pw01dud102021101724/63,ガジュノリ,4,田辺 裕信,33.7,１ 1/2,06,02,4,3歳以上,3勝クラス,2026-08-09,pw01sde1004202602060620260809,佐渡ステークス,06,（混合）（特指）,,15時01分,牝5,https://www.jra.go.jp/JRADB/accessS.html?CNAME=pw01sde1004202602060620260809%2F28,芝,1:45.5,良,尾形 和幸,晴,定量,,
466(-2),58.0,4  5,新潟,PASS_HTML,1800,7,pw01dud102021105453/49,エラン,10,田山 旺佑,33.7,クビ,06,02,11,3歳以上,3勝クラス,2026-08-09,pw01sde1004202602060620260809,佐渡ステークス,06,（混合）（特指）,,15時01分,牡5,https://www.jra.go.jp/JRADB/accessS.html?CNAME=pw01sde1004202602060620260809%2F28,芝,1:45.6,良,蛯名 正義,晴,定量,,
506(+8),56.0,12  12,新潟,PASS_HTML,1800,8,pw01dud102020100934/5A,クリニクラウン,8,大野 拓弥,33.2,クビ,06,02,10,3歳以上,3勝クラス,2026-08-09,pw01sde1004202602060620260809,佐渡ステークス,06,（混合）（特指）,,15時01分,牝6,https://www.jra.go.jp/JRADB/accessS.html?CNAME=pw01sde1004202602060620260809%2F28,芝,1:45.6,良,小手川 準,晴,定量,,
520(-2),58.0,11  10,新潟,PASS_HTML,1800,9,pw01dud102018106154/81,エスコバル,12,吉田 豊,33.5,クビ,06,02,12,3歳以上,3勝クラス,2026-08-09,pw01sde1004202602060620260809,佐渡ステークス,06,（混合）（特指）,,15時01分,せん8,https://www.jra.go.jp/JRADB/accessS.html?CNAME=pw01sde1004202602060620260809%2F28,芝,1:45.7,良,高橋 文雅,晴,定量,,
466(+4),58.0,2  2,新潟,PASS_HTML,1800,10,pw01dud102021105704/FF,コルレオニス,2,M.デムーロ,34.2,１,06,02,7,3歳以上,3勝クラス,2026-08-09,pw01sde1004202602060620260809,佐渡ステークス,06,（混合）（特指）,,15時01分,牡5,https://www.jra.go.jp/JRADB/accessS.html?CNAME=pw01sde1004202602060620260809%2F28,芝,1:45.8,良,友道 康夫,晴,定量,,
468(+12),56.0,8  7,新潟,PASS_HTML,1800,11,pw01dud102022101134/D9,テンミラクルスター,13,石川 裕紀人,33.8,１／２,06,02,6,3歳以上,3勝クラス,2026-08-09,pw01sde1004202602060620260809,佐渡ステークス,06,（混合）（特指）,,15時01分,牝4,https://www.jra.go.jp/JRADB/accessS.html?CNAME=pw01sde1004202602060620260809%2F28,芝,1:45.9,良,辻 哲英,晴,定量,,
474(+4),56.0,4  5,新潟,PASS_HTML,1800,12,pw01dud102022100019/D8,マカナ,6,松岡 正海,34.2,１／２,06,02,3,3歳以上,3勝クラス,2026-08-09,pw01sde1004202602060620260809,佐渡ステークス,06,（混合）（特指）,,15時01分,牝4,https://www.jra.go.jp/JRADB/accessS.html?CNAME=pw01sde1004202602060620260809%2F28,芝,1:46.0,良,伊藤 大士,晴,定量,,
522(+4),58.0,2  2,新潟,PASS_HTML,1800,13,pw01dud102020106535/A3,モズロックンロール,7,吉村 誠之助,34.6,１ 1/2,06,02,13,3歳以上,3勝クラス,2026-08-09,pw01sde1004202602060620260809,佐渡ステークス,06,（混合）（特指）,,15時01分,牡6,https://www.jra.go.jp/JRADB/accessS.html?CNAME=pw01sde1004202602060620260809%2F28,芝,1:46.3,良,藤岡 健一,晴,定量,,
504(+4),57.0,4  5  4  4,新潟,QUARANTINED_HTML:track_condition,1800,1,pw01dud102023104387/3D,チェリヴェント,4,吉村 誠之助,37.6,,06,02,6,3歳,オープン,2026-08-09,pw01sde1004202602060720260809,レパードステークス,07,（国際）（指定）,112,15時35分,牡3,https://www.jra.go.jp/JRADB/accessS.html?CNAME=pw01sde1004202602060720260809%2FDD,ダート,1:51.2,,清水 久詞,晴,馬齢,,
524,57.0,2  2  2  2,新潟,QUARANTINED_HTML:track_condition,1800,2,pw01dud102023101134/65,パイロマンサー,11,岩田 望来,37.9,アタマ,06,02,4,3歳,オープン,2026-08-09,pw01sde1004202602060720260809,レパードステークス,07,（国際）（指定）,111,15時35分,牡3,https://www.jra.go.jp/JRADB/accessS.html?CNAME=pw01sde1004202602060720260809%2FDD,ダート,1:51.2,,吉村 圭司,晴,馬齢,,
530(+8),57.0,4  2  2  3,新潟,QUARANTINED_HTML:track_condition,1800,3,pw01dud102023105303/E0,メルカントゥール,12,坂井 瑠星,38.0,３／４,06,02,1,3歳,オープン,2026-08-09,pw01sde1004202602060720260809,レパードステークス,07,（国際）（指定）,110,15時35分,牡3,https://www.jra.go.jp/JRADB/accessS.html?CNAME=pw01sde1004202602060720260809%2FDD,ダート,1:51.3,,杉山 晴紀,晴,馬齢,,
470(+2),57.0,1  1  1  1,新潟,QUARANTINED_HTML:track_condition,1800,4,pw01dud102023101269/05,ドンエレクトス,6,荻野 極,38.3,１,06,02,3,3歳,オープン,2026-08-09,pw01sde1004202602060720260809,レパードステークス,07,（国際）（指定）,108,15時35分,牡3,https://www.jra.go.jp/JRADB/accessS.html?CNAME=pw01sde1004202602060720260809%2FDD,ダート,1:51.5,,高木 登,晴,馬齢,,
446(+2),57.0,9  9  7  7,新潟,QUARANTINED_HTML:track_condition,1800,5,pw01dud102023103919/EA,オオツカ,1,津村 明秀,37.9,２,06,02,10,3歳,オープン,2026-08-09,pw01sde1004202602060720260809,レパードステークス,07,（国際）（指定）,105,15時35分,牡3,https://www.jra.go.jp/JRADB/accessS.html?CNAME=pw01sde1004202602060720260809%2FDD,ダート,1:51.9,,大久保 龍志,晴,馬齢,,
474(0),57.0,9  10  9  9,新潟,QUARANTINED_HTML:track_condition,1800,6,pw01dud102023107036/B4,ショウナンバンライ,9,田山 旺佑,37.9,１ 1/4,06,02,2,3歳,オープン,2026-08-09,pw01sde1004202602060720260809,レパードステークス,07,（国際）（指定）,103,15時35分,牡3,https://www.jra.go.jp/JRADB/accessS.html?CNAME=pw01sde1004202602060720260809%2FDD,ダート,1:52.1,,松下 武士,晴,馬齢,,
476(-4),57.0,7  7  4  4,新潟,QUARANTINED_HTML:track_condition,1800,7,pw01dud102023104733/E5,タガノアバンドーネ,10,菱田 裕二,39.1,４,06,02,7,3歳,オープン,2026-08-09,pw01sde1004202602060720260809,レパードステークス,07,（国際）（指定）,97,15時35分,牡3,https://www.jra.go.jp/JRADB/accessS.html?CNAME=pw01sde1004202602060720260809%2FDD,ダート,1:52.7,,角田 晃一,晴,馬齢,,
512(+4),57.0,7  7  7  7,新潟,QUARANTINED_HTML:track_condition,1800,8,pw01dud102023104927/03,テンカムテキ,8,石川 裕紀人,38.7,アタマ,06,02,11,3歳,オープン,2026-08-09,pw01sde1004202602060720260809,レパードステークス,07,（国際）（指定）,97,15時35分,牡3,https://www.jra.go.jp/JRADB/accessS.html?CNAME=pw01sde1004202602060720260809%2FDD,ダート,1:52.7,,林 徹,晴,馬齢,,
472(+8),57.0,11  11  10  10,新潟,QUARANTINED_HTML:track_condition,1800,9,pw01dud102023106821/FE,マクリール,5,戸崎 圭太,38.7,２ 1/2,06,02,5,3歳,オープン,2026-08-09,pw01sde1004202602060720260809,レパードステークス,07,（国際）（指定）,93,15時35分,牡3,https://www.jra.go.jp/JRADB/accessS.html?CNAME=pw01sde1004202602060720260809%2FDD,ダート,1:53.1,,手塚 貴久,晴,馬齢,,
482(+8),57.0,2  2  4  4,新潟,QUARANTINED_HTML:track_condition,1800,10,pw01dud102023107091/D5,ヒシアムルーズ,3,佐々木 大輔,40.3,４,06,02,9,3歳,オープン,2026-08-09,pw01sde1004202602060720260809,レパードステークス,07,（国際）（指定）,87,15時35分,牡3,https://www.jra.go.jp/JRADB/accessS.html?CNAME=pw01sde1004202602060720260809%2FDD,ダート,1:53.8,,堀 宣行,晴,馬齢,,
500(+4),57.0,6  5  10  11,新潟,QUARANTINED_HTML:track_condition,1800,11,pw01dud102023101154/85,ファイアマン,2,原 優介,39.9,３,06,02,8,3歳,オープン,2026-08-09,pw01sde1004202602060720260809,レパードステークス,07,（国際）（指定）,83,15時35分,牡3,https://www.jra.go.jp/JRADB/accessS.html?CNAME=pw01sde1004202602060720260809%2FDD,ダート,1:54.3,,上原 博之,晴,馬齢,,
504(-2),57.0,11  11  12  12,新潟,QUARANTINED_HTML:track_condition,1800,12,pw01dud102023104103/8F,パラダイスフェイス,7,石橋 脩,41.7,大差,06,02,12,3歳,オープン,2026-08-09,pw01sde1004202602060720260809,レパードステークス,07,（国際）（指定）,58,15時35分,牡3,https://www.jra.go.jp/JRADB/accessS.html?CNAME=pw01sde1004202602060720260809%2FDD,ダート,1:57.1,,牧 光二,晴,馬齢,,
474(-4),56.0,,新潟,PASS_HTML,1000,1,pw01dud102021100356/C6,クールベイビー,17,岩田 望来,33.1,,06,02,2,3歳以上,2勝クラス,2026-08-09,pw01sde1004202602060820260809,驀進特別,08,（混合）［指定］,,16時10分,牝5,https://www.jra.go.jp/JRADB/accessS.html?CNAME=pw01sde1004202602060820260809%2F92,芝,0:54.6,良,矢野 英一,晴,定量,,
486(+10),56.0,,新潟,PASS_HTML,1000,2,pw01dud102022101604/9E,ハニーローリエ,11,菊沢 一樹,32.6,クビ,06,02,1,3歳以上,2勝クラス,2026-08-09,pw01sde1004202602060820260809,驀進特別,08,（混合）［指定］,,16時10分,牝4,https://www.jra.go.jp/JRADB/accessS.html?CNAME=pw01sde1004202602060820260809%2F92,芝,0:54.7,良,小手川 準,晴,定量,,
436(+12),54.0,,新潟,PASS_HTML,1000,3,pw01dud102023106613/72,カレンデュラ,8,江田 照男,32.4,クビ,06,02,6,3歳以上,2勝クラス,2026-08-09,pw01sde1004202602060820260809,驀進特別,08,（混合）［指定］,,16時10分,牝3,https://www.jra.go.jp/JRADB/accessS.html?CNAME=pw01sde1004202602060820260809%2F92,芝,0:54.7,良,室井 潔,晴,定量,,
488(+2),56.0,,新潟,PASS_HTML,1000,4,pw01dud102020102674/E5,スペルキャスター,5,M.デムーロ,32.2,１／２,06,02,12,3歳以上,2勝クラス,2026-08-09,pw01sde1004202602060820260809,驀進特別,08,（混合）［指定］,,16時10分,牝6,https://www.jra.go.jp/JRADB/accessS.html?CNAME=pw01sde1004202602060820260809%2F92,芝,0:54.8,良,蛯名 利弘,晴,定量,,
460(+2),56.0,,新潟,PASS_HTML,1000,5,pw01dud102022106187/2D,ゼンダンタカ,6,杉原 誠人,33.2,ハナ,06,02,13,3歳以上,2勝クラス,2026-08-09,pw01sde1004202602060820260809,驀進特別,08,（混合）［指定］,,16時10分,牝4,https://www.jra.go.jp/JRADB/accessS.html?CNAME=pw01sde1004202602060820260809%2F92,芝,0:54.8,良,中舘 英二,晴,定量,,
468(-8),56.0,,新潟,PASS_HTML,1000,6,pw01dud102021104777/D9,クォーツァイト,1,佐々木 大輔,32.7,クビ,06,02,15,3歳以上,2勝クラス,2026-08-09,pw01sde1004202602060820260809,驀進特別,08,（混合）［指定］,,16時10分,牝5,https://www.jra.go.jp/JRADB/accessS.html?CNAME=pw01sde1004202602060820260809%2F92,芝,0:54.9,良,橋田 宜長,晴,定量,,
480(-12),58.0,,新潟,PASS_HTML,1000,7,pw01dud102021106986/B6,ミスエル,4,武藤 雅,32.4,１／２,06,02,16,3歳以上,2勝クラス,2026-08-09,pw01sde1004202602060820260809,驀進特別,08,（混合）［指定］,,16時10分,牡5,https://www.jra.go.jp/JRADB/accessS.html?CNAME=pw01sde1004202602060820260809%2F92,芝,0:55.0,良,菊沢 隆徳,晴,定量,,
536(-4),58.0,,新潟,PASS_HTML,1000,8,pw01dud102021100144/6E,ロードトレゾール,13,吉村 誠之助,33.1,ハナ,06,02,3,3歳以上,2勝クラス,2026-08-09,pw01sde1004202602060820260809,驀進特別,08,（混合）［指定］,,16時10分,牡5,https://www.jra.go.jp/JRADB/accessS.html?CNAME=pw01sde1004202602060820260809%2F92,芝,0:55.0,良,清水 久詞,晴,定量,,
452(+2),56.0,,新潟,PASS_HTML,1000,9,pw01dud102020104174/CE,レジーナローズ,12,津村 明秀,32.8,３／４,06,02,4,3歳以上,2勝クラス,2026-08-09,pw01sde1004202602060820260809,驀進特別,08,（混合）［指定］,,16時10分,牝6,https://www.jra.go.jp/JRADB/accessS.html?CNAME=pw01sde1004202602060820260809%2F92,芝,0:55.1,良,鈴木 慎太郎,晴,定量,,
456(+4),56.0,,新潟,PASS_HTML,1000,10,pw01dud102021104074/29,ラブディーヴァ,14,石田 拓郎,33.0,クビ,06,02,7,3歳以上,2勝クラス,2026-08-09,pw01sde1004202602060820260809,驀進特別,08,（混合）［指定］,,16時10分,牝5,https://www.jra.go.jp/JRADB/accessS.html?CNAME=pw01sde1004202602060820260809%2F92,芝,0:55.2,良,田中 勝春,晴,定量,,
476(+6),56.0,,新潟,PASS_HTML,1000,11,pw01dud102022104387/B1,キントラダンサー,15,田山 旺佑,33.8,アタマ,06,02,5,3歳以上,2勝クラス,2026-08-09,pw01sde1004202602060820260809,驀進特別,08,（混合）［指定］,,16時10分,牝4,https://www.jra.go.jp/JRADB/accessS.html?CNAME=pw01sde1004202602060820260809%2F92,芝,0:55.2,良,長谷川 浩大,晴,定量,,
448(0),56.0,,新潟,PASS_HTML,1000,12,pw01dud102021104365/1F,リュウノタブーク,3,原 優介,32.2,１／２,06,02,17,3歳以上,2勝クラス,2026-08-09,pw01sde1004202602060820260809,驀進特別,08,（混合）［指定］,,16時10分,牝5,https://www.jra.go.jp/JRADB/accessS.html?CNAME=pw01sde1004202602060820260809%2F92,芝,0:55.3,良,伊坂 重信,晴,定量,,
468(0),56.0,,新潟,PASS_HTML,1000,13,pw01dud102022104190/3A,ラトルシェ,7,三浦 皇成,32.8,クビ,06,02,10,3歳以上,2勝クラス,2026-08-09,pw01sde1004202602060820260809,驀進特別,08,（混合）［指定］,,16時10分,牝4,https://www.jra.go.jp/JRADB/accessS.html?CNAME=pw01sde1004202602060820260809%2F92,芝,0:55.3,良,菊川 正達,晴,定量,,
462(0),58.0,,新潟,PASS_HTML,1000,14,pw01dud102021106066/DD,メッエフアパラ,16,菱田 裕二,33.5,１ 1/2,06,02,8,3歳以上,2勝クラス,2026-08-09,pw01sde1004202602060820260809,驀進特別,08,（混合）［指定］,,16時10分,牡5,https://www.jra.go.jp/JRADB/accessS.html?CNAME=pw01sde1004202602060820260809%2F92,芝,0:55.6,良,辻 哲英,晴,定量,,
492(-4),58.0,,新潟,PASS_HTML,1000,15,pw01dud102020103477/CB,サトノアルペジオ,9,田辺 裕信,32.3,１ 1/4,06,02,14,3歳以上,2勝クラス,2026-08-09,pw01sde1004202602060820260809,驀進特別,08,（混合）［指定］,,16時10分,せん6,https://www.jra.go.jp/JRADB/accessS.html?CNAME=pw01sde1004202602060820260809%2F92,芝,0:55.8,良,大和田 成,晴,定量,,
428(+2),56.0,,新潟,PASS_HTML,1000,16,pw01dud102022106637/D2,ラヴェンデル,2,坂井 瑠星,32.8,クビ,06,02,9,3歳以上,2勝クラス,2026-08-09,pw01sde1004202602060820260809,驀進特別,08,（混合）［指定］,,16時10分,牝4,https://www.jra.go.jp/JRADB/accessS.html?CNAME=pw01sde1004202602060820260809%2F92,芝,0:55.8,良,吉村 圭司,晴,定量,,
442(+14),56.0,,新潟,PASS_HTML,1000,17,pw01dud102022104216/9D,ペイシャヴァルツー,10,石川 裕紀人,34.1,６,06,02,11,3歳以上,2勝クラス,2026-08-09,pw01sde1004202602060820260809,驀進特別,08,（混合）［指定］,,16時10分,牝4,https://www.jra.go.jp/JRADB/accessS.html?CNAME=pw01sde1004202602060820260809%2F92,芝,0:56.8,良,吉田 直弘,晴,定量,,
448(-2),53.0,4  3,新潟,PASS_HTML,2000,1,pw01dud102023107277/C9,モートンアイランド,5,津村 明秀,32.6,,06,02,2,3歳以上,1勝クラス,2026-08-09,pw01sde1004202602061020260809,3歳以上1勝クラス,10,[指定],,17時20分,牝3,https://www.jra.go.jp/JRADB/accessS.html?CNAME=pw01sde1004202602061020260809%2F3C,芝,2:00.4,良,手塚 貴久,晴,定量,,
506(+10),55.0,1  1,新潟,PASS_HTML,2000,2,pw01dud102023107228/EC,ウップヘリーア,7,戸崎 圭太,33.0,３／４,06,02,1,3歳以上,1勝クラス,2026-08-09,pw01sde1004202602061020260809,3歳以上1勝クラス,10,[指定],,17時20分,牡3,https://www.jra.go.jp/JRADB/accessS.html?CNAME=pw01sde1004202602061020260809%2F3C,芝,2:00.5,良,黒岩 陽一,晴,定量,,
520(0),56.0,2  2,新潟,PASS_HTML,2000,3,pw01dud102022105365/9A,オプレントジュエル,6,三浦 皇成,33.1,１ 1/4,06,02,4,3歳以上,1勝クラス,2026-08-09,pw01sde1004202602061020260809,3歳以上1勝クラス,10,[指定],,17時20分,牝4,https://www.jra.go.jp/JRADB/accessS.html?CNAME=pw01sde1004202602061020260809%2F3C,芝,2:00.7,良,中舘 英二,晴,定量,,
424(-6),56.0,5  3,新潟,PASS_HTML,2000,4,pw01dud102022101620/F2,トラストモアリズム,1,石橋 脩,32.9,１／２,06,02,7,3歳以上,1勝クラス,2026-08-09,pw01sde1004202602061020260809,3歳以上1勝クラス,10,[指定],,17時20分,牝4,https://www.jra.go.jp/JRADB/accessS.html?CNAME=pw01sde1004202602061020260809%2F3C,芝,2:00.8,良,高橋 文雅,晴,定量,,
466(+4),58.0,5  6,新潟,PASS_HTML,2000,5,pw01dud102022103308/B5,ミッドセンチュリー,2,杉原 誠人,32.7,ハナ,06,02,3,3歳以上,1勝クラス,2026-08-09,pw01sde1004202602061020260809,3歳以上1勝クラス,10,[指定],,17時20分,牡4,https://www.jra.go.jp/JRADB/accessS.html?CNAME=pw01sde1004202602061020260809%2F3C,芝,2:00.8,良,松山 将樹,晴,定量,,
440(0),58.0,5  6,新潟,PASS_HTML,2000,6,pw01dud102021101088/38,テイキットイージー,3,菊沢 一樹,32.9,１ 1/2,06,02,6,3歳以上,1勝クラス,2026-08-09,pw01sde1004202602061020260809,3歳以上1勝クラス,10,[指定],,17時20分,牡5,https://www.jra.go.jp/JRADB/accessS.html?CNAME=pw01sde1004202602061020260809%2F3C,芝,2:01.0,良,萱野 浩二,晴,定量,,
486(-3),58.0,3  3,新潟,PASS_HTML,2000,7,pw01dud102022105223/43,イスキオス,4,田辺 裕信,33.9,５,06,02,5,3歳以上,1勝クラス,2026-08-09,pw01sde1004202602061020260809,3歳以上1勝クラス,10,[指定],,17時20分,牡4,https://www.jra.go.jp/JRADB/accessS.html?CNAME=pw01sde1004202602061020260809%2F3C,芝,2:01.8,良,栗田 徹,晴,定量,,
478(0),58.0,9  9,新潟,QUARANTINED_HTML:track_condition,1200,1,pw01dud102022105495/FB,マーゴットゲイン,15,吉村 誠之助,35.8,,06,02,10,3歳以上,2勝クラス,2026-08-09,pw01sde1004202602060920260809,3歳以上2勝クラス,09,（混合）［指定］,,16時45分,牡4,https://www.jra.go.jp/JRADB/accessS.html?CNAME=pw01sde1004202602060920260809%2F47,ダート,1:11.2,,伊坂 重信,晴,定量,,
456(+8),56.0,2  2,新潟,QUARANTINED_HTML:track_condition,1200,2,pw01dud102022101557/16,アスタールフナ,5,岩田 望来,37.2,３,06,02,2,3歳以上,2勝クラス,2026-08-09,pw01sde1004202602060920260809,3歳以上2勝クラス,09,（混合）［指定］,,16時45分,牝4,https://www.jra.go.jp/JRADB/accessS.html?CNAME=pw01sde1004202602060920260809%2F47,ダート,1:11.7,,中竹 和也,晴,定量,,
510(+4),57.0,6  7,新潟,QUARANTINED_HTML:track_condition,1200,3,pw01dud102021100158/4A,ダノンモンテローザ,6,☆田山 旺佑,36.9,１ 1/2,06,02,4,3歳以上,2勝クラス,2026-08-09,pw01sde1004202602060920260809,3歳以上2勝クラス,09,（混合）［指定］,,16時45分,せん5,https://www.jra.go.jp/JRADB/accessS.html?CNAME=pw01sde1004202602060920260809%2F47,ダート,1:11.9,,茶木 太樹,晴,定量,,
530(+4),58.0,11  10,新潟,QUARANTINED_HTML:track_condition,1200,4,pw01dud102020100363/F1,キョウエイカンフ,8,吉田 豊,36.3,１／２,06,02,5,3歳以上,2勝クラス,2026-08-09,pw01sde1004202602060920260809,3歳以上2勝クラス,09,（混合）［指定］,,16時45分,牡6,https://www.jra.go.jp/JRADB/accessS.html?CNAME=pw01sde1004202602060920260809%2F47,ダート,1:12.0,,勢司 和浩,晴,定量,,
472(+12),53.0,6  6,新潟,QUARANTINED_HTML:track_condition,1200,5,pw01dud102021103706/07,アルジェンタージョ,13,▲佐藤 翔馬,37.1,１／２,06,02,9,3歳以上,2勝クラス,2026-08-09,pw01sde1004202602060920260809,3歳以上2勝クラス,09,（混合）［指定］,,16時45分,牝5,https://www.jra.go.jp/JRADB/accessS.html?CNAME=pw01sde1004202602060920260809%2F47,ダート,1:12.1,,伊藤 圭三,晴,定量,,
492(+6),56.0,3  3,新潟,QUARANTINED_HTML:track_condition,1200,6,pw01dud102022110132/D2,ピコテンダー,14,津村 明秀,37.4,クビ,06,02,1,3歳以上,2勝クラス,2026-08-09,pw01sde1004202602060920260809,3歳以上2勝クラス,09,（混合）［指定］,,16時45分,牝4,https://www.jra.go.jp/JRADB/accessS.html?CNAME=pw01sde1004202602060920260809%2F47,ダート,1:12.1,,上原 佑紀,晴,定量,,
508(+2),56.0,13  12,新潟,QUARANTINED_HTML:track_condition,1200,7,pw01dud102022106656/7F,ハッピーウィズユー,11,坂井 瑠星,35.9,クビ,06,02,3,3歳以上,2勝クラス,2026-08-09,pw01sde1004202602060920260809,3歳以上2勝クラス,09,（混合）［指定］,,16時45分,牝4,https://www.jra.go.jp/JRADB/accessS.html?CNAME=pw01sde1004202602060920260809%2F47,ダート,1:12.1,,小笠 倫弘,晴,定量,,
502(+4),55.0,10  10,新潟,QUARANTINED_HTML:track_condition,1200,8,pw01dud102020103575/16,シュバルツガイスト,9,▲上里 直汰,36.7,クビ,06,02,15,3歳以上,2勝クラス,2026-08-09,pw01sde1004202602060920260809,3歳以上2勝クラス,09,（混合）［指定］,,16時45分,牡6,https://www.jra.go.jp/JRADB/accessS.html?CNAME=pw01sde1004202602060920260809%2F47,ダート,1:12.2,,手塚 貴徳,晴,定量,,
500(-4),58.0,3  3,新潟,QUARANTINED_HTML:track_condition,1200,9,pw01dud102021105779/AE,レッドセニョール,12,佐々木 大輔,37.6,３／４,06,02,13,3歳以上,2勝クラス,2026-08-09,pw01sde1004202602060920260809,3歳以上2勝クラス,09,（混合）［指定］,,16時45分,牡5,https://www.jra.go.jp/JRADB/accessS.html?CNAME=pw01sde1004202602060920260809%2F47,ダート,1:12.3,,矢嶋 大樹,晴,定量,,
452(-6),58.0,13  15,新潟,QUARANTINED_HTML:track_condition,1200,10,pw01dud102022105824/DC,フィーチャリング,10,原 優介,36.2,３／４,06,02,6,3歳以上,2勝クラス,2026-08-09,pw01sde1004202602060920260809,3歳以上2勝クラス,09,（混合）［指定］,,16時45分,せん4,https://www.jra.go.jp/JRADB/accessS.html?CNAME=pw01sde1004202602060920260809%2F47,ダート,1:12.5,,和田 正一郎,晴,定量,,
488(+2),58.0,1  1,新潟,QUARANTINED_HTML:track_condition,1200,11,pw01dud102020105957/7E,ダズリングダンス,4,木幡 巧也,38.3,１／２,06,02,7,3歳以上,2勝クラス,2026-08-09,pw01sde1004202602060920260809,3歳以上2勝クラス,09,（混合）［指定］,,16時45分,せん6,https://www.jra.go.jp/JRADB/accessS.html?CNAME=pw01sde1004202602060920260809%2F47,ダート,1:12.6,,小椋 研介,晴,定量,,
454(+6),54.0,8  7,新潟,QUARANTINED_HTML:track_condition,1200,12,pw01dud102021104839/B0,プレアデスグループ,2,△石神 深道,37.8,２,06,02,12,3歳以上,2勝クラス,2026-08-09,pw01sde1004202602060920260809,3歳以上2勝クラス,09,（混合）［指定］,,16時45分,牝5,https://www.jra.go.jp/JRADB/accessS.html?CNAME=pw01sde1004202602060920260809%2F47,ダート,1:12.9,,吉岡 辰弥,晴,定量,,
482(+8),56.0,12  14,新潟,QUARANTINED_HTML:track_condition,1200,13,pw01dud102022102347/93,シャンハイナイト,7,大野 拓弥,37.0,１ 1/2,06,02,8,3歳以上,2勝クラス,2026-08-09,pw01sde1004202602060920260809,3歳以上2勝クラス,09,（混合）［指定］,,16時45分,牝4,https://www.jra.go.jp/JRADB/accessS.html?CNAME=pw01sde1004202602060920260809%2F47,ダート,1:13.1,,村田 一誠,晴,定量,,
496(+10),56.0,3  3,新潟,QUARANTINED_HTML:track_condition,1200,14,pw01dud102019105287/D8,フォンメイリー,3,菊沢 一樹,38.6,アタマ,06,02,11,3歳以上,2勝クラス,2026-08-09,pw01sde1004202602060920260809,3歳以上2勝クラス,09,（混合）［指定］,,16時45分,牝7,https://www.jra.go.jp/JRADB/accessS.html?CNAME=pw01sde1004202602060920260809%2F47,ダート,1:13.2,,粕谷 昌央,晴,定量,,
482(-12),55.0,13  12,新潟,QUARANTINED_HTML:track_condition,1200,15,pw01dud102021106119/17,タイセイピューマ,1,▲石田 拓郎,37.2,１ 1/4,06,02,14,3歳以上,2勝クラス,2026-08-09,pw01sde1004202602060920260809,3歳以上2勝クラス,09,（混合）［指定］,,16時45分,牡5,https://www.jra.go.jp/JRADB/accessS.html?CNAME=pw01sde1004202602060920260809%2F47,ダート,1:13.4,,新開 幸一,晴,定量,,
444(-2),55.0,4  4,新潟,PASS_HTML,1600,1,pw01dud102023106468/9F,ガミーヌ,8,武藤 雅,33.3,,06,02,11,3歳,未勝利,2026-08-09,pw01sde1004202602061120260809,3歳未勝利,11,牝［指定］,,17時50分,牝3,https://www.jra.go.jp/JRADB/accessS.html?CNAME=pw01sde1004202602061120260809%2FF1,芝,1:33.7,良,水野 貴広,晴,馬齢,,
456(0),55.0,1  1,新潟,PASS_HTML,1600,2,pw01dud102023103843/37,セルリア,12,田辺 裕信,33.6,クビ,06,02,12,3歳,未勝利,2026-08-09,pw01sde1004202602061120260809,3歳未勝利,11,牝［指定］,,17時50分,牝3,https://www.jra.go.jp/JRADB/accessS.html?CNAME=pw01sde1004202602061120260809%2FF1,芝,1:33.8,良,大和田 成,晴,馬齢,,
474(+4),55.0,7  7,新潟,PASS_HTML,1600,3,pw01dud102023101120/89,バンオンタイム,3,戸崎 圭太,33.1,クビ,06,02,1,3歳,未勝利,2026-08-09,pw01sde1004202602061120260809,3歳未勝利,11,牝［指定］,,17時50分,牝3,https://www.jra.go.jp/JRADB/accessS.html?CNAME=pw01sde1004202602061120260809%2FF1,芝,1:33.8,良,田中 博康,晴,馬齢,,
466(+22),55.0,7  7,新潟,PASS_HTML,1600,4,pw01dud102023106058/CB,ダノンドナウ,10,菊沢 一樹,33.3,３／４,06,02,2,3歳,未勝利,2026-08-09,pw01sde1004202602061120260809,3歳未勝利,11,牝［指定］,,17時50分,牝3,https://www.jra.go.jp/JRADB/accessS.html?CNAME=pw01sde1004202602061120260809%2FF1,芝,1:34.0,良,菊沢 隆徳,晴,馬齢,,
412(+6),55.0,4  4,新潟,PASS_HTML,1600,5,pw01dud102023106286/77,フーディエラン,5,江田 照男,33.6,クビ,06,02,8,3歳,未勝利,2026-08-09,pw01sde1004202602061120260809,3歳未勝利,11,牝［指定］,,17時50分,牝3,https://www.jra.go.jp/JRADB/accessS.html?CNAME=pw01sde1004202602061120260809%2FF1,芝,1:34.0,良,田中 剛,晴,馬齢,,
422(0),55.0,2  2,新潟,PASS_HTML,1600,6,pw01dud102023102799/19,スチールギターラグ,9,三浦 皇成,33.9,クビ,06,02,3,3歳,未勝利,2026-08-09,pw01sde1004202602061120260809,3歳未勝利,11,牝［指定］,,17時50分,牝3,https://www.jra.go.jp/JRADB/accessS.html?CNAME=pw01sde1004202602061120260809%2FF1,芝,1:34.1,良,鹿戸 雄一,晴,馬齢,,
472(0),54.0,15  14,新潟,PASS_HTML,1600,7,pw01dud102023103550/5B,ワイズファミリア,1,☆田山 旺佑,33.1,１／２,06,02,4,3歳,未勝利,2026-08-09,pw01sde1004202602061120260809,3歳未勝利,11,牝［指定］,,17時50分,牝3,https://www.jra.go.jp/JRADB/accessS.html?CNAME=pw01sde1004202602061120260809%2FF1,芝,1:34.2,良,本間 忍,晴,馬齢,,
438(0),55.0,11  10,新潟,PASS_HTML,1600,8,pw01dud102023106795/09,ルシアージュ,2,吉村 誠之助,33.3,ハナ,06,02,5,3歳,未勝利,2026-08-09,pw01sde1004202602061120260809,3歳未勝利,11,牝［指定］,,17時50分,牝3,https://www.jra.go.jp/JRADB/accessS.html?CNAME=pw01sde1004202602061120260809%2FF1,芝,1:34.2,良,高柳 瑞樹,晴,馬齢,,
408(0),55.0,11  10,新潟,PASS_HTML,1600,9,pw01dud102023105006/A6,フジサン,4,大野 拓弥,33.2,クビ,06,02,6,3歳,未勝利,2026-08-09,pw01sde1004202602061120260809,3歳未勝利,11,牝［指定］,,17時50分,牝3,https://www.jra.go.jp/JRADB/accessS.html?CNAME=pw01sde1004202602061120260809%2FF1,芝,1:34.2,良,古賀 大生,晴,馬齢,,
486(+18),55.0,15  14,新潟,PASS_HTML,1600,10,pw01dud102023104544/06,ピコプリンセス,7,丸田 恭介,33.3,１ 3/4,06,02,18,3歳,未勝利,2026-08-09,pw01sde1004202602061120260809,3歳未勝利,11,牝［指定］,,17時50分,牝3,https://www.jra.go.jp/JRADB/accessS.html?CNAME=pw01sde1004202602061120260809%2FF1,芝,1:34.5,良,伊藤 大士,晴,馬齢,,
442(-4),55.0,18  17,新潟,PASS_HTML,1600,11,pw01dud102023104406/7B,スカイドリーマー,6,杉原 誠人,33.2,１,06,02,10,3歳,未勝利,2026-08-09,pw01sde1004202602061120260809,3歳未勝利,11,牝［指定］,,17時50分,牝3,https://www.jra.go.jp/JRADB/accessS.html?CNAME=pw01sde1004202602061120260809%2FF1,芝,1:34.7,良,木村 哲也,晴,馬齢,,
456(-2),55.0,7  7,新潟,PASS_HTML,1600,12,pw01dud102023106475/56,ベルランコントル,16,原 優介,33.8,クビ,06,02,7,3歳,未勝利,2026-08-09,pw01sde1004202602061120260809,3歳未勝利,11,牝［指定］,,17時50分,牝3,https://www.jra.go.jp/JRADB/accessS.html?CNAME=pw01sde1004202602061120260809%2FF1,芝,1:34.7,良,伊藤 大士,晴,馬齢,,
450(+10),52.0,3  3,新潟,PASS_HTML,1600,13,pw01dud102023106332/8C,ジーティージェミル,17,▲上里 直汰,34.5,１,06,02,16,3歳,未勝利,2026-08-09,pw01sde1004202602061120260809,3歳未勝利,11,牝［指定］,,17時50分,牝3,https://www.jra.go.jp/JRADB/accessS.html?CNAME=pw01sde1004202602061120260809%2FF1,芝,1:34.9,良,伊藤 伸一,晴,馬齢,,
418(+10),55.0,13  10,新潟,PASS_HTML,1600,14,pw01dud102023102231/2C,レガリーノ,18,石橋 脩,33.8,ハナ,06,02,13,3歳,未勝利,2026-08-09,pw01sde1004202602061120260809,3歳未勝利,11,牝［指定］,,17時50分,牝3,https://www.jra.go.jp/JRADB/accessS.html?CNAME=pw01sde1004202602061120260809%2FF1,芝,1:34.9,良,池上 昌和,晴,馬齢,,
394(初出走),52.0,10  10,新潟,PASS_HTML,1600,15,pw01dud102023103074/52,リーゼントモニカ,13,▲石田 拓郎,34.6,５,06,02,15,3歳,未勝利,2026-08-09,pw01sde1004202602061120260809,3歳未勝利,11,牝［指定］,,17時50分,牝3,https://www.jra.go.jp/JRADB/accessS.html?CNAME=pw01sde1004202602061120260809%2FF1,芝,1:35.8,良,辻 哲英,晴,馬齢,,
444(0),53.0,17  17,新潟,PASS_HTML,1600,16,pw01dud102023103816/60,オドラタス,11,△石神 深道,34.2,１／２,06,02,9,3歳,未勝利,2026-08-09,pw01sde1004202602061120260809,3歳未勝利,11,牝［指定］,,17時50分,牝3,https://www.jra.go.jp/JRADB/accessS.html?CNAME=pw01sde1004202602061120260809%2FF1,芝,1:35.9,良,林 徹,晴,馬齢,,
432(+4),55.0,6  6,新潟,PASS_HTML,1600,17,pw01dud102023107018/7A,フルールロイヤル,15,岩田 望来,35.4,１ 1/4,06,02,14,3歳,未勝利,2026-08-09,pw01sde1004202602061120260809,3歳未勝利,11,牝［指定］,,17時50分,牝3,https://www.jra.go.jp/JRADB/accessS.html?CNAME=pw01sde1004202602061120260809%2FF1,芝,1:36.1,良,青木 孝文,晴,馬齢,,
488(初出走),55.0,13  16,新潟,PASS_HTML,1600,18,pw01dud102023100148/52,ゲンパチロマン,14,佐々木 大輔,37.9,大差,06,02,17,3歳,未勝利,2026-08-09,pw01sde1004202602061120260809,3歳未勝利,11,牝［指定］,,17時50分,牝3,https://www.jra.go.jp/JRADB/accessS.html?CNAME=pw01sde1004202602061120260809%2FF1,芝,1:39.5,良,加藤 士津八,晴,馬齢,,
452(+16),55.0,4  5,新潟,PASS_HTML,1200,1,pw01dud102023106130/44,ジェムシリカ,17,江田 照男,34.8,,06,02,6,3歳,未勝利,2026-08-09,pw01sde1004202602061220260809,3歳未勝利,12,（混合）［指定］,,18時20分,牝3,https://www.jra.go.jp/JRADB/accessS.html?CNAME=pw01sde1004202602061220260809%2FA6,芝,1:08.8,良,千葉 直人,晴,馬齢,,
462(-6),55.0,4  2,新潟,PASS_HTML,1200,2,pw01dud102023110025/76,セリエンクーニゲン,6,坂井 瑠星,34.9,クビ,06,02,4,3歳,未勝利,2026-08-09,pw01sde1004202602061220260809,3歳未勝利,12,（混合）［指定］,,18時20分,牝3,https://www.jra.go.jp/JRADB/accessS.html?CNAME=pw01sde1004202602061220260809%2FA6,芝,1:08.9,良,田中 博康,晴,馬齢,,
498(+6),55.0,7  5,新潟,PASS_HTML,1200,3,pw01dud102023107342/8B,ルージュフィーリア,15,佐々木 大輔,34.8,クビ,06,02,1,3歳,未勝利,2026-08-09,pw01sde1004202602061220260809,3歳未勝利,12,（混合）［指定］,,18時20分,牝3,https://www.jra.go.jp/JRADB/accessS.html?CNAME=pw01sde1004202602061220260809%2FA6,芝,1:08.9,良,大竹 正博,晴,馬齢,,
496(+10),55.0,2  2,新潟,PASS_HTML,1200,4,pw01dud102023104484/15,エンジェルサン,13,△石神 深道,35.2,クビ,06,02,9,3歳,未勝利,2026-08-09,pw01sde1004202602061220260809,3歳未勝利,12,（混合）［指定］,,18時20分,牡3,https://www.jra.go.jp/JRADB/accessS.html?CNAME=pw01sde1004202602061220260809%2FA6,芝,1:08.9,良,矢嶋 大樹,晴,馬齢,,
432(-4),55.0,9  8,新潟,PASS_HTML,1200,5,pw01dud102023105688/32,オンナキュヌヴィ,10,津村 明秀,34.6,クビ,06,02,2,3歳,未勝利,2026-08-09,pw01sde1004202602061220260809,3歳未勝利,12,（混合）［指定］,,18時20分,牝3,https://www.jra.go.jp/JRADB/accessS.html?CNAME=pw01sde1004202602061220260809%2FA6,芝,1:09.0,良,蛯名 正義,晴,馬齢,,
392(+6),55.0,11  10,新潟,PASS_HTML,1200,5,pw01dud102023102931/83,ミクロスギガース,12,杉原 誠人,34.5,同着,06,02,12,3歳,未勝利,2026-08-09,pw01sde1004202602061220260809,3歳未勝利,12,（混合）［指定］,,18時20分,牝3,https://www.jra.go.jp/JRADB/accessS.html?CNAME=pw01sde1004202602061220260809%2FA6,芝,1:09.0,良,西田 雄一郎,晴,馬齢,,
416(+8),55.0,3  2,新潟,PASS_HTML,1200,7,pw01dud102023107019/ED,ラルルジェンヌ,16,戸崎 圭太,35.2,１／２,06,02,5,3歳,未勝利,2026-08-09,pw01sde1004202602061220260809,3歳未勝利,12,（混合）［指定］,,18時20分,牝3,https://www.jra.go.jp/JRADB/accessS.html?CNAME=pw01sde1004202602061220260809%2FA6,芝,1:09.1,良,和田 正一郎,晴,馬齢,,
480(-8),57.0,12  10,新潟,PASS_HTML,1200,8,pw01dud102023102388/D2,ウィズアツインクル,2,木幡 巧也,34.6,３／４,06,02,15,3歳,未勝利,2026-08-09,pw01sde1004202602061220260809,3歳未勝利,12,（混合）［指定］,,18時20分,牡3,https://www.jra.go.jp/JRADB/accessS.html?CNAME=pw01sde1004202602061220260809%2FA6,芝,1:09.2,良,牧 光二,晴,馬齢,,
424(+2),52.0,13  13,新潟,PASS_HTML,1200,9,pw01dud102023109031/53,ココソラーレ,14,▲上里 直汰,34.6,１／２,06,02,10,3歳,未勝利,2026-08-09,pw01sde1004202602061220260809,3歳未勝利,12,（混合）［指定］,,18時20分,牝3,https://www.jra.go.jp/JRADB/accessS.html?CNAME=pw01sde1004202602061220260809%2FA6,芝,1:09.3,良,天間 昭一,晴,馬齢,,
470(+4),54.0,9  8,新潟,PASS_HTML,1200,10,pw01dud102023105049/3F,ハルカオル,11,☆田山 旺佑,35.0,クビ,06,02,8,3歳,未勝利,2026-08-09,pw01sde1004202602061220260809,3歳未勝利,12,（混合）［指定］,,18時20分,牝3,https://www.jra.go.jp/JRADB/accessS.html?CNAME=pw01sde1004202602061220260809%2FA6,芝,1:09.3,良,千葉 直人,晴,馬齢,,
484(0),57.0,15  15,新潟,PASS_HTML,1200,11,pw01dud102023102319/D5,ロジシーザ,5,菊沢 一樹,34.1,１／２,06,02,16,3歳,未勝利,2026-08-09,pw01sde1004202602061220260809,3歳未勝利,12,（混合）［指定］,,18時20分,牡3,https://www.jra.go.jp/JRADB/accessS.html?CNAME=pw01sde1004202602061220260809%2FA6,芝,1:09.4,良,古賀 慎明,晴,馬齢,,
430(+4),55.0,17  17,新潟,PASS_HTML,1200,12,pw01dud102023105744/57,シエラモレーナ,4,大野 拓弥,33.7,クビ,06,02,13,3歳,未勝利,2026-08-09,pw01sde1004202602061220260809,3歳未勝利,12,（混合）［指定］,,18時20分,牝3,https://www.jra.go.jp/JRADB/accessS.html?CNAME=pw01sde1004202602061220260809%2FA6,芝,1:09.5,良,古賀 慎明,晴,馬齢,,
458(+6),55.0,15  16,新潟,PASS_HTML,1200,13,pw01dud102023107370/D5,フレアリングベリー,3,原 優介,34.1,クビ,06,02,11,3歳,未勝利,2026-08-09,pw01sde1004202602061220260809,3歳未勝利,12,（混合）［指定］,,18時20分,牝3,https://www.jra.go.jp/JRADB/accessS.html?CNAME=pw01sde1004202602061220260809%2FA6,芝,1:09.5,良,池上 昌和,晴,馬齢,,
504(+4),54.0,14  14,新潟,PASS_HTML,1200,14,pw01dud102023100703/F9,タイセイギガース,8,▲佐藤 翔馬,34.6,３／４,06,02,18,3歳,未勝利,2026-08-09,pw01sde1004202602061220260809,3歳未勝利,12,（混合）［指定］,,18時20分,牡3,https://www.jra.go.jp/JRADB/accessS.html?CNAME=pw01sde1004202602061220260809%2FA6,芝,1:09.6,良,伊藤 圭三,晴,馬齢,,
510(+8),56.0,4  5,新潟,PASS_HTML,1200,15,pw01dud102023107541/7A,ルナーファントム,7,石川 裕紀人,35.9,１ 1/2,06,02,3,3歳,未勝利,2026-08-09,pw01sde1004202602061220260809,3歳未勝利,12,（混合）［指定］,,18時20分,牡3,https://www.jra.go.jp/JRADB/accessS.html?CNAME=pw01sde1004202602061220260809%2FA6,芝,1:09.9,良,上原 佑紀,晴,馬齢,,
426(-4),55.0,18  18,新潟,PASS_HTML,1200,16,pw01dud102023100960/62,サンロード,9,木幡 初也,33.9,アタマ,06,02,17,3歳,未勝利,2026-08-09,pw01sde1004202602061220260809,3歳未勝利,12,（混合）［指定］,,18時20分,牝3,https://www.jra.go.jp/JRADB/accessS.html?CNAME=pw01sde1004202602061220260809%2FA6,芝,1:09.9,良,竹内 正洋,晴,馬齢,,
434(0),55.0,1  1,新潟,PASS_HTML,1200,17,pw01dud102023106441/5A,インザライムライト,1,柴田 大知,36.5,１ 3/4,06,02,14,3歳,未勝利,2026-08-09,pw01sde1004202602061220260809,3歳未勝利,12,（混合）［指定］,,18時20分,牝3,https://www.jra.go.jp/JRADB/accessS.html?CNAME=pw01sde1004202602061220260809%2FA6,芝,1:10.2,良,和田 雄二,晴,馬齢,,
452(0),54.0,7  10,新潟,PASS_HTML,1200,18,pw01dud102023104434/C5,シルバーアックス,18,▲石田 拓郎,36.6,４,06,02,7,3歳,未勝利,2026-08-09,pw01sde1004202602061220260809,3歳未勝利,12,（混合）［指定］,,18時20分,牡3,https://www.jra.go.jp/JRADB/accessS.html?CNAME=pw01sde1004202602061220260809%2FA6,芝,1:10.8,良,村田 一誠,晴,馬齢,,
434(初出走),55.0,3  3,中京,PASS_HTML,1400,1,pw01dud102024106546/56,コンテスタード,3,吉村 誠之助,34.2,,05,02,1,2歳,新馬,2026-08-08,pw01sde1007202602050220260808,メイクデビュー中京,02,（混合）［指定］,,10時20分,牝2,https://www.jra.go.jp/JRADB/accessS.html?CNAME=pw01sde1007202602050220260808%2F02,芝,1:22.0,良,渡辺 薫彦,晴,馬齢,,
412(初出走),55.0,5  5,中京,PASS_HTML,1400,2,pw01dud102024104182/28,スターオブザイヤー,2,松若 風馬,34.4,３,05,02,5,2歳,新馬,2026-08-08,pw01sde1007202602050220260808,メイクデビュー中京,02,（混合）［指定］,,10時20分,牝2,https://www.jra.go.jp/JRADB/accessS.html?CNAME=pw01sde1007202602050220260808%2F02,芝,1:22.5,良,井上 智史,晴,馬齢,,
458(初出走),55.0,1  1,中京,PASS_HTML,1400,3,pw01dud102024107253/69,ブレイズカルナバル,6,国分 恭介,35.0,クビ,05,02,4,2歳,新馬,2026-08-08,pw01sde1007202602050220260808,メイクデビュー中京,02,（混合）［指定］,,10時20分,牡2,https://www.jra.go.jp/JRADB/accessS.html?CNAME=pw01sde1007202602050220260808%2F02,芝,1:22.5,良,飯田 祐史,晴,馬齢,,
424(初出走),55.0,2  2,中京,PASS_HTML,1400,4,pw01dud102024103394/91,エルピスノヴァ,5,団野 大成,35.0,３／４,05,02,3,2歳,新馬,2026-08-08,pw01sde1007202602050220260808,メイクデビュー中京,02,（混合）［指定］,,10時20分,牝2,https://www.jra.go.jp/JRADB/accessS.html?CNAME=pw01sde1007202602050220260808%2F02,芝,1:22.6,良,河嶋 宏樹,晴,馬齢,,
400(初出走),55.0,5  6,中京,PASS_HTML,1400,5,pw01dud102024102682/3F,ベルメサージュ,7,幸 英明,35.3,５,05,02,6,2歳,新馬,2026-08-08,pw01sde1007202602050220260808,メイクデビュー中京,02,（混合）［指定］,,10時20分,牝2,https://www.jra.go.jp/JRADB/accessS.html?CNAME=pw01sde1007202602050220260808%2F02,芝,1:23.5,良,大根田 裕之,晴,馬齢,,
488(初出走),55.0,3  3,中京,PASS_HTML,1400,6,pw01dud102024108323/59,モノホンプレイヤー,4,川田 将雅,35.8,１,05,02,2,2歳,新馬,2026-08-08,pw01sde1007202602050220260808,メイクデビュー中京,02,（混合）［指定］,,10時20分,牡2,https://www.jra.go.jp/JRADB/accessS.html?CNAME=pw01sde1007202602050220260808%2F02,芝,1:23.6,良,森 秀行,晴,馬齢,,
456(初出走),55.0,7  7,中京,PASS_HTML,1400,7,pw01dud102024100510/DA,ダイメイアゲイン,1,川須 栄彦,35.3,３／４,05,02,7,2歳,新馬,2026-08-08,pw01sde1007202602050220260808,メイクデビュー中京,02,（混合）［指定］,,10時20分,牡2,https://www.jra.go.jp/JRADB/accessS.html?CNAME=pw01sde1007202602050220260808%2F02,芝,1:23.7,良,秋山 真一郎,晴,馬齢,,
450(-2),55.0,1  1,中京,QUARANTINED_HTML:track_condition,1400,1,pw01dud102023105427/FD,ピョイットハレルヤ,2,松若 風馬,38.0,,05,02,2,3歳,未勝利,2026-08-08,pw01sde1007202602050320260808,3歳未勝利,03,牝［指定］,,10時50分,牝3,https://www.jra.go.jp/JRADB/accessS.html?CNAME=pw01sde1007202602050320260808%2FB7,ダート,1:25.2,,浜田 多実雄,晴,馬齢,,
452(+2),55.0,11  10,中京,QUARANTINED_HTML:track_condition,1400,2,pw01dud102023104326/6A,タガノプディング,8,川田 将雅,37.2,１ 1/4,05,02,1,3歳,未勝利,2026-08-08,pw01sde1007202602050320260808,3歳未勝利,03,牝［指定］,,10時50分,牝3,https://www.jra.go.jp/JRADB/accessS.html?CNAME=pw01sde1007202602050320260808%2FB7,ダート,1:25.4,,小林 真也,晴,馬齢,,
454(0),55.0,2  2,中京,QUARANTINED_HTML:track_condition,1400,3,pw01dud102023102968/D8,キャスケード,10,長岡 禎仁,38.3,３／４,05,02,4,3歳,未勝利,2026-08-08,pw01sde1007202602050320260808,3歳未勝利,03,牝［指定］,,10時50分,牝3,https://www.jra.go.jp/JRADB/accessS.html?CNAME=pw01sde1007202602050320260808%2FB7,ダート,1:25.6,,高橋 亮,晴,馬齢,,
482(+4),55.0,5  5,中京,QUARANTINED_HTML:track_condition,1400,4,pw01dud102023104826/5F,ジュエルサンライズ,1,J.コレット,38.2,１／２,05,02,11,3歳,未勝利,2026-08-08,pw01sde1007202602050320260808,3歳未勝利,03,牝［指定］,,10時50分,牝3,https://www.jra.go.jp/JRADB/accessS.html?CNAME=pw01sde1007202602050320260808%2FB7,ダート,1:25.7,,東田 明士,晴,馬齢,,
478(+16),55.0,2  3,中京,QUARANTINED_HTML:track_condition,1400,5,pw01dud102023101047/9D,アスターエポワス,13,角田 大和,38.3,ハナ,05,02,5,3歳,未勝利,2026-08-08,pw01sde1007202602050320260808,3歳未勝利,03,牝［指定］,,10時50分,牝3,https://www.jra.go.jp/JRADB/accessS.html?CNAME=pw01sde1007202602050320260808%2FB7,ダート,1:25.7,,河嶋 宏樹,晴,馬齢,,
462(+24),53.0,13  11,中京,QUARANTINED_HTML:track_condition,1400,6,pw01dud102023101083/11,エターナルビジョン,6,◇永島 まなみ,37.5,１ 1/2,05,02,13,3歳,未勝利,2026-08-08,pw01sde1007202602050320260808,3歳未勝利,03,牝［指定］,,10時50分,牝3,https://www.jra.go.jp/JRADB/accessS.html?CNAME=pw01sde1007202602050320260808%2FB7,ダート,1:26.0,,高橋 康之,晴,馬齢,,
466(+10),55.0,5  6,中京,QUARANTINED_HTML:track_condition,1400,7,pw01dud102023103573/D4,エルヴィッタ,3,富田 暁,38.4,ハナ,05,02,10,3歳,未勝利,2026-08-08,pw01sde1007202602050320260808,3歳未勝利,03,牝［指定］,,10時50分,牝3,https://www.jra.go.jp/JRADB/accessS.html?CNAME=pw01sde1007202602050320260808%2FB7,ダート,1:26.0,,武 英智,晴,馬齢,,
472(+14),54.0,10  8,中京,QUARANTINED_HTML:track_condition,1400,8,pw01dud102023107139/3E,ジャミールアイン,12,☆田山 旺佑,38.0,クビ,05,02,8,3歳,未勝利,2026-08-08,pw01sde1007202602050320260808,3歳未勝利,03,牝［指定］,,10時50分,牝3,https://www.jra.go.jp/JRADB/accessS.html?CNAME=pw01sde1007202602050320260808%2FB7,ダート,1:26.0,,藤原 英昭,晴,馬齢,,
446(+2),55.0,16  15,中京,QUARANTINED_HTML:track_condition,1400,9,pw01dud102023106996/DE,ゼフィルス,4,幸 英明,38.1,５,05,02,9,3歳,未勝利,2026-08-08,pw01sde1007202602050320260808,3歳未勝利,03,牝［指定］,,10時50分,牝3,https://www.jra.go.jp/JRADB/accessS.html?CNAME=pw01sde1007202602050320260808%2FB7,ダート,1:26.8,,橋口 慎介,晴,馬齢,,
480(+12),52.0,12  11,中京,QUARANTINED_HTML:track_condition,1400,10,pw01dud102023104252/9D,サウンドディアナ,5,▲森田 誠也,38.5,１／２,05,02,15,3歳,未勝利,2026-08-08,pw01sde1007202602050320260808,3歳未勝利,03,牝［指定］,,10時50分,牝3,https://www.jra.go.jp/JRADB/accessS.html?CNAME=pw01sde1007202602050320260808%2FB7,ダート,1:26.9,,渡辺 薫彦,晴,馬齢,,
464(+14),55.0,2  3,中京,QUARANTINED_HTML:track_condition,1400,11,pw01dud102023100990/92,オーブフレッシュ,14,西塚 洸二,39.7,１ 1/4,05,02,7,3歳,未勝利,2026-08-08,pw01sde1007202602050320260808,3歳未勝利,03,牝［指定］,,10時50分,牝3,https://www.jra.go.jp/JRADB/accessS.html?CNAME=pw01sde1007202602050320260808%2FB7,ダート,1:27.1,,辻野 泰之,晴,馬齢,,
466(-4),55.0,7  8,中京,QUARANTINED_HTML:track_condition,1400,12,pw01dud102023106196/56,スナークオーロラ,11,田口 貫太,40.1,４,05,02,16,3歳,未勝利,2026-08-08,pw01sde1007202602050320260808,3歳未勝利,03,牝［指定］,,10時50分,牝3,https://www.jra.go.jp/JRADB/accessS.html?CNAME=pw01sde1007202602050320260808%2FB7,ダート,1:27.8,,今野 貞一,晴,馬齢,,
472(+2),55.0,8  6,中京,QUARANTINED_HTML:track_condition,1400,13,pw01dud102023105350/D7,ワイルドチャーム,15,団野 大成,40.1,１／２,05,02,6,3歳,未勝利,2026-08-08,pw01sde1007202602050320260808,3歳未勝利,03,牝［指定］,,10時50分,牝3,https://www.jra.go.jp/JRADB/accessS.html?CNAME=pw01sde1007202602050320260808%2FB7,ダート,1:27.9,,千田 輝彦,晴,馬齢,,
510(+6),55.0,13  14,中京,QUARANTINED_HTML:track_condition,1400,14,pw01dud102023102483/C4,トリビア,9,丸山 元気,39.8,２ 1/2,05,02,3,3歳,未勝利,2026-08-08,pw01sde1007202602050320260808,3歳未勝利,03,牝［指定］,,10時50分,牝3,https://www.jra.go.jp/JRADB/accessS.html?CNAME=pw01sde1007202602050320260808%2FB7,ダート,1:28.3,,四位 洋文,晴,馬齢,,
420(+6),55.0,8  11,中京,QUARANTINED_HTML:track_condition,1400,15,pw01dud102023103643/D5,タワワ,16,川須 栄彦,42.0,９,05,02,14,3歳,未勝利,2026-08-08,pw01sde1007202602050320260808,3歳未勝利,03,牝［指定］,,10時50分,牝3,https://www.jra.go.jp/JRADB/accessS.html?CNAME=pw01sde1007202602050320260808%2FB7,ダート,1:29.8,,秋山 真一郎,晴,馬齢,,
484(初出走),55.0,13  15,中京,QUARANTINED_HTML:track_condition,1400,16,pw01dud102023100700/A0,エルヴィオラ,7,国分 優作,41.5,１ 1/2,05,02,12,3歳,未勝利,2026-08-08,pw01sde1007202602050320260808,3歳未勝利,03,牝［指定］,,10時50分,牝3,https://www.jra.go.jp/JRADB/accessS.html?CNAME=pw01sde1007202602050320260808%2FB7,ダート,1:30.0,,畑端 省吾,晴,馬齢,,
504(+14),53.0,5  5  3  3,中京,PASS_HTML,2000,1,pw01dud102023103906/81,レイクラシック,3,西村 淳也,33.5,,05,02,1,3歳以上,1勝クラス,2026-08-08,pw01sde1007202602050520260808,3歳以上1勝クラス,05,（混合）（特指）,,11時50分,牝3,https://www.jra.go.jp/JRADB/accessS.html?CNAME=pw01sde1007202602050520260808%2F21,芝,2:00.7,良,新谷 功一,晴,定量,,
472(-4),52.0,3  3  3  3,中京,PASS_HTML,2000,2,pw01dud102023100446/FF,ワンダーデリエール,4,☆田山 旺佑,33.5,３／４,05,02,4,3歳以上,1勝クラス,2026-08-08,pw01sde1007202602050520260808,3歳以上1勝クラス,05,（混合）（特指）,,11時50分,牝3,https://www.jra.go.jp/JRADB/accessS.html?CNAME=pw01sde1007202602050520260808%2F21,芝,2:00.8,良,小崎 憲,晴,定量,,
452(+6),58.0,6  6  5  5,中京,PASS_HTML,2000,3,pw01dud102019100915/2E,ゼンノインヴォーク,5,幸 英明,33.3,アタマ,05,02,3,3歳以上,1勝クラス,2026-08-08,pw01sde1007202602050520260808,3歳以上1勝クラス,05,（混合）（特指）,,11時50分,せん7,https://www.jra.go.jp/JRADB/accessS.html?CNAME=pw01sde1007202602050520260808%2F21,芝,2:00.8,良,緒方 努,晴,定量,,
448(-2),51.0,1  1  1  1,中京,PASS_HTML,2000,4,pw01dud102023104883/66,アステルディーヴァ,7,◇永島 まなみ,34.1,１／２,05,02,6,3歳以上,1勝クラス,2026-08-08,pw01sde1007202602050520260808,3歳以上1勝クラス,05,（混合）（特指）,,11時50分,牝3,https://www.jra.go.jp/JRADB/accessS.html?CNAME=pw01sde1007202602050520260808%2F21,芝,2:00.9,良,西村 真幸,晴,定量,,
462(+2),55.0,6  6  7  7,中京,PASS_HTML,2000,5,pw01dud102023105513/52,エイシンビーコン,2,M.デムーロ,33.3,３／４,05,02,2,3歳以上,1勝クラス,2026-08-08,pw01sde1007202602050520260808,3歳以上1勝クラス,05,（混合）（特指）,,11時50分,牡3,https://www.jra.go.jp/JRADB/accessS.html?CNAME=pw01sde1007202602050520260808%2F21,芝,2:01.0,良,吉村 圭司,晴,定量,,
512(-5),58.0,2  2  2  2,中京,PASS_HTML,2000,6,pw01dud102022107084/92,ウインヘリオドール,6,国分 恭介,34.0,クビ,05,02,7,3歳以上,1勝クラス,2026-08-08,pw01sde1007202602050520260808,3歳以上1勝クラス,05,（混合）（特指）,,11時50分,牡4,https://www.jra.go.jp/JRADB/accessS.html?CNAME=pw01sde1007202602050520260808%2F21,芝,2:01.1,良,梅田 智之,晴,定量,,
488(-2),53.0,3  3  5  5,中京,PASS_HTML,2000,7,pw01dud102022104779/4B,リトルスカーレット,1,▲川端 海翼,33.8,２,05,02,5,3歳以上,1勝クラス,2026-08-08,pw01sde1007202602050520260808,3歳以上1勝クラス,05,（混合）（特指）,,11時50分,牝4,https://www.jra.go.jp/JRADB/accessS.html?CNAME=pw01sde1007202602050520260808%2F21,芝,2:01.4,良,柴田 卓,晴,定量,,
444(-2),52.0,8  8  8  8,中京,PASS_HTML,2000,8,pw01dud102023103501/7E,シンゼンイセ,8,▲森田 誠也,34.3,６,05,02,8,3歳以上,1勝クラス,2026-08-08,pw01sde1007202602050520260808,3歳以上1勝クラス,05,（混合）（特指）,,11時50分,牡3,https://www.jra.go.jp/JRADB/accessS.html?CNAME=pw01sde1007202602050520260808%2F21,芝,2:02.4,良,荒川 義之,晴,定量,,
470(+2),57.0,8  8  11  9,中京,QUARANTINED_HTML:track_condition,1900,1,pw01dud102023104057/7A,タニセンゴールド,5,秋山 稔樹,38.7,,05,02,1,3歳,未勝利,2026-08-08,pw01sde1007202602050420260808,3歳未勝利,04,（混合）［指定］,,11時20分,牡3,https://www.jra.go.jp/JRADB/accessS.html?CNAME=pw01sde1007202602050420260808%2F6C,ダート,2:02.0,,河嶋 宏樹,晴,馬齢,,
452(-2),57.0,11  10  3  3,中京,QUARANTINED_HTML:track_condition,1900,2,pw01dud102023101233/23,キタノハイテイル,8,城戸 義政,39.6,１／２,05,02,9,3歳,未勝利,2026-08-08,pw01sde1007202602050420260808,3歳未勝利,04,（混合）［指定］,,11時20分,牡3,https://www.jra.go.jp/JRADB/accessS.html?CNAME=pw01sde1007202602050420260808%2F6C,ダート,2:02.1,,羽月 友彦,晴,馬齢,,
460(0),54.0,5  5  6  5,中京,QUARANTINED_HTML:track_condition,1900,3,pw01dud102023100467/92,レディトゥフライト,2,▲森田 誠也,39.2,クビ,05,02,13,3歳,未勝利,2026-08-08,pw01sde1007202602050420260808,3歳未勝利,04,（混合）［指定］,,11時20分,牡3,https://www.jra.go.jp/JRADB/accessS.html?CNAME=pw01sde1007202602050420260808%2F6C,ダート,2:02.2,,寺島 良,晴,馬齢,,
538(-2),57.0,7  7  9  5,中京,QUARANTINED_HTML:track_condition,1900,4,pw01dud102023103754/89,インドミタビリティ,4,川田 将雅,39.2,１／２,05,02,2,3歳,未勝利,2026-08-08,pw01sde1007202602050420260808,3歳未勝利,04,（混合）［指定］,,11時20分,牡3,https://www.jra.go.jp/JRADB/accessS.html?CNAME=pw01sde1007202602050420260808%2F6C,ダート,2:02.3,,杉山 晴紀,晴,馬齢,,
516(-2),57.0,13  12  3  3,中京,QUARANTINED_HTML:track_condition,1900,5,pw01dud102023100477/A2,クリノリキオー,6,幸 英明,39.7,クビ,05,02,4,3歳,未勝利,2026-08-08,pw01sde1007202602050420260808,3歳未勝利,04,（混合）［指定］,,11時20分,牡3,https://www.jra.go.jp/JRADB/accessS.html?CNAME=pw01sde1007202602050420260808%2F6C,ダート,2:02.3,,高橋 義忠,晴,馬齢,,
526(+6),57.0,1  1  1  1,中京,QUARANTINED_HTML:track_condition,1900,6,pw01dud102023110068/0F,マテンロウアワー,12,J.コレット,40.4,１ 1/2,05,02,5,3歳,未勝利,2026-08-08,pw01sde1007202602050420260808,3歳未勝利,04,（混合）［指定］,,11時20分,牡3,https://www.jra.go.jp/JRADB/accessS.html?CNAME=pw01sde1007202602050420260808%2F6C,ダート,2:02.6,,福永 祐一,晴,馬齢,,
458(0),55.0,2  2  2  2,中京,QUARANTINED_HTML:track_condition,1900,7,pw01dud102023104418/71,トゥレネヴェリテ,16,△柴田 裕一郎,40.7,３,05,02,14,3歳,未勝利,2026-08-08,pw01sde1007202602050420260808,3歳未勝利,04,（混合）［指定］,,11時20分,牡3,https://www.jra.go.jp/JRADB/accessS.html?CNAME=pw01sde1007202602050420260808%2F6C,ダート,2:03.1,,中竹 和也,晴,馬齢,,
490(+4),56.0,12  12  14  13,中京,QUARANTINED_HTML:track_condition,1900,8,pw01dud102023101006/EA,ラヴィアンコール,1,☆田山 旺佑,40.3,５,05,02,6,3歳,未勝利,2026-08-08,pw01sde1007202602050420260808,3歳未勝利,04,（混合）［指定］,,11時20分,牡3,https://www.jra.go.jp/JRADB/accessS.html?CNAME=pw01sde1007202602050420260808%2F6C,ダート,2:03.9,,辻野 泰之,晴,馬齢,,
460(+2),57.0,15  16  14  11,中京,QUARANTINED_HTML:track_condition,1900,9,pw01dud102023102061/FA,メイショウゴッホ,11,角田 大和,40.5,１ 1/4,05,02,12,3歳,未勝利,2026-08-08,pw01sde1007202602050420260808,3歳未勝利,04,（混合）［指定］,,11時20分,牡3,https://www.jra.go.jp/JRADB/accessS.html?CNAME=pw01sde1007202602050420260808%2F6C,ダート,2:04.1,,飯田 祐史,晴,馬齢,,
466(-12),57.0,15  15  9  8,中京,QUARANTINED_HTML:track_condition,1900,10,pw01dud102023100855/60,ガラード,10,M.デムーロ,41.1,１／２,05,02,8,3歳,未勝利,2026-08-08,pw01sde1007202602050420260808,3歳未勝利,04,（混合）［指定］,,11時20分,牡3,https://www.jra.go.jp/JRADB/accessS.html?CNAME=pw01sde1007202602050420260808%2F6C,ダート,2:04.2,,杉山 佳明,晴,馬齢,,
512(-2),57.0,4  4  3  5,中京,QUARANTINED_HTML:track_condition,1900,11,pw01dud102023100945/81,サンライズナスカ,13,藤懸 貴志,41.6,クビ,05,02,10,3歳,未勝利,2026-08-08,pw01sde1007202602050420260808,3歳未勝利,04,（混合）［指定］,,11時20分,牡3,https://www.jra.go.jp/JRADB/accessS.html?CNAME=pw01sde1007202602050420260808%2F6C,ダート,2:04.2,,小林 真也,晴,馬齢,,
474(0),57.0,10  10  14  11,中京,QUARANTINED_HTML:track_condition,1900,12,pw01dud102023107469/01,チュウワヘネシー,9,加藤 祥太,41.1,２ 1/2,05,02,15,3歳,未勝利,2026-08-08,pw01sde1007202602050420260808,3歳未勝利,04,（混合）［指定］,,11時20分,牡3,https://www.jra.go.jp/JRADB/accessS.html?CNAME=pw01sde1007202602050420260808%2F6C,ダート,2:04.6,,庄野 靖志,晴,馬齢,,
530(+2),57.0,8  9  12  13,中京,QUARANTINED_HTML:track_condition,1900,13,pw01dud102023101181/5C,ブラストオフ,15,長岡 禎仁,41.5,１ 3/4,05,02,7,3歳,未勝利,2026-08-08,pw01sde1007202602050420260808,3歳未勝利,04,（混合）［指定］,,11時20分,牡3,https://www.jra.go.jp/JRADB/accessS.html?CNAME=pw01sde1007202602050420260808%2F6C,ダート,2:04.9,,石橋 守,晴,馬齢,,
470(+14),57.0,2  3  6  9,中京,QUARANTINED_HTML:track_condition,1900,14,pw01dud102023102028/DF,グランドフィナーレ,3,富田 暁,42.1,１ 1/4,05,02,11,3歳,未勝利,2026-08-08,pw01sde1007202602050420260808,3歳未勝利,04,（混合）［指定］,,11時20分,牡3,https://www.jra.go.jp/JRADB/accessS.html?CNAME=pw01sde1007202602050420260808%2F6C,ダート,2:05.1,,橋口 慎介,晴,馬齢,,
458(-6),57.0,13  12  12  15,中京,QUARANTINED_HTML:track_condition,1900,15,pw01dud102023101187/0E,イコミキマル,14,中井 裕二,41.8,３／４,05,02,16,3歳,未勝利,2026-08-08,pw01sde1007202602050420260808,3歳未勝利,04,（混合）［指定］,,11時20分,牡3,https://www.jra.go.jp/JRADB/accessS.html?CNAME=pw01sde1007202602050420260808%2F6C,ダート,2:05.2,,森田 直行,晴,馬齢,,
474(-2),57.0,5  5  6  15,中京,QUARANTINED_HTML:track_condition,1900,16,pw01dud102023110031/BA,マイカラー,7,酒井 学,43.5,８,05,02,3,3歳,未勝利,2026-08-08,pw01sde1007202602050420260808,3歳未勝利,04,（混合）［指定］,,11時20分,牡3,https://www.jra.go.jp/JRADB/accessS.html?CNAME=pw01sde1007202602050420260808%2F6C,ダート,2:06.5,,吉岡 辰弥,晴,馬齢,,
414(+4),53.0,1  1  1,中京,PASS_HTML,1600,1,pw01dud102023100448/E5,テイエムアイラン,4,富田 暁,33.7,,05,02,1,3歳以上,2勝クラス,2026-08-08,pw01sde1007202602050620260808,納屋橋特別,06,（混合）［指定］,,15時10分,牝3,https://www.jra.go.jp/JRADB/accessS.html?CNAME=pw01sde1007202602050620260808%2FD6,芝,1:32.5,良,宮地 貴稔,晴,定量,,
458(-8),58.0,9  9  8,中京,PASS_HTML,1600,2,pw01dud102022100382/B6,ビップディラン,8,松若 風馬,33.1,１ 3/4,05,02,4,3歳以上,2勝クラス,2026-08-08,pw01sde1007202602050620260808,納屋橋特別,06,（混合）［指定］,,15時10分,牡4,https://www.jra.go.jp/JRADB/accessS.html?CNAME=pw01sde1007202602050620260808%2FD6,芝,1:32.8,良,小椋 研介,晴,定量,,
498(0),56.0,2  2  2,中京,PASS_HTML,1600,3,pw01dud102021105374/AB,クイックバイオ,10,田口 貫太,33.9,１,05,02,7,3歳以上,2勝クラス,2026-08-08,pw01sde1007202602050620260808,納屋橋特別,06,（混合）［指定］,,15時10分,牝5,https://www.jra.go.jp/JRADB/accessS.html?CNAME=pw01sde1007202602050620260808%2FD6,芝,1:32.9,良,畑端 省吾,晴,定量,,
474(-4),58.0,6  6  6,中京,PASS_HTML,1600,4,pw01dud102022104171/8D,スナークピカソ,7,西村 淳也,33.6,１／２,05,02,5,3歳以上,2勝クラス,2026-08-08,pw01sde1007202602050620260808,納屋橋特別,06,（混合）［指定］,,15時10分,牡4,https://www.jra.go.jp/JRADB/accessS.html?CNAME=pw01sde1007202602050620260808%2FD6,芝,1:33.0,良,高橋 一哉,晴,定量,,
494(+6),58.0,10  10  10,中京,PASS_HTML,1600,5,pw01dud102022104590/FE,ショウナンバルドル,3,田山 旺佑,33.1,１ 1/4,05,02,2,3歳以上,2勝クラス,2026-08-08,pw01sde1007202602050620260808,納屋橋特別,06,（混合）［指定］,,15時10分,せん4,https://www.jra.go.jp/JRADB/accessS.html?CNAME=pw01sde1007202602050620260808%2FD6,芝,1:33.2,良,須貝 尚介,晴,定量,,
450(0),56.0,3  3  4,中京,PASS_HTML,1600,6,pw01dud102019106280/A2,サクラオーラ,5,酒井 学,34.1,１／２,05,02,9,3歳以上,2勝クラス,2026-08-08,pw01sde1007202602050620260808,納屋橋特別,06,（混合）［指定］,,15時10分,牝7,https://www.jra.go.jp/JRADB/accessS.html?CNAME=pw01sde1007202602050620260808%2FD6,芝,1:33.3,良,河嶋 宏樹,晴,定量,,
490(+4),56.0,3  3  4,中京,PASS_HTML,1600,7,pw01dud102022100381/43,オリバナム,11,団野 大成,34.1,アタマ,05,02,3,3歳以上,2勝クラス,2026-08-08,pw01sde1007202602050620260808,納屋橋特別,06,（混合）［指定］,,15時10分,牝4,https://www.jra.go.jp/JRADB/accessS.html?CNAME=pw01sde1007202602050620260808%2FD6,芝,1:33.3,良,斉藤 崇史,晴,定量,,
468(-8),58.0,6  6  6,中京,PASS_HTML,1600,8,pw01dud102018106354/E3,バガン,2,丸山 元気,33.9,ハナ,05,02,10,3歳以上,2勝クラス,2026-08-08,pw01sde1007202602050620260808,納屋橋特別,06,（混合）［指定］,,15時10分,牡8,https://www.jra.go.jp/JRADB/accessS.html?CNAME=pw01sde1007202602050620260808%2FD6,芝,1:33.3,良,宮地 貴稔,晴,定量,,
506(-3),58.0,8  8  8,中京,PASS_HTML,1600,9,pw01dud102022109119/70,ケイテンアイジン,9,幸 英明,33.7,クビ,05,02,11,3歳以上,2勝クラス,2026-08-08,pw01sde1007202602050620260808,納屋橋特別,06,（混合）［指定］,,15時10分,牡4,https://www.jra.go.jp/JRADB/accessS.html?CNAME=pw01sde1007202602050620260808%2FD6,芝,1:33.3,良,谷 潔,晴,定量,,
504(+2),58.0,3  3  2,中京,PASS_HTML,1600,10,pw01dud102021102727/AB,オトコギアンパン,1,吉村 誠之助,34.5,１ 3/4,05,02,6,3歳以上,2勝クラス,2026-08-08,pw01sde1007202602050620260808,納屋橋特別,06,（混合）［指定］,,15時10分,牡5,https://www.jra.go.jp/JRADB/accessS.html?CNAME=pw01sde1007202602050620260808%2FD6,芝,1:33.6,良,小栗 実,晴,定量,,
520(+2),58.0,11  11  11,中京,PASS_HTML,1600,11,pw01dud102020105809/E3,マイネルフォルツァ,6,J.コレット,33.3,ハナ,05,02,8,3歳以上,2勝クラス,2026-08-08,pw01sde1007202602050620260808,納屋橋特別,06,（混合）［指定］,,15時10分,牡6,https://www.jra.go.jp/JRADB/accessS.html?CNAME=pw01sde1007202602050620260808%2FD6,芝,1:33.6,良,金成 貴史,晴,定量,,
528(+4),58.0,1  1  1  1,中京,QUARANTINED_HTML:track_condition,1800,1,pw01dud102022110115/0B,シンビリーブ,3,川田 将雅,37.4,,05,02,2,3歳以上,3勝クラス,2026-08-08,pw01sde1007202602050720260808,三河ステークス,07,（混合）（特指）,,15時45分,牡4,https://www.jra.go.jp/JRADB/accessS.html?CNAME=pw01sde1007202602050720260808%2F8B,ダート,1:53.1,,森 秀行,晴,定量,,
506(0),58.0,3  3  3  3,中京,QUARANTINED_HTML:track_condition,1800,2,pw01dud102022110118/64,ユウトザユウト,5,松若 風馬,37.2,クビ,05,02,8,3歳以上,3勝クラス,2026-08-08,pw01sde1007202602050720260808,三河ステークス,07,（混合）（特指）,,15時45分,牡4,https://www.jra.go.jp/JRADB/accessS.html?CNAME=pw01sde1007202602050720260808%2F8B,ダート,1:53.1,,小崎 憲,晴,定量,,
506(+10),58.0,7  7  7  6,中京,QUARANTINED_HTML:track_condition,1800,3,pw01dud102020106635/D4,メイショウシナノ,8,田口 貫太,36.7,３／４,05,02,5,3歳以上,3勝クラス,2026-08-08,pw01sde1007202602050720260808,三河ステークス,07,（混合）（特指）,,15時45分,牡6,https://www.jra.go.jp/JRADB/accessS.html?CNAME=pw01sde1007202602050720260808%2F8B,ダート,1:53.2,,大橋 勇樹,晴,定量,,
488(-2),58.0,4  5  4  4,中京,QUARANTINED_HTML:track_condition,1800,4,pw01dud102021106635/60,インザモーメント,4,田山 旺佑,37.2,クビ,05,02,6,3歳以上,3勝クラス,2026-08-08,pw01sde1007202602050720260808,三河ステークス,07,（混合）（特指）,,15時45分,せん5,https://www.jra.go.jp/JRADB/accessS.html?CNAME=pw01sde1007202602050720260808%2F8B,ダート,1:53.3,,田中 克典,晴,定量,,
494(-10),58.0,4  3  4  5,中京,QUARANTINED_HTML:track_condition,1800,5,pw01dud102020100979/D9,メイショウコガシラ,2,太宰 啓介,37.6,２ 1/2,05,02,7,3歳以上,3勝クラス,2026-08-08,pw01sde1007202602050720260808,三河ステークス,07,（混合）（特指）,,15時45分,牡6,https://www.jra.go.jp/JRADB/accessS.html?CNAME=pw01sde1007202602050720260808%2F8B,ダート,1:53.7,,本田 優,晴,定量,,
518(-2),58.0,7  7  7  8,中京,QUARANTINED_HTML:track_condition,1800,6,pw01dud102022106395/B9,クァンタムウェーブ,6,J.コレット,37.4,１ 1/2,05,02,3,3歳以上,3勝クラス,2026-08-08,pw01sde1007202602050720260808,三河ステークス,07,（混合）（特指）,,15時45分,牡4,https://www.jra.go.jp/JRADB/accessS.html?CNAME=pw01sde1007202602050720260808%2F8B,ダート,1:53.9,,松永 幹夫,晴,定量,,
502(-14),58.0,6  6  6  6,中京,QUARANTINED_HTML:track_condition,1800,7,pw01dud102022107134/73,タガノマカシヤ,1,団野 大成,37.7,クビ,05,02,4,3歳以上,3勝クラス,2026-08-08,pw01sde1007202602050720260808,三河ステークス,07,（混合）（特指）,,15時45分,牡4,https://www.jra.go.jp/JRADB/accessS.html?CNAME=pw01sde1007202602050720260808%2F8B,ダート,1:54.0,,中村 直也,晴,定量,,
514(0),58.0,2  2  2  2,中京,QUARANTINED_HTML:track_condition,1800,8,pw01dud102022101821/C7,ロードヴォイジャー,7,西村 淳也,38.5,２,05,02,1,3歳以上,3勝クラス,2026-08-08,pw01sde1007202602050720260808,三河ステークス,07,（混合）（特指）,,15時45分,牡4,https://www.jra.go.jp/JRADB/accessS.html?CNAME=pw01sde1007202602050720260808%2F8B,ダート,1:54.3,,坂口 智康,晴,定量,,
530(+4),53.0,2  2  2  2,中京,QUARANTINED_HTML:track_condition,1800,1,pw01dud102023103893/87,リアンドゥクール,9,西村 淳也,37.4,,05,02,1,3歳以上,1勝クラス,2026-08-08,pw01sde1007202602050820260808,恵那特別,08,[指定],,16時20分,牝3,https://www.jra.go.jp/JRADB/accessS.html?CNAME=pw01sde1007202602050820260808%2F40,ダート,1:53.6,,佐藤 悠太,晴,定量,,
494(-12),55.0,10  10  4  4,中京,QUARANTINED_HTML:track_condition,1800,2,pw01dud102023106129/3F,サンライズオスカー,3,藤懸 貴志,37.2,３／４,05,02,9,3歳以上,1勝クラス,2026-08-08,pw01sde1007202602050820260808,恵那特別,08,[指定],,16時20分,牡3,https://www.jra.go.jp/JRADB/accessS.html?CNAME=pw01sde1007202602050820260808%2F40,ダート,1:53.7,,石坂 公一,晴,定量,,
500(+8),55.0,3  3  4  4,中京,QUARANTINED_HTML:track_condition,1800,3,pw01dud102023101592/A3,テーオーカイザー,10,川田 将雅,38.1,５,05,02,2,3歳以上,1勝クラス,2026-08-08,pw01sde1007202602050820260808,恵那特別,08,[指定],,16時20分,牡3,https://www.jra.go.jp/JRADB/accessS.html?CNAME=pw01sde1007202602050820260808%2F40,ダート,1:54.6,,高柳 大輔,晴,定量,,
534(+20),55.0,6  6  6  6,中京,QUARANTINED_HTML:track_condition,1800,4,pw01dud102023103245/F7,ゴンタ,11,松若 風馬,38.0,クビ,05,02,4,3歳以上,1勝クラス,2026-08-08,pw01sde1007202602050820260808,恵那特別,08,[指定],,16時20分,牡3,https://www.jra.go.jp/JRADB/accessS.html?CNAME=pw01sde1007202602050820260808%2F40,ダート,1:54.6,,小崎 憲,晴,定量,,
486(-6),58.0,8  8  8  8,中京,QUARANTINED_HTML:track_condition,1800,5,pw01dud102022102710/02,エイユーファイヤー,5,中井 裕二,37.7,１／２,05,02,6,3歳以上,1勝クラス,2026-08-08,pw01sde1007202602050820260808,恵那特別,08,[指定],,16時20分,牡4,https://www.jra.go.jp/JRADB/accessS.html?CNAME=pw01sde1007202602050820260808%2F40,ダート,1:54.7,,森田 直行,晴,定量,,
478(0),55.0,3  3  3  3,中京,QUARANTINED_HTML:track_condition,1800,6,pw01dud102023104066/17,バケラッタ,12,鮫島 良太,38.6,２,05,02,5,3歳以上,1勝クラス,2026-08-08,pw01sde1007202602050820260808,恵那特別,08,[指定],,16時20分,牡3,https://www.jra.go.jp/JRADB/accessS.html?CNAME=pw01sde1007202602050820260808%2F40,ダート,1:55.0,,河嶋 宏樹,晴,定量,,
484(-4),58.0,8  8  8  8,中京,QUARANTINED_HTML:track_condition,1800,7,pw01dud102019104261/17,メイショウオグマ,6,国分 恭介,38.1,３／４,05,02,8,3歳以上,1勝クラス,2026-08-08,pw01sde1007202602050820260808,恵那特別,08,[指定],,16時20分,せん7,https://www.jra.go.jp/JRADB/accessS.html?CNAME=pw01sde1007202602050820260808%2F40,ダート,1:55.2,,安達 昭夫,晴,定量,,
528(-2),55.0,1  1  1  1,中京,QUARANTINED_HTML:track_condition,1800,8,pw01dud102023102752/B4,スマートグロワール,8,幸 英明,39.5,３,05,02,3,3歳以上,1勝クラス,2026-08-08,pw01sde1007202602050820260808,恵那特別,08,[指定],,16時20分,牡3,https://www.jra.go.jp/JRADB/accessS.html?CNAME=pw01sde1007202602050820260808%2F40,ダート,1:55.7,,畑端 省吾,晴,定量,,
460(-2),58.0,12  12  12  12,中京,QUARANTINED_HTML:track_condition,1800,9,pw01dud102021106078/D3,ブルーストレイル,2,城戸 義政,38.0,１,05,02,12,3歳以上,1勝クラス,2026-08-08,pw01sde1007202602050820260808,恵那特別,08,[指定],,16時20分,牡5,https://www.jra.go.jp/JRADB/accessS.html?CNAME=pw01sde1007202602050820260808%2F40,ダート,1:55.9,,荒川 義之,晴,定量,,
476(-2),58.0,10  10  10  10,中京,QUARANTINED_HTML:track_condition,1800,10,pw01dud102022107325/38,レーンアジリティ,4,高倉 稜,38.8,クビ,05,02,7,3歳以上,1勝クラス,2026-08-08,pw01sde1007202602050820260808,恵那特別,08,[指定],,16時20分,牡4,https://www.jra.go.jp/JRADB/accessS.html?CNAME=pw01sde1007202602050820260808%2F40,ダート,1:56.0,,中尾 秀正,晴,定量,,
518(-12),58.0,7  6  10  10,中京,QUARANTINED_HTML:track_condition,1800,11,pw01dud102022107299/43,クレスコドルフィン,7,角田 大和,39.1,１ 3/4,05,02,10,3歳以上,1勝クラス,2026-08-08,pw01sde1007202602050820260808,恵那特別,08,[指定],,16時20分,牡4,https://www.jra.go.jp/JRADB/accessS.html?CNAME=pw01sde1007202602050820260808%2F40,ダート,1:56.3,,羽月 友彦,晴,定量,,
460(0),58.0,3  3  6  6,中京,QUARANTINED_HTML:track_condition,1800,12,pw01dud102021103316/53,リアルペガサス,1,田口 貫太,40.1,２ 1/2,05,02,11,3歳以上,1勝クラス,2026-08-08,pw01sde1007202602050820260808,恵那特別,08,[指定],,16時20分,牡5,https://www.jra.go.jp/JRADB/accessS.html?CNAME=pw01sde1007202602050820260808%2F40,ダート,1:56.7,,大橋 勇樹,晴,定量,,
448(+4),60.0,10  9  5  5,中京,PASS_HTML,3000,1,pw01dud102019101488/F1,クラウンセト,3,草野 太郎,,,05,02,2,障害3歳以上,オープン,2026-08-08,pw01sde1007202602050920260808,障害3歳以上オープン,09,（混合）,,16時55分,牡7,https://www.jra.go.jp/JRADB/accessS.html?CNAME=pw01sde1007202602050920260808%2FF5,障害,3:19.2,良,本間 忍,曇,別定,13.3,
464(+6),60.0,7  6  5  5,中京,PASS_HTML,3000,2,pw01dud102021104974/E2,ヒットアンドロール,10,大江原 圭,,１ 1/4,05,02,8,障害3歳以上,オープン,2026-08-08,pw01sde1007202602050920260808,障害3歳以上オープン,09,（混合）,,16時55分,牡5,https://www.jra.go.jp/JRADB/accessS.html?CNAME=pw01sde1007202602050920260808%2FF5,障害,3:19.4,良,田中 勝春,曇,別定,13.3,
506(+12),60.0,4  4  4  3,中京,PASS_HTML,3000,3,pw01dud102022102728/AA,ベイビーベリッシモ,4,五十嵐 雄祐,,１ 1/4,05,02,7,障害3歳以上,オープン,2026-08-08,pw01sde1007202602050920260808,障害3歳以上オープン,09,（混合）,,16時55分,牡4,https://www.jra.go.jp/JRADB/accessS.html?CNAME=pw01sde1007202602050920260808%2FF5,障害,3:19.6,良,大和田 成,曇,別定,13.3,
510(0),57.0,2  2  3  3,中京,PASS_HTML,3000,4,pw01dud102018102196/EB,ゴールドブリーズ,2,▲水沼 元輝,,２,05,02,6,障害3歳以上,オープン,2026-08-08,pw01sde1007202602050920260808,障害3歳以上オープン,09,（混合）,,16時55分,牡8,https://www.jra.go.jp/JRADB/accessS.html?CNAME=pw01sde1007202602050920260808%2FF5,障害,3:20.0,良,深山 雅史,曇,別定,13.3,
454(+4),60.0,4  5  5  7,中京,PASS_HTML,3000,5,pw01dud102021105335/DE,トーアマリシテン,1,森 一馬,,２,05,02,4,障害3歳以上,オープン,2026-08-08,pw01sde1007202602050920260808,障害3歳以上オープン,09,（混合）,,16時55分,せん5,https://www.jra.go.jp/JRADB/accessS.html?CNAME=pw01sde1007202602050920260808%2FF5,障害,3:20.3,良,小島 茂之,曇,別定,13.4,
446(0),60.0,7  7  8  8,中京,PASS_HTML,3000,6,pw01dud102021104590/72,ゲインサポート,9,中村 将之,,３,05,02,9,障害3歳以上,オープン,2026-08-08,pw01sde1007202602050920260808,障害3歳以上オープン,09,（混合）,,16時55分,せん5,https://www.jra.go.jp/JRADB/accessS.html?CNAME=pw01sde1007202602050920260808%2FF5,障害,3:20.8,良,秋山 真一郎,曇,別定,13.4,
426(-6),60.0,7  9  9  9,中京,PASS_HTML,3000,7,pw01dud102020102955/CB,ポワンキュルミナン,6,小牧 加矢太,,大差,05,02,3,障害3歳以上,オープン,2026-08-08,pw01sde1007202602050920260808,障害3歳以上オープン,09,（混合）,,16時55分,牡6,https://www.jra.go.jp/JRADB/accessS.html?CNAME=pw01sde1007202602050920260808%2FF5,障害,3:25.9,良,岡田 稲男,曇,別定,13.7,
488(+4),57.0,4  7,中京,PASS_HTML,3000,中止,pw01dud102021104280/CF,テクネチウム,5,▲井上 敏樹,,,05,02,10,障害3歳以上,オープン,2026-08-08,pw01sde1007202602050920260808,障害3歳以上オープン,09,（混合）,,16時55分,せん5,https://www.jra.go.jp/JRADB/accessS.html?CNAME=pw01sde1007202602050920260808%2FF5,障害,,良,前川 恭子,曇,別定,,
532(-4),60.0,2  2  2  2,中京,PASS_HTML,3000,中止,pw01dud102021105271/21,サトノエピック,7,上野 翔,,,05,02,1,障害3歳以上,オープン,2026-08-08,pw01sde1007202602050920260808,障害3歳以上オープン,09,（混合）,,16時55分,牡5,https://www.jra.go.jp/JRADB/accessS.html?CNAME=pw01sde1007202602050920260808%2FF5,障害,,良,奥村 武,曇,別定,,
490(0),60.0,1  1  1  1,中京,PASS_HTML,3000,中止,pw01dud102022102709/FD,ニシノルアノーヴァ,8,伴 啓太,,,05,02,5,障害3歳以上,オープン,2026-08-08,pw01sde1007202602050920260808,障害3歳以上オープン,09,（混合）,,16時55分,牡4,https://www.jra.go.jp/JRADB/accessS.html?CNAME=pw01sde1007202602050920260808%2FF5,障害,,良,古賀 慎明,曇,別定,,
454(-2),55.0,4  5,中京,QUARANTINED_HTML:track_condition,1200,1,pw01dud102023101523/A6,モズオサキニ,15,吉村 誠之助,36.8,,05,02,5,3歳,未勝利,2026-08-08,pw01sde1007202602051020260808,3歳未勝利,10,（混合）［指定］,,17時30分,牝3,https://www.jra.go.jp/JRADB/accessS.html?CNAME=pw01sde1007202602051020260808%2FEA,ダート,1:12.9,,杉山 佳明,曇,馬齢,,
460(-4),54.0,4  3,中京,QUARANTINED_HTML:track_condition,1200,2,pw01dud102023104397/4D,エバイダンス,4,☆田山 旺佑,36.9,１,05,02,1,3歳,未勝利,2026-08-08,pw01sde1007202602051020260808,3歳未勝利,10,（混合）［指定］,,17時30分,牝3,https://www.jra.go.jp/JRADB/accessS.html?CNAME=pw01sde1007202602051020260808%2FEA,ダート,1:13.0,,鈴木 孝志,曇,馬齢,,
474(+6),55.0,1  1,中京,QUARANTINED_HTML:track_condition,1200,3,pw01dud102023106926/6E,ガルディエンヌ,16,西村 淳也,37.6,クビ,05,02,3,3歳,未勝利,2026-08-08,pw01sde1007202602051020260808,3歳未勝利,10,（混合）［指定］,,17時30分,牝3,https://www.jra.go.jp/JRADB/accessS.html?CNAME=pw01sde1007202602051020260808%2FEA,ダート,1:13.1,,高橋 亮,曇,馬齢,,
444(+4),55.0,2  2,中京,QUARANTINED_HTML:track_condition,1200,4,pw01dud102023104364/C4,ヤマニンコルザ,2,松若 風馬,37.5,１／２,05,02,2,3歳,未勝利,2026-08-08,pw01sde1007202602051020260808,3歳未勝利,10,（混合）［指定］,,17時30分,牝3,https://www.jra.go.jp/JRADB/accessS.html?CNAME=pw01sde1007202602051020260808%2FEA,ダート,1:13.2,,長谷川 浩大,曇,馬齢,,
482(-10),57.0,6  6,中京,QUARANTINED_HTML:track_condition,1200,5,pw01dud102023103250/C8,マイベスティー,14,長岡 禎仁,37.0,１ 1/4,05,02,4,3歳,未勝利,2026-08-08,pw01sde1007202602051020260808,3歳未勝利,10,（混合）［指定］,,17時30分,牡3,https://www.jra.go.jp/JRADB/accessS.html?CNAME=pw01sde1007202602051020260808%2FEA,ダート,1:13.4,,高橋 亮,曇,馬齢,,
420(-8),55.0,12  12,中京,QUARANTINED_HTML:track_condition,1200,6,pw01dud102023104048/DD,カワキタベレッタ,7,中井 裕二,36.5,クビ,05,02,16,3歳,未勝利,2026-08-08,pw01sde1007202602051020260808,3歳未勝利,10,（混合）［指定］,,17時30分,牝3,https://www.jra.go.jp/JRADB/accessS.html?CNAME=pw01sde1007202602051020260808%2FEA,ダート,1:13.4,,角田 晃一,曇,馬齢,,
468(+4),57.0,3  3,中京,QUARANTINED_HTML:track_condition,1200,7,pw01dud102023101803/19,フェイトブレイカー,6,秋山 稔樹,37.9,３,05,02,9,3歳,未勝利,2026-08-08,pw01sde1007202602051020260808,3歳未勝利,10,（混合）［指定］,,17時30分,せん3,https://www.jra.go.jp/JRADB/accessS.html?CNAME=pw01sde1007202602051020260808%2FEA,ダート,1:13.9,,坂口 智康,曇,馬齢,,
480(-4),57.0,9  11,中京,QUARANTINED_HTML:track_condition,1200,8,pw01dud102023101491/FF,フルドフォルク,12,加藤 祥太,37.4,３／４,05,02,10,3歳,未勝利,2026-08-08,pw01sde1007202602051020260808,3歳未勝利,10,（混合）［指定］,,17時30分,牡3,https://www.jra.go.jp/JRADB/accessS.html?CNAME=pw01sde1007202602051020260808%2FEA,ダート,1:14.0,,庄野 靖志,曇,馬齢,,
432(+5),55.0,6  6,中京,QUARANTINED_HTML:track_condition,1200,9,pw01dud102023103874/DA,シュクルリー,3,藤懸 貴志,37.7,クビ,05,02,11,3歳,未勝利,2026-08-08,pw01sde1007202602051020260808,3歳未勝利,10,（混合）［指定］,,17時30分,牝3,https://www.jra.go.jp/JRADB/accessS.html?CNAME=pw01sde1007202602051020260808%2FEA,ダート,1:14.1,,平田 修,曇,馬齢,,
400(-6),55.0,9  9,中京,QUARANTINED_HTML:track_condition,1200,10,pw01dud102023103534/07,マユナイト,1,幸 英明,37.7,１ 1/2,05,02,6,3歳,未勝利,2026-08-08,pw01sde1007202602051020260808,3歳未勝利,10,（混合）［指定］,,17時30分,牝3,https://www.jra.go.jp/JRADB/accessS.html?CNAME=pw01sde1007202602051020260808%2FEA,ダート,1:14.3,,高橋 康之,曇,馬齢,,
426(+10),55.0,6  6,中京,QUARANTINED_HTML:track_condition,1200,11,pw01dud102023101738/57,サンシャインビーチ,8,高倉 稜,38.1,３／４,05,02,8,3歳,未勝利,2026-08-08,pw01sde1007202602051020260808,3歳未勝利,10,（混合）［指定］,,17時30分,牝3,https://www.jra.go.jp/JRADB/accessS.html?CNAME=pw01sde1007202602051020260808%2FEA,ダート,1:14.5,,渡辺 薫彦,曇,馬齢,,
428(0),52.0,15  13,中京,QUARANTINED_HTML:track_condition,1200,12,pw01dud102023102113/C1,グロリアスニケ,5,▲森田 誠也,37.5,１ 1/4,05,02,14,3歳,未勝利,2026-08-08,pw01sde1007202602051020260808,3歳未勝利,10,（混合）［指定］,,17時30分,牝3,https://www.jra.go.jp/JRADB/accessS.html?CNAME=pw01sde1007202602051020260808%2FEA,ダート,1:14.7,,千田 輝彦,曇,馬齢,,
440(+10),53.0,9  9,中京,QUARANTINED_HTML:track_condition,1200,13,pw01dud102023102487/90,ヒルノジェノヴァ,11,◇永島 まなみ,38.3,１ 1/4,05,02,15,3歳,未勝利,2026-08-08,pw01sde1007202602051020260808,3歳未勝利,10,（混合）［指定］,,17時30分,牝3,https://www.jra.go.jp/JRADB/accessS.html?CNAME=pw01sde1007202602051020260808%2FEA,ダート,1:14.9,,藤野 健太,曇,馬齢,,
456(+2),55.0,14  15,中京,QUARANTINED_HTML:track_condition,1200,14,pw01dud102023101170/D9,ザムーン,10,角田 大和,37.9,１／２,05,02,7,3歳,未勝利,2026-08-08,pw01sde1007202602051020260808,3歳未勝利,10,（混合）［指定］,,17時30分,牝3,https://www.jra.go.jp/JRADB/accessS.html?CNAME=pw01sde1007202602051020260808%2FEA,ダート,1:15.0,,千田 輝彦,曇,馬齢,,
462(-2),55.0,16  15,中京,QUARANTINED_HTML:track_condition,1200,15,pw01dud102023104925/1D,モチモチチャン,13,田口 貫太,37.4,クビ,05,02,13,3歳,未勝利,2026-08-08,pw01sde1007202602051020260808,3歳未勝利,10,（混合）［指定］,,17時30分,牝3,https://www.jra.go.jp/JRADB/accessS.html?CNAME=pw01sde1007202602051020260808%2FEA,ダート,1:15.0,,西村 真幸,曇,馬齢,,
446(+4),55.0,12  14,中京,QUARANTINED_HTML:track_condition,1200,16,pw01dud102023104938/86,アリュウ,9,西塚 洸二,38.8,４,05,02,12,3歳,未勝利,2026-08-08,pw01sde1007202602051020260808,3歳未勝利,10,（混合）［指定］,,17時30分,牝3,https://www.jra.go.jp/JRADB/accessS.html?CNAME=pw01sde1007202602051020260808%2FEA,ダート,1:15.7,,井上 智史,曇,馬齢,,
458(-10),55.0,4  5  4,中京,PASS_HTML,1600,1,pw01dud102023107241/E7,バルセシート,4,西村 淳也,33.6,,05,02,1,3歳以上,1勝クラス,2026-08-08,pw01sde1007202602051120260808,3歳以上1勝クラス,11,[指定],,18時00分,牡3,https://www.jra.go.jp/JRADB/accessS.html?CNAME=pw01sde1007202602051120260808%2F9F,芝,1:32.9,良,松下 武士,曇,定量,,
468(-6),56.0,7  7  7,中京,PASS_HTML,1600,2,pw01dud102021104918/4E,シャーリーゴールド,5,幸 英明,33.7,２,05,02,8,3歳以上,1勝クラス,2026-08-08,pw01sde1007202602051120260808,3歳以上1勝クラス,11,[指定],,18時00分,牝5,https://www.jra.go.jp/JRADB/accessS.html?CNAME=pw01sde1007202602051120260808%2F9F,芝,1:33.2,良,佐藤 悠太,曇,定量,,
438(-6),58.0,9  9  9,中京,PASS_HTML,1600,3,pw01dud102022106354/06,オーバースタンド,9,松若 風馬,33.5,クビ,05,02,3,3歳以上,1勝クラス,2026-08-08,pw01sde1007202602051120260808,3歳以上1勝クラス,11,[指定],,18時00分,牡4,https://www.jra.go.jp/JRADB/accessS.html?CNAME=pw01sde1007202602051120260808%2F9F,芝,1:33.2,良,小崎 憲,曇,定量,,
486(+2),56.0,7  7  7,中京,PASS_HTML,1600,4,pw01dud102021105022/E2,グローブアマランス,6,田口 貫太,33.7,ハナ,05,02,5,3歳以上,1勝クラス,2026-08-08,pw01sde1007202602051120260808,3歳以上1勝クラス,11,[指定],,18時00分,牝5,https://www.jra.go.jp/JRADB/accessS.html?CNAME=pw01sde1007202602051120260808%2F9F,芝,1:33.2,良,中尾 秀正,曇,定量,,
462(-2),55.0,9  9  9,中京,PASS_HTML,1600,5,pw01dud102023106614/E5,レッドリガーレ,1,団野 大成,33.8,１ 1/2,05,02,6,3歳以上,1勝クラス,2026-08-08,pw01sde1007202602051120260808,3歳以上1勝クラス,11,[指定],,18時00分,牡3,https://www.jra.go.jp/JRADB/accessS.html?CNAME=pw01sde1007202602051120260808%2F9F,芝,1:33.5,良,斉藤 崇史,曇,定量,,
496(-2),58.0,2  4  2,中京,PASS_HTML,1600,6,pw01dud102022104649/EA,インターポーザー,8,国分 優作,34.6,１ 1/4,05,02,11,3歳以上,1勝クラス,2026-08-08,pw01sde1007202602051120260808,3歳以上1勝クラス,11,[指定],,18時00分,牡4,https://www.jra.go.jp/JRADB/accessS.html?CNAME=pw01sde1007202602051120260808%2F9F,芝,1:33.7,良,井上 智史,曇,定量,,
486(0),53.0,4  1  1,中京,PASS_HTML,1600,7,pw01dud102023103615/8B,エスティヴァリス,7,酒井 学,34.9,クビ,05,02,9,3歳以上,1勝クラス,2026-08-08,pw01sde1007202602051120260808,3歳以上1勝クラス,11,[指定],,18時00分,牝3,https://www.jra.go.jp/JRADB/accessS.html?CNAME=pw01sde1007202602051120260808%2F9F,芝,1:33.7,良,高橋 康之,曇,定量,,
426(0),52.0,12  11  11,中京,PASS_HTML,1600,8,pw01dud102023104034/01,テイエムスティール,12,☆田山 旺佑,33.5,クビ,05,02,2,3歳以上,1勝クラス,2026-08-08,pw01sde1007202602051120260808,3歳以上1勝クラス,11,[指定],,18時00分,牝3,https://www.jra.go.jp/JRADB/accessS.html?CNAME=pw01sde1007202602051120260808%2F9F,芝,1:33.8,良,高橋 一哉,曇,定量,,
434(-2),56.0,4  5  6,中京,PASS_HTML,1600,9,pw01dud102022106996/52,ゴージャス,2,J.コレット,34.5,１／２,05,02,7,3歳以上,1勝クラス,2026-08-08,pw01sde1007202602051120260808,3歳以上1勝クラス,11,[指定],,18時00分,牝4,https://www.jra.go.jp/JRADB/accessS.html?CNAME=pw01sde1007202602051120260808%2F9F,芝,1:33.9,良,四位 洋文,曇,定量,,
502(+8),53.0,3  2  2,中京,PASS_HTML,1600,10,pw01dud102023103379/24,ホールドミーワンス,10,富田 暁,35.3,２ 1/2,05,02,10,3歳以上,1勝クラス,2026-08-08,pw01sde1007202602051120260808,3歳以上1勝クラス,11,[指定],,18時00分,牝3,https://www.jra.go.jp/JRADB/accessS.html?CNAME=pw01sde1007202602051120260808%2F9F,芝,1:34.3,良,西園 翔太,曇,定量,,
514(+8),55.0,1  3  4,中京,PASS_HTML,1600,11,pw01dud102023105011/77,オーライカモン,3,角田 大和,35.3,１ 1/4,05,02,4,3歳以上,1勝クラス,2026-08-08,pw01sde1007202602051120260808,3歳以上1勝クラス,11,[指定],,18時00分,牡3,https://www.jra.go.jp/JRADB/accessS.html?CNAME=pw01sde1007202602051120260808%2F9F,芝,1:34.5,良,田中 克典,曇,定量,,
460(-8),55.0,11  12  12,中京,PASS_HTML,1600,12,pw01dud102022102841/D6,メイショウハボマイ,11,▲森田 誠也,34.5,３ 1/2,05,02,12,3歳以上,1勝クラス,2026-08-08,pw01sde1007202602051120260808,3歳以上1勝クラス,11,[指定],,18時00分,牡4,https://www.jra.go.jp/JRADB/accessS.html?CNAME=pw01sde1007202602051120260808%2F9F,芝,1:35.1,良,本田 優,曇,定量,,
492(初出走),55.0,1  1  1,中京,PASS_HTML,1600,1,pw01dud102024106355/91,レニュアージュ,2,松山 弘平,34.8,,06,02,3,2歳,新馬,2026-08-09,pw01sde1007202602060220260809,メイクデビュー中京,02,牝［指定］,,10時20分,牝2,https://www.jra.go.jp/JRADB/accessS.html?CNAME=pw01sde1007202602060220260809%2F32,芝,1:34.8,良,藤原 英昭,曇,馬齢,,
488(初出走),55.0,3  4  5,中京,PASS_HTML,1600,2,pw01dud102024105976/5B,リアンフィニ,3,川田 将雅,34.5,１／２,06,02,1,2歳,新馬,2026-08-09,pw01sde1007202602060220260809,メイクデビュー中京,02,牝［指定］,,10時20分,牝2,https://www.jra.go.jp/JRADB/accessS.html?CNAME=pw01sde1007202602060220260809%2F32,芝,1:34.9,良,野中 賢二,曇,馬齢,,
498(初出走),55.0,3  4  3,中京,PASS_HTML,1600,3,pw01dud102024106661/68,ガリアルダ,1,西村 淳也,34.9,２,06,02,2,2歳,新馬,2026-08-09,pw01sde1007202602060220260809,メイクデビュー中京,02,牝［指定］,,10時20分,牝2,https://www.jra.go.jp/JRADB/accessS.html?CNAME=pw01sde1007202602060220260809%2F32,芝,1:35.2,良,上村 洋行,曇,馬齢,,
434(初出走),55.0,8  9  9,中京,PASS_HTML,1600,4,pw01dud102024107238/88,ウィンザーローズ,6,J.コレット,34.1,１ 1/4,06,02,6,2歳,新馬,2026-08-09,pw01sde1007202602060220260809,メイクデビュー中京,02,牝［指定］,,10時20分,牝2,https://www.jra.go.jp/JRADB/accessS.html?CNAME=pw01sde1007202602060220260809%2F32,芝,1:35.4,良,吉村 圭司,曇,馬齢,,
454(初出走),55.0,6  6  6,中京,PASS_HTML,1600,5,pw01dud102024105997/EE,ピュアノーブル,5,幸 英明,34.9,１／２,06,02,5,2歳,新馬,2026-08-09,pw01sde1007202602060220260809,メイクデビュー中京,02,牝［指定］,,10時20分,牝2,https://www.jra.go.jp/JRADB/accessS.html?CNAME=pw01sde1007202602060220260809%2F32,芝,1:35.5,良,岡田 稲男,曇,馬齢,,
470(初出走),55.0,3  3  3,中京,PASS_HTML,1600,6,pw01dud102024104727/2D,ミリオンカラー,7,国分 優作,35.5,２,06,02,8,2歳,新馬,2026-08-09,pw01sde1007202602060220260809,メイクデビュー中京,02,牝［指定］,,10時20分,牝2,https://www.jra.go.jp/JRADB/accessS.html?CNAME=pw01sde1007202602060220260809%2F32,芝,1:35.8,良,北出 成人,曇,馬齢,,
448(初出走),55.0,6  7  7,中京,PASS_HTML,1600,7,pw01dud102024104008/29,ジュエルシップ,8,国分 恭介,35.4,３ 1/2,06,02,7,2歳,新馬,2026-08-09,pw01sde1007202602060220260809,メイクデビュー中京,02,牝［指定］,,10時20分,牝2,https://www.jra.go.jp/JRADB/accessS.html?CNAME=pw01sde1007202602060220260809%2F32,芝,1:36.4,良,柴田 卓,曇,馬齢,,
424(初出走),55.0,8  7  7,中京,PASS_HTML,1600,8,pw01dud102024103582/FD,ノンヴェドローラ,9,横山 武史,35.6,クビ,06,02,4,2歳,新馬,2026-08-09,pw01sde1007202602060220260809,メイクデビュー中京,02,牝［指定］,,10時20分,牝2,https://www.jra.go.jp/JRADB/accessS.html?CNAME=pw01sde1007202602060220260809%2F32,芝,1:36.5,良,宮 徹,曇,馬齢,,
440(初出走),55.0,2  2  2,中京,PASS_HTML,1600,9,pw01dud102024104028/49,ビップルーチェ,4,丸山 元気,37.4,６,06,02,9,2歳,新馬,2026-08-09,pw01sde1007202602060220260809,メイクデビュー中京,02,牝［指定］,,10時20分,牝2,https://www.jra.go.jp/JRADB/accessS.html?CNAME=pw01sde1007202602060220260809%2F32,芝,1:37.5,良,田島 俊明,曇,馬齢,,
434(+14),55.0,7  6,中京,PASS_HTML,1400,1,pw01dud102023105352/BD,ゴッドアイ,15,J.コレット,34.3,,05,02,1,3歳,未勝利,2026-08-08,pw01sde1007202602051220260808,3歳未勝利,12,牝［指定］,,18時30分,牝3,https://www.jra.go.jp/JRADB/accessS.html?CNAME=pw01sde1007202602051220260808%2F54,芝,1:19.8,良,橋口 慎介,曇,馬齢,,
450(+4),55.0,7  6,中京,PASS_HTML,1400,2,pw01dud102023107273/FD,エコロディアン,7,M.デムーロ,34.5,１ 1/4,05,02,2,3歳,未勝利,2026-08-08,pw01sde1007202602051220260808,3歳未勝利,12,牝［指定］,,18時30分,牝3,https://www.jra.go.jp/JRADB/accessS.html?CNAME=pw01sde1007202602051220260808%2F54,芝,1:20.0,良,牧浦 充徳,曇,馬齢,,
490(+2),55.0,10  9,中京,PASS_HTML,1400,3,pw01dud102023106909/A7,バルフルール,4,角田 大和,34.4,１／２,05,02,12,3歳,未勝利,2026-08-08,pw01sde1007202602051220260808,3歳未勝利,12,牝［指定］,,18時30分,牝3,https://www.jra.go.jp/JRADB/accessS.html?CNAME=pw01sde1007202602051220260808%2F54,芝,1:20.1,良,長谷川 浩大,曇,馬齢,,
438(+2),55.0,11  12,中京,PASS_HTML,1400,4,pw01dud102023103794/C9,グレンセロース,12,吉村 誠之助,34.4,１ 1/2,05,02,3,3歳,未勝利,2026-08-08,pw01sde1007202602051220260808,3歳未勝利,12,牝［指定］,,18時30分,牝3,https://www.jra.go.jp/JRADB/accessS.html?CNAME=pw01sde1007202602051220260808%2F54,芝,1:20.3,良,池添 学,曇,馬齢,,
402(0),55.0,3  3,中京,PASS_HTML,1400,5,pw01dud102023104075/B4,フェブリノ,11,松若 風馬,35.1,クビ,05,02,9,3歳,未勝利,2026-08-08,pw01sde1007202602051220260808,3歳未勝利,12,牝［指定］,,18時30分,牝3,https://www.jra.go.jp/JRADB/accessS.html?CNAME=pw01sde1007202602051220260808%2F54,芝,1:20.4,良,加藤 公太,曇,馬齢,,
402(-6),55.0,11  12,中京,PASS_HTML,1400,6,pw01dud102023100918/AA,ウイングサンライズ,1,丸山 元気,34.6,クビ,05,02,8,3歳,未勝利,2026-08-08,pw01sde1007202602051220260808,3歳未勝利,12,牝［指定］,,18時30分,牝3,https://www.jra.go.jp/JRADB/accessS.html?CNAME=pw01sde1007202602051220260808%2F54,芝,1:20.4,良,矢作 芳人,曇,馬齢,,
432(-10),55.0,11  9,中京,PASS_HTML,1400,7,pw01dud102023106988/B4,グッデイ,17,秋山 稔樹,34.8,３／４,05,02,13,3歳,未勝利,2026-08-08,pw01sde1007202602051220260808,3歳未勝利,12,牝［指定］,,18時30分,牝3,https://www.jra.go.jp/JRADB/accessS.html?CNAME=pw01sde1007202602051220260808%2F54,芝,1:20.5,良,河嶋 宏樹,曇,馬齢,,
432(-3),53.0,18  18,中京,PASS_HTML,1400,8,pw01dud102023106010/F3,ミヤジマミコ,14,◇永島 まなみ,34.2,１,05,02,17,3歳,未勝利,2026-08-08,pw01sde1007202602051220260808,3歳未勝利,12,牝［指定］,,18時30分,牝3,https://www.jra.go.jp/JRADB/accessS.html?CNAME=pw01sde1007202602051220260808%2F54,芝,1:20.7,良,今野 貞一,曇,馬齢,,
470(-2),55.0,3  3,中京,PASS_HTML,1400,9,pw01dud102023102952/16,ココロザスノ,10,酒井 学,35.4,クビ,05,02,11,3歳,未勝利,2026-08-08,pw01sde1007202602051220260808,3歳未勝利,12,牝［指定］,,18時30分,牝3,https://www.jra.go.jp/JRADB/accessS.html?CNAME=pw01sde1007202602051220260808%2F54,芝,1:20.7,良,千田 輝彦,曇,馬齢,,
434(-16),55.0,15  15,中京,PASS_HTML,1400,10,pw01dud102023102228/41,ルージュマデイラ,8,富田 暁,34.8,１ 1/4,05,02,14,3歳,未勝利,2026-08-08,pw01sde1007202602051220260808,3歳未勝利,12,牝［指定］,,18時30分,牝3,https://www.jra.go.jp/JRADB/accessS.html?CNAME=pw01sde1007202602051220260808%2F54,芝,1:20.9,良,上村 洋行,曇,馬齢,,
448(-2),55.0,7  6,中京,PASS_HTML,1400,11,pw01dud102023104994/1A,ティグリス,2,幸 英明,35.5,１／２,05,02,7,3歳,未勝利,2026-08-08,pw01sde1007202602051220260808,3歳未勝利,12,牝［指定］,,18時30分,牝3,https://www.jra.go.jp/JRADB/accessS.html?CNAME=pw01sde1007202602051220260808%2F54,芝,1:21.0,良,杉山 晴紀,曇,馬齢,,
472(-2),55.0,2  2,中京,PASS_HTML,1400,12,pw01dud102023104520/1A,ルナフィオーレ,5,川田 将雅,35.9,クビ,05,02,4,3歳,未勝利,2026-08-08,pw01sde1007202602051220260808,3歳未勝利,12,牝［指定］,,18時30分,牝3,https://www.jra.go.jp/JRADB/accessS.html?CNAME=pw01sde1007202602051220260808%2F54,芝,1:21.0,良,庄野 靖志,曇,馬齢,,
448(-4),53.0,11  14,中京,PASS_HTML,1400,13,pw01dud102023100130/AA,スターアスコット,18,△柴田 裕一郎,35.1,１／２,05,02,6,3歳,未勝利,2026-08-08,pw01sde1007202602051220260808,3歳未勝利,12,牝［指定］,,18時30分,牝3,https://www.jra.go.jp/JRADB/accessS.html?CNAME=pw01sde1007202602051220260808%2F54,芝,1:21.1,良,奥村 豊,曇,馬齢,,
430(+2),55.0,16  16,中京,PASS_HTML,1400,14,pw01dud102023104321/2B,タガノプトゥリ,13,藤懸 貴志,34.7,ハナ,05,02,16,3歳,未勝利,2026-08-08,pw01sde1007202602051220260808,3歳未勝利,12,牝［指定］,,18時30分,牝3,https://www.jra.go.jp/JRADB/accessS.html?CNAME=pw01sde1007202602051220260808%2F54,芝,1:21.1,良,鈴木 孝志,曇,馬齢,,
472(+2),55.0,1  1,中京,PASS_HTML,1400,15,pw01dud102023101899/5B,ハッピーリオン,16,太宰 啓介,36.4,クビ,05,02,10,3歳,未勝利,2026-08-08,pw01sde1007202602051220260808,3歳未勝利,12,牝［指定］,,18時30分,牝3,https://www.jra.go.jp/JRADB/accessS.html?CNAME=pw01sde1007202602051220260808%2F54,芝,1:21.2,良,武 英智,曇,馬齢,,
442(+2),52.0,16  16,中京,PASS_HTML,1400,16,pw01dud102023103442/00,ルージュシャラポワ,9,▲川端 海翼,35.0,３／４,05,02,18,3歳,未勝利,2026-08-08,pw01sde1007202602051220260808,3歳未勝利,12,牝［指定］,,18時30分,牝3,https://www.jra.go.jp/JRADB/accessS.html?CNAME=pw01sde1007202602051220260808%2F54,芝,1:21.3,良,小林 真也,曇,馬齢,,
456(-12),55.0,6  9,中京,PASS_HTML,1400,17,pw01dud102023107311/E8,ペスキエーラ,6,団野 大成,35.7,クビ,05,02,15,3歳,未勝利,2026-08-08,pw01sde1007202602051220260808,3歳未勝利,12,牝［指定］,,18時30分,牝3,https://www.jra.go.jp/JRADB/accessS.html?CNAME=pw01sde1007202602051220260808%2F54,芝,1:21.4,良,須貝 尚介,曇,馬齢,,
456(+2),55.0,3  3,中京,PASS_HTML,1400,18,pw01dud102023103629/67,マスティカーレ,3,田口 貫太,36.1,クビ,05,02,5,3歳,未勝利,2026-08-08,pw01sde1007202602051220260808,3歳未勝利,12,牝［指定］,,18時30分,牝3,https://www.jra.go.jp/JRADB/accessS.html?CNAME=pw01sde1007202602051220260808%2F54,芝,1:21.4,良,西園 翔太,曇,馬齢,,
484(初出走),55.0,3  3  3  3,中京,PASS_HTML,2000,1,pw01dud102024106649/E0,ドラゴンバルド,6,川田 将雅,33.6,,06,02,1,2歳,新馬,2026-08-09,pw01sde1007202602060320260809,メイクデビュー中京,03,（混合）［指定］,,10時50分,牡2,https://www.jra.go.jp/JRADB/accessS.html?CNAME=pw01sde1007202602060320260809%2FE7,芝,2:03.6,良,福永 祐一,曇,馬齢,,
500(初出走),55.0,3  3  3  4,中京,PASS_HTML,2000,2,pw01dud102024107009/69,ショウナンバトレニ,2,松山 弘平,33.6,１ 1/4,06,02,2,2歳,新馬,2026-08-09,pw01sde1007202602060320260809,メイクデビュー中京,03,（混合）［指定］,,10時50分,牡2,https://www.jra.go.jp/JRADB/accessS.html?CNAME=pw01sde1007202602060320260809%2FE7,芝,2:03.8,良,高野 友和,曇,馬齢,,
434(初出走),55.0,2  2  2  2,中京,PASS_HTML,2000,3,pw01dud102024105806/BA,ソウカイファンキー,7,松若 風馬,34.4,２ 1/2,06,02,3,2歳,新馬,2026-08-09,pw01sde1007202602060320260809,メイクデビュー中京,03,（混合）［指定］,,10時50分,牡2,https://www.jra.go.jp/JRADB/accessS.html?CNAME=pw01sde1007202602060320260809%2FE7,芝,2:04.2,良,杉山 佳明,曇,馬齢,,
432(初出走),55.0,5  5  5  5,中京,PASS_HTML,2000,4,pw01dud102024104835/88,リリーギャラクシー,8,田口 貫太,33.9,アタマ,06,02,5,2歳,新馬,2026-08-09,pw01sde1007202602060320260809,メイクデビュー中京,03,（混合）［指定］,,10時50分,牡2,https://www.jra.go.jp/JRADB/accessS.html?CNAME=pw01sde1007202602060320260809%2FE7,芝,2:04.2,良,緒方 努,曇,馬齢,,
494(初出走),55.0,1  1  1  1,中京,PASS_HTML,2000,5,pw01dud102024102103/3D,コパノマハロ,1,横山 武史,34.8,２,06,02,6,2歳,新馬,2026-08-09,pw01sde1007202602060320260809,メイクデビュー中京,03,（混合）［指定］,,10時50分,牝2,https://www.jra.go.jp/JRADB/accessS.html?CNAME=pw01sde1007202602060320260809%2FE7,芝,2:04.5,良,宮 徹,曇,馬齢,,
490(初出走),55.0,6  6  6  6,中京,PASS_HTML,2000,6,pw01dud102024100601/6E,ディープナイト,5,幸 英明,34.7,３ 1/2,06,02,8,2歳,新馬,2026-08-09,pw01sde1007202602060320260809,メイクデビュー中京,03,（混合）［指定］,,10時50分,牡2,https://www.jra.go.jp/JRADB/accessS.html?CNAME=pw01sde1007202602060320260809%2FE7,芝,2:05.1,良,牧田 和弥,曇,馬齢,,
542(初出走),55.0,8  8  8  8,中京,PASS_HTML,2000,7,pw01dud102024105941/EC,ダンスコマンド,4,西村 淳也,34.9,７,06,02,4,2歳,新馬,2026-08-09,pw01sde1007202602060320260809,メイクデビュー中京,03,（混合）［指定］,,10時50分,牡2,https://www.jra.go.jp/JRADB/accessS.html?CNAME=pw01sde1007202602060320260809%2FE7,芝,2:06.2,良,高橋 一哉,曇,馬齢,,
492(初出走),55.0,7  7  7  7,中京,PASS_HTML,2000,8,pw01dud102024100126/D8,ドリームオブコージ,3,岡田 祥嗣,35.6,３／４,06,02,7,2歳,新馬,2026-08-09,pw01sde1007202602060320260809,メイクデビュー中京,03,（混合）［指定］,,10時50分,牡2,https://www.jra.go.jp/JRADB/accessS.html?CNAME=pw01sde1007202602060320260809%2FE7,芝,2:06.3,良,安田 翔伍,曇,馬齢,,
478(-2),57.0,10  11  7  5,中京,QUARANTINED_HTML:track_condition,1800,1,pw01dud102023105508/81,エイシンリブウェル,13,松山 弘平,38.2,,06,02,1,3歳,未勝利,2026-08-09,pw01sde1007202602060420260809,3歳未勝利,04,[指定],,11時20分,牡3,https://www.jra.go.jp/JRADB/accessS.html?CNAME=pw01sde1007202602060420260809%2F9C,ダート,1:54.7,,大久保 龍志,曇,馬齢,,
492(+2),57.0,2  2  1  1,中京,QUARANTINED_HTML:track_condition,1800,2,pw01dud102023105683/F3,アラムシャピラス,6,川田 将雅,39.2,３,06,02,2,3歳,未勝利,2026-08-09,pw01sde1007202602060420260809,3歳未勝利,04,[指定],,11時20分,牡3,https://www.jra.go.jp/JRADB/accessS.html?CNAME=pw01sde1007202602060420260809%2F9C,ダート,1:55.2,,池江 泰寿,曇,馬齢,,
498(+4),57.0,3  3  4  3,中京,QUARANTINED_HTML:track_condition,1800,3,pw01dud102023105340/C7,レッドフレーザー,1,松若 風馬,39.2,１ 1/2,06,02,7,3歳,未勝利,2026-08-09,pw01sde1007202602060420260809,3歳未勝利,04,[指定],,11時20分,牡3,https://www.jra.go.jp/JRADB/accessS.html?CNAME=pw01sde1007202602060420260809%2F9C,ダート,1:55.4,,矢作 芳人,曇,馬齢,,
534(+6),57.0,13  13  10  12,中京,QUARANTINED_HTML:track_condition,1800,4,pw01dud102023102092/9D,ジーティーピカソ,11,西村 淳也,38.5,アタマ,06,02,5,3歳,未勝利,2026-08-09,pw01sde1007202602060420260809,3歳未勝利,04,[指定],,11時20分,牡3,https://www.jra.go.jp/JRADB/accessS.html?CNAME=pw01sde1007202602060420260809%2F9C,ダート,1:55.4,,宮地 貴稔,曇,馬齢,,
450(0),57.0,6  5  3  3,中京,QUARANTINED_HTML:track_condition,1800,5,pw01dud102023102245/08,メイショウヒタカミ,12,角田 大和,39.4,クビ,06,02,6,3歳,未勝利,2026-08-09,pw01sde1007202602060420260809,3歳未勝利,04,[指定],,11時20分,牡3,https://www.jra.go.jp/JRADB/accessS.html?CNAME=pw01sde1007202602060420260809%2F9C,ダート,1:55.5,,石橋 守,曇,馬齢,,
482(+4),57.0,7  7  7  7,中京,QUARANTINED_HTML:track_condition,1800,6,pw01dud102023106078/EB,ハオカノア,8,小崎 綾也,39.1,３／４,06,02,9,3歳,未勝利,2026-08-09,pw01sde1007202602060420260809,3歳未勝利,04,[指定],,11時20分,牡3,https://www.jra.go.jp/JRADB/accessS.html?CNAME=pw01sde1007202602060420260809%2F9C,ダート,1:55.7,,小崎 憲,曇,馬齢,,
498(-4),57.0,14  15  16  16,中京,QUARANTINED_HTML:track_condition,1800,7,pw01dud102023100969/6D,タイセイゼスティ,3,横山 武史,38.4,３／４,06,02,4,3歳,未勝利,2026-08-09,pw01sde1007202602060420260809,3歳未勝利,04,[指定],,11時20分,牡3,https://www.jra.go.jp/JRADB/accessS.html?CNAME=pw01sde1007202602060420260809%2F9C,ダート,1:55.8,,奥村 豊,曇,馬齢,,
518(-2),57.0,3  3  2  2,中京,QUARANTINED_HTML:track_condition,1800,8,pw01dud102023100902/E8,サンライズフリード,7,団野 大成,40.2,２ 1/2,06,02,8,3歳,未勝利,2026-08-09,pw01sde1007202602060420260809,3歳未勝利,04,[指定],,11時20分,牡3,https://www.jra.go.jp/JRADB/accessS.html?CNAME=pw01sde1007202602060420260809%2F9C,ダート,1:56.2,,小林 真也,曇,馬齢,,
456(-6),55.0,7  8  9  8,中京,QUARANTINED_HTML:track_condition,1800,9,pw01dud102023105699/B5,リリークリスタル,14,国分 恭介,39.8,２,06,02,15,3歳,未勝利,2026-08-09,pw01sde1007202602060420260809,3歳未勝利,04,[指定],,11時20分,牝3,https://www.jra.go.jp/JRADB/accessS.html?CNAME=pw01sde1007202602060420260809%2F9C,ダート,1:56.6,,緒方 努,曇,馬齢,,
540(-8),57.0,7  8  13  12,中京,QUARANTINED_HTML:track_condition,1800,10,pw01dud102023106022/E9,ビーウィナー,10,秋山 稔樹,40.3,５,06,02,13,3歳,未勝利,2026-08-09,pw01sde1007202602060420260809,3歳未勝利,04,[指定],,11時20分,牡3,https://www.jra.go.jp/JRADB/accessS.html?CNAME=pw01sde1007202602060420260809%2F9C,ダート,1:57.4,,羽月 友彦,曇,馬齢,,
474(+2),57.0,16  16  10  8,中京,QUARANTINED_HTML:track_condition,1800,11,pw01dud102023100371/BF,スパルタンエックス,4,富田 暁,40.6,３／４,06,02,3,3歳,未勝利,2026-08-09,pw01sde1007202602060420260809,3歳未勝利,04,[指定],,11時20分,牡3,https://www.jra.go.jp/JRADB/accessS.html?CNAME=pw01sde1007202602060420260809%2F9C,ダート,1:57.5,,東田 明士,曇,馬齢,,
440(+2),57.0,5  5  4  5,中京,QUARANTINED_HTML:track_condition,1800,12,pw01dud102023100020/69,アイゼンハイム,5,J.コレット,42.1,５,06,02,10,3歳,未勝利,2026-08-09,pw01sde1007202602060420260809,3歳未勝利,04,[指定],,11時20分,牡3,https://www.jra.go.jp/JRADB/accessS.html?CNAME=pw01sde1007202602060420260809%2F9C,ダート,1:58.3,,辻野 泰之,曇,馬齢,,
478(+4),57.0,11  12  15  15,中京,QUARANTINED_HTML:track_condition,1800,13,pw01dud102023103098/3E,ピースビート,15,長岡 禎仁,41.1,１／２,06,02,16,3歳,未勝利,2026-08-09,pw01sde1007202602060420260809,3歳未勝利,04,[指定],,11時20分,牡3,https://www.jra.go.jp/JRADB/accessS.html?CNAME=pw01sde1007202602060420260809%2F9C,ダート,1:58.4,,中村 直也,曇,馬齢,,
446(-2),55.0,11  10  10  10,中京,QUARANTINED_HTML:track_condition,1800,14,pw01dud102023103406/8C,サクライロマウコロ,16,田口 貫太,42.0,３ 1/2,06,02,12,3歳,未勝利,2026-08-09,pw01sde1007202602060420260809,3歳未勝利,04,[指定],,11時20分,牝3,https://www.jra.go.jp/JRADB/accessS.html?CNAME=pw01sde1007202602060420260809%2F9C,ダート,1:59.0,,小椋 研介,曇,馬齢,,
476(初出走),57.0,14  14  13  12,中京,QUARANTINED_HTML:track_condition,1800,15,pw01dud102023101990/81,グランセンチュリ,9,中井 裕二,41.9,クビ,06,02,11,3歳,未勝利,2026-08-09,pw01sde1007202602060420260809,3歳未勝利,04,[指定],,11時20分,牡3,https://www.jra.go.jp/JRADB/accessS.html?CNAME=pw01sde1007202602060420260809%2F9C,ダート,1:59.0,,庄野 靖志,曇,馬齢,,
508(0),54.0,1  1  4  10,中京,QUARANTINED_HTML:track_condition,1800,16,pw01dud102023106908/34,アルヴァルディ,2,▲川端 海翼,50.2,大差,06,02,14,3歳,未勝利,2026-08-09,pw01sde1007202602060420260809,3歳未勝利,04,[指定],,11時20分,牡3,https://www.jra.go.jp/JRADB/accessS.html?CNAME=pw01sde1007202602060420260809%2F9C,ダート,2:06.4,,柴田 卓,曇,馬齢,,
468(+4),58.0,4  4  3  3,中京,PASS_HTML,2000,1,pw01dud102021105585/90,カリーニョ,5,川田 将雅,33.4,,06,02,2,3歳以上,2勝クラス,2026-08-09,pw01sde1007202602060620260809,浜名湖特別,06,（混合）（特指）,,15時10分,牡5,https://www.jra.go.jp/JRADB/accessS.html?CNAME=pw01sde1007202602060620260809%2F06,芝,2:00.5,良,杉山 晴紀,曇,定量,,
486(0),55.0,2  2  2  2,中京,PASS_HTML,2000,2,pw01dud102023105380/07,サトノアイボリー,2,J.コレット,33.5,クビ,06,02,4,3歳以上,2勝クラス,2026-08-09,pw01sde1007202602060620260809,浜名湖特別,06,（混合）（特指）,,15時10分,牡3,https://www.jra.go.jp/JRADB/accessS.html?CNAME=pw01sde1007202602060620260809%2F06,芝,2:00.5,良,杉山 晴紀,曇,定量,,
518(+4),55.0,3  3  3  4,中京,PASS_HTML,2000,3,pw01dud102023106283/1E,マイバレンタイン,1,田口 貫太,33.6,１ 1/2,06,02,1,3歳以上,2勝クラス,2026-08-09,pw01sde1007202602060620260809,浜名湖特別,06,（混合）（特指）,,15時10分,牡3,https://www.jra.go.jp/JRADB/accessS.html?CNAME=pw01sde1007202602060620260809%2F06,芝,2:00.8,良,池江 泰寿,曇,定量,,
516(+6),58.0,5  5  6  6,中京,PASS_HTML,2000,4,pw01dud102020103647/FD,ダイヤモンドハンズ,4,西村 淳也,33.3,クビ,06,02,6,3歳以上,2勝クラス,2026-08-09,pw01sde1007202602060620260809,浜名湖特別,06,（混合）（特指）,,15時10分,牡6,https://www.jra.go.jp/JRADB/accessS.html?CNAME=pw01sde1007202602060620260809%2F06,芝,2:00.8,良,坂口 智康,曇,定量,,
490(+2),55.0,1  1  1  1,中京,PASS_HTML,2000,5,pw01dud102023100553/E7,カレントゥルーシー,3,松山 弘平,34.0,１／２,06,02,3,3歳以上,2勝クラス,2026-08-09,pw01sde1007202602060620260809,浜名湖特別,06,（混合）（特指）,,15時10分,牡3,https://www.jra.go.jp/JRADB/accessS.html?CNAME=pw01sde1007202602060620260809%2F06,芝,2:00.9,良,鈴木 孝志,曇,定量,,
446(-10),58.0,5  5  5  5,中京,PASS_HTML,2000,6,pw01dud102019100606/FE,ヤマニンループ,6,藤懸 貴志,33.7,アタマ,06,02,5,3歳以上,2勝クラス,2026-08-09,pw01sde1007202602060620260809,浜名湖特別,06,（混合）（特指）,,15時10分,牡7,https://www.jra.go.jp/JRADB/accessS.html?CNAME=pw01sde1007202602060620260809%2F06,芝,2:01.0,良,松永 幹夫,曇,定量,,
494(+14),58.0,7  7  6  6,中京,PASS_HTML,2000,7,pw01dud102021105867/E9,ショウナンハウル,7,富田 暁,33.7,２,06,02,7,3歳以上,2勝クラス,2026-08-09,pw01sde1007202602060620260809,浜名湖特別,06,（混合）（特指）,,15時10分,せん5,https://www.jra.go.jp/JRADB/accessS.html?CNAME=pw01sde1007202602060620260809%2F06,芝,2:01.3,良,松下 武士,曇,定量,,
544(+8),55.0,2  2,中京,QUARANTINED_HTML:track_condition,1400,1,pw01dud102023106874/A7,ジャスティンルマン,7,J.コレット,37.8,,06,02,8,3歳以上,1勝クラス,2026-08-09,pw01sde1007202602060520260809,3歳以上1勝クラス,05,[指定],,11時50分,牡3,https://www.jra.go.jp/JRADB/accessS.html?CNAME=pw01sde1007202602060520260809%2F51,ダート,1:24.6,,杉山 晴紀,曇,定量,,
504(+6),52.0,1  1,中京,QUARANTINED_HTML:track_condition,1400,2,pw01dud102023103325/08,リアライズブライト,8,▲森田 誠也,38.0,クビ,06,02,5,3歳以上,1勝クラス,2026-08-09,pw01sde1007202602060520260809,3歳以上1勝クラス,05,[指定],,11時50分,牡3,https://www.jra.go.jp/JRADB/accessS.html?CNAME=pw01sde1007202602060520260809%2F51,ダート,1:24.7,,武 幸四郎,曇,定量,,
452(-2),55.0,5  5,中京,QUARANTINED_HTML:track_condition,1400,3,pw01dud102023104876/AF,ペプチドレオン,14,横山 武史,37.6,クビ,06,02,1,3歳以上,1勝クラス,2026-08-09,pw01sde1007202602060520260809,3歳以上1勝クラス,05,[指定],,11時50分,牡3,https://www.jra.go.jp/JRADB/accessS.html?CNAME=pw01sde1007202602060520260809%2F51,ダート,1:24.7,,武 英智,曇,定量,,
514(0),58.0,11  9,中京,QUARANTINED_HTML:track_condition,1400,4,pw01dud102021105993/7E,マテンロウミラクル,16,富田 暁,36.9,１ 1/4,06,02,11,3歳以上,1勝クラス,2026-08-09,pw01sde1007202602060520260809,3歳以上1勝クラス,05,[指定],,11時50分,牡5,https://www.jra.go.jp/JRADB/accessS.html?CNAME=pw01sde1007202602060520260809%2F51,ダート,1:24.9,,柴田 卓,曇,定量,,
504(-4),55.0,3  3,中京,QUARANTINED_HTML:track_condition,1400,5,pw01dud102023102045/A6,バトルアックス,12,松山 弘平,38.1,３／４,06,02,2,3歳以上,1勝クラス,2026-08-09,pw01sde1007202602060520260809,3歳以上1勝クラス,05,[指定],,11時50分,牡3,https://www.jra.go.jp/JRADB/accessS.html?CNAME=pw01sde1007202602060520260809%2F51,ダート,1:25.1,,今野 貞一,曇,定量,,
436(+4),54.0,15  15,中京,QUARANTINED_HTML:track_condition,1400,6,pw01dud102021104242/75,ショウナンラウール,1,◇永島 まなみ,36.9,１,06,02,12,3歳以上,1勝クラス,2026-08-09,pw01sde1007202602060520260809,3歳以上1勝クラス,05,[指定],,11時50分,牝5,https://www.jra.go.jp/JRADB/accessS.html?CNAME=pw01sde1007202602060520260809%2F51,ダート,1:25.2,,高橋 義忠,曇,定量,,
466(+6),56.0,5  5,中京,QUARANTINED_HTML:track_condition,1400,7,pw01dud102020102910/4C,ハイクライテリア,11,△柴田 裕一郎,38.2,１ 1/4,06,02,14,3歳以上,1勝クラス,2026-08-09,pw01sde1007202602060520260809,3歳以上1勝クラス,05,[指定],,11時50分,せん6,https://www.jra.go.jp/JRADB/accessS.html?CNAME=pw01sde1007202602060520260809%2F51,ダート,1:25.4,,羽月 友彦,曇,定量,,
456(-9),58.0,15  16,中京,QUARANTINED_HTML:track_condition,1400,8,pw01dud102022100027/02,ロイヤルテール,2,藤懸 貴志,37.6,３ 1/2,06,02,15,3歳以上,1勝クラス,2026-08-09,pw01sde1007202602060520260809,3歳以上1勝クラス,05,[指定],,11時50分,牡4,https://www.jra.go.jp/JRADB/accessS.html?CNAME=pw01sde1007202602060520260809%2F51,ダート,1:26.0,,畑端 省吾,曇,定量,,
480(+18),55.0,11  12,中京,QUARANTINED_HTML:track_condition,1400,9,pw01dud102023101405/3B,カクウチ,5,小崎 綾也,38.1,１,06,02,6,3歳以上,1勝クラス,2026-08-09,pw01sde1007202602060520260809,3歳以上1勝クラス,05,[指定],,11時50分,牡3,https://www.jra.go.jp/JRADB/accessS.html?CNAME=pw01sde1007202602060520260809%2F51,ダート,1:26.1,,小崎 憲,曇,定量,,
486(+14),53.0,7  8,中京,QUARANTINED_HTML:track_condition,1400,10,pw01dud102023103399/44,オンザノアール,13,幸 英明,38.7,アタマ,06,02,4,3歳以上,1勝クラス,2026-08-09,pw01sde1007202602060520260809,3歳以上1勝クラス,05,[指定],,11時50分,牝3,https://www.jra.go.jp/JRADB/accessS.html?CNAME=pw01sde1007202602060520260809%2F51,ダート,1:26.1,,佐藤 悠太,曇,定量,,
528(+8),55.0,3  3,中京,QUARANTINED_HTML:track_condition,1400,11,pw01dud102023102767/03,ルクスポップスター,4,団野 大成,39.2,１／２,06,02,3,3歳以上,1勝クラス,2026-08-09,pw01sde1007202602060520260809,3歳以上1勝クラス,05,[指定],,11時50分,牡3,https://www.jra.go.jp/JRADB/accessS.html?CNAME=pw01sde1007202602060520260809%2F51,ダート,1:26.2,,西園 翔太,曇,定量,,
496(-2),58.0,11  14,中京,QUARANTINED_HTML:track_condition,1400,12,pw01dud102022107248/80,ルシャリオ,10,丸山 元気,38.4,クビ,06,02,13,3歳以上,1勝クラス,2026-08-09,pw01sde1007202602060520260809,3歳以上1勝クラス,05,[指定],,11時50分,牡4,https://www.jra.go.jp/JRADB/accessS.html?CNAME=pw01sde1007202602060520260809%2F51,ダート,1:26.3,,森田 直行,曇,定量,,
450(-2),53.0,11  12,中京,QUARANTINED_HTML:track_condition,1400,13,pw01dud102023105677/AF,ツァレヴナ,3,西村 淳也,38.4,クビ,06,02,7,3歳以上,1勝クラス,2026-08-09,pw01sde1007202602060520260809,3歳以上1勝クラス,05,[指定],,11時50分,牝3,https://www.jra.go.jp/JRADB/accessS.html?CNAME=pw01sde1007202602060520260809%2F51,ダート,1:26.4,,野中 賢二,曇,定量,,
518(+6),53.0,7  7,中京,QUARANTINED_HTML:track_condition,1400,14,pw01dud102023105291/59,サリカリーフォリア,9,西塚 洸二,39.3,１ 1/4,06,02,10,3歳以上,1勝クラス,2026-08-09,pw01sde1007202602060520260809,3歳以上1勝クラス,05,[指定],,11時50分,牝3,https://www.jra.go.jp/JRADB/accessS.html?CNAME=pw01sde1007202602060520260809%2F51,ダート,1:26.6,,橋口 慎介,曇,定量,,
482(-9),58.0,9  9,中京,QUARANTINED_HTML:track_condition,1400,15,pw01dud102020103314/E1,カレンパンピナップ,6,松若 風馬,39.4,２ 1/2,06,02,9,3歳以上,1勝クラス,2026-08-09,pw01sde1007202602060520260809,3歳以上1勝クラス,05,[指定],,11時50分,せん6,https://www.jra.go.jp/JRADB/accessS.html?CNAME=pw01sde1007202602060520260809%2F51,ダート,1:27.0,,平田 修,曇,定量,,
478(+12),56.0,10  9,中京,QUARANTINED_HTML:track_condition,1400,16,pw01dud102022105689/19,ヴァリアントマーチ,15,田口 貫太,39.9,３ 1/2,06,02,16,3歳以上,1勝クラス,2026-08-09,pw01sde1007202602060520260809,3歳以上1勝クラス,05,[指定],,11時50分,牝4,https://www.jra.go.jp/JRADB/accessS.html?CNAME=pw01sde1007202602060520260809%2F51,ダート,1:27.6,,柴田 卓,曇,定量,,
512(-6),55.0,3  3,中京,PASS_HTML,1200,1,pw01dud102020110133/2D,フロムダスク,2,中井 裕二,33.6,,06,02,12,3歳以上,オープン,2026-08-09,pw01sde1007202602060720260809,CBC賞,07,（国際）（特指）,107,15時45分,牡6,https://www.jra.go.jp/JRADB/accessS.html?CNAME=pw01sde1007202602060720260809%2FBB,芝,1:06.5,良,森 秀行,晴,ハンデ,,
508(-2),57.5,8  8,中京,PASS_HTML,1200,2,pw01dud102022103066/9C,レイピア,3,横山 武史,33.4,２,06,02,2,3歳以上,オープン,2026-08-09,pw01sde1007202602060720260809,CBC賞,07,（国際）（特指）,107,15時45分,牡4,https://www.jra.go.jp/JRADB/accessS.html?CNAME=pw01sde1007202602060720260809%2FBB,芝,1:06.9,良,中竹 和也,晴,ハンデ,,
492(0),55.0,8  8,中京,PASS_HTML,1200,3,pw01dud102021105880/E4,レッドエヴァンス,6,西村 淳也,33.5,クビ,06,02,3,3歳以上,オープン,2026-08-09,pw01sde1007202602060720260809,CBC賞,07,（国際）（特指）,101,15時45分,せん5,https://www.jra.go.jp/JRADB/accessS.html?CNAME=pw01sde1007202602060720260809%2FBB,芝,1:06.9,良,東田 明士,晴,ハンデ,,
486(-6),53.0,12  12,中京,PASS_HTML,1200,4,pw01dud102020103325/64,プロトポロス,4,亀田 温心,33.1,ハナ,06,02,17,3歳以上,オープン,2026-08-09,pw01sde1007202602060720260809,CBC賞,07,（国際）（特指）,97,15時45分,牡6,https://www.jra.go.jp/JRADB/accessS.html?CNAME=pw01sde1007202602060720260809%2FBB,芝,1:06.9,良,西村 真幸,晴,ハンデ,,
472(+6),52.0,3  3,中京,PASS_HTML,1200,5,pw01dud102021103932/CD,ジェニファー,5,永島 まなみ,33.9,ハナ,06,02,9,3歳以上,オープン,2026-08-09,pw01sde1007202602060720260809,CBC賞,07,（国際）（特指）,95,15時45分,牝5,https://www.jra.go.jp/JRADB/accessS.html?CNAME=pw01sde1007202602060720260809%2FBB,芝,1:06.9,良,浜田 多実雄,晴,ハンデ,,
518(-6),54.0,11  11,中京,PASS_HTML,1200,6,pw01dud102023103162/8D,タマモイカロス,17,西塚 洸二,33.4,１ 1/4,06,02,6,3歳以上,オープン,2026-08-09,pw01sde1007202602060720260809,CBC賞,07,（国際）（特指）,100,15時45分,牡3,https://www.jra.go.jp/JRADB/accessS.html?CNAME=pw01sde1007202602060720260809%2FBB,芝,1:07.1,良,藤岡 健一,晴,ハンデ,,
472(+10),52.0,18  18,中京,PASS_HTML,1200,7,pw01dud102023107020/F2,サンアントワーヌ,13,丸山 元気,32.6,クビ,06,02,7,3歳以上,オープン,2026-08-09,pw01sde1007202602060720260809,CBC賞,07,（国際）（特指）,95,15時45分,牝3,https://www.jra.go.jp/JRADB/accessS.html?CNAME=pw01sde1007202602060720260809%2FBB,芝,1:07.1,良,鹿戸 雄一,晴,ハンデ,,
430(0),55.5,16  16,中京,PASS_HTML,1200,8,pw01dud102022101623/4B,アブキールベイ,16,J.コレット,32.8,アタマ,06,02,15,3歳以上,オープン,2026-08-09,pw01sde1007202602060720260809,CBC賞,07,（国際）（特指）,98,15時45分,牝4,https://www.jra.go.jp/JRADB/accessS.html?CNAME=pw01sde1007202602060720260809%2FBB,芝,1:07.1,良,坂口 智康,晴,ハンデ,,
496(0),56.0,17  17,中京,PASS_HTML,1200,9,pw01dud102022104933/BB,ディアナザール,7,川田 将雅,32.8,クビ,06,02,1,3歳以上,オープン,2026-08-09,pw01sde1007202602060720260809,CBC賞,07,（国際）（特指）,98,15時45分,牡4,https://www.jra.go.jp/JRADB/accessS.html?CNAME=pw01sde1007202602060720260809%2FBB,芝,1:07.2,良,斉藤 崇史,晴,ハンデ,,
504(0),53.0,14  15,中京,PASS_HTML,1200,10,pw01dud102021107063/73,イツモニコニコ,1,藤懸 貴志,33.0,ハナ,06,02,13,3歳以上,オープン,2026-08-09,pw01sde1007202602060720260809,CBC賞,07,（国際）（特指）,92,15時45分,牝5,https://www.jra.go.jp/JRADB/accessS.html?CNAME=pw01sde1007202602060720260809%2FBB,芝,1:07.2,良,浜田 多実雄,晴,ハンデ,,
518(-14),57.5,2  2,中京,PASS_HTML,1200,11,pw01dud102022106394/46,クラスペディア,9,小崎 綾也,34.5,クビ,06,02,10,3歳以上,オープン,2026-08-09,pw01sde1007202602060720260809,CBC賞,07,（国際）（特指）,100,15時45分,牡4,https://www.jra.go.jp/JRADB/accessS.html?CNAME=pw01sde1007202602060720260809%2FBB,芝,1:07.2,良,河嶋 宏樹,晴,ハンデ,,
458(-12),53.0,6  6,中京,PASS_HTML,1200,12,pw01dud102021103092/74,ナムラローズマリー,10,幸 英明,34.0,アタマ,06,02,11,3歳以上,オープン,2026-08-09,pw01sde1007202602060720260809,CBC賞,07,（国際）（特指）,91,15時45分,牝5,https://www.jra.go.jp/JRADB/accessS.html?CNAME=pw01sde1007202602060720260809%2FBB,芝,1:07.2,良,羽月 友彦,晴,ハンデ,,
466(+2),55.0,6  6,中京,PASS_HTML,1200,13,pw01dud102021101924/C5,フィオライア,8,太宰 啓介,34.1,１／２,06,02,14,3歳以上,オープン,2026-08-09,pw01sde1007202602060720260809,CBC賞,07,（国際）（特指）,94,15時45分,牝5,https://www.jra.go.jp/JRADB/accessS.html?CNAME=pw01sde1007202602060720260809%2FBB,芝,1:07.3,良,柴田 卓,晴,ハンデ,,
474(-4),56.0,8  8,中京,PASS_HTML,1200,14,pw01dud102021101598/3D,アンクルクロス,15,松若 風馬,34.0,１／２,06,02,4,3歳以上,オープン,2026-08-09,pw01sde1007202602060720260809,CBC賞,07,（国際）（特指）,95,15時45分,牡5,https://www.jra.go.jp/JRADB/accessS.html?CNAME=pw01sde1007202602060720260809%2FBB,芝,1:07.4,良,高橋 亮,晴,ハンデ,,
502(0),56.0,14  14,中京,PASS_HTML,1200,15,pw01dud102019103605/58,ペプチドヤマト,18,高倉 稜,33.5,３／４,06,02,18,3歳以上,オープン,2026-08-09,pw01sde1007202602060720260809,CBC賞,07,（国際）（特指）,93,15時45分,牡7,https://www.jra.go.jp/JRADB/accessS.html?CNAME=pw01sde1007202602060720260809%2FBB,芝,1:07.6,良,武 英智,晴,ハンデ,,
520(-16),57.0,12  12,中京,PASS_HTML,1200,16,pw01dud102020105400/14,タマモブラックタイ,11,角田 大和,33.8,クビ,06,02,16,3歳以上,オープン,2026-08-09,pw01sde1007202602060720260809,CBC賞,07,（国際）（特指）,94,15時45分,牡6,https://www.jra.go.jp/JRADB/accessS.html?CNAME=pw01sde1007202602060720260809%2FBB,芝,1:07.6,良,角田 晃一,晴,ハンデ,,
516(-10),58.0,1  1,中京,PASS_HTML,1200,17,pw01dud102021110164/5C,インビンシブルパパ,12,団野 大成,35.2,ハナ,06,02,5,3歳以上,オープン,2026-08-09,pw01sde1007202602060720260809,CBC賞,07,（国際）（特指）,96,15時45分,牡5,https://www.jra.go.jp/JRADB/accessS.html?CNAME=pw01sde1007202602060720260809%2FBB,芝,1:07.6,良,伊藤 大士,晴,ハンデ,,
480(0),55.0,3  3,中京,PASS_HTML,1200,18,pw01dud102022110026/5D,コウセキ,14,松山 弘平,34.8,１,06,02,8,3歳以上,オープン,2026-08-09,pw01sde1007202602060720260809,CBC賞,07,（国際）（特指）,87,15時45分,牡4,https://www.jra.go.jp/JRADB/accessS.html?CNAME=pw01sde1007202602060720260809%2FBB,芝,1:07.8,良,西園 翔太,晴,ハンデ,,
496(+4),55.0,2  2  2  2,中京,QUARANTINED_HTML:track_condition,1800,1,pw01dud102023107082/38,リベッチオ,11,川田 将雅,37.9,,06,02,1,3歳以上,2勝クラス,2026-08-09,pw01sde1007202602060820260809,揖斐川特別,08,（混合）［指定］,,16時20分,牡3,https://www.jra.go.jp/JRADB/accessS.html?CNAME=pw01sde1007202602060820260809%2F70,ダート,1:53.9,,杉山 晴紀,晴,定量,,
448(-4),53.0,7  7  7  7,中京,QUARANTINED_HTML:track_condition,1800,2,pw01dud102023103628/F4,ケイツーリーブル,4,横山 武史,37.6,２ 1/2,06,02,3,3歳以上,2勝クラス,2026-08-09,pw01sde1007202602060820260809,揖斐川特別,08,（混合）［指定］,,16時20分,牝3,https://www.jra.go.jp/JRADB/accessS.html?CNAME=pw01sde1007202602060820260809%2F70,ダート,1:54.3,,千葉 直人,晴,定量,,
496(+2),58.0,2  2  2  2,中京,QUARANTINED_HTML:track_condition,1800,3,pw01dud102022105791/C2,ブルックリンダンス,2,J.コレット,38.3,クビ,06,02,2,3歳以上,2勝クラス,2026-08-09,pw01sde1007202602060820260809,揖斐川特別,08,（混合）［指定］,,16時20分,牡4,https://www.jra.go.jp/JRADB/accessS.html?CNAME=pw01sde1007202602060820260809%2F70,ダート,1:54.3,,田中 克典,晴,定量,,
520(+8),58.0,5  5  5  4,中京,QUARANTINED_HTML:track_condition,1800,4,pw01dud102022110123/35,クロノスバレット,5,松山 弘平,37.9,クビ,06,02,4,3歳以上,2勝クラス,2026-08-09,pw01sde1007202602060820260809,揖斐川特別,08,（混合）［指定］,,16時20分,牡4,https://www.jra.go.jp/JRADB/accessS.html?CNAME=pw01sde1007202602060820260809%2F70,ダート,1:54.3,,吉村 圭司,晴,定量,,
474(+4),58.0,1  1  1  1,中京,QUARANTINED_HTML:track_condition,1800,5,pw01dud102021103821/19,ハイディージェン,9,西塚 洸二,38.8,１,06,02,9,3歳以上,2勝クラス,2026-08-09,pw01sde1007202602060820260809,揖斐川特別,08,（混合）［指定］,,16時20分,せん5,https://www.jra.go.jp/JRADB/accessS.html?CNAME=pw01sde1007202602060820260809%2F70,ダート,1:54.5,,森田 直行,晴,定量,,
468(+6),56.0,7  7  7  7,中京,QUARANTINED_HTML:track_condition,1800,6,pw01dud102020106101/E3,シュヴァルツリーベ,10,藤懸 貴志,37.9,クビ,06,02,10,3歳以上,2勝クラス,2026-08-09,pw01sde1007202602060820260809,揖斐川特別,08,（混合）［指定］,,16時20分,牝6,https://www.jra.go.jp/JRADB/accessS.html?CNAME=pw01sde1007202602060820260809%2F70,ダート,1:54.6,,羽月 友彦,晴,定量,,
500(-10),58.0,9  9  10  9,中京,QUARANTINED_HTML:track_condition,1800,7,pw01dud102021106164/28,キングオブフジ,8,中井 裕二,38.2,２ 1/2,06,02,5,3歳以上,2勝クラス,2026-08-09,pw01sde1007202602060820260809,揖斐川特別,08,（混合）［指定］,,16時20分,牡5,https://www.jra.go.jp/JRADB/accessS.html?CNAME=pw01sde1007202602060820260809%2F70,ダート,1:55.0,,角田 晃一,晴,定量,,
442(-16),58.0,9  9  7  9,中京,QUARANTINED_HTML:track_condition,1800,8,pw01dud102020104561/29,タイガースパーク,3,田口 貫太,38.4,クビ,06,02,8,3歳以上,2勝クラス,2026-08-09,pw01sde1007202602060820260809,揖斐川特別,08,（混合）［指定］,,16時20分,牡6,https://www.jra.go.jp/JRADB/accessS.html?CNAME=pw01sde1007202602060820260809%2F70,ダート,1:55.1,,大橋 勇樹,晴,定量,,
498(-2),58.0,11  11  11  11,中京,QUARANTINED_HTML:track_condition,1800,9,pw01dud102021104295/1E,トモジャザーン,7,幸 英明,38.2,３ 1/2,06,02,6,3歳以上,2勝クラス,2026-08-09,pw01sde1007202602060820260809,揖斐川特別,08,（混合）［指定］,,16時20分,牡5,https://www.jra.go.jp/JRADB/accessS.html?CNAME=pw01sde1007202602060820260809%2F70,ダート,1:55.7,,大根田 裕之,晴,定量,,
444(-8),58.0,5  5  5  4,中京,QUARANTINED_HTML:track_condition,1800,10,pw01dud102020106491/06,メイショウジェンマ,1,角田 大和,39.9,３ 1/2,06,02,11,3歳以上,2勝クラス,2026-08-09,pw01sde1007202602060820260809,揖斐川特別,08,（混合）［指定］,,16時20分,牡6,https://www.jra.go.jp/JRADB/accessS.html?CNAME=pw01sde1007202602060820260809%2F70,ダート,1:56.3,,飯田 祐史,晴,定量,,
492(-2),58.0,4  4  4  4,中京,QUARANTINED_HTML:track_condition,1800,11,pw01dud102022102260/5D,ジェシーテソーロ,6,富田 暁,40.7,３ 1/2,06,02,7,3歳以上,2勝クラス,2026-08-09,pw01sde1007202602060820260809,揖斐川特別,08,（混合）［指定］,,16時20分,牡4,https://www.jra.go.jp/JRADB/accessS.html?CNAME=pw01sde1007202602060820260809%2F70,ダート,1:56.9,,牧 光二,晴,定量,,
468(-2),53.0,3  3,中京,QUARANTINED_HTML:track_condition,1200,1,pw01dud102022105748/97,リードプリンシパル,6,▲川端 海翼,37.3,,06,02,16,3歳以上,1勝クラス,2026-08-09,pw01sde1007202602061020260809,3歳以上1勝クラス,10,（混合）［指定］,,17時30分,牝4,https://www.jra.go.jp/JRADB/accessS.html?CNAME=pw01sde1007202602061020260809%2F1A,ダート,1:12.2,,秋山 真一郎,晴,定量,,
536(+8),58.0,4  3,中京,QUARANTINED_HTML:track_condition,1200,2,pw01dud102022110104/88,アメリカンビヨンド,11,西塚 洸二,37.1,クビ,06,02,2,3歳以上,1勝クラス,2026-08-09,pw01sde1007202602061020260809,3歳以上1勝クラス,10,（混合）［指定］,,17時30分,牡4,https://www.jra.go.jp/JRADB/accessS.html?CNAME=pw01sde1007202602061020260809%2F1A,ダート,1:12.3,,藤原 英昭,晴,定量,,
476(0),56.0,2  2,中京,QUARANTINED_HTML:track_condition,1200,3,pw01dud102023102131/FB,ラヴネヴァーダイズ,2,松山 弘平,37.6,クビ,06,02,1,3歳以上,1勝クラス,2026-08-09,pw01sde1007202602061020260809,3歳以上1勝クラス,10,（混合）［指定］,,17時30分,牡3,https://www.jra.go.jp/JRADB/accessS.html?CNAME=pw01sde1007202602061020260809%2F1A,ダート,1:12.3,,渡辺 薫彦,晴,定量,,
514(-2),58.0,6  5,中京,QUARANTINED_HTML:track_condition,1200,4,pw01dud102022105077/FD,ワイルドブッター,4,高倉 稜,36.9,クビ,06,02,15,3歳以上,1勝クラス,2026-08-09,pw01sde1007202602061020260809,3歳以上1勝クラス,10,（混合）［指定］,,17時30分,せん4,https://www.jra.go.jp/JRADB/accessS.html?CNAME=pw01sde1007202602061020260809%2F1A,ダート,1:12.4,,武 英智,晴,定量,,
428(+6),51.0,6  5,中京,QUARANTINED_HTML:track_condition,1200,5,pw01dud102023101810/D0,ヴォンドゥ,13,▲森田 誠也,37.0,クビ,06,02,3,3歳以上,1勝クラス,2026-08-09,pw01sde1007202602061020260809,3歳以上1勝クラス,10,（混合）［指定］,,17時30分,牝3,https://www.jra.go.jp/JRADB/accessS.html?CNAME=pw01sde1007202602061020260809%2F1A,ダート,1:12.4,,小栗 実,晴,定量,,
540(-10),58.0,9  8,中京,QUARANTINED_HTML:track_condition,1200,6,pw01dud102020104913/83,グランデスフィーダ,10,松若 風馬,36.8,３／４,06,02,4,3歳以上,1勝クラス,2026-08-09,pw01sde1007202602061020260809,3歳以上1勝クラス,10,（混合）［指定］,,17時30分,牡6,https://www.jra.go.jp/JRADB/accessS.html?CNAME=pw01sde1007202602061020260809%2F1A,ダート,1:12.5,,佐藤 悠太,晴,定量,,
528(-4),58.0,15  15,中京,QUARANTINED_HTML:track_condition,1200,7,pw01dud102022104448/15,ガビーズブラザー,9,秋山 稔樹,36.2,クビ,06,02,9,3歳以上,1勝クラス,2026-08-09,pw01sde1007202602061020260809,3歳以上1勝クラス,10,（混合）［指定］,,17時30分,牡4,https://www.jra.go.jp/JRADB/accessS.html?CNAME=pw01sde1007202602061020260809%2F1A,ダート,1:12.6,,牧田 和弥,晴,定量,,
494(-4),58.0,15  15,中京,QUARANTINED_HTML:track_condition,1200,8,pw01dud102022104944/3E,シュネーグロッケン,7,亀田 温心,36.2,１／２,06,02,13,3歳以上,1勝クラス,2026-08-09,pw01sde1007202602061020260809,3歳以上1勝クラス,10,（混合）［指定］,,17時30分,牡4,https://www.jra.go.jp/JRADB/accessS.html?CNAME=pw01sde1007202602061020260809%2F1A,ダート,1:12.7,,清水 久詞,晴,定量,,
460(-4),58.0,14  13,中京,QUARANTINED_HTML:track_condition,1200,9,pw01dud102022101117/12,アイファーモービル,12,藤懸 貴志,37.1,３,06,02,8,3歳以上,1勝クラス,2026-08-09,pw01sde1007202602061020260809,3歳以上1勝クラス,10,（混合）［指定］,,17時30分,牡4,https://www.jra.go.jp/JRADB/accessS.html?CNAME=pw01sde1007202602061020260809%2F1A,ダート,1:13.2,,宮本 博,晴,定量,,
472(-10),56.0,5  5,中京,QUARANTINED_HTML:track_condition,1200,10,pw01dud102023106284/91,リーグナイト,14,幸 英明,38.0,３／４,06,02,5,3歳以上,1勝クラス,2026-08-09,pw01sde1007202602061020260809,3歳以上1勝クラス,10,（混合）［指定］,,17時30分,牡3,https://www.jra.go.jp/JRADB/accessS.html?CNAME=pw01sde1007202602061020260809%2F1A,ダート,1:13.3,,新谷 功一,晴,定量,,
434(0),56.0,6  8,中京,QUARANTINED_HTML:track_condition,1200,11,pw01dud102023105140/65,サヨノパララックス,15,川須 栄彦,37.9,クビ,06,02,11,3歳以上,1勝クラス,2026-08-09,pw01sde1007202602061020260809,3歳以上1勝クラス,10,（混合）［指定］,,17時30分,牡3,https://www.jra.go.jp/JRADB/accessS.html?CNAME=pw01sde1007202602061020260809%2F1A,ダート,1:13.3,,羽月 友彦,晴,定量,,
470(-4),58.0,12  8,中京,QUARANTINED_HTML:track_condition,1200,12,pw01dud102022102003/F4,スレッドザニードル,5,国分 恭介,37.5,ハナ,06,02,12,3歳以上,1勝クラス,2026-08-09,pw01sde1007202602061020260809,3歳以上1勝クラス,10,（混合）［指定］,,17時30分,牡4,https://www.jra.go.jp/JRADB/accessS.html?CNAME=pw01sde1007202602061020260809%2F1A,ダート,1:13.3,,安達 昭夫,晴,定量,,
500(-4),56.0,12  13,中京,QUARANTINED_HTML:track_condition,1200,13,pw01dud102021110063/B8,メイプルギャング,3,△柴田 裕一郎,37.9,２ 1/2,06,02,14,3歳以上,1勝クラス,2026-08-09,pw01sde1007202602061020260809,3歳以上1勝クラス,10,（混合）［指定］,,17時30分,牡5,https://www.jra.go.jp/JRADB/accessS.html?CNAME=pw01sde1007202602061020260809%2F1A,ダート,1:13.7,,中竹 和也,晴,定量,,
502(+2),56.0,9  11,中京,QUARANTINED_HTML:track_condition,1200,14,pw01dud102023104408/61,ナウオアネヴァー,8,小崎 綾也,38.1,３／４,06,02,6,3歳以上,1勝クラス,2026-08-09,pw01sde1007202602061020260809,3歳以上1勝クラス,10,（混合）［指定］,,17時30分,牡3,https://www.jra.go.jp/JRADB/accessS.html?CNAME=pw01sde1007202602061020260809%2F1A,ダート,1:13.8,,寺島 良,晴,定量,,
434(-8),58.0,9  11,中京,QUARANTINED_HTML:track_condition,1200,15,pw01dud102022100458/69,シンギタイ,16,田口 貫太,38.6,２,06,02,10,3歳以上,1勝クラス,2026-08-09,pw01sde1007202602061020260809,3歳以上1勝クラス,10,（混合）［指定］,,17時30分,せん4,https://www.jra.go.jp/JRADB/accessS.html?CNAME=pw01sde1007202602061020260809%2F1A,ダート,1:14.2,,庄野 靖志,晴,定量,,
512(-9),56.0,1  1,中京,QUARANTINED_HTML:track_condition,1200,16,pw01dud102023110062/5D,プールナバドラ,1,団野 大成,39.9,ハナ,06,02,7,3歳以上,1勝クラス,2026-08-09,pw01sde1007202602061020260809,3歳以上1勝クラス,10,（混合）［指定］,,17時30分,牡3,https://www.jra.go.jp/JRADB/accessS.html?CNAME=pw01sde1007202602061020260809%2F1A,ダート,1:14.2,,森 秀行,晴,定量,,
504(-2),60.0,1  1  1  1,中京,PASS_HTML,3000,1,pw01dud102022103255/7B,メイショウソウセキ,5,難波 剛健,,,06,02,1,障害3歳以上,未勝利,2026-08-09,pw01sde1007202602060920260809,障害3歳以上未勝利,09,（混合）,,16時55分,牡4,https://www.jra.go.jp/JRADB/accessS.html?CNAME=pw01sde1007202602060920260809%2F25,障害,3:17.6,良,松永 幹夫,晴,定量,13.2,
456(-8),60.0,7  6  3  3,中京,PASS_HTML,3000,2,pw01dud102019104675/B7,アップストローク,2,草野 太郎,,１ 1/4,06,02,3,障害3歳以上,未勝利,2026-08-09,pw01sde1007202602060920260809,障害3歳以上未勝利,09,（混合）,,16時55分,せん7,https://www.jra.go.jp/JRADB/accessS.html?CNAME=pw01sde1007202602060920260809%2F25,障害,3:17.8,良,杉浦 宏昭,晴,定量,13.2,
440(-2),58.0,3  2  2  2,中京,PASS_HTML,3000,3,pw01dud102022105072/BE,ナヴァラトゥナ,6,△坂口 智康,,クビ,06,02,5,障害3歳以上,未勝利,2026-08-09,pw01sde1007202602060920260809,障害3歳以上未勝利,09,（混合）,,16時55分,牡4,https://www.jra.go.jp/JRADB/accessS.html?CNAME=pw01sde1007202602060920260809%2F25,障害,3:17.8,良,手塚 貴徳,晴,定量,13.2,
512(-22),60.0,3  4  5  5,中京,PASS_HTML,3000,4,pw01dud102020102013/EC,オリンポスカズマ,12,小坂 忠士,,大差,06,02,6,障害3歳以上,未勝利,2026-08-09,pw01sde1007202602060920260809,障害3歳以上未勝利,09,（混合）,,16時55分,牡6,https://www.jra.go.jp/JRADB/accessS.html?CNAME=pw01sde1007202602060920260809%2F25,障害,3:19.9,良,平田 修,晴,定量,13.3,
488(-2),57.0,5  5  6  6,中京,PASS_HTML,3000,5,pw01dud102022106544/58,ナスノソナタ,9,▲水沼 元輝,,７,06,02,12,障害3歳以上,未勝利,2026-08-09,pw01sde1007202602060920260809,障害3歳以上未勝利,09,（混合）,,16時55分,牡4,https://www.jra.go.jp/JRADB/accessS.html?CNAME=pw01sde1007202602060920260809%2F25,障害,3:21.0,良,武井 亮,晴,定量,13.4,
516(-12),60.0,2  2  3  4,中京,PASS_HTML,3000,6,pw01dud102020104005/A0,アナザーエース,13,五十嵐 雄祐,,６,06,02,2,障害3歳以上,未勝利,2026-08-09,pw01sde1007202602060920260809,障害3歳以上未勝利,09,（混合）,,16時55分,牡6,https://www.jra.go.jp/JRADB/accessS.html?CNAME=pw01sde1007202602060920260809%2F25,障害,3:22.0,良,宮 徹,晴,定量,13.5,
464(-2),60.0,6  6  7  7,中京,PASS_HTML,3000,7,pw01dud102021102336/84,ヨシノヤッタルデー,10,黒岩 悠,,大差,06,02,9,障害3歳以上,未勝利,2026-08-09,pw01sde1007202602060920260809,障害3歳以上未勝利,09,（混合）,,16時55分,牡5,https://www.jra.go.jp/JRADB/accessS.html?CNAME=pw01sde1007202602060920260809%2F25,障害,3:23.8,良,中竹 和也,晴,定量,13.6,
478(0),60.0,11  11  10  10,中京,PASS_HTML,3000,8,pw01dud102022101587/46,クリアクォーツ,11,大江原 圭,,大差,06,02,7,障害3歳以上,未勝利,2026-08-09,pw01sde1007202602060920260809,障害3歳以上未勝利,09,（混合）,,16時55分,牡4,https://www.jra.go.jp/JRADB/accessS.html?CNAME=pw01sde1007202602060920260809%2F25,障害,3:25.9,良,的場 均,晴,定量,13.7,
468(-2),58.0,8  8  8  8,中京,PASS_HTML,3000,9,pw01dud102023103189/D2,スラッシュ,7,中村 将之,,アタマ,06,02,13,障害3歳以上,未勝利,2026-08-09,pw01sde1007202602060920260809,障害3歳以上未勝利,09,（混合）,,16時55分,牡3,https://www.jra.go.jp/JRADB/accessS.html?CNAME=pw01sde1007202602060920260809%2F25,障害,3:25.9,良,安達 昭夫,晴,定量,13.7,
452(+2),60.0,10  10  12  12,中京,PASS_HTML,3000,10,pw01dud102021104105/5D,ルクスマーベリック,1,金子 光希,,１ 1/2,06,02,8,障害3歳以上,未勝利,2026-08-09,pw01sde1007202602060920260809,障害3歳以上未勝利,09,（混合）,,16時55分,せん5,https://www.jra.go.jp/JRADB/accessS.html?CNAME=pw01sde1007202602060920260809%2F25,障害,3:26.2,良,大和田 成,晴,定量,13.7,
466(+4),58.0,12  13  13  13,中京,PASS_HTML,3000,11,pw01dud102020106585/F3,ヴォンヌヴォー,8,伴 啓太,,１／２,06,02,10,障害3歳以上,未勝利,2026-08-09,pw01sde1007202602060920260809,障害3歳以上未勝利,09,（混合）,,16時55分,牝6,https://www.jra.go.jp/JRADB/accessS.html?CNAME=pw01sde1007202602060920260809%2F25,障害,3:26.3,良,天間 昭一,晴,定量,13.8,
442(0),58.0,9  9  9  9,中京,PASS_HTML,3000,12,pw01dud102019105824/45,アレナリア,4,小牧 加矢太,,１／２,06,02,4,障害3歳以上,未勝利,2026-08-09,pw01sde1007202602060920260809,障害3歳以上未勝利,09,（混合）,,16時55分,牝7,https://www.jra.go.jp/JRADB/accessS.html?CNAME=pw01sde1007202602060920260809%2F25,障害,3:26.4,良,藤野 健太,晴,定量,13.8,
472(+6),60.0,12  12  11  11,中京,PASS_HTML,3000,13,pw01dud102022100548/8A,ヴィーデ,3,上野 翔,,１ 1/2,06,02,11,障害3歳以上,未勝利,2026-08-09,pw01sde1007202602060920260809,障害3歳以上未勝利,09,（混合）,,16時55分,せん4,https://www.jra.go.jp/JRADB/accessS.html?CNAME=pw01sde1007202602060920260809%2F25,障害,3:26.6,良,戸田 博文,晴,定量,13.8,
462(-2),56.0,9  7,中京,PASS_HTML,1200,1,pw01dud102022104501/E1,パリコレジェンヌ,11,田口 貫太,33.2,,06,02,11.0,3歳以上,1勝クラス,2026-08-09,pw01sde1007202602061120260809,3歳以上1勝クラス,11,（混合）［指定］,,18時00分,牝4,https://www.jra.go.jp/JRADB/accessS.html?CNAME=pw01sde1007202602061120260809%2FCF,芝,1:07.8,良,鈴木 孝志,晴,定量,,
464(0),54.0,4  3,中京,PASS_HTML,1200,2,pw01dud102023103836/80,フロムレイブン,1,横山 武史,33.6,ハナ,06,02,1.0,3歳以上,1勝クラス,2026-08-09,pw01sde1007202602061120260809,3歳以上1勝クラス,11,（混合）［指定］,,18時00分,牝3,https://www.jra.go.jp/JRADB/accessS.html?CNAME=pw01sde1007202602061120260809%2FCF,芝,1:07.8,良,坂口 智康,晴,定量,,
470(-2),56.0,7  7,中京,PASS_HTML,1200,3,pw01dud102022104901/A5,モルティフレーバー,3,J.コレット,33.4,クビ,06,02,7.0,3歳以上,1勝クラス,2026-08-09,pw01sde1007202602061120260809,3歳以上1勝クラス,11,（混合）［指定］,,18時00分,牝4,https://www.jra.go.jp/JRADB/accessS.html?CNAME=pw01sde1007202602061120260809%2FCF,芝,1:07.9,良,清水 久詞,晴,定量,,
522(+4),58.0,4  5,中京,PASS_HTML,1200,4,pw01dud102022105921/B4,アーリントンロウ,6,国分 優作,33.6,ハナ,06,02,4.0,3歳以上,1勝クラス,2026-08-09,pw01sde1007202602061120260809,3歳以上1勝クラス,11,（混合）［指定］,,18時00分,牡4,https://www.jra.go.jp/JRADB/accessS.html?CNAME=pw01sde1007202602061120260809%2FCF,芝,1:07.9,良,松下 武士,晴,定量,,
480(+2),56.0,12  12,中京,PASS_HTML,1200,5,pw01dud102021105484/EC,ベランジェール,13,酒井 学,33.1,１,06,02,8.0,3歳以上,1勝クラス,2026-08-09,pw01sde1007202602061120260809,3歳以上1勝クラス,11,（混合）［指定］,,18時00分,牝5,https://www.jra.go.jp/JRADB/accessS.html?CNAME=pw01sde1007202602061120260809%2FCF,芝,1:08.0,良,西村 真幸,晴,定量,,
476(0),56.0,1  1,中京,PASS_HTML,1200,6,pw01dud102021103901/2A,マーシーラン,5,国分 恭介,34.2,１／２,06,02,5.0,3歳以上,1勝クラス,2026-08-09,pw01sde1007202602061120260809,3歳以上1勝クラス,11,（混合）［指定］,,18時00分,牝5,https://www.jra.go.jp/JRADB/accessS.html?CNAME=pw01sde1007202602061120260809%2FCF,芝,1:08.1,良,渡辺 薫彦,晴,定量,,
436(+8),58.0,12  10,中京,PASS_HTML,1200,7,pw01dud102022103750/31,スピリットライズ,8,亀田 温心,33.3,ハナ,06,02,14.0,3歳以上,1勝クラス,2026-08-09,pw01sde1007202602061120260809,3歳以上1勝クラス,11,（混合）［指定］,,18時00分,せん4,https://www.jra.go.jp/JRADB/accessS.html?CNAME=pw01sde1007202602061120260809%2FCF,芝,1:08.1,良,高柳 大輔,晴,定量,,
434(-2),56.0,9  10,中京,PASS_HTML,1200,8,pw01dud102020103261/A7,アウクソー,10,秋山 稔樹,33.4,クビ,06,02,15.0,3歳以上,1勝クラス,2026-08-09,pw01sde1007202602061120260809,3歳以上1勝クラス,11,（混合）［指定］,,18時00分,牝6,https://www.jra.go.jp/JRADB/accessS.html?CNAME=pw01sde1007202602061120260809%2FCF,芝,1:08.2,良,平田 修,晴,定量,,
428(-6),56.0,12  14,中京,PASS_HTML,1200,9,pw01dud102022103729/0C,セクシーマージュ,7,川須 栄彦,33.1,クビ,06,02,9.0,3歳以上,1勝クラス,2026-08-09,pw01sde1007202602061120260809,3歳以上1勝クラス,11,（混合）［指定］,,18時00分,牝4,https://www.jra.go.jp/JRADB/accessS.html?CNAME=pw01sde1007202602061120260809%2FCF,芝,1:08.2,良,小椋 研介,晴,定量,,
466(+6),56.0,2  3,中京,PASS_HTML,1200,10,pw01dud102023104358/80,ヤマニンフェイエル,16,団野 大成,34.2,クビ,06,02,6.0,3歳以上,1勝クラス,2026-08-09,pw01sde1007202602061120260809,3歳以上1勝クラス,11,（混合）［指定］,,18時00分,牡3,https://www.jra.go.jp/JRADB/accessS.html?CNAME=pw01sde1007202602061120260809%2FCF,芝,1:08.3,良,中村 直也,晴,定量,,
470(+2),56.0,2  2,中京,PASS_HTML,1200,11,pw01dud102023107545/46,ウェルカムソング,15,西村 淳也,34.3,クビ,06,02,2.0,3歳以上,1勝クラス,2026-08-09,pw01sde1007202602061120260809,3歳以上1勝クラス,11,（混合）［指定］,,18時00分,牡3,https://www.jra.go.jp/JRADB/accessS.html?CNAME=pw01sde1007202602061120260809%2FCF,芝,1:08.3,良,河嶋 宏樹,晴,定量,,
438(-8),58.0,12  14,中京,PASS_HTML,1200,12,pw01dud102022102445/DE,トウカイフルーレ,17,富田 暁,33.4,１ 1/4,06,02,16.0,3歳以上,1勝クラス,2026-08-09,pw01sde1007202602061120260809,3歳以上1勝クラス,11,（混合）［指定］,,18時00分,牡4,https://www.jra.go.jp/JRADB/accessS.html?CNAME=pw01sde1007202602061120260809%2FCF,芝,1:08.5,良,野中 賢二,晴,定量,,
502(+10),58.0,4  5,中京,PASS_HTML,1200,13,pw01dud102021105862/AA,フェリーニ,4,松若 風馬,34.3,１／２,06,02,10.0,3歳以上,1勝クラス,2026-08-09,pw01sde1007202602061120260809,3歳以上1勝クラス,11,（混合）［指定］,,18時00分,せん5,https://www.jra.go.jp/JRADB/accessS.html?CNAME=pw01sde1007202602061120260809%2FCF,芝,1:08.6,良,橋口 慎介,晴,定量,,
442(+4),56.0,16  16,中京,PASS_HTML,1200,14,pw01dud102022104648/77,フランクスピード,18,幸 英明,33.3,１／２,06,02,12.0,3歳以上,1勝クラス,2026-08-09,pw01sde1007202602061120260809,3歳以上1勝クラス,11,（混合）［指定］,,18時00分,牝4,https://www.jra.go.jp/JRADB/accessS.html?CNAME=pw01sde1007202602061120260809%2FCF,芝,1:08.7,良,加藤 公太,晴,定量,,
546(+8),56.0,9  12,中京,PASS_HTML,1200,15,pw01dud102023101632/74,マーゴットミスト,14,松山 弘平,34.0,１ 1/4,06,02,3.0,3歳以上,1勝クラス,2026-08-09,pw01sde1007202602061120260809,3歳以上1勝クラス,11,（混合）［指定］,,18時00分,牡3,https://www.jra.go.jp/JRADB/accessS.html?CNAME=pw01sde1007202602061120260809%2FCF,芝,1:08.9,良,杉山 佳明,晴,定量,,
446(-2),51.0,7  7,中京,PASS_HTML,1200,16,pw01dud102023102479/66,パレットフレイバー,2,▲森田 誠也,34.4,３／４,06,02,17.0,3歳以上,1勝クラス,2026-08-09,pw01sde1007202602061120260809,3歳以上1勝クラス,11,（混合）［指定］,,18時00分,牝3,https://www.jra.go.jp/JRADB/accessS.html?CNAME=pw01sde1007202602061120260809%2FCF,芝,1:09.0,良,加藤 公太,晴,定量,,
486(-1),54.0,17  17,中京,PASS_HTML,1200,17,pw01dud102023109117/16,カラクニダケ,9,◇永島 まなみ,33.8,４,06,02,13.0,3歳以上,1勝クラス,2026-08-09,pw01sde1007202602061120260809,3歳以上1勝クラス,11,（混合）［指定］,,18時00分,牡3,https://www.jra.go.jp/JRADB/accessS.html?CNAME=pw01sde1007202602061120260809%2FCF,芝,1:09.7,良,谷 潔,晴,定量,,
454(+4),51.0,,中京,PASS_HTML,1200,除外,pw01dud102023103291/7B,ドレドレ,12,▲川端 海翼,,,06,02,,3歳以上,1勝クラス,2026-08-09,pw01sde1007202602061120260809,3歳以上1勝クラス,11,（混合）［指定］,,18時00分,牝3,https://www.jra.go.jp/JRADB/accessS.html?CNAME=pw01sde1007202602061120260809%2FCF,芝,,良,井上 智史,晴,定量,,
442(0),57.0,8  7  7,中京,PASS_HTML,1600,1,pw01dud102023106943/35,レインボーステート,3,J.コレット,34.3,,06,02,2.0,3歳,未勝利,2026-08-09,pw01sde1007202602061220260809,3歳未勝利,12,（混合）［指定］,,18時30分,牡3,https://www.jra.go.jp/JRADB/accessS.html?CNAME=pw01sde1007202602061220260809%2F84,芝,1:33.7,良,茶木 太樹,晴,馬齢,,
486(0),57.0,12  12  11,中京,PASS_HTML,1600,2,pw01dud102023106188/2C,ビッグヒーロー,13,川田 将雅,34.2,１ 1/4,06,02,1.0,3歳,未勝利,2026-08-09,pw01sde1007202602061220260809,3歳未勝利,12,（混合）［指定］,,18時30分,牡3,https://www.jra.go.jp/JRADB/accessS.html?CNAME=pw01sde1007202602061220260809%2F84,芝,1:33.9,良,福永 祐一,晴,馬齢,,
466(-4),55.0,6  6  5,中京,PASS_HTML,1600,3,pw01dud102023100998/2A,ローズラフィネ,2,西塚 洸二,34.8,アタマ,06,02,4.0,3歳,未勝利,2026-08-09,pw01sde1007202602061220260809,3歳未勝利,12,（混合）［指定］,,18時30分,牝3,https://www.jra.go.jp/JRADB/accessS.html?CNAME=pw01sde1007202602061220260809%2F84,芝,1:33.9,良,友道 康夫,晴,馬齢,,
400(+4),55.0,10  10  10,中京,PASS_HTML,1600,4,pw01dud102023103397/5E,カステッロトゥーレ,4,長岡 禎仁,34.3,クビ,06,02,9.0,3歳,未勝利,2026-08-09,pw01sde1007202602061220260809,3歳未勝利,12,（混合）［指定］,,18時30分,牝3,https://www.jra.go.jp/JRADB/accessS.html?CNAME=pw01sde1007202602061220260809%2F84,芝,1:33.9,良,杉山 佳明,晴,馬齢,,
446(+4),55.0,2  2  2,中京,PASS_HTML,1600,5,pw01dud102023103535/7A,プリュスエクラ,1,団野 大成,35.5,１／２,06,02,7.0,3歳,未勝利,2026-08-09,pw01sde1007202602061220260809,3歳未勝利,12,（混合）［指定］,,18時30分,牝3,https://www.jra.go.jp/JRADB/accessS.html?CNAME=pw01sde1007202602061220260809%2F84,芝,1:34.0,良,小林 真也,晴,馬齢,,
466(-4),52.0,3  3  3,中京,PASS_HTML,1600,6,pw01dud102023110077/AC,エングルマン,14,▲川端 海翼,35.3,アタマ,06,02,11.0,3歳,未勝利,2026-08-09,pw01sde1007202602061220260809,3歳未勝利,12,（混合）［指定］,,18時30分,牡3,https://www.jra.go.jp/JRADB/accessS.html?CNAME=pw01sde1007202602061220260809%2F84,芝,1:34.0,良,西村 真幸,晴,馬齢,,
442(+3),55.0,4  5  5,中京,PASS_HTML,1600,7,pw01dud102023103605/7B,ルージュソムニウム,15,松若 風馬,35.0,１／２,06,02,12.0,3歳,未勝利,2026-08-09,pw01sde1007202602061220260809,3歳未勝利,12,（混合）［指定］,,18時30分,牝3,https://www.jra.go.jp/JRADB/accessS.html?CNAME=pw01sde1007202602061220260809%2F84,芝,1:34.1,良,加藤 公太,晴,馬齢,,
456(+2),57.0,10  12  13,中京,PASS_HTML,1600,8,pw01dud102023103639/77,ネッカーズルム,9,横山 武史,34.4,クビ,06,02,5.0,3歳,未勝利,2026-08-09,pw01sde1007202602061220260809,3歳未勝利,12,（混合）［指定］,,18時30分,牡3,https://www.jra.go.jp/JRADB/accessS.html?CNAME=pw01sde1007202602061220260809%2F84,芝,1:34.2,良,藤野 健太,晴,馬齢,,
502(+2),57.0,6  7  7,中京,PASS_HTML,1600,9,pw01dud102023101866/D2,ウォータールスール,5,富田 暁,34.8,クビ,06,02,6.0,3歳,未勝利,2026-08-09,pw01sde1007202602061220260809,3歳未勝利,12,（混合）［指定］,,18時30分,牡3,https://www.jra.go.jp/JRADB/accessS.html?CNAME=pw01sde1007202602061220260809%2F84,芝,1:34.2,良,石橋 守,晴,馬齢,,
468(-2),57.0,14  14  14,中京,PASS_HTML,1600,10,pw01dud102023102878/B7,リノルアナ,12,酒井 学,34.2,クビ,06,02,13.0,3歳,未勝利,2026-08-09,pw01sde1007202602061220260809,3歳未勝利,12,（混合）［指定］,,18時30分,牡3,https://www.jra.go.jp/JRADB/accessS.html?CNAME=pw01sde1007202602061220260809%2F84,芝,1:34.3,良,坂口 智康,晴,馬齢,,
442(0),55.0,12  10  11,中京,PASS_HTML,1600,11,pw01dud102023102137/AD,スズノボンライミー,11,藤懸 貴志,34.6,ハナ,06,02,14.0,3歳,未勝利,2026-08-09,pw01sde1007202602061220260809,3歳未勝利,12,（混合）［指定］,,18時30分,牝3,https://www.jra.go.jp/JRADB/accessS.html?CNAME=pw01sde1007202602061220260809%2F84,芝,1:34.3,良,平田 修,晴,馬齢,,
440(-6),57.0,5  4  4,中京,PASS_HTML,1600,12,pw01dud102023102357/2F,ブランチアウト,10,幸 英明,35.4,クビ,06,02,3.0,3歳,未勝利,2026-08-09,pw01sde1007202602061220260809,3歳未勝利,12,（混合）［指定］,,18時30分,牡3,https://www.jra.go.jp/JRADB/accessS.html?CNAME=pw01sde1007202602061220260809%2F84,芝,1:34.3,良,昆 貢,晴,馬齢,,
428(-2),55.0,15  14  14,中京,PASS_HTML,1600,13,pw01dud102023107253/DD,ビシェノ,16,西村 淳也,34.3,３／４,06,02,8.0,3歳,未勝利,2026-08-09,pw01sde1007202602061220260809,3歳未勝利,12,（混合）［指定］,,18時30分,牝3,https://www.jra.go.jp/JRADB/accessS.html?CNAME=pw01sde1007202602061220260809%2F84,芝,1:34.4,良,安田 翔伍,晴,馬齢,,
456(-10),57.0,8  7  7,中京,PASS_HTML,1600,14,pw01dud102023100823/4A,ジーティーウタマロ,6,田口 貫太,35.1,クビ,06,02,10.0,3歳,未勝利,2026-08-09,pw01sde1007202602061220260809,3歳未勝利,12,（混合）［指定］,,18時30分,牡3,https://www.jra.go.jp/JRADB/accessS.html?CNAME=pw01sde1007202602061220260809%2F84,芝,1:34.5,良,鈴木 孝志,晴,馬齢,,
440(+8),55.0,1  1  1,中京,PASS_HTML,1600,15,pw01dud102023102421/7E,ヴェネラブル,8,角田 大和,36.2,３／４,06,02,15.0,3歳,未勝利,2026-08-09,pw01sde1007202602061220260809,3歳未勝利,12,（混合）［指定］,,18時30分,牝3,https://www.jra.go.jp/JRADB/accessS.html?CNAME=pw01sde1007202602061220260809%2F84,芝,1:34.6,良,吉村 圭司,晴,馬齢,,
470(0),57.0,,中京,PASS_HTML,1600,除外,pw01dud102023101840/00,ララディアーブル,7,松山 弘平,,,06,02,,3歳,未勝利,2026-08-09,pw01sde1007202602061220260809,3歳未勝利,12,（混合）［指定］,,18時30分,牡3,https://www.jra.go.jp/JRADB/accessS.html?CNAME=pw01sde1007202602061220260809%2F84,芝,,良,松下 武士,晴,馬齢,,
