body_weight_delta,carried_weight,corner_positions,course,data_status,distance_m,finish_position,horse_id,horse_name,horse_no,jockey,last3f,margin,meeting_day,meeting_no,popularity,race_category,race_class,race_date,race_id,race_name,race_no,race_rule,rating,scheduled_start,sex_age,source_url,surface,time,track_condition,trainer,weather,weight_rule,平均1F,枠
434(-8),52.0,1  1,札幌,QUARANTINED_HTML:track_condition,1000,1,pw01dud102023102748/56,ドリームガッサン,7,▲小林 美駒,35.5,,03,01,1,3歳,未勝利,2026-08-01,pw01sde0101202601030120260801,3歳未勝利,01,[指定],,10時00分,牝3,https://www.jra.go.jp/JRADB/accessS.html?CNAME=pw01sde0101202601030120260801%2F70,ダート,0:59.0,,鈴木 伸尋,曇,馬齢,,
428(-4),53.0,9  7,札幌,QUARANTINED_HTML:track_condition,1000,2,pw01dud102023104847/F2,フェアリーキャット,5,◇古川 奈穂,35.2,３,03,01,6,3歳,未勝利,2026-08-01,pw01sde0101202601030120260801,3歳未勝利,01,[指定],,10時00分,牝3,https://www.jra.go.jp/JRADB/accessS.html?CNAME=pw01sde0101202601030120260801%2F70,ダート,0:59.5,,鈴木 慎太郎,曇,馬齢,,
486(+2),57.0,10  9,札幌,QUARANTINED_HTML:track_condition,1000,3,pw01dud102023104377/2D,ナブッコ,3,横山 武史,35.0,１／２,03,01,4,3歳,未勝利,2026-08-01,pw01sde0101202601030120260801,3歳未勝利,01,[指定],,10時00分,牡3,https://www.jra.go.jp/JRADB/accessS.html?CNAME=pw01sde0101202601030120260801%2F70,ダート,0:59.6,,橋田 宜長,曇,馬齢,,
458(0),54.0,3  3,札幌,QUARANTINED_HTML:track_condition,1000,4,pw01dud102023102999/7B,ペイシャクロス,4,☆長浜 鴻緒,35.9,アタマ,03,01,10,3歳,未勝利,2026-08-01,pw01sde0101202601030120260801,3歳未勝利,01,[指定],,10時00分,牝3,https://www.jra.go.jp/JRADB/accessS.html?CNAME=pw01sde0101202601030120260801%2F70,ダート,0:59.6,,粕谷 昌央,曇,馬齢,,
470(+6),56.0,7  8,札幌,QUARANTINED_HTML:track_condition,1000,5,pw01dud102023106556/DA,サンライズロイ,1,☆舟山 瑠泉,35.9,２,03,01,3,3歳,未勝利,2026-08-01,pw01sde0101202601030120260801,3歳未勝利,01,[指定],,10時00分,牡3,https://www.jra.go.jp/JRADB/accessS.html?CNAME=pw01sde0101202601030120260801%2F70,ダート,1:00.0,,牧浦 充徳,曇,馬齢,,
472(-4),54.0,3  5,札幌,QUARANTINED_HTML:track_condition,1000,6,pw01dud102023104180/B6,ヒューザー,6,▲和田 陽希,36.2,ハナ,03,01,8,3歳,未勝利,2026-08-01,pw01sde0101202601030120260801,3歳未勝利,01,[指定],,10時00分,牡3,https://www.jra.go.jp/JRADB/accessS.html?CNAME=pw01sde0101202601030120260801%2F70,ダート,1:00.0,,小林 真也,曇,馬齢,,
454(初出走),55.0,2  2,札幌,QUARANTINED_HTML:track_condition,1000,7,pw01dud102023102628/05,アトラップモア,8,佐々木 大輔,36.4,アタマ,03,01,7,3歳,未勝利,2026-08-01,pw01sde0101202601030120260801,3歳未勝利,01,[指定],,10時00分,牝3,https://www.jra.go.jp/JRADB/accessS.html?CNAME=pw01sde0101202601030120260801%2F70,ダート,1:00.0,,堀 宣行,曇,馬齢,,
458(+8),55.0,3  3,札幌,QUARANTINED_HTML:track_condition,1000,8,pw01dud102023102480/6B,サンタクローチェ,10,荻野 琢真,36.4,１ 1/4,03,01,11,3歳,未勝利,2026-08-01,pw01sde0101202601030120260801,3歳未勝利,01,[指定],,10時00分,牝3,https://www.jra.go.jp/JRADB/accessS.html?CNAME=pw01sde0101202601030120260801%2F70,ダート,1:00.2,,西村 真幸,曇,馬齢,,
528(0),57.0,6  6,札幌,QUARANTINED_HTML:track_condition,1000,9,pw01dud102023100596/80,ジャーナーリア,11,池添 謙一,36.7,２ 1/2,03,01,2,3歳,未勝利,2026-08-01,pw01sde0101202601030120260801,3歳未勝利,01,[指定],,10時00分,牡3,https://www.jra.go.jp/JRADB/accessS.html?CNAME=pw01sde0101202601030120260801%2F70,ダート,1:00.6,,本田 優,曇,馬齢,,
390(0),51.0,7  9,札幌,QUARANTINED_HTML:track_condition,1000,10,pw01dud102023100977/97,コシタンタン,9,★河原田 菜々,36.6,クビ,03,01,9,3歳,未勝利,2026-08-01,pw01sde0101202601030120260801,3歳未勝利,01,[指定],,10時00分,牝3,https://www.jra.go.jp/JRADB/accessS.html?CNAME=pw01sde0101202601030120260801%2F70,ダート,1:00.7,,竹内 正洋,曇,馬齢,,
460(+2),55.0,12  11,札幌,QUARANTINED_HTML:track_condition,1000,11,pw01dud102023100285/6A,アルデバローズ,2,丹内 祐次,35.9,ハナ,03,01,5,3歳,未勝利,2026-08-01,pw01sde0101202601030120260801,3歳未勝利,01,[指定],,10時00分,牝3,https://www.jra.go.jp/JRADB/accessS.html?CNAME=pw01sde0101202601030120260801%2F70,ダート,1:00.7,,矢野 英一,曇,馬齢,,
432(+10),52.0,10  12,札幌,QUARANTINED_HTML:track_condition,1000,12,pw01dud102023102960/40,ペルヴォルム,12,▲遠藤 汰月,37.8,１０,03,01,12,3歳,未勝利,2026-08-01,pw01sde0101202601030120260801,3歳未勝利,01,[指定],,10時00分,牝3,https://www.jra.go.jp/JRADB/accessS.html?CNAME=pw01sde0101202601030120260801%2F70,ダート,1:02.4,,加藤 和宏,曇,馬齢,,
432(-2),55.0,3  3  4  3,札幌,QUARANTINED_HTML:track_condition,1700,1,pw01dud102023104384/E4,ローゾフィア,5,荻野 琢真,38.4,,04,01,8,3歳,未勝利,2026-08-02,pw01sde0101202601040120260802,3歳未勝利,01,牝［指定］,,10時00分,牝3,https://www.jra.go.jp/JRADB/accessS.html?CNAME=pw01sde0101202601040120260802%2FA0,ダート,1:45.8,,宮本 博,晴,馬齢,,
466(+4),55.0,1  1  1  1,札幌,QUARANTINED_HTML:track_condition,1700,2,pw01dud102023104322/9E,タガノシルフィー,1,浜中 俊,40.3,５,04,01,1,3歳,未勝利,2026-08-02,pw01sde0101202601040120260802,3歳未勝利,01,牝［指定］,,10時00分,牝3,https://www.jra.go.jp/JRADB/accessS.html?CNAME=pw01sde0101202601040120260802%2FA0,ダート,1:46.7,,石橋 守,晴,馬齢,,
454(-4),55.0,3  4  3  3,札幌,QUARANTINED_HTML:track_condition,1700,3,pw01dud102023101091/3B,ストリートクイーン,8,丹内 祐次,39.4,アタマ,04,01,2,3歳,未勝利,2026-08-02,pw01sde0101202601040120260802,3歳未勝利,01,牝［指定］,,10時00分,牝3,https://www.jra.go.jp/JRADB/accessS.html?CNAME=pw01sde0101202601040120260802%2FA0,ダート,1:46.7,,高橋 一哉,晴,馬齢,,
454(-2),55.0,11  11  8  6,札幌,QUARANTINED_HTML:track_condition,1700,4,pw01dud102023105062/3A,フレンチブラッサム,6,横山 和生,38.5,１ 1/4,04,01,3,3歳,未勝利,2026-08-02,pw01sde0101202601040120260802,3歳未勝利,01,牝［指定］,,10時00分,牝3,https://www.jra.go.jp/JRADB/accessS.html?CNAME=pw01sde0101202601040120260802%2FA0,ダート,1:46.9,,柄崎 将寿,晴,馬齢,,
434(-8),55.0,2  2  2  2,札幌,QUARANTINED_HTML:track_condition,1700,5,pw01dud102023103191/4A,ワンダーアスク,3,川又 賢治,40.3,ハナ,04,01,5,3歳,未勝利,2026-08-02,pw01sde0101202601040120260802,3歳未勝利,01,牝［指定］,,10時00分,牝3,https://www.jra.go.jp/JRADB/accessS.html?CNAME=pw01sde0101202601040120260802%2FA0,ダート,1:46.9,,笹田 和秀,晴,馬齢,,
440(-2),55.0,5  4  5  5,札幌,QUARANTINED_HTML:track_condition,1700,6,pw01dud102023101825/1F,ヨドノサファイア,12,横山 武史,39.3,クビ,04,01,9,3歳,未勝利,2026-08-02,pw01sde0101202601040120260802,3歳未勝利,01,牝［指定］,,10時00分,牝3,https://www.jra.go.jp/JRADB/accessS.html?CNAME=pw01sde0101202601040120260802%2FA0,ダート,1:47.0,,稲垣 幸雄,晴,馬齢,,
480(+4),51.0,13  14  13  12,札幌,QUARANTINED_HTML:track_condition,1700,7,pw01dud102023106953/45,ドゥブルヴェ,9,★河原田 菜々,38.7,６,04,01,13,3歳,未勝利,2026-08-02,pw01sde0101202601040120260802,3歳未勝利,01,牝［指定］,,10時00分,牝3,https://www.jra.go.jp/JRADB/accessS.html?CNAME=pw01sde0101202601040120260802%2FA0,ダート,1:48.0,,池添 学,晴,馬齢,,
420(+6),55.0,11  10  10  10,札幌,QUARANTINED_HTML:track_condition,1700,8,pw01dud102023103193/30,レーヌペスカ,13,吉田 隼人,39.4,クビ,04,01,14,3歳,未勝利,2026-08-02,pw01sde0101202601040120260802,3歳未勝利,01,牝［指定］,,10時00分,牝3,https://www.jra.go.jp/JRADB/accessS.html?CNAME=pw01sde0101202601040120260802%2FA0,ダート,1:48.0,,角田 晃一,晴,馬齢,,
448(+8),55.0,13  12  12  10,札幌,QUARANTINED_HTML:track_condition,1700,9,pw01dud102023101796/D1,テリオスリコ,14,古川 吉洋,39.4,２,04,01,11,3歳,未勝利,2026-08-02,pw01sde0101202601040120260802,3歳未勝利,01,牝［指定］,,10時00分,牝3,https://www.jra.go.jp/JRADB/accessS.html?CNAME=pw01sde0101202601040120260802%2FA0,ダート,1:48.3,,松下 武士,晴,馬齢,,
420(-8),55.0,10  9  8  8,札幌,QUARANTINED_HTML:track_condition,1700,10,pw01dud102023103813/07,ザンシュトーム,7,斎藤 新,40.2,１,04,01,4,3歳,未勝利,2026-08-02,pw01sde0101202601040120260802,3歳未勝利,01,牝［指定］,,10時00分,牝3,https://www.jra.go.jp/JRADB/accessS.html?CNAME=pw01sde0101202601040120260802%2FA0,ダート,1:48.5,,辻 哲英,晴,馬齢,,
450(+20),55.0,6  6  6  7,札幌,QUARANTINED_HTML:track_condition,1700,11,pw01dud102023105004/C0,クルサール,11,富田 暁,41.0,３,04,01,7,3歳,未勝利,2026-08-02,pw01sde0101202601040120260802,3歳未勝利,01,牝［指定］,,10時00分,牝3,https://www.jra.go.jp/JRADB/accessS.html?CNAME=pw01sde0101202601040120260802%2FA0,ダート,1:49.0,,武 英智,晴,馬齢,,
472(-2),55.0,7  6  6  8,札幌,QUARANTINED_HTML:track_condition,1700,12,pw01dud102023100699/0A,ヒマラヤミュサ,2,石川 倭,41.3,１ 3/4,04,01,12,3歳,未勝利,2026-08-02,pw01sde0101202601040120260802,3歳未勝利,01,牝［指定］,,10時00分,牝3,https://www.jra.go.jp/JRADB/accessS.html?CNAME=pw01sde0101202601040120260802%2FA0,ダート,1:49.3,,畑端 省吾,晴,馬齢,,
462(-2),54.0,9  12  14  14,札幌,QUARANTINED_HTML:track_condition,1700,13,pw01dud102023107103/5C,ダノンルミエール,4,☆舟山 瑠泉,39.6,２,04,01,6,3歳,未勝利,2026-08-02,pw01sde0101202601040120260802,3歳未勝利,01,牝［指定］,,10時00分,牝3,https://www.jra.go.jp/JRADB/accessS.html?CNAME=pw01sde0101202601040120260802%2FA0,ダート,1:49.6,,久保田 貴士,晴,馬齢,,
418(-2),55.0,8  8  10  13,札幌,QUARANTINED_HTML:track_condition,1700,14,pw01dud102023104415/18,アインプロージット,10,佐々木 大輔,41.1,３／４,04,01,10,3歳,未勝利,2026-08-02,pw01sde0101202601040120260802,3歳未勝利,01,牝［指定］,,10時00分,牝3,https://www.jra.go.jp/JRADB/accessS.html?CNAME=pw01sde0101202601040120260802%2FA0,ダート,1:49.7,,小笠 倫弘,晴,馬齢,,
482(+4),55.0,4  5,新潟,PASS_HTML,1600,1,pw01dud102024100464/C5,ノドゥス,7,三浦 皇成,33.5,,04,02,3,2歳,未勝利,2026-08-02,pw01sde0104202602040120260802,2歳未勝利,01,（混合）［指定］,,9時50分,牡2,https://www.jra.go.jp/JRADB/accessS.html?CNAME=pw01sde0104202602040120260802%2FAF,芝,1:34.3,良,斎藤 誠,曇,馬齢,,
436(0),55.0,1  1,新潟,PASS_HTML,1600,2,pw01dud102024101041/77,ヴェントリナ,5,津村 明秀,34.3,１,04,02,2,2歳,未勝利,2026-08-02,pw01sde0104202602040120260802,2歳未勝利,01,（混合）［指定］,,9時50分,牝2,https://www.jra.go.jp/JRADB/accessS.html?CNAME=pw01sde0104202602040120260802%2FAF,芝,1:34.5,良,相沢 郁,曇,馬齢,,
460(+2),55.0,2  2,新潟,PASS_HTML,1600,3,pw01dud102024100178/0E,サノノキセキ,4,戸崎 圭太,33.9,アタマ,04,02,1,2歳,未勝利,2026-08-02,pw01sde0104202602040120260802,2歳未勝利,01,（混合）［指定］,,9時50分,牡2,https://www.jra.go.jp/JRADB/accessS.html?CNAME=pw01sde0104202602040120260802%2FAF,芝,1:34.5,良,尾形 和幸,曇,馬齢,,
426(0),55.0,8  7,新潟,PASS_HTML,1600,4,pw01dud102024101022/CA,デザートスピリット,9,吉田 豊,33.5,１,04,02,4,2歳,未勝利,2026-08-02,pw01sde0104202602040120260802,2歳未勝利,01,（混合）［指定］,,9時50分,牡2,https://www.jra.go.jp/JRADB/accessS.html?CNAME=pw01sde0104202602040120260802%2FAF,芝,1:34.6,良,平岩 大典,曇,馬齢,,
426(0),55.0,4  4,新潟,PASS_HTML,1600,5,pw01dud102024100076/F7,シュネーバレン,6,木幡 巧也,34.2,１,04,02,6,2歳,未勝利,2026-08-02,pw01sde0104202602040120260802,2歳未勝利,01,（混合）［指定］,,9時50分,牝2,https://www.jra.go.jp/JRADB/accessS.html?CNAME=pw01sde0104202602040120260802%2FAF,芝,1:34.8,良,牧 光二,曇,馬齢,,
444(-2),55.0,9  9,新潟,PASS_HTML,1600,6,pw01dud102024104541/39,エコロテラ,3,菊沢 一樹,33.8,１,04,02,7,2歳,未勝利,2026-08-02,pw01sde0104202602040120260802,2歳未勝利,01,（混合）［指定］,,9時50分,牡2,https://www.jra.go.jp/JRADB/accessS.html?CNAME=pw01sde0104202602040120260802%2FAF,芝,1:35.0,良,菊沢 隆徳,曇,馬齢,,
462(+14),55.0,6  5,新潟,PASS_HTML,1600,7,pw01dud102024105762/1D,ウィールズアップ,10,田辺 裕信,34.1,アタマ,04,02,8,2歳,未勝利,2026-08-02,pw01sde0104202602040120260802,2歳未勝利,01,（混合）［指定］,,9時50分,牡2,https://www.jra.go.jp/JRADB/accessS.html?CNAME=pw01sde0104202602040120260802%2FAF,芝,1:35.0,良,池上 昌和,曇,馬齢,,
440(+10),55.0,6  7,新潟,PASS_HTML,1600,8,pw01dud102024106831/9A,エレスレイプニル,2,木幡 育也,33.9,クビ,04,02,12,2歳,未勝利,2026-08-02,pw01sde0104202602040120260802,2歳未勝利,01,（混合）［指定］,,9時50分,牡2,https://www.jra.go.jp/JRADB/accessS.html?CNAME=pw01sde0104202602040120260802%2FAF,芝,1:35.0,良,杉浦 宏昭,曇,馬齢,,
484(+4),55.0,2  2,新潟,PASS_HTML,1600,9,pw01dud102024104363/DD,タイセイルミナス,11,荻野 極,34.6,１／２,04,02,5,2歳,未勝利,2026-08-02,pw01sde0104202602040120260802,2歳未勝利,01,（混合）［指定］,,9時50分,牝2,https://www.jra.go.jp/JRADB/accessS.html?CNAME=pw01sde0104202602040120260802%2FAF,芝,1:35.1,良,小栗 実,曇,馬齢,,
462(-10),55.0,10  10,新潟,PASS_HTML,1600,10,pw01dud102024106066/81,ホワイトフレアー,1,原 優介,34.1,２,04,02,9,2歳,未勝利,2026-08-02,pw01sde0104202602040120260802,2歳未勝利,01,（混合）［指定］,,9時50分,牡2,https://www.jra.go.jp/JRADB/accessS.html?CNAME=pw01sde0104202602040120260802%2FAF,芝,1:35.4,良,黒岩 陽一,曇,馬齢,,
404(+6),53.0,12  12,新潟,PASS_HTML,1600,11,pw01dud102024101497/3D,センカンナガト,8,△石神 深道,33.9,１ 1/4,04,02,10,2歳,未勝利,2026-08-02,pw01sde0104202602040120260802,2歳未勝利,01,（混合）［指定］,,9時50分,牡2,https://www.jra.go.jp/JRADB/accessS.html?CNAME=pw01sde0104202602040120260802%2FAF,芝,1:35.6,良,和田 雄二,曇,馬齢,,
472(-4),55.0,10  10,新潟,PASS_HTML,1600,12,pw01dud102024105225/41,キミヘノメロディー,12,杉原 誠人,34.9,４,04,02,11,2歳,未勝利,2026-08-02,pw01sde0104202602040120260802,2歳未勝利,01,（混合）［指定］,,9時50分,牡2,https://www.jra.go.jp/JRADB/accessS.html?CNAME=pw01sde0104202602040120260802%2FAF,芝,1:36.3,良,石栗 龍彦,曇,馬齢,,
476(-6),55.0,4  3  2  2,札幌,PASS_HTML,1800,1,pw01dud102024107038/26,ジオ,6,丹内 祐次,36.0,,03,01,4,2歳,未勝利,2026-08-01,pw01sde1001202601030220260801,2歳未勝利,02,（混合）［指定］,,10時30分,牡2,https://www.jra.go.jp/JRADB/accessS.html?CNAME=pw01sde1001202601030220260801%2F04,芝,1:50.1,稍重,宮田 敬介,曇,馬齢,,
438(-4),55.0,2  3  4  4,札幌,PASS_HTML,1800,2,pw01dud102024106829/22,ニーナラルゴ,4,原田 和真,36.0,１／２,03,01,3,2歳,未勝利,2026-08-01,pw01sde1001202601030220260801,2歳未勝利,02,（混合）［指定］,,10時30分,牝2,https://www.jra.go.jp/JRADB/accessS.html?CNAME=pw01sde1001202601030220260801%2F04,芝,1:50.2,稍重,上原 博之,曇,馬齢,,
448(+8),55.0,5  5  5  4,札幌,PASS_HTML,1800,3,pw01dud102024103650/18,マイネルリコルディ,2,斎藤 新,36.1,１ 1/4,03,01,2,2歳,未勝利,2026-08-01,pw01sde1001202601030220260801,2歳未勝利,02,（混合）［指定］,,10時30分,牡2,https://www.jra.go.jp/JRADB/accessS.html?CNAME=pw01sde1001202601030220260801%2F04,芝,1:50.4,稍重,青木 孝文,曇,馬齢,,
450(0),55.0,5  5  6  6,札幌,PASS_HTML,1800,4,pw01dud102024106020/8F,ヒアカムズザサン,1,佐々木 大輔,35.9,クビ,03,01,6,2歳,未勝利,2026-08-01,pw01sde1001202601030220260801,2歳未勝利,02,（混合）［指定］,,10時30分,牡2,https://www.jra.go.jp/JRADB/accessS.html?CNAME=pw01sde1001202601030220260801%2F04,芝,1:50.4,稍重,中竹 和也,曇,馬齢,,
412(+4),52.0,8  8  8  8,札幌,PASS_HTML,1800,5,pw01dud102024104133/4B,ブライトシーン,7,▲遠藤 汰月,36.0,１ 1/2,03,01,9,2歳,未勝利,2026-08-01,pw01sde1001202601030220260801,2歳未勝利,02,（混合）［指定］,,10時30分,牡2,https://www.jra.go.jp/JRADB/accessS.html?CNAME=pw01sde1001202601030220260801%2F04,芝,1:50.7,稍重,松尾 卓哉,曇,馬齢,,
440(0),52.0,1  1  1  1,札幌,PASS_HTML,1800,6,pw01dud102024101798/43,ブルーリボン,8,▲小林 美駒,37.1,２,03,01,7,2歳,未勝利,2026-08-01,pw01sde1001202601030220260801,2歳未勝利,02,（混合）［指定］,,10時30分,牝2,https://www.jra.go.jp/JRADB/accessS.html?CNAME=pw01sde1001202601030220260801%2F04,芝,1:51.0,稍重,尾形 和幸,曇,馬齢,,
456(0),54.0,7  7  6  7,札幌,PASS_HTML,1800,7,pw01dud102024101916/3F,ステラルミノーザ,3,☆長浜 鴻緒,36.5,１／２,03,01,8,2歳,未勝利,2026-08-01,pw01sde1001202601030220260801,2歳未勝利,02,（混合）［指定］,,10時30分,牡2,https://www.jra.go.jp/JRADB/accessS.html?CNAME=pw01sde1001202601030220260801%2F04,芝,1:51.1,稍重,千葉 直人,曇,馬齢,,
512(-2),55.0,2  2  2  3,札幌,PASS_HTML,1800,8,pw01dud102024106228/89,ブラッグス,9,北村 友一,37.3,１,03,01,1,2歳,未勝利,2026-08-01,pw01sde1001202601030220260801,2歳未勝利,02,（混合）［指定］,,10時30分,牡2,https://www.jra.go.jp/JRADB/accessS.html?CNAME=pw01sde1001202601030220260801%2F04,芝,1:51.3,稍重,平田 修,曇,馬齢,,
428(+2),55.0,9  8  8  9,札幌,PASS_HTML,1800,9,pw01dud102024102603/32,ロードレスポンス,5,横山 和生,36.7,１／２,03,01,5,2歳,未勝利,2026-08-01,pw01sde1001202601030220260801,2歳未勝利,02,（混合）［指定］,,10時30分,牡2,https://www.jra.go.jp/JRADB/accessS.html?CNAME=pw01sde1001202601030220260801%2F04,芝,1:51.4,稍重,和田 勇介,曇,馬齢,,
516(+10),57.0,1  1  1  1,札幌,QUARANTINED_HTML:track_condition,1700,1,pw01dud102023105215/A5,リテラシー,8,松本 大輝,38.1,,03,01,4,3歳,未勝利,2026-08-01,pw01sde1001202601030320260801,3歳未勝利,03,[指定],,11時00分,牡3,https://www.jra.go.jp/JRADB/accessS.html?CNAME=pw01sde1001202601030320260801%2FB9,ダート,1:46.9,,昆 貢,曇,馬齢,,
472(0),53.0,3  2  2  2,札幌,QUARANTINED_HTML:track_condition,1700,2,pw01dud102023102317/EF,バンダムソレール,11,★河原田 菜々,38.2,１ 1/4,03,01,3,3歳,未勝利,2026-08-01,pw01sde1001202601030320260801,3歳未勝利,03,[指定],,11時00分,牡3,https://www.jra.go.jp/JRADB/accessS.html?CNAME=pw01sde1001202601030320260801%2FB9,ダート,1:47.1,,小栗 実,曇,馬齢,,
498(0),57.0,9  8  8  3,札幌,QUARANTINED_HTML:track_condition,1700,3,pw01dud102023105675/C9,アルジェンタム,5,横山 和生,38.0,クビ,03,01,1,3歳,未勝利,2026-08-01,pw01sde1001202601030320260801,3歳未勝利,03,[指定],,11時00分,せん3,https://www.jra.go.jp/JRADB/accessS.html?CNAME=pw01sde1001202601030320260801%2FB9,ダート,1:47.2,,野中 賢二,曇,馬齢,,
508(-6),54.0,11  11  11  8,札幌,QUARANTINED_HTML:track_condition,1700,4,pw01dud102023100017/7E,アンタレス,9,▲和田 陽希,37.4,３ 1/2,03,01,11,3歳,未勝利,2026-08-01,pw01sde1001202601030320260801,3歳未勝利,03,[指定],,11時00分,牡3,https://www.jra.go.jp/JRADB/accessS.html?CNAME=pw01sde1001202601030320260801%2FB9,ダート,1:47.7,,藤野 健太,曇,馬齢,,
466(-4),57.0,2  2  2  4,札幌,QUARANTINED_HTML:track_condition,1700,5,pw01dud102023100928/BA,セブンワンダーズ,10,斎藤 新,39.1,１ 1/2,03,01,5,3歳,未勝利,2026-08-01,pw01sde1001202601030320260801,3歳未勝利,03,[指定],,11時00分,牡3,https://www.jra.go.jp/JRADB/accessS.html?CNAME=pw01sde1001202601030320260801%2FB9,ダート,1:48.0,,斎藤 誠,曇,馬齢,,
534(+2),57.0,7  6  4  5,札幌,QUARANTINED_HTML:track_condition,1700,6,pw01dud102023102520/3C,ハイテイラオユエ,6,横山 武史,38.9,クビ,03,01,2,3歳,未勝利,2026-08-01,pw01sde1001202601030320260801,3歳未勝利,03,[指定],,11時00分,牡3,https://www.jra.go.jp/JRADB/accessS.html?CNAME=pw01sde1001202601030320260801%2FB9,ダート,1:48.0,,辻 哲英,曇,馬齢,,
454(+6),57.0,3  6  4  5,札幌,QUARANTINED_HTML:track_condition,1700,7,pw01dud102023100785/5F,アズライトアスール,3,佐々木 大輔,39.0,クビ,03,01,9,3歳,未勝利,2026-08-01,pw01sde1001202601030320260801,3歳未勝利,03,[指定],,11時00分,牡3,https://www.jra.go.jp/JRADB/accessS.html?CNAME=pw01sde1001202601030320260801%2FB9,ダート,1:48.1,,鈴木 孝志,曇,馬齢,,
436(-10),57.0,7  8  9  8,札幌,QUARANTINED_HTML:track_condition,1700,8,pw01dud102023103830/CE,ブルーアンビエンス,1,黛 弘人,38.9,１ 1/4,03,01,10,3歳,未勝利,2026-08-01,pw01sde1001202601030320260801,3歳未勝利,03,[指定],,11時00分,牡3,https://www.jra.go.jp/JRADB/accessS.html?CNAME=pw01sde1001202601030320260801%2FB9,ダート,1:48.3,,菊沢 隆徳,曇,馬齢,,
466(+6),54.0,9  8  10  11,札幌,QUARANTINED_HTML:track_condition,1700,9,pw01dud102023101994/4D,マクローリン,7,▲小林 美駒,38.8,ハナ,03,01,7,3歳,未勝利,2026-08-01,pw01sde1001202601030320260801,3歳未勝利,03,[指定],,11時00分,牡3,https://www.jra.go.jp/JRADB/accessS.html?CNAME=pw01sde1001202601030320260801%2FB9,ダート,1:48.3,,加藤 公太,曇,馬齢,,
454(+4),55.0,3  4  4  8,札幌,QUARANTINED_HTML:track_condition,1700,10,pw01dud102023104194/92,コーリンクレア,4,小沢 大仁,39.8,４,03,01,6,3歳,未勝利,2026-08-01,pw01sde1001202601030320260801,3歳未勝利,03,[指定],,11時00分,牝3,https://www.jra.go.jp/JRADB/accessS.html?CNAME=pw01sde1001202601030320260801%2FB9,ダート,1:48.9,,小野 次郎,曇,馬齢,,
426(-8),54.0,3  4  4  7,札幌,QUARANTINED_HTML:track_condition,1700,11,pw01dud102023102889/3A,エボニードール,2,☆舟山 瑠泉,40.5,４,03,01,8,3歳,未勝利,2026-08-01,pw01sde1001202601030320260801,3歳未勝利,03,[指定],,11時00分,牝3,https://www.jra.go.jp/JRADB/accessS.html?CNAME=pw01sde1001202601030320260801%2FB9,ダート,1:49.6,,寺島 良,曇,馬齢,,
504(-10),54.0,1  1  1  1,札幌,PASS_HTML,1800,1,pw01dud102023100840/11,ミリオンクラウン,7,☆舟山 瑠泉,35.4,,03,01,4,3歳以上,1勝クラス,2026-08-01,pw01sde1001202601030420260801,3歳以上1勝クラス,04,[指定],,11時30分,牡3,https://www.jra.go.jp/JRADB/accessS.html?CNAME=pw01sde1001202601030420260801%2F6E,芝,1:48.0,稍重,和田 雄二,曇,定量,,
420(0),53.0,3  2  2  2,札幌,PASS_HTML,1800,2,pw01dud102023104487/6E,アイドクレース,1,横山 武史,35.5,２ 1/2,03,01,1,3歳以上,1勝クラス,2026-08-01,pw01sde1001202601030420260801,3歳以上1勝クラス,04,[指定],,11時30分,牝3,https://www.jra.go.jp/JRADB/accessS.html?CNAME=pw01sde1001202601030420260801%2F6E,芝,1:48.4,稍重,金成 貴史,曇,定量,,
474(0),58.0,6  5  5  3,札幌,PASS_HTML,1800,3,pw01dud102021102708/FE,アドミラルシップ,11,丹内 祐次,35.6,３,03,01,3,3歳以上,1勝クラス,2026-08-01,pw01sde1001202601030420260801,3歳以上1勝クラス,04,[指定],,11時30分,牡5,https://www.jra.go.jp/JRADB/accessS.html?CNAME=pw01sde1001202601030420260801%2F6E,芝,1:48.9,稍重,相沢 郁,曇,定量,,
440(+4),58.0,10  10  8  5,札幌,PASS_HTML,1800,4,pw01dud102022106846/D1,ゴールドジェスター,6,黛 弘人,35.6,２,03,01,7,3歳以上,1勝クラス,2026-08-01,pw01sde1001202601030420260801,3歳以上1勝クラス,04,[指定],,11時30分,せん4,https://www.jra.go.jp/JRADB/accessS.html?CNAME=pw01sde1001202601030420260801%2F6E,芝,1:49.2,稍重,中川 公成,曇,定量,,
534(0),55.0,7  7  5  3,札幌,PASS_HTML,1800,5,pw01dud102023106921/2F,ブルースカイブルー,4,池添 謙一,36.0,１,03,01,2,3歳以上,1勝クラス,2026-08-01,pw01sde1001202601030420260801,3歳以上1勝クラス,04,[指定],,11時30分,牡3,https://www.jra.go.jp/JRADB/accessS.html?CNAME=pw01sde1001202601030420260801%2F6E,芝,1:49.3,稍重,平田 修,曇,定量,,
486(+16),54.0,8  8  8  8,札幌,PASS_HTML,1800,6,pw01dud102022105766/D1,ドーギッド,2,◇古川 奈穂,36.0,１ 3/4,03,01,8,3歳以上,1勝クラス,2026-08-01,pw01sde1001202601030420260801,3歳以上1勝クラス,04,[指定],,11時30分,牝4,https://www.jra.go.jp/JRADB/accessS.html?CNAME=pw01sde1001202601030420260801%2F6E,芝,1:49.6,稍重,矢作 芳人,曇,定量,,
470(-4),58.0,8  8  10  8,札幌,PASS_HTML,1800,7,pw01dud102020100621/5E,マイバラード,5,斎藤 新,35.9,ハナ,03,01,6,3歳以上,1勝クラス,2026-08-01,pw01sde1001202601030420260801,3歳以上1勝クラス,04,[指定],,11時30分,牡6,https://www.jra.go.jp/JRADB/accessS.html?CNAME=pw01sde1001202601030420260801%2F6E,芝,1:49.6,稍重,松永 康利,曇,定量,,
498(+8),56.0,10  10  11  11,札幌,PASS_HTML,1800,8,pw01dud102020103772/1F,エイトスターズ,9,吉田 隼人,36.1,２,03,01,9,3歳以上,1勝クラス,2026-08-01,pw01sde1001202601030420260801,3歳以上1勝クラス,04,[指定],,11時30分,牝6,https://www.jra.go.jp/JRADB/accessS.html?CNAME=pw01sde1001202601030420260801%2F6E,芝,1:49.9,稍重,坂口 智康,曇,定量,,
456(+8),55.0,3  2  3  5,札幌,PASS_HTML,1800,9,pw01dud102023106439/E2,マイネルマスター,10,佐々木 大輔,36.8,クビ,03,01,5,3歳以上,1勝クラス,2026-08-01,pw01sde1001202601030420260801,3歳以上1勝クラス,04,[指定],,11時30分,牡3,https://www.jra.go.jp/JRADB/accessS.html?CNAME=pw01sde1001202601030420260801%2F6E,芝,1:50.0,稍重,青木 孝文,曇,定量,,
446(+8),52.0,5  5  5  7,札幌,PASS_HTML,1800,10,pw01dud102022104940/72,エイカイカッシーナ,3,★河原田 菜々,36.8,１／２,03,01,10,3歳以上,1勝クラス,2026-08-01,pw01sde1001202601030420260801,3歳以上1勝クラス,04,[指定],,11時30分,牝4,https://www.jra.go.jp/JRADB/accessS.html?CNAME=pw01sde1001202601030420260801%2F6E,芝,1:50.1,稍重,藤原 英昭,曇,定量,,
464(0),56.0,2  2  3  8,札幌,PASS_HTML,1800,11,pw01dud102021101725/D6,リリーズブルーム,8,原田 和真,37.1,１,03,01,11,3歳以上,1勝クラス,2026-08-01,pw01sde1001202601030420260801,3歳以上1勝クラス,04,[指定],,11時30分,牝5,https://www.jra.go.jp/JRADB/accessS.html?CNAME=pw01sde1001202601030420260801%2F6E,芝,1:50.2,稍重,松山 将樹,曇,定量,,
460(初出走),55.0,1  1  1,札幌,PASS_HTML,1500,1,pw01dud102024107032/74,ブルージェイ,7,鮫島 克駿,35.4,,03,01,1.0,2歳,新馬,2026-08-01,pw01sde1001202601030520260801,メイクデビュー札幌,05,（混合）［指定］,,12時20分,牡2,https://www.jra.go.jp/JRADB/accessS.html?CNAME=pw01sde1001202601030520260801%2F23,芝,1:30.4,稍重,加藤 征弘,曇,馬齢,,
460(初出走),55.0,4  4  4,札幌,PASS_HTML,1500,2,pw01dud102024106091/72,ティアラード,5,横山 武史,35.7,２ 1/2,03,01,2.0,2歳,新馬,2026-08-01,pw01sde1001202601030520260801,メイクデビュー札幌,05,（混合）［指定］,,12時20分,牝2,https://www.jra.go.jp/JRADB/accessS.html?CNAME=pw01sde1001202601030520260801%2F23,芝,1:30.9,稍重,小栗 実,曇,馬齢,,
436(初出走),55.0,4  4  4,札幌,PASS_HTML,1500,3,pw01dud102024106450/83,ギャルズマインド,3,浜中 俊,35.8,１,03,01,3.0,2歳,新馬,2026-08-01,pw01sde1001202601030520260801,メイクデビュー札幌,05,（混合）［指定］,,12時20分,牝2,https://www.jra.go.jp/JRADB/accessS.html?CNAME=pw01sde1001202601030520260801%2F23,芝,1:31.0,稍重,武 幸四郎,曇,馬齢,,
470(初出走),55.0,8  8  7,札幌,PASS_HTML,1500,4,pw01dud102024102763/C3,イントゥーザブルー,1,丹内 祐次,36.1,３ 1/2,03,01,4.0,2歳,新馬,2026-08-01,pw01sde1001202601030520260801,メイクデビュー札幌,05,（混合）［指定］,,12時20分,牡2,https://www.jra.go.jp/JRADB/accessS.html?CNAME=pw01sde1001202601030520260801%2F23,芝,1:31.6,稍重,清水 英克,曇,馬齢,,
436(初出走),55.0,10  10  9,札幌,PASS_HTML,1500,5,pw01dud102024107243/59,ヒルノバルデス,13,古川 吉洋,36.1,２,03,01,7.0,2歳,新馬,2026-08-01,pw01sde1001202601030520260801,メイクデビュー札幌,05,（混合）［指定］,,12時20分,牡2,https://www.jra.go.jp/JRADB/accessS.html?CNAME=pw01sde1001202601030520260801%2F23,芝,1:32.0,稍重,昆 貢,曇,馬齢,,
502(初出走),52.0,10  10  11,札幌,PASS_HTML,1500,6,pw01dud102024106832/0D,ハイランドウインド,2,▲遠藤 汰月,36.7,３ 1/2,03,01,11.0,2歳,新馬,2026-08-01,pw01sde1001202601030520260801,メイクデビュー札幌,05,（混合）［指定］,,12時20分,牡2,https://www.jra.go.jp/JRADB/accessS.html?CNAME=pw01sde1001202601030520260801%2F23,芝,1:32.6,稍重,杉浦 宏昭,曇,馬齢,,
492(初出走),55.0,10  10  11,札幌,PASS_HTML,1500,7,pw01dud102024106867/7C,ベニドルム,6,原田 和真,36.8,３／４,03,01,12.0,2歳,新馬,2026-08-01,pw01sde1001202601030520260801,メイクデビュー札幌,05,（混合）［指定］,,12時20分,牡2,https://www.jra.go.jp/JRADB/accessS.html?CNAME=pw01sde1001202601030520260801%2F23,芝,1:32.7,稍重,小手川 準,曇,馬齢,,
462(初出走),55.0,8  9  10,札幌,PASS_HTML,1500,8,pw01dud102024106913/91,ジューンルル,8,吉田 隼人,37.2,１ 1/4,03,01,6.0,2歳,新馬,2026-08-01,pw01sde1001202601030520260801,メイクデビュー札幌,05,（混合）［指定］,,12時20分,牝2,https://www.jra.go.jp/JRADB/accessS.html?CNAME=pw01sde1001202601030520260801%2F23,芝,1:32.9,稍重,武 英智,曇,馬齢,,
448(初出走),52.0,2  2  2,札幌,PASS_HTML,1500,9,pw01dud102024106839/32,アワードリームス,9,▲小林 美駒,38.4,３ 1/2,03,01,5.0,2歳,新馬,2026-08-01,pw01sde1001202601030520260801,メイクデビュー札幌,05,（混合）［指定］,,12時20分,牝2,https://www.jra.go.jp/JRADB/accessS.html?CNAME=pw01sde1001202601030520260801%2F23,芝,1:33.5,稍重,中村 直也,曇,馬齢,,
486(初出走),55.0,4  4  4,札幌,PASS_HTML,1500,10,pw01dud102024103914/37,スクレイプバイ,12,横山 琉人,38.3,クビ,03,01,9.0,2歳,新馬,2026-08-01,pw01sde1001202601030520260801,メイクデビュー札幌,05,（混合）［指定］,,12時20分,牡2,https://www.jra.go.jp/JRADB/accessS.html?CNAME=pw01sde1001202601030520260801%2F23,芝,1:33.5,稍重,高橋 義忠,曇,馬齢,,
458(初出走),55.0,2  2  2,札幌,PASS_HTML,1500,11,pw01dud102024108302/C6,オーシンヒマワリ,10,小沢 大仁,38.4,ハナ,03,01,10.0,2歳,新馬,2026-08-01,pw01sde1001202601030520260801,メイクデビュー札幌,05,（混合）［指定］,,12時20分,牝2,https://www.jra.go.jp/JRADB/accessS.html?CNAME=pw01sde1001202601030520260801%2F23,芝,1:33.5,稍重,奥村 豊,曇,馬齢,,
440(初出走),55.0,4  4  7,札幌,PASS_HTML,1500,12,pw01dud102024103622/CE,セールデュクール,11,佐々木 大輔,38.3,クビ,03,01,8.0,2歳,新馬,2026-08-01,pw01sde1001202601030520260801,メイクデビュー札幌,05,（混合）［指定］,,12時20分,牝2,https://www.jra.go.jp/JRADB/accessS.html?CNAME=pw01sde1001202601030520260801%2F23,芝,1:33.6,稍重,深山 雅史,曇,馬齢,,
432(初出走),55.0,,札幌,PASS_HTML,1500,除外,pw01dud102024108191/81,インワンズブラッド,4,武 豊,,,03,01,,2歳,新馬,2026-08-01,pw01sde1001202601030520260801,メイクデビュー札幌,05,（混合）［指定］,,12時20分,牡2,https://www.jra.go.jp/JRADB/accessS.html?CNAME=pw01sde1001202601030520260801%2F23,芝,,稍重,矢作 芳人,曇,馬齢,,
452(-2),54.0,1  1,札幌,QUARANTINED_HTML:track_condition,1000,1,pw01dud102023103929/FA,ウーマンズパワー,8,横山 琉人,35.1,,03,01,1,3歳以上,1勝クラス,2026-08-01,pw01sde1001202601030620260801,3歳以上1勝クラス,06,牝［指定］,,12時50分,牝3,https://www.jra.go.jp/JRADB/accessS.html?CNAME=pw01sde1001202601030620260801%2FD8,ダート,0:58.3,,中尾 秀正,曇,定量,,
428(-4),50.0,2  2,札幌,QUARANTINED_HTML:track_condition,1000,2,pw01dud102023105616/DC,テーオーナタリー,7,★河原田 菜々,35.0,クビ,03,01,2,3歳以上,1勝クラス,2026-08-01,pw01sde1001202601030620260801,3歳以上1勝クラス,06,牝［指定］,,12時50分,牝3,https://www.jra.go.jp/JRADB/accessS.html?CNAME=pw01sde1001202601030620260801%2FD8,ダート,0:58.4,,梅田 智之,曇,定量,,
468(-2),56.0,3  3,札幌,QUARANTINED_HTML:track_condition,1000,3,pw01dud102022106835/4E,セガンティーニ,4,斎藤 新,35.1,２,03,01,4,3歳以上,1勝クラス,2026-08-01,pw01sde1001202601030620260801,3歳以上1勝クラス,06,牝［指定］,,12時50分,牝4,https://www.jra.go.jp/JRADB/accessS.html?CNAME=pw01sde1001202601030620260801%2FD8,ダート,0:58.7,,坂口 智康,曇,定量,,
448(+6),51.0,8  8,札幌,QUARANTINED_HTML:track_condition,1000,4,pw01dud102023105815/CB,エスカレイト,1,▲小林 美駒,34.8,３,03,01,3,3歳以上,1勝クラス,2026-08-01,pw01sde1001202601030620260801,3歳以上1勝クラス,06,牝［指定］,,12時50分,牝3,https://www.jra.go.jp/JRADB/accessS.html?CNAME=pw01sde1001202601030620260801%2FD8,ダート,0:59.2,,小栗 実,曇,定量,,
460(0),56.0,6  5,札幌,QUARANTINED_HTML:track_condition,1000,5,pw01dud102022102492/D5,グッバイウェーブ,2,黛 弘人,35.5,１ 3/4,03,01,8,3歳以上,1勝クラス,2026-08-01,pw01sde1001202601030620260801,3歳以上1勝クラス,06,牝［指定］,,12時50分,牝4,https://www.jra.go.jp/JRADB/accessS.html?CNAME=pw01sde1001202601030620260801%2FD8,ダート,0:59.5,,中川 公成,曇,定量,,
470(-4),54.0,5  4,札幌,QUARANTINED_HTML:track_condition,1000,6,pw01dud102023103699/D7,パドゼフィール,3,松本 大輝,35.6,クビ,03,01,7,3歳以上,1勝クラス,2026-08-01,pw01sde1001202601030620260801,3歳以上1勝クラス,06,牝［指定］,,12時50分,牝3,https://www.jra.go.jp/JRADB/accessS.html?CNAME=pw01sde1001202601030620260801%2FD8,ダート,0:59.5,,新谷 功一,曇,定量,,
448(+16),53.0,7  7,札幌,QUARANTINED_HTML:track_condition,1000,7,pw01dud102022103485/0D,アスコットアイ,9,▲和田 陽希,35.8,２,03,01,6,3歳以上,1勝クラス,2026-08-01,pw01sde1001202601030620260801,3歳以上1勝クラス,06,牝［指定］,,12時50分,牝4,https://www.jra.go.jp/JRADB/accessS.html?CNAME=pw01sde1001202601030620260801%2FD8,ダート,0:59.9,,緒方 努,曇,定量,,
436(-2),54.0,4  5,札幌,QUARANTINED_HTML:track_condition,1000,8,pw01dud102023100628/27,メモリーデイズ,5,小沢 大仁,36.1,クビ,03,01,5,3歳以上,1勝クラス,2026-08-01,pw01sde1001202601030620260801,3歳以上1勝クラス,06,牝［指定］,,12時50分,牝3,https://www.jra.go.jp/JRADB/accessS.html?CNAME=pw01sde1001202601030620260801%2FD8,ダート,0:59.9,,畑端 省吾,曇,定量,,
478(-10),56.0,9  9,札幌,QUARANTINED_HTML:track_condition,1000,9,pw01dud102022103018/32,シェーンルスカ,6,丹内 祐次,35.4,２ 1/2,03,01,9,3歳以上,1勝クラス,2026-08-01,pw01sde1001202601030620260801,3歳以上1勝クラス,06,牝［指定］,,12時50分,牝4,https://www.jra.go.jp/JRADB/accessS.html?CNAME=pw01sde1001202601030620260801%2FD8,ダート,1:00.4,,本間 忍,曇,定量,,
508(+6),55.0,2  2  2  2,札幌,QUARANTINED_HTML:track_condition,1700,1,pw01dud102023101793/78,エスシービクトリア,4,横山 和生,36.8,,03,01,1,3歳以上,1勝クラス,2026-08-01,pw01sde1001202601030820260801,3歳以上1勝クラス,08,[指定],,13時50分,牡3,https://www.jra.go.jp/JRADB/accessS.html?CNAME=pw01sde1001202601030820260801%2F42,ダート,1:44.5,,村田 一誠,曇,定量,,
498(-10),58.0,1  1  1  1,札幌,QUARANTINED_HTML:track_condition,1700,2,pw01dud102022103149/06,タイキインドラ,10,丹内 祐次,37.2,１ 1/4,03,01,8,3歳以上,1勝クラス,2026-08-01,pw01sde1001202601030820260801,3歳以上1勝クラス,08,[指定],,13時50分,牡4,https://www.jra.go.jp/JRADB/accessS.html?CNAME=pw01sde1001202601030820260801%2F42,ダート,1:44.7,,平岩 大典,曇,定量,,
494(+12),58.0,3  4  4  3,札幌,QUARANTINED_HTML:track_condition,1700,3,pw01dud102022104729/FB,サマーナイト,8,佐々木 大輔,36.7,２,03,01,5,3歳以上,1勝クラス,2026-08-01,pw01sde1001202601030820260801,3歳以上1勝クラス,08,[指定],,13時50分,牡4,https://www.jra.go.jp/JRADB/accessS.html?CNAME=pw01sde1001202601030820260801%2F42,ダート,1:45.0,,寺島 良,曇,定量,,
486(-2),55.0,8  8  8  6,札幌,QUARANTINED_HTML:track_condition,1700,4,pw01dud102023105032/0A,メイショウコシュウ,11,武 豊,37.4,８,03,01,2,3歳以上,1勝クラス,2026-08-01,pw01sde1001202601030820260801,3歳以上1勝クラス,08,[指定],,13時50分,牡3,https://www.jra.go.jp/JRADB/accessS.html?CNAME=pw01sde1001202601030820260801%2F42,ダート,1:46.3,,松永 幹夫,曇,定量,,
468(+2),55.0,3  4  3  4,札幌,QUARANTINED_HTML:track_condition,1700,5,pw01dud102023102354/D6,エタンセル,1,浜中 俊,38.2,クビ,03,01,3,3歳以上,1勝クラス,2026-08-01,pw01sde1001202601030820260801,3歳以上1勝クラス,08,[指定],,13時50分,牡3,https://www.jra.go.jp/JRADB/accessS.html?CNAME=pw01sde1001202601030820260801%2F42,ダート,1:46.3,,高木 登,曇,定量,,
484(+4),58.0,6  6  4  4,札幌,QUARANTINED_HTML:track_condition,1700,6,pw01dud102022100557/27,ロードスカイブルー,6,鮫島 克駿,38.0,アタマ,03,01,10,3歳以上,1勝クラス,2026-08-01,pw01sde1001202601030820260801,3歳以上1勝クラス,08,[指定],,13時50分,牡4,https://www.jra.go.jp/JRADB/accessS.html?CNAME=pw01sde1001202601030820260801%2F42,ダート,1:46.3,,和田 勇介,曇,定量,,
488(+8),55.0,6  6  7  6,札幌,QUARANTINED_HTML:track_condition,1700,7,pw01dud102022103644/BC,ブレイジングスター,9,▲和田 陽希,38.0,３,03,01,7,3歳以上,1勝クラス,2026-08-01,pw01sde1001202601030820260801,3歳以上1勝クラス,08,[指定],,13時50分,牡4,https://www.jra.go.jp/JRADB/accessS.html?CNAME=pw01sde1001202601030820260801%2F42,ダート,1:46.8,,高橋 康之,曇,定量,,
500(0),58.0,11  11  10  9,札幌,QUARANTINED_HTML:track_condition,1700,8,pw01dud102021106180/7C,シーリュウシー,5,小沢 大仁,37.9,１,03,01,9,3歳以上,1勝クラス,2026-08-01,pw01sde1001202601030820260801,3歳以上1勝クラス,08,[指定],,13時50分,牡5,https://www.jra.go.jp/JRADB/accessS.html?CNAME=pw01sde1001202601030820260801%2F42,ダート,1:47.0,,岡田 稲男,曇,定量,,
488(0),53.0,10  10  11  9,札幌,QUARANTINED_HTML:track_condition,1700,9,pw01dud102023101362/11,デルマホダカ,3,古川 吉洋,38.1,２ 1/2,03,01,11,3歳以上,1勝クラス,2026-08-01,pw01sde1001202601030820260801,3歳以上1勝クラス,08,[指定],,13時50分,牝3,https://www.jra.go.jp/JRADB/accessS.html?CNAME=pw01sde1001202601030820260801%2F42,ダート,1:47.4,,菊沢 隆徳,曇,定量,,
486(-4),52.0,3  3  4  8,札幌,QUARANTINED_HTML:track_condition,1700,10,pw01dud102023102469/56,タマモスカイ,7,▲小林 美駒,39.6,３ 1/2,03,01,4,3歳以上,1勝クラス,2026-08-01,pw01sde1001202601030820260801,3歳以上1勝クラス,08,[指定],,13時50分,牡3,https://www.jra.go.jp/JRADB/accessS.html?CNAME=pw01sde1001202601030820260801%2F42,ダート,1:48.0,,茶木 太樹,曇,定量,,
444(-2),58.0,8  8  8  11,札幌,QUARANTINED_HTML:track_condition,1700,11,pw01dud102022106045/D6,ウィズマスタング,2,横山 武史,39.6,３ 1/2,03,01,6,3歳以上,1勝クラス,2026-08-01,pw01sde1001202601030820260801,3歳以上1勝クラス,08,[指定],,13時50分,牡4,https://www.jra.go.jp/JRADB/accessS.html?CNAME=pw01sde1001202601030820260801%2F42,ダート,1:48.6,,高橋 文雅,曇,定量,,
462(+2),56.0,4  4  5  5,札幌,PASS_HTML,1800,1,pw01dud102022101411/F3,サタデーサンライズ,7,北村 友一,35.3,,03,01,3,3歳以上,2勝クラス,2026-08-01,pw01sde1001202601030920260801,釧路湿原特別,09,（混合）（特指）,,14時20分,牝4,https://www.jra.go.jp/JRADB/accessS.html?CNAME=pw01sde1001202601030920260801%2FF7,芝,1:48.4,稍重,石坂 公一,曇,定量,,
464(-6),58.0,1  1  1  1,札幌,PASS_HTML,1800,2,pw01dud102022106231/5C,ウインベラーノ,5,斎藤 新,36.1,２ 1/2,03,01,6,3歳以上,2勝クラス,2026-08-01,pw01sde1001202601030920260801,釧路湿原特別,09,（混合）（特指）,,14時20分,牡4,https://www.jra.go.jp/JRADB/accessS.html?CNAME=pw01sde1001202601030920260801%2FF7,芝,1:48.8,稍重,宮 徹,曇,定量,,
444(0),56.0,3  4  3  2,札幌,PASS_HTML,1800,3,pw01dud102022104748/A8,ウィルサヴァイブ,1,横山 典弘,36.0,１,03,01,4,3歳以上,2勝クラス,2026-08-01,pw01sde1001202601030920260801,釧路湿原特別,09,（混合）（特指）,,14時20分,牝4,https://www.jra.go.jp/JRADB/accessS.html?CNAME=pw01sde1001202601030920260801%2FF7,芝,1:49.0,稍重,須貝 尚介,曇,定量,,
452(-4),58.0,6  2  2  2,札幌,PASS_HTML,1800,4,pw01dud102022105438/F4,ジョイエッロ,6,横山 武史,36.3,１／２,03,01,1,3歳以上,2勝クラス,2026-08-01,pw01sde1001202601030920260801,釧路湿原特別,09,（混合）（特指）,,14時20分,牡4,https://www.jra.go.jp/JRADB/accessS.html?CNAME=pw01sde1001202601030920260801%2FF7,芝,1:49.1,稍重,池江 泰寿,曇,定量,,
448(+4),58.0,5  6  6  6,札幌,PASS_HTML,1800,5,pw01dud102021107085/79,ウインアクトゥール,4,原田 和真,35.8,クビ,03,01,7,3歳以上,2勝クラス,2026-08-01,pw01sde1001202601030920260801,釧路湿原特別,09,（混合）（特指）,,14時20分,牡5,https://www.jra.go.jp/JRADB/accessS.html?CNAME=pw01sde1001202601030920260801%2FF7,芝,1:49.1,稍重,栗田 徹,曇,定量,,
470(-6),55.0,2  3  3  2,札幌,PASS_HTML,1800,6,pw01dud102023100627/B4,テルヒコウ,2,武 豊,36.6,２ 1/2,03,01,2,3歳以上,2勝クラス,2026-08-01,pw01sde1001202601030920260801,釧路湿原特別,09,（混合）（特指）,,14時20分,牡3,https://www.jra.go.jp/JRADB/accessS.html?CNAME=pw01sde1001202601030920260801%2FF7,芝,1:49.5,稍重,矢作 芳人,曇,定量,,
460(+4),58.0,7  7  7  7,札幌,PASS_HTML,1800,7,pw01dud102021100165/01,フォルテフィオーレ,3,丹内 祐次,36.9,７,03,01,5,3歳以上,2勝クラス,2026-08-01,pw01sde1001202601030920260801,釧路湿原特別,09,（混合）（特指）,,14時20分,牡5,https://www.jra.go.jp/JRADB/accessS.html?CNAME=pw01sde1001202601030920260801%2FF7,芝,1:50.6,稍重,上原 佑紀,曇,定量,,
486(+2),57.0,3  4  4  2,札幌,PASS_HTML,1800,1,pw01dud102023103630/6C,ライフイズカラフル,3,斎藤 新,35.3,,03,01,3,3歳,未勝利,2026-08-01,pw01sde1001202601030720260801,3歳未勝利,07,[指定],,13時20分,牡3,https://www.jra.go.jp/JRADB/accessS.html?CNAME=pw01sde1001202601030720260801%2F8D,芝,1:48.7,稍重,河嶋 宏樹,曇,馬齢,,
492(-2),54.0,1  1  1  1,札幌,PASS_HTML,1800,2,pw01dud102023104491/CC,コスモクラシック,11,▲和田 陽希,36.0,３／４,03,01,6,3歳,未勝利,2026-08-01,pw01sde1001202601030720260801,3歳未勝利,07,[指定],,13時20分,牡3,https://www.jra.go.jp/JRADB/accessS.html?CNAME=pw01sde1001202601030720260801%2F8D,芝,1:48.8,稍重,嘉藤 貴行,曇,馬齢,,
414(0),55.0,10  10  11  4,札幌,PASS_HTML,1800,3,pw01dud102023104254/83,サウンドファミリエ,5,横山 武史,34.8,１ 1/4,03,01,7,3歳,未勝利,2026-08-01,pw01sde1001202601030720260801,3歳未勝利,07,[指定],,13時20分,牝3,https://www.jra.go.jp/JRADB/accessS.html?CNAME=pw01sde1001202601030720260801%2F8D,芝,1:49.0,稍重,和田 正一郎,曇,馬齢,,
396(+6),51.0,7  6  6  4,札幌,PASS_HTML,1800,4,pw01dud102023106148/EC,ヒメヒオウギ,10,★河原田 菜々,35.7,２ 1/2,03,01,2,3歳,未勝利,2026-08-01,pw01sde1001202601030720260801,3歳未勝利,07,[指定],,13時20分,牝3,https://www.jra.go.jp/JRADB/accessS.html?CNAME=pw01sde1001202601030720260801%2F8D,芝,1:49.4,稍重,中竹 和也,曇,馬齢,,
436(+2),52.0,5  4  4  2,札幌,PASS_HTML,1800,5,pw01dud102023106411/2A,マンサニージャ,12,▲小林 美駒,36.0,アタマ,03,01,5,3歳,未勝利,2026-08-01,pw01sde1001202601030720260801,3歳未勝利,07,[指定],,13時20分,牝3,https://www.jra.go.jp/JRADB/accessS.html?CNAME=pw01sde1001202601030720260801%2F8D,芝,1:49.4,稍重,菊川 正達,曇,馬齢,,
454(-2),54.0,12  12  12  10,札幌,PASS_HTML,1800,6,pw01dud102023100794/FC,マリノリュミエール,8,☆舟山 瑠泉,35.0,アタマ,03,01,10,3歳,未勝利,2026-08-01,pw01sde1001202601030720260801,3歳未勝利,07,[指定],,13時20分,牝3,https://www.jra.go.jp/JRADB/accessS.html?CNAME=pw01sde1001202601030720260801%2F8D,芝,1:49.4,稍重,村田 一誠,曇,馬齢,,
412(-2),55.0,7  6  6  7,札幌,PASS_HTML,1800,7,pw01dud102023103475/89,ディープマウンテン,2,吉田 隼人,35.9,１／２,03,01,12,3歳,未勝利,2026-08-01,pw01sde1001202601030720260801,3歳未勝利,07,[指定],,13時20分,牝3,https://www.jra.go.jp/JRADB/accessS.html?CNAME=pw01sde1001202601030720260801%2F8D,芝,1:49.5,稍重,深山 雅史,曇,馬齢,,
424(-2),53.0,4  3  3  7,札幌,PASS_HTML,1800,8,pw01dud102023107270/A4,フォルストランキル,9,◇古川 奈穂,36.4,１ 1/2,03,01,9,3歳,未勝利,2026-08-01,pw01sde1001202601030720260801,3歳未勝利,07,[指定],,13時20分,牝3,https://www.jra.go.jp/JRADB/accessS.html?CNAME=pw01sde1001202601030720260801%2F8D,芝,1:49.7,稍重,池江 泰寿,曇,馬齢,,
468(+8),57.0,11  10  9  10,札幌,PASS_HTML,1800,9,pw01dud102023100926/D4,モンロワイヤル,7,丹内 祐次,35.9,３／４,03,01,4,3歳,未勝利,2026-08-01,pw01sde1001202601030720260801,3歳未勝利,07,[指定],,13時20分,牡3,https://www.jra.go.jp/JRADB/accessS.html?CNAME=pw01sde1001202601030720260801%2F8D,芝,1:49.9,稍重,牧浦 充徳,曇,馬齢,,
392(-2),55.0,5  8  6  10,札幌,PASS_HTML,1800,10,pw01dud102023107235/A3,ハヤテノオジョー,1,小沢 大仁,36.5,２,03,01,11,3歳,未勝利,2026-08-01,pw01sde1001202601030720260801,3歳未勝利,07,[指定],,13時20分,牝3,https://www.jra.go.jp/JRADB/accessS.html?CNAME=pw01sde1001202601030720260801%2F8D,芝,1:50.2,稍重,杉山 佳明,曇,馬齢,,
478(+6),55.0,9  9  9  9,札幌,PASS_HTML,1800,11,pw01dud102023106285/04,ボーントゥラブユー,4,鮫島 克駿,36.3,クビ,03,01,8,3歳,未勝利,2026-08-01,pw01sde1001202601030720260801,3歳未勝利,07,[指定],,13時20分,牝3,https://www.jra.go.jp/JRADB/accessS.html?CNAME=pw01sde1001202601030720260801%2F8D,芝,1:50.2,稍重,小笠 倫弘,曇,馬齢,,
466(-4),57.0,2  2  2  4,札幌,PASS_HTML,1800,12,pw01dud102023105904/79,サトノフレア,6,佐々木 大輔,38.0,５,03,01,1,3歳,未勝利,2026-08-01,pw01sde1001202601030720260801,3歳未勝利,07,[指定],,13時20分,牡3,https://www.jra.go.jp/JRADB/accessS.html?CNAME=pw01sde1001202601030720260801%2F8D,芝,1:51.0,稍重,堀 宣行,曇,馬齢,,
486(+8),53.0,4  3  4,札幌,PASS_HTML,1500,1,pw01dud102023103086/48,イヌボウノウタゴエ,1,横山 武史,34.4,,03,01,1,3歳以上,1勝クラス,2026-08-01,pw01sde1001202601031020260801,3歳以上1勝クラス,10,牝［指定］,,14時50分,牝3,https://www.jra.go.jp/JRADB/accessS.html?CNAME=pw01sde1001202601031020260801%2FEC,芝,1:29.0,稍重,西田 雄一郎,曇,定量,,
436(+14),53.0,1  1  1,札幌,PASS_HTML,1500,2,pw01dud102023105344/93,ルールザウェイヴ,8,武 豊,34.6,ハナ,03,01,2,3歳以上,1勝クラス,2026-08-01,pw01sde1001202601031020260801,3歳以上1勝クラス,10,牝［指定］,,14時50分,牝3,https://www.jra.go.jp/JRADB/accessS.html?CNAME=pw01sde1001202601031020260801%2FEC,芝,1:29.0,稍重,宮田 敬介,曇,定量,,
430(+6),53.0,6  6  7,札幌,PASS_HTML,1500,3,pw01dud102023106894/C7,ハヤブササキチャン,5,吉田 隼人,34.3,１ 1/4,03,01,4,3歳以上,1勝クラス,2026-08-01,pw01sde1001202601031020260801,3歳以上1勝クラス,10,牝［指定］,,14時50分,牝3,https://www.jra.go.jp/JRADB/accessS.html?CNAME=pw01sde1001202601031020260801%2FEC,芝,1:29.2,稍重,東田 明士,曇,定量,,
492(+4),53.0,12  13  13,札幌,PASS_HTML,1500,4,pw01dud102023105295/25,ダノンプレサージュ,3,横山 典弘,33.5,１ 1/2,03,01,3,3歳以上,1勝クラス,2026-08-01,pw01sde1001202601031020260801,3歳以上1勝クラス,10,牝［指定］,,14時50分,牝3,https://www.jra.go.jp/JRADB/accessS.html?CNAME=pw01sde1001202601031020260801%2FEC,芝,1:29.4,稍重,大竹 正博,曇,定量,,
458(+2),53.0,10  8  8,札幌,PASS_HTML,1500,5,pw01dud102023103797/22,アンディムジーク,11,古川 吉洋,34.3,ハナ,03,01,10,3歳以上,1勝クラス,2026-08-01,pw01sde1001202601031020260801,3歳以上1勝クラス,10,牝［指定］,,14時50分,牝3,https://www.jra.go.jp/JRADB/accessS.html?CNAME=pw01sde1001202601031020260801%2FEC,芝,1:29.4,稍重,渡辺 薫彦,曇,定量,,
440(-4),56.0,8  8  8,札幌,PASS_HTML,1500,6,pw01dud102022101039/E7,オーケーダイナ,4,泉谷 楓真,34.6,１ 1/2,03,01,11,3歳以上,1勝クラス,2026-08-01,pw01sde1001202601031020260801,3歳以上1勝クラス,10,牝［指定］,,14時50分,牝4,https://www.jra.go.jp/JRADB/accessS.html?CNAME=pw01sde1001202601031020260801%2FEC,芝,1:29.7,稍重,奥村 豊,曇,定量,,
470(-2),56.0,6  6  5,札幌,PASS_HTML,1500,7,pw01dud102022105817/25,アルディスティーノ,6,横山 琉人,34.8,クビ,03,01,7,3歳以上,1勝クラス,2026-08-01,pw01sde1001202601031020260801,3歳以上1勝クラス,10,牝［指定］,,14時50分,牝4,https://www.jra.go.jp/JRADB/accessS.html?CNAME=pw01sde1001202601031020260801%2FEC,芝,1:29.7,稍重,安田 翔伍,曇,定量,,
432(+2),56.0,3  3  2,札幌,PASS_HTML,1500,8,pw01dud102022102088/B3,ユーティジャーニー,7,佐々木 大輔,35.3,１,03,01,6,3歳以上,1勝クラス,2026-08-01,pw01sde1001202601031020260801,3歳以上1勝クラス,10,牝［指定］,,14時50分,牝4,https://www.jra.go.jp/JRADB/accessS.html?CNAME=pw01sde1001202601031020260801%2FEC,芝,1:29.9,稍重,矢嶋 大樹,曇,定量,,
424(-6),53.0,12  11  10,札幌,PASS_HTML,1500,9,pw01dud102023102615/9C,ホワイトオーキッド,10,北村 友一,34.9,２ 1/2,03,01,8,3歳以上,1勝クラス,2026-08-01,pw01sde1001202601031020260801,3歳以上1勝クラス,10,牝［指定］,,14時50分,牝3,https://www.jra.go.jp/JRADB/accessS.html?CNAME=pw01sde1001202601031020260801%2FEC,芝,1:30.3,稍重,藤原 英昭,曇,定量,,
456(+2),52.0,4  5  5,札幌,PASS_HTML,1500,10,pw01dud102021105057/51,オンザヴィーナス,2,★河原田 菜々,35.6,１／２,03,01,12,3歳以上,1勝クラス,2026-08-01,pw01sde1001202601031020260801,3歳以上1勝クラス,10,牝［指定］,,14時50分,牝5,https://www.jra.go.jp/JRADB/accessS.html?CNAME=pw01sde1001202601031020260801%2FEC,芝,1:30.4,稍重,大和田 成,曇,定量,,
468(-4),56.0,11  11  10,札幌,PASS_HTML,1500,11,pw01dud102022101408/08,フェニーチェドーロ,9,荻野 琢真,35.3,１ 1/2,03,01,13,3歳以上,1勝クラス,2026-08-01,pw01sde1001202601031020260801,3歳以上1勝クラス,10,牝［指定］,,14時50分,牝4,https://www.jra.go.jp/JRADB/accessS.html?CNAME=pw01sde1001202601031020260801%2FEC,芝,1:30.7,稍重,宮本 博,曇,定量,,
498(-2),53.0,9  8  10,札幌,PASS_HTML,1500,12,pw01dud102023101056/3A,イズントイット,14,小沢 大仁,35.5,アタマ,03,01,14,3歳以上,1勝クラス,2026-08-01,pw01sde1001202601031020260801,3歳以上1勝クラス,10,牝［指定］,,14時50分,牝3,https://www.jra.go.jp/JRADB/accessS.html?CNAME=pw01sde1001202601031020260801%2FEC,芝,1:30.7,稍重,岡田 稲男,曇,定量,,
508(+8),53.0,2  2  2,札幌,PASS_HTML,1500,13,pw01dud102023103456/DC,スピナーリート,13,横山 和生,37.6,８,03,01,9,3歳以上,1勝クラス,2026-08-01,pw01sde1001202601031020260801,3歳以上1勝クラス,10,牝［指定］,,14時50分,牝3,https://www.jra.go.jp/JRADB/accessS.html?CNAME=pw01sde1001202601031020260801%2FEC,芝,1:32.1,稍重,須貝 尚介,曇,定量,,
438(0),53.0,,札幌,PASS_HTML,1500,中止,pw01dud102023104159/91,ヴェガリア,12,斎藤 新,,,03,01,5,3歳以上,1勝クラス,2026-08-01,pw01sde1001202601031020260801,3歳以上1勝クラス,10,牝［指定］,,14時50分,牝3,https://www.jra.go.jp/JRADB/accessS.html?CNAME=pw01sde1001202601031020260801%2FEC,芝,,稍重,栗田 徹,曇,定量,,
466(-6),53.0,11  11  10  7,札幌,PASS_HTML,2000,1,pw01dud102022105166/AB,ヨヒーン,10,鮫島 克駿,35.3,,03,01,5,3歳以上,3勝クラス,2026-08-01,pw01sde1001202601031120260801,STV賞,11,（混合）［指定］,,15時25分,牝4,https://www.jra.go.jp/JRADB/accessS.html?CNAME=pw01sde1001202601031120260801%2FA1,芝,2:00.2,稍重,杉山 晴紀,曇,ハンデ,,
496(0),56.0,14  14  14  13,札幌,PASS_HTML,2000,2,pw01dud102022102199/67,アルマデオロ,12,武 豊,34.8,クビ,03,01,1,3歳以上,3勝クラス,2026-08-01,pw01sde1001202601031120260801,STV賞,11,（混合）［指定］,,15時25分,牡4,https://www.jra.go.jp/JRADB/accessS.html?CNAME=pw01sde1001202601031120260801%2FA1,芝,2:00.2,稍重,清水 久詞,曇,ハンデ,,
440(-6),54.0,5  7  7  7,札幌,PASS_HTML,2000,3,pw01dud102022105801/63,ショウナンサムデイ,11,池添 謙一,35.9,２,03,01,3,3歳以上,3勝クラス,2026-08-01,pw01sde1001202601031120260801,STV賞,11,（混合）［指定］,,15時25分,牝4,https://www.jra.go.jp/JRADB/accessS.html?CNAME=pw01sde1001202601031120260801%2FA1,芝,2:00.6,稍重,奥村 武,曇,ハンデ,,
500(0),55.0,16  16  15  15,札幌,PASS_HTML,2000,4,pw01dud102022105984/6D,ディヴァインスター,14,北村 友一,35.0,１,03,01,7,3歳以上,3勝クラス,2026-08-01,pw01sde1001202601031120260801,STV賞,11,（混合）［指定］,,15時25分,牡4,https://www.jra.go.jp/JRADB/accessS.html?CNAME=pw01sde1001202601031120260801%2FA1,芝,2:00.7,稍重,林 徹,曇,ハンデ,,
482(+2),53.0,11  12  10  11,札幌,PASS_HTML,2000,5,pw01dud102021105384/BB,チルカーノ,4,古川 奈穂,35.9,クビ,03,01,11,3歳以上,3勝クラス,2026-08-01,pw01sde1001202601031120260801,STV賞,11,（混合）［指定］,,15時25分,牝5,https://www.jra.go.jp/JRADB/accessS.html?CNAME=pw01sde1001202601031120260801%2FA1,芝,2:00.8,稍重,高野 友和,曇,ハンデ,,
458(+4),55.0,13  13  13  13,札幌,PASS_HTML,2000,6,pw01dud102019103081/E6,エンドロール,5,和田 陽希,35.7,ハナ,03,01,16,3歳以上,3勝クラス,2026-08-01,pw01sde1001202601031120260801,STV賞,11,（混合）［指定］,,15時25分,牡7,https://www.jra.go.jp/JRADB/accessS.html?CNAME=pw01sde1001202601031120260801%2FA1,芝,2:00.8,稍重,青木 孝文,曇,ハンデ,,
458(+8),55.0,1  1  1  1,札幌,PASS_HTML,2000,7,pw01dud102019107025/0E,クレバーテースト,1,荻野 琢真,36.7,アタマ,03,01,12,3歳以上,3勝クラス,2026-08-01,pw01sde1001202601031120260801,STV賞,11,（混合）［指定］,,15時25分,せん7,https://www.jra.go.jp/JRADB/accessS.html?CNAME=pw01sde1001202601031120260801%2FA1,芝,2:00.8,稍重,佐藤 悠太,曇,ハンデ,,
484(+2),55.0,5  5  4  3,札幌,PASS_HTML,2000,8,pw01dud102022106813/48,マイネルフーガ,9,斎藤 新,36.4,ハナ,03,01,10,3歳以上,3勝クラス,2026-08-01,pw01sde1001202601031120260801,STV賞,11,（混合）［指定］,,15時25分,牡4,https://www.jra.go.jp/JRADB/accessS.html?CNAME=pw01sde1001202601031120260801%2FA1,芝,2:00.8,稍重,鈴木 慎太郎,曇,ハンデ,,
466(-12),56.0,9  9  7  7,札幌,PASS_HTML,2000,9,pw01dud102021102800/97,キャントウェイト,8,丹内 祐次,36.2,クビ,03,01,4,3歳以上,3勝クラス,2026-08-01,pw01sde1001202601031120260801,STV賞,11,（混合）［指定］,,15時25分,牡5,https://www.jra.go.jp/JRADB/accessS.html?CNAME=pw01sde1001202601031120260801%2FA1,芝,2:00.9,稍重,萱野 浩二,曇,ハンデ,,
500(-10),55.0,2  2  2  2,札幌,PASS_HTML,2000,10,pw01dud102021103255/EF,ジャスティンガルフ,2,松本 大輝,36.7,アタマ,03,01,14,3歳以上,3勝クラス,2026-08-01,pw01sde1001202601031120260801,STV賞,11,（混合）［指定］,,15時25分,牡5,https://www.jra.go.jp/JRADB/accessS.html?CNAME=pw01sde1001202601031120260801%2FA1,芝,2:00.9,稍重,茶木 太樹,曇,ハンデ,,
494(0),57.0,5  3  4  3,札幌,PASS_HTML,2000,11,pw01dud102020103354/21,アイスグリーン,3,小沢 大仁,36.5,クビ,03,01,8,3歳以上,3勝クラス,2026-08-01,pw01sde1001202601031120260801,STV賞,11,（混合）［指定］,,15時25分,牡6,https://www.jra.go.jp/JRADB/accessS.html?CNAME=pw01sde1001202601031120260801%2FA1,芝,2:00.9,稍重,池添 学,曇,ハンデ,,
484(-4),55.0,9  9  10  11,札幌,PASS_HTML,2000,12,pw01dud102020104550/A6,ワイドアラジン,6,泉谷 楓真,36.1,クビ,03,01,13,3歳以上,3勝クラス,2026-08-01,pw01sde1001202601031120260801,STV賞,11,（混合）［指定］,,15時25分,牡6,https://www.jra.go.jp/JRADB/accessS.html?CNAME=pw01sde1001202601031120260801%2FA1,芝,2:01.0,稍重,奥村 豊,曇,ハンデ,,
494(+6),54.0,3  3  3  3,札幌,PASS_HTML,2000,13,pw01dud102021105616/C4,エルフストラック,13,舟山 瑠泉,36.7,クビ,03,01,6,3歳以上,3勝クラス,2026-08-01,pw01sde1001202601031120260801,STV賞,11,（混合）［指定］,,15時25分,牝5,https://www.jra.go.jp/JRADB/accessS.html?CNAME=pw01sde1001202601031120260801%2FA1,芝,2:01.0,稍重,中村 直也,曇,ハンデ,,
464(-6),56.0,4  5  4  3,札幌,PASS_HTML,2000,14,pw01dud102021105072/32,ディーガレジェンド,16,横山 武史,36.7,３／４,03,01,9,3歳以上,3勝クラス,2026-08-01,pw01sde1001202601031120260801,STV賞,11,（混合）［指定］,,15時25分,牡5,https://www.jra.go.jp/JRADB/accessS.html?CNAME=pw01sde1001202601031120260801%2FA1,芝,2:01.1,稍重,藤原 英昭,曇,ハンデ,,
438(0),54.0,5  7  7  7,札幌,PASS_HTML,2000,15,pw01dud102021100789/13,ハニーコム,7,佐々木 大輔,37.5,６,03,01,2,3歳以上,3勝クラス,2026-08-01,pw01sde1001202601031120260801,STV賞,11,（混合）［指定］,,15時25分,牝5,https://www.jra.go.jp/JRADB/accessS.html?CNAME=pw01sde1001202601031120260801%2FA1,芝,2:02.1,稍重,蛯名 正義,曇,ハンデ,,
478(+8),55.0,15  15  16  16,札幌,PASS_HTML,2000,16,pw01dud102020103794/25,エゾダイモン,15,浜中 俊,36.8,３,03,01,15,3歳以上,3勝クラス,2026-08-01,pw01sde1001202601031120260801,STV賞,11,（混合）［指定］,,15時25分,牡6,https://www.jra.go.jp/JRADB/accessS.html?CNAME=pw01sde1001202601031120260801%2FA1,芝,2:02.6,稍重,武 幸四郎,曇,ハンデ,,
504(-6),57.0,7  6  4  1,札幌,QUARANTINED_HTML:track_condition,1700,1,pw01dud102023102750/CE,ワンダーブリッツ,3,横山 武史,36.8,,04,01,1,3歳,未勝利,2026-08-02,pw01sde1001202601040320260802,3歳未勝利,03,（混合）［指定］,,11時00分,牡3,https://www.jra.go.jp/JRADB/accessS.html?CNAME=pw01sde1001202601040320260802%2FE9,ダート,1:45.8,,久保田 貴士,晴,馬齢,,
460(0),57.0,5  4  5  4,札幌,QUARANTINED_HTML:track_condition,1700,2,pw01dud102023110069/82,ゴンフィンガー,8,西村 淳也,38.2,９,04,01,2,3歳,未勝利,2026-08-02,pw01sde1001202601040320260802,3歳未勝利,03,（混合）［指定］,,11時00分,牡3,https://www.jra.go.jp/JRADB/accessS.html?CNAME=pw01sde1001202601040320260802%2FE9,ダート,1:47.3,,中内田 充正,晴,馬齢,,
422(0),57.0,4  4  5  4,札幌,QUARANTINED_HTML:track_condition,1700,3,pw01dud102023106657/7E,イーサンミラー,5,斎藤 新,38.4,１ 1/4,04,01,6,3歳,未勝利,2026-08-02,pw01sde1001202601040320260802,3歳未勝利,03,（混合）［指定］,,11時00分,牡3,https://www.jra.go.jp/JRADB/accessS.html?CNAME=pw01sde1001202601040320260802%2FE9,ダート,1:47.5,,稲垣 幸雄,晴,馬齢,,
442(+2),55.0,3  3  2  2,札幌,QUARANTINED_HTML:track_condition,1700,4,pw01dud102023102396/FC,ホウオウロレンシア,11,石川 倭,38.9,１ 1/4,04,01,3,3歳,未勝利,2026-08-02,pw01sde1001202601040320260802,3歳未勝利,03,（混合）［指定］,,11時00分,牝3,https://www.jra.go.jp/JRADB/accessS.html?CNAME=pw01sde1001202601040320260802%2FE9,ダート,1:47.7,,高木 登,晴,馬齢,,
484(+4),57.0,9  8  9  8,札幌,QUARANTINED_HTML:track_condition,1700,5,pw01dud102023100784/EC,エースオブゴールド,4,横山 琉人,38.4,１ 1/2,04,01,8,3歳,未勝利,2026-08-02,pw01sde1001202601040320260802,3歳未勝利,03,（混合）［指定］,,11時00分,牡3,https://www.jra.go.jp/JRADB/accessS.html?CNAME=pw01sde1001202601040320260802%2FE9,ダート,1:48.0,,堀内 岳志,晴,馬齢,,
438(+2),57.0,6  6  8  7,札幌,QUARANTINED_HTML:track_condition,1700,6,pw01dud102023101714/6B,ワンダーゾルダート,2,松本 大輝,38.7,ハナ,04,01,7,3歳,未勝利,2026-08-02,pw01sde1001202601040320260802,3歳未勝利,03,（混合）［指定］,,11時00分,牡3,https://www.jra.go.jp/JRADB/accessS.html?CNAME=pw01sde1001202601040320260802%2FE9,ダート,1:48.0,,羽月 友彦,晴,馬齢,,
464(0),57.0,10  10  5  6,札幌,QUARANTINED_HTML:track_condition,1700,7,pw01dud102023103504/D7,ハイランダー,9,丹内 祐次,39.3,２,04,01,5,3歳,未勝利,2026-08-02,pw01sde1001202601040320260802,3歳未勝利,03,（混合）［指定］,,11時00分,牡3,https://www.jra.go.jp/JRADB/accessS.html?CNAME=pw01sde1001202601040320260802%2FE9,ダート,1:48.4,,古賀 大生,晴,馬齢,,
450(0),54.0,10  11  11  11,札幌,QUARANTINED_HTML:track_condition,1700,8,pw01dud102023105090/84,ヘリオポリス,6,▲和田 陽希,37.7,１ 1/2,04,01,11,3歳,未勝利,2026-08-02,pw01sde1001202601040320260802,3歳未勝利,03,（混合）［指定］,,11時00分,牡3,https://www.jra.go.jp/JRADB/accessS.html?CNAME=pw01sde1001202601040320260802%2FE9,ダート,1:48.6,,杉山 佳明,晴,馬齢,,
450(-2),57.0,1  1  1  2,札幌,QUARANTINED_HTML:track_condition,1700,9,pw01dud102023105739/86,モズヴイ,1,西塚 洸二,40.6,４,04,01,4,3歳,未勝利,2026-08-02,pw01sde1001202601040320260802,3歳未勝利,03,（混合）［指定］,,11時00分,牡3,https://www.jra.go.jp/JRADB/accessS.html?CNAME=pw01sde1001202601040320260802%2FE9,ダート,1:49.2,,藤岡 健一,晴,馬齢,,
476(-4),55.0,7  8  10  9,札幌,QUARANTINED_HTML:track_condition,1700,10,pw01dud102023104288/7F,イントゥゴールデン,7,◇古川 奈穂,39.3,１,04,01,9,3歳,未勝利,2026-08-02,pw01sde1001202601040320260802,3歳未勝利,03,（混合）［指定］,,11時00分,牡3,https://www.jra.go.jp/JRADB/accessS.html?CNAME=pw01sde1001202601040320260802%2FE9,ダート,1:49.4,,和田 雄二,晴,馬齢,,
516(+6),57.0,2  2  2  9,札幌,QUARANTINED_HTML:track_condition,1700,11,pw01dud102023107544/D3,カンフージョン,10,小沢 大仁,41.3,４,04,01,10,3歳,未勝利,2026-08-02,pw01sde1001202601040320260802,3歳未勝利,03,（混合）［指定］,,11時00分,牡3,https://www.jra.go.jp/JRADB/accessS.html?CNAME=pw01sde1001202601040320260802%2FE9,ダート,1:50.1,,吉村 圭司,晴,馬齢,,
416(-8),56.0,1  1  3  2,札幌,QUARANTINED_HTML:track_condition,1700,1,pw01dud102022101678/DA,キャットテイル,1,横山 武史,38.9,,03,01,3,3歳以上,2勝クラス,2026-08-01,pw01sde1001202601031220260801,大倉山特別,12,牝［指定］,,16時01分,牝4,https://www.jra.go.jp/JRADB/accessS.html?CNAME=pw01sde1001202601031220260801%2F56,ダート,1:46.2,,野中 賢二,曇,定量,,
462(-6),56.0,2  2  1  1,札幌,QUARANTINED_HTML:track_condition,1700,2,pw01dud102022102308/C6,エアニゲラ,3,舟山 瑠泉,39.3,クビ,03,01,1,3歳以上,2勝クラス,2026-08-01,pw01sde1001202601031220260801,大倉山特別,12,牝［指定］,,16時01分,牝4,https://www.jra.go.jp/JRADB/accessS.html?CNAME=pw01sde1001202601031220260801%2F56,ダート,1:46.3,,池添 学,曇,定量,,
458(+28),56.0,5  6  7  6,札幌,QUARANTINED_HTML:track_condition,1700,3,pw01dud102022102263/B6,カスバートテソーロ,6,佐々木 大輔,38.7,１ 1/2,03,01,8,3歳以上,2勝クラス,2026-08-01,pw01sde1001202601031220260801,大倉山特別,12,牝［指定］,,16時01分,牝4,https://www.jra.go.jp/JRADB/accessS.html?CNAME=pw01sde1001202601031220260801%2F56,ダート,1:46.5,,畠山 吉宏,曇,定量,,
458(+2),56.0,5  6  7  6,札幌,QUARANTINED_HTML:track_condition,1700,4,pw01dud102022105973/EA,ハヤブサオヒメサマ,5,吉田 隼人,38.6,ハナ,03,01,4,3歳以上,2勝クラス,2026-08-01,pw01sde1001202601031220260801,大倉山特別,12,牝［指定］,,16時01分,牝4,https://www.jra.go.jp/JRADB/accessS.html?CNAME=pw01sde1001202601031220260801%2F56,ダート,1:46.5,,渡辺 薫彦,曇,定量,,
458(+4),56.0,3  4  5  5,札幌,QUARANTINED_HTML:track_condition,1700,5,pw01dud102022107254/C4,エンプレスフレーム,2,原田 和真,38.9,１／２,03,01,7,3歳以上,2勝クラス,2026-08-01,pw01sde1001202601031220260801,大倉山特別,12,牝［指定］,,16時01分,牝4,https://www.jra.go.jp/JRADB/accessS.html?CNAME=pw01sde1001202601031220260801%2F56,ダート,1:46.6,,上原 博之,曇,定量,,
506(+2),56.0,8  8  2  3,札幌,QUARANTINED_HTML:track_condition,1700,6,pw01dud102022104512/64,タマモカンパネラ,4,黛 弘人,39.8,１ 1/2,03,01,6,3歳以上,2勝クラス,2026-08-01,pw01sde1001202601031220260801,大倉山特別,12,牝［指定］,,16時01分,牝4,https://www.jra.go.jp/JRADB/accessS.html?CNAME=pw01sde1001202601031220260801%2F56,ダート,1:46.9,,伊藤 圭三,曇,定量,,
514(-10),56.0,5  4  3  3,札幌,QUARANTINED_HTML:track_condition,1700,7,pw01dud102021104856/77,エーリアル,8,丹内 祐次,39.6,ハナ,03,01,5,3歳以上,2勝クラス,2026-08-01,pw01sde1001202601031220260801,大倉山特別,12,牝［指定］,,16時01分,牝5,https://www.jra.go.jp/JRADB/accessS.html?CNAME=pw01sde1001202601031220260801%2F56,ダート,1:46.9,,西田 雄一郎,曇,定量,,
462(0),56.0,3  3  5  6,札幌,QUARANTINED_HTML:track_condition,1700,8,pw01dud102022102952/8A,ユージュアーナ,7,武 豊,39.4,１ 1/2,03,01,2,3歳以上,2勝クラス,2026-08-01,pw01sde1001202601031220260801,大倉山特別,12,牝［指定］,,16時01分,牝4,https://www.jra.go.jp/JRADB/accessS.html?CNAME=pw01sde1001202601031220260801%2F56,ダート,1:47.1,,奥村 豊,曇,定量,,
484(-4),57.0,7  6  6,札幌,PASS_HTML,1500,1,pw01dud102023103155/D6,エグジスタンス,8,佐々木 大輔,35.3,,04,01,2,3歳,未勝利,2026-08-02,pw01sde1001202601040220260802,3歳未勝利,02,（混合）［指定］,,10時30分,牡3,https://www.jra.go.jp/JRADB/accessS.html?CNAME=pw01sde1001202601040220260802%2F34,芝,1:29.3,良,奥村 豊,晴,馬齢,,
468(-4),57.0,4  3  3,札幌,PASS_HTML,1500,2,pw01dud102023106620/29,ショウナンバーボン,11,西村 淳也,35.5,３／４,04,01,3,3歳,未勝利,2026-08-02,pw01sde1001202601040220260802,3歳未勝利,02,（混合）［指定］,,10時30分,牡3,https://www.jra.go.jp/JRADB/accessS.html?CNAME=pw01sde1001202601040220260802%2F34,芝,1:29.4,良,加藤 士津八,晴,馬齢,,
424(-4),57.0,13  13  10,札幌,PASS_HTML,1500,3,pw01dud102023105470/28,グローリーバローズ,10,鮫島 克駿,34.9,１ 1/4,04,01,8,3歳,未勝利,2026-08-02,pw01sde1001202601040220260802,3歳未勝利,02,（混合）［指定］,,10時30分,せん3,https://www.jra.go.jp/JRADB/accessS.html?CNAME=pw01sde1001202601040220260802%2F34,芝,1:29.6,良,辻野 泰之,晴,馬齢,,
460(-4),55.0,4  3  3,札幌,PASS_HTML,1500,4,pw01dud102023106578/E0,ペカリーナ,3,丹内 祐次,35.7,アタマ,04,01,1,3歳,未勝利,2026-08-02,pw01sde1001202601040220260802,3歳未勝利,02,（混合）［指定］,,10時30分,牝3,https://www.jra.go.jp/JRADB/accessS.html?CNAME=pw01sde1001202601040220260802%2F34,芝,1:29.6,良,竹内 正洋,晴,馬齢,,
444(0),52.0,1  1  1,札幌,PASS_HTML,1500,5,pw01dud102023110026/E9,スカイピア,1,▲小林 美駒,35.9,アタマ,04,01,4,3歳,未勝利,2026-08-02,pw01sde1001202601040220260802,3歳未勝利,02,（混合）［指定］,,10時30分,牝3,https://www.jra.go.jp/JRADB/accessS.html?CNAME=pw01sde1001202601040220260802%2F34,芝,1:29.6,良,前川 恭子,晴,馬齢,,
428(+16),55.0,8  10  7,札幌,PASS_HTML,1500,6,pw01dud102023105212/4C,シーシェル,4,黛 弘人,35.8,２ 1/2,04,01,13,3歳,未勝利,2026-08-02,pw01sde1001202601040220260802,3歳未勝利,02,（混合）［指定］,,10時30分,牝3,https://www.jra.go.jp/JRADB/accessS.html?CNAME=pw01sde1001202601040220260802%2F34,芝,1:30.0,良,武藤 善則,晴,馬齢,,
400(0),55.0,2  2  2,札幌,PASS_HTML,1500,7,pw01dud102023100179/F5,ニシノマーレ,2,横山 武史,36.6,２,04,01,5,3歳,未勝利,2026-08-02,pw01sde1001202601040220260802,3歳未勝利,02,（混合）［指定］,,10時30分,牝3,https://www.jra.go.jp/JRADB/accessS.html?CNAME=pw01sde1001202601040220260802%2F34,芝,1:30.3,良,伊藤 大士,晴,馬齢,,
462(+12),55.0,12  12  10,札幌,PASS_HTML,1500,8,pw01dud102023105952/E3,ブルーエ,12,原田 和真,36.0,クビ,04,01,7,3歳,未勝利,2026-08-02,pw01sde1001202601040220260802,3歳未勝利,02,（混合）［指定］,,10時30分,牝3,https://www.jra.go.jp/JRADB/accessS.html?CNAME=pw01sde1001202601040220260802%2F34,芝,1:30.4,良,中舘 英二,晴,馬齢,,
462(初出走),55.0,14  14  13,札幌,PASS_HTML,1500,9,pw01dud102023102425/4A,ロックフラワー,6,石川 倭,35.5,アタマ,04,01,12,3歳,未勝利,2026-08-02,pw01sde1001202601040220260802,3歳未勝利,02,（混合）［指定］,,10時30分,牝3,https://www.jra.go.jp/JRADB/accessS.html?CNAME=pw01sde1001202601040220260802%2F34,芝,1:30.4,良,西田 雄一郎,晴,馬齢,,
452(+6),56.0,8  10  8,札幌,PASS_HTML,1500,10,pw01dud102023106742/60,ポセイドンテソーロ,7,☆長浜 鴻緒,36.6,３,04,01,10,3歳,未勝利,2026-08-02,pw01sde1001202601040220260802,3歳未勝利,02,（混合）［指定］,,10時30分,牡3,https://www.jra.go.jp/JRADB/accessS.html?CNAME=pw01sde1001202601040220260802%2F34,芝,1:30.9,良,牧 光二,晴,馬齢,,
482(-2),55.0,3  3  3,札幌,PASS_HTML,1500,11,pw01dud102023106885/2A,アトリ,13,北村 友一,37.1,クビ,04,01,9,3歳,未勝利,2026-08-02,pw01sde1001202601040220260802,3歳未勝利,02,（混合）［指定］,,10時30分,牝3,https://www.jra.go.jp/JRADB/accessS.html?CNAME=pw01sde1001202601040220260802%2F34,芝,1:30.9,良,清水 久詞,晴,馬齢,,
484(0),56.0,8  8  8,札幌,PASS_HTML,1500,12,pw01dud102023101530/5D,ミアエッテ,9,☆舟山 瑠泉,36.9,クビ,04,01,11,3歳,未勝利,2026-08-02,pw01sde1001202601040220260802,3歳未勝利,02,（混合）［指定］,,10時30分,牡3,https://www.jra.go.jp/JRADB/accessS.html?CNAME=pw01sde1001202601040220260802%2F34,芝,1:31.0,良,田中 剛,晴,馬齢,,
430(-4),57.0,4  6  10,札幌,PASS_HTML,1500,13,pw01dud102023104404/95,モンテール,5,横山 琉人,37.0,アタマ,04,01,6,3歳,未勝利,2026-08-02,pw01sde1001202601040220260802,3歳未勝利,02,（混合）［指定］,,10時30分,せん3,https://www.jra.go.jp/JRADB/accessS.html?CNAME=pw01sde1001202601040220260802%2F34,芝,1:31.0,良,栗田 徹,晴,馬齢,,
482(+12),57.0,8  8  14,札幌,PASS_HTML,1500,14,pw01dud102023105042/1A,メイショウタダツグ,14,西塚 洸二,38.3,８,04,01,14,3歳,未勝利,2026-08-02,pw01sde1001202601040220260802,3歳未勝利,02,（混合）［指定］,,10時30分,牡3,https://www.jra.go.jp/JRADB/accessS.html?CNAME=pw01sde1001202601040220260802%2F34,芝,1:32.4,良,藤岡 健一,晴,馬齢,,
470(-4),58.0,2  2  1  1,札幌,PASS_HTML,2600,1,pw01dud102022103070/FA,レイデラティエラ,10,富田 暁,36.4,,04,01,8,3歳以上,1勝クラス,2026-08-02,pw01sde1001202601040420260802,3歳以上1勝クラス,04,（混合）（特指）,,11時30分,牡4,https://www.jra.go.jp/JRADB/accessS.html?CNAME=pw01sde1001202601040420260802%2F9E,芝,2:39.3,良,小崎 憲,晴,定量,,
492(+10),55.0,3  3  2  2,札幌,PASS_HTML,2600,2,pw01dud102023101050/88,クオンタムスター,5,佐々木 大輔,36.7,２,04,01,1,3歳以上,1勝クラス,2026-08-02,pw01sde1001202601040420260802,3歳以上1勝クラス,04,（混合）（特指）,,11時30分,牡3,https://www.jra.go.jp/JRADB/accessS.html?CNAME=pw01sde1001202601040420260802%2F9E,芝,2:39.7,良,堀 宣行,晴,定量,,
436(0),55.0,5  5  4  3,札幌,PASS_HTML,2600,3,pw01dud102023106077/78,タケルフォーカス,6,古川 吉洋,37.2,４,04,01,3,3歳以上,1勝クラス,2026-08-02,pw01sde1001202601040420260802,3歳以上1勝クラス,04,（混合）（特指）,,11時30分,牡3,https://www.jra.go.jp/JRADB/accessS.html?CNAME=pw01sde1001202601040420260802%2F9E,芝,2:40.4,良,四位 洋文,晴,定量,,
502(+6),55.0,3  4  4  3,札幌,PASS_HTML,2600,4,pw01dud102023107050/22,ワンダフルデイズ,2,横山 琉人,37.5,１ 3/4,04,01,2,3歳以上,1勝クラス,2026-08-02,pw01sde1001202601040420260802,3歳以上1勝クラス,04,（混合）（特指）,,11時30分,牡3,https://www.jra.go.jp/JRADB/accessS.html?CNAME=pw01sde1001202601040420260802%2F9E,芝,2:40.7,良,高橋 義忠,晴,定量,,
452(+8),57.0,9  9  8  5,札幌,PASS_HTML,2600,5,pw01dud102020105796/E9,ペリプルス,7,☆舟山 瑠泉,37.2,ハナ,04,01,11,3歳以上,1勝クラス,2026-08-02,pw01sde1001202601040420260802,3歳以上1勝クラス,04,（混合）（特指）,,11時30分,牡6,https://www.jra.go.jp/JRADB/accessS.html?CNAME=pw01sde1001202601040420260802%2F9E,芝,2:40.7,良,室井 潔,晴,定量,,
452(0),58.0,12  12  8  5,札幌,PASS_HTML,2600,6,pw01dud102021102379/1D,テイクザクラウン,12,川又 賢治,37.3,１／２,04,01,5,3歳以上,1勝クラス,2026-08-02,pw01sde1001202601040420260802,3歳以上1勝クラス,04,（混合）（特指）,,11時30分,牡5,https://www.jra.go.jp/JRADB/accessS.html?CNAME=pw01sde1001202601040420260802%2F9E,芝,2:40.8,良,吉村 圭司,晴,定量,,
508(0),55.0,6  6  6  5,札幌,PASS_HTML,2600,7,pw01dud102023104156/38,グランアルト,4,斎藤 新,38.0,３ 1/2,04,01,4,3歳以上,1勝クラス,2026-08-02,pw01sde1001202601040420260802,3歳以上1勝クラス,04,（混合）（特指）,,11時30分,牡3,https://www.jra.go.jp/JRADB/accessS.html?CNAME=pw01sde1001202601040420260802%2F9E,芝,2:41.4,良,斎藤 誠,晴,定量,,
430(+4),56.0,8  8  8  8,札幌,PASS_HTML,2600,8,pw01dud102022104164/D6,サイモンイロハニー,11,小沢 大仁,37.9,アタマ,04,01,7,3歳以上,1勝クラス,2026-08-02,pw01sde1001202601040420260802,3歳以上1勝クラス,04,（混合）（特指）,,11時30分,牝4,https://www.jra.go.jp/JRADB/accessS.html?CNAME=pw01sde1001202601040420260802%2F9E,芝,2:41.4,良,谷 潔,晴,定量,,
498(-8),55.0,9  9  6  8,札幌,PASS_HTML,2600,9,pw01dud102022106180/08,シャインバオバブ,13,▲遠藤 汰月,38.3,１ 3/4,04,01,12,3歳以上,1勝クラス,2026-08-02,pw01sde1001202601040420260802,3歳以上1勝クラス,04,（混合）（特指）,,11時30分,牡4,https://www.jra.go.jp/JRADB/accessS.html?CNAME=pw01sde1001202601040420260802%2F9E,芝,2:41.7,良,本田 優,晴,定量,,
522(+4),54.0,11  11  12  11,札幌,PASS_HTML,2600,10,pw01dud102022102383/07,ニヒトツーゼーア,9,★河原田 菜々,38.2,１ 1/2,04,01,6,3歳以上,1勝クラス,2026-08-02,pw01sde1001202601040420260802,3歳以上1勝クラス,04,（混合）（特指）,,11時30分,牡4,https://www.jra.go.jp/JRADB/accessS.html?CNAME=pw01sde1001202601040420260802%2F9E,芝,2:41.9,良,中竹 和也,晴,定量,,
470(-6),58.0,13  13  11  10,札幌,PASS_HTML,2600,11,pw01dud102022104661/72,ジーティートシオー,3,荻野 琢真,38.8,３,04,01,13,3歳以上,1勝クラス,2026-08-02,pw01sde1001202601040420260802,3歳以上1勝クラス,04,（混合）（特指）,,11時30分,牡4,https://www.jra.go.jp/JRADB/accessS.html?CNAME=pw01sde1001202601040420260802%2F9E,芝,2:42.4,良,西村 真幸,晴,定量,,
442(+22),56.0,1  1  2  12,札幌,PASS_HTML,2600,12,pw01dud102022101425/CF,エナジーショット,1,丹内 祐次,46.5,大差,04,01,9,3歳以上,1勝クラス,2026-08-02,pw01sde1001202601040420260802,3歳以上1勝クラス,04,（混合）（特指）,,11時30分,牝4,https://www.jra.go.jp/JRADB/accessS.html?CNAME=pw01sde1001202601040420260802%2F9E,芝,2:49.5,良,矢嶋 大樹,晴,定量,,
478(+8),55.0,6  6  13  13,札幌,PASS_HTML,2600,13,pw01dud102023103837/F3,ランブリングマン,8,北村 友一,51.3,大差,04,01,10,3歳以上,1勝クラス,2026-08-02,pw01sde1001202601040420260802,3歳以上1勝クラス,04,（混合）（特指）,,11時30分,牡3,https://www.jra.go.jp/JRADB/accessS.html?CNAME=pw01sde1001202601040420260802%2F9E,芝,2:55.8,良,前川 恭子,晴,定量,,
474(初出走),55.0,3  4  3  4,札幌,PASS_HTML,1800,1,pw01dud102024106597/19,ホウオウプレマ,2,池添 謙一,35.3,,04,01,1,2歳,新馬,2026-08-02,pw01sde1001202601040520260802,メイクデビュー札幌,05,[指定],,12時20分,牝2,https://www.jra.go.jp/JRADB/accessS.html?CNAME=pw01sde1001202601040520260802%2F53,芝,1:50.8,良,大竹 正博,晴,馬齢,,
474(初出走),55.0,1  1  1  1,札幌,PASS_HTML,1800,2,pw01dud102024103201/77,ロゼプレミア,7,鮫島 克駿,35.6,３／４,04,01,4,2歳,新馬,2026-08-02,pw01sde1001202601040520260802,メイクデビュー札幌,05,[指定],,12時20分,牡2,https://www.jra.go.jp/JRADB/accessS.html?CNAME=pw01sde1001202601040520260802%2F53,芝,1:50.9,良,東田 明士,晴,馬齢,,
482(初出走),54.0,3  4  6  2,札幌,PASS_HTML,1800,3,pw01dud102024103472/BC,オンザボー,3,☆舟山 瑠泉,35.6,１ 3/4,04,01,3,2歳,新馬,2026-08-02,pw01sde1001202601040520260802,メイクデビュー札幌,05,[指定],,12時20分,牡2,https://www.jra.go.jp/JRADB/accessS.html?CNAME=pw01sde1001202601040520260802%2F53,芝,1:51.2,良,田中 博康,晴,馬齢,,
510(初出走),55.0,8  7  3  2,札幌,PASS_HTML,1800,4,pw01dud102024106558/4C,スワッグウォーク,4,武 豊,36.4,４,04,01,2,2歳,新馬,2026-08-02,pw01sde1001202601040520260802,メイクデビュー札幌,05,[指定],,12時20分,牡2,https://www.jra.go.jp/JRADB/accessS.html?CNAME=pw01sde1001202601040520260802%2F53,芝,1:51.9,良,武 幸四郎,晴,馬齢,,
480(初出走),55.0,9  9  9  9,札幌,PASS_HTML,1800,5,pw01dud102024106823/70,サーギュスターヴ,5,丹内 祐次,35.9,１ 1/4,04,01,9,2歳,新馬,2026-08-02,pw01sde1001202601040520260802,メイクデビュー札幌,05,[指定],,12時20分,牡2,https://www.jra.go.jp/JRADB/accessS.html?CNAME=pw01sde1001202601040520260802%2F53,芝,1:52.1,良,杉浦 宏昭,晴,馬齢,,
468(初出走),55.0,9  9  8  8,札幌,PASS_HTML,1800,6,pw01dud102024106075/1E,デルマハッコウダ,9,落合 玄太,36.2,１,04,01,8,2歳,新馬,2026-08-02,pw01sde1001202601040520260802,メイクデビュー札幌,05,[指定],,12時20分,牡2,https://www.jra.go.jp/JRADB/accessS.html?CNAME=pw01sde1001202601040520260802%2F53,芝,1:52.3,良,天間 昭一,晴,馬齢,,
456(初出走),55.0,6  6  3  6,札幌,PASS_HTML,1800,7,pw01dud102024107200/C0,ジューンガレン,1,浜中 俊,36.8,１／２,04,01,6,2歳,新馬,2026-08-02,pw01sde1001202601040520260802,メイクデビュー札幌,05,[指定],,12時20分,牡2,https://www.jra.go.jp/JRADB/accessS.html?CNAME=pw01sde1001202601040520260802%2F53,芝,1:52.3,良,長谷川 浩大,晴,馬齢,,
410(初出走),55.0,6  8  10  10,札幌,PASS_HTML,1800,8,pw01dud102024106864/23,チャームジュネーヴ,8,原田 和真,36.4,３ 1/2,04,01,10,2歳,新馬,2026-08-02,pw01sde1001202601040520260802,メイクデビュー札幌,05,[指定],,12時20分,牝2,https://www.jra.go.jp/JRADB/accessS.html?CNAME=pw01sde1001202601040520260802%2F53,芝,1:52.9,良,蛯名 利弘,晴,馬齢,,
488(初出走),55.0,2  2  6  6,札幌,PASS_HTML,1800,9,pw01dud102024104957/BF,グラブザクラウン,10,横山 典弘,37.5,１,04,01,7,2歳,新馬,2026-08-02,pw01sde1001202601040520260802,メイクデビュー札幌,05,[指定],,12時20分,牡2,https://www.jra.go.jp/JRADB/accessS.html?CNAME=pw01sde1001202601040520260802%2F53,芝,1:53.1,良,昆 貢,晴,馬齢,,
490(初出走),55.0,3  2  2  5,札幌,PASS_HTML,1800,10,pw01dud102024106074/AB,ボンジュールパリ,6,横山 武史,39.0,８,04,01,5,2歳,新馬,2026-08-02,pw01sde1001202601040520260802,メイクデビュー札幌,05,[指定],,12時20分,牡2,https://www.jra.go.jp/JRADB/accessS.html?CNAME=pw01sde1001202601040520260802%2F53,芝,1:54.4,良,加藤 征弘,晴,馬齢,,
466(+8),54.0,4  4  3  2,札幌,PASS_HTML,2000,1,pw01dud102023105879/F7,ウインベルチェーロ,4,☆長浜 鴻緒,36.1,,04,01,10,3歳,未勝利,2026-08-02,pw01sde1001202601040720260802,3歳未勝利,07,（混合）［指定］,,13時20分,牝3,https://www.jra.go.jp/JRADB/accessS.html?CNAME=pw01sde1001202601040720260802%2FBD,芝,2:00.7,良,手塚 貴久,晴,馬齢,,
408(-8),55.0,10  10  7  4,札幌,PASS_HTML,2000,2,pw01dud102023101938/B9,メイショウローゼ,9,池添 謙一,36.1,３ 1/2,04,01,2,3歳,未勝利,2026-08-02,pw01sde1001202601040720260802,3歳未勝利,07,（混合）［指定］,,13時20分,牝3,https://www.jra.go.jp/JRADB/accessS.html?CNAME=pw01sde1001202601040720260802%2FBD,芝,2:01.3,良,本田 優,晴,馬齢,,
454(+4),54.0,9  9  7  6,札幌,PASS_HTML,2000,3,pw01dud102023102802/95,ヤクジョ,12,▲和田 陽希,36.1,ハナ,04,01,8,3歳,未勝利,2026-08-02,pw01sde1001202601040720260802,3歳未勝利,07,（混合）［指定］,,13時20分,牡3,https://www.jra.go.jp/JRADB/accessS.html?CNAME=pw01sde1001202601040720260802%2FBD,芝,2:01.3,良,松永 康利,晴,馬齢,,
470(0),55.0,7  7  5  4,札幌,PASS_HTML,2000,4,pw01dud102023101812/B6,デイズインザサン,11,佐々木 大輔,36.4,１／２,04,01,9,3歳,未勝利,2026-08-02,pw01sde1001202601040720260802,3歳未勝利,07,（混合）［指定］,,13時20分,牝3,https://www.jra.go.jp/JRADB/accessS.html?CNAME=pw01sde1001202601040720260802%2FBD,芝,2:01.4,良,小野 次郎,晴,馬齢,,
438(-10),52.0,2  2  2  2,札幌,PASS_HTML,2000,5,pw01dud102023102669/B8,ワダツミ,7,▲小林 美駒,37.1,クビ,04,01,4,3歳,未勝利,2026-08-02,pw01sde1001202601040720260802,3歳未勝利,07,（混合）［指定］,,13時20分,牝3,https://www.jra.go.jp/JRADB/accessS.html?CNAME=pw01sde1001202601040720260802%2FBD,芝,2:01.4,良,笹田 和秀,晴,馬齢,,
446(+2),55.0,1  1  1  1,札幌,PASS_HTML,2000,6,pw01dud102023105003/4D,アールグレイ,1,横山 武史,37.7,３,04,01,1,3歳,未勝利,2026-08-02,pw01sde1001202601040720260802,3歳未勝利,07,（混合）［指定］,,13時20分,牝3,https://www.jra.go.jp/JRADB/accessS.html?CNAME=pw01sde1001202601040720260802%2FBD,芝,2:01.9,良,蛯名 正義,晴,馬齢,,
458(+8),57.0,12  12  11  8,札幌,PASS_HTML,2000,7,pw01dud102023103776/8F,フォーティンブラス,10,小沢 大仁,36.4,クビ,04,01,7,3歳,未勝利,2026-08-02,pw01sde1001202601040720260802,3歳未勝利,07,（混合）［指定］,,13時20分,牡3,https://www.jra.go.jp/JRADB/accessS.html?CNAME=pw01sde1001202601040720260802%2FBD,芝,2:02.0,良,池江 泰寿,晴,馬齢,,
480(-2),57.0,7  8  10  10,札幌,PASS_HTML,2000,8,pw01dud102023103196/89,フクチャンブラック,2,松本 大輝,36.8,１ 1/2,04,01,5,3歳,未勝利,2026-08-02,pw01sde1001202601040720260802,3歳未勝利,07,（混合）［指定］,,13時20分,牡3,https://www.jra.go.jp/JRADB/accessS.html?CNAME=pw01sde1001202601040720260802%2FBD,芝,2:02.2,良,高橋 康之,晴,馬齢,,
450(+12),55.0,5  5  5  7,札幌,PASS_HTML,2000,9,pw01dud102023106211/C8,スリールーディカ,8,丹内 祐次,37.3,クビ,04,01,3,3歳,未勝利,2026-08-02,pw01sde1001202601040720260802,3歳未勝利,07,（混合）［指定］,,13時20分,牝3,https://www.jra.go.jp/JRADB/accessS.html?CNAME=pw01sde1001202601040720260802%2FBD,芝,2:02.3,良,橋田 宜長,晴,馬齢,,
480(+12),57.0,10  10  11  11,札幌,PASS_HTML,2000,10,pw01dud102023103601/AF,アイアムコロンブス,3,石川 倭,36.7,クビ,04,01,6,3歳,未勝利,2026-08-02,pw01sde1001202601040720260802,3歳未勝利,07,（混合）［指定］,,13時20分,牡3,https://www.jra.go.jp/JRADB/accessS.html?CNAME=pw01sde1001202601040720260802%2FBD,芝,2:02.3,良,奥平 雅士,晴,馬齢,,
470(0),56.0,2  2  4  8,札幌,PASS_HTML,2000,11,pw01dud102023105044/00,ゴールデンボブ,5,☆舟山 瑠泉,38.9,８,04,01,11,3歳,未勝利,2026-08-02,pw01sde1001202601040720260802,3歳未勝利,07,（混合）［指定］,,13時20分,牡3,https://www.jra.go.jp/JRADB/accessS.html?CNAME=pw01sde1001202601040720260802%2FBD,芝,2:03.6,良,四位 洋文,晴,馬齢,,
454(0),53.0,5  5  7  12,札幌,PASS_HTML,2000,12,pw01dud102023103863/57,デルマアサマ,6,★河原田 菜々,39.4,５,04,01,12,3歳,未勝利,2026-08-02,pw01sde1001202601040720260802,3歳未勝利,07,（混合）［指定］,,13時20分,牡3,https://www.jra.go.jp/JRADB/accessS.html?CNAME=pw01sde1001202601040720260802%2FBD,芝,2:04.5,良,森田 直行,晴,馬齢,,
490(-2),51.0,7  6  7  7,札幌,QUARANTINED_HTML:track_condition,1700,1,pw01dud102023103176/69,セイントホース,10,★河原田 菜々,36.7,,04,01,6.0,3歳以上,1勝クラス,2026-08-02,pw01sde1001202601040620260802,3歳以上1勝クラス,06,（混合）（特指）,,12時50分,牡3,https://www.jra.go.jp/JRADB/accessS.html?CNAME=pw01sde1001202601040620260802%2F08,ダート,1:45.1,,谷 潔,晴,定量,,
494(-2),58.0,6  6  8  7,札幌,QUARANTINED_HTML:track_condition,1700,2,pw01dud102022101255/9D,ステイアンビシャス,1,佐々木 大輔,36.8,１ 1/2,04,01,10.0,3歳以上,1勝クラス,2026-08-02,pw01sde1001202601040620260802,3歳以上1勝クラス,06,（混合）（特指）,,12時50分,牡4,https://www.jra.go.jp/JRADB/accessS.html?CNAME=pw01sde1001202601040620260802%2F08,ダート,1:45.4,,堀内 岳志,晴,定量,,
442(-8),58.0,8  6  2  2,札幌,QUARANTINED_HTML:track_condition,1700,3,pw01dud102022102300/2E,アスクガンバーレ,2,岩田 康誠,37.9,クビ,04,01,5.0,3歳以上,1勝クラス,2026-08-02,pw01sde1001202601040620260802,3歳以上1勝クラス,06,（混合）（特指）,,12時50分,牡4,https://www.jra.go.jp/JRADB/accessS.html?CNAME=pw01sde1001202601040620260802%2F08,ダート,1:45.4,,福永 祐一,晴,定量,,
516(-2),55.0,2  2  1  1,札幌,QUARANTINED_HTML:track_condition,1700,4,pw01dud102023105786/7D,ロードアマルフィ,3,石川 倭,38.0,クビ,04,01,2.0,3歳以上,1勝クラス,2026-08-02,pw01sde1001202601040620260802,3歳以上1勝クラス,06,（混合）（特指）,,12時50分,牡3,https://www.jra.go.jp/JRADB/accessS.html?CNAME=pw01sde1001202601040620260802%2F08,ダート,1:45.5,,中村 直也,晴,定量,,
482(-10),55.0,5  3  5  4,札幌,QUARANTINED_HTML:track_condition,1700,5,pw01dud102023100612/65,タイセイジェイド,8,西村 淳也,37.5,１／２,04,01,3.0,3歳以上,1勝クラス,2026-08-02,pw01sde1001202601040620260802,3歳以上1勝クラス,06,（混合）（特指）,,12時50分,牡3,https://www.jra.go.jp/JRADB/accessS.html?CNAME=pw01sde1001202601040620260802%2F08,ダート,1:45.6,,矢作 芳人,晴,定量,,
460(+10),53.0,3  3  4  4,札幌,QUARANTINED_HTML:track_condition,1700,6,pw01dud102023110034/13,カフジクロミエ,11,古川 吉洋,37.9,１ 3/4,04,01,9.0,3歳以上,1勝クラス,2026-08-02,pw01sde1001202601040620260802,3歳以上1勝クラス,06,（混合）（特指）,,12時50分,牝3,https://www.jra.go.jp/JRADB/accessS.html?CNAME=pw01sde1001202601040620260802%2F08,ダート,1:45.9,,中竹 和也,晴,定量,,
492(-4),58.0,4  3  5  6,札幌,QUARANTINED_HTML:track_condition,1700,7,pw01dud102022100912/6C,ココデイック,5,西塚 洸二,37.7,クビ,04,01,8.0,3歳以上,1勝クラス,2026-08-02,pw01sde1001202601040620260802,3歳以上1勝クラス,06,（混合）（特指）,,12時50分,牡4,https://www.jra.go.jp/JRADB/accessS.html?CNAME=pw01sde1001202601040620260802%2F08,ダート,1:45.9,,藤岡 健一,晴,定量,,
514(+8),55.0,8  9  8  9,札幌,QUARANTINED_HTML:track_condition,1700,8,pw01dud102023102263/42,ステラデルークス,7,横山 武史,37.7,２ 1/2,04,01,4.0,3歳以上,1勝クラス,2026-08-02,pw01sde1001202601040620260802,3歳以上1勝クラス,06,（混合）（特指）,,12時50分,牡3,https://www.jra.go.jp/JRADB/accessS.html?CNAME=pw01sde1001202601040620260802%2F08,ダート,1:46.3,,鈴木 伸尋,晴,定量,,
482(-10),58.0,10  10  10  9,札幌,QUARANTINED_HTML:track_condition,1700,9,pw01dud102022101445/EF,マテンロウカナロア,4,横山 和生,37.8,１ 3/4,04,01,1.0,3歳以上,1勝クラス,2026-08-02,pw01sde1001202601040620260802,3歳以上1勝クラス,06,（混合）（特指）,,12時50分,牡4,https://www.jra.go.jp/JRADB/accessS.html?CNAME=pw01sde1001202601040620260802%2F08,ダート,1:46.6,,野中 賢二,晴,定量,,
534(+2),55.0,1  1  2  2,札幌,QUARANTINED_HTML:track_condition,1700,10,pw01dud102023100953/AB,グランセレスト,6,丹内 祐次,40.3,７,04,01,7.0,3歳以上,1勝クラス,2026-08-02,pw01sde1001202601040620260802,3歳以上1勝クラス,06,（混合）（特指）,,12時50分,牡3,https://www.jra.go.jp/JRADB/accessS.html?CNAME=pw01sde1001202601040620260802%2F08,ダート,1:47.8,,竹内 正洋,晴,定量,,
466(-10),50.0,,札幌,QUARANTINED_HTML:track_condition,1700,除外,pw01dud102023103232/8E,ゼルダ,9,▲和田 陽希,,,04,01,,3歳以上,1勝クラス,2026-08-02,pw01sde1001202601040620260802,3歳以上1勝クラス,06,（混合）（特指）,,12時50分,牝3,https://www.jra.go.jp/JRADB/accessS.html?CNAME=pw01sde1001202601040620260802%2F08,ダート,,,鈴木 孝志,晴,定量,,
484(0),56.0,4  2,札幌,PASS_HTML,1200,1,pw01dud102023100925/61,サトノワーグナー,2,横山 武史,34.5,,04,01,2,3歳以上,1勝クラス,2026-08-02,pw01sde1001202601040820260802,3歳以上1勝クラス,08,（混合）（特指）,,13時50分,牡3,https://www.jra.go.jp/JRADB/accessS.html?CNAME=pw01sde1001202601040820260802%2F72,芝,1:08.9,良,斎藤 誠,晴,定量,,
430(+2),56.0,4  6,札幌,PASS_HTML,1200,2,pw01dud102022105212/C0,エコロハート,1,鮫島 克駿,34.7,２,04,01,7,3歳以上,1勝クラス,2026-08-02,pw01sde1001202601040820260802,3歳以上1勝クラス,08,（混合）（特指）,,13時50分,牝4,https://www.jra.go.jp/JRADB/accessS.html?CNAME=pw01sde1001202601040820260802%2F72,芝,1:09.2,良,須貝 尚介,晴,定量,,
464(-2),58.0,4  5,札幌,PASS_HTML,1200,3,pw01dud102022103991/46,ジーティーエスピ,14,丹内 祐次,35.0,１ 3/4,04,01,1,3歳以上,1勝クラス,2026-08-02,pw01sde1001202601040820260802,3歳以上1勝クラス,08,（混合）（特指）,,13時50分,牡4,https://www.jra.go.jp/JRADB/accessS.html?CNAME=pw01sde1001202601040820260802%2F72,芝,1:09.5,良,中村 直也,晴,定量,,
466(+2),56.0,11  12,札幌,PASS_HTML,1200,4,pw01dud102020100084/F1,レッドカメリア,12,古川 吉洋,34.2,ハナ,04,01,11,3歳以上,1勝クラス,2026-08-02,pw01sde1001202601040820260802,3歳以上1勝クラス,08,（混合）（特指）,,13時50分,牝6,https://www.jra.go.jp/JRADB/accessS.html?CNAME=pw01sde1001202601040820260802%2F72,芝,1:09.5,良,佐藤 吉勝,晴,定量,,
448(+6),54.0,13  14,札幌,PASS_HTML,1200,5,pw01dud102023104875/3C,ダブルチャレンジ,11,吉田 隼人,34.0,アタマ,04,01,5,3歳以上,1勝クラス,2026-08-02,pw01sde1001202601040820260802,3歳以上1勝クラス,08,（混合）（特指）,,13時50分,牝3,https://www.jra.go.jp/JRADB/accessS.html?CNAME=pw01sde1001202601040820260802%2F72,芝,1:09.5,良,深山 雅史,晴,定量,,
472(-10),54.0,2  2,札幌,PASS_HTML,1200,6,pw01dud102023102812/A5,ディーズメンフィス,13,横山 典弘,35.4,１／２,04,01,4,3歳以上,1勝クラス,2026-08-02,pw01sde1001202601040820260802,3歳以上1勝クラス,08,（混合）（特指）,,13時50分,牝3,https://www.jra.go.jp/JRADB/accessS.html?CNAME=pw01sde1001202601040820260802%2F72,芝,1:09.6,良,村田 一誠,晴,定量,,
448(-4),58.0,8  6,札幌,PASS_HTML,1200,7,pw01dud102022101103/36,ザカリナン,5,斎藤 新,34.9,１,04,01,3,3歳以上,1勝クラス,2026-08-02,pw01sde1001202601040820260802,3歳以上1勝クラス,08,（混合）（特指）,,13時50分,牡4,https://www.jra.go.jp/JRADB/accessS.html?CNAME=pw01sde1001202601040820260802%2F72,芝,1:09.8,良,小栗 実,晴,定量,,
446(0),58.0,13  8,札幌,PASS_HTML,1200,8,pw01dud102021103535/62,シャインズオンユー,10,岩田 康誠,34.3,クビ,04,01,9,3歳以上,1勝クラス,2026-08-02,pw01sde1001202601040820260802,3歳以上1勝クラス,08,（混合）（特指）,,13時50分,牡5,https://www.jra.go.jp/JRADB/accessS.html?CNAME=pw01sde1001202601040820260802%2F72,芝,1:09.8,良,藤野 健太,晴,定量,,
480(+2),56.0,2  2,札幌,PASS_HTML,1200,9,pw01dud102021110014/DB,ブライトアゲイン,3,松本 大輝,35.7,１／２,04,01,8,3歳以上,1勝クラス,2026-08-02,pw01sde1001202601040820260802,3歳以上1勝クラス,08,（混合）（特指）,,13時50分,牝5,https://www.jra.go.jp/JRADB/accessS.html?CNAME=pw01sde1001202601040820260802%2F72,芝,1:09.9,良,森 秀行,晴,定量,,
478(-6),56.0,11  12,札幌,PASS_HTML,1200,10,pw01dud102022106016/19,ブライアーヒル,7,横山 琉人,34.6,アタマ,04,01,10,3歳以上,1勝クラス,2026-08-02,pw01sde1001202601040820260802,3歳以上1勝クラス,08,（混合）（特指）,,13時50分,牝4,https://www.jra.go.jp/JRADB/accessS.html?CNAME=pw01sde1001202601040820260802%2F72,芝,1:09.9,良,中尾 秀正,晴,定量,,
494(-2),56.0,8  8,札幌,PASS_HTML,1200,11,pw01dud102023105169/90,アースコーリング,8,落合 玄太,35.0,アタマ,04,01,14,3歳以上,1勝クラス,2026-08-02,pw01sde1001202601040820260802,3歳以上1勝クラス,08,（混合）（特指）,,13時50分,牡3,https://www.jra.go.jp/JRADB/accessS.html?CNAME=pw01sde1001202601040820260802%2F72,芝,1:09.9,良,五十嵐 冬樹,晴,定量,,
496(+8),56.0,1  1,札幌,PASS_HTML,1200,12,pw01dud102023105797/00,ロードクラシコ,6,佐々木 大輔,35.9,１ 1/4,04,01,6,3歳以上,1勝クラス,2026-08-02,pw01sde1001202601040820260802,3歳以上1勝クラス,08,（混合）（特指）,,13時50分,牡3,https://www.jra.go.jp/JRADB/accessS.html?CNAME=pw01sde1001202601040820260802%2F72,芝,1:10.1,良,斎藤 誠,晴,定量,,
476(-4),56.0,10  8,札幌,PASS_HTML,1200,13,pw01dud102023102972/36,グレートスティック,4,石川 倭,35.3,１ 1/4,04,01,13,3歳以上,1勝クラス,2026-08-02,pw01sde1001202601040820260802,3歳以上1勝クラス,08,（混合）（特指）,,13時50分,牡3,https://www.jra.go.jp/JRADB/accessS.html?CNAME=pw01sde1001202601040820260802%2F72,芝,1:10.3,良,小国 博行,晴,定量,,
448(-4),53.0,7  8,札幌,PASS_HTML,1200,14,pw01dud102021102433/5C,アートフォーム,9,▲和田 陽希,35.6,クビ,04,01,12,3歳以上,1勝クラス,2026-08-02,pw01sde1001202601040820260802,3歳以上1勝クラス,08,（混合）（特指）,,13時50分,牝5,https://www.jra.go.jp/JRADB/accessS.html?CNAME=pw01sde1001202601040820260802%2F72,芝,1:10.4,良,畑端 省吾,晴,定量,,
528(0),58.0,6  6  3  3,札幌,QUARANTINED_HTML:track_condition,1700,1,pw01dud102022104865/A0,ヘニーガイスト,8,横山 武史,36.2,,04,01,1,3歳以上,3勝クラス,2026-08-02,pw01sde1001202601041020260802,ポプラステークス,10,（混合）（特指）,,14時50分,牡4,https://www.jra.go.jp/JRADB/accessS.html?CNAME=pw01sde1001202601041020260802%2F1C,ダート,1:44.6,,加藤 征弘,晴,定量,,
486(+2),58.0,9  9  7  7,札幌,QUARANTINED_HTML:track_condition,1700,2,pw01dud102022105823/69,サムシャイン,1,横山 和生,36.0,１ 3/4,04,01,2,3歳以上,3勝クラス,2026-08-02,pw01sde1001202601041020260802,ポプラステークス,10,（混合）（特指）,,14時50分,牡4,https://www.jra.go.jp/JRADB/accessS.html?CNAME=pw01sde1001202601041020260802%2F1C,ダート,1:44.9,,鈴木 慎太郎,晴,定量,,
516(0),58.0,5  4  3  5,札幌,QUARANTINED_HTML:track_condition,1700,3,pw01dud102021103502/D9,アイウィル,9,丹内 祐次,36.7,１ 1/4,04,01,6,3歳以上,3勝クラス,2026-08-02,pw01sde1001202601041020260802,ポプラステークス,10,（混合）（特指）,,14時50分,牡5,https://www.jra.go.jp/JRADB/accessS.html?CNAME=pw01sde1001202601041020260802%2F1C,ダート,1:45.1,,高木 登,晴,定量,,
484(+6),55.0,6  6  7  7,札幌,QUARANTINED_HTML:track_condition,1700,4,pw01dud102023104414/A5,シーズザスローン,5,武 豊,36.9,３ 1/2,04,01,4,3歳以上,3勝クラス,2026-08-02,pw01sde1001202601041020260802,ポプラステークス,10,（混合）（特指）,,14時50分,牡3,https://www.jra.go.jp/JRADB/accessS.html?CNAME=pw01sde1001202601041020260802%2F1C,ダート,1:45.7,,松永 幹夫,晴,定量,,
512(+4),55.0,8  8  3  5,札幌,QUARANTINED_HTML:track_condition,1700,5,pw01dud102023105351/4A,チャーリー,6,岩田 康誠,37.2,ハナ,04,01,3,3歳以上,3勝クラス,2026-08-02,pw01sde1001202601041020260802,ポプラステークス,10,（混合）（特指）,,14時50分,牡3,https://www.jra.go.jp/JRADB/accessS.html?CNAME=pw01sde1001202601041020260802%2F1C,ダート,1:45.7,,奥村 武,晴,定量,,
512(+4),56.0,2  2  2  2,札幌,QUARANTINED_HTML:track_condition,1700,6,pw01dud102020102187/59,スマートケープ,4,西塚 洸二,37.6,１ 1/4,04,01,9,3歳以上,3勝クラス,2026-08-02,pw01sde1001202601041020260802,ポプラステークス,10,（混合）（特指）,,14時50分,牝6,https://www.jra.go.jp/JRADB/accessS.html?CNAME=pw01sde1001202601041020260802%2F1C,ダート,1:45.9,,辻野 泰之,晴,定量,,
510(+6),58.0,1  1  1  1,札幌,QUARANTINED_HTML:track_condition,1700,7,pw01dud102022102735/61,スマートカイロス,7,古川 奈穂,38.3,３,04,01,5,3歳以上,3勝クラス,2026-08-02,pw01sde1001202601041020260802,ポプラステークス,10,（混合）（特指）,,14時50分,牡4,https://www.jra.go.jp/JRADB/accessS.html?CNAME=pw01sde1001202601041020260802%2F1C,ダート,1:46.4,,矢作 芳人,晴,定量,,
506(+10),58.0,10  10  9  9,札幌,QUARANTINED_HTML:track_condition,1700,8,pw01dud102019102983/96,キュールエフウジン,2,横山 琉人,37.6,２ 1/2,04,01,10,3歳以上,3勝クラス,2026-08-02,pw01sde1001202601041020260802,ポプラステークス,10,（混合）（特指）,,14時50分,牡7,https://www.jra.go.jp/JRADB/accessS.html?CNAME=pw01sde1001202601041020260802%2F1C,ダート,1:46.8,,中尾 秀正,晴,定量,,
496(+2),53.0,2  3  3  3,札幌,QUARANTINED_HTML:track_condition,1700,9,pw01dud102023103822/A4,フルールドール,10,北村 友一,38.4,ハナ,04,01,8,3歳以上,3勝クラス,2026-08-02,pw01sde1001202601041020260802,ポプラステークス,10,（混合）（特指）,,14時50分,牝3,https://www.jra.go.jp/JRADB/accessS.html?CNAME=pw01sde1001202601041020260802%2F1C,ダート,1:46.8,,藤原 英昭,晴,定量,,
528(-4),58.0,4  4  9  10,札幌,QUARANTINED_HTML:track_condition,1700,10,pw01dud102021101045/9F,タイセイミッション,3,黛 弘人,38.1,３,04,01,7,3歳以上,3勝クラス,2026-08-02,pw01sde1001202601041020260802,ポプラステークス,10,（混合）（特指）,,14時50分,せん5,https://www.jra.go.jp/JRADB/accessS.html?CNAME=pw01sde1001202601041020260802%2F1C,ダート,1:47.3,,伊藤 圭三,晴,定量,,
506(0),58.0,4  4,札幌,PASS_HTML,1200,1,pw01dud102022110093/74,マテンロウサン,5,横山 典弘,34.5,,04,01,2,3歳以上,2勝クラス,2026-08-02,pw01sde1001202601041220260802,苫小牧特別,12,（混合）［指定］,,16時01分,牡4,https://www.jra.go.jp/JRADB/accessS.html?CNAME=pw01sde1001202601041220260802%2F86,芝,1:09.3,良,昆 貢,晴,定量,,
464(+6),56.0,10  9,札幌,PASS_HTML,1200,2,pw01dud102023106190/A4,デンプシー,2,舟山 瑠泉,33.9,１／２,04,01,1,3歳以上,2勝クラス,2026-08-02,pw01sde1001202601041220260802,苫小牧特別,12,（混合）［指定］,,16時01分,牡3,https://www.jra.go.jp/JRADB/accessS.html?CNAME=pw01sde1001202601041220260802%2F86,芝,1:09.3,良,上原 佑紀,晴,定量,,
446(-4),58.0,7  6,札幌,PASS_HTML,1200,3,pw01dud102019101643/D4,バシレウスシチー,11,小沢 大仁,34.2,クビ,04,01,13,3歳以上,2勝クラス,2026-08-02,pw01sde1001202601041220260802,苫小牧特別,12,（混合）［指定］,,16時01分,牡7,https://www.jra.go.jp/JRADB/accessS.html?CNAME=pw01sde1001202601041220260802%2F86,芝,1:09.4,良,岡田 稲男,晴,定量,,
456(-4),56.0,1  1,札幌,PASS_HTML,1200,4,pw01dud102020102050/D3,サンポーニャ,12,佐々木 大輔,35.2,１ 1/4,04,01,11,3歳以上,2勝クラス,2026-08-02,pw01sde1001202601041220260802,苫小牧特別,12,（混合）［指定］,,16時01分,牝6,https://www.jra.go.jp/JRADB/accessS.html?CNAME=pw01sde1001202601041220260802%2F86,芝,1:09.6,良,池江 泰寿,晴,定量,,
486(+6),58.0,5  4,札幌,PASS_HTML,1200,5,pw01dud102022102594/EC,ミキノバカラ,14,西塚 洸二,34.7,クビ,04,01,5,3歳以上,2勝クラス,2026-08-02,pw01sde1001202601041220260802,苫小牧特別,12,（混合）［指定］,,16時01分,牡4,https://www.jra.go.jp/JRADB/accessS.html?CNAME=pw01sde1001202601041220260802%2F86,芝,1:09.6,良,大橋 勇樹,晴,定量,,
516(-12),56.0,2  2,札幌,PASS_HTML,1200,6,pw01dud102022106389/75,ベルビースタローン,10,小林 美駒,34.9,クビ,04,01,4,3歳以上,2勝クラス,2026-08-02,pw01sde1001202601041220260802,苫小牧特別,12,（混合）［指定］,,16時01分,牝4,https://www.jra.go.jp/JRADB/accessS.html?CNAME=pw01sde1001202601041220260802%2F86,芝,1:09.6,良,戸田 博文,晴,定量,,
436(-6),56.0,13  13,札幌,PASS_HTML,1200,7,pw01dud102020103632/AE,スイミーユニバンス,13,鮫島 克駿,34.0,ハナ,04,01,9,3歳以上,2勝クラス,2026-08-02,pw01sde1001202601041220260802,苫小牧特別,12,（混合）［指定］,,16時01分,牝6,https://www.jra.go.jp/JRADB/accessS.html?CNAME=pw01sde1001202601041220260802%2F86,芝,1:09.6,良,平田 修,晴,定量,,
460(+2),58.0,10  9,札幌,PASS_HTML,1200,8,pw01dud102021100365/63,トウカイエルデ,1,岩田 康誠,34.2,ハナ,04,01,6,3歳以上,2勝クラス,2026-08-02,pw01sde1001202601041220260802,苫小牧特別,12,（混合）［指定］,,16時01分,牡5,https://www.jra.go.jp/JRADB/accessS.html?CNAME=pw01sde1001202601041220260802%2F86,芝,1:09.6,良,茶木 太樹,晴,定量,,
414(-10),56.0,10  9,札幌,PASS_HTML,1200,9,pw01dud102020106821/5A,ピースフルナイト,9,斎藤 新,34.5,１ 3/4,04,01,14,3歳以上,2勝クラス,2026-08-02,pw01sde1001202601041220260802,苫小牧特別,12,（混合）［指定］,,16時01分,牝6,https://www.jra.go.jp/JRADB/accessS.html?CNAME=pw01sde1001202601041220260802%2F86,芝,1:09.9,良,畑端 省吾,晴,定量,,
430(-12),56.0,5  6,札幌,PASS_HTML,1200,10,pw01dud102022106351/AD,ベビーズブレス,8,西村 淳也,35.1,クビ,04,01,8,3歳以上,2勝クラス,2026-08-02,pw01sde1001202601041220260802,苫小牧特別,12,（混合）［指定］,,16時01分,牝4,https://www.jra.go.jp/JRADB/accessS.html?CNAME=pw01sde1001202601041220260802%2F86,芝,1:10.0,良,千田 輝彦,晴,定量,,
450(+2),56.0,7  9,札幌,PASS_HTML,1200,11,pw01dud102022103527/C4,ライツユーアップ,7,丹内 祐次,34.9,１／２,04,01,12,3歳以上,2勝クラス,2026-08-02,pw01sde1001202601041220260802,苫小牧特別,12,（混合）［指定］,,16時01分,牝4,https://www.jra.go.jp/JRADB/accessS.html?CNAME=pw01sde1001202601041220260802%2F86,芝,1:10.1,良,角田 晃一,晴,定量,,
474(+14),56.0,13  14,札幌,PASS_HTML,1200,12,pw01dud102021110119/4B,サンドロナイト,3,北村 友一,34.4,クビ,04,01,10,3歳以上,2勝クラス,2026-08-02,pw01sde1001202601041220260802,苫小牧特別,12,（混合）［指定］,,16時01分,牝5,https://www.jra.go.jp/JRADB/accessS.html?CNAME=pw01sde1001202601041220260802%2F86,芝,1:10.1,良,茶木 太樹,晴,定量,,
424(0),56.0,2  2,札幌,PASS_HTML,1200,13,pw01dud102021104210/5F,ニホンピロトッティ,6,浜中 俊,35.5,クビ,04,01,3,3歳以上,2勝クラス,2026-08-02,pw01sde1001202601041220260802,苫小牧特別,12,（混合）［指定］,,16時01分,牝5,https://www.jra.go.jp/JRADB/accessS.html?CNAME=pw01sde1001202601041220260802%2F86,芝,1:10.1,良,緒方 努,晴,定量,,
456(-8),56.0,7  6,札幌,PASS_HTML,1200,14,pw01dud102023102440/2B,ホウオウヘッセン,4,横山 武史,35.1,３／４,04,01,7,3歳以上,2勝クラス,2026-08-02,pw01sde1001202601041220260802,苫小牧特別,12,（混合）［指定］,,16時01分,牡3,https://www.jra.go.jp/JRADB/accessS.html?CNAME=pw01sde1001202601041220260802%2F86,芝,1:10.2,良,田島 俊明,晴,定量,,
522(+4),58.0,3  2,札幌,QUARANTINED_HTML:track_condition,1000,1,pw01dud102022103183/94,アイアムイチバン,8,丹内 祐次,35.3,,04,01,7,3歳以上,2勝クラス,2026-08-02,pw01sde1001202601040920260802,3歳以上2勝クラス,09,（混合）［指定］,,14時20分,牡4,https://www.jra.go.jp/JRADB/accessS.html?CNAME=pw01sde1001202601040920260802%2F27,ダート,0:58.3,,奥平 雅士,晴,定量,,
536(-2),56.0,9  6,札幌,QUARANTINED_HTML:track_condition,1000,2,pw01dud102022102427/A4,パールフロント,5,武 豊,34.9,１ 3/4,04,01,1,3歳以上,2勝クラス,2026-08-02,pw01sde1001202601040920260802,3歳以上2勝クラス,09,（混合）［指定］,,14時20分,牝4,https://www.jra.go.jp/JRADB/accessS.html?CNAME=pw01sde1001202601040920260802%2F27,ダート,0:58.6,,寺島 良,晴,定量,,
460(-2),56.0,12  9,札幌,QUARANTINED_HTML:track_condition,1000,3,pw01dud102022103857/87,クインズシフォン,10,小沢 大仁,34.3,１,04,01,10,3歳以上,2勝クラス,2026-08-02,pw01sde1001202601040920260802,3歳以上2勝クラス,09,（混合）［指定］,,14時20分,牝4,https://www.jra.go.jp/JRADB/accessS.html?CNAME=pw01sde1001202601040920260802%2F27,ダート,0:58.8,,和田 正一郎,晴,定量,,
506(+10),58.0,7  6,札幌,QUARANTINED_HTML:track_condition,1000,4,pw01dud102022100729/3F,ビーマックス,12,浜中 俊,35.5,１,04,01,5,3歳以上,2勝クラス,2026-08-02,pw01sde1001202601040920260802,3歳以上2勝クラス,09,（混合）［指定］,,14時20分,牡4,https://www.jra.go.jp/JRADB/accessS.html?CNAME=pw01sde1001202601040920260802%2F27,ダート,0:58.9,,藤野 健太,晴,定量,,
450(+8),54.0,1  1,札幌,QUARANTINED_HTML:track_condition,1000,5,pw01dud102023107523/40,デアプリームス,2,横山 武史,36.1,クビ,04,01,3,3歳以上,2勝クラス,2026-08-02,pw01sde1001202601040920260802,3歳以上2勝クラス,09,（混合）［指定］,,14時20分,牝3,https://www.jra.go.jp/JRADB/accessS.html?CNAME=pw01sde1001202601040920260802%2F27,ダート,0:59.0,,田島 俊明,晴,定量,,
460(0),56.0,11  9,札幌,QUARANTINED_HTML:track_condition,1000,6,pw01dud102021103242/86,ジーベック,11,◇古川 奈穂,35.0,１,04,01,8,3歳以上,2勝クラス,2026-08-02,pw01sde1001202601040920260802,3歳以上2勝クラス,09,（混合）［指定］,,14時20分,牡5,https://www.jra.go.jp/JRADB/accessS.html?CNAME=pw01sde1001202601040920260802%2F27,ダート,0:59.2,,矢作 芳人,晴,定量,,
454(+4),56.0,9  8,札幌,QUARANTINED_HTML:track_condition,1000,7,pw01dud102021100662/9D,ベニシア,4,原田 和真,36.1,３ 1/2,04,01,12,3歳以上,2勝クラス,2026-08-02,pw01sde1001202601040920260802,3歳以上2勝クラス,09,（混合）［指定］,,14時20分,牝5,https://www.jra.go.jp/JRADB/accessS.html?CNAME=pw01sde1001202601040920260802%2F27,ダート,0:59.8,,粕谷 昌央,晴,定量,,
478(-2),55.0,2  3,札幌,QUARANTINED_HTML:track_condition,1000,8,pw01dud102022104394/68,ヒットミー,1,☆長浜 鴻緒,37.0,１／２,04,01,4,3歳以上,2勝クラス,2026-08-02,pw01sde1001202601040920260802,3歳以上2勝クラス,09,（混合）［指定］,,14時20分,牝4,https://www.jra.go.jp/JRADB/accessS.html?CNAME=pw01sde1001202601040920260802%2F27,ダート,0:59.9,,鹿戸 雄一,晴,定量,,
480(0),55.0,3  4,札幌,QUARANTINED_HTML:track_condition,1000,9,pw01dud102022110087/30,ララアヴリル,7,▲小林 美駒,37.4,３,04,01,6,3歳以上,2勝クラス,2026-08-02,pw01sde1001202601040920260802,3歳以上2勝クラス,09,（混合）［指定］,,14時20分,せん4,https://www.jra.go.jp/JRADB/accessS.html?CNAME=pw01sde1001202601040920260802%2F27,ダート,1:00.4,,坂口 智康,晴,定量,,
462(0),52.0,7  9,札幌,QUARANTINED_HTML:track_condition,1000,10,pw01dud102021103748/2D,サベージラヴ,9,★河原田 菜々,37.2,１,04,01,9,3歳以上,2勝クラス,2026-08-02,pw01sde1001202601040920260802,3歳以上2勝クラス,09,（混合）［指定］,,14時20分,牝5,https://www.jra.go.jp/JRADB/accessS.html?CNAME=pw01sde1001202601040920260802%2F27,ダート,1:00.6,,伊藤 圭三,晴,定量,,
440(+2),56.0,3  4,札幌,QUARANTINED_HTML:track_condition,1000,11,pw01dud102023105661/ED,ストロングボンド,6,石川 倭,37.7,１／２,04,01,11,3歳以上,2勝クラス,2026-08-02,pw01sde1001202601040920260802,3歳以上2勝クラス,09,（混合）［指定］,,14時20分,せん3,https://www.jra.go.jp/JRADB/accessS.html?CNAME=pw01sde1001202601040920260802%2F27,ダート,1:00.7,,菊川 正達,晴,定量,,
470(-4),51.0,6  12,札幌,QUARANTINED_HTML:track_condition,1000,12,pw01dud102023103625/9B,エコロレバン,3,▲和田 陽希,38.1,４,04,01,2,3歳以上,2勝クラス,2026-08-02,pw01sde1001202601040920260802,3歳以上2勝クラス,09,（混合）［指定］,,14時20分,牝3,https://www.jra.go.jp/JRADB/accessS.html?CNAME=pw01sde1001202601040920260802%2F27,ダート,1:01.4,,大久保 龍志,晴,定量,,
458(-4),55.0,11  11  10  4,札幌,PASS_HTML,1800,1,pw01dud102020101607/DF,ココナッツブラウン,7,北村 友一,34.1,,04,01,1,3歳以上,オープン,2026-08-02,pw01sde1001202601041120260802,北海道新聞杯クイーンステークス,11,（国際）牝（特指）,108,15時25分,牝6,https://www.jra.go.jp/JRADB/accessS.html?CNAME=pw01sde1001202601041120260802%2FD1,芝,1:46.1,良,上村 洋行,晴,別定,,
468(-4),56.0,9  9  8  9,札幌,PASS_HTML,1800,2,pw01dud102021106823/CC,コガネノソラ,11,丹内 祐次,34.4,３／４,04,01,3,3歳以上,オープン,2026-08-02,pw01sde1001202601041120260802,北海道新聞杯クイーンステークス,11,（国際）牝（特指）,108,15時25分,牝5,https://www.jra.go.jp/JRADB/accessS.html?CNAME=pw01sde1001202601041120260802%2FD1,芝,1:46.2,良,菊沢 隆徳,晴,別定,,
498(+2),55.0,2  2  2  2,札幌,PASS_HTML,1800,3,pw01dud102022104617/D4,ヴーレヴー,14,横山 典弘,35.0,クビ,04,01,4,3歳以上,オープン,2026-08-02,pw01sde1001202601041120260802,北海道新聞杯クイーンステークス,11,（国際）牝（特指）,106,15時25分,牝4,https://www.jra.go.jp/JRADB/accessS.html?CNAME=pw01sde1001202601041120260802%2FD1,芝,1:46.2,良,武 幸四郎,晴,別定,,
472(+2),55.0,1  1  1  1,札幌,PASS_HTML,1800,4,pw01dud102022103205/2B,エリカエクスプレス,9,武 豊,35.2,１／２,04,01,2,3歳以上,オープン,2026-08-02,pw01sde1001202601041120260802,北海道新聞杯クイーンステークス,11,（国際）牝（特指）,105,15時25分,牝4,https://www.jra.go.jp/JRADB/accessS.html?CNAME=pw01sde1001202601041120260802%2FD1,芝,1:46.3,良,杉山 晴紀,晴,別定,,
470(0),55.0,9  9  10  9,札幌,PASS_HTML,1800,5,pw01dud102021101485/A3,カテリーナ,3,浜中 俊,34.6,１ 3/4,04,01,10,3歳以上,オープン,2026-08-02,pw01sde1001202601041120260802,北海道新聞杯クイーンステークス,11,（国際）牝（特指）,102,15時25分,牝5,https://www.jra.go.jp/JRADB/accessS.html?CNAME=pw01sde1001202601041120260802%2FD1,芝,1:46.6,良,田中 克典,晴,別定,,
438(-4),55.0,3  4  4  3,札幌,PASS_HTML,1800,6,pw01dud102022105157/0E,ルージュソリテール,13,西塚 洸二,35.3,１／２,04,01,9,3歳以上,オープン,2026-08-02,pw01sde1001202601041120260802,北海道新聞杯クイーンステークス,11,（国際）牝（特指）,101,15時25分,牝4,https://www.jra.go.jp/JRADB/accessS.html?CNAME=pw01sde1001202601041120260802%2FD1,芝,1:46.7,良,藤原 英昭,晴,別定,,
472(0),55.0,7  7  7  7,札幌,PASS_HTML,1800,7,pw01dud102021103519/0E,リラボニート,4,鮫島 克駿,35.2,１ 1/4,04,01,11,3歳以上,オープン,2026-08-02,pw01sde1001202601041120260802,北海道新聞杯クイーンステークス,11,（国際）牝（特指）,99,15時25分,牝5,https://www.jra.go.jp/JRADB/accessS.html?CNAME=pw01sde1001202601041120260802%2FD1,芝,1:46.9,良,須貝 尚介,晴,別定,,
462(+10),57.0,13  12  12  9,札幌,PASS_HTML,1800,8,pw01dud102022102296/3F,ケリフレッドアスク,2,横山 武史,34.7,１／２,04,01,5,3歳以上,オープン,2026-08-02,pw01sde1001202601041120260802,北海道新聞杯クイーンステークス,11,（国際）牝（特指）,102,15時25分,牝4,https://www.jra.go.jp/JRADB/accessS.html?CNAME=pw01sde1001202601041120260802%2FD1,芝,1:47.0,良,藤原 英昭,晴,別定,,
474(+8),55.0,3  5  5  4,札幌,PASS_HTML,1800,9,pw01dud102021105738/FB,アンゴラブラック,5,岩田 康誠,35.4,クビ,04,01,6,3歳以上,オープン,2026-08-02,pw01sde1001202601041120260802,北海道新聞杯クイーンステークス,11,（国際）牝（特指）,98,15時25分,牝5,https://www.jra.go.jp/JRADB/accessS.html?CNAME=pw01sde1001202601041120260802%2FD1,芝,1:47.0,良,尾関 知人,晴,別定,,
464(+14),55.0,11  12  12  13,札幌,PASS_HTML,1800,10,pw01dud102021107179/66,ボンドガール,12,佐々木 大輔,34.7,クビ,04,01,8,3歳以上,オープン,2026-08-02,pw01sde1001202601041120260802,北海道新聞杯クイーンステークス,11,（国際）牝（特指）,97,15時25分,牝5,https://www.jra.go.jp/JRADB/accessS.html?CNAME=pw01sde1001202601041120260802%2FD1,芝,1:47.1,良,手塚 貴久,晴,別定,,
448(-2),56.0,13  14  14  14,札幌,PASS_HTML,1800,11,pw01dud102022101250/5E,クリノメイ,6,富田 暁,35.0,２ 1/2,04,01,14,3歳以上,オープン,2026-08-02,pw01sde1001202601041120260802,北海道新聞杯クイーンステークス,11,（国際）牝（特指）,95,15時25分,牝4,https://www.jra.go.jp/JRADB/accessS.html?CNAME=pw01sde1001202601041120260802%2FD1,芝,1:47.5,良,須貝 尚介,晴,別定,,
500(+8),55.0,7  7  8  9,札幌,PASS_HTML,1800,12,pw01dud102021105581/C4,フレミングフープ,1,吉田 隼人,35.8,３／４,04,01,12,3歳以上,オープン,2026-08-02,pw01sde1001202601041120260802,北海道新聞杯クイーンステークス,11,（国際）牝（特指）,92,15時25分,牝5,https://www.jra.go.jp/JRADB/accessS.html?CNAME=pw01sde1001202601041120260802%2FD1,芝,1:47.6,良,友道 康夫,晴,別定,,
512(0),55.0,3  3  2  4,札幌,PASS_HTML,1800,13,pw01dud102021105442/C6,エラトー,8,舟山 瑠泉,36.5,３／４,04,01,13,3歳以上,オープン,2026-08-02,pw01sde1001202601041120260802,北海道新聞杯クイーンステークス,11,（国際）牝（特指）,91,15時25分,牝5,https://www.jra.go.jp/JRADB/accessS.html?CNAME=pw01sde1001202601041120260802%2FD1,芝,1:47.8,良,上村 洋行,晴,別定,,
466(+18),52.0,6  5  5  7,札幌,PASS_HTML,1800,14,pw01dud102023107265/D3,フェスティバルヒル,10,西村 淳也,37.8,９,04,01,7,3歳以上,オープン,2026-08-02,pw01sde1001202601041120260802,北海道新聞杯クイーンステークス,11,（国際）牝（特指）,75,15時25分,牝3,https://www.jra.go.jp/JRADB/accessS.html?CNAME=pw01sde1001202601041120260802%2FD1,芝,1:49.3,良,四位 洋文,晴,別定,,
432(0),53.0,,新潟,PASS_HTML,1000,1,pw01dud102024106882/5D,エストレアボニータ,10,△石神 深道,34.0,,03,02,1,2歳,未勝利,2026-08-01,pw01sde1004202602030120260801,2歳未勝利,01,[指定],,9時50分,牝2,https://www.jra.go.jp/JRADB/accessS.html?CNAME=pw01sde1004202602030120260801%2F5E,芝,0:57.0,良,武井 亮,曇,馬齢,,
434(+2),53.0,,新潟,PASS_HTML,1000,2,pw01dud102024104566/98,フォーエバーブルー,4,◇今村 聖奈,33.3,アタマ,03,02,5,2歳,未勝利,2026-08-01,pw01sde1004202602030120260801,2歳未勝利,01,[指定],,9時50分,牝2,https://www.jra.go.jp/JRADB/accessS.html?CNAME=pw01sde1004202602030120260801%2F5E,芝,0:57.0,良,杉浦 宏昭,曇,馬齢,,
438(+4),55.0,,新潟,PASS_HTML,1000,3,pw01dud102024102843/D4,ドリームユー,7,杉原 誠人,34.3,３／４,03,02,7,2歳,未勝利,2026-08-01,pw01sde1004202602030120260801,2歳未勝利,01,[指定],,9時50分,牝2,https://www.jra.go.jp/JRADB/accessS.html?CNAME=pw01sde1004202602030120260801%2F5E,芝,0:57.2,良,西田 雄一郎,曇,馬齢,,
438(0),55.0,,新潟,PASS_HTML,1000,4,pw01dud102024105501/E8,サザンキンレンカ,5,丸山 元気,34.0,アタマ,03,02,9,2歳,未勝利,2026-08-01,pw01sde1004202602030120260801,2歳未勝利,01,[指定],,9時50分,牝2,https://www.jra.go.jp/JRADB/accessS.html?CNAME=pw01sde1004202602030120260801%2F5E,芝,0:57.2,良,畠山 吉宏,曇,馬齢,,
432(-8),55.0,,新潟,PASS_HTML,1000,5,pw01dud102024103348/0D,クールストラッチン,8,菊沢 一樹,34.4,ハナ,03,02,2,2歳,未勝利,2026-08-01,pw01sde1004202602030120260801,2歳未勝利,01,[指定],,9時50分,牝2,https://www.jra.go.jp/JRADB/accessS.html?CNAME=pw01sde1004202602030120260801%2F5E,芝,0:57.2,良,田島 俊明,曇,馬齢,,
434(-4),55.0,,新潟,PASS_HTML,1000,6,pw01dud102024102436/59,コスモルトチェコ,2,丸田 恭介,33.6,クビ,03,02,10,2歳,未勝利,2026-08-01,pw01sde1004202602030120260801,2歳未勝利,01,[指定],,9時50分,牡2,https://www.jra.go.jp/JRADB/accessS.html?CNAME=pw01sde1004202602030120260801%2F5E,芝,0:57.2,良,石栗 龍彦,曇,馬齢,,
398(-6),55.0,,新潟,PASS_HTML,1000,7,pw01dud102024102846/2D,スペシャルサンクス,9,嶋田 純次,34.0,１／２,03,02,3,2歳,未勝利,2026-08-01,pw01sde1004202602030120260801,2歳未勝利,01,[指定],,9時50分,牝2,https://www.jra.go.jp/JRADB/accessS.html?CNAME=pw01sde1004202602030120260801%2F5E,芝,0:57.3,良,矢嶋 大樹,曇,馬齢,,
502(+2),55.0,,新潟,PASS_HTML,1000,8,pw01dud102024104690/47,ブレイヴアーサー,6,三浦 皇成,34.0,クビ,03,02,6,2歳,未勝利,2026-08-01,pw01sde1004202602030120260801,2歳未勝利,01,[指定],,9時50分,牡2,https://www.jra.go.jp/JRADB/accessS.html?CNAME=pw01sde1004202602030120260801%2F5E,芝,0:57.4,良,奥平 雅士,曇,馬齢,,
434(0),55.0,,新潟,PASS_HTML,1000,9,pw01dud102024102463/30,エレガントステップ,3,柴田 大知,34.5,ハナ,03,02,11,2歳,未勝利,2026-08-01,pw01sde1004202602030120260801,2歳未勝利,01,[指定],,9時50分,牝2,https://www.jra.go.jp/JRADB/accessS.html?CNAME=pw01sde1004202602030120260801%2F5E,芝,0:57.4,良,粕谷 昌央,曇,馬齢,,
442(+2),52.0,,新潟,PASS_HTML,1000,10,pw01dud102024103170/43,エバーメテオ,11,▲上里 直汰,34.0,クビ,03,02,8,2歳,未勝利,2026-08-01,pw01sde1004202602030120260801,2歳未勝利,01,[指定],,9時50分,牡2,https://www.jra.go.jp/JRADB/accessS.html?CNAME=pw01sde1004202602030120260801%2F5E,芝,0:57.5,良,和田 正一郎,曇,馬齢,,
464(+6),55.0,,新潟,PASS_HTML,1000,11,pw01dud102024102927/B1,セイリュウ,1,木幡 巧也,34.1,１／２,03,02,4,2歳,未勝利,2026-08-01,pw01sde1004202602030120260801,2歳未勝利,01,[指定],,9時50分,牡2,https://www.jra.go.jp/JRADB/accessS.html?CNAME=pw01sde1004202602030120260801%2F5E,芝,0:57.6,良,高木 登,曇,馬齢,,
488(初出走),55.0,2  2,新潟,PASS_HTML,1800,1,pw01dud102024106175/4F,ホウオウモノポリー,3,戸崎 圭太,33.3,,03,02,1,2歳,新馬,2026-08-01,pw01sde1004202602030220260801,メイクデビュー新潟,02,（混合）［指定］,,10時20分,牡2,https://www.jra.go.jp/JRADB/accessS.html?CNAME=pw01sde1004202602030220260801%2F13,芝,1:49.2,良,友道 康夫,曇,馬齢,,
436(初出走),55.0,5  5,新潟,PASS_HTML,1800,2,pw01dud102024103568/8F,コスモイェーガー,4,菊沢 一樹,32.9,１／２,03,02,4,2歳,新馬,2026-08-01,pw01sde1004202602030220260801,メイクデビュー新潟,02,（混合）［指定］,,10時20分,牡2,https://www.jra.go.jp/JRADB/accessS.html?CNAME=pw01sde1004202602030220260801%2F13,芝,1:49.3,良,武市 康男,曇,馬齢,,
442(初出走),55.0,3  3,新潟,PASS_HTML,1800,3,pw01dud102024105874/44,シェーンリヒト,2,津村 明秀,33.3,１,03,02,2,2歳,新馬,2026-08-01,pw01sde1004202602030220260801,メイクデビュー新潟,02,（混合）［指定］,,10時20分,牡2,https://www.jra.go.jp/JRADB/accessS.html?CNAME=pw01sde1004202602030220260801%2F13,芝,1:49.4,良,手塚 貴久,曇,馬齢,,
450(初出走),55.0,5  5,新潟,PASS_HTML,1800,4,pw01dud102024103586/C9,アニエーネ,1,柴田 大知,33.1,３／４,03,02,5,2歳,新馬,2026-08-01,pw01sde1004202602030220260801,メイクデビュー新潟,02,（混合）［指定］,,10時20分,牝2,https://www.jra.go.jp/JRADB/accessS.html?CNAME=pw01sde1004202602030220260801%2F13,芝,1:49.5,良,和田 勇介,曇,馬齢,,
452(初出走),55.0,1  1,新潟,PASS_HTML,1800,5,pw01dud102024103533/20,ピュアレスト,7,三浦 皇成,33.8,３／４,03,02,3,2歳,新馬,2026-08-01,pw01sde1004202602030220260801,メイクデビュー新潟,02,（混合）［指定］,,10時20分,牝2,https://www.jra.go.jp/JRADB/accessS.html?CNAME=pw01sde1004202602030220260801%2F13,芝,1:49.6,良,武井 亮,曇,馬齢,,
502(初出走),55.0,3  3,新潟,PASS_HTML,1800,6,pw01dud102024101690/7A,セイウンサイフィー,6,野中 悠太郎,34.6,７,03,02,6,2歳,新馬,2026-08-01,pw01sde1004202602030220260801,メイクデビュー新潟,02,（混合）［指定］,,10時20分,牡2,https://www.jra.go.jp/JRADB/accessS.html?CNAME=pw01sde1004202602030220260801%2F13,芝,1:50.7,良,上原 博之,曇,馬齢,,
432(初出走),55.0,7  7,新潟,PASS_HTML,1800,7,pw01dud102024103571/7A,マイネルサリーレ,8,石橋 脩,34.6,３,03,02,7,2歳,新馬,2026-08-01,pw01sde1004202602030220260801,メイクデビュー新潟,02,（混合）［指定］,,10時20分,牡2,https://www.jra.go.jp/JRADB/accessS.html?CNAME=pw01sde1004202602030220260801%2F13,芝,1:51.2,良,田島 俊明,曇,馬齢,,
466(初出走),55.0,7  7,新潟,PASS_HTML,1800,8,pw01dud102024105454/60,テングカゼ,5,木幡 育也,34.8,１,03,02,8,2歳,新馬,2026-08-01,pw01sde1004202602030220260801,メイクデビュー新潟,02,（混合）［指定］,,10時20分,牡2,https://www.jra.go.jp/JRADB/accessS.html?CNAME=pw01sde1004202602030220260801%2F13,芝,1:51.4,良,的場 均,曇,馬齢,,
448(初出走),55.0,3  4,新潟,PASS_HTML,1400,1,pw01dud102024105790/67,ボーデコール,3,津村 明秀,34.4,,03,02,1,2歳,新馬,2026-08-01,pw01sde1004202602030320260801,メイクデビュー新潟,03,（混合）［指定］,,10時50分,牡2,https://www.jra.go.jp/JRADB/accessS.html?CNAME=pw01sde1004202602030320260801%2FC8,芝,1:21.6,良,柄崎 将寿,曇,馬齢,,
462(初出走),55.0,6  6,新潟,PASS_HTML,1400,2,pw01dud102024100651/BE,ノーセット,13,三浦 皇成,34.8,３,03,02,3,2歳,新馬,2026-08-01,pw01sde1004202602030320260801,メイクデビュー新潟,03,（混合）［指定］,,10時50分,牡2,https://www.jra.go.jp/JRADB/accessS.html?CNAME=pw01sde1004202602030320260801%2FC8,芝,1:22.1,良,高柳 瑞樹,曇,馬齢,,
446(初出走),55.0,2  2,新潟,PASS_HTML,1400,3,pw01dud102024105946/2B,ラフエルガ,6,荻野 極,35.3,１／２,03,02,4,2歳,新馬,2026-08-01,pw01sde1004202602030320260801,メイクデビュー新潟,03,（混合）［指定］,,10時50分,牝2,https://www.jra.go.jp/JRADB/accessS.html?CNAME=pw01sde1004202602030320260801%2FC8,芝,1:22.2,良,鈴木 伸尋,曇,馬齢,,
462(初出走),55.0,7  7,新潟,PASS_HTML,1400,4,pw01dud102024106113/09,ウィルステート,11,石川 裕紀人,35.0,２ 1/2,03,02,2,2歳,新馬,2026-08-01,pw01sde1004202602030320260801,メイクデビュー新潟,03,（混合）［指定］,,10時50分,牡2,https://www.jra.go.jp/JRADB/accessS.html?CNAME=pw01sde1004202602030320260801%2FC8,芝,1:22.6,良,黒岩 陽一,曇,馬齢,,
454(初出走),55.0,11  10,新潟,PASS_HTML,1400,5,pw01dud102024100161/D9,フジサンインフレ,4,石橋 脩,34.7,１ 1/2,03,02,17,2歳,新馬,2026-08-01,pw01sde1004202602030320260801,メイクデビュー新潟,03,（混合）［指定］,,10時50分,牡2,https://www.jra.go.jp/JRADB/accessS.html?CNAME=pw01sde1004202602030320260801%2FC8,芝,1:22.9,良,池上 昌和,曇,馬齢,,
462(初出走),55.0,7  8,新潟,PASS_HTML,1400,6,pw01dud102024106967/AD,ヴォーチェカノーラ,18,戸崎 圭太,35.5,２,03,02,5,2歳,新馬,2026-08-01,pw01sde1004202602030320260801,メイクデビュー新潟,03,（混合）［指定］,,10時50分,牡2,https://www.jra.go.jp/JRADB/accessS.html?CNAME=pw01sde1004202602030320260801%2FC8,芝,1:23.2,良,中舘 英二,曇,馬齢,,
448(初出走),53.0,11  10,新潟,PASS_HTML,1400,7,pw01dud102024102477/0C,サイモンオリエント,14,△石神 深道,35.0,アタマ,03,02,9,2歳,新馬,2026-08-01,pw01sde1004202602030320260801,メイクデビュー新潟,03,（混合）［指定］,,10時50分,牡2,https://www.jra.go.jp/JRADB/accessS.html?CNAME=pw01sde1004202602030320260801%2FC8,芝,1:23.2,良,勢司 和浩,曇,馬齢,,
436(初出走),55.0,3  3,新潟,PASS_HTML,1400,8,pw01dud102024103128/8B,セイカタカキヤチク,16,木幡 巧也,36.1,クビ,03,02,14,2歳,新馬,2026-08-01,pw01sde1004202602030320260801,メイクデビュー新潟,03,（混合）［指定］,,10時50分,牡2,https://www.jra.go.jp/JRADB/accessS.html?CNAME=pw01sde1004202602030320260801%2FC8,芝,1:23.2,良,相沢 郁,曇,馬齢,,
446(初出走),55.0,10  10,新潟,PASS_HTML,1400,9,pw01dud102024106096/B1,ランドフォートレス,8,大野 拓弥,35.5,１ 3/4,03,02,11,2歳,新馬,2026-08-01,pw01sde1004202602030320260801,メイクデビュー新潟,03,（混合）［指定］,,10時50分,牡2,https://www.jra.go.jp/JRADB/accessS.html?CNAME=pw01sde1004202602030320260801%2FC8,芝,1:23.5,良,和田 勇介,曇,馬齢,,
462(初出走),55.0,3  4,新潟,PASS_HTML,1400,10,pw01dud102024101869/B7,ニシノタカオ,10,野中 悠太郎,36.3,クビ,03,02,13,2歳,新馬,2026-08-01,pw01sde1004202602030320260801,メイクデビュー新潟,03,（混合）［指定］,,10時50分,牡2,https://www.jra.go.jp/JRADB/accessS.html?CNAME=pw01sde1004202602030320260801%2FC8,芝,1:23.5,良,堀内 岳志,曇,馬齢,,
432(初出走),55.0,9  9,新潟,PASS_HTML,1400,11,pw01dud102024102642/FF,ヴォルールドクール,7,嶋田 純次,35.7,クビ,03,02,15,2歳,新馬,2026-08-01,pw01sde1004202602030320260801,メイクデビュー新潟,03,（混合）［指定］,,10時50分,牝2,https://www.jra.go.jp/JRADB/accessS.html?CNAME=pw01sde1004202602030320260801%2FC8,芝,1:23.6,良,伊坂 重信,曇,馬齢,,
452(初出走),55.0,1  1,新潟,PASS_HTML,1400,12,pw01dud102024103937/B0,ニシノアトール,2,杉原 誠人,37.0,３／４,03,02,6,2歳,新馬,2026-08-01,pw01sde1004202602030320260801,メイクデビュー新潟,03,（混合）［指定］,,10時50分,牡2,https://www.jra.go.jp/JRADB/accessS.html?CNAME=pw01sde1004202602030320260801%2FC8,芝,1:23.7,良,武市 康男,曇,馬齢,,
492(初出走),55.0,13  13,新潟,PASS_HTML,1400,13,pw01dud102024105581/68,マルスフィス,12,岩田 康誠,35.2,３／４,03,02,10,2歳,新馬,2026-08-01,pw01sde1004202602030320260801,メイクデビュー新潟,03,（混合）［指定］,,10時50分,牡2,https://www.jra.go.jp/JRADB/accessS.html?CNAME=pw01sde1004202602030320260801%2FC8,芝,1:23.8,良,斎藤 誠,曇,馬齢,,
462(初出走),55.0,15  15,新潟,PASS_HTML,1400,14,pw01dud102024102989/F7,ビーズスティンガー,17,原 優介,35.1,２ 1/2,03,02,12,2歳,新馬,2026-08-01,pw01sde1004202602030320260801,メイクデビュー新潟,03,（混合）［指定］,,10時50分,牝2,https://www.jra.go.jp/JRADB/accessS.html?CNAME=pw01sde1004202602030320260801%2FC8,芝,1:24.3,良,中川 公成,曇,馬齢,,
432(初出走),55.0,14  14,新潟,PASS_HTML,1400,15,pw01dud102024101315/A6,ラヴトリガー,15,吉田 豊,35.5,１／２,03,02,18,2歳,新馬,2026-08-01,pw01sde1004202602030320260801,メイクデビュー新潟,03,（混合）［指定］,,10時50分,牝2,https://www.jra.go.jp/JRADB/accessS.html?CNAME=pw01sde1004202602030320260801%2FC8,芝,1:24.3,良,田島 俊明,曇,馬齢,,
408(初出走),53.0,17  17,新潟,PASS_HTML,1400,16,pw01dud102024100687/A0,ラスティレッド,1,◇今村 聖奈,35.3,２,03,02,8,2歳,新馬,2026-08-01,pw01sde1004202602030320260801,メイクデビュー新潟,03,（混合）［指定］,,10時50分,牝2,https://www.jra.go.jp/JRADB/accessS.html?CNAME=pw01sde1004202602030320260801%2FC8,芝,1:24.7,良,鈴木 慎太郎,曇,馬齢,,
440(初出走),55.0,17  17,新潟,PASS_HTML,1400,17,pw01dud102024101129/20,ティーシュペランサ,9,田辺 裕信,35.6,２,03,02,7,2歳,新馬,2026-08-01,pw01sde1004202602030320260801,メイクデビュー新潟,03,（混合）［指定］,,10時50分,牡2,https://www.jra.go.jp/JRADB/accessS.html?CNAME=pw01sde1004202602030320260801%2FC8,芝,1:25.0,良,加藤 士津八,曇,馬齢,,
444(初出走),52.0,15  15,新潟,PASS_HTML,1400,18,pw01dud102024102173/AD,ノワールブレイブ,5,▲石田 拓郎,36.3,２ 1/2,03,02,16,2歳,新馬,2026-08-01,pw01sde1004202602030320260801,メイクデビュー新潟,03,（混合）［指定］,,10時50分,牝2,https://www.jra.go.jp/JRADB/accessS.html?CNAME=pw01sde1004202602030320260801%2FC8,芝,1:25.4,良,清水 英克,曇,馬齢,,
442(-4),55.0,8  8  7  5,新潟,QUARANTINED_HTML:track_condition,1800,1,pw01dud102023104727/A1,タマモチョコチップ,6,菊沢 一樹,39.5,,03,02,1.0,3歳,未勝利,2026-08-01,pw01sde1004202602030420260801,3歳未勝利,04,牝［指定］,,11時20分,牝3,https://www.jra.go.jp/JRADB/accessS.html?CNAME=pw01sde1004202602030420260801%2F7D,ダート,1:55.5,,菊沢 隆徳,曇,馬齢,,
452(-8),53.0,12  12  11  10,新潟,QUARANTINED_HTML:track_condition,1800,2,pw01dud102023104884/D9,プロミスライン,5,△石神 深道,39.1,１／２,03,02,7.0,3歳,未勝利,2026-08-01,pw01sde1004202602030420260801,3歳未勝利,04,牝［指定］,,11時20分,牝3,https://www.jra.go.jp/JRADB/accessS.html?CNAME=pw01sde1004202602030420260801%2F7D,ダート,1:55.6,,森 一誠,曇,馬齢,,
476(+6),55.0,5  5  5  5,新潟,QUARANTINED_HTML:track_condition,1800,3,pw01dud102023107200/34,ブルージンジャー,15,津村 明秀,39.8,クビ,03,02,3.0,3歳,未勝利,2026-08-01,pw01sde1004202602030420260801,3歳未勝利,04,牝［指定］,,11時20分,牝3,https://www.jra.go.jp/JRADB/accessS.html?CNAME=pw01sde1004202602030420260801%2F7D,ダート,1:55.6,,矢嶋 大樹,曇,馬齢,,
454(+12),55.0,5  5  7  8,新潟,QUARANTINED_HTML:track_condition,1800,4,pw01dud102023103045/95,フィクセルリリア,10,吉田 豊,40.3,４,03,02,5.0,3歳,未勝利,2026-08-01,pw01sde1004202602030420260801,3歳未勝利,04,牝［指定］,,11時20分,牝3,https://www.jra.go.jp/JRADB/accessS.html?CNAME=pw01sde1004202602030420260801%2F7D,ダート,1:56.3,,平岩 大典,曇,馬齢,,
438(+2),55.0,1  1  1  1,新潟,QUARANTINED_HTML:track_condition,1800,5,pw01dud102023105022/FA,アジュアカレンツ,11,武藤 雅,41.6,３／４,03,02,6.0,3歳,未勝利,2026-08-01,pw01sde1004202602030420260801,3歳未勝利,04,牝［指定］,,11時20分,牝3,https://www.jra.go.jp/JRADB/accessS.html?CNAME=pw01sde1004202602030420260801%2F7D,ダート,1:56.4,,西田 雄一郎,曇,馬齢,,
466(-6),55.0,14  13  13  10,新潟,QUARANTINED_HTML:track_condition,1800,6,pw01dud102023102033/B0,イデアクリスタル,13,石川 裕紀人,39.9,１ 1/4,03,02,8.0,3歳,未勝利,2026-08-01,pw01sde1004202602030420260801,3歳未勝利,04,牝［指定］,,11時20分,牝3,https://www.jra.go.jp/JRADB/accessS.html?CNAME=pw01sde1004202602030420260801%2F7D,ダート,1:56.6,,手塚 貴徳,曇,馬齢,,
424(-4),55.0,3  3  3  3,新潟,QUARANTINED_HTML:track_condition,1800,7,pw01dud102023105652/50,ユニバーサルラヴ,3,三浦 皇成,41.2,１／２,03,02,2.0,3歳,未勝利,2026-08-01,pw01sde1004202602030420260801,3歳未勝利,04,牝［指定］,,11時20分,牝3,https://www.jra.go.jp/JRADB/accessS.html?CNAME=pw01sde1004202602030420260801%2F7D,ダート,1:56.7,,尾関 知人,曇,馬齢,,
472(-8),53.0,3  3  3  3,新潟,QUARANTINED_HTML:track_condition,1800,8,pw01dud102023103905/0E,メジロピオラ,1,◇今村 聖奈,42.1,６,03,02,4.0,3歳,未勝利,2026-08-01,pw01sde1004202602030420260801,3歳未勝利,04,牝［指定］,,11時20分,牝3,https://www.jra.go.jp/JRADB/accessS.html?CNAME=pw01sde1004202602030420260801%2F7D,ダート,1:57.7,,武井 亮,曇,馬齢,,
442(+12),55.0,2  2  2  2,新潟,QUARANTINED_HTML:track_condition,1800,9,pw01dud102023103659/97,レディソフィア,2,木幡 巧也,42.5,１,03,02,11.0,3歳,未勝利,2026-08-01,pw01sde1004202602030420260801,3歳未勝利,04,牝［指定］,,11時20分,牝3,https://www.jra.go.jp/JRADB/accessS.html?CNAME=pw01sde1004202602030420260801%2F7D,ダート,1:57.9,,小笠 倫弘,曇,馬齢,,
478(+2),55.0,11  10  9  8,新潟,QUARANTINED_HTML:track_condition,1800,10,pw01dud102023109163/9A,ハニーアンバー,4,石橋 脩,41.8,１,03,02,13.0,3歳,未勝利,2026-08-01,pw01sde1004202602030420260801,3歳未勝利,04,牝［指定］,,11時20分,牝3,https://www.jra.go.jp/JRADB/accessS.html?CNAME=pw01sde1004202602030420260801%2F7D,ダート,1:58.1,,小野 次郎,曇,馬齢,,
442(-8),52.0,5  5  5  5,新潟,QUARANTINED_HTML:track_condition,1800,11,pw01dud102023100513/A7,ノアレジェンド,12,▲石田 拓郎,42.4,３／４,03,02,9.0,3歳,未勝利,2026-08-01,pw01sde1004202602030420260801,3歳未勝利,04,牝［指定］,,11時20分,牝3,https://www.jra.go.jp/JRADB/accessS.html?CNAME=pw01sde1004202602030420260801%2F7D,ダート,1:58.2,,小笠 倫弘,曇,馬齢,,
422(-6),55.0,10  10  11  12,新潟,QUARANTINED_HTML:track_condition,1800,12,pw01dud102023105596/2B,ドナソラーレ,8,杉原 誠人,42.3,４,03,02,12.0,3歳,未勝利,2026-08-01,pw01sde1004202602030420260801,3歳未勝利,04,牝［指定］,,11時20分,牝3,https://www.jra.go.jp/JRADB/accessS.html?CNAME=pw01sde1004202602030420260801%2F7D,ダート,1:58.9,,池上 昌和,曇,馬齢,,
444(0),55.0,12  14  14  14,新潟,QUARANTINED_HTML:track_condition,1800,13,pw01dud102023104579/75,ジュンサク,9,野中 悠太郎,41.5,アタマ,03,02,14.0,3歳,未勝利,2026-08-01,pw01sde1004202602030420260801,3歳未勝利,04,牝［指定］,,11時20分,牝3,https://www.jra.go.jp/JRADB/accessS.html?CNAME=pw01sde1004202602030420260801%2F7D,ダート,1:58.9,,伊坂 重信,曇,馬齢,,
500(+8),55.0,8  8  9  13,新潟,QUARANTINED_HTML:track_condition,1800,14,pw01dud102023106984/E8,アースアクシス,14,原 優介,43.3,５,03,02,10.0,3歳,未勝利,2026-08-01,pw01sde1004202602030420260801,3歳未勝利,04,牝［指定］,,11時20分,牝3,https://www.jra.go.jp/JRADB/accessS.html?CNAME=pw01sde1004202602030420260801%2F7D,ダート,1:59.7,,栗田 徹,曇,馬齢,,
520(初出走),55.0,,新潟,QUARANTINED_HTML:track_condition,1800,除外,pw01dud102023107175/B2,インチジオーネ,7,丸山 元気,,,03,02,,3歳,未勝利,2026-08-01,pw01sde1004202602030420260801,3歳未勝利,04,牝［指定］,,11時20分,牝3,https://www.jra.go.jp/JRADB/accessS.html?CNAME=pw01sde1004202602030420260801%2F7D,ダート,,,和田 雄二,曇,馬齢,,
476(-4),55.0,1  1,新潟,QUARANTINED_HTML:track_condition,1200,1,pw01dud102023102518/C4,シェリアドレ,6,荻野 極,37.0,,03,02,2,3歳,未勝利,2026-08-01,pw01sde1004202602030520260801,3歳未勝利,05,[指定],,11時55分,牝3,https://www.jra.go.jp/JRADB/accessS.html?CNAME=pw01sde1004202602030520260801%2F32,ダート,1:12.0,,奥村 武,曇,馬齢,,
446(-4),54.0,3  3,新潟,QUARANTINED_HTML:track_condition,1200,2,pw01dud102023106331/19,ジーティーニッツァ,5,▲上里 直汰,37.1,２,03,02,10,3歳,未勝利,2026-08-01,pw01sde1004202602030520260801,3歳未勝利,05,[指定],,11時55分,牡3,https://www.jra.go.jp/JRADB/accessS.html?CNAME=pw01sde1004202602030520260801%2F32,ダート,1:12.4,,伊藤 伸一,曇,馬齢,,
498(-2),57.0,6  6,新潟,QUARANTINED_HTML:track_condition,1200,3,pw01dud102023102978/E8,レイズレガシー,2,田辺 裕信,36.8,クビ,03,02,3,3歳,未勝利,2026-08-01,pw01sde1004202602030520260801,3歳未勝利,05,[指定],,11時55分,牡3,https://www.jra.go.jp/JRADB/accessS.html?CNAME=pw01sde1004202602030520260801%2F32,ダート,1:12.4,,高柳 瑞樹,曇,馬齢,,
470(+10),55.0,3  3,新潟,QUARANTINED_HTML:track_condition,1200,4,pw01dud102023106053/8C,ロンバスブレス,9,菊沢 一樹,37.3,１,03,02,5,3歳,未勝利,2026-08-01,pw01sde1004202602030520260801,3歳未勝利,05,[指定],,11時55分,牝3,https://www.jra.go.jp/JRADB/accessS.html?CNAME=pw01sde1004202602030520260801%2F32,ダート,1:12.6,,石栗 龍彦,曇,馬齢,,
428(+4),55.0,6  6,新潟,QUARANTINED_HTML:track_condition,1200,5,pw01dud102023103226/4A,エリースノー,3,津村 明秀,37.6,３ 1/2,03,02,6,3歳,未勝利,2026-08-01,pw01sde1004202602030520260801,3歳未勝利,05,[指定],,11時55分,牝3,https://www.jra.go.jp/JRADB/accessS.html?CNAME=pw01sde1004202602030520260801%2F32,ダート,1:13.2,,武市 康男,曇,馬齢,,
396(-10),55.0,10  8,新潟,QUARANTINED_HTML:track_condition,1200,6,pw01dud102023103256/7A,ユキノサイエンス,13,石橋 脩,37.3,ハナ,03,02,9,3歳,未勝利,2026-08-01,pw01sde1004202602030520260801,3歳未勝利,05,[指定],,11時55分,牝3,https://www.jra.go.jp/JRADB/accessS.html?CNAME=pw01sde1004202602030520260801%2F32,ダート,1:13.2,,小野 次郎,曇,馬齢,,
494(0),57.0,3  3,新潟,QUARANTINED_HTML:track_condition,1200,7,pw01dud102023102868/A7,サクラドール,12,戸崎 圭太,38.3,２ 1/2,03,02,1,3歳,未勝利,2026-08-01,pw01sde1004202602030520260801,3歳未勝利,05,[指定],,11時55分,牡3,https://www.jra.go.jp/JRADB/accessS.html?CNAME=pw01sde1004202602030520260801%2F32,ダート,1:13.6,,田島 俊明,曇,馬齢,,
448(-6),57.0,9  11,新潟,QUARANTINED_HTML:track_condition,1200,8,pw01dud102023106167/99,ヴィスクレス,4,原 優介,38.1,２,03,02,7,3歳,未勝利,2026-08-01,pw01sde1004202602030520260801,3歳未勝利,05,[指定],,11時55分,牡3,https://www.jra.go.jp/JRADB/accessS.html?CNAME=pw01sde1004202602030520260801%2F32,ダート,1:13.9,,矢嶋 大樹,曇,馬齢,,
502(+10),57.0,2  2,新潟,QUARANTINED_HTML:track_condition,1200,9,pw01dud102023100102/60,イイクニパッション,14,三浦 皇成,38.8,ハナ,03,02,4,3歳,未勝利,2026-08-01,pw01sde1004202602030520260801,3歳未勝利,05,[指定],,11時55分,牡3,https://www.jra.go.jp/JRADB/accessS.html?CNAME=pw01sde1004202602030520260801%2F32,ダート,1:13.9,,深山 雅史,曇,馬齢,,
466(0),54.0,6  8,新潟,QUARANTINED_HTML:track_condition,1200,10,pw01dud102023105579/64,エクスペクタント,15,▲石田 拓郎,38.6,１ 1/2,03,02,8,3歳,未勝利,2026-08-01,pw01sde1004202602030520260801,3歳未勝利,05,[指定],,11時55分,牡3,https://www.jra.go.jp/JRADB/accessS.html?CNAME=pw01sde1004202602030520260801%2F32,ダート,1:14.2,,平岩 大典,曇,馬齢,,
456(初出走),55.0,14  14,新潟,QUARANTINED_HTML:track_condition,1200,11,pw01dud102023103126/19,ペイシャダンシング,7,木幡 初也,37.7,クビ,03,02,14,3歳,未勝利,2026-08-01,pw01sde1004202602030520260801,3歳未勝利,05,[指定],,11時55分,牝3,https://www.jra.go.jp/JRADB/accessS.html?CNAME=pw01sde1004202602030520260801%2F32,ダート,1:14.2,,粕谷 昌央,曇,馬齢,,
406(+14),55.0,14  14,新潟,QUARANTINED_HTML:track_condition,1200,12,pw01dud102023106822/71,ウィズアバウンス,11,武藤 雅,38.1,１ 3/4,03,02,11,3歳,未勝利,2026-08-01,pw01sde1004202602030520260801,3歳未勝利,05,[指定],,11時55分,牝3,https://www.jra.go.jp/JRADB/accessS.html?CNAME=pw01sde1004202602030520260801%2F32,ダート,1:14.5,,武藤 善則,曇,馬齢,,
512(-4),57.0,10  8,新潟,QUARANTINED_HTML:track_condition,1200,13,pw01dud102023101664/8A,バル,1,柴田 大知,38.6,アタマ,03,02,12,3歳,未勝利,2026-08-01,pw01sde1004202602030520260801,3歳未勝利,05,[指定],,11時55分,牡3,https://www.jra.go.jp/JRADB/accessS.html?CNAME=pw01sde1004202602030520260801%2F32,ダート,1:14.5,,武市 康男,曇,馬齢,,
448(-14),54.0,13  12,新潟,QUARANTINED_HTML:track_condition,1200,14,pw01dud102023102135/C7,シュンポシオン,8,▲佐藤 翔馬,38.5,３／４,03,02,15,3歳,未勝利,2026-08-01,pw01sde1004202602030520260801,3歳未勝利,05,[指定],,11時55分,牡3,https://www.jra.go.jp/JRADB/accessS.html?CNAME=pw01sde1004202602030520260801%2F32,ダート,1:14.7,,矢野 英一,曇,馬齢,,
410(初出走),55.0,12  12,新潟,QUARANTINED_HTML:track_condition,1200,15,pw01dud102023102005/66,ヒラボクキャンティ,10,江田 照男,39.7,６,03,02,13,3歳,未勝利,2026-08-01,pw01sde1004202602030520260801,3歳未勝利,05,[指定],,11時55分,牝3,https://www.jra.go.jp/JRADB/accessS.html?CNAME=pw01sde1004202602030520260801%2F32,ダート,1:15.7,,村田 一誠,曇,馬齢,,
418(-4),56.0,5  4,新潟,PASS_HTML,1800,1,pw01dud102022105014/44,タイセイプランセス,1,石橋 脩,33.6,,03,02,3,3歳以上,2勝クラス,2026-08-01,pw01sde1004202602030620260801,月岡温泉特別,06,（混合）［指定］,,15時10分,牝4,https://www.jra.go.jp/JRADB/accessS.html?CNAME=pw01sde1004202602030620260801%2FE7,芝,1:45.0,良,池上 昌和,曇,定量,,
492(-2),58.0,6  6,新潟,PASS_HTML,1800,2,pw01dud102022105421/BF,コンフォルツァ,10,丸山 元気,33.7,１ 1/4,03,02,1,3歳以上,2勝クラス,2026-08-01,pw01sde1004202602030620260801,月岡温泉特別,06,（混合）［指定］,,15時10分,牡4,https://www.jra.go.jp/JRADB/accessS.html?CNAME=pw01sde1004202602030620260801%2FE7,芝,1:45.2,良,松永 幹夫,曇,定量,,
486(-10),58.0,10  10,新潟,PASS_HTML,1800,3,pw01dud102022100080/3D,リカントロポ,9,三浦 皇成,33.5,１ 1/4,03,02,8,3歳以上,2勝クラス,2026-08-01,pw01sde1004202602030620260801,月岡温泉特別,06,（混合）［指定］,,15時10分,牡4,https://www.jra.go.jp/JRADB/accessS.html?CNAME=pw01sde1004202602030620260801%2FE7,芝,1:45.4,良,梅田 智之,曇,定量,,
436(-2),58.0,7  8,新潟,PASS_HTML,1800,4,pw01dud102021105244/4A,スピンザブラッド,11,田辺 裕信,33.9,１／２,03,02,10,3歳以上,2勝クラス,2026-08-01,pw01sde1004202602030620260801,月岡温泉特別,06,（混合）［指定］,,15時10分,牡5,https://www.jra.go.jp/JRADB/accessS.html?CNAME=pw01sde1004202602030620260801%2FE7,芝,1:45.5,良,平岩 大典,曇,定量,,
470(-2),58.0,12  12,新潟,PASS_HTML,1800,5,pw01dud102021102106/F2,ツルマウカタチ,7,嶋田 純次,33.5,３／４,03,02,9,3歳以上,2勝クラス,2026-08-01,pw01sde1004202602030620260801,月岡温泉特別,06,（混合）［指定］,,15時10分,牡5,https://www.jra.go.jp/JRADB/accessS.html?CNAME=pw01sde1004202602030620260801%2FE7,芝,1:45.6,良,手塚 貴久,曇,定量,,
440(+4),56.0,2  2,新潟,PASS_HTML,1800,6,pw01dud102022105317/30,ミーントゥビー,12,松岡 正海,34.6,１,03,02,7,3歳以上,2勝クラス,2026-08-01,pw01sde1004202602030620260801,月岡温泉特別,06,（混合）［指定］,,15時10分,牝4,https://www.jra.go.jp/JRADB/accessS.html?CNAME=pw01sde1004202602030620260801%2FE7,芝,1:45.8,良,堀内 岳志,曇,定量,,
512(+12),56.0,3  2,新潟,PASS_HTML,1800,7,pw01dud102022110060/EB,エリカアンディーヴ,6,津村 明秀,34.7,１／２,03,02,5,3歳以上,2勝クラス,2026-08-01,pw01sde1004202602030620260801,月岡温泉特別,06,（混合）［指定］,,15時10分,牝4,https://www.jra.go.jp/JRADB/accessS.html?CNAME=pw01sde1004202602030620260801%2FE7,芝,1:45.9,良,吉岡 辰弥,曇,定量,,
494(-4),58.0,7  7,新潟,PASS_HTML,1800,8,pw01dud102021105575/80,セイロンジェムズ,3,戸崎 圭太,34.4,３／４,03,02,2,3歳以上,2勝クラス,2026-08-01,pw01sde1004202602030620260801,月岡温泉特別,06,（混合）［指定］,,15時10分,牡5,https://www.jra.go.jp/JRADB/accessS.html?CNAME=pw01sde1004202602030620260801%2FE7,芝,1:46.0,良,鈴木 慎太郎,曇,定量,,
480(0),58.0,7  8,新潟,PASS_HTML,1800,9,pw01dud102021105580/51,クラッシファイド,4,石川 裕紀人,34.3,ハナ,03,02,6,3歳以上,2勝クラス,2026-08-01,pw01sde1004202602030620260801,月岡温泉特別,06,（混合）［指定］,,15時10分,牡5,https://www.jra.go.jp/JRADB/accessS.html?CNAME=pw01sde1004202602030620260801%2FE7,芝,1:46.0,良,黒岩 陽一,曇,定量,,
434(-2),58.0,10  10,新潟,PASS_HTML,1800,10,pw01dud102021102561/D7,キーウェーブ,8,城戸 義政,34.3,１,03,02,11,3歳以上,2勝クラス,2026-08-01,pw01sde1004202602030620260801,月岡温泉特別,06,（混合）［指定］,,15時10分,牡5,https://www.jra.go.jp/JRADB/accessS.html?CNAME=pw01sde1004202602030620260801%2FE7,芝,1:46.2,良,宮地 貴稔,曇,定量,,
534(+10),58.0,1  1,新潟,PASS_HTML,1800,11,pw01dud102021105886/96,ホウオウトランプ,2,荻野 極,35.6,２ 1/2,03,02,4,3歳以上,2勝クラス,2026-08-01,pw01sde1004202602030620260801,月岡温泉特別,06,（混合）［指定］,,15時10分,牡5,https://www.jra.go.jp/JRADB/accessS.html?CNAME=pw01sde1004202602030620260801%2FE7,芝,1:46.6,良,池江 泰寿,曇,定量,,
480(-8),58.0,3  4,新潟,PASS_HTML,1800,12,pw01dud102020101261/C9,コスモスプモーニ,5,木幡 巧也,35.9,３ 1/2,03,02,12,3歳以上,2勝クラス,2026-08-01,pw01sde1004202602030620260801,月岡温泉特別,06,（混合）［指定］,,15時10分,牡6,https://www.jra.go.jp/JRADB/accessS.html?CNAME=pw01sde1004202602030620260801%2FE7,芝,1:47.2,良,松山 将樹,曇,定量,,
460(+4),56.0,6  6  7  7,新潟,PASS_HTML,2200,1,pw01dud102022103494/AA,スイートオレンジ,10,荻野 極,34.0,,03,02,3.0,3歳以上,1勝クラス,2026-08-01,pw01sde1004202602030820260801,燕特別,08,（混合）（特指）,,16時20分,牝4,https://www.jra.go.jp/JRADB/accessS.html?CNAME=pw01sde1004202602030820260801%2F51,芝,2:13.2,良,中川 公成,曇,定量,,
434(+12),53.0,4  4  5  5,新潟,PASS_HTML,2200,2,pw01dud102023107381/58,ディアアズール,6,丸山 元気,34.3,１,03,02,5.0,3歳以上,1勝クラス,2026-08-01,pw01sde1004202602030820260801,燕特別,08,（混合）（特指）,,16時20分,牝3,https://www.jra.go.jp/JRADB/accessS.html?CNAME=pw01sde1004202602030820260801%2F51,芝,2:13.3,良,森 一誠,曇,定量,,
502(+10),53.0,1  1  1  1,新潟,PASS_HTML,2200,3,pw01dud102023104830/BD,リアライズルミナス,11,津村 明秀,34.8,アタマ,03,02,1.0,3歳以上,1勝クラス,2026-08-01,pw01sde1004202602030820260801,燕特別,08,（混合）（特指）,,16時20分,牝3,https://www.jra.go.jp/JRADB/accessS.html?CNAME=pw01sde1004202602030820260801%2F51,芝,2:13.3,良,橋口 慎介,曇,定量,,
456(-4),56.0,8  8  3  3,新潟,PASS_HTML,2200,4,pw01dud102022104187/4F,ムーンストラック,8,菊沢 一樹,34.8,１,03,02,7.0,3歳以上,1勝クラス,2026-08-01,pw01sde1004202602030820260801,燕特別,08,（混合）（特指）,,16時20分,牝4,https://www.jra.go.jp/JRADB/accessS.html?CNAME=pw01sde1004202602030820260801%2F51,芝,2:13.5,良,武市 康男,曇,定量,,
406(0),53.0,4  4  5  6,新潟,PASS_HTML,2200,5,pw01dud102023101820/E0,サフランルージュ,1,木幡 巧也,34.5,クビ,03,02,9.0,3歳以上,1勝クラス,2026-08-01,pw01sde1004202602030820260801,燕特別,08,（混合）（特指）,,16時20分,牝3,https://www.jra.go.jp/JRADB/accessS.html?CNAME=pw01sde1004202602030820260801%2F51,芝,2:13.6,良,室井 潔,曇,定量,,
464(0),55.0,2  2  4  4,新潟,PASS_HTML,2200,6,pw01dud102023103957/44,ベルウッドクレド,2,大野 拓弥,34.9,１,03,02,8.0,3歳以上,1勝クラス,2026-08-01,pw01sde1004202602030820260801,燕特別,08,（混合）（特指）,,16時20分,牡3,https://www.jra.go.jp/JRADB/accessS.html?CNAME=pw01sde1004202602030820260801%2F51,芝,2:13.7,良,辻 哲英,曇,定量,,
470(0),58.0,6  6  7  7,新潟,PASS_HTML,2200,7,pw01dud102021103037/53,デリシュー,5,丸田 恭介,34.6,３／４,03,02,11.0,3歳以上,1勝クラス,2026-08-01,pw01sde1004202602030820260801,燕特別,08,（混合）（特指）,,16時20分,牡5,https://www.jra.go.jp/JRADB/accessS.html?CNAME=pw01sde1004202602030820260801%2F51,芝,2:13.8,良,新開 幸一,曇,定量,,
478(+4),55.0,10  10  9  9,新潟,PASS_HTML,2200,8,pw01dud102023105433/41,モウエエデショー,9,野中 悠太郎,34.3,アタマ,03,02,4.0,3歳以上,1勝クラス,2026-08-01,pw01sde1004202602030820260801,燕特別,08,（混合）（特指）,,16時20分,牡3,https://www.jra.go.jp/JRADB/accessS.html?CNAME=pw01sde1004202602030820260801%2F51,芝,2:13.8,良,萱野 浩二,曇,定量,,
494(+14),58.0,2  2  2  2,新潟,PASS_HTML,2200,9,pw01dud102022101498/98,クモヒトツナイ,3,小林 脩斗,35.3,１／２,03,02,10.0,3歳以上,1勝クラス,2026-08-01,pw01sde1004202602030820260801,燕特別,08,（混合）（特指）,,16時20分,牡4,https://www.jra.go.jp/JRADB/accessS.html?CNAME=pw01sde1004202602030820260801%2F51,芝,2:13.9,良,加藤 和宏,曇,定量,,
464(0),55.0,12  10  9  9,新潟,PASS_HTML,2200,10,pw01dud102023101855/4F,ティラーノ,12,三浦 皇成,34.5,クビ,03,02,6.0,3歳以上,1勝クラス,2026-08-01,pw01sde1004202602030820260801,燕特別,08,（混合）（特指）,,16時20分,牡3,https://www.jra.go.jp/JRADB/accessS.html?CNAME=pw01sde1004202602030820260801%2F51,芝,2:14.0,良,小手川 準,曇,定量,,
492(+12),55.0,8  8  9  9,新潟,PASS_HTML,2200,11,pw01dud102023106981/8F,ウィロークリーク,7,戸崎 圭太,34.5,ハナ,03,02,2.0,3歳以上,1勝クラス,2026-08-01,pw01sde1004202602030820260801,燕特別,08,（混合）（特指）,,16時20分,牡3,https://www.jra.go.jp/JRADB/accessS.html?CNAME=pw01sde1004202602030820260801%2F51,芝,2:14.0,良,中舘 英二,曇,定量,,
440(+2),58.0,10  10  9  9,新潟,PASS_HTML,2200,12,pw01dud102022106770/1E,マイネルボス,13,柴田 大知,35.3,４,03,02,12.0,3歳以上,1勝クラス,2026-08-01,pw01sde1004202602030820260801,燕特別,08,（混合）（特指）,,16時20分,牡4,https://www.jra.go.jp/JRADB/accessS.html?CNAME=pw01sde1004202602030820260801%2F51,芝,2:14.7,良,畠山 吉宏,曇,定量,,
514(-3),58.0,,新潟,PASS_HTML,2200,除外,pw01dud102022105448/04,エマージェンス,4,岩田 康誠,,,03,02,,3歳以上,1勝クラス,2026-08-01,pw01sde1004202602030820260801,燕特別,08,（混合）（特指）,,16時20分,牡4,https://www.jra.go.jp/JRADB/accessS.html?CNAME=pw01sde1004202602030820260801%2F51,芝,,良,田中 勝春,曇,定量,,
450(+8),56.0,2  2,新潟,QUARANTINED_HTML:track_condition,1200,1,pw01dud102023103860/FE,フィールマイプラン,7,荻野 極,36.9,,03,02,2.0,3歳以上,1勝クラス,2026-08-01,pw01sde1004202602030920260801,3歳以上1勝クラス,09,（混合）［指定］,,16時55分,牡3,https://www.jra.go.jp/JRADB/accessS.html?CNAME=pw01sde1004202602030920260801%2F06,ダート,1:12.1,,岩戸 孝樹,曇,定量,,
504(+16),53.0,1  1,新潟,QUARANTINED_HTML:track_condition,1200,2,pw01dud102023105402/9E,ガルディーノ,12,▲石田 拓郎,37.4,１ 1/2,03,02,8.0,3歳以上,1勝クラス,2026-08-01,pw01sde1004202602030920260801,3歳以上1勝クラス,09,（混合）［指定］,,16時55分,牡3,https://www.jra.go.jp/JRADB/accessS.html?CNAME=pw01sde1004202602030920260801%2F06,ダート,1:12.4,,新開 幸一,曇,定量,,
504(-12),58.0,4  3,新潟,QUARANTINED_HTML:track_condition,1200,3,pw01dud102020106771/79,トモジャシーマ,3,津村 明秀,37.0,ハナ,03,02,5.0,3歳以上,1勝クラス,2026-08-01,pw01sde1004202602030920260801,3歳以上1勝クラス,09,（混合）［指定］,,16時55分,せん6,https://www.jra.go.jp/JRADB/accessS.html?CNAME=pw01sde1004202602030920260801%2F06,ダート,1:12.4,,鈴木 伸尋,曇,定量,,
470(+6),54.0,4  3,新潟,QUARANTINED_HTML:track_condition,1200,4,pw01dud102023103341/5C,エアサロメ,10,三浦 皇成,37.1,１／２,03,02,1.0,3歳以上,1勝クラス,2026-08-01,pw01sde1004202602030920260801,3歳以上1勝クラス,09,（混合）［指定］,,16時55分,牝3,https://www.jra.go.jp/JRADB/accessS.html?CNAME=pw01sde1004202602030920260801%2F06,ダート,1:12.5,,大竹 正博,曇,定量,,
480(0),54.0,10  10,新潟,QUARANTINED_HTML:track_condition,1200,5,pw01dud102023104174/72,ホウオウルクソール,4,◇今村 聖奈,36.8,１,03,02,3.0,3歳以上,1勝クラス,2026-08-01,pw01sde1004202602030920260801,3歳以上1勝クラス,09,（混合）［指定］,,16時55分,牡3,https://www.jra.go.jp/JRADB/accessS.html?CNAME=pw01sde1004202602030920260801%2F06,ダート,1:12.6,,栗田 徹,曇,定量,,
542(+32),58.0,7  6,新潟,QUARANTINED_HTML:track_condition,1200,6,pw01dud102021102192/B6,グランルチャドール,2,石橋 脩,37.2,１ 3/4,03,02,7.0,3歳以上,1勝クラス,2026-08-01,pw01sde1004202602030920260801,3歳以上1勝クラス,09,（混合）［指定］,,16時55分,牡5,https://www.jra.go.jp/JRADB/accessS.html?CNAME=pw01sde1004202602030920260801%2F06,ダート,1:12.9,,上原 佑紀,曇,定量,,
474(+4),56.0,6  6,新潟,QUARANTINED_HTML:track_condition,1200,7,pw01dud102023104780/DC,クラシオン,6,菊沢 一樹,37.5,クビ,03,02,4.0,3歳以上,1勝クラス,2026-08-01,pw01sde1004202602030920260801,3歳以上1勝クラス,09,（混合）［指定］,,16時55分,牡3,https://www.jra.go.jp/JRADB/accessS.html?CNAME=pw01sde1004202602030920260801%2F06,ダート,1:13.0,,菊沢 隆徳,曇,定量,,
462(-4),58.0,7  8,新潟,QUARANTINED_HTML:track_condition,1200,8,pw01dud102021100506/D8,キングクレオール,13,大野 拓弥,38.1,４,03,02,9.0,3歳以上,1勝クラス,2026-08-01,pw01sde1004202602030920260801,3歳以上1勝クラス,09,（混合）［指定］,,16時55分,牡5,https://www.jra.go.jp/JRADB/accessS.html?CNAME=pw01sde1004202602030920260801%2F06,ダート,1:13.7,,和田 雄二,曇,定量,,
534(+2),58.0,13  12,新潟,QUARANTINED_HTML:track_condition,1200,9,pw01dud102021100675/06,アルマーレシチー,14,吉田 豊,37.5,クビ,03,02,10.0,3歳以上,1勝クラス,2026-08-01,pw01sde1004202602030920260801,3歳以上1勝クラス,09,（混合）［指定］,,16時55分,せん5,https://www.jra.go.jp/JRADB/accessS.html?CNAME=pw01sde1004202602030920260801%2F06,ダート,1:13.7,,上原 博之,曇,定量,,
462(+8),53.0,7  8,新潟,QUARANTINED_HTML:track_condition,1200,10,pw01dud102020106429/2E,ノーブルミステリー,11,▲上里 直汰,38.1,クビ,03,02,13.0,3歳以上,1勝クラス,2026-08-01,pw01sde1004202602030920260801,3歳以上1勝クラス,09,（混合）［指定］,,16時55分,牝6,https://www.jra.go.jp/JRADB/accessS.html?CNAME=pw01sde1004202602030920260801%2F06,ダート,1:13.8,,菊川 正達,曇,定量,,
462(+10),53.0,3  3,新潟,QUARANTINED_HTML:track_condition,1200,11,pw01dud102022105535/CC,デルマエアロール,5,▲佐藤 翔馬,38.5,ハナ,03,02,11.0,3歳以上,1勝クラス,2026-08-01,pw01sde1004202602030920260801,3歳以上1勝クラス,09,（混合）［指定］,,16時55分,牝4,https://www.jra.go.jp/JRADB/accessS.html?CNAME=pw01sde1004202602030920260801%2F06,ダート,1:13.8,,大和田 成,曇,定量,,
478(-2),58.0,11  10,新潟,QUARANTINED_HTML:track_condition,1200,12,pw01dud102020100081/98,アカツキロットリー,8,木幡 育也,37.8,クビ,03,02,14.0,3歳以上,1勝クラス,2026-08-01,pw01sde1004202602030920260801,3歳以上1勝クラス,09,（混合）［指定］,,16時55分,牡6,https://www.jra.go.jp/JRADB/accessS.html?CNAME=pw01sde1004202602030920260801%2F06,ダート,1:13.8,,的場 均,曇,定量,,
488(+2),58.0,11  12,新潟,QUARANTINED_HTML:track_condition,1200,13,pw01dud102021101521/A8,グッドヴァイブス,9,原 優介,38.5,４,03,02,12.0,3歳以上,1勝クラス,2026-08-01,pw01sde1004202602030920260801,3歳以上1勝クラス,09,（混合）［指定］,,16時55分,牡5,https://www.jra.go.jp/JRADB/accessS.html?CNAME=pw01sde1004202602030920260801%2F06,ダート,1:14.5,,高柳 瑞樹,曇,定量,,
460(-4),58.0,14  14,新潟,QUARANTINED_HTML:track_condition,1200,14,pw01dud102022105300/FB,ブリックンクリック,1,戸崎 圭太,38.1,アタマ,03,02,6.0,3歳以上,1勝クラス,2026-08-01,pw01sde1004202602030920260801,3歳以上1勝クラス,09,（混合）［指定］,,16時55分,せん4,https://www.jra.go.jp/JRADB/accessS.html?CNAME=pw01sde1004202602030920260801%2F06,ダート,1:14.5,,中舘 英二,曇,定量,,
426(+18),54.0,,新潟,QUARANTINED_HTML:track_condition,1200,除外,pw01dud102023105164/51,ノースブルースカイ,15,松岡 正海,,,03,02,,3歳以上,1勝クラス,2026-08-01,pw01sde1004202602030920260801,3歳以上1勝クラス,09,（混合）［指定］,,16時55分,牝3,https://www.jra.go.jp/JRADB/accessS.html?CNAME=pw01sde1004202602030920260801%2F06,ダート,,,堀内 岳志,曇,定量,,
496(+14),53.0,2  2  2  1,新潟,QUARANTINED_HTML:track_condition,1800,1,pw01dud102022104432/53,レイバックスピン,11,菊沢 一樹,37.7,,03,02,2,3歳以上,3勝クラス,2026-08-01,pw01sde1004202602030720260801,柳都ステークス,07,（混合）［指定］,,15時45分,牝4,https://www.jra.go.jp/JRADB/accessS.html?CNAME=pw01sde1004202602030720260801%2F9C,ダート,1:53.0,,牧浦 充徳,曇,ハンデ,,
464(0),56.0,13  13  11  11,新潟,QUARANTINED_HTML:track_condition,1800,2,pw01dud102021107192/61,アラレタバシル,2,丸山 元気,37.2,１ 3/4,03,02,4,3歳以上,3勝クラス,2026-08-01,pw01sde1004202602030720260801,柳都ステークス,07,（混合）［指定］,,15時45分,牡5,https://www.jra.go.jp/JRADB/accessS.html?CNAME=pw01sde1004202602030720260801%2F9C,ダート,1:53.3,,松尾 卓哉,曇,ハンデ,,
510(-6),55.0,3  3  2  2,新潟,QUARANTINED_HTML:track_condition,1800,3,pw01dud102019101864/C9,クロニクル,12,田辺 裕信,37.9,クビ,03,02,6,3歳以上,3勝クラス,2026-08-01,pw01sde1004202602030720260801,柳都ステークス,07,（混合）［指定］,,15時45分,せん7,https://www.jra.go.jp/JRADB/accessS.html?CNAME=pw01sde1004202602030720260801%2F9C,ダート,1:53.3,,平岩 大典,曇,ハンデ,,
456(0),55.0,14  14  13  13,新潟,QUARANTINED_HTML:track_condition,1800,4,pw01dud102020104738/80,ラフエイジアン,8,原 優介,37.1,１ 1/4,03,02,10,3歳以上,3勝クラス,2026-08-01,pw01sde1004202602030720260801,柳都ステークス,07,（混合）［指定］,,15時45分,せん6,https://www.jra.go.jp/JRADB/accessS.html?CNAME=pw01sde1004202602030720260801%2F9C,ダート,1:53.5,,中舘 英二,曇,ハンデ,,
492(-4),57.0,4  3  4  4,新潟,QUARANTINED_HTML:track_condition,1800,5,pw01dud102021104092/63,ペンナヴェローチェ,6,戸崎 圭太,38.1,１ 1/2,03,02,1,3歳以上,3勝クラス,2026-08-01,pw01sde1004202602030720260801,柳都ステークス,07,（混合）［指定］,,15時45分,牡5,https://www.jra.go.jp/JRADB/accessS.html?CNAME=pw01sde1004202602030720260801%2F9C,ダート,1:53.7,,須貝 尚介,曇,ハンデ,,
506(-4),55.0,1  1  1  2,新潟,QUARANTINED_HTML:track_condition,1800,6,pw01dud102021103525/52,アデランテ,5,吉田 豊,38.7,２,03,02,7,3歳以上,3勝クラス,2026-08-01,pw01sde1004202602030720260801,柳都ステークス,07,（混合）［指定］,,15時45分,せん5,https://www.jra.go.jp/JRADB/accessS.html?CNAME=pw01sde1004202602030720260801%2F9C,ダート,1:54.0,,菊川 正達,曇,ハンデ,,
478(0),54.0,4  3  4  4,新潟,QUARANTINED_HTML:track_condition,1800,7,pw01dud102021100260/F3,エイブラムス,3,今村 聖奈,38.6,３／４,03,02,9,3歳以上,3勝クラス,2026-08-01,pw01sde1004202602030720260801,柳都ステークス,07,（混合）［指定］,,15時45分,牡5,https://www.jra.go.jp/JRADB/accessS.html?CNAME=pw01sde1004202602030720260801%2F9C,ダート,1:54.2,,鈴木 慎太郎,曇,ハンデ,,
494(0),52.0,9  9  11  11,新潟,QUARANTINED_HTML:track_condition,1800,8,pw01dud102021102753/0F,サンセットブライト,4,木幡 巧也,38.1,アタマ,03,02,12,3歳以上,3勝クラス,2026-08-01,pw01sde1004202602030720260801,柳都ステークス,07,（混合）［指定］,,15時45分,牝5,https://www.jra.go.jp/JRADB/accessS.html?CNAME=pw01sde1004202602030720260801%2F9C,ダート,1:54.2,,相沢 郁,曇,ハンデ,,
478(+10),52.0,12  11  13  13,新潟,QUARANTINED_HTML:track_condition,1800,9,pw01dud102021102982/2E,ベルダイナフェロー,1,武藤 雅,37.8,クビ,03,02,8,3歳以上,3勝クラス,2026-08-01,pw01sde1004202602030720260801,柳都ステークス,07,（混合）［指定］,,15時45分,牝5,https://www.jra.go.jp/JRADB/accessS.html?CNAME=pw01sde1004202602030720260801%2F9C,ダート,1:54.2,,東田 明士,曇,ハンデ,,
500(-2),55.0,6  6  4  4,新潟,QUARANTINED_HTML:track_condition,1800,10,pw01dud102022102131/6F,ショウサンジョージ,14,国分 優作,38.9,１ 3/4,03,02,3,3歳以上,3勝クラス,2026-08-01,pw01sde1004202602030720260801,柳都ステークス,07,（混合）［指定］,,15時45分,牡4,https://www.jra.go.jp/JRADB/accessS.html?CNAME=pw01sde1004202602030720260801%2F9C,ダート,1:54.5,,松下 武士,曇,ハンデ,,
514(0),53.0,7  8  7  7,新潟,QUARANTINED_HTML:track_condition,1800,11,pw01dud102018101243/84,オレデイイノカ,15,松岡 正海,38.8,アタマ,03,02,15,3歳以上,3勝クラス,2026-08-01,pw01sde1004202602030720260801,柳都ステークス,07,（混合）［指定］,,15時45分,牡8,https://www.jra.go.jp/JRADB/accessS.html?CNAME=pw01sde1004202602030720260801%2F9C,ダート,1:54.6,,古賀 慎明,曇,ハンデ,,
508(+6),53.0,7  6  7  7,新潟,QUARANTINED_HTML:track_condition,1800,12,pw01dud102018102832/16,ゲンパチムサシ,7,小崎 綾也,38.7,クビ,03,02,14,3歳以上,3勝クラス,2026-08-01,pw01sde1004202602030720260801,柳都ステークス,07,（混合）［指定］,,15時45分,牡8,https://www.jra.go.jp/JRADB/accessS.html?CNAME=pw01sde1004202602030720260801%2F9C,ダート,1:54.6,,秋本 大介,曇,ハンデ,,
528(+6),54.0,9  9  7  7,新潟,QUARANTINED_HTML:track_condition,1800,13,pw01dud102017104238/F4,フームスムート,10,丸田 恭介,39.0,１ 1/2,03,02,13,3歳以上,3勝クラス,2026-08-01,pw01sde1004202602030720260801,柳都ステークス,07,（混合）［指定］,,15時45分,牡9,https://www.jra.go.jp/JRADB/accessS.html?CNAME=pw01sde1004202602030720260801%2F9C,ダート,1:54.9,,水野 貴広,曇,ハンデ,,
472(+10),56.0,11  11  7  7,新潟,QUARANTINED_HTML:track_condition,1800,14,pw01dud102022103703/3A,ブルータス,9,荻野 極,39.6,４,03,02,5,3歳以上,3勝クラス,2026-08-01,pw01sde1004202602030720260801,柳都ステークス,07,（混合）［指定］,,15時45分,牡4,https://www.jra.go.jp/JRADB/accessS.html?CNAME=pw01sde1004202602030720260801%2F9C,ダート,1:55.5,,高柳 瑞樹,曇,ハンデ,,
504(+6),52.0,14  14  15  15,新潟,QUARANTINED_HTML:track_condition,1800,15,pw01dud102021103288/78,カフェニクス,13,江田 照男,38.9,１ 3/4,03,02,11,3歳以上,3勝クラス,2026-08-01,pw01sde1004202602030720260801,柳都ステークス,07,（混合）［指定］,,15時45分,牝5,https://www.jra.go.jp/JRADB/accessS.html?CNAME=pw01sde1004202602030720260801%2F9C,ダート,1:55.8,,柄崎 将寿,曇,ハンデ,,
494(-4),57.0,6  5  4  2,新潟,QUARANTINED_HTML:track_condition,1800,1,pw01dud102023100346/CE,ブライトラン,11,嶋田 純次,40.3,,03,02,9.0,3歳,未勝利,2026-08-01,pw01sde1004202602031020260801,3歳未勝利,10,（混合）［指定］,,17時30分,牡3,https://www.jra.go.jp/JRADB/accessS.html?CNAME=pw01sde1004202602031020260801%2FFB,ダート,1:56.4,,尾形 和幸,曇,馬齢,,
494(+6),57.0,1  1  1  1,新潟,QUARANTINED_HTML:track_condition,1800,2,pw01dud102023103252/AE,タマモブレイキン,1,菊沢 一樹,40.9,１ 1/4,03,02,3.0,3歳,未勝利,2026-08-01,pw01sde1004202602031020260801,3歳未勝利,10,（混合）［指定］,,17時30分,牡3,https://www.jra.go.jp/JRADB/accessS.html?CNAME=pw01sde1004202602031020260801%2FFB,ダート,1:56.6,,伊藤 圭三,曇,馬齢,,
442(-4),57.0,7  8  7  6,新潟,QUARANTINED_HTML:track_condition,1800,3,pw01dud102023104504/C6,ゴールドプレイヤー,13,戸崎 圭太,40.4,クビ,03,02,1.0,3歳,未勝利,2026-08-01,pw01sde1004202602031020260801,3歳未勝利,10,（混合）［指定］,,17時30分,牡3,https://www.jra.go.jp/JRADB/accessS.html?CNAME=pw01sde1004202602031020260801%2FFB,ダート,1:56.6,,古賀 慎明,曇,馬齢,,
476(+12),57.0,7  7  7  6,新潟,QUARANTINED_HTML:track_condition,1800,4,pw01dud102023101095/07,タニセンローマ,4,小林 脩斗,41.2,５,03,02,7.0,3歳,未勝利,2026-08-01,pw01sde1004202602031020260801,3歳未勝利,10,（混合）［指定］,,17時30分,牡3,https://www.jra.go.jp/JRADB/accessS.html?CNAME=pw01sde1004202602031020260801%2FFB,ダート,1:57.4,,斎藤 誠,曇,馬齢,,
482(+3),57.0,9  10  13  10,新潟,QUARANTINED_HTML:track_condition,1800,5,pw01dud102023105465/57,ダイヒョウカーク,7,杉原 誠人,40.6,１,03,02,14.0,3歳,未勝利,2026-08-01,pw01sde1004202602031020260801,3歳未勝利,10,（混合）［指定］,,17時30分,牡3,https://www.jra.go.jp/JRADB/accessS.html?CNAME=pw01sde1004202602031020260801%2FFB,ダート,1:57.6,,松山 将樹,曇,馬齢,,
434(0),54.0,9  9  9  9,新潟,QUARANTINED_HTML:track_condition,1800,6,pw01dud102023106198/3C,パワポケグッド,2,▲上里 直汰,41.3,３／４,03,02,12.0,3歳,未勝利,2026-08-01,pw01sde1004202602031020260801,3歳未勝利,10,（混合）［指定］,,17時30分,牡3,https://www.jra.go.jp/JRADB/accessS.html?CNAME=pw01sde1004202602031020260801%2FFB,ダート,1:57.7,,大和田 成,曇,馬齢,,
466(0),57.0,11  11  9  10,新潟,QUARANTINED_HTML:track_condition,1800,7,pw01dud102023105341/3A,ニュークリアス,14,大野 拓弥,41.2,クビ,03,02,8.0,3歳,未勝利,2026-08-01,pw01sde1004202602031020260801,3歳未勝利,10,（混合）［指定］,,17時30分,牡3,https://www.jra.go.jp/JRADB/accessS.html?CNAME=pw01sde1004202602031020260801%2FFB,ダート,1:57.7,,古賀 大生,曇,馬齢,,
498(+4),57.0,5  5  4  6,新潟,QUARANTINED_HTML:track_condition,1800,8,pw01dud102023105842/A2,ロードプレリュード,5,木幡 巧也,41.8,１／２,03,02,2.0,3歳,未勝利,2026-08-01,pw01sde1004202602031020260801,3歳未勝利,10,（混合）［指定］,,17時30分,牡3,https://www.jra.go.jp/JRADB/accessS.html?CNAME=pw01sde1004202602031020260801%2FFB,ダート,1:57.8,,稲垣 幸雄,曇,馬齢,,
470(+10),54.0,3  3  2  2,新潟,QUARANTINED_HTML:track_condition,1800,9,pw01dud102023103927/14,クリアーゲイル,12,▲石田 拓郎,42.3,１ 1/2,03,02,4.0,3歳,未勝利,2026-08-01,pw01sde1004202602031020260801,3歳未勝利,10,（混合）［指定］,,17時30分,牡3,https://www.jra.go.jp/JRADB/accessS.html?CNAME=pw01sde1004202602031020260801%2FFB,ダート,1:58.1,,浅利 英明,曇,馬齢,,
492(-8),52.0,3  3  4  2,新潟,QUARANTINED_HTML:track_condition,1800,10,pw01dud102023107522/CD,デアトゥノウ,10,▲佐藤 翔馬,42.1,ハナ,03,02,10.0,3歳,未勝利,2026-08-01,pw01sde1004202602031020260801,3歳未勝利,10,（混合）［指定］,,17時30分,牝3,https://www.jra.go.jp/JRADB/accessS.html?CNAME=pw01sde1004202602031020260801%2FFB,ダート,1:58.1,,田島 俊明,曇,馬齢,,
456(0),57.0,12  13  11  10,新潟,QUARANTINED_HTML:track_condition,1800,11,pw01dud102023104611/AE,ゼンノスタニング,9,原 優介,41.5,ハナ,03,02,6.0,3歳,未勝利,2026-08-01,pw01sde1004202602031020260801,3歳未勝利,10,（混合）［指定］,,17時30分,牡3,https://www.jra.go.jp/JRADB/accessS.html?CNAME=pw01sde1004202602031020260801%2FFB,ダート,1:58.1,,小手川 準,曇,馬齢,,
472(-8),57.0,12  11  13  13,新潟,QUARANTINED_HTML:track_condition,1800,12,pw01dud102023100304/A8,セイクリッドシチー,3,江田 照男,41.7,３,03,02,13.0,3歳,未勝利,2026-08-01,pw01sde1004202602031020260801,3歳未勝利,10,（混合）［指定］,,17時30分,牡3,https://www.jra.go.jp/JRADB/accessS.html?CNAME=pw01sde1004202602031020260801%2FFB,ダート,1:58.6,,田中 剛,曇,馬齢,,
442(-6),57.0,14  14  12  14,新潟,QUARANTINED_HTML:track_condition,1800,13,pw01dud102023101129/94,ノクターナルハント,15,小崎 綾也,41.9,クビ,03,02,11.0,3歳,未勝利,2026-08-01,pw01sde1004202602031020260801,3歳未勝利,10,（混合）［指定］,,17時30分,せん3,https://www.jra.go.jp/JRADB/accessS.html?CNAME=pw01sde1004202602031020260801%2FFB,ダート,1:58.7,,和田 勇介,曇,馬齢,,
484(+6),55.0,2  2  2  2,新潟,QUARANTINED_HTML:track_condition,1800,14,pw01dud102023103314/85,イネガラーブル,6,◇今村 聖奈,45.6,大差,03,02,5.0,3歳,未勝利,2026-08-01,pw01sde1004202602031020260801,3歳未勝利,10,（混合）［指定］,,17時30分,牡3,https://www.jra.go.jp/JRADB/accessS.html?CNAME=pw01sde1004202602031020260801%2FFB,ダート,2:01.4,,久保田 貴士,曇,馬齢,,
,57.0,,新潟,QUARANTINED_HTML:track_condition,1800,取消,pw01dud102023100766/B2,フッカツノジャンボ,8,木幡 育也,,,03,02,,3歳,未勝利,2026-08-01,pw01sde1004202602031020260801,3歳未勝利,10,（混合）［指定］,,17時30分,牡3,https://www.jra.go.jp/JRADB/accessS.html?CNAME=pw01sde1004202602031020260801%2FFB,ダート,,,勢司 和浩,曇,馬齢,,
442(+6),55.0,17  16  1  1,新潟,PASS_HTML,2000,1,pw01dud102023107165/A2,ジワタネホ,2,三浦 皇成,35.5,,03,02,2,3歳,未勝利,2026-08-01,pw01sde1004202602031120260801,3歳未勝利,11,牝［指定］,,18時00分,牝3,https://www.jra.go.jp/JRADB/accessS.html?CNAME=pw01sde1004202602031120260801%2FB0,芝,2:00.7,良,中舘 英二,曇,馬齢,,
428(0),55.0,7  7  6  6,新潟,PASS_HTML,2000,2,pw01dud102023107406/48,クリスタルドレス,11,江田 照男,35.2,２ 1/2,03,02,1,3歳,未勝利,2026-08-01,pw01sde1004202602031120260801,3歳未勝利,11,牝［指定］,,18時00分,牝3,https://www.jra.go.jp/JRADB/accessS.html?CNAME=pw01sde1004202602031120260801%2FB0,芝,2:01.1,良,高橋 文雅,曇,馬齢,,
422(+6),55.0,5  5  6  6,新潟,PASS_HTML,2000,3,pw01dud102023105892/F2,ブライスフェアリー,5,松岡 正海,35.4,３／４,03,02,4,3歳,未勝利,2026-08-01,pw01sde1004202602031120260801,3歳未勝利,11,牝［指定］,,18時00分,牝3,https://www.jra.go.jp/JRADB/accessS.html?CNAME=pw01sde1004202602031120260801%2FB0,芝,2:01.2,良,堀内 岳志,曇,馬齢,,
414(-8),55.0,10  10  13  14,新潟,PASS_HTML,2000,4,pw01dud102023106893/54,ヴェニゼロス,1,戸崎 圭太,34.7,ハナ,03,02,3,3歳,未勝利,2026-08-01,pw01sde1004202602031120260801,3歳未勝利,11,牝［指定］,,18時00分,牝3,https://www.jra.go.jp/JRADB/accessS.html?CNAME=pw01sde1004202602031120260801%2FB0,芝,2:01.2,良,林 徹,曇,馬齢,,
550(初出走),55.0,18  18  2  2,新潟,PASS_HTML,2000,5,pw01dud102023106892/E1,ウラヌスリング,18,岩田 康誠,35.9,ハナ,03,02,8,3歳,未勝利,2026-08-01,pw01sde1004202602031120260801,3歳未勝利,11,牝［指定］,,18時00分,牝3,https://www.jra.go.jp/JRADB/accessS.html?CNAME=pw01sde1004202602031120260801%2FB0,芝,2:01.2,良,斎藤 誠,曇,馬齢,,
432(-4),55.0,3  3  5  4,新潟,PASS_HTML,2000,6,pw01dud102023105230/86,アニゴザントス,12,菊沢 一樹,35.8,３／４,03,02,9,3歳,未勝利,2026-08-01,pw01sde1004202602031120260801,3歳未勝利,11,牝［指定］,,18時00分,牝3,https://www.jra.go.jp/JRADB/accessS.html?CNAME=pw01sde1004202602031120260801%2FB0,芝,2:01.4,良,古賀 慎明,曇,馬齢,,
394(-4),52.0,5  5  8  8,新潟,PASS_HTML,2000,7,pw01dud102023102172/AE,フロンテアムーン,6,▲石田 拓郎,35.5,１ 1/2,03,02,10,3歳,未勝利,2026-08-01,pw01sde1004202602031120260801,3歳未勝利,11,牝［指定］,,18時00分,牝3,https://www.jra.go.jp/JRADB/accessS.html?CNAME=pw01sde1004202602031120260801%2FB0,芝,2:01.6,良,奥村 武,曇,馬齢,,
442(-2),55.0,7  7  11  11,新潟,PASS_HTML,2000,8,pw01dud102023100312/D2,キリスパークル,4,石橋 脩,35.4,クビ,03,02,13,3歳,未勝利,2026-08-01,pw01sde1004202602031120260801,3歳未勝利,11,牝［指定］,,18時00分,牝3,https://www.jra.go.jp/JRADB/accessS.html?CNAME=pw01sde1004202602031120260801%2FB0,芝,2:01.7,良,勢司 和浩,曇,馬齢,,
474(-4),55.0,2  2  3  4,新潟,PASS_HTML,2000,9,pw01dud102023104597/AF,ラスターヴァース,13,武藤 雅,36.4,１,03,02,11,3歳,未勝利,2026-08-01,pw01sde1004202602031120260801,3歳未勝利,11,牝［指定］,,18時00分,牝3,https://www.jra.go.jp/JRADB/accessS.html?CNAME=pw01sde1004202602031120260801%2FB0,芝,2:01.9,良,牧 光二,曇,馬齢,,
456(+8),55.0,9  7  11  13,新潟,PASS_HTML,2000,10,pw01dud102023102362/00,ブライトエアリー,3,木幡 巧也,35.5,アタマ,03,02,5,3歳,未勝利,2026-08-01,pw01sde1004202602031120260801,3歳未勝利,11,牝［指定］,,18時00分,牝3,https://www.jra.go.jp/JRADB/accessS.html?CNAME=pw01sde1004202602031120260801%2FB0,芝,2:01.9,良,相沢 郁,曇,馬齢,,
426(0),55.0,3  3  8  8,新潟,PASS_HTML,2000,11,pw01dud102023106417/DC,フュチュール,7,杉原 誠人,35.9,１／２,03,02,14,3歳,未勝利,2026-08-01,pw01sde1004202602031120260801,3歳未勝利,11,牝［指定］,,18時00分,牝3,https://www.jra.go.jp/JRADB/accessS.html?CNAME=pw01sde1004202602031120260801%2FB0,芝,2:02.0,良,嘉藤 貴行,曇,馬齢,,
432(+2),55.0,14  13  15  14,新潟,PASS_HTML,2000,12,pw01dud102023102065/C6,ティンブロポップ,9,大野 拓弥,35.5,３／４,03,02,16,3歳,未勝利,2026-08-01,pw01sde1004202602031120260801,3歳未勝利,11,牝［指定］,,18時00分,牝3,https://www.jra.go.jp/JRADB/accessS.html?CNAME=pw01sde1004202602031120260801%2FB0,芝,2:02.1,良,和田 勇介,曇,馬齢,,
434(+6),55.0,10  10  8  8,新潟,PASS_HTML,2000,13,pw01dud102023102381/AD,カタカムナ,16,原 優介,36.1,３／４,03,02,12,3歳,未勝利,2026-08-01,pw01sde1004202602031120260801,3歳未勝利,11,牝［指定］,,18時00分,牝3,https://www.jra.go.jp/JRADB/accessS.html?CNAME=pw01sde1004202602031120260801%2FB0,芝,2:02.2,良,蛯名 利弘,曇,馬齢,,
462(+4),55.0,1  1  3  3,新潟,PASS_HTML,2000,14,pw01dud102023102090/B7,クイーンアン,8,田辺 裕信,37.1,２ 1/2,03,02,7,3歳,未勝利,2026-08-01,pw01sde1004202602031120260801,3歳未勝利,11,牝［指定］,,18時00分,牝3,https://www.jra.go.jp/JRADB/accessS.html?CNAME=pw01sde1004202602031120260801%2FB0,芝,2:02.6,良,蛯名 正義,曇,馬齢,,
390(+6),52.0,10  10  15  16,新潟,PASS_HTML,2000,15,pw01dud102023100300/DC,ケープティアラ,10,▲上里 直汰,36.0,ハナ,03,02,18,3歳,未勝利,2026-08-01,pw01sde1004202602031120260801,3歳未勝利,11,牝［指定］,,18時00分,牝3,https://www.jra.go.jp/JRADB/accessS.html?CNAME=pw01sde1004202602031120260801%2FB0,芝,2:02.6,良,栗田 徹,曇,馬齢,,
464(-2),55.0,16  17  17  17,新潟,PASS_HTML,2000,16,pw01dud102023105254/72,パルミエ,17,小崎 綾也,35.6,クビ,03,02,15,3歳,未勝利,2026-08-01,pw01sde1004202602031120260801,3歳未勝利,11,牝［指定］,,18時00分,牝3,https://www.jra.go.jp/JRADB/accessS.html?CNAME=pw01sde1004202602031120260801%2FB0,芝,2:02.6,良,松尾 卓哉,曇,馬齢,,
466(-6),53.0,13  13  13  11,新潟,PASS_HTML,2000,17,pw01dud102023104065/A4,ジャストビコーズ,14,◇今村 聖奈,36.2,クビ,03,02,6,3歳,未勝利,2026-08-01,pw01sde1004202602031120260801,3歳未勝利,11,牝［指定］,,18時00分,牝3,https://www.jra.go.jp/JRADB/accessS.html?CNAME=pw01sde1004202602031120260801%2FB0,芝,2:02.7,良,武井 亮,曇,馬齢,,
406(+2),55.0,14  13  17  18,新潟,PASS_HTML,2000,18,pw01dud102023104365/37,ヤマニンジェンナ,15,野中 悠太郎,37.0,８,03,02,17,3歳,未勝利,2026-08-01,pw01sde1004202602031120260801,3歳未勝利,11,牝［指定］,,18時00分,牝3,https://www.jra.go.jp/JRADB/accessS.html?CNAME=pw01sde1004202602031120260801%2FB0,芝,2:04.0,良,秋本 大介,曇,馬齢,,
488(+12),54.0,2  2,新潟,PASS_HTML,1200,1,pw01dud102023103036/F8,カガラプンツェル,7,原 優介,34.3,,03,02,1,3歳以上,1勝クラス,2026-08-01,pw01sde1004202602031220260801,3歳以上1勝クラス,12,（混合）［指定］,,18時30分,牝3,https://www.jra.go.jp/JRADB/accessS.html?CNAME=pw01sde1004202602031220260801%2F65,芝,1:08.2,良,萱野 浩二,曇,定量,,
494(+4),53.0,3  3,新潟,PASS_HTML,1200,2,pw01dud102022101108/75,ホウオウショコラ,6,▲上里 直汰,34.3,３／４,03,02,6,3歳以上,1勝クラス,2026-08-01,pw01sde1004202602031220260801,3歳以上1勝クラス,12,（混合）［指定］,,18時30分,牝4,https://www.jra.go.jp/JRADB/accessS.html?CNAME=pw01sde1004202602031220260801%2F65,芝,1:08.4,良,大竹 正博,曇,定量,,
552(+8),58.0,17  17,新潟,PASS_HTML,1200,3,pw01dud102022106203/12,カシオペア,8,石川 裕紀人,32.9,クビ,03,02,7,3歳以上,1勝クラス,2026-08-01,pw01sde1004202602031220260801,3歳以上1勝クラス,12,（混合）［指定］,,18時30分,牡4,https://www.jra.go.jp/JRADB/accessS.html?CNAME=pw01sde1004202602031220260801%2F65,芝,1:08.4,良,上原 佑紀,曇,定量,,
452(-6),55.0,9  8,新潟,PASS_HTML,1200,4,pw01dud102022103155/4A,タイキオーベロン,2,▲石田 拓郎,34.0,３／４,03,02,5,3歳以上,1勝クラス,2026-08-01,pw01sde1004202602031220260801,3歳以上1勝クラス,12,（混合）［指定］,,18時30分,牡4,https://www.jra.go.jp/JRADB/accessS.html?CNAME=pw01sde1004202602031220260801%2F65,芝,1:08.5,良,高木 登,曇,定量,,
430(-2),52.0,5  5,新潟,PASS_HTML,1200,5,pw01dud102023101910/01,ステキサプライズ,17,★谷原 柚希,34.3,クビ,03,02,12,3歳以上,1勝クラス,2026-08-01,pw01sde1004202602031220260801,3歳以上1勝クラス,12,（混合）［指定］,,18時30分,牡3,https://www.jra.go.jp/JRADB/accessS.html?CNAME=pw01sde1004202602031220260801%2F65,芝,1:08.6,良,粕谷 昌央,曇,定量,,
460(-4),56.0,13  13,新潟,PASS_HTML,1200,6,pw01dud102023104357/0D,ヤマニンアレシス,14,大野 拓弥,33.7,ハナ,03,02,2,3歳以上,1勝クラス,2026-08-01,pw01sde1004202602031220260801,3歳以上1勝クラス,12,（混合）［指定］,,18時30分,牡3,https://www.jra.go.jp/JRADB/accessS.html?CNAME=pw01sde1004202602031220260801%2F65,芝,1:08.6,良,堀内 岳志,曇,定量,,
476(+4),54.0,7  8,新潟,PASS_HTML,1200,7,pw01dud102023104505/39,ゴールドパレード,16,△石神 深道,34.3,１／２,03,02,4,3歳以上,1勝クラス,2026-08-01,pw01sde1004202602031220260801,3歳以上1勝クラス,12,（混合）［指定］,,18時30分,牡3,https://www.jra.go.jp/JRADB/accessS.html?CNAME=pw01sde1004202602031220260801%2F65,芝,1:08.7,良,天間 昭一,曇,定量,,
428(-6),54.0,1  1,新潟,PASS_HTML,1200,8,pw01dud102023106299/E0,ダイユウルミナス,4,小崎 綾也,35.1,１／２,03,02,11,3歳以上,1勝クラス,2026-08-01,pw01sde1004202602031220260801,3歳以上1勝クラス,12,（混合）［指定］,,18時30分,牝3,https://www.jra.go.jp/JRADB/accessS.html?CNAME=pw01sde1004202602031220260801%2F65,芝,1:08.8,良,松永 康利,曇,定量,,
460(0),58.0,12  11,新潟,PASS_HTML,1200,9,pw01dud102022105241/7D,ソナタン,3,野中 悠太郎,34.0,クビ,03,02,9,3歳以上,1勝クラス,2026-08-01,pw01sde1004202602031220260801,3歳以上1勝クラス,12,（混合）［指定］,,18時30分,牡4,https://www.jra.go.jp/JRADB/accessS.html?CNAME=pw01sde1004202602031220260801%2F65,芝,1:08.8,良,和田 勇介,曇,定量,,
460(+4),58.0,9  8,新潟,PASS_HTML,1200,10,pw01dud102020103885/B9,クリノゴッホ,5,木幡 巧也,34.4,１／２,03,02,14,3歳以上,1勝クラス,2026-08-01,pw01sde1004202602031220260801,3歳以上1勝クラス,12,（混合）［指定］,,18時30分,せん6,https://www.jra.go.jp/JRADB/accessS.html?CNAME=pw01sde1004202602031220260801%2F65,芝,1:08.9,良,新開 幸一,曇,定量,,
420(-2),53.0,13  14,新潟,PASS_HTML,1200,11,pw01dud102023105043/8D,シルフィー,12,▲佐藤 翔馬,33.9,ハナ,03,02,10,3歳以上,1勝クラス,2026-08-01,pw01sde1004202602031220260801,3歳以上1勝クラス,12,（混合）［指定］,,18時30分,牡3,https://www.jra.go.jp/JRADB/accessS.html?CNAME=pw01sde1004202602031220260801%2F65,芝,1:08.9,良,村田 一誠,曇,定量,,
418(-4),54.0,4  3,新潟,PASS_HTML,1200,12,pw01dud102023102312/B0,ラブソング,9,嶋田 純次,34.7,クビ,03,02,15,3歳以上,1勝クラス,2026-08-01,pw01sde1004202602031220260801,3歳以上1勝クラス,12,（混合）［指定］,,18時30分,牝3,https://www.jra.go.jp/JRADB/accessS.html?CNAME=pw01sde1004202602031220260801%2F65,芝,1:08.9,良,尾関 知人,曇,定量,,
428(+4),54.0,11  11,新潟,PASS_HTML,1200,13,pw01dud102023103225/D7,グラデュエール,10,木幡 初也,34.3,１／２,03,02,17,3歳以上,1勝クラス,2026-08-01,pw01sde1004202602031220260801,3歳以上1勝クラス,12,（混合）［指定］,,18時30分,牝3,https://www.jra.go.jp/JRADB/accessS.html?CNAME=pw01sde1004202602031220260801%2F65,芝,1:09.0,良,粕谷 昌央,曇,定量,,
506(+6),58.0,15  15,新潟,PASS_HTML,1200,14,pw01dud102022106719/C9,アスクザアメリカン,1,武藤 雅,33.8,クビ,03,02,13,3歳以上,1勝クラス,2026-08-01,pw01sde1004202602031220260801,3歳以上1勝クラス,12,（混合）［指定］,,18時30分,牡4,https://www.jra.go.jp/JRADB/accessS.html?CNAME=pw01sde1004202602031220260801%2F65,芝,1:09.0,良,野中 賢二,曇,定量,,
420(-6),54.0,15  15,新潟,PASS_HTML,1200,15,pw01dud102023102163/11,ソルトバーン,15,柴田 大知,33.8,３／４,03,02,16,3歳以上,1勝クラス,2026-08-01,pw01sde1004202602031220260801,3歳以上1勝クラス,12,（混合）［指定］,,18時30分,牝3,https://www.jra.go.jp/JRADB/accessS.html?CNAME=pw01sde1004202602031220260801%2F65,芝,1:09.1,良,和田 雄二,曇,定量,,
452(+4),56.0,7  5,新潟,PASS_HTML,1200,16,pw01dud102022106796/F0,レモンバーム,11,菊沢 一樹,35.0,１ 1/2,03,02,3,3歳以上,1勝クラス,2026-08-01,pw01sde1004202602031220260801,3歳以上1勝クラス,12,（混合）［指定］,,18時30分,牝4,https://www.jra.go.jp/JRADB/accessS.html?CNAME=pw01sde1004202602031220260801%2F65,芝,1:09.4,良,嘉藤 貴行,曇,定量,,
486(-12),56.0,5  5,新潟,PASS_HTML,1200,17,pw01dud102023104886/BF,ロードストラダーレ,13,丸田 恭介,35.8,４,03,02,8,3歳以上,1勝クラス,2026-08-01,pw01sde1004202602031220260801,3歳以上1勝クラス,12,（混合）［指定］,,18時30分,牡3,https://www.jra.go.jp/JRADB/accessS.html?CNAME=pw01sde1004202602031220260801%2F65,芝,1:10.1,良,本間 忍,曇,定量,,
416(初出走),55.0,6  3,新潟,PASS_HTML,1600,1,pw01dud102024102993/55,ニシノトラノスケ,13,菊沢 一樹,34.4,,04,02,8,2歳,新馬,2026-08-02,pw01sde1004202602040320260802,メイクデビュー新潟,03,[指定],,10時50分,牡2,https://www.jra.go.jp/JRADB/accessS.html?CNAME=pw01sde1004202602040320260802%2FF8,芝,1:36.7,良,千葉 直人,曇,馬齢,,
506(初出走),55.0,6  7,新潟,PASS_HTML,1600,2,pw01dud102024106697/4A,ファーストアライヴ,5,荻野 極,34.0,アタマ,04,02,1,2歳,新馬,2026-08-02,pw01sde1004202602040320260802,メイクデビュー新潟,03,[指定],,10時50分,牡2,https://www.jra.go.jp/JRADB/accessS.html?CNAME=pw01sde1004202602040320260802%2FF8,芝,1:36.7,良,高木 登,曇,馬齢,,
434(初出走),55.0,12  11,新潟,PASS_HTML,1600,3,pw01dud102024105987/DE,ヴァルフォース,11,三浦 皇成,34.4,１ 1/2,04,02,3,2歳,新馬,2026-08-02,pw01sde1004202602040320260802,メイクデビュー新潟,03,[指定],,10時50分,牝2,https://www.jra.go.jp/JRADB/accessS.html?CNAME=pw01sde1004202602040320260802%2FF8,芝,1:37.0,良,加藤 征弘,曇,馬齢,,
484(初出走),55.0,5  3,新潟,PASS_HTML,1600,4,pw01dud102024105763/90,コンフィアル,12,田辺 裕信,35.0,１ 1/2,04,02,4,2歳,新馬,2026-08-02,pw01sde1004202602040320260802,メイクデビュー新潟,03,[指定],,10時50分,牡2,https://www.jra.go.jp/JRADB/accessS.html?CNAME=pw01sde1004202602040320260802%2FF8,芝,1:37.2,良,嘉藤 貴行,曇,馬齢,,
430(初出走),55.0,3  3,新潟,PASS_HTML,1600,5,pw01dud102024100295/06,クラオルグジェシダ,3,丸山 元気,34.9,ハナ,04,02,9,2歳,新馬,2026-08-02,pw01sde1004202602040320260802,メイクデビュー新潟,03,[指定],,10時50分,牝2,https://www.jra.go.jp/JRADB/accessS.html?CNAME=pw01sde1004202602040320260802%2FF8,芝,1:37.2,良,田島 俊明,曇,馬齢,,
476(初出走),55.0,1  1,新潟,PASS_HTML,1600,6,pw01dud102024106419/4E,マイネルリシャール,7,津村 明秀,35.2,アタマ,04,02,5,2歳,新馬,2026-08-02,pw01sde1004202602040320260802,メイクデビュー新潟,03,[指定],,10時50分,牡2,https://www.jra.go.jp/JRADB/accessS.html?CNAME=pw01sde1004202602040320260802%2FF8,芝,1:37.2,良,鹿戸 雄一,曇,馬齢,,
424(初出走),55.0,11  11,新潟,PASS_HTML,1600,7,pw01dud102024106408/CB,スカーレットクラン,9,武藤 雅,34.2,アタマ,04,02,7,2歳,新馬,2026-08-02,pw01sde1004202602040320260802,メイクデビュー新潟,03,[指定],,10時50分,牝2,https://www.jra.go.jp/JRADB/accessS.html?CNAME=pw01sde1004202602040320260802%2FF8,芝,1:37.2,良,林 徹,曇,馬齢,,
452(初出走),55.0,3  6,新潟,PASS_HTML,1600,8,pw01dud102024106925/87,ペアレンツハート,4,戸崎 圭太,34.9,クビ,04,02,2,2歳,新馬,2026-08-02,pw01sde1004202602040320260802,メイクデビュー新潟,03,[指定],,10時50分,牝2,https://www.jra.go.jp/JRADB/accessS.html?CNAME=pw01sde1004202602040320260802%2FF8,芝,1:37.3,良,田中 博康,曇,馬齢,,
456(初出走),53.0,12  11,新潟,PASS_HTML,1600,9,pw01dud102024105028/38,ベールダウン,1,△石神 深道,34.5,１／２,04,02,6,2歳,新馬,2026-08-02,pw01sde1004202602040320260802,メイクデビュー新潟,03,[指定],,10時50分,牝2,https://www.jra.go.jp/JRADB/accessS.html?CNAME=pw01sde1004202602040320260802%2FF8,芝,1:37.4,良,松尾 卓哉,曇,馬齢,,
426(初出走),55.0,2  2,新潟,PASS_HTML,1600,10,pw01dud102024103350/85,コイゾラ,8,石川 裕紀人,35.3,クビ,04,02,11,2歳,新馬,2026-08-02,pw01sde1004202602040320260802,メイクデビュー新潟,03,[指定],,10時50分,牝2,https://www.jra.go.jp/JRADB/accessS.html?CNAME=pw01sde1004202602040320260802%2FF8,芝,1:37.4,良,浅利 英明,曇,馬齢,,
436(初出走),53.0,6  7,新潟,PASS_HTML,1600,11,pw01dud102024101728/D3,ビスクヴィート,6,◇今村 聖奈,35.0,２ 1/2,04,02,10,2歳,新馬,2026-08-02,pw01sde1004202602040320260802,メイクデビュー新潟,03,[指定],,10時50分,牡2,https://www.jra.go.jp/JRADB/accessS.html?CNAME=pw01sde1004202602040320260802%2FF8,芝,1:37.8,良,中舘 英二,曇,馬齢,,
472(初出走),55.0,10  7,新潟,PASS_HTML,1600,12,pw01dud102024104453/FE,レーゲンシャウアー,2,柴田 大知,35.5,１ 3/4,04,02,13,2歳,新馬,2026-08-02,pw01sde1004202602040320260802,メイクデビュー新潟,03,[指定],,10時50分,牝2,https://www.jra.go.jp/JRADB/accessS.html?CNAME=pw01sde1004202602040320260802%2FF8,芝,1:38.1,良,天間 昭一,曇,馬齢,,
442(初出走),55.0,6  7,新潟,PASS_HTML,1600,13,pw01dud102024102705/49,アンドレイア,10,木幡 巧也,35.6,ハナ,04,02,12,2歳,新馬,2026-08-02,pw01sde1004202602040320260802,メイクデビュー新潟,03,[指定],,10時50分,牡2,https://www.jra.go.jp/JRADB/accessS.html?CNAME=pw01sde1004202602040320260802%2FF8,芝,1:38.1,良,牧 光二,曇,馬齢,,
510(初出走),55.0,1  1  1  1,新潟,QUARANTINED_HTML:track_condition,1800,1,pw01dud102024108321/73,リーチツモドライチ,5,戸崎 圭太,39.3,,04,02,3,2歳,新馬,2026-08-02,pw01sde1004202602040220260802,メイクデビュー新潟,02,（混合）［指定］,,10時20分,牡2,https://www.jra.go.jp/JRADB/accessS.html?CNAME=pw01sde1004202602040220260802%2F43,ダート,1:55.9,,森 秀行,曇,馬齢,,
446(初出走),55.0,5  5  4  4,新潟,QUARANTINED_HTML:track_condition,1800,2,pw01dud102024106055/FE,テンユメノオーロラ,10,菊沢 一樹,39.2,１ 1/2,04,02,2,2歳,新馬,2026-08-02,pw01sde1004202602040220260802,メイクデビュー新潟,02,（混合）［指定］,,10時20分,牝2,https://www.jra.go.jp/JRADB/accessS.html?CNAME=pw01sde1004202602040220260802%2F43,ダート,1:56.2,,平岩 大典,曇,馬齢,,
504(初出走),55.0,5  5  5  5,新潟,QUARANTINED_HTML:track_condition,1800,3,pw01dud102024106108/38,ラインホルト,6,石川 裕紀人,39.9,６,04,02,8,2歳,新馬,2026-08-02,pw01sde1004202602040220260802,メイクデビュー新潟,02,（混合）［指定］,,10時20分,牡2,https://www.jra.go.jp/JRADB/accessS.html?CNAME=pw01sde1004202602040220260802%2F43,ダート,1:57.2,,手塚 貴徳,曇,馬齢,,
478(初出走),55.0,7  5  3  2,新潟,QUARANTINED_HTML:track_condition,1800,4,pw01dud102024106348/DA,ステラガーネット,2,田辺 裕信,40.9,３,04,02,4,2歳,新馬,2026-08-02,pw01sde1004202602040220260802,メイクデビュー新潟,02,（混合）［指定］,,10時20分,牝2,https://www.jra.go.jp/JRADB/accessS.html?CNAME=pw01sde1004202602040220260802%2F43,ダート,1:57.7,,栗田 徹,曇,馬齢,,
468(初出走),55.0,11  10  9  9,新潟,QUARANTINED_HTML:track_condition,1800,5,pw01dud102024105951/FC,ゼノスフィア,3,津村 明秀,39.4,３,04,02,6,2歳,新馬,2026-08-02,pw01sde1004202602040220260802,メイクデビュー新潟,02,（混合）［指定］,,10時20分,牡2,https://www.jra.go.jp/JRADB/accessS.html?CNAME=pw01sde1004202602040220260802%2F43,ダート,1:58.2,,林 徹,曇,馬齢,,
506(初出走),55.0,2  2  2  2,新潟,QUARANTINED_HTML:track_condition,1800,6,pw01dud102024106933/B1,グランシュレーム,12,三浦 皇成,42.1,４,04,02,1,2歳,新馬,2026-08-02,pw01sde1004202602040220260802,メイクデビュー新潟,02,（混合）［指定］,,10時20分,牝2,https://www.jra.go.jp/JRADB/accessS.html?CNAME=pw01sde1004202602040220260802%2F43,ダート,1:58.8,,高木 登,曇,馬齢,,
476(初出走),55.0,3  3  6  6,新潟,QUARANTINED_HTML:track_condition,1800,7,pw01dud102024100913/F7,コウユーキミガイテ,7,木幡 初也,41.5,１／２,04,02,5,2歳,新馬,2026-08-02,pw01sde1004202602040220260802,メイクデビュー新潟,02,（混合）［指定］,,10時20分,牝2,https://www.jra.go.jp/JRADB/accessS.html?CNAME=pw01sde1004202602040220260802%2F43,ダート,1:58.9,,竹内 正洋,曇,馬齢,,
474(初出走),55.0,10  10  8  8,新潟,QUARANTINED_HTML:track_condition,1800,8,pw01dud102024102123/5D,サスケソルトバーン,11,柴田 大知,41.2,３,04,02,12,2歳,新馬,2026-08-02,pw01sde1004202602040220260802,メイクデビュー新潟,02,（混合）［指定］,,10時20分,牡2,https://www.jra.go.jp/JRADB/accessS.html?CNAME=pw01sde1004202602040220260802%2F43,ダート,1:59.4,,和田 雄二,曇,馬齢,,
446(初出走),55.0,12  12  12  12,新潟,QUARANTINED_HTML:track_condition,1800,9,pw01dud102024105829/33,ヴィシーチェック,4,大野 拓弥,38.9,５,04,02,7,2歳,新馬,2026-08-02,pw01sde1004202602040220260802,メイクデビュー新潟,02,（混合）［指定］,,10時20分,牝2,https://www.jra.go.jp/JRADB/accessS.html?CNAME=pw01sde1004202602040220260802%2F43,ダート,2:00.2,,小手川 準,曇,馬齢,,
480(初出走),55.0,9  8  9  10,新潟,QUARANTINED_HTML:track_condition,1800,10,pw01dud102024104199/5D,ライングラウス,1,武藤 雅,42.0,３ 1/2,04,02,9,2歳,新馬,2026-08-02,pw01sde1004202602040220260802,メイクデビュー新潟,02,（混合）［指定］,,10時20分,牡2,https://www.jra.go.jp/JRADB/accessS.html?CNAME=pw01sde1004202602040220260802%2F43,ダート,2:00.8,,水野 貴広,曇,馬齢,,
488(初出走),55.0,3  3  6  7,新潟,QUARANTINED_HTML:track_condition,1800,11,pw01dud102024104310/34,イチザサンダー,9,木幡 育也,44.4,６,04,02,10,2歳,新馬,2026-08-02,pw01sde1004202602040220260802,メイクデビュー新潟,02,（混合）［指定］,,10時20分,牡2,https://www.jra.go.jp/JRADB/accessS.html?CNAME=pw01sde1004202602040220260802%2F43,ダート,2:01.8,,高橋 文雅,曇,馬齢,,
430(初出走),55.0,7  8  11  11,新潟,QUARANTINED_HTML:track_condition,1800,12,pw01dud102024102023/2C,ヌンエリン,8,野中 悠太郎,48.9,大差,04,02,11,2歳,新馬,2026-08-02,pw01sde1004202602040220260802,メイクデビュー新潟,02,（混合）［指定］,,10時20分,牝2,https://www.jra.go.jp/JRADB/accessS.html?CNAME=pw01sde1004202602040220260802%2F43,ダート,2:08.1,,秋本 大介,曇,馬齢,,
442(+4),57.0,10  9,新潟,PASS_HTML,1800,1,pw01dud102023102504/E8,セーヌデローヴ,3,石川 裕紀人,33.0,,04,02,4,3歳,未勝利,2026-08-02,pw01sde1004202602040520260802,3歳未勝利,05,[指定],,11時50分,牡3,https://www.jra.go.jp/JRADB/accessS.html?CNAME=pw01sde1004202602040520260802%2F62,芝,1:47.5,良,黒岩 陽一,曇,馬齢,,
418(-2),55.0,1  1,新潟,PASS_HTML,1800,2,pw01dud102023107385/24,ジーナグレイス,4,国分 恭介,34.0,１,04,02,16,3歳,未勝利,2026-08-02,pw01sde1004202602040520260802,3歳未勝利,05,[指定],,11時50分,牝3,https://www.jra.go.jp/JRADB/accessS.html?CNAME=pw01sde1004202602040520260802%2F62,芝,1:47.6,良,田中 勝春,曇,馬齢,,
540(+20),57.0,7  9,新潟,PASS_HTML,1800,3,pw01dud102023107340/A5,レッドレガリア,7,戸崎 圭太,33.3,アタマ,04,02,1,3歳,未勝利,2026-08-02,pw01sde1004202602040520260802,3歳未勝利,05,[指定],,11時50分,牡3,https://www.jra.go.jp/JRADB/accessS.html?CNAME=pw01sde1004202602040520260802%2F62,芝,1:47.6,良,木村 哲也,曇,馬齢,,
438(+6),57.0,7  6,新潟,PASS_HTML,1800,4,pw01dud102023103429/05,ナイトバード,1,荻野 極,33.6,３／４,04,02,6,3歳,未勝利,2026-08-02,pw01sde1004202602040520260802,3歳未勝利,05,[指定],,11時50分,牡3,https://www.jra.go.jp/JRADB/accessS.html?CNAME=pw01sde1004202602040520260802%2F62,芝,1:47.8,良,中舘 英二,曇,馬齢,,
458(+4),57.0,17  18,新潟,PASS_HTML,1800,5,pw01dud102023103971/B2,フキョウワオン,17,三浦 皇成,32.9,３／４,04,02,5,3歳,未勝利,2026-08-02,pw01sde1004202602040520260802,3歳未勝利,05,[指定],,11時50分,牡3,https://www.jra.go.jp/JRADB/accessS.html?CNAME=pw01sde1004202602040520260802%2F62,芝,1:47.9,良,勢司 和浩,曇,馬齢,,
442(0),55.0,15  15,新潟,PASS_HTML,1800,6,pw01dud102023103421/6D,プラネタリーアワー,16,菱田 裕二,33.1,アタマ,04,02,8,3歳,未勝利,2026-08-02,pw01sde1004202602040520260802,3歳未勝利,05,[指定],,11時50分,牝3,https://www.jra.go.jp/JRADB/accessS.html?CNAME=pw01sde1004202602040520260802%2F62,芝,1:47.9,良,加藤 征弘,曇,馬齢,,
450(0),52.0,7  6,新潟,PASS_HTML,1800,7,pw01dud102023102715/CD,キタノアヤカ,14,▲上里 直汰,33.7,クビ,04,02,17,3歳,未勝利,2026-08-02,pw01sde1004202602040520260802,3歳未勝利,05,[指定],,11時50分,牝3,https://www.jra.go.jp/JRADB/accessS.html?CNAME=pw01sde1004202602040520260802%2F62,芝,1:47.9,良,萱野 浩二,曇,馬齢,,
424(+2),55.0,10  9,新潟,PASS_HTML,1800,8,pw01dud102023106463/60,ラグアイリータ,2,菊沢 一樹,33.7,１ 1/2,04,02,7,3歳,未勝利,2026-08-02,pw01sde1004202602040520260802,3歳未勝利,05,[指定],,11時50分,牝3,https://www.jra.go.jp/JRADB/accessS.html?CNAME=pw01sde1004202602040520260802%2F62,芝,1:48.2,良,岩戸 孝樹,曇,馬齢,,
444(-6),57.0,5  3,新潟,PASS_HTML,1800,9,pw01dud102023106255/D4,ニシノトップダノン,13,野中 悠太郎,34.2,クビ,04,02,11,3歳,未勝利,2026-08-02,pw01sde1004202602040520260802,3歳未勝利,05,[指定],,11時50分,牡3,https://www.jra.go.jp/JRADB/accessS.html?CNAME=pw01sde1004202602040520260802%2F62,芝,1:48.2,良,松山 将樹,曇,馬齢,,
472(-2),57.0,3  3,新潟,PASS_HTML,1800,10,pw01dud102023100161/4D,ビップマリク,11,木幡 巧也,34.2,ハナ,04,02,10,3歳,未勝利,2026-08-02,pw01sde1004202602040520260802,3歳未勝利,05,[指定],,11時50分,せん3,https://www.jra.go.jp/JRADB/accessS.html?CNAME=pw01sde1004202602040520260802%2F62,芝,1:48.2,良,高柳 瑞樹,曇,馬齢,,
430(-2),55.0,5  6,新潟,PASS_HTML,1800,11,pw01dud102023101892/36,エクストラダーク,6,△石神 深道,34.0,ハナ,04,02,9,3歳,未勝利,2026-08-02,pw01sde1004202602040520260802,3歳未勝利,05,[指定],,11時50分,牡3,https://www.jra.go.jp/JRADB/accessS.html?CNAME=pw01sde1004202602040520260802%2F62,芝,1:48.2,良,和田 雄二,曇,馬齢,,
410(0),55.0,17  15,新潟,PASS_HTML,1800,12,pw01dud102023103377/3E,アオゾラランチ,18,吉田 豊,33.6,１ 1/4,04,02,14,3歳,未勝利,2026-08-02,pw01sde1004202602040520260802,3歳未勝利,05,[指定],,11時50分,牝3,https://www.jra.go.jp/JRADB/accessS.html?CNAME=pw01sde1004202602040520260802%2F62,芝,1:48.4,良,戸田 博文,曇,馬齢,,
380(-14),55.0,12  12,新潟,PASS_HTML,1800,13,pw01dud102023105231/F9,レーザーキック,10,原 優介,33.9,クビ,04,02,13,3歳,未勝利,2026-08-02,pw01sde1004202602040520260802,3歳未勝利,05,[指定],,11時50分,牝3,https://www.jra.go.jp/JRADB/accessS.html?CNAME=pw01sde1004202602040520260802%2F62,芝,1:48.5,良,竹内 正洋,曇,馬齢,,
462(-8),55.0,14  14,新潟,PASS_HTML,1800,14,pw01dud102023105307/AC,チルチャンプ,5,津村 明秀,33.9,３／４,04,02,2,3歳,未勝利,2026-08-02,pw01sde1004202602040520260802,3歳未勝利,05,[指定],,11時50分,牝3,https://www.jra.go.jp/JRADB/accessS.html?CNAME=pw01sde1004202602040520260802%2F62,芝,1:48.6,良,手塚 貴徳,曇,馬齢,,
426(-6),54.0,2  2,新潟,PASS_HTML,1800,15,pw01dud102023104349/E3,テンノルーキー,15,▲石田 拓郎,34.8,クビ,04,02,15,3歳,未勝利,2026-08-02,pw01sde1004202602040520260802,3歳未勝利,05,[指定],,11時50分,牡3,https://www.jra.go.jp/JRADB/accessS.html?CNAME=pw01sde1004202602040520260802%2F62,芝,1:48.6,良,中舘 英二,曇,馬齢,,
474(+2),55.0,15  15,新潟,PASS_HTML,1800,16,pw01dud102023107051/95,カルダモン,12,丸山 元気,33.9,クビ,04,02,3,3歳,未勝利,2026-08-02,pw01sde1004202602040520260802,3歳未勝利,05,[指定],,11時50分,牝3,https://www.jra.go.jp/JRADB/accessS.html?CNAME=pw01sde1004202602040520260802%2F62,芝,1:48.7,良,黒岩 陽一,曇,馬齢,,
446(+4),53.0,3  3,新潟,PASS_HTML,1800,17,pw01dud102023101298/C2,イバラヒメ,9,◇今村 聖奈,35.1,２ 1/2,04,02,12,3歳,未勝利,2026-08-02,pw01sde1004202602040520260802,3歳未勝利,05,[指定],,11時50分,牝3,https://www.jra.go.jp/JRADB/accessS.html?CNAME=pw01sde1004202602040520260802%2F62,芝,1:49.1,良,新開 幸一,曇,馬齢,,
410(-4),55.0,12  12,新潟,PASS_HTML,1800,18,pw01dud102023107338/2D,ルビーサンセット,8,武藤 雅,35.0,３,04,02,18,3歳,未勝利,2026-08-02,pw01sde1004202602040520260802,3歳未勝利,05,[指定],,11時50分,牝3,https://www.jra.go.jp/JRADB/accessS.html?CNAME=pw01sde1004202602040520260802%2F62,芝,1:49.6,良,柄崎 将寿,曇,馬齢,,
508(+22),57.0,2  2  2  1,新潟,QUARANTINED_HTML:track_condition,1800,1,pw01dud102023106974/D8,サトノクラシカル,9,津村 明秀,38.2,,04,02,1,3歳,未勝利,2026-08-02,pw01sde1004202602040420260802,3歳未勝利,04,[指定],,11時20分,牡3,https://www.jra.go.jp/JRADB/accessS.html?CNAME=pw01sde1004202602040420260802%2FAD,ダート,1:53.9,,宮田 敬介,曇,馬齢,,
468(+2),57.0,4  5  3  3,新潟,QUARANTINED_HTML:track_condition,1800,2,pw01dud102023106956/9E,サングラント,8,三浦 皇成,38.9,５,04,02,3,3歳,未勝利,2026-08-02,pw01sde1004202602040420260802,3歳未勝利,04,[指定],,11時20分,牡3,https://www.jra.go.jp/JRADB/accessS.html?CNAME=pw01sde1004202602040420260802%2FAD,ダート,1:54.8,,金成 貴史,曇,馬齢,,
478(0),57.0,11  11  11  11,新潟,QUARANTINED_HTML:track_condition,1800,3,pw01dud102023105319/A2,ネイティヴプライド,10,荻野 極,39.1,７,04,02,5,3歳,未勝利,2026-08-02,pw01sde1004202602040420260802,3歳未勝利,04,[指定],,11時20分,牡3,https://www.jra.go.jp/JRADB/accessS.html?CNAME=pw01sde1004202602040420260802%2FAD,ダート,1:55.9,,高木 登,曇,馬齢,,
470(-2),57.0,8  6  5  5,新潟,QUARANTINED_HTML:track_condition,1800,4,pw01dud102023100739/DB,ヤマタケボニータ,5,野中 悠太郎,39.9,３／４,04,02,9,3歳,未勝利,2026-08-02,pw01sde1004202602040420260802,3歳未勝利,04,[指定],,11時20分,牡3,https://www.jra.go.jp/JRADB/accessS.html?CNAME=pw01sde1004202602040420260802%2FAD,ダート,1:56.0,,萱野 浩二,曇,馬齢,,
462(-5),55.0,1  1  1  2,新潟,QUARANTINED_HTML:track_condition,1800,5,pw01dud102023104045/84,カミカクシ,4,大野 拓弥,40.6,１ 1/4,04,02,10,3歳,未勝利,2026-08-02,pw01sde1004202602040420260802,3歳未勝利,04,[指定],,11時20分,牝3,https://www.jra.go.jp/JRADB/accessS.html?CNAME=pw01sde1004202602040420260802%2FAD,ダート,1:56.2,,竹内 正洋,曇,馬齢,,
562(+6),57.0,6  6  3  3,新潟,QUARANTINED_HTML:track_condition,1800,6,pw01dud102023107305/A4,グラムエッジ,11,武藤 雅,40.4,ハナ,04,02,8,3歳,未勝利,2026-08-02,pw01sde1004202602040420260802,3歳未勝利,04,[指定],,11時20分,牡3,https://www.jra.go.jp/JRADB/accessS.html?CNAME=pw01sde1004202602040420260802%2FAD,ダート,1:56.2,,手塚 貴久,曇,馬齢,,
516(-4),57.0,14  14  11  11,新潟,QUARANTINED_HTML:track_condition,1800,7,pw01dud102023106368/6E,ウォーレーションズ,13,菊沢 一樹,39.4,クビ,04,02,2,3歳,未勝利,2026-08-02,pw01sde1004202602040420260802,3歳未勝利,04,[指定],,11時20分,牡3,https://www.jra.go.jp/JRADB/accessS.html?CNAME=pw01sde1004202602040420260802%2FAD,ダート,1:56.3,,鈴木 慎太郎,曇,馬齢,,
496(+2),57.0,11  11  14  14,新潟,QUARANTINED_HTML:track_condition,1800,8,pw01dud102023105577/7E,グランフィエスタ,2,原 優介,38.9,１ 1/4,04,02,13,3歳,未勝利,2026-08-02,pw01sde1004202602040420260802,3歳未勝利,04,[指定],,11時20分,牡3,https://www.jra.go.jp/JRADB/accessS.html?CNAME=pw01sde1004202602040420260802%2FAD,ダート,1:56.5,,稲垣 幸雄,曇,馬齢,,
464(-2),57.0,15  15  15  14,新潟,QUARANTINED_HTML:track_condition,1800,9,pw01dud102023103473/A3,チャリティチャリス,1,小崎 綾也,38.8,３／４,04,02,14,3歳,未勝利,2026-08-02,pw01sde1004202602040420260802,3歳未勝利,04,[指定],,11時20分,牡3,https://www.jra.go.jp/JRADB/accessS.html?CNAME=pw01sde1004202602040420260802%2FAD,ダート,1:56.6,,浅利 英明,曇,馬齢,,
522(+4),54.0,4  3  5  6,新潟,QUARANTINED_HTML:track_condition,1800,10,pw01dud102023103438/A2,ツインドライヴ,3,▲石田 拓郎,40.7,１,04,02,4,3歳,未勝利,2026-08-02,pw01sde1004202602040420260802,3歳未勝利,04,[指定],,11時20分,牡3,https://www.jra.go.jp/JRADB/accessS.html?CNAME=pw01sde1004202602040420260802%2FAD,ダート,1:56.8,,新開 幸一,曇,馬齢,,
464(0),57.0,9  9  8  7,新潟,QUARANTINED_HTML:track_condition,1800,11,pw01dud102023104854/A9,ヤマメナイト,7,菱田 裕二,40.4,クビ,04,02,7,3歳,未勝利,2026-08-02,pw01sde1004202602040420260802,3歳未勝利,04,[指定],,11時20分,牡3,https://www.jra.go.jp/JRADB/accessS.html?CNAME=pw01sde1004202602040420260802%2FAD,ダート,1:56.8,,田島 俊明,曇,馬齢,,
452(+2),54.0,13  13  13  13,新潟,QUARANTINED_HTML:track_condition,1800,12,pw01dud102023100637/C4,ブリリアンス,6,▲佐藤 翔馬,39.5,アタマ,04,02,15,3歳,未勝利,2026-08-02,pw01sde1004202602040420260802,3歳未勝利,04,[指定],,11時20分,牡3,https://www.jra.go.jp/JRADB/accessS.html?CNAME=pw01sde1004202602040420260802%2FAD,ダート,1:56.8,,大和田 成,曇,馬齢,,
476(-6),57.0,9  9  8  7,新潟,QUARANTINED_HTML:track_condition,1800,13,pw01dud102023107425/F5,ジュングロワール,12,石川 裕紀人,41.0,３ 1/2,04,02,6,3歳,未勝利,2026-08-02,pw01sde1004202602040420260802,3歳未勝利,04,[指定],,11時20分,牡3,https://www.jra.go.jp/JRADB/accessS.html?CNAME=pw01sde1004202602040420260802%2FAD,ダート,1:57.4,,堀内 岳志,曇,馬齢,,
520(+4),57.0,3  3  5  7,新潟,QUARANTINED_HTML:track_condition,1800,14,pw01dud102023102159/B3,テルケンレンタッチ,15,石橋 脩,41.9,４,04,02,12,3歳,未勝利,2026-08-02,pw01sde1004202602040420260802,3歳未勝利,04,[指定],,11時20分,牡3,https://www.jra.go.jp/JRADB/accessS.html?CNAME=pw01sde1004202602040420260802%2FAD,ダート,1:58.0,,勢司 和浩,曇,馬齢,,
500(-10),57.0,7  6  8  7,新潟,QUARANTINED_HTML:track_condition,1800,15,pw01dud102023101970/61,アルティシエル,14,木幡 巧也,41.9,３／４,04,02,11,3歳,未勝利,2026-08-02,pw01sde1004202602040420260802,3歳未勝利,04,[指定],,11時20分,牡3,https://www.jra.go.jp/JRADB/accessS.html?CNAME=pw01sde1004202602040420260802%2FAD,ダート,1:58.2,,辻 哲英,曇,馬齢,,
504(+2),58.0,6  7  5  6,新潟,QUARANTINED_HTML:track_condition,1800,1,pw01dud102022102965/F3,ブレトワルダ,1,津村 明秀,37.6,,04,02,3,3歳以上,2勝クラス,2026-08-02,pw01sde1004202602040620260802,苗場特別,06,（混合）（特指）,,15時10分,せん4,https://www.jra.go.jp/JRADB/accessS.html?CNAME=pw01sde1004202602040620260802%2F17,ダート,1:52.4,,新開 幸一,曇,定量,,
448(0),56.0,2  2  2  2,新潟,QUARANTINED_HTML:track_condition,1800,2,pw01dud102022105925/80,フィールオーサム,10,荻野 極,38.4,２,04,02,1,3歳以上,2勝クラス,2026-08-02,pw01sde1004202602040620260802,苗場特別,06,（混合）（特指）,,15時10分,牝4,https://www.jra.go.jp/JRADB/accessS.html?CNAME=pw01sde1004202602040620260802%2F17,ダート,1:52.7,,岩戸 孝樹,曇,定量,,
534(0),58.0,12  10  8  8,新潟,QUARANTINED_HTML:track_condition,1800,3,pw01dud102021101603/9F,ナイトスラッガー,5,田辺 裕信,37.6,３／４,04,02,6,3歳以上,2勝クラス,2026-08-02,pw01sde1004202602040620260802,苗場特別,06,（混合）（特指）,,15時10分,牡5,https://www.jra.go.jp/JRADB/accessS.html?CNAME=pw01sde1004202602040620260802%2F17,ダート,1:52.8,,小手川 準,曇,定量,,
454(-8),58.0,14  14  14  13,新潟,QUARANTINED_HTML:track_condition,1800,4,pw01dud102022106427/60,ニシノケンタマン,11,今村 聖奈,37.1,１／２,04,02,8,3歳以上,2勝クラス,2026-08-02,pw01sde1004202602040620260802,苗場特別,06,（混合）（特指）,,15時10分,牡4,https://www.jra.go.jp/JRADB/accessS.html?CNAME=pw01sde1004202602040620260802%2F17,ダート,1:52.9,,深山 雅史,曇,定量,,
484(+6),58.0,6  4  5  4,新潟,QUARANTINED_HTML:track_condition,1800,5,pw01dud102022105198/C1,ヘリオトロープ,6,戸崎 圭太,38.4,１ 1/2,04,02,2,3歳以上,2勝クラス,2026-08-02,pw01sde1004202602040620260802,苗場特別,06,（混合）（特指）,,15時10分,牡4,https://www.jra.go.jp/JRADB/accessS.html?CNAME=pw01sde1004202602040620260802%2F17,ダート,1:53.2,,古賀 大生,曇,定量,,
486(+2),58.0,4  4  3  3,新潟,QUARANTINED_HTML:track_condition,1800,6,pw01dud102021104321/13,カレンワッツアップ,2,丸山 元気,38.8,１／２,04,02,9,3歳以上,2勝クラス,2026-08-02,pw01sde1004202602040620260802,苗場特別,06,（混合）（特指）,,15時10分,牡5,https://www.jra.go.jp/JRADB/accessS.html?CNAME=pw01sde1004202602040620260802%2F17,ダート,1:53.3,,小林 真也,曇,定量,,
448(-6),55.0,8  7  8  8,新潟,QUARANTINED_HTML:track_condition,1800,7,pw01dud102023103701/E0,マッドゲイル,4,石橋 脩,38.6,２ 1/2,04,02,4,3歳以上,2勝クラス,2026-08-02,pw01sde1004202602040620260802,苗場特別,06,（混合）（特指）,,15時10分,牡3,https://www.jra.go.jp/JRADB/accessS.html?CNAME=pw01sde1004202602040620260802%2F17,ダート,1:53.7,,上原 佑紀,曇,定量,,
534(-6),58.0,15  15  15  14,新潟,QUARANTINED_HTML:track_condition,1800,8,pw01dud102021105086/0E,フクチャントウメイ,9,菱田 裕二,37.6,ハナ,04,02,14,3歳以上,2勝クラス,2026-08-02,pw01sde1004202602040620260802,苗場特別,06,（混合）（特指）,,15時10分,せん5,https://www.jra.go.jp/JRADB/accessS.html?CNAME=pw01sde1004202602040620260802%2F17,ダート,1:53.7,,加藤 征弘,曇,定量,,
498(+4),58.0,11  10  10  10,新潟,QUARANTINED_HTML:track_condition,1800,9,pw01dud102020102793/C3,ルーラーリッチ,7,野中 悠太郎,38.6,１ 1/4,04,02,13,3歳以上,2勝クラス,2026-08-02,pw01sde1004202602040620260802,苗場特別,06,（混合）（特指）,,15時10分,せん6,https://www.jra.go.jp/JRADB/accessS.html?CNAME=pw01sde1004202602040620260802%2F17,ダート,1:53.9,,小島 茂之,曇,定量,,
526(+12),58.0,4  4  5  7,新潟,QUARANTINED_HTML:track_condition,1800,10,pw01dud102021105229/69,シーニックビュー,3,原 優介,39.3,２,04,02,11,3歳以上,2勝クラス,2026-08-02,pw01sde1004202602040620260802,苗場特別,06,（混合）（特指）,,15時10分,牡5,https://www.jra.go.jp/JRADB/accessS.html?CNAME=pw01sde1004202602040620260802%2F17,ダート,1:54.2,,金成 貴史,曇,定量,,
510(+2),56.0,12  13  12  12,新潟,QUARANTINED_HTML:track_condition,1800,11,pw01dud102021110106/E2,エリカヴェネチア,13,菊沢 一樹,38.8,クビ,04,02,12,3歳以上,2勝クラス,2026-08-02,pw01sde1004202602040620260802,苗場特別,06,（混合）（特指）,,15時10分,牝5,https://www.jra.go.jp/JRADB/accessS.html?CNAME=pw01sde1004202602040620260802%2F17,ダート,1:54.3,,吉岡 辰弥,曇,定量,,
452(+10),58.0,3  3  3  4,新潟,QUARANTINED_HTML:track_condition,1800,12,pw01dud102020105147/E6,ユイノマチブセ,12,木幡 初也,39.8,１,04,02,5,3歳以上,2勝クラス,2026-08-02,pw01sde1004202602040620260802,苗場特別,06,（混合）（特指）,,15時10分,牡6,https://www.jra.go.jp/JRADB/accessS.html?CNAME=pw01sde1004202602040620260802%2F17,ダート,1:54.4,,竹内 正洋,曇,定量,,
496(-2),58.0,10  10  10  10,新潟,QUARANTINED_HTML:track_condition,1800,13,pw01dud102020106051/02,セザンワールド,8,小林 脩斗,39.1,アタマ,04,02,10,3歳以上,2勝クラス,2026-08-02,pw01sde1004202602040620260802,苗場特別,06,（混合）（特指）,,15時10分,せん6,https://www.jra.go.jp/JRADB/accessS.html?CNAME=pw01sde1004202602040620260802%2F17,ダート,1:54.5,,蛯名 利弘,曇,定量,,
520(+4),58.0,1  1  1  1,新潟,QUARANTINED_HTML:track_condition,1800,14,pw01dud102022100650/33,ロードソルスティス,15,三浦 皇成,40.7,２ 1/2,04,02,7,3歳以上,2勝クラス,2026-08-02,pw01sde1004202602040620260802,苗場特別,06,（混合）（特指）,,15時10分,牡4,https://www.jra.go.jp/JRADB/accessS.html?CNAME=pw01sde1004202602040620260802%2F17,ダート,1:54.9,,斎藤 誠,曇,定量,,
466(+6),58.0,8  7  13  15,新潟,QUARANTINED_HTML:track_condition,1800,15,pw01dud102021107266/2E,スプレーフォール,14,石田 拓郎,41.8,大差,04,02,15,3歳以上,2勝クラス,2026-08-02,pw01sde1004202602040620260802,苗場特別,06,（混合）（特指）,,15時10分,牡5,https://www.jra.go.jp/JRADB/accessS.html?CNAME=pw01sde1004202602040620260802%2F17,ダート,1:57.4,,相沢 郁,曇,定量,,
460(+2),56.0,,新潟,PASS_HTML,1000,1,pw01dud102021107058/A2,ピューロマジック,6,田辺 裕信,31.7,レコード,04,02,1,3歳以上,オープン,2026-08-02,pw01sde1004202602040720260802,アイビスサマーダッシュ,07,（国際）（特指）,109,15時45分,牝5,https://www.jra.go.jp/JRADB/accessS.html?CNAME=pw01sde1004202602040720260802%2FCC,芝,0:53.5,良,安田 翔伍,晴,別定,,
478(+4),57.0,,新潟,PASS_HTML,1000,2,pw01dud102021100157/D7,ロードトレイル,11,大野 拓弥,32.0,３,04,02,14,3歳以上,オープン,2026-08-02,pw01sde1004202602040720260802,アイビスサマーダッシュ,07,（国際）（特指）,102,15時45分,牡5,https://www.jra.go.jp/JRADB/accessS.html?CNAME=pw01sde1004202602040720260802%2FCC,芝,0:54.0,良,藤岡 健一,晴,別定,,
556(+16),55.0,,新潟,PASS_HTML,1000,3,pw01dud102022100627/28,カウスリップ,4,津村 明秀,32.2,アタマ,04,02,10,3歳以上,オープン,2026-08-02,pw01sde1004202602040720260802,アイビスサマーダッシュ,07,（国際）（特指）,98,15時45分,牝4,https://www.jra.go.jp/JRADB/accessS.html?CNAME=pw01sde1004202602040720260802%2FCC,芝,0:54.1,良,中舘 英二,晴,別定,,
520(0),57.0,,新潟,PASS_HTML,1000,4,pw01dud102020100896/6F,ビッグシーザー,17,荻野 極,32.0,１,04,02,4,3歳以上,オープン,2026-08-02,pw01sde1004202602040720260802,アイビスサマーダッシュ,07,（国際）（特指）,99,15時45分,牡6,https://www.jra.go.jp/JRADB/accessS.html?CNAME=pw01sde1004202602040720260802%2FCC,芝,0:54.2,良,杉山 晴紀,晴,別定,,
514(+6),57.0,,新潟,PASS_HTML,1000,5,pw01dud102022110105/FB,アメリカンステージ,16,戸崎 圭太,32.3,３／４,04,02,2,3歳以上,オープン,2026-08-02,pw01sde1004202602040720260802,アイビスサマーダッシュ,07,（国際）（特指）,97,15時45分,牡4,https://www.jra.go.jp/JRADB/accessS.html?CNAME=pw01sde1004202602040720260802%2FCC,芝,0:54.3,良,矢作 芳人,晴,別定,,
504(0),55.0,,新潟,PASS_HTML,1000,6,pw01dud102020101262/3C,エコロレジーナ,10,菊沢 一樹,32.1,１／２,04,02,3,3歳以上,オープン,2026-08-02,pw01sde1004202602040720260802,アイビスサマーダッシュ,07,（国際）（特指）,91,15時45分,牝6,https://www.jra.go.jp/JRADB/accessS.html?CNAME=pw01sde1004202602040720260802%2FCC,芝,0:54.4,良,菊沢 隆徳,晴,別定,,
504(-2),58.0,,新潟,PASS_HTML,1000,7,pw01dud102017101423/3A,ウイングレイテスト,1,松岡 正海,32.3,クビ,04,02,6,3歳以上,オープン,2026-08-02,pw01sde1004202602040720260802,アイビスサマーダッシュ,07,（国際）（特指）,96,15時45分,牡9,https://www.jra.go.jp/JRADB/accessS.html?CNAME=pw01sde1004202602040720260802%2FCC,芝,0:54.5,良,畠山 吉宏,晴,別定,,
500(+10),55.0,,新潟,PASS_HTML,1000,8,pw01dud102022100098/E5,ベルギューン,5,菱田 裕二,32.0,ハナ,04,02,12,3歳以上,オープン,2026-08-02,pw01sde1004202602040720260802,アイビスサマーダッシュ,07,（国際）（特指）,90,15時45分,牝4,https://www.jra.go.jp/JRADB/accessS.html?CNAME=pw01sde1004202602040720260802%2FCC,芝,0:54.5,良,牧浦 充徳,晴,別定,,
500(+2),56.0,,新潟,PASS_HTML,1000,9,pw01dud102019103422/BD,テイエムスパーダ,13,国分 恭介,32.4,クビ,04,02,5,3歳以上,オープン,2026-08-02,pw01sde1004202602040720260802,アイビスサマーダッシュ,07,（国際）（特指）,91,15時45分,牝7,https://www.jra.go.jp/JRADB/accessS.html?CNAME=pw01sde1004202602040720260802%2FCC,芝,0:54.5,良,小椋 研介,晴,別定,,
456(+4),57.0,,新潟,PASS_HTML,1000,10,pw01dud102020101419/73,ブーケファロス,14,石橋 脩,32.1,クビ,04,02,17,3歳以上,オープン,2026-08-02,pw01sde1004202602040720260802,アイビスサマーダッシュ,07,（国際）（特指）,92,15時45分,牡6,https://www.jra.go.jp/JRADB/accessS.html?CNAME=pw01sde1004202602040720260802%2FCC,芝,0:54.6,良,清水 英克,晴,別定,,
480(-10),57.0,,新潟,PASS_HTML,1000,11,pw01dud102019110102/0B,デュガ,2,江田 照男,32.3,１／２,04,02,15,3歳以上,オープン,2026-08-02,pw01sde1004202602040720260802,アイビスサマーダッシュ,07,（国際）（特指）,90,15時45分,せん7,https://www.jra.go.jp/JRADB/accessS.html?CNAME=pw01sde1004202602040720260802%2FCC,芝,0:54.7,良,森 秀行,晴,別定,,
488(-2),57.0,,新潟,PASS_HTML,1000,12,pw01dud102020106015/8E,バグラダス,7,杉原 誠人,32.0,ハナ,04,02,11,3歳以上,オープン,2026-08-02,pw01sde1004202602040720260802,アイビスサマーダッシュ,07,（国際）（特指）,90,15時45分,牡6,https://www.jra.go.jp/JRADB/accessS.html?CNAME=pw01sde1004202602040720260802%2FCC,芝,0:54.7,良,嘉藤 貴行,晴,別定,,
470(0),57.0,,新潟,PASS_HTML,1000,13,pw01dud102018103205/08,クムシラコ,12,原 優介,32.2,アタマ,04,02,7,3歳以上,オープン,2026-08-02,pw01sde1004202602040720260802,アイビスサマーダッシュ,07,（国際）（特指）,90,15時45分,牡8,https://www.jra.go.jp/JRADB/accessS.html?CNAME=pw01sde1004202602040720260802%2FCC,芝,0:54.7,良,千葉 直人,晴,別定,,
510(+4),57.0,,新潟,PASS_HTML,1000,14,pw01dud102022104197/5F,カウンターセブン,9,三浦 皇成,32.1,１,04,02,9,3歳以上,オープン,2026-08-02,pw01sde1004202602040720260802,アイビスサマーダッシュ,07,（国際）（特指）,87,15時45分,牡4,https://www.jra.go.jp/JRADB/accessS.html?CNAME=pw01sde1004202602040720260802%2FCC,芝,0:54.9,良,村田 一誠,晴,別定,,
434(0),55.0,,新潟,PASS_HTML,1000,15,pw01dud102020103049/BD,ミカッテヨンデイイ,3,小林 脩斗,32.1,クビ,04,02,16,3歳以上,オープン,2026-08-02,pw01sde1004202602040720260802,アイビスサマーダッシュ,07,（国際）（特指）,82,15時45分,牝6,https://www.jra.go.jp/JRADB/accessS.html?CNAME=pw01sde1004202602040720260802%2FCC,芝,0:54.9,良,室井 潔,晴,別定,,
490(+4),57.0,,新潟,PASS_HTML,1000,16,pw01dud102022107138/3F,アタリダイキチ,15,武藤 雅,31.8,１／２,04,02,13,3歳以上,オープン,2026-08-02,pw01sde1004202602040720260802,アイビスサマーダッシュ,07,（国際）（特指）,84,15時45分,牡4,https://www.jra.go.jp/JRADB/accessS.html?CNAME=pw01sde1004202602040720260802%2FCC,芝,0:55.0,良,西田 雄一郎,晴,別定,,
440(-6),55.0,,新潟,PASS_HTML,1000,17,pw01dud102022103324/09,シュラフ,8,嶋田 純次,32.2,２,04,02,8,3歳以上,オープン,2026-08-02,pw01sde1004202602040720260802,アイビスサマーダッシュ,07,（国際）（特指）,74,15時45分,牝4,https://www.jra.go.jp/JRADB/accessS.html?CNAME=pw01sde1004202602040720260802%2FCC,芝,0:55.3,良,佐藤 吉勝,晴,別定,,
510(+10),53.0,3  3,新潟,PASS_HTML,1800,1,pw01dud102023106362/BC,ファストフォワード,4,小崎 綾也,33.3,,04,02,9,3歳以上,1勝クラス,2026-08-02,pw01sde1004202602040820260802,五頭連峰特別,08,牝［指定］,,16時20分,牝3,https://www.jra.go.jp/JRADB/accessS.html?CNAME=pw01sde1004202602040820260802%2F81,芝,1:45.7,良,小林 真也,晴,定量,,
450(-6),56.0,1  1,新潟,PASS_HTML,1800,2,pw01dud102022105864/1C,キアラメンテ,1,三浦 皇成,33.7,１／２,04,02,6,3歳以上,1勝クラス,2026-08-02,pw01sde1004202602040820260802,五頭連峰特別,08,牝［指定］,,16時20分,牝4,https://www.jra.go.jp/JRADB/accessS.html?CNAME=pw01sde1004202602040820260802%2F81,芝,1:45.8,良,鹿戸 雄一,晴,定量,,
448(+4),56.0,13  13,新潟,PASS_HTML,1800,3,pw01dud102022105338/C3,リポサンテ,8,田辺 裕信,32.7,クビ,04,02,2,3歳以上,1勝クラス,2026-08-02,pw01sde1004202602040820260802,五頭連峰特別,08,牝［指定］,,16時20分,牝4,https://www.jra.go.jp/JRADB/accessS.html?CNAME=pw01sde1004202602040820260802%2F81,芝,1:45.8,良,蛯名 正義,晴,定量,,
456(+2),53.0,7  7,新潟,PASS_HTML,1800,4,pw01dud102023107330/95,ガーヴィ,2,大野 拓弥,33.3,１／２,04,02,1,3歳以上,1勝クラス,2026-08-02,pw01sde1004202602040820260802,五頭連峰特別,08,牝［指定］,,16時20分,牝3,https://www.jra.go.jp/JRADB/accessS.html?CNAME=pw01sde1004202602040820260802%2F81,芝,1:45.9,良,村田 一誠,晴,定量,,
460(+18),56.0,2  2,新潟,PASS_HTML,1800,5,pw01dud102021105742/59,シアブリス,3,石川 裕紀人,33.8,１／２,04,02,10,3歳以上,1勝クラス,2026-08-02,pw01sde1004202602040820260802,五頭連峰特別,08,牝［指定］,,16時20分,牝5,https://www.jra.go.jp/JRADB/accessS.html?CNAME=pw01sde1004202602040820260802%2F81,芝,1:46.0,良,手塚 貴徳,晴,定量,,
430(0),53.0,9  7,新潟,PASS_HTML,1800,6,pw01dud102023105239/91,ゴバド,7,原 優介,33.3,クビ,04,02,3,3歳以上,1勝クラス,2026-08-02,pw01sde1004202602040820260802,五頭連峰特別,08,牝［指定］,,16時20分,牝3,https://www.jra.go.jp/JRADB/accessS.html?CNAME=pw01sde1004202602040820260802%2F81,芝,1:46.0,良,加藤 征弘,晴,定量,,
444(-6),53.0,5  5,新潟,PASS_HTML,1800,7,pw01dud102023103584/57,トランスマーレ,5,津村 明秀,33.6,１／２,04,02,4,3歳以上,1勝クラス,2026-08-02,pw01sde1004202602040820260802,五頭連峰特別,08,牝［指定］,,16時20分,牝3,https://www.jra.go.jp/JRADB/accessS.html?CNAME=pw01sde1004202602040820260802%2F81,芝,1:46.1,良,高柳 瑞樹,晴,定量,,
450(+2),56.0,10  10,新潟,PASS_HTML,1800,8,pw01dud102022105131/3C,キューティリップ,9,武藤 雅,33.3,１／２,04,02,11,3歳以上,1勝クラス,2026-08-02,pw01sde1004202602040820260802,五頭連峰特別,08,牝［指定］,,16時20分,牝4,https://www.jra.go.jp/JRADB/accessS.html?CNAME=pw01sde1004202602040820260802%2F81,芝,1:46.2,良,戸田 博文,晴,定量,,
464(+22),53.0,11  11,新潟,PASS_HTML,1800,9,pw01dud102023105275/05,ノーザンタイタン,12,荻野 極,33.3,３／４,04,02,5,3歳以上,1勝クラス,2026-08-02,pw01sde1004202602040820260802,五頭連峰特別,08,牝［指定］,,16時20分,牝3,https://www.jra.go.jp/JRADB/accessS.html?CNAME=pw01sde1004202602040820260802%2F81,芝,1:46.3,良,中舘 英二,晴,定量,,
458(+4),53.0,7  7,新潟,PASS_HTML,1800,10,pw01dud102023102403/44,ルンベーラ,11,木幡 巧也,33.6,ハナ,04,02,8,3歳以上,1勝クラス,2026-08-02,pw01sde1004202602040820260802,五頭連峰特別,08,牝［指定］,,16時20分,牝3,https://www.jra.go.jp/JRADB/accessS.html?CNAME=pw01sde1004202602040820260802%2F81,芝,1:46.3,良,菊川 正達,晴,定量,,
434(+6),56.0,11  11,新潟,PASS_HTML,1800,11,pw01dud102021107253/C5,ニシノコマチムスメ,10,今村 聖奈,33.3,アタマ,04,02,12,3歳以上,1勝クラス,2026-08-02,pw01sde1004202602040820260802,五頭連峰特別,08,牝［指定］,,16時20分,牝5,https://www.jra.go.jp/JRADB/accessS.html?CNAME=pw01sde1004202602040820260802%2F81,芝,1:46.3,良,松山 将樹,晴,定量,,
426(+6),53.0,5  5,新潟,PASS_HTML,1800,12,pw01dud102023106412/9D,ユメシルベ,6,柴田 大知,34.0,１,04,02,13,3歳以上,1勝クラス,2026-08-02,pw01sde1004202602040820260802,五頭連峰特別,08,牝［指定］,,16時20分,牝3,https://www.jra.go.jp/JRADB/accessS.html?CNAME=pw01sde1004202602040820260802%2F81,芝,1:46.5,良,粕谷 昌央,晴,定量,,
408(+2),56.0,3  3,新潟,PASS_HTML,1800,13,pw01dud102022102064/C7,ミエノフェアリー,13,菊沢 一樹,34.4,１ 1/2,04,02,7,3歳以上,1勝クラス,2026-08-02,pw01sde1004202602040820260802,五頭連峰特別,08,牝［指定］,,16時20分,牝4,https://www.jra.go.jp/JRADB/accessS.html?CNAME=pw01sde1004202602040820260802%2F81,芝,1:46.7,良,古賀 慎明,晴,定量,,
466(-4),53.0,14  14,新潟,PASS_HTML,1800,14,pw01dud102023103069/81,ノーブルクラウド,14,吉田 豊,33.5,１ 1/4,04,02,14,3歳以上,1勝クラス,2026-08-02,pw01sde1004202602040820260802,五頭連峰特別,08,牝［指定］,,16時20分,牝3,https://www.jra.go.jp/JRADB/accessS.html?CNAME=pw01sde1004202602040820260802%2F81,芝,1:46.9,良,久保田 貴士,晴,定量,,
476(0),58.0,1  1  1  1,新潟,QUARANTINED_HTML:track_condition,1800,1,pw01dud102022106951/D3,ブレゲアン,6,大野 拓弥,38.5,,04,02,9,3歳以上,1勝クラス,2026-08-02,pw01sde1004202602040920260802,3歳以上1勝クラス,09,[指定],,16時55分,牡4,https://www.jra.go.jp/JRADB/accessS.html?CNAME=pw01sde1004202602040920260802%2F36,ダート,1:54.2,,中舘 英二,晴,定量,,
464(+8),55.0,6  6  2  2,新潟,QUARANTINED_HTML:track_condition,1800,2,pw01dud102023100858/B9,エコロガノン,13,荻野 極,38.5,クビ,04,02,1,3歳以上,1勝クラス,2026-08-02,pw01sde1004202602040920260802,3歳以上1勝クラス,09,[指定],,16時55分,牡3,https://www.jra.go.jp/JRADB/accessS.html?CNAME=pw01sde1004202602040920260802%2F36,ダート,1:54.3,,矢野 英一,晴,定量,,
476(+8),55.0,3  3  5  4,新潟,QUARANTINED_HTML:track_condition,1800,3,pw01dud102023103709/78,ウリズンベー,2,戸崎 圭太,38.8,３,04,02,3,3歳以上,1勝クラス,2026-08-02,pw01sde1004202602040920260802,3歳以上1勝クラス,09,[指定],,16時55分,牡3,https://www.jra.go.jp/JRADB/accessS.html?CNAME=pw01sde1004202602040920260802%2F36,ダート,1:54.8,,古賀 大生,晴,定量,,
470(-2),58.0,12  10  7  7,新潟,QUARANTINED_HTML:track_condition,1800,4,pw01dud102022104786/02,サトノラポール,5,津村 明秀,38.9,１ 3/4,04,02,11,3歳以上,1勝クラス,2026-08-02,pw01sde1004202602040920260802,3歳以上1勝クラス,09,[指定],,16時55分,せん4,https://www.jra.go.jp/JRADB/accessS.html?CNAME=pw01sde1004202602040920260802%2F36,ダート,1:55.1,,鹿戸 雄一,晴,定量,,
518(+2),55.0,2  2  2  2,新潟,QUARANTINED_HTML:track_condition,1800,5,pw01dud102023107296/76,セントゴーデンス,12,木幡 巧也,39.4,クビ,04,02,12,3歳以上,1勝クラス,2026-08-02,pw01sde1004202602040920260802,3歳以上1勝クラス,09,[指定],,16時55分,せん3,https://www.jra.go.jp/JRADB/accessS.html?CNAME=pw01sde1004202602040920260802%2F36,ダート,1:55.1,,黒岩 陽一,晴,定量,,
482(+2),55.0,8  7  10  11,新潟,QUARANTINED_HTML:track_condition,1800,6,pw01dud102023100419/28,メディチパワー,7,菊沢 一樹,38.7,３／４,04,02,2,3歳以上,1勝クラス,2026-08-02,pw01sde1004202602040920260802,3歳以上1勝クラス,09,[指定],,16時55分,牡3,https://www.jra.go.jp/JRADB/accessS.html?CNAME=pw01sde1004202602040920260802%2F36,ダート,1:55.2,,中川 公成,晴,定量,,
496(+2),58.0,11  10  10  8,新潟,QUARANTINED_HTML:track_condition,1800,7,pw01dud102022100485/40,スーパーホース,1,武藤 雅,38.6,アタマ,04,02,15,3歳以上,1勝クラス,2026-08-02,pw01sde1004202602040920260802,3歳以上1勝クラス,09,[指定],,16時55分,せん4,https://www.jra.go.jp/JRADB/accessS.html?CNAME=pw01sde1004202602040920260802%2F36,ダート,1:55.2,,堀内 岳志,晴,定量,,
468(-2),53.0,5  3  7  8,新潟,QUARANTINED_HTML:track_condition,1800,8,pw01dud102023105779/C6,カシノスパーク,15,△石神 深道,39.1,クビ,04,02,10,3歳以上,1勝クラス,2026-08-02,pw01sde1004202602040920260802,3歳以上1勝クラス,09,[指定],,16時55分,牡3,https://www.jra.go.jp/JRADB/accessS.html?CNAME=pw01sde1004202602040920260802%2F36,ダート,1:55.3,,天間 昭一,晴,定量,,
456(-4),58.0,3  3  5  4,新潟,QUARANTINED_HTML:track_condition,1800,9,pw01dud102022103629/DB,ウーバーストロング,3,木幡 育也,39.3,クビ,04,02,14,3歳以上,1勝クラス,2026-08-02,pw01sde1004202602040920260802,3歳以上1勝クラス,09,[指定],,16時55分,牡4,https://www.jra.go.jp/JRADB/accessS.html?CNAME=pw01sde1004202602040920260802%2F36,ダート,1:55.3,,杉浦 宏昭,晴,定量,,
456(0),53.0,6  7  15  12,新潟,QUARANTINED_HTML:track_condition,1800,10,pw01dud102023100729/CB,ヘルメスギャング,4,◇今村 聖奈,38.9,４,04,02,13,3歳以上,1勝クラス,2026-08-02,pw01sde1004202602040920260802,3歳以上1勝クラス,09,[指定],,16時55分,せん3,https://www.jra.go.jp/JRADB/accessS.html?CNAME=pw01sde1004202602040920260802%2F36,ダート,1:56.0,,武井 亮,晴,定量,,
502(+8),55.0,8  7  4  4,新潟,QUARANTINED_HTML:track_condition,1800,11,pw01dud102021106057/40,タニセンドリーム,9,▲上里 直汰,40.5,２,04,02,7,3歳以上,1勝クラス,2026-08-02,pw01sde1004202602040920260802,3歳以上1勝クラス,09,[指定],,16時55分,牡5,https://www.jra.go.jp/JRADB/accessS.html?CNAME=pw01sde1004202602040920260802%2F36,ダート,1:56.4,,加藤 士津八,晴,定量,,
502(+2),58.0,12  10  12  12,新潟,QUARANTINED_HTML:track_condition,1800,12,pw01dud102022104967/B7,サトノシャムロック,11,原 優介,39.8,３／４,04,02,8,3歳以上,1勝クラス,2026-08-02,pw01sde1004202602040920260802,3歳以上1勝クラス,09,[指定],,16時55分,せん4,https://www.jra.go.jp/JRADB/accessS.html?CNAME=pw01sde1004202602040920260802%2F36,ダート,1:56.5,,古賀 慎明,晴,定量,,
540(+2),55.0,15  15  14  14,新潟,QUARANTINED_HTML:track_condition,1800,13,pw01dud102023103157/BC,サトノフェンサー,10,三浦 皇成,39.8,３／４,04,02,6,3歳以上,1勝クラス,2026-08-02,pw01sde1004202602040920260802,3歳以上1勝クラス,09,[指定],,16時55分,牡3,https://www.jra.go.jp/JRADB/accessS.html?CNAME=pw01sde1004202602040920260802%2F36,ダート,1:56.7,,高柳 瑞樹,晴,定量,,
560(+6),55.0,14  14  9  8,新潟,QUARANTINED_HTML:track_condition,1800,14,pw01dud102023106954/B8,イーグルロック,8,石川 裕紀人,41.6,８,04,02,4,3歳以上,1勝クラス,2026-08-02,pw01sde1004202602040920260802,3歳以上1勝クラス,09,[指定],,16時55分,牡3,https://www.jra.go.jp/JRADB/accessS.html?CNAME=pw01sde1004202602040920260802%2F36,ダート,1:58.0,,相沢 郁,晴,定量,,
524(+6),55.0,8  10  12  14,新潟,QUARANTINED_HTML:track_condition,1800,15,pw01dud102023101642/84,ベルウッドピース,14,田辺 裕信,42.4,７,04,02,5,3歳以上,1勝クラス,2026-08-02,pw01sde1004202602040920260802,3歳以上1勝クラス,09,[指定],,16時55分,牡3,https://www.jra.go.jp/JRADB/accessS.html?CNAME=pw01sde1004202602040920260802%2F36,ダート,1:59.1,,中舘 英二,晴,定量,,
462(+16),54.0,14  14,新潟,QUARANTINED_HTML:track_condition,1200,1,pw01dud102023104852/C3,レディサン,4,杉原 誠人,36.5,,04,02,5,3歳以上,1勝クラス,2026-08-02,pw01sde1004202602041020260802,3歳以上1勝クラス,10,牝［指定］,,17時30分,牝3,https://www.jra.go.jp/JRADB/accessS.html?CNAME=pw01sde1004202602041020260802%2F2B,ダート,1:12.1,,栗田 徹,晴,定量,,
442(+4),54.0,3  3,新潟,QUARANTINED_HTML:track_condition,1200,2,pw01dud102023105558/D1,カンレイスター,11,石川 裕紀人,38.1,１／２,04,02,9,3歳以上,1勝クラス,2026-08-02,pw01sde1004202602041020260802,3歳以上1勝クラス,10,牝［指定］,,17時30分,牝3,https://www.jra.go.jp/JRADB/accessS.html?CNAME=pw01sde1004202602041020260802%2F2B,ダート,1:12.2,,矢野 英一,晴,定量,,
500(+8),56.0,1  1,新潟,QUARANTINED_HTML:track_condition,1200,3,pw01dud102022101864/60,マオノクラッシュ,3,木幡 巧也,38.6,１ 3/4,04,02,7,3歳以上,1勝クラス,2026-08-02,pw01sde1004202602041020260802,3歳以上1勝クラス,10,牝［指定］,,17時30分,牝4,https://www.jra.go.jp/JRADB/accessS.html?CNAME=pw01sde1004202602041020260802%2F2B,ダート,1:12.5,,黒岩 陽一,晴,定量,,
496(+4),56.0,12  12,新潟,QUARANTINED_HTML:track_condition,1200,4,pw01dud102021103343/2A,ハヌル,13,江田 照男,37.0,アタマ,04,02,10,3歳以上,1勝クラス,2026-08-02,pw01sde1004202602041020260802,3歳以上1勝クラス,10,牝［指定］,,17時30分,牝5,https://www.jra.go.jp/JRADB/accessS.html?CNAME=pw01sde1004202602041020260802%2F2B,ダート,1:12.5,,岩戸 孝樹,晴,定量,,
440(+6),54.0,8  7,新潟,QUARANTINED_HTML:track_condition,1200,5,pw01dud102023103068/0E,トモジャオーリー,10,津村 明秀,37.7,ハナ,04,02,2,3歳以上,1勝クラス,2026-08-02,pw01sde1004202602041020260802,3歳以上1勝クラス,10,牝［指定］,,17時30分,牝3,https://www.jra.go.jp/JRADB/accessS.html?CNAME=pw01sde1004202602041020260802%2F2B,ダート,1:12.5,,鈴木 伸尋,晴,定量,,
486(+8),51.0,2  2,新潟,QUARANTINED_HTML:track_condition,1200,6,pw01dud102023100453/B6,ローズブーケ,5,▲石田 拓郎,38.7,１／２,04,02,6,3歳以上,1勝クラス,2026-08-02,pw01sde1004202602041020260802,3歳以上1勝クラス,10,牝［指定］,,17時30分,牝3,https://www.jra.go.jp/JRADB/accessS.html?CNAME=pw01sde1004202602041020260802%2F2B,ダート,1:12.6,,鈴木 伸尋,晴,定量,,
470(+10),56.0,12  11,新潟,QUARANTINED_HTML:track_condition,1200,7,pw01dud102021104481/A4,ビアフォーナウ,8,丸田 恭介,37.1,ハナ,04,02,14,3歳以上,1勝クラス,2026-08-02,pw01sde1004202602041020260802,3歳以上1勝クラス,10,牝［指定］,,17時30分,牝5,https://www.jra.go.jp/JRADB/accessS.html?CNAME=pw01sde1004202602041020260802%2F2B,ダート,1:12.6,,池上 昌和,晴,定量,,
500(-21),56.0,3  3,新潟,QUARANTINED_HTML:track_condition,1200,8,pw01dud102022105119/B4,ベルヴィヴァン,2,小崎 綾也,38.6,１,04,02,8,3歳以上,1勝クラス,2026-08-02,pw01sde1004202602041020260802,3歳以上1勝クラス,10,牝［指定］,,17時30分,牝4,https://www.jra.go.jp/JRADB/accessS.html?CNAME=pw01sde1004202602041020260802%2F2B,ダート,1:12.8,,戸田 博文,晴,定量,,
482(+12),54.0,10  9,新潟,QUARANTINED_HTML:track_condition,1200,9,pw01dud102023100583/17,フュルスティン,7,菊沢 一樹,37.8,アタマ,04,02,4,3歳以上,1勝クラス,2026-08-02,pw01sde1004202602041020260802,3歳以上1勝クラス,10,牝［指定］,,17時30分,牝3,https://www.jra.go.jp/JRADB/accessS.html?CNAME=pw01sde1004202602041020260802%2F2B,ダート,1:12.8,,加藤 士津八,晴,定量,,
430(-6),54.0,6  6,新潟,QUARANTINED_HTML:track_condition,1200,10,pw01dud102023106256/47,セイウンアインス,12,武藤 雅,38.6,２,04,02,12,3歳以上,1勝クラス,2026-08-02,pw01sde1004202602041020260802,3歳以上1勝クラス,10,牝［指定］,,17時30分,牝3,https://www.jra.go.jp/JRADB/accessS.html?CNAME=pw01sde1004202602041020260802%2F2B,ダート,1:13.1,,武藤 善則,晴,定量,,
480(+22),54.0,3  3,新潟,QUARANTINED_HTML:track_condition,1200,11,pw01dud102023105429/E3,チームユートピア,1,原 優介,39.1,１,04,02,1,3歳以上,1勝クラス,2026-08-02,pw01sde1004202602041020260802,3歳以上1勝クラス,10,牝［指定］,,17時30分,牝3,https://www.jra.go.jp/JRADB/accessS.html?CNAME=pw01sde1004202602041020260802%2F2B,ダート,1:13.3,,中舘 英二,晴,定量,,
402(+2),54.0,8  7,新潟,QUARANTINED_HTML:track_condition,1200,12,pw01dud102023107255/C3,レゲンデ,9,荻野 極,39.0,３,04,02,3,3歳以上,1勝クラス,2026-08-02,pw01sde1004202602041020260802,3歳以上1勝クラス,10,牝［指定］,,17時30分,牝3,https://www.jra.go.jp/JRADB/accessS.html?CNAME=pw01sde1004202602041020260802%2F2B,ダート,1:13.8,,斎藤 誠,晴,定量,,
470(-2),53.0,11  12,新潟,QUARANTINED_HTML:track_condition,1200,13,pw01dud102022100588/CA,アイアンソリッド,6,▲上里 直汰,40.1,９,04,02,11,3歳以上,1勝クラス,2026-08-02,pw01sde1004202602041020260802,3歳以上1勝クラス,10,牝［指定］,,17時30分,牝4,https://www.jra.go.jp/JRADB/accessS.html?CNAME=pw01sde1004202602041020260802%2F2B,ダート,1:15.3,,本間 忍,晴,定量,,
466(-6),56.0,7  9,新潟,QUARANTINED_HTML:track_condition,1200,14,pw01dud102022101917/9A,ゴールドシャーク,14,大野 拓弥,41.7,７,04,02,13,3歳以上,1勝クラス,2026-08-02,pw01sde1004202602041020260802,3歳以上1勝クラス,10,牝［指定］,,17時30分,牝4,https://www.jra.go.jp/JRADB/accessS.html?CNAME=pw01sde1004202602041020260802%2F2B,ダート,1:16.4,,水野 貴広,晴,定量,,
446(+4),55.0,3  3,新潟,PASS_HTML,1400,1,pw01dud102023103657/B1,ノーブルクロンヌ,13,荻野 極,35.0,,04,02,4.0,3歳,未勝利,2026-08-02,pw01sde1004202602041220260802,3歳未勝利,12,（混合）［指定］,,18時30分,牝3,https://www.jra.go.jp/JRADB/accessS.html?CNAME=pw01sde1004202602041220260802%2F95,芝,1:21.2,良,高柳 瑞樹,晴,馬齢,,
392(0),55.0,7  7,新潟,PASS_HTML,1400,2,pw01dud102023107234/30,シャインアルプス,14,武藤 雅,34.9,１／２,04,02,1.0,3歳,未勝利,2026-08-02,pw01sde1004202602041220260802,3歳未勝利,12,（混合）［指定］,,18時30分,牝3,https://www.jra.go.jp/JRADB/accessS.html?CNAME=pw01sde1004202602041220260802%2F95,芝,1:21.3,良,中川 公成,晴,馬齢,,
468(+2),55.0,10  10,新潟,PASS_HTML,1400,3,pw01dud102023105858/64,ウインテラジーナ,15,津村 明秀,34.8,２,04,02,2.0,3歳,未勝利,2026-08-02,pw01sde1004202602041220260802,3歳未勝利,12,（混合）［指定］,,18時30分,牝3,https://www.jra.go.jp/JRADB/accessS.html?CNAME=pw01sde1004202602041220260802%2F95,芝,1:21.6,良,栗田 徹,晴,馬齢,,
400(+8),52.0,13  13,新潟,PASS_HTML,1400,4,pw01dud102023106084/2F,ゴッドレイ,6,▲石田 拓郎,34.6,クビ,04,02,3.0,3歳,未勝利,2026-08-02,pw01sde1004202602041220260802,3歳未勝利,12,（混合）［指定］,,18時30分,牝3,https://www.jra.go.jp/JRADB/accessS.html?CNAME=pw01sde1004202602041220260802%2F95,芝,1:21.6,良,伊藤 大士,晴,馬齢,,
474(+16),55.0,3  3,新潟,PASS_HTML,1400,5,pw01dud102023105536/CB,エイシンイクサボシ,4,木幡 初也,35.4,ハナ,04,02,10.0,3歳,未勝利,2026-08-02,pw01sde1004202602041220260802,3歳未勝利,12,（混合）［指定］,,18時30分,牝3,https://www.jra.go.jp/JRADB/accessS.html?CNAME=pw01sde1004202602041220260802%2F95,芝,1:21.6,良,勢司 和浩,晴,馬齢,,
472(+4),52.0,7  7,新潟,PASS_HTML,1400,6,pw01dud102023105331/2A,ベルバード,3,▲上里 直汰,35.2,１／２,04,02,11.0,3歳,未勝利,2026-08-02,pw01sde1004202602041220260802,3歳未勝利,12,（混合）［指定］,,18時30分,牝3,https://www.jra.go.jp/JRADB/accessS.html?CNAME=pw01sde1004202602041220260802%2F95,芝,1:21.7,良,武井 亮,晴,馬齢,,
408(-6),57.0,13  13,新潟,PASS_HTML,1400,7,pw01dud102023101151/2C,アラムベイ,2,大野 拓弥,34.7,ハナ,04,02,9.0,3歳,未勝利,2026-08-02,pw01sde1004202602041220260802,3歳未勝利,12,（混合）［指定］,,18時30分,牡3,https://www.jra.go.jp/JRADB/accessS.html?CNAME=pw01sde1004202602041220260802%2F95,芝,1:21.7,良,池上 昌和,晴,馬齢,,
444(+6),55.0,3  5,新潟,PASS_HTML,1400,8,pw01dud102023107508/5F,ピコバレット,11,木幡 巧也,35.6,１,04,02,12.0,3歳,未勝利,2026-08-02,pw01sde1004202602041220260802,3歳未勝利,12,（混合）［指定］,,18時30分,牡3,https://www.jra.go.jp/JRADB/accessS.html?CNAME=pw01sde1004202602041220260802%2F95,芝,1:21.9,良,牧 光二,晴,馬齢,,
490(+12),57.0,16  13,新潟,PASS_HTML,1400,9,pw01dud102023100043/E2,モントーヤ,9,小崎 綾也,34.7,１／２,04,02,6.0,3歳,未勝利,2026-08-02,pw01sde1004202602041220260802,3歳未勝利,12,（混合）［指定］,,18時30分,牡3,https://www.jra.go.jp/JRADB/accessS.html?CNAME=pw01sde1004202602041220260802%2F95,芝,1:22.0,良,浅利 英明,晴,馬齢,,
426(-8),57.0,10  10,新潟,PASS_HTML,1400,10,pw01dud102023106660/69,ヤマカンドリーミン,10,原 優介,35.2,クビ,04,02,17.0,3歳,未勝利,2026-08-02,pw01sde1004202602041220260802,3歳未勝利,12,（混合）［指定］,,18時30分,牡3,https://www.jra.go.jp/JRADB/accessS.html?CNAME=pw01sde1004202602041220260802%2F95,芝,1:22.0,良,和田 勇介,晴,馬齢,,
436(+10),57.0,10  10,新潟,PASS_HTML,1400,11,pw01dud102023103955/5E,ノブステップ,1,丸山 元気,35.1,アタマ,04,02,14.0,3歳,未勝利,2026-08-02,pw01sde1004202602041220260802,3歳未勝利,12,（混合）［指定］,,18時30分,牡3,https://www.jra.go.jp/JRADB/accessS.html?CNAME=pw01sde1004202602041220260802%2F95,芝,1:22.0,良,田中 勝春,晴,馬齢,,
368(0),53.0,1  1,新潟,PASS_HTML,1400,12,pw01dud102023104714/38,ニシノタチアナ,8,△石神 深道,36.3,１ 3/4,04,02,7.0,3歳,未勝利,2026-08-02,pw01sde1004202602041220260802,3歳未勝利,12,（混合）［指定］,,18時30分,牝3,https://www.jra.go.jp/JRADB/accessS.html?CNAME=pw01sde1004202602041220260802%2F95,芝,1:22.3,良,清水 英克,晴,馬齢,,
424(0),55.0,7  7,新潟,PASS_HTML,1400,13,pw01dud102023102900/E0,ノベンバーベイズ,5,菊沢 一樹,36.0,１,04,02,13.0,3歳,未勝利,2026-08-02,pw01sde1004202602041220260802,3歳未勝利,12,（混合）［指定］,,18時30分,牝3,https://www.jra.go.jp/JRADB/accessS.html?CNAME=pw01sde1004202602041220260802%2F95,芝,1:22.5,良,岩戸 孝樹,晴,馬齢,,
454(+8),55.0,2  2,新潟,PASS_HTML,1400,14,pw01dud102023100653/18,ペルシアーノ,16,石川 裕紀人,36.5,１／２,04,02,5.0,3歳,未勝利,2026-08-02,pw01sde1004202602041220260802,3歳未勝利,12,（混合）［指定］,,18時30分,牝3,https://www.jra.go.jp/JRADB/accessS.html?CNAME=pw01sde1004202602041220260802%2F95,芝,1:22.6,良,相沢 郁,晴,馬齢,,
470(+6),55.0,3  5,新潟,PASS_HTML,1400,15,pw01dud102023105361/5A,ホウオウパーソンズ,18,◇今村 聖奈,36.6,１ 3/4,04,02,8.0,3歳,未勝利,2026-08-02,pw01sde1004202602041220260802,3歳未勝利,12,（混合）［指定］,,18時30分,牡3,https://www.jra.go.jp/JRADB/accessS.html?CNAME=pw01sde1004202602041220260802%2F95,芝,1:22.9,良,蛯名 正義,晴,馬齢,,
436(0),55.0,13  16,新潟,PASS_HTML,1400,16,pw01dud102023100999/9D,ブロッコロ,17,小林 脩斗,35.8,ハナ,04,02,16.0,3歳,未勝利,2026-08-02,pw01sde1004202602041220260802,3歳未勝利,12,（混合）［指定］,,18時30分,牝3,https://www.jra.go.jp/JRADB/accessS.html?CNAME=pw01sde1004202602041220260802%2F95,芝,1:22.9,良,加藤 和宏,晴,馬齢,,
444(初出走),55.0,17  17,新潟,PASS_HTML,1400,17,pw01dud102023100186/AC,セレスティアハート,7,野中 悠太郎,34.6,５,04,02,15.0,3歳,未勝利,2026-08-02,pw01sde1004202602041220260802,3歳未勝利,12,（混合）［指定］,,18時30分,牝3,https://www.jra.go.jp/JRADB/accessS.html?CNAME=pw01sde1004202602041220260802%2F95,芝,1:23.7,良,的場 均,晴,馬齢,,
484(+4),55.0,,新潟,PASS_HTML,1400,除外,pw01dud102023104025/64,スイートハイデン,12,杉原 誠人,,,04,02,,3歳,未勝利,2026-08-02,pw01sde1004202602041220260802,3歳未勝利,12,（混合）［指定］,,18時30分,牝3,https://www.jra.go.jp/JRADB/accessS.html?CNAME=pw01sde1004202602041220260802%2F95,芝,,良,菊川 正達,晴,馬齢,,
446(+4),53.0,5  5  1  1,新潟,PASS_HTML,2200,1,pw01dud102023103686/6E,クイーンズレイン,13,△石神 深道,35.2,,04,02,1,3歳,未勝利,2026-08-02,pw01sde1004202602041120260802,3歳未勝利,11,（混合）［指定］,,18時00分,牝3,https://www.jra.go.jp/JRADB/accessS.html?CNAME=pw01sde1004202602041120260802%2FE0,芝,2:12.5,良,林 徹,晴,馬齢,,
478(+2),57.0,3  3  2  2,新潟,PASS_HTML,2200,2,pw01dud102023103075/C5,ヤマメホープ,12,戸崎 圭太,35.4,１ 3/4,04,02,2,3歳,未勝利,2026-08-02,pw01sde1004202602041120260802,3歳未勝利,11,（混合）［指定］,,18時00分,牡3,https://www.jra.go.jp/JRADB/accessS.html?CNAME=pw01sde1004202602041120260802%2FE0,芝,2:12.8,良,久保田 貴士,晴,馬齢,,
436(0),57.0,6  5  3  3,新潟,PASS_HTML,2200,3,pw01dud102023106182/7A,サヴマ,4,菊沢 一樹,35.5,２,04,02,10,3歳,未勝利,2026-08-02,pw01sde1004202602041120260802,3歳未勝利,11,（混合）［指定］,,18時00分,牡3,https://www.jra.go.jp/JRADB/accessS.html?CNAME=pw01sde1004202602041120260802%2FE0,芝,2:13.2,良,辻 哲英,晴,馬齢,,
452(0),55.0,7  7  5  5,新潟,PASS_HTML,2200,4,pw01dud102023100582/A4,ソロンゴ,11,木幡 育也,35.4,クビ,04,02,4,3歳,未勝利,2026-08-02,pw01sde1004202602041120260802,3歳未勝利,11,（混合）［指定］,,18時00分,牝3,https://www.jra.go.jp/JRADB/accessS.html?CNAME=pw01sde1004202602041120260802%2FE0,芝,2:13.2,良,高橋 文雅,晴,馬齢,,
426(+6),57.0,9  9  7  7,新潟,PASS_HTML,2200,5,pw01dud102023103799/08,フォンドルレール,14,吉田 豊,35.3,１／２,04,02,6,3歳,未勝利,2026-08-02,pw01sde1004202602041120260802,3歳未勝利,11,（混合）［指定］,,18時00分,牡3,https://www.jra.go.jp/JRADB/accessS.html?CNAME=pw01sde1004202602041120260802%2FE0,芝,2:13.3,良,戸田 博文,晴,馬齢,,
426(+14),52.0,12  12  10  9,新潟,PASS_HTML,2200,6,pw01dud102023103321/3C,キコリータ,1,▲石田 拓郎,35.2,１,04,02,3,3歳,未勝利,2026-08-02,pw01sde1004202602041120260802,3歳未勝利,11,（混合）［指定］,,18時00分,牝3,https://www.jra.go.jp/JRADB/accessS.html?CNAME=pw01sde1004202602041120260802%2FE0,芝,2:13.4,良,田中 勝春,晴,馬齢,,
500(+10),57.0,3  3  5  5,新潟,PASS_HTML,2200,7,pw01dud102023106422/AD,マイネルオラクル,8,津村 明秀,35.8,１,04,02,8,3歳,未勝利,2026-08-02,pw01sde1004202602041120260802,3歳未勝利,11,（混合）［指定］,,18時00分,牡3,https://www.jra.go.jp/JRADB/accessS.html?CNAME=pw01sde1004202602041120260802%2FE0,芝,2:13.6,良,尾関 知人,晴,馬齢,,
422(0),57.0,9  9  12  10,新潟,PASS_HTML,2200,8,pw01dud102023103238/40,ブラーヴジャン,7,小崎 綾也,35.3,クビ,04,02,5,3歳,未勝利,2026-08-02,pw01sde1004202602041120260802,3歳未勝利,11,（混合）［指定］,,18時00分,牡3,https://www.jra.go.jp/JRADB/accessS.html?CNAME=pw01sde1004202602041120260802%2FE0,芝,2:13.7,良,和田 勇介,晴,馬齢,,
458(+6),57.0,7  7  7  7,新潟,PASS_HTML,2200,9,pw01dud102023102175/07,タイキヴィグルーズ,6,丸田 恭介,36.0,２,04,02,13,3歳,未勝利,2026-08-02,pw01sde1004202602041120260802,3歳未勝利,11,（混合）［指定］,,18時00分,牡3,https://www.jra.go.jp/JRADB/accessS.html?CNAME=pw01sde1004202602041120260802%2FE0,芝,2:14.0,良,大竹 正博,晴,馬齢,,
492(+2),54.0,2  2  3  3,新潟,PASS_HTML,2200,10,pw01dud102023106489/32,コスモアミュレット,5,▲上里 直汰,36.4,クビ,04,02,7,3歳,未勝利,2026-08-02,pw01sde1004202602041120260802,3歳未勝利,11,（混合）［指定］,,18時00分,牡3,https://www.jra.go.jp/JRADB/accessS.html?CNAME=pw01sde1004202602041120260802%2FE0,芝,2:14.1,良,加藤 士津八,晴,馬齢,,
552(+12),57.0,13  13  13  13,新潟,PASS_HTML,2200,11,pw01dud102023106977/31,ジーティーホクサイ,9,杉原 誠人,36.1,４,04,02,11,3歳,未勝利,2026-08-02,pw01sde1004202602041120260802,3歳未勝利,11,（混合）［指定］,,18時00分,せん3,https://www.jra.go.jp/JRADB/accessS.html?CNAME=pw01sde1004202602041120260802%2FE0,芝,2:14.8,良,大竹 正博,晴,馬齢,,
450(+4),57.0,14  14  13  10,新潟,PASS_HTML,2200,12,pw01dud102023102266/9B,フロステリオン,3,原 優介,36.2,クビ,04,02,14,3歳,未勝利,2026-08-02,pw01sde1004202602041120260802,3歳未勝利,11,（混合）［指定］,,18時00分,牡3,https://www.jra.go.jp/JRADB/accessS.html?CNAME=pw01sde1004202602041120260802%2FE0,芝,2:14.8,良,萱野 浩二,晴,馬齢,,
478(0),57.0,9  9  10  10,新潟,PASS_HTML,2200,13,pw01dud102023105606/CC,レッドリファインド,2,石川 裕紀人,36.6,１／２,04,02,9,3歳,未勝利,2026-08-02,pw01sde1004202602041120260802,3歳未勝利,11,（混合）［指定］,,18時00分,牡3,https://www.jra.go.jp/JRADB/accessS.html?CNAME=pw01sde1004202602041120260802%2FE0,芝,2:14.9,良,奥村 武,晴,馬齢,,
508(-14),55.0,1  1  7  14,新潟,PASS_HTML,2200,中止,pw01dud102023106593/C1,カムバックトゥミー,10,嶋田 純次,,,04,02,12,3歳,未勝利,2026-08-02,pw01sde1004202602041120260802,3歳未勝利,11,（混合）［指定］,,18時00分,牝3,https://www.jra.go.jp/JRADB/accessS.html?CNAME=pw01sde1004202602041120260802%2FE0,芝,,良,佐藤 吉勝,晴,馬齢,,
478(+6),55.0,6  6  6  6,中京,PASS_HTML,2000,1,pw01dud102024106076/91,アーデルボーデン,7,岩田 望来,34.4,,03,02,3,2歳,未勝利,2026-08-01,pw01sde1007202602030120260801,2歳未勝利,01,（混合）［指定］,,9時40分,牡2,https://www.jra.go.jp/JRADB/accessS.html?CNAME=pw01sde1007202602030120260801%2F3C,芝,2:00.8,良,中竹 和也,晴,馬齢,,
502(+6),55.0,7  8  8  8,中京,PASS_HTML,2000,2,pw01dud102024101202/0C,サイモンレガシー,8,川田 将雅,34.2,ハナ,03,02,2,2歳,未勝利,2026-08-01,pw01sde1007202602030120260801,2歳未勝利,01,（混合）［指定］,,9時40分,牡2,https://www.jra.go.jp/JRADB/accessS.html?CNAME=pw01sde1007202602030120260801%2F3C,芝,2:00.8,良,石坂 公一,晴,馬齢,,
452(-2),55.0,2  2  3  3,中京,PASS_HTML,2000,3,pw01dud102024100018/7D,クラリスバローズ,10,団野 大成,34.8,１／２,03,02,6,2歳,未勝利,2026-08-01,pw01sde1007202602030120260801,2歳未勝利,01,（混合）［指定］,,9時40分,牝2,https://www.jra.go.jp/JRADB/accessS.html?CNAME=pw01sde1007202602030120260801%2F3C,芝,2:00.9,良,渡辺 薫彦,晴,馬齢,,
438(-2),55.0,5  4  2  2,中京,PASS_HTML,2000,4,pw01dud102024106285/90,シャインラブ,2,西村 淳也,35.1,１ 1/4,03,02,5,2歳,未勝利,2026-08-01,pw01sde1007202602030120260801,2歳未勝利,01,（混合）［指定］,,9時40分,牝2,https://www.jra.go.jp/JRADB/accessS.html?CNAME=pw01sde1007202602030120260801%2F3C,芝,2:01.1,良,井上 智史,晴,馬齢,,
506(+12),55.0,4  4  3  5,中京,PASS_HTML,2000,5,pw01dud102024106249/1C,ヴェールダムール,4,坂井 瑠星,35.0,１ 1/2,03,02,4,2歳,未勝利,2026-08-01,pw01sde1007202602030120260801,2歳未勝利,01,（混合）［指定］,,9時40分,牝2,https://www.jra.go.jp/JRADB/accessS.html?CNAME=pw01sde1007202602030120260801%2F3C,芝,2:01.3,良,矢作 芳人,晴,馬齢,,
424(-2),55.0,7  8  7  6,中京,PASS_HTML,2000,6,pw01dud102024105969/A4,フェーエンハフト,6,田口 貫太,35.1,１,03,02,7,2歳,未勝利,2026-08-01,pw01sde1007202602030120260801,2歳未勝利,01,（混合）［指定］,,9時40分,牝2,https://www.jra.go.jp/JRADB/accessS.html?CNAME=pw01sde1007202602030120260801%2F3C,芝,2:01.5,良,緒方 努,晴,馬齢,,
474(+6),55.0,7  6  9  9,中京,PASS_HTML,2000,7,pw01dud102024106944/34,メモリアデルレ,5,J.コレット,34.8,クビ,03,02,10,2歳,未勝利,2026-08-01,pw01sde1007202602030120260801,2歳未勝利,01,（混合）［指定］,,9時40分,牡2,https://www.jra.go.jp/JRADB/accessS.html?CNAME=pw01sde1007202602030120260801%2F3C,芝,2:01.5,良,吉岡 辰弥,晴,馬齢,,
458(+8),55.0,3  3  3  3,中京,PASS_HTML,2000,8,pw01dud102024100727/71,オスカーレイア,3,幸 英明,35.3,ハナ,03,02,1,2歳,未勝利,2026-08-01,pw01sde1007202602030120260801,2歳未勝利,01,（混合）［指定］,,9時40分,牝2,https://www.jra.go.jp/JRADB/accessS.html?CNAME=pw01sde1007202602030120260801%2F3C,芝,2:01.5,良,秋山 真一郎,晴,馬齢,,
436(-12),55.0,1  1  1  1,中京,PASS_HTML,2000,9,pw01dud102024103427/AB,ヤマニンイハナ,1,菱田 裕二,36.7,７,03,02,8,2歳,未勝利,2026-08-01,pw01sde1007202602030120260801,2歳未勝利,01,（混合）［指定］,,9時40分,牝2,https://www.jra.go.jp/JRADB/accessS.html?CNAME=pw01sde1007202602030120260801%2F3C,芝,2:02.6,良,中村 直也,晴,馬齢,,
514(0),55.0,10  10  10  9,中京,PASS_HTML,2000,10,pw01dud102024106350/52,ディーヴァレギオン,9,吉村 誠之助,60.9,大差,03,02,9,2歳,未勝利,2026-08-01,pw01sde1007202602030120260801,2歳未勝利,01,（混合）［指定］,,9時40分,牡2,https://www.jra.go.jp/JRADB/accessS.html?CNAME=pw01sde1007202602030120260801%2F3C,芝,2:27.7,良,斎藤 誠,晴,馬齢,,
510(+2),57.0,5  5  3  3,中京,PASS_HTML,2000,1,pw01dud102023105017/29,チェファルー,11,岩田 望来,34.8,,03,02,1,3歳,未勝利,2026-08-01,pw01sde1007202602030320260801,3歳未勝利,03,（混合）［指定］,,10時40分,牡3,https://www.jra.go.jp/JRADB/accessS.html?CNAME=pw01sde1007202602030320260801%2FA6,芝,1:59.4,良,上村 洋行,晴,馬齢,,
486(+4),57.0,3  3  5  5,中京,PASS_HTML,2000,2,pw01dud102023103332/BF,ウェイヴムーン,2,田口 貫太,34.8,１ 1/2,03,02,5,3歳,未勝利,2026-08-01,pw01sde1007202602030320260801,3歳未勝利,03,（混合）［指定］,,10時40分,牡3,https://www.jra.go.jp/JRADB/accessS.html?CNAME=pw01sde1007202602030320260801%2FA6,芝,1:59.6,良,石坂 公一,晴,馬齢,,
438(-2),57.0,14  15  10  10,中京,PASS_HTML,2000,3,pw01dud102023102310/CA,パンキー,5,西村 淳也,34.7,１ 1/4,03,02,2,3歳,未勝利,2026-08-01,pw01sde1007202602030320260801,3歳未勝利,03,（混合）［指定］,,10時40分,牡3,https://www.jra.go.jp/JRADB/accessS.html?CNAME=pw01sde1007202602030320260801%2FA6,芝,1:59.8,良,茶木 太樹,晴,馬齢,,
480(+12),57.0,7  7  8  7,中京,PASS_HTML,2000,4,pw01dud102023103368/A1,ゴリョウセイ,6,J.コレット,34.9,１／２,03,02,7,3歳,未勝利,2026-08-01,pw01sde1007202602030320260801,3歳未勝利,03,（混合）［指定］,,10時40分,牡3,https://www.jra.go.jp/JRADB/accessS.html?CNAME=pw01sde1007202602030320260801%2FA6,芝,1:59.9,良,松下 武士,晴,馬齢,,
434(+2),55.0,6  6  5  5,中京,PASS_HTML,2000,5,pw01dud102023101308/63,グリミスティ,14,菱田 裕二,35.4,２,03,02,14,3歳,未勝利,2026-08-01,pw01sde1007202602030320260801,3歳未勝利,03,（混合）［指定］,,10時40分,牝3,https://www.jra.go.jp/JRADB/accessS.html?CNAME=pw01sde1007202602030320260801%2FA6,芝,2:00.2,良,森田 直行,晴,馬齢,,
416(-4),55.0,2  2  3  3,中京,PASS_HTML,2000,6,pw01dud102023103081/09,ヴィーラー,4,富田 暁,35.9,１ 1/2,03,02,10,3歳,未勝利,2026-08-01,pw01sde1007202602030320260801,3歳未勝利,03,（混合）［指定］,,10時40分,牝3,https://www.jra.go.jp/JRADB/accessS.html?CNAME=pw01sde1007202602030320260801%2FA6,芝,2:00.5,良,矢作 芳人,晴,馬齢,,
448(+2),57.0,14  15  16  15,中京,PASS_HTML,2000,7,pw01dud102023101893/A9,スーパービジー,3,幸 英明,34.9,クビ,03,02,11,3歳,未勝利,2026-08-01,pw01sde1007202602030320260801,3歳未勝利,03,（混合）［指定］,,10時40分,牡3,https://www.jra.go.jp/JRADB/accessS.html?CNAME=pw01sde1007202602030320260801%2FA6,芝,2:00.5,良,庄野 靖志,晴,馬齢,,
432(+6),55.0,7  7  7  7,中京,PASS_HTML,2000,8,pw01dud102023101197/1E,ゴールドアベニュー,12,酒井 学,35.6,クビ,03,02,12,3歳,未勝利,2026-08-01,pw01sde1007202602030320260801,3歳未勝利,03,（混合）［指定］,,10時40分,牝3,https://www.jra.go.jp/JRADB/accessS.html?CNAME=pw01sde1007202602030320260801%2FA6,芝,2:00.5,良,宮地 貴稔,晴,馬齢,,
428(0),57.0,13  11  8  7,中京,PASS_HTML,2000,9,pw01dud102023103743/06,シャリキモン,10,角田 大和,35.7,クビ,03,02,3,3歳,未勝利,2026-08-01,pw01sde1007202602030320260801,3歳未勝利,03,（混合）［指定］,,10時40分,牡3,https://www.jra.go.jp/JRADB/accessS.html?CNAME=pw01sde1007202602030320260801%2FA6,芝,2:00.6,良,吉田 直弘,晴,馬齢,,
432(-2),54.0,3  3  2  2,中京,PASS_HTML,2000,10,pw01dud102023101282/00,メイショウユウゲン,9,▲森田 誠也,36.2,クビ,03,02,15,3歳,未勝利,2026-08-01,pw01sde1007202602030320260801,3歳未勝利,03,（混合）［指定］,,10時40分,牡3,https://www.jra.go.jp/JRADB/accessS.html?CNAME=pw01sde1007202602030320260801%2FA6,芝,2:00.6,良,安達 昭夫,晴,馬齢,,
432(+4),57.0,1  1  1  1,中京,PASS_HTML,2000,11,pw01dud102023105211/D9,アージュドール,1,松若 風馬,36.8,３,03,02,4,3歳,未勝利,2026-08-01,pw01sde1007202602030320260801,3歳未勝利,03,（混合）［指定］,,10時40分,牡3,https://www.jra.go.jp/JRADB/accessS.html?CNAME=pw01sde1007202602030320260801%2FA6,芝,2:01.1,良,森田 直行,晴,馬齢,,
546(+12),56.0,14  14  14  16,中京,PASS_HTML,2000,12,pw01dud102023103310/B9,アイルドゥレーヴェ,7,☆田山 旺佑,35.5,１,03,02,6,3歳,未勝利,2026-08-01,pw01sde1007202602030320260801,3歳未勝利,03,（混合）［指定］,,10時40分,牡3,https://www.jra.go.jp/JRADB/accessS.html?CNAME=pw01sde1007202602030320260801%2FA6,芝,2:01.3,良,新谷 功一,晴,馬齢,,
470(-2),57.0,9  9  10  10,中京,PASS_HTML,2000,13,pw01dud102023103598/33,レッドジルベスター,15,西塚 洸二,36.3,１ 1/4,03,02,16,3歳,未勝利,2026-08-01,pw01sde1007202602030320260801,3歳未勝利,03,（混合）［指定］,,10時40分,牡3,https://www.jra.go.jp/JRADB/accessS.html?CNAME=pw01sde1007202602030320260801%2FA6,芝,2:01.5,良,寺島 良,晴,馬齢,,
434(-16),55.0,10  11  13  13,中京,PASS_HTML,2000,14,pw01dud102023110001/8A,シェーネエルデ,16,M.デムーロ,36.5,３,03,02,9,3歳,未勝利,2026-08-01,pw01sde1007202602030320260801,3歳未勝利,03,（混合）［指定］,,10時40分,牝3,https://www.jra.go.jp/JRADB/accessS.html?CNAME=pw01sde1007202602030320260801%2FA6,芝,2:02.0,良,安田 翔伍,晴,馬齢,,
482(0),57.0,12  13  14  13,中京,PASS_HTML,2000,15,pw01dud102023100995/D1,サトノライトニング,13,川須 栄彦,36.5,ハナ,03,02,13,3歳,未勝利,2026-08-01,pw01sde1007202602030320260801,3歳未勝利,03,（混合）［指定］,,10時40分,牡3,https://www.jra.go.jp/JRADB/accessS.html?CNAME=pw01sde1007202602030320260801%2FA6,芝,2:02.0,良,田中 克典,晴,馬齢,,
456(0),55.0,10  9  10  10,中京,PASS_HTML,2000,16,pw01dud102023100906/B4,ソルアモール,8,団野 大成,38.2,８,03,02,8,3歳,未勝利,2026-08-01,pw01sde1007202602030320260801,3歳未勝利,03,（混合）［指定］,,10時40分,牝3,https://www.jra.go.jp/JRADB/accessS.html?CNAME=pw01sde1007202602030320260801%2FA6,芝,2:03.4,良,宮本 博,晴,馬齢,,
440(初出走),55.0,2  2,中京,PASS_HTML,1400,1,pw01dud102024105758/BF,ラムラベイ,8,松若 風馬,33.8,,03,02,2,2歳,新馬,2026-08-01,pw01sde1007202602030220260801,メイクデビュー中京,02,牝［指定］,,10時10分,牝2,https://www.jra.go.jp/JRADB/accessS.html?CNAME=pw01sde1007202602030220260801%2FF1,芝,1:20.0,良,東田 明士,晴,馬齢,,
446(初出走),55.0,2  2,中京,PASS_HTML,1400,2,pw01dud102024106168/98,バティック,13,川田 将雅,33.9,１ 1/4,03,02,1,2歳,新馬,2026-08-01,pw01sde1007202602030220260801,メイクデビュー中京,02,牝［指定］,,10時10分,牝2,https://www.jra.go.jp/JRADB/accessS.html?CNAME=pw01sde1007202602030220260801%2FF1,芝,1:20.2,良,上村 洋行,晴,馬齢,,
464(初出走),54.0,4  5,中京,PASS_HTML,1400,3,pw01dud102024104447/BA,ベニバナ,6,☆田山 旺佑,33.7,ハナ,03,02,4,2歳,新馬,2026-08-01,pw01sde1007202602030220260801,メイクデビュー中京,02,牝［指定］,,10時10分,牝2,https://www.jra.go.jp/JRADB/accessS.html?CNAME=pw01sde1007202602030220260801%2FF1,芝,1:20.2,良,渡辺 薫彦,晴,馬齢,,
450(初出走),55.0,10  10,中京,PASS_HTML,1400,4,pw01dud102024102172/3A,マッセート,9,幸 英明,33.9,３ 1/2,03,02,7,2歳,新馬,2026-08-01,pw01sde1007202602030220260801,メイクデビュー中京,02,牝［指定］,,10時10分,牝2,https://www.jra.go.jp/JRADB/accessS.html?CNAME=pw01sde1007202602030220260801%2FF1,芝,1:20.8,良,佐藤 悠太,晴,馬齢,,
446(初出走),55.0,4  5,中京,PASS_HTML,1400,5,pw01dud102024100762/72,ウインクローバー,11,田口 貫太,34.3,クビ,03,02,10,2歳,新馬,2026-08-01,pw01sde1007202602030220260801,メイクデビュー中京,02,牝［指定］,,10時10分,牝2,https://www.jra.go.jp/JRADB/accessS.html?CNAME=pw01sde1007202602030220260801%2FF1,芝,1:20.8,良,宮本 博,晴,馬齢,,
470(初出走),55.0,1  1,中京,PASS_HTML,1400,6,pw01dud102024107104/5B,ノヴァーリス,4,坂井 瑠星,34.9,１／２,03,02,6,2歳,新馬,2026-08-01,pw01sde1007202602030220260801,メイクデビュー中京,02,牝［指定］,,10時10分,牝2,https://www.jra.go.jp/JRADB/accessS.html?CNAME=pw01sde1007202602030220260801%2FF1,芝,1:20.9,良,安田 翔伍,晴,馬齢,,
500(初出走),55.0,7  9,中京,PASS_HTML,1400,7,pw01dud102024106214/AD,マーゴットユーカー,12,団野 大成,34.3,１ 1/4,03,02,3,2歳,新馬,2026-08-01,pw01sde1007202602030220260801,メイクデビュー中京,02,牝［指定］,,10時10分,牝2,https://www.jra.go.jp/JRADB/accessS.html?CNAME=pw01sde1007202602030220260801%2FF1,芝,1:21.1,良,小林 真也,晴,馬齢,,
460(初出走),55.0,4  4,中京,PASS_HTML,1400,8,pw01dud102024103484/B2,ジョリープリュム,3,J.コレット,34.9,１,03,02,8,2歳,新馬,2026-08-01,pw01sde1007202602030220260801,メイクデビュー中京,02,牝［指定］,,10時10分,牝2,https://www.jra.go.jp/JRADB/accessS.html?CNAME=pw01sde1007202602030220260801%2FF1,芝,1:21.3,良,田中 克典,晴,馬齢,,
458(初出走),55.0,10  10,中京,PASS_HTML,1400,9,pw01dud102024104083/6A,プレシャスローズ,5,西塚 洸二,34.8,２ 1/2,03,02,9,2歳,新馬,2026-08-01,pw01sde1007202602030220260801,メイクデビュー中京,02,牝［指定］,,10時10分,牝2,https://www.jra.go.jp/JRADB/accessS.html?CNAME=pw01sde1007202602030220260801%2FF1,芝,1:21.7,良,池上 昌和,晴,馬齢,,
432(初出走),55.0,7  7,中京,PASS_HTML,1400,10,pw01dud102024107195/5E,ジュンアマンドラ,7,岩田 望来,35.3,１ 3/4,03,02,5,2歳,新馬,2026-08-01,pw01sde1007202602030220260801,メイクデビュー中京,02,牝［指定］,,10時10分,牝2,https://www.jra.go.jp/JRADB/accessS.html?CNAME=pw01sde1007202602030220260801%2FF1,芝,1:22.0,良,友道 康夫,晴,馬齢,,
408(初出走),52.0,12  12,中京,PASS_HTML,1400,11,pw01dud102024104848/F1,ナムラサフラン,2,▲森田 誠也,34.5,ハナ,03,02,13,2歳,新馬,2026-08-01,pw01sde1007202602030220260801,メイクデビュー中京,02,牝［指定］,,10時10分,牝2,https://www.jra.go.jp/JRADB/accessS.html?CNAME=pw01sde1007202602030220260801%2FF1,芝,1:22.0,良,荒川 義之,晴,馬齢,,
446(初出走),55.0,7  7,中京,PASS_HTML,1400,12,pw01dud102024102645/58,ミール,1,吉村 誠之助,36.1,４,03,02,12,2歳,新馬,2026-08-01,pw01sde1007202602030220260801,メイクデビュー中京,02,牝［指定］,,10時10分,牝2,https://www.jra.go.jp/JRADB/accessS.html?CNAME=pw01sde1007202602030220260801%2FF1,芝,1:22.7,良,高橋 一哉,晴,馬齢,,
442(初出走),55.0,13  13,中京,PASS_HTML,1400,13,pw01dud102024102756/0C,ヴァニーユ,10,西村 淳也,35.6,大差,03,02,11,2歳,新馬,2026-08-01,pw01sde1007202602030220260801,メイクデビュー中京,02,牝［指定］,,10時10分,牝2,https://www.jra.go.jp/JRADB/accessS.html?CNAME=pw01sde1007202602030220260801%2FF1,芝,1:24.5,良,高柳 大輔,晴,馬齢,,
476(-4),55.0,11  11  10  11,中京,QUARANTINED_HTML:track_condition,1800,1,pw01dud102023103329/D4,ウンナターシャ,9,坂井 瑠星,38.7,,03,02,1,3歳,未勝利,2026-08-01,pw01sde1007202602030420260801,3歳未勝利,04,牝［指定］,,11時10分,牝3,https://www.jra.go.jp/JRADB/accessS.html?CNAME=pw01sde1007202602030420260801%2F5B,ダート,1:56.4,,高柳 大輔,晴,馬齢,,
422(-4),55.0,13  13  14  13,中京,QUARANTINED_HTML:track_condition,1800,2,pw01dud102023100605/AE,キミガスキダ,8,藤懸 貴志,38.5,１／２,03,02,14,3歳,未勝利,2026-08-01,pw01sde1007202602030420260801,3歳未勝利,04,牝［指定］,,11時10分,牝3,https://www.jra.go.jp/JRADB/accessS.html?CNAME=pw01sde1007202602030420260801%2F5B,ダート,1:56.5,,牧田 和弥,晴,馬齢,,
450(0),55.0,2  2  2  2,中京,QUARANTINED_HTML:track_condition,1800,3,pw01dud102023104329/C3,タガノアルテミス,13,西塚 洸二,39.8,３／４,03,02,8,3歳,未勝利,2026-08-01,pw01sde1007202602030420260801,3歳未勝利,04,牝［指定］,,11時10分,牝3,https://www.jra.go.jp/JRADB/accessS.html?CNAME=pw01sde1007202602030420260801%2F5B,ダート,1:56.6,,西園 翔太,晴,馬齢,,
480(-4),55.0,3  3  5  4,中京,QUARANTINED_HTML:track_condition,1800,4,pw01dud102023105819/97,ベイニーニャ,4,長岡 禎仁,39.8,１ 3/4,03,02,5,3歳,未勝利,2026-08-01,pw01sde1007202602030420260801,3歳未勝利,04,牝［指定］,,11時10分,牝3,https://www.jra.go.jp/JRADB/accessS.html?CNAME=pw01sde1007202602030420260801%2F5B,ダート,1:56.9,,茶木 太樹,晴,馬齢,,
426(-4),55.0,3  3  3  3,中京,QUARANTINED_HTML:track_condition,1800,5,pw01dud102023101946/E3,キーテーマ,6,秋山 稔樹,40.0,ハナ,03,02,11,3歳,未勝利,2026-08-01,pw01sde1007202602030420260801,3歳未勝利,04,牝［指定］,,11時10分,牝3,https://www.jra.go.jp/JRADB/accessS.html?CNAME=pw01sde1007202602030420260801%2F5B,ダート,1:56.9,,宮 徹,晴,馬齢,,
470(-2),55.0,13  13  10  8,中京,QUARANTINED_HTML:track_condition,1800,6,pw01dud102023104362/DE,ヤマニンエルファバ,3,団野 大成,39.3,１／２,03,02,3,3歳,未勝利,2026-08-01,pw01sde1007202602030420260801,3歳未勝利,04,牝［指定］,,11時10分,牝3,https://www.jra.go.jp/JRADB/accessS.html?CNAME=pw01sde1007202602030420260801%2F5B,ダート,1:57.0,,千田 輝彦,晴,馬齢,,
456(0),55.0,9  10  7  6,中京,QUARANTINED_HTML:track_condition,1800,7,pw01dud102023109040/F0,メイショウメゴヒメ,14,田口 貫太,39.6,３／４,03,02,7,3歳,未勝利,2026-08-01,pw01sde1007202602030420260801,3歳未勝利,04,牝［指定］,,11時10分,牝3,https://www.jra.go.jp/JRADB/accessS.html?CNAME=pw01sde1007202602030420260801%2F5B,ダート,1:57.1,,大橋 勇樹,晴,馬齢,,
470(+16),55.0,3  6  6  6,中京,QUARANTINED_HTML:track_condition,1800,8,pw01dud102023106004/AF,スマートエトワール,5,J.コレット,39.9,１／２,03,02,9,3歳,未勝利,2026-08-01,pw01sde1007202602030420260801,3歳未勝利,04,牝［指定］,,11時10分,牝3,https://www.jra.go.jp/JRADB/accessS.html?CNAME=pw01sde1007202602030420260801%2F5B,ダート,1:57.2,,辻野 泰之,晴,馬齢,,
476(0),55.0,7  7  7  8,中京,QUARANTINED_HTML:track_condition,1800,9,pw01dud102023107064/FE,フィデリス,15,川田 将雅,39.9,クビ,03,02,2,3歳,未勝利,2026-08-01,pw01sde1007202602030420260801,3歳未勝利,04,牝［指定］,,11時10分,牝3,https://www.jra.go.jp/JRADB/accessS.html?CNAME=pw01sde1007202602030420260801%2F5B,ダート,1:57.3,,坂口 智康,晴,馬齢,,
468(-6),55.0,12  12  13  13,中京,QUARANTINED_HTML:track_condition,1800,10,pw01dud102023105462/FE,クラテロス,10,岩田 望来,39.9,２ 1/2,03,02,6,3歳,未勝利,2026-08-01,pw01sde1007202602030420260801,3歳未勝利,04,牝［指定］,,11時10分,牝3,https://www.jra.go.jp/JRADB/accessS.html?CNAME=pw01sde1007202602030420260801%2F5B,ダート,1:57.7,,寺島 良,晴,馬齢,,
492(-2),55.0,1  1  1  1,中京,QUARANTINED_HTML:track_condition,1800,11,pw01dud102023106794/96,ラミアスペランツァ,12,西村 淳也,41.0,クビ,03,02,4,3歳,未勝利,2026-08-01,pw01sde1007202602030420260801,3歳未勝利,04,牝［指定］,,11時10分,牝3,https://www.jra.go.jp/JRADB/accessS.html?CNAME=pw01sde1007202602030420260801%2F5B,ダート,1:57.8,,宮地 貴稔,晴,馬齢,,
428(0),55.0,3  3  3  4,中京,QUARANTINED_HTML:track_condition,1800,12,pw01dud102023102174/94,メイショウマグナ,16,太宰 啓介,40.9,クビ,03,02,12,3歳,未勝利,2026-08-01,pw01sde1007202602030420260801,3歳未勝利,04,牝［指定］,,11時10分,牝3,https://www.jra.go.jp/JRADB/accessS.html?CNAME=pw01sde1007202602030420260801%2F5B,ダート,1:57.8,,石橋 守,晴,馬齢,,
472(+6),55.0,15  16  16  15,中京,QUARANTINED_HTML:track_condition,1800,13,pw01dud102023105385/46,エアリアルグレース,1,国分 恭介,39.9,２,03,02,16,3歳,未勝利,2026-08-01,pw01sde1007202602030420260801,3歳未勝利,04,牝［指定］,,11時10分,牝3,https://www.jra.go.jp/JRADB/accessS.html?CNAME=pw01sde1007202602030420260801%2F5B,ダート,1:58.2,,吉村 圭司,晴,馬齢,,
502(+4),55.0,15  15  15  15,中京,QUARANTINED_HTML:track_condition,1800,14,pw01dud102023106213/AE,ガビーズデトワール,7,幸 英明,40.1,ハナ,03,02,15,3歳,未勝利,2026-08-01,pw01sde1007202602030420260801,3歳未勝利,04,牝［指定］,,11時10分,牝3,https://www.jra.go.jp/JRADB/accessS.html?CNAME=pw01sde1007202602030420260801%2F5B,ダート,1:58.2,,牧田 和弥,晴,馬齢,,
470(+6),55.0,9  7  7  8,中京,QUARANTINED_HTML:track_condition,1800,15,pw01dud102023101201/0D,タントレーベル,2,松若 風馬,40.8,クビ,03,02,10,3歳,未勝利,2026-08-01,pw01sde1007202602030420260801,3歳未勝利,04,牝［指定］,,11時10分,牝3,https://www.jra.go.jp/JRADB/accessS.html?CNAME=pw01sde1007202602030420260801%2F5B,ダート,1:58.2,,吉村 圭司,晴,馬齢,,
472(+13),55.0,7  7  10  11,中京,QUARANTINED_HTML:track_condition,1800,16,pw01dud102023101988/09,アスタウイン,11,川須 栄彦,42.1,９,03,02,13,3歳,未勝利,2026-08-01,pw01sde1007202602030420260801,3歳未勝利,04,牝［指定］,,11時10分,牝3,https://www.jra.go.jp/JRADB/accessS.html?CNAME=pw01sde1007202602030420260801%2F5B,ダート,1:59.7,,小椋 研介,晴,馬齢,,
500(+12),57.0,2  1  1  1,中京,QUARANTINED_HTML:track_condition,1800,1,pw01dud102023106888/83,サトノグロリア,14,西塚 洸二,39.8,,03,02,2,3歳,未勝利,2026-08-01,pw01sde1007202602030520260801,3歳未勝利,05,[指定],,11時40分,牡3,https://www.jra.go.jp/JRADB/accessS.html?CNAME=pw01sde1007202602030520260801%2F10,ダート,1:54.6,,友道 康夫,晴,馬齢,,
450(-8),57.0,2  2  2  2,中京,QUARANTINED_HTML:track_condition,1800,2,pw01dud102023103284/C4,メイショウナナシロ,9,岩田 望来,40.4,５,03,02,1,3歳,未勝利,2026-08-01,pw01sde1007202602030520260801,3歳未勝利,05,[指定],,11時40分,牡3,https://www.jra.go.jp/JRADB/accessS.html?CNAME=pw01sde1007202602030520260801%2F10,ダート,1:55.4,,石橋 守,晴,馬齢,,
446(0),57.0,7  7  6  5,中京,QUARANTINED_HTML:track_condition,1800,3,pw01dud102023104872/E3,ゴールデンドラゴン,2,松若 風馬,40.3,３,03,02,4,3歳,未勝利,2026-08-01,pw01sde1007202602030520260801,3歳未勝利,05,[指定],,11時40分,牡3,https://www.jra.go.jp/JRADB/accessS.html?CNAME=pw01sde1007202602030520260801%2F10,ダート,1:55.9,,宮本 博,晴,馬齢,,
458(+10),57.0,14  14  11  8,中京,QUARANTINED_HTML:track_condition,1800,4,pw01dud102023106271/28,ニシノエビガタメ,7,M.デムーロ,39.4,クビ,03,02,10,3歳,未勝利,2026-08-01,pw01sde1007202602030520260801,3歳未勝利,05,[指定],,11時40分,牡3,https://www.jra.go.jp/JRADB/accessS.html?CNAME=pw01sde1007202602030520260801%2F10,ダート,1:56.0,,吉村 圭司,晴,馬齢,,
504(初出走),57.0,13  13  8  6,中京,QUARANTINED_HTML:track_condition,1800,5,pw01dud102023101043/D1,メイショウジンソウ,8,太宰 啓介,40.1,２,03,02,11,3歳,未勝利,2026-08-01,pw01sde1007202602030520260801,3歳未勝利,05,[指定],,11時40分,牡3,https://www.jra.go.jp/JRADB/accessS.html?CNAME=pw01sde1007202602030520260801%2F10,ダート,1:56.3,,本田 優,晴,馬齢,,
490(-8),57.0,11  11  13  11,中京,QUARANTINED_HTML:track_condition,1800,6,pw01dud102023105122/2B,サラサダンディー,5,国分 恭介,39.6,１／２,03,02,13,3歳,未勝利,2026-08-01,pw01sde1007202602030520260801,3歳未勝利,05,[指定],,11時40分,牡3,https://www.jra.go.jp/JRADB/accessS.html?CNAME=pw01sde1007202602030520260801%2F10,ダート,1:56.4,,岡田 稲男,晴,馬齢,,
490(-2),57.0,4  4  4  3,中京,QUARANTINED_HTML:track_condition,1800,7,pw01dud102023103591/0E,ベラジオヴァレル,1,富田 暁,41.4,クビ,03,02,3,3歳,未勝利,2026-08-01,pw01sde1007202602030520260801,3歳未勝利,05,[指定],,11時40分,牡3,https://www.jra.go.jp/JRADB/accessS.html?CNAME=pw01sde1007202602030520260801%2F10,ダート,1:56.5,,上村 洋行,晴,馬齢,,
518(-2),57.0,16  16  16  14,中京,QUARANTINED_HTML:track_condition,1800,8,pw01dud102023104382/FE,レディトゥアタック,11,酒井 学,40.3,８,03,02,7,3歳,未勝利,2026-08-01,pw01sde1007202602030520260801,3歳未勝利,05,[指定],,11時40分,牡3,https://www.jra.go.jp/JRADB/accessS.html?CNAME=pw01sde1007202602030520260801%2F10,ダート,1:57.8,,清水 久詞,晴,馬齢,,
512(-2),57.0,14  14  15  16,中京,QUARANTINED_HTML:track_condition,1800,9,pw01dud102023100098/71,ジャッキーバローズ,15,J.コレット,41.8,８,03,02,9,3歳,未勝利,2026-08-01,pw01sde1007202602030520260801,3歳未勝利,05,[指定],,11時40分,牡3,https://www.jra.go.jp/JRADB/accessS.html?CNAME=pw01sde1007202602030520260801%2F10,ダート,1:59.1,,石坂 公一,晴,馬齢,,
450(+16),57.0,9  9  7  7,中京,QUARANTINED_HTML:track_condition,1800,10,pw01dud102023104747/C1,チアフルラン,6,藤懸 貴志,43.8,３ 1/2,03,02,15,3歳,未勝利,2026-08-01,pw01sde1007202602030520260801,3歳未勝利,05,[指定],,11時40分,牡3,https://www.jra.go.jp/JRADB/accessS.html?CNAME=pw01sde1007202602030520260801%2F10,ダート,1:59.7,,渡辺 薫彦,晴,馬齢,,
482(初出走),57.0,9  10  10  10,中京,QUARANTINED_HTML:track_condition,1800,11,pw01dud102023106615/58,レッドバベル,13,吉村 誠之助,44.1,５,03,02,8,3歳,未勝利,2026-08-01,pw01sde1007202602030520260801,3歳未勝利,05,[指定],,11時40分,牡3,https://www.jra.go.jp/JRADB/accessS.html?CNAME=pw01sde1007202602030520260801%2F10,ダート,2:00.5,,池江 泰寿,晴,馬齢,,
468(-10),57.0,4  6  8  12,中京,QUARANTINED_HTML:track_condition,1800,12,pw01dud102023105316/49,フォーシーファイン,16,団野 大成,45.6,８,03,02,12,3歳,未勝利,2026-08-01,pw01sde1007202602030520260801,3歳未勝利,05,[指定],,11時40分,牡3,https://www.jra.go.jp/JRADB/accessS.html?CNAME=pw01sde1007202602030520260801%2F10,ダート,2:01.8,,斉藤 崇史,晴,馬齢,,
500(+10),55.0,11  12  14  14,中京,QUARANTINED_HTML:track_condition,1800,13,pw01dud102023100530/6E,カセノナユタ,12,△柴田 裕一郎,45.1,１ 1/4,03,02,16,3歳,未勝利,2026-08-01,pw01sde1007202602030520260801,3歳未勝利,05,[指定],,11時40分,牡3,https://www.jra.go.jp/JRADB/accessS.html?CNAME=pw01sde1007202602030520260801%2F10,ダート,2:02.0,,中尾 秀正,晴,馬齢,,
484(-12),57.0,4  4  5  4,中京,QUARANTINED_HTML:track_condition,1800,14,pw01dud102023101574/69,サンライズジャッジ,10,加藤 祥太,47.1,２,03,02,14,3歳,未勝利,2026-08-01,pw01sde1007202602030520260801,3歳未勝利,05,[指定],,11時40分,牡3,https://www.jra.go.jp/JRADB/accessS.html?CNAME=pw01sde1007202602030520260801%2F10,ダート,2:02.4,,小椋 研介,晴,馬齢,,
464(+6),57.0,8  8  11  12,中京,QUARANTINED_HTML:track_condition,1800,15,pw01dud102023105001/67,クロンヌジャン,3,田口 貫太,46.1,２,03,02,6,3歳,未勝利,2026-08-01,pw01sde1007202602030520260801,3歳未勝利,05,[指定],,11時40分,牡3,https://www.jra.go.jp/JRADB/accessS.html?CNAME=pw01sde1007202602030520260801%2F10,ダート,2:02.7,,鈴木 孝志,晴,馬齢,,
410(-8),57.0,1  2  2  9,中京,QUARANTINED_HTML:track_condition,1800,16,pw01dud102023104172/8C,リリーサンダー,4,西村 淳也,55.6,大差,03,02,5,3歳,未勝利,2026-08-01,pw01sde1007202602030520260801,3歳未勝利,05,[指定],,11時40分,牡3,https://www.jra.go.jp/JRADB/accessS.html?CNAME=pw01sde1007202602030520260801%2F10,ダート,2:10.6,,緒方 努,晴,馬齢,,
440(-10),53.0,1  1  1,中京,PASS_HTML,1600,1,pw01dud102021105255/CD,ハワイアンティアレ,6,吉村 誠之助,33.1,,03,02,7,3歳以上,3勝クラス,2026-08-01,pw01sde1007202602030720260801,豊橋ステークス,07,（混合）［指定］,,15時35分,牝5,https://www.jra.go.jp/JRADB/accessS.html?CNAME=pw01sde1007202602030720260801%2F7A,芝,1:33.1,良,松永 幹夫,晴,ハンデ,,
486(+6),53.0,2  2  2,中京,PASS_HTML,1600,2,pw01dud102021105127/52,テラメリタ,8,酒井 学,33.0,クビ,03,02,4,3歳以上,3勝クラス,2026-08-01,pw01sde1007202602030720260801,豊橋ステークス,07,（混合）［指定］,,15時35分,牝5,https://www.jra.go.jp/JRADB/accessS.html?CNAME=pw01sde1007202602030720260801%2F7A,芝,1:33.2,良,須貝 尚介,晴,ハンデ,,
448(-2),54.0,3  3  3,中京,PASS_HTML,1600,3,pw01dud102021105161/E0,ケーブパール,1,西塚 洸二,32.9,クビ,03,02,3,3歳以上,3勝クラス,2026-08-01,pw01sde1007202602030720260801,豊橋ステークス,07,（混合）［指定］,,15時35分,牝5,https://www.jra.go.jp/JRADB/accessS.html?CNAME=pw01sde1007202602030720260801%2F7A,芝,1:33.2,良,友道 康夫,晴,ハンデ,,
464(+6),54.0,5  5  5,中京,PASS_HTML,1600,4,pw01dud102022105550/AD,ノクナレア,9,団野 大成,32.7,クビ,03,02,2,3歳以上,3勝クラス,2026-08-01,pw01sde1007202602030720260801,豊橋ステークス,07,（混合）［指定］,,15時35分,牝4,https://www.jra.go.jp/JRADB/accessS.html?CNAME=pw01sde1007202602030720260801%2F7A,芝,1:33.3,良,今野 貞一,晴,ハンデ,,
456(+2),54.0,6  5  5,中京,PASS_HTML,1600,5,pw01dud102021105800/64,ミエスペランサ,4,西村 淳也,32.8,１／２,03,02,8,3歳以上,3勝クラス,2026-08-01,pw01sde1007202602030720260801,豊橋ステークス,07,（混合）［指定］,,15時35分,牝5,https://www.jra.go.jp/JRADB/accessS.html?CNAME=pw01sde1007202602030720260801%2F7A,芝,1:33.4,良,橋田 宜長,晴,ハンデ,,
470(+2),54.0,3  3  3,中京,PASS_HTML,1600,6,pw01dud102023103752/A3,アンドゥーリル,2,川田 将雅,33.0,クビ,03,02,1,3歳以上,3勝クラス,2026-08-01,pw01sde1007202602030720260801,豊橋ステークス,07,（混合）［指定］,,15時35分,牡3,https://www.jra.go.jp/JRADB/accessS.html?CNAME=pw01sde1007202602030720260801%2F7A,芝,1:33.4,良,中内田 充正,晴,ハンデ,,
456(+6),54.0,10  10  8,中京,PASS_HTML,1600,7,pw01dud102021104153/C7,エポックヴィーナス,10,田山 旺佑,32.5,アタマ,03,02,6,3歳以上,3勝クラス,2026-08-01,pw01sde1007202602030720260801,豊橋ステークス,07,（混合）［指定］,,15時35分,牝5,https://www.jra.go.jp/JRADB/accessS.html?CNAME=pw01sde1007202602030720260801%2F7A,芝,1:33.4,良,新谷 功一,晴,ハンデ,,
494(-8),56.0,8  7  5,中京,PASS_HTML,1600,8,pw01dud102021104971/89,オールセインツ,3,富田 暁,33.0,１,03,02,9,3歳以上,3勝クラス,2026-08-01,pw01sde1007202602030720260801,豊橋ステークス,07,（混合）［指定］,,15時35分,せん5,https://www.jra.go.jp/JRADB/accessS.html?CNAME=pw01sde1007202602030720260801%2F7A,芝,1:33.6,良,友道 康夫,晴,ハンデ,,
482(0),56.0,8  7  8,中京,PASS_HTML,1600,9,pw01dud102020104520/76,アイルシャイン,11,J.コレット,32.7,ハナ,03,02,10,3歳以上,3勝クラス,2026-08-01,pw01sde1007202602030720260801,豊橋ステークス,07,（混合）［指定］,,15時35分,せん6,https://www.jra.go.jp/JRADB/accessS.html?CNAME=pw01sde1007202602030720260801%2F7A,芝,1:33.6,良,新谷 功一,晴,ハンデ,,
474(-6),53.0,6  7  8,中京,PASS_HTML,1600,10,pw01dud102022103754/FD,ミストレス,7,坂井 瑠星,33.2,２ 1/2,03,02,11,3歳以上,3勝クラス,2026-08-01,pw01sde1007202602030720260801,豊橋ステークス,07,（混合）［指定］,,15時35分,牝4,https://www.jra.go.jp/JRADB/accessS.html?CNAME=pw01sde1007202602030720260801%2F7A,芝,1:34.0,良,矢作 芳人,晴,ハンデ,,
492(0),55.0,11  11  11,中京,PASS_HTML,1600,11,pw01dud102022102744/FE,キングメーカー,5,M.デムーロ,33.3,３ 1/2,03,02,5,3歳以上,3勝クラス,2026-08-01,pw01sde1007202602030720260801,豊橋ステークス,07,（混合）［指定］,,15時35分,牡4,https://www.jra.go.jp/JRADB/accessS.html?CNAME=pw01sde1007202602030720260801%2F7A,芝,1:34.6,良,須貝 尚介,晴,ハンデ,,
512(+4),58.0,4  4,中京,QUARANTINED_HTML:track_condition,1400,1,pw01dud102022110007/B0,スナッピードレッサ,3,岩田 望来,36.7,,03,02,1,3歳以上,3勝クラス,2026-08-01,pw01sde1007202602030620260801,桶狭間ステークス,06,（混合）（特指）,,15時01分,牡4,https://www.jra.go.jp/JRADB/accessS.html?CNAME=pw01sde1007202602030620260801%2FC5,ダート,1:23.5,,大竹 正博,晴,定量,,
486(0),58.0,7  7,中京,QUARANTINED_HTML:track_condition,1400,2,pw01dud102022100204/EB,ピエマンソン,13,M.デムーロ,36.4,１／２,03,02,5,3歳以上,3勝クラス,2026-08-01,pw01sde1007202602030620260801,桶狭間ステークス,06,（混合）（特指）,,15時01分,牡4,https://www.jra.go.jp/JRADB/accessS.html?CNAME=pw01sde1007202602030620260801%2FC5,ダート,1:23.6,,平田 修,晴,定量,,
518(+2),58.0,1  1,中京,QUARANTINED_HTML:track_condition,1400,3,pw01dud102022106920/30,ニューオーリンズ,8,松若 風馬,37.5,１／２,03,02,2,3歳以上,3勝クラス,2026-08-01,pw01sde1007202602030620260801,桶狭間ステークス,06,（混合）（特指）,,15時01分,牡4,https://www.jra.go.jp/JRADB/accessS.html?CNAME=pw01sde1007202602030620260801%2FC5,ダート,1:23.7,,杉山 晴紀,晴,定量,,
506(+4),58.0,14  15,中京,QUARANTINED_HTML:track_condition,1400,4,pw01dud102021106594/1C,ヤマニンアストロン,15,坂井 瑠星,36.0,２,03,02,6,3歳以上,3勝クラス,2026-08-01,pw01sde1007202602030620260801,桶狭間ステークス,06,（混合）（特指）,,15時01分,牡5,https://www.jra.go.jp/JRADB/accessS.html?CNAME=pw01sde1007202602030620260801%2FC5,ダート,1:24.1,,石橋 守,晴,定量,,
512(-18),58.0,2  2,中京,QUARANTINED_HTML:track_condition,1400,5,pw01dud102020100583/73,レイズカイザー,11,西村 淳也,38.2,２,03,02,9,3歳以上,3勝クラス,2026-08-01,pw01sde1007202602030620260801,桶狭間ステークス,06,（混合）（特指）,,15時01分,せん6,https://www.jra.go.jp/JRADB/accessS.html?CNAME=pw01sde1007202602030620260801%2FC5,ダート,1:24.4,,久保田 貴士,晴,定量,,
464(+10),58.0,16  15,中京,QUARANTINED_HTML:track_condition,1400,6,pw01dud102019100110/67,ナッカーフェイス,12,秋山 稔樹,36.4,１ 1/2,03,02,13,3歳以上,3勝クラス,2026-08-01,pw01sde1007202602030620260801,桶狭間ステークス,06,（混合）（特指）,,15時01分,牡7,https://www.jra.go.jp/JRADB/accessS.html?CNAME=pw01sde1007202602030620260801%2FC5,ダート,1:24.7,,北出 成人,晴,定量,,
480(+6),56.0,12  13,中京,QUARANTINED_HTML:track_condition,1400,7,pw01dud102020110100/A4,シゲルソロソロ,5,幸 英明,36.9,クビ,03,02,11,3歳以上,3勝クラス,2026-08-01,pw01sde1007202602030620260801,桶狭間ステークス,06,（混合）（特指）,,15時01分,牝6,https://www.jra.go.jp/JRADB/accessS.html?CNAME=pw01sde1007202602030620260801%2FC5,ダート,1:24.7,,谷 潔,晴,定量,,
464(0),55.0,4  4,中京,QUARANTINED_HTML:track_condition,1400,8,pw01dud102023106651/CC,リサシテーション,14,菱田 裕二,38.0,３／４,03,02,3,3歳以上,3勝クラス,2026-08-01,pw01sde1007202602030620260801,桶狭間ステークス,06,（混合）（特指）,,15時01分,牡3,https://www.jra.go.jp/JRADB/accessS.html?CNAME=pw01sde1007202602030620260801%2FC5,ダート,1:24.8,,岡田 稲男,晴,定量,,
466(-8),56.0,9  9,中京,QUARANTINED_HTML:track_condition,1400,9,pw01dud102021106305/9D,ランウインディ,4,団野 大成,37.7,１ 1/4,03,02,12,3歳以上,3勝クラス,2026-08-01,pw01sde1007202602030620260801,桶狭間ステークス,06,（混合）（特指）,,15時01分,牝5,https://www.jra.go.jp/JRADB/accessS.html?CNAME=pw01sde1007202602030620260801%2FC5,ダート,1:25.0,,中尾 秀正,晴,定量,,
538(-2),56.0,11  11,中京,QUARANTINED_HTML:track_condition,1400,10,pw01dud102022105853/99,ヴィリアリート,9,西塚 洸二,37.4,アタマ,03,02,8,3歳以上,3勝クラス,2026-08-01,pw01sde1007202602030620260801,桶狭間ステークス,06,（混合）（特指）,,15時01分,牝4,https://www.jra.go.jp/JRADB/accessS.html?CNAME=pw01sde1007202602030620260801%2FC5,ダート,1:25.0,,西村 真幸,晴,定量,,
500(+4),58.0,12  11,中京,QUARANTINED_HTML:track_condition,1400,11,pw01dud102021101235/F1,ゴールデンオスカー,2,高倉 稜,37.9,３ 1/2,03,02,14,3歳以上,3勝クラス,2026-08-01,pw01sde1007202602030620260801,桶狭間ステークス,06,（混合）（特指）,,15時01分,牡5,https://www.jra.go.jp/JRADB/accessS.html?CNAME=pw01sde1007202602030620260801%2FC5,ダート,1:25.6,,堀内 岳志,晴,定量,,
514(-2),56.0,4  6,中京,QUARANTINED_HTML:track_condition,1400,12,pw01dud102021105379/EA,ルシフェル,10,吉村 誠之助,38.8,クビ,03,02,7,3歳以上,3勝クラス,2026-08-01,pw01sde1007202602030620260801,桶狭間ステークス,06,（混合）（特指）,,15時01分,牝5,https://www.jra.go.jp/JRADB/accessS.html?CNAME=pw01sde1007202602030620260801%2FC5,ダート,1:25.7,,西園 翔太,晴,定量,,
526(-2),56.0,14  13,中京,QUARANTINED_HTML:track_condition,1400,13,pw01dud102022105808/88,トゥロン,1,富田 暁,37.8,１／２,03,02,10,3歳以上,3勝クラス,2026-08-01,pw01sde1007202602030620260801,桶狭間ステークス,06,（混合）（特指）,,15時01分,牝4,https://www.jra.go.jp/JRADB/accessS.html?CNAME=pw01sde1007202602030620260801%2FC5,ダート,1:25.8,,井上 智史,晴,定量,,
510(+8),56.0,7  8,中京,QUARANTINED_HTML:track_condition,1400,14,pw01dud102022105964/4D,スニーカースキル,7,J.コレット,38.7,アタマ,03,02,4,3歳以上,3勝クラス,2026-08-01,pw01sde1007202602030620260801,桶狭間ステークス,06,（混合）（特指）,,15時01分,牝4,https://www.jra.go.jp/JRADB/accessS.html?CNAME=pw01sde1007202602030620260801%2FC5,ダート,1:25.8,,杉山 晴紀,晴,定量,,
514(+8),58.0,10  10,中京,QUARANTINED_HTML:track_condition,1400,15,pw01dud102019101295/46,ホワイトガーベラ,6,田口 貫太,39.9,９,03,02,15,3歳以上,3勝クラス,2026-08-01,pw01sde1007202602030620260801,桶狭間ステークス,06,（混合）（特指）,,15時01分,牡7,https://www.jra.go.jp/JRADB/accessS.html?CNAME=pw01sde1007202602030620260801%2FC5,ダート,1:27.3,,千葉 直人,晴,定量,,
448(-6),58.0,3  3,中京,QUARANTINED_HTML:track_condition,1400,16,pw01dud102019104260/A4,メイショウクリフト,16,角田 大和,42.0,６,03,02,16,3歳以上,3勝クラス,2026-08-01,pw01sde1007202602030620260801,桶狭間ステークス,06,（混合）（特指）,,15時01分,牡7,https://www.jra.go.jp/JRADB/accessS.html?CNAME=pw01sde1007202602030620260801%2FC5,ダート,1:28.3,,笹田 和秀,晴,定量,,
452(-6),55.0,8  9  11  9,中京,QUARANTINED_HTML:track_condition,1800,1,pw01dud102023100547/A3,ビービークローサー,10,坂井 瑠星,36.4,,03,02,1,3歳以上,2勝クラス,2026-08-01,pw01sde1007202602030820260801,日進特別,08,[指定],,16時10分,牡3,https://www.jra.go.jp/JRADB/accessS.html?CNAME=pw01sde1007202602030820260801%2F2F,ダート,1:52.3,,野中 賢二,晴,定量,,
494(+6),58.0,2  2  2  2,中京,QUARANTINED_HTML:track_condition,1800,2,pw01dud102021106694/4D,ソウルアンドジャズ,8,川須 栄彦,37.4,１ 1/2,03,02,5,3歳以上,2勝クラス,2026-08-01,pw01sde1007202602030820260801,日進特別,08,[指定],,16時10分,せん5,https://www.jra.go.jp/JRADB/accessS.html?CNAME=pw01sde1007202602030820260801%2F2F,ダート,1:52.5,,武井 亮,晴,定量,,
490(+2),55.0,10  9  10  7,中京,QUARANTINED_HTML:track_condition,1800,3,pw01dud102023102553/C5,ボクマダネムイヨ,4,西村 淳也,37.8,７,03,02,2,3歳以上,2勝クラス,2026-08-01,pw01sde1007202602030820260801,日進特別,08,[指定],,16時10分,牡3,https://www.jra.go.jp/JRADB/accessS.html?CNAME=pw01sde1007202602030820260801%2F2F,ダート,1:53.6,,東田 明士,晴,定量,,
472(-2),58.0,5  5  5  4,中京,QUARANTINED_HTML:track_condition,1800,4,pw01dud102022105878/F8,メイケイロゼッタ,5,酒井 学,38.3,ハナ,03,02,11,3歳以上,2勝クラス,2026-08-01,pw01sde1007202602030820260801,日進特別,08,[指定],,16時10分,牡4,https://www.jra.go.jp/JRADB/accessS.html?CNAME=pw01sde1007202602030820260801%2F2F,ダート,1:53.6,,河嶋 宏樹,晴,定量,,
458(-26),58.0,10  11  12  11,中京,QUARANTINED_HTML:track_condition,1800,5,pw01dud102021102595/D3,バルダンツァ,12,岩田 望来,38.3,５,03,02,3,3歳以上,2勝クラス,2026-08-01,pw01sde1007202602030820260801,日進特別,08,[指定],,16時10分,牡5,https://www.jra.go.jp/JRADB/accessS.html?CNAME=pw01sde1007202602030820260801%2F2F,ダート,1:54.4,,高橋 一哉,晴,定量,,
468(-6),58.0,7  7  8  7,中京,QUARANTINED_HTML:track_condition,1800,6,pw01dud102021105637/57,テンエースワン,6,M.デムーロ,38.9,クビ,03,02,8,3歳以上,2勝クラス,2026-08-01,pw01sde1007202602030820260801,日進特別,08,[指定],,16時10分,牡5,https://www.jra.go.jp/JRADB/accessS.html?CNAME=pw01sde1007202602030820260801%2F2F,ダート,1:54.5,,大久保 龍志,晴,定量,,
496(+6),58.0,5  5  5  4,中京,QUARANTINED_HTML:track_condition,1800,7,pw01dud102020106205/E0,メイショウクーガー,1,中井 裕二,39.7,３,03,02,7,3歳以上,2勝クラス,2026-08-01,pw01sde1007202602030820260801,日進特別,08,[指定],,16時10分,牡6,https://www.jra.go.jp/JRADB/accessS.html?CNAME=pw01sde1007202602030820260801%2F2F,ダート,1:55.0,,中内田 充正,晴,定量,,
562(+2),58.0,1  1  1  1,中京,QUARANTINED_HTML:track_condition,1800,8,pw01dud102021104872/CB,ビルンバウム,3,松若 風馬,39.9,クビ,03,02,4,3歳以上,2勝クラス,2026-08-01,pw01sde1007202602030820260801,日進特別,08,[指定],,16時10分,せん5,https://www.jra.go.jp/JRADB/accessS.html?CNAME=pw01sde1007202602030820260801%2F2F,ダート,1:55.0,,渡辺 薫彦,晴,定量,,
476(-2),58.0,13  12  5  9,中京,QUARANTINED_HTML:track_condition,1800,9,pw01dud102022102956/56,エンマ,7,高倉 稜,40.4,５,03,02,9,3歳以上,2勝クラス,2026-08-01,pw01sde1007202602030820260801,日進特別,08,[指定],,16時10分,牡4,https://www.jra.go.jp/JRADB/accessS.html?CNAME=pw01sde1007202602030820260801%2F2F,ダート,1:55.8,,武 英智,晴,定量,,
478(+6),58.0,8  8  8  11,中京,QUARANTINED_HTML:track_condition,1800,10,pw01dud102022107133/00,タガノマルアフ,9,菱田 裕二,40.1,ハナ,03,02,10,3歳以上,2勝クラス,2026-08-01,pw01sde1007202602030820260801,日進特別,08,[指定],,16時10分,牡4,https://www.jra.go.jp/JRADB/accessS.html?CNAME=pw01sde1007202602030820260801%2F2F,ダート,1:55.8,,角田 晃一,晴,定量,,
528(+4),58.0,4  4  4  4,中京,QUARANTINED_HTML:track_condition,1800,11,pw01dud102022105055/F7,レッドボブ,11,J.コレット,40.8,１ 1/2,03,02,6,3歳以上,2勝クラス,2026-08-01,pw01sde1007202602030820260801,日進特別,08,[指定],,16時10分,牡4,https://www.jra.go.jp/JRADB/accessS.html?CNAME=pw01sde1007202602030820260801%2F2F,ダート,1:56.0,,田中 克典,晴,定量,,
440(-4),56.0,2  2  2  3,中京,QUARANTINED_HTML:track_condition,1800,12,pw01dud102022102739/2D,ナリタヒカリ,13,太宰 啓介,41.9,６,03,02,12,3歳以上,2勝クラス,2026-08-01,pw01sde1007202602030820260801,日進特別,08,[指定],,16時10分,牝4,https://www.jra.go.jp/JRADB/accessS.html?CNAME=pw01sde1007202602030820260801%2F2F,ダート,1:57.0,,荒川 義之,晴,定量,,
432(-2),58.0,12  12  13  13,中京,QUARANTINED_HTML:track_condition,1800,13,pw01dud102022106893/C8,ホープエトワール,2,秋山 稔樹,41.2,７,03,02,13,3歳以上,2勝クラス,2026-08-01,pw01sde1007202602030820260801,日進特別,08,[指定],,16時10分,牡4,https://www.jra.go.jp/JRADB/accessS.html?CNAME=pw01sde1007202602030820260801%2F2F,ダート,1:58.1,,天間 昭一,晴,定量,,
444(+2),54.0,2  2,中京,QUARANTINED_HTML:track_condition,1200,1,pw01dud102023102213/F2,プルメリアリノ,14,坂井 瑠星,36.4,,03,02,1,3歳以上,1勝クラス,2026-08-01,pw01sde1007202602031020260801,3歳以上1勝クラス,10,[指定],,17時20分,牝3,https://www.jra.go.jp/JRADB/accessS.html?CNAME=pw01sde1007202602031020260801%2FD9,ダート,1:11.1,,小栗 実,晴,定量,,
456(+18),54.0,4  3,中京,QUARANTINED_HTML:track_condition,1200,2,pw01dud102023106786/6C,ヴェルジーネ,7,国分 恭介,37.3,７,03,02,5,3歳以上,1勝クラス,2026-08-01,pw01sde1007202602031020260801,3歳以上1勝クラス,10,[指定],,17時20分,牝3,https://www.jra.go.jp/JRADB/accessS.html?CNAME=pw01sde1007202602031020260801%2FD9,ダート,1:12.3,,宮地 貴稔,晴,定量,,
492(+10),56.0,6  5,中京,QUARANTINED_HTML:track_condition,1200,3,pw01dud102020100683/A4,カフェノワール,10,岩田 望来,37.3,１ 1/4,03,02,2,3歳以上,1勝クラス,2026-08-01,pw01sde1007202602031020260801,3歳以上1勝クラス,10,[指定],,17時20分,牝6,https://www.jra.go.jp/JRADB/accessS.html?CNAME=pw01sde1007202602031020260801%2FD9,ダート,1:12.5,,池江 泰寿,晴,定量,,
472(-6),58.0,1  1,中京,QUARANTINED_HTML:track_condition,1200,4,pw01dud102022106582/B2,ケイアイマウンガ,4,藤懸 貴志,37.9,ハナ,03,02,6,3歳以上,1勝クラス,2026-08-01,pw01sde1007202602031020260801,3歳以上1勝クラス,10,[指定],,17時20分,牡4,https://www.jra.go.jp/JRADB/accessS.html?CNAME=pw01sde1007202602031020260801%2FD9,ダート,1:12.5,,宮本 博,晴,定量,,
540(-6),58.0,4  5,中京,QUARANTINED_HTML:track_condition,1200,5,pw01dud102022103728/99,アメリカンビーチ,15,団野 大成,37.7,１ 1/4,03,02,4,3歳以上,1勝クラス,2026-08-01,pw01sde1007202602031020260801,3歳以上1勝クラス,10,[指定],,17時20分,牡4,https://www.jra.go.jp/JRADB/accessS.html?CNAME=pw01sde1007202602031020260801%2FD9,ダート,1:12.7,,四位 洋文,晴,定量,,
478(0),54.0,7  8,中京,QUARANTINED_HTML:track_condition,1200,6,pw01dud102023106989/27,キンダープンシュ,9,M.デムーロ,37.3,２,03,02,7,3歳以上,1勝クラス,2026-08-01,pw01sde1007202602031020260801,3歳以上1勝クラス,10,[指定],,17時20分,牝3,https://www.jra.go.jp/JRADB/accessS.html?CNAME=pw01sde1007202602031020260801%2FD9,ダート,1:13.0,,大久保 龍志,晴,定量,,
524(+6),55.0,7  8,中京,QUARANTINED_HTML:track_condition,1200,7,pw01dud102022103249/37,メイショウアボット,5,▲森田 誠也,37.4,クビ,03,02,11,3歳以上,1勝クラス,2026-08-01,pw01sde1007202602031020260801,3歳以上1勝クラス,10,[指定],,17時20分,牡4,https://www.jra.go.jp/JRADB/accessS.html?CNAME=pw01sde1007202602031020260801%2FD9,ダート,1:13.1,,武 幸四郎,晴,定量,,
466(+16),54.0,7  7,中京,QUARANTINED_HTML:track_condition,1200,8,pw01dud102023101865/5F,ウォーターデライト,11,△柴田 裕一郎,37.7,１,03,02,8,3歳以上,1勝クラス,2026-08-01,pw01sde1007202602031020260801,3歳以上1勝クラス,10,[指定],,17時20分,牡3,https://www.jra.go.jp/JRADB/accessS.html?CNAME=pw01sde1007202602031020260801%2FD9,ダート,1:13.3,,高柳 大輔,晴,定量,,
494(-12),58.0,10  8,中京,QUARANTINED_HTML:track_condition,1200,9,pw01dud102021104101/91,タイセイブロウ,8,幸 英明,37.1,ハナ,03,02,10,3歳以上,1勝クラス,2026-08-01,pw01sde1007202602031020260801,3歳以上1勝クラス,10,[指定],,17時20分,牡5,https://www.jra.go.jp/JRADB/accessS.html?CNAME=pw01sde1007202602031020260801%2FD9,ダート,1:13.3,,平田 修,晴,定量,,
500(-24),58.0,10  11,中京,QUARANTINED_HTML:track_condition,1200,10,pw01dud102022105321/8E,ハウリングウィンド,2,岡田 祥嗣,37.4,２,03,02,3,3歳以上,1勝クラス,2026-08-01,pw01sde1007202602031020260801,3歳以上1勝クラス,10,[指定],,17時20分,牡4,https://www.jra.go.jp/JRADB/accessS.html?CNAME=pw01sde1007202602031020260801%2FD9,ダート,1:13.6,,安田 翔伍,晴,定量,,
472(-16),56.0,15  15,中京,QUARANTINED_HTML:track_condition,1200,11,pw01dud102021103943/50,クインズセレネ,13,角田 大和,37.1,２ 1/2,03,02,13,3歳以上,1勝クラス,2026-08-01,pw01sde1007202602031020260801,3歳以上1勝クラス,10,[指定],,17時20分,牝5,https://www.jra.go.jp/JRADB/accessS.html?CNAME=pw01sde1007202602031020260801%2FD9,ダート,1:14.0,,野中 賢二,晴,定量,,
470(+2),56.0,10  12,中京,QUARANTINED_HTML:track_condition,1200,12,pw01dud102022105748/97,リードプリンシパル,1,吉村 誠之助,38.0,１ 1/4,03,02,14,3歳以上,1勝クラス,2026-08-01,pw01sde1007202602031020260801,3歳以上1勝クラス,10,[指定],,17時20分,牝4,https://www.jra.go.jp/JRADB/accessS.html?CNAME=pw01sde1007202602031020260801%2FD9,ダート,1:14.2,,秋山 真一郎,晴,定量,,
452(+10),56.0,16  15,中京,QUARANTINED_HTML:track_condition,1200,13,pw01dud102022104391/0F,ヴィヴァシャス,3,西塚 洸二,37.1,クビ,03,02,12,3歳以上,1勝クラス,2026-08-01,pw01sde1007202602031020260801,3歳以上1勝クラス,10,[指定],,17時20分,牝4,https://www.jra.go.jp/JRADB/accessS.html?CNAME=pw01sde1007202602031020260801%2FD9,ダート,1:14.2,,笹田 和秀,晴,定量,,
526(+10),58.0,13  13,中京,QUARANTINED_HTML:track_condition,1200,14,pw01dud102022100997/2B,ジョードリウム,16,富田 暁,37.7,ハナ,03,02,16,3歳以上,1勝クラス,2026-08-01,pw01sde1007202602031020260801,3歳以上1勝クラス,10,[指定],,17時20分,牡4,https://www.jra.go.jp/JRADB/accessS.html?CNAME=pw01sde1007202602031020260801%2FD9,ダート,1:14.2,,清水 久詞,晴,定量,,
442(+10),56.0,14  14,中京,QUARANTINED_HTML:track_condition,1200,15,pw01dud102022101399/DA,ルージュミステリオ,6,松若 風馬,37.8,１,03,02,15,3歳以上,1勝クラス,2026-08-01,pw01sde1007202602031020260801,3歳以上1勝クラス,10,[指定],,17時20分,牝4,https://www.jra.go.jp/JRADB/accessS.html?CNAME=pw01sde1007202602031020260801%2FD9,ダート,1:14.4,,辻野 泰之,晴,定量,,
572(-2),56.0,3  3,中京,QUARANTINED_HTML:track_condition,1200,16,pw01dud102023100961/D5,エコログロウ,12,菱田 裕二,41.1,１０,03,02,9,3歳以上,1勝クラス,2026-08-01,pw01sde1007202602031020260801,3歳以上1勝クラス,10,[指定],,17時20分,牡3,https://www.jra.go.jp/JRADB/accessS.html?CNAME=pw01sde1007202602031020260801%2FD9,ダート,1:16.0,,牧浦 充徳,晴,定量,,
426(0),55.0,5  4  4  4,中京,PASS_HTML,2000,1,pw01dud102023105225/B5,タイセイアビオン,8,団野 大成,34.8,,04,02,4,3歳,未勝利,2026-08-02,pw01sde1007202602040120260802,3歳未勝利,01,牝［指定］,,9時40分,牝3,https://www.jra.go.jp/JRADB/accessS.html?CNAME=pw01sde1007202602040120260802%2F6C,芝,1:59.7,良,浜田 多実雄,晴,馬齢,,
462(+4),55.0,5  4  4  4,中京,PASS_HTML,2000,2,pw01dud102023106949/E7,ビクスバイト,4,川田 将雅,35.1,３／４,04,02,2,3歳,未勝利,2026-08-02,pw01sde1007202602040120260802,3歳未勝利,01,牝［指定］,,9時40分,牝3,https://www.jra.go.jp/JRADB/accessS.html?CNAME=pw01sde1007202602040120260802%2F6C,芝,1:59.9,良,佐藤 悠太,晴,馬齢,,
466(初出走),55.0,10  8  7  7,中京,PASS_HTML,2000,3,pw01dud102023107297/E9,ルーチェブリラーレ,17,岩田 望来,35.0,１ 1/2,04,02,1,3歳,未勝利,2026-08-02,pw01sde1007202602040120260802,3歳未勝利,01,牝［指定］,,9時40分,牝3,https://www.jra.go.jp/JRADB/accessS.html?CNAME=pw01sde1007202602040120260802%2F6C,芝,2:00.1,良,福永 祐一,晴,馬齢,,
460(0),55.0,12  11  10  10,中京,PASS_HTML,2000,4,pw01dud102023101097/ED,ゴールデンテティス,9,加藤 祥太,34.7,アタマ,04,02,3,3歳,未勝利,2026-08-02,pw01sde1007202602040120260802,3歳未勝利,01,牝［指定］,,9時40分,牝3,https://www.jra.go.jp/JRADB/accessS.html?CNAME=pw01sde1007202602040120260802%2F6C,芝,2:00.1,良,庄野 靖志,晴,馬齢,,
450(+5),55.0,2  2  2  2,中京,PASS_HTML,2000,5,pw01dud102023106455/36,ノブレスラブリエ,13,田口 貫太,35.6,クビ,04,02,13,3歳,未勝利,2026-08-02,pw01sde1007202602040120260802,3歳未勝利,01,牝［指定］,,9時40分,牝3,https://www.jra.go.jp/JRADB/accessS.html?CNAME=pw01sde1007202602040120260802%2F6C,芝,2:00.2,良,西園 翔太,晴,馬齢,,
476(+4),55.0,7  7  7  7,中京,PASS_HTML,2000,6,pw01dud102023101585/EC,メイショウプレマ,3,太宰 啓介,35.1,アタマ,04,02,6,3歳,未勝利,2026-08-02,pw01sde1007202602040120260802,3歳未勝利,01,牝［指定］,,9時40分,牝3,https://www.jra.go.jp/JRADB/accessS.html?CNAME=pw01sde1007202602040120260802%2F6C,芝,2:00.2,良,石橋 守,晴,馬齢,,
418(-2),55.0,15  14  12  12,中京,PASS_HTML,2000,7,pw01dud102023103708/05,ノチェブエナ,12,吉村 誠之助,34.6,ハナ,04,02,14,3歳,未勝利,2026-08-02,pw01sde1007202602040120260802,3歳未勝利,01,牝［指定］,,9時40分,牝3,https://www.jra.go.jp/JRADB/accessS.html?CNAME=pw01sde1007202602040120260802%2F6C,芝,2:00.2,良,小栗 実,晴,馬齢,,
492(+8),55.0,8  8  7  7,中京,PASS_HTML,2000,8,pw01dud102023102060/87,オーマイラッキーン,15,秋山 稔樹,35.3,１,04,02,12,3歳,未勝利,2026-08-02,pw01sde1007202602040120260802,3歳未勝利,01,牝［指定］,,9時40分,牝3,https://www.jra.go.jp/JRADB/accessS.html?CNAME=pw01sde1007202602040120260802%2F6C,芝,2:00.4,良,高橋 康之,晴,馬齢,,
438(-2),55.0,11  11  12  12,中京,PASS_HTML,2000,9,pw01dud102023103359/04,テンダーワーズ,16,坂井 瑠星,35.0,１,04,02,7,3歳,未勝利,2026-08-02,pw01sde1007202602040120260802,3歳未勝利,01,牝［指定］,,9時40分,牝3,https://www.jra.go.jp/JRADB/accessS.html?CNAME=pw01sde1007202602040120260802%2F6C,芝,2:00.5,良,中尾 秀正,晴,馬齢,,
434(-2),55.0,18  18  16  16,中京,PASS_HTML,2000,10,pw01dud102023102073/F0,レーヴドリュヌ,7,松若 風馬,34.8,１／２,04,02,9,3歳,未勝利,2026-08-02,pw01sde1007202602040120260802,3歳未勝利,01,牝［指定］,,9時40分,牝3,https://www.jra.go.jp/JRADB/accessS.html?CNAME=pw01sde1007202602040120260802%2F6C,芝,2:00.6,良,宮本 博,晴,馬齢,,
444(-14),54.0,12  13  15  12,中京,PASS_HTML,2000,11,pw01dud102023106797/EF,オーロアルジェント,2,☆田山 旺佑,35.3,１ 3/4,04,02,5,3歳,未勝利,2026-08-02,pw01sde1007202602040120260802,3歳未勝利,01,牝［指定］,,9時40分,牝3,https://www.jra.go.jp/JRADB/accessS.html?CNAME=pw01sde1007202602040120260802%2F6C,芝,2:00.9,良,高野 友和,晴,馬齢,,
430(+4),52.0,12  14  18  16,中京,PASS_HTML,2000,12,pw01dud102023106877/00,グラディオール,1,▲森田 誠也,35.1,ハナ,04,02,16,3歳,未勝利,2026-08-02,pw01sde1007202602040120260802,3歳未勝利,01,牝［指定］,,9時40分,牝3,https://www.jra.go.jp/JRADB/accessS.html?CNAME=pw01sde1007202602040120260802%2F6C,芝,2:00.9,良,寺島 良,晴,馬齢,,
384(-8),55.0,17  17  12  12,中京,PASS_HTML,2000,13,pw01dud102023106157/89,フィールライクユー,14,角田 大和,35.4,クビ,04,02,15,3歳,未勝利,2026-08-02,pw01sde1007202602040120260802,3歳未勝利,01,牝［指定］,,9時40分,牝3,https://www.jra.go.jp/JRADB/accessS.html?CNAME=pw01sde1007202602040120260802%2F6C,芝,2:01.0,良,森田 直行,晴,馬齢,,
476(-4),53.0,3  4  4  4,中京,PASS_HTML,2000,14,pw01dud102023100446/FF,ワンダーデリエール,10,◇永島 まなみ,36.4,１ 1/2,04,02,8,3歳,未勝利,2026-08-02,pw01sde1007202602040120260802,3歳未勝利,01,牝［指定］,,9時40分,牝3,https://www.jra.go.jp/JRADB/accessS.html?CNAME=pw01sde1007202602040120260802%2F6C,芝,2:01.2,良,小崎 憲,晴,馬齢,,
462(-2),55.0,8  10  10  10,中京,PASS_HTML,2000,15,pw01dud102023101639/99,ワンダースアン,5,幸 英明,36.0,３／４,04,02,10,3歳,未勝利,2026-08-02,pw01sde1007202602040120260802,3歳未勝利,01,牝［指定］,,9時40分,牝3,https://www.jra.go.jp/JRADB/accessS.html?CNAME=pw01sde1007202602040120260802%2F6C,芝,2:01.3,良,斉藤 崇史,晴,馬齢,,
478(0),53.0,3  2  2  2,中京,PASS_HTML,2000,16,pw01dud102023103775/1C,リュネヴィル,18,△柴田 裕一郎,37.0,２,04,02,18,3歳,未勝利,2026-08-02,pw01sde1007202602040120260802,3歳未勝利,01,牝［指定］,,9時40分,牝3,https://www.jra.go.jp/JRADB/accessS.html?CNAME=pw01sde1007202602040120260802%2F6C,芝,2:01.7,良,梅田 智之,晴,馬齢,,
424(-2),55.0,16  16  16  16,中京,PASS_HTML,2000,17,pw01dud102023101882/26,ハギノデュア,6,藤懸 貴志,35.9,クビ,04,02,17,3歳,未勝利,2026-08-02,pw01sde1007202602040120260802,3歳未勝利,01,牝［指定］,,9時40分,牝3,https://www.jra.go.jp/JRADB/accessS.html?CNAME=pw01sde1007202602040120260802%2F6C,芝,2:01.7,良,高野 友和,晴,馬齢,,
484(-8),52.0,1  1  1  1,中京,PASS_HTML,2000,18,pw01dud102023104337/ED,ダンツカレン,11,▲川端 海翼,38.7,９,04,02,11,3歳,未勝利,2026-08-02,pw01sde1007202602040120260802,3歳未勝利,01,牝［指定］,,9時40分,牝3,https://www.jra.go.jp/JRADB/accessS.html?CNAME=pw01sde1007202602040120260802%2F6C,芝,2:03.2,良,四位 洋文,晴,馬齢,,
488(0),53.0,6  4  5  5,中京,PASS_HTML,2000,1,pw01dud102023106219/60,サムシングスイート,3,団野 大成,33.7,,03,02,2,3歳以上,1勝クラス,2026-08-01,pw01sde1007202602031120260801,3歳以上1勝クラス,11,牝［指定］,,17時50分,牝3,https://www.jra.go.jp/JRADB/accessS.html?CNAME=pw01sde1007202602031120260801%2F8E,芝,1:58.5,良,伊藤 大士,晴,定量,,
452(+6),53.0,5  6  6  5,中京,PASS_HTML,2000,2,pw01dud102023107244/40,ヴィスコンテッサ,5,吉村 誠之助,33.8,３／４,03,02,6,3歳以上,1勝クラス,2026-08-01,pw01sde1007202602031120260801,3歳以上1勝クラス,11,牝［指定］,,17時50分,牝3,https://www.jra.go.jp/JRADB/accessS.html?CNAME=pw01sde1007202602031120260801%2F8E,芝,1:58.6,良,松永 幹夫,晴,定量,,
510(+6),53.0,1  1  1  1,中京,PASS_HTML,2000,3,pw01dud102023105288/6E,ピカキウイ,7,西村 淳也,34.3,クビ,03,02,1,3歳以上,1勝クラス,2026-08-01,pw01sde1007202602031120260801,3歳以上1勝クラス,11,牝［指定］,,17時50分,牝3,https://www.jra.go.jp/JRADB/accessS.html?CNAME=pw01sde1007202602031120260801%2F8E,芝,1:58.7,良,杉山 晴紀,晴,定量,,
464(+4),53.0,4  2  3  2,中京,PASS_HTML,2000,4,pw01dud102023106808/03,シルバーリム,1,幸 英明,34.3,１ 1/4,03,02,5,3歳以上,1勝クラス,2026-08-01,pw01sde1007202602031120260801,3歳以上1勝クラス,11,牝［指定］,,17時50分,牝3,https://www.jra.go.jp/JRADB/accessS.html?CNAME=pw01sde1007202602031120260801%2F8E,芝,1:58.9,良,中村 直也,晴,定量,,
424(+10),55.0,8  8  8  7,中京,PASS_HTML,2000,5,pw01dud102022102139/07,シェーラ,6,☆田山 旺佑,34.0,１,03,02,7,3歳以上,1勝クラス,2026-08-01,pw01sde1007202602031120260801,3歳以上1勝クラス,11,牝［指定］,,17時50分,牝4,https://www.jra.go.jp/JRADB/accessS.html?CNAME=pw01sde1007202602031120260801%2F8E,芝,1:59.0,良,牧田 和弥,晴,定量,,
436(-4),56.0,6  7  7  7,中京,PASS_HTML,2000,6,pw01dud102022106593/35,カポレイラ,4,亀田 温心,34.2,１,03,02,9,3歳以上,1勝クラス,2026-08-01,pw01sde1007202602031120260801,3歳以上1勝クラス,11,牝［指定］,,17時50分,牝4,https://www.jra.go.jp/JRADB/accessS.html?CNAME=pw01sde1007202602031120260801%2F8E,芝,1:59.2,良,北出 成人,晴,定量,,
442(0),56.0,9  9  9  9,中京,PASS_HTML,2000,7,pw01dud102022101400/70,マーゴットレジーナ,8,菱田 裕二,34.0,クビ,03,02,8,3歳以上,1勝クラス,2026-08-01,pw01sde1007202602031120260801,3歳以上1勝クラス,11,牝［指定］,,17時50分,牝4,https://www.jra.go.jp/JRADB/accessS.html?CNAME=pw01sde1007202602031120260801%2F8E,芝,1:59.2,良,小林 真也,晴,定量,,
488(+12),53.0,3  4  3  2,中京,PASS_HTML,2000,8,pw01dud102023105484/04,エイシンウィスパー,9,松若 風馬,34.8,１ 1/4,03,02,3,3歳以上,1勝クラス,2026-08-01,pw01sde1007202602031120260801,3歳以上1勝クラス,11,牝［指定］,,17時50分,牝3,https://www.jra.go.jp/JRADB/accessS.html?CNAME=pw01sde1007202602031120260801%2F8E,芝,1:59.4,良,今野 貞一,晴,定量,,
440(+2),53.0,2  2  2  2,中京,PASS_HTML,2000,9,pw01dud102023104305/D7,エクリュ,2,岩田 望来,34.9,３／４,03,02,4,3歳以上,1勝クラス,2026-08-01,pw01sde1007202602031120260801,3歳以上1勝クラス,11,牝［指定］,,17時50分,牝3,https://www.jra.go.jp/JRADB/accessS.html?CNAME=pw01sde1007202602031120260801%2F8E,芝,1:59.5,良,井上 智史,晴,定量,,
540(+8),57.0,4  4  3  2,中京,PASS_HTML,3000,1,pw01dud102021110061/D2,ソレルビュレット,7,▲坂口 智康,,,03,02,4,障害3歳以上,未勝利,2026-08-01,pw01sde1007202602030920260801,障害3歳以上未勝利,09,（混合）,,16時45分,牡5,https://www.jra.go.jp/JRADB/accessS.html?CNAME=pw01sde1007202602030920260801%2FE4,障害,3:18.0,良,松尾 卓哉,晴,定量,13.2,
484(-8),60.0,2  1  1  1,中京,PASS_HTML,3000,2,pw01dud102020103063/2B,マルディランダ,8,上野 翔,,クビ,03,02,2,障害3歳以上,未勝利,2026-08-01,pw01sde1007202602030920260801,障害3歳以上未勝利,09,（混合）,,16時45分,牡6,https://www.jra.go.jp/JRADB/accessS.html?CNAME=pw01sde1007202602030920260801%2FE4,障害,3:18.0,良,金成 貴史,晴,定量,13.2,
502(0),60.0,3  2  2  3,中京,PASS_HTML,3000,3,pw01dud102021104669/7E,サマーアゲイン,2,高田 潤,,４,03,02,3,障害3歳以上,未勝利,2026-08-01,pw01sde1007202602030920260801,障害3歳以上未勝利,09,（混合）,,16時45分,牡5,https://www.jra.go.jp/JRADB/accessS.html?CNAME=pw01sde1007202602030920260801%2FE4,障害,3:18.7,良,渡辺 薫彦,晴,定量,13.2,
470(-2),60.0,5  5  4  4,中京,PASS_HTML,3000,4,pw01dud102021109096/DA,モナコブル,1,五十嵐 雄祐,,２,03,02,8,障害3歳以上,未勝利,2026-08-01,pw01sde1007202602030920260801,障害3歳以上未勝利,09,（混合）,,16時45分,牡5,https://www.jra.go.jp/JRADB/accessS.html?CNAME=pw01sde1007202602030920260801%2FE4,障害,3:19.1,良,岩戸 孝樹,晴,定量,13.3,
470(-4),60.0,8  8  6  6,中京,PASS_HTML,3000,5,pw01dud102018103590/EC,リッケンバッカー,4,小牧 加矢太,,大差,03,02,6,障害3歳以上,未勝利,2026-08-01,pw01sde1007202602030920260801,障害3歳以上未勝利,09,（混合）,,16時45分,牡8,https://www.jra.go.jp/JRADB/accessS.html?CNAME=pw01sde1007202602030920260801%2FE4,障害,3:20.9,良,西村 真幸,晴,定量,13.4,
478(-8),60.0,6  7  6  6,中京,PASS_HTML,3000,6,pw01dud102022104753/79,クロライナ,6,伴 啓太,,１／２,03,02,9,障害3歳以上,未勝利,2026-08-01,pw01sde1007202602030920260801,障害3歳以上未勝利,09,（混合）,,16時45分,せん4,https://www.jra.go.jp/JRADB/accessS.html?CNAME=pw01sde1007202602030920260801%2FE4,障害,3:21.0,良,室井 潔,晴,定量,13.4,
458(-10),60.0,1  2  8  8,中京,PASS_HTML,3000,7,pw01dud102020106534/30,メイショウカゼマチ,5,黒岩 悠,,大差,03,02,7,障害3歳以上,未勝利,2026-08-01,pw01sde1007202602030920260801,障害3歳以上未勝利,09,（混合）,,16時45分,牡6,https://www.jra.go.jp/JRADB/accessS.html?CNAME=pw01sde1007202602030920260801%2FE4,障害,3:28.0,良,角田 晃一,晴,定量,13.9,
452(-8),60.0,9  8  8  8,中京,PASS_HTML,3000,8,pw01dud102019105500/C6,サトノドルチェ,9,大江原 圭,,３ 1/2,03,02,10,障害3歳以上,未勝利,2026-08-01,pw01sde1007202602030920260801,障害3歳以上未勝利,09,（混合）,,16時45分,せん7,https://www.jra.go.jp/JRADB/accessS.html?CNAME=pw01sde1007202602030920260801%2FE4,障害,3:28.6,良,蛯名 利弘,晴,定量,13.9,
478(+6),57.0,10  10  10  10,中京,PASS_HTML,3000,9,pw01dud102022101139/18,アバットゥータ,3,▲井上 敏樹,,大差,03,02,1,障害3歳以上,未勝利,2026-08-01,pw01sde1007202602030920260801,障害3歳以上未勝利,09,（混合）,,16時45分,牡4,https://www.jra.go.jp/JRADB/accessS.html?CNAME=pw01sde1007202602030920260801%2FE4,障害,3:35.3,良,中竹 和也,晴,定量,14.4,
464(-6),60.0,6  6  4  4,中京,PASS_HTML,3000,中止,pw01dud102022106737/03,エターナルシルバー,10,草野 太郎,,,03,02,5,障害3歳以上,未勝利,2026-08-01,pw01sde1007202602030920260801,障害3歳以上未勝利,09,（混合）,,16時45分,牡4,https://www.jra.go.jp/JRADB/accessS.html?CNAME=pw01sde1007202602030920260801%2FE4,障害,,良,中舘 英二,晴,定量,,
496(-2),58.0,11  11,中京,PASS_HTML,3000,中止,pw01dud102023103896/E0,マーゴットデイズ,11,中村 将之,,,03,02,11,障害3歳以上,未勝利,2026-08-01,pw01sde1007202602030920260801,障害3歳以上未勝利,09,（混合）,,16時45分,牡3,https://www.jra.go.jp/JRADB/accessS.html?CNAME=pw01sde1007202602030920260801%2FE4,障害,,良,中村 直也,晴,定量,,
464(-2),55.0,1  1  1,中京,PASS_HTML,1600,1,pw01dud102023103440/1A,サーディンラン,1,松若 風馬,33.6,,03,02,2,3歳以上,1勝クラス,2026-08-01,pw01sde1007202602031220260801,3歳以上1勝クラス,12,（混合）［指定］,,18時20分,牡3,https://www.jra.go.jp/JRADB/accessS.html?CNAME=pw01sde1007202602031220260801%2F43,芝,1:31.5,良,武 英智,晴,定量,,
492(+6),54.0,5  4  5,中京,PASS_HTML,1600,2,pw01dud102023103783/46,ヴォーカライズ,6,☆田山 旺佑,33.6,１ 1/2,03,02,5,3歳以上,1勝クラス,2026-08-01,pw01sde1007202602031220260801,3歳以上1勝クラス,12,（混合）［指定］,,18時20分,牡3,https://www.jra.go.jp/JRADB/accessS.html?CNAME=pw01sde1007202602031220260801%2F43,芝,1:31.8,良,高野 友和,晴,定量,,
476(-4),55.0,2  2  2,中京,PASS_HTML,1600,3,pw01dud102023102845/2E,ララファキュルテ,3,団野 大成,33.9,１,03,02,3,3歳以上,1勝クラス,2026-08-01,pw01sde1007202602031220260801,3歳以上1勝クラス,12,（混合）［指定］,,18時20分,牡3,https://www.jra.go.jp/JRADB/accessS.html?CNAME=pw01sde1007202602031220260801%2F43,芝,1:31.9,良,斉藤 崇史,晴,定量,,
450(-6),56.0,5  6  6,中京,PASS_HTML,1600,4,pw01dud102022104738/98,パスコード,9,坂井 瑠星,33.6,１ 1/2,03,02,1,3歳以上,1勝クラス,2026-08-01,pw01sde1007202602031220260801,3歳以上1勝クラス,12,（混合）［指定］,,18時20分,牝4,https://www.jra.go.jp/JRADB/accessS.html?CNAME=pw01sde1007202602031220260801%2F43,芝,1:32.1,良,高柳 大輔,晴,定量,,
518(+4),58.0,7  7  8,中京,PASS_HTML,1600,5,pw01dud102021106206/DF,ウインラウダ,11,田口 貫太,33.5,１／２,03,02,9,3歳以上,1勝クラス,2026-08-01,pw01sde1007202602031220260801,3歳以上1勝クラス,12,（混合）［指定］,,18時20分,牡5,https://www.jra.go.jp/JRADB/accessS.html?CNAME=pw01sde1007202602031220260801%2F43,芝,1:32.2,良,梅田 智之,晴,定量,,
516(+6),58.0,4  4  3,中京,PASS_HTML,1600,6,pw01dud102022105936/03,ウィテカービート,2,酒井 学,34.3,１ 1/4,03,02,10,3歳以上,1勝クラス,2026-08-01,pw01sde1007202602031220260801,3歳以上1勝クラス,12,（混合）［指定］,,18時20分,牡4,https://www.jra.go.jp/JRADB/accessS.html?CNAME=pw01sde1007202602031220260801%2F43,芝,1:32.4,良,昆 貢,晴,定量,,
478(-14),58.0,7  7  6,中京,PASS_HTML,1600,7,pw01dud102022101690/62,グレゴリオ,8,J.コレット,34.2,１ 3/4,03,02,8,3歳以上,1勝クラス,2026-08-01,pw01sde1007202602031220260801,3歳以上1勝クラス,12,（混合）［指定］,,18時20分,せん4,https://www.jra.go.jp/JRADB/accessS.html?CNAME=pw01sde1007202602031220260801%2F43,芝,1:32.7,良,松尾 卓哉,晴,定量,,
448(+6),58.0,10  9  8,中京,PASS_HTML,1600,8,pw01dud102022103251/AF,メイショウビストロ,5,幸 英明,34.2,１ 1/2,03,02,6,3歳以上,1勝クラス,2026-08-01,pw01sde1007202602031220260801,3歳以上1勝クラス,12,（混合）［指定］,,18時20分,牡4,https://www.jra.go.jp/JRADB/accessS.html?CNAME=pw01sde1007202602031220260801%2F43,芝,1:32.9,良,岡田 稲男,晴,定量,,
474(+4),55.0,7  9  8,中京,PASS_HTML,1600,9,pw01dud102023110015/66,パーシャングレー,7,吉村 誠之助,34.1,ハナ,03,02,7,3歳以上,1勝クラス,2026-08-01,pw01sde1007202602031220260801,3歳以上1勝クラス,12,（混合）［指定］,,18時20分,牡3,https://www.jra.go.jp/JRADB/accessS.html?CNAME=pw01sde1007202602031220260801%2F43,芝,1:32.9,良,池添 学,晴,定量,,
438(+4),55.0,2  3  3,中京,PASS_HTML,1600,10,pw01dud102023102990/70,キングケープ,4,岩田 望来,34.9,クビ,03,02,4,3歳以上,1勝クラス,2026-08-01,pw01sde1007202602031220260801,3歳以上1勝クラス,12,（混合）［指定］,,18時20分,牡3,https://www.jra.go.jp/JRADB/accessS.html?CNAME=pw01sde1007202602031220260801%2F43,芝,1:33.0,良,大橋 勇樹,晴,定量,,
460(+2),55.0,11  11  11,中京,PASS_HTML,1600,11,pw01dud102023104692/A1,サマーブリザード,10,角田 大和,34.2,１ 1/2,03,02,11,3歳以上,1勝クラス,2026-08-01,pw01sde1007202602031220260801,3歳以上1勝クラス,12,（混合）［指定］,,18時20分,牡3,https://www.jra.go.jp/JRADB/accessS.html?CNAME=pw01sde1007202602031220260801%2F43,芝,1:33.2,良,吉田 直弘,晴,定量,,
504(初出走),55.0,4  5  1  1,中京,QUARANTINED_HTML:track_condition,1800,1,pw01dud102024108230/DF,ファンビッチャン,4,幸 英明,39.8,,04,02,1,2歳,新馬,2026-08-02,pw01sde1007202602040220260802,メイクデビュー中京,02,（混合）［指定］,,10時10分,牡2,https://www.jra.go.jp/JRADB/accessS.html?CNAME=pw01sde1007202602040220260802%2F21,ダート,1:57.2,,長谷川 浩大,晴,馬齢,,
528(初出走),55.0,7  7  5  6,中京,QUARANTINED_HTML:track_condition,1800,2,pw01dud102024107041/11,オーリエイト,5,吉村 誠之助,39.6,１ 1/4,04,02,5,2歳,新馬,2026-08-02,pw01sde1007202602040220260802,メイクデビュー中京,02,（混合）［指定］,,10時10分,牡2,https://www.jra.go.jp/JRADB/accessS.html?CNAME=pw01sde1007202602040220260802%2F21,ダート,1:57.4,,小栗 実,晴,馬齢,,
470(初出走),55.0,7  7  8  6,中京,QUARANTINED_HTML:track_condition,1800,3,pw01dud102024105728/8F,サンライズエイト,1,J.コレット,42.2,大差,04,02,3,2歳,新馬,2026-08-02,pw01sde1007202602040220260802,メイクデビュー中京,02,（混合）［指定］,,10時10分,牡2,https://www.jra.go.jp/JRADB/accessS.html?CNAME=pw01sde1007202602040220260802%2F21,ダート,2:00.3,,安田 翔伍,晴,馬齢,,
466(初出走),54.0,4  3  5  5,中京,QUARANTINED_HTML:track_condition,1800,4,pw01dud102024101947/E2,アントラヴァースト,2,☆田山 旺佑,43.1,３ 1/2,04,02,7,2歳,新馬,2026-08-02,pw01sde1007202602040220260802,メイクデビュー中京,02,（混合）［指定］,,10時10分,牡2,https://www.jra.go.jp/JRADB/accessS.html?CNAME=pw01sde1007202602040220260802%2F21,ダート,2:00.9,,渡辺 薫彦,晴,馬齢,,
506(初出走),55.0,6  6  5  4,中京,QUARANTINED_HTML:track_condition,1800,5,pw01dud102024106362/48,ハイウェイワン,7,川田 将雅,43.5,２ 1/2,04,02,4,2歳,新馬,2026-08-02,pw01sde1007202602040220260802,メイクデビュー中京,02,（混合）［指定］,,10時10分,牡2,https://www.jra.go.jp/JRADB/accessS.html?CNAME=pw01sde1007202602040220260802%2F21,ダート,2:01.3,,高柳 大輔,晴,馬齢,,
512(初出走),55.0,2  3  2  2,中京,QUARANTINED_HTML:track_condition,1800,6,pw01dud102024108329/0B,エコログレイス,8,岩田 望来,43.9,クビ,04,02,2,2歳,新馬,2026-08-02,pw01sde1007202602040220260802,メイクデビュー中京,02,（混合）［指定］,,10時10分,牝2,https://www.jra.go.jp/JRADB/accessS.html?CNAME=pw01sde1007202602040220260802%2F21,ダート,2:01.3,,森 秀行,晴,馬齢,,
472(初出走),55.0,1  1  2  2,中京,QUARANTINED_HTML:track_condition,1800,7,pw01dud102024104655/46,ラッキーハナコ,3,団野 大成,44.3,２,04,02,6,2歳,新馬,2026-08-02,pw01sde1007202602040220260802,メイクデビュー中京,02,（混合）［指定］,,10時10分,牝2,https://www.jra.go.jp/JRADB/accessS.html?CNAME=pw01sde1007202602040220260802%2F21,ダート,2:01.7,,浜田 多実雄,晴,馬齢,,
478(初出走),55.0,2  2  2  6,中京,QUARANTINED_HTML:track_condition,1800,8,pw01dud102024100480/19,イツマデモマツワ,6,長岡 禎仁,46.5,大差,04,02,8,2歳,新馬,2026-08-02,pw01sde1007202602040220260802,メイクデビュー中京,02,（混合）［指定］,,10時10分,牝2,https://www.jra.go.jp/JRADB/accessS.html?CNAME=pw01sde1007202602040220260802%2F21,ダート,2:04.0,,深山 雅史,晴,馬齢,,
450(初出走),55.0,4  4  5,中京,PASS_HTML,1600,1,pw01dud102024102040/F3,スーサンコルティナ,8,田口 貫太,33.8,,04,02,9,2歳,新馬,2026-08-02,pw01sde1007202602040320260802,メイクデビュー中京,03,（混合）［指定］,,10時40分,牡2,https://www.jra.go.jp/JRADB/accessS.html?CNAME=pw01sde1007202602040320260802%2FD6,芝,1:34.2,良,鈴木 孝志,晴,馬齢,,
494(初出走),55.0,2  2  2,中京,PASS_HTML,1600,2,pw01dud102024106741/79,トゥーレジット,2,岩田 望来,34.1,クビ,04,02,2,2歳,新馬,2026-08-02,pw01sde1007202602040320260802,メイクデビュー中京,03,（混合）［指定］,,10時40分,牡2,https://www.jra.go.jp/JRADB/accessS.html?CNAME=pw01sde1007202602040320260802%2FD6,芝,1:34.2,良,池江 泰寿,晴,馬齢,,
468(初出走),55.0,9  9  9,中京,PASS_HTML,1600,3,pw01dud102024106187/45,ベルコート,6,川田 将雅,33.7,１ 3/4,04,02,3,2歳,新馬,2026-08-02,pw01sde1007202602040320260802,メイクデビュー中京,03,（混合）［指定］,,10時40分,牝2,https://www.jra.go.jp/JRADB/accessS.html?CNAME=pw01sde1007202602040320260802%2FD6,芝,1:34.5,良,福永 祐一,晴,馬齢,,
454(初出走),55.0,1  1  1,中京,PASS_HTML,1600,4,pw01dud102024106294/2D,アレオクール,3,坂井 瑠星,34.7,１,04,02,1,2歳,新馬,2026-08-02,pw01sde1007202602040320260802,メイクデビュー中京,03,（混合）［指定］,,10時40分,牝2,https://www.jra.go.jp/JRADB/accessS.html?CNAME=pw01sde1007202602040320260802%2FD6,芝,1:34.7,良,池添 学,晴,馬齢,,
502(初出走),55.0,7  7  8,中京,PASS_HTML,1600,5,pw01dud102024108324/CC,ミライノシャチョウ,7,団野 大成,34.2,１／２,04,02,6,2歳,新馬,2026-08-02,pw01sde1007202602040320260802,メイクデビュー中京,03,（混合）［指定］,,10時40分,牝2,https://www.jra.go.jp/JRADB/accessS.html?CNAME=pw01sde1007202602040320260802%2FD6,芝,1:34.8,良,森 秀行,晴,馬齢,,
434(初出走),55.0,2  3  3,中京,PASS_HTML,1600,6,pw01dud102024101153/9E,リボンロゼッタ,9,松若 風馬,34.5,ハナ,04,02,7,2歳,新馬,2026-08-02,pw01sde1007202602040320260802,メイクデビュー中京,03,（混合）［指定］,,10時40分,牝2,https://www.jra.go.jp/JRADB/accessS.html?CNAME=pw01sde1007202602040320260802%2FD6,芝,1:34.8,良,秋山 真一郎,晴,馬齢,,
500(初出走),55.0,4  4  3,中京,PASS_HTML,1600,7,pw01dud102024100726/FE,ムーンパッセ,1,J.コレット,34.6,クビ,04,02,5,2歳,新馬,2026-08-02,pw01sde1007202602040320260802,メイクデビュー中京,03,（混合）［指定］,,10時40分,牡2,https://www.jra.go.jp/JRADB/accessS.html?CNAME=pw01sde1007202602040320260802%2FD6,芝,1:34.8,良,杉山 晴紀,晴,馬齢,,
478(初出走),55.0,7  7  6,中京,PASS_HTML,1600,8,pw01dud102024101071/A7,サウンドファイト,4,幸 英明,34.5,１,04,02,8,2歳,新馬,2026-08-02,pw01sde1007202602040320260802,メイクデビュー中京,03,（混合）［指定］,,10時40分,牡2,https://www.jra.go.jp/JRADB/accessS.html?CNAME=pw01sde1007202602040320260802%2FD6,芝,1:35.0,良,安達 昭夫,晴,馬齢,,
484(初出走),55.0,4  6  6,中京,PASS_HTML,1600,9,pw01dud102024102891/3E,ジーティーマンフク,10,吉村 誠之助,34.7,１,04,02,4,2歳,新馬,2026-08-02,pw01sde1007202602040320260802,メイクデビュー中京,03,（混合）［指定］,,10時40分,牡2,https://www.jra.go.jp/JRADB/accessS.html?CNAME=pw01sde1007202602040320260802%2FD6,芝,1:35.2,良,四位 洋文,晴,馬齢,,
476(初出走),52.0,9  10  10,中京,PASS_HTML,1600,10,pw01dud102024104824/05,ヤマトクオーレ,5,▲森田 誠也,35.4,１０,04,02,10,2歳,新馬,2026-08-02,pw01sde1007202602040320260802,メイクデビュー中京,03,（混合）［指定］,,10時40分,牡2,https://www.jra.go.jp/JRADB/accessS.html?CNAME=pw01sde1007202602040320260802%2FD6,芝,1:36.9,良,安達 昭夫,晴,馬齢,,
504(+16),57.0,9  8,中京,QUARANTINED_HTML:track_condition,1200,1,pw01dud102023100552/74,ビービーシナジー,11,岩田 望来,36.7,,04,02,3,3歳,未勝利,2026-08-02,pw01sde1007202602040420260802,3歳未勝利,04,[指定],,11時10分,牡3,https://www.jra.go.jp/JRADB/accessS.html?CNAME=pw01sde1007202602040420260802%2F8B,ダート,1:13.0,,千田 輝彦,晴,馬齢,,
476(0),56.0,2  2,中京,QUARANTINED_HTML:track_condition,1200,2,pw01dud102023106223/BE,ナムラロダン,15,☆田山 旺佑,37.2,クビ,04,02,1,3歳,未勝利,2026-08-02,pw01sde1007202602040420260802,3歳未勝利,04,[指定],,11時10分,牡3,https://www.jra.go.jp/JRADB/accessS.html?CNAME=pw01sde1007202602040420260802%2F8B,ダート,1:13.0,,長谷川 浩大,晴,馬齢,,
458(-2),55.0,2  2,中京,QUARANTINED_HTML:track_condition,1200,3,pw01dud102023104226/39,チョウスター,10,幸 英明,37.3,クビ,04,02,11,3歳,未勝利,2026-08-02,pw01sde1007202602040420260802,3歳未勝利,04,[指定],,11時10分,牝3,https://www.jra.go.jp/JRADB/accessS.html?CNAME=pw01sde1007202602040420260802%2F8B,ダート,1:13.1,,羽月 友彦,晴,馬齢,,
492(0),57.0,6  5,中京,QUARANTINED_HTML:track_condition,1200,4,pw01dud102023100452/43,マクアケ,12,J.コレット,37.2,１ 1/4,04,02,5,3歳,未勝利,2026-08-02,pw01sde1007202602040420260802,3歳未勝利,04,[指定],,11時10分,牡3,https://www.jra.go.jp/JRADB/accessS.html?CNAME=pw01sde1007202602040420260802%2F8B,ダート,1:13.3,,杉山 佳明,晴,馬齢,,
488(+14),55.0,15  14,中京,QUARANTINED_HTML:track_condition,1200,5,pw01dud102023100376/FE,プレデンシア,13,坂井 瑠星,36.4,１ 1/2,04,02,7,3歳,未勝利,2026-08-02,pw01sde1007202602040420260802,3歳未勝利,04,[指定],,11時10分,牝3,https://www.jra.go.jp/JRADB/accessS.html?CNAME=pw01sde1007202602040420260802%2F8B,ダート,1:13.5,,中尾 秀正,晴,馬齢,,
500(0),57.0,9  8,中京,QUARANTINED_HTML:track_condition,1200,6,pw01dud102023104433/52,ザキノフレンズ,8,団野 大成,37.2,ハナ,04,02,6,3歳,未勝利,2026-08-02,pw01sde1007202602040420260802,3歳未勝利,04,[指定],,11時10分,牡3,https://www.jra.go.jp/JRADB/accessS.html?CNAME=pw01sde1007202602040420260802%2F8B,ダート,1:13.5,,東田 明士,晴,馬齢,,
474(+4),55.0,6  7,中京,QUARANTINED_HTML:track_condition,1200,7,pw01dud102023107185/C2,グラマラス,6,松若 風馬,37.5,クビ,04,02,10,3歳,未勝利,2026-08-02,pw01sde1007202602040420260802,3歳未勝利,04,[指定],,11時10分,牝3,https://www.jra.go.jp/JRADB/accessS.html?CNAME=pw01sde1007202602040420260802%2F8B,ダート,1:13.6,,安田 翔伍,晴,馬齢,,
450(0),55.0,9  8,中京,QUARANTINED_HTML:track_condition,1200,8,pw01dud102023104883/66,アステルディーヴァ,2,M.デムーロ,37.5,１ 1/4,04,02,12,3歳,未勝利,2026-08-02,pw01sde1007202602040420260802,3歳未勝利,04,[指定],,11時10分,牝3,https://www.jra.go.jp/JRADB/accessS.html?CNAME=pw01sde1007202602040420260802%2F8B,ダート,1:13.8,,西村 真幸,晴,馬齢,,
524(+2),57.0,1  1,中京,QUARANTINED_HTML:track_condition,1200,9,pw01dud102023105216/18,リアライズガイザー,4,泉谷 楓真,38.6,３,04,02,8,3歳,未勝利,2026-08-02,pw01sde1007202602040420260802,3歳未勝利,04,[指定],,11時10分,牡3,https://www.jra.go.jp/JRADB/accessS.html?CNAME=pw01sde1007202602040420260802%2F8B,ダート,1:14.3,,杉山 晴紀,晴,馬齢,,
476(+2),53.0,12  12,中京,QUARANTINED_HTML:track_condition,1200,10,pw01dud102023101500/2D,クロカミジョウ,9,△柴田 裕一郎,37.8,ハナ,04,02,2,3歳,未勝利,2026-08-02,pw01sde1007202602040420260802,3歳未勝利,04,[指定],,11時10分,牝3,https://www.jra.go.jp/JRADB/accessS.html?CNAME=pw01sde1007202602040420260802%2F8B,ダート,1:14.3,,岡田 稲男,晴,馬齢,,
456(-6),57.0,12  12,中京,QUARANTINED_HTML:track_condition,1200,11,pw01dud102023105728/03,モズタイシソウシ,5,田口 貫太,38.0,１ 1/4,04,02,9,3歳,未勝利,2026-08-02,pw01sde1007202602040420260802,3歳未勝利,04,[指定],,11時10分,牡3,https://www.jra.go.jp/JRADB/accessS.html?CNAME=pw01sde1007202602040420260802%2F8B,ダート,1:14.5,,平田 修,晴,馬齢,,
486(-6),53.0,2  2,中京,QUARANTINED_HTML:track_condition,1200,12,pw01dud102023103285/37,ディアデムドール,7,◇永島 まなみ,39.0,１ 3/4,04,02,13,3歳,未勝利,2026-08-02,pw01sde1007202602040420260802,3歳未勝利,04,[指定],,11時10分,牝3,https://www.jra.go.jp/JRADB/accessS.html?CNAME=pw01sde1007202602040420260802%2F8B,ダート,1:14.8,,今野 貞一,晴,馬齢,,
476(-2),57.0,14  14,中京,QUARANTINED_HTML:track_condition,1200,13,pw01dud102023107314/41,ラジャブルック,3,亀田 温心,38.3,１,04,02,15,3歳,未勝利,2026-08-02,pw01sde1007202602040420260802,3歳未勝利,04,[指定],,11時10分,牡3,https://www.jra.go.jp/JRADB/accessS.html?CNAME=pw01sde1007202602040420260802%2F8B,ダート,1:15.0,,高野 友和,晴,馬齢,,
454(+2),57.0,5  5,中京,QUARANTINED_HTML:track_condition,1200,14,pw01dud102023104173/FF,メテオロイド,1,吉村 誠之助,39.6,４,04,02,4,3歳,未勝利,2026-08-02,pw01sde1007202602040420260802,3歳未勝利,04,[指定],,11時10分,牡3,https://www.jra.go.jp/JRADB/accessS.html?CNAME=pw01sde1007202602040420260802%2F8B,ダート,1:15.6,,宮地 貴稔,晴,馬齢,,
462(-6),54.0,16  16,中京,QUARANTINED_HTML:track_condition,1200,15,pw01dud102023100540/7E,マルカスマッシュ,14,▲森田 誠也,38.2,１ 1/4,04,02,16,3歳,未勝利,2026-08-02,pw01sde1007202602040420260802,3歳未勝利,04,[指定],,11時10分,牡3,https://www.jra.go.jp/JRADB/accessS.html?CNAME=pw01sde1007202602040420260802%2F8B,ダート,1:15.8,,浜田 多実雄,晴,馬齢,,
440(+4),55.0,6  8,中京,QUARANTINED_HTML:track_condition,1200,16,pw01dud102023105353/30,ジーティーリボーン,16,国分 優作,39.9,１ 1/4,04,02,14,3歳,未勝利,2026-08-02,pw01sde1007202602040420260802,3歳未勝利,04,[指定],,11時10分,牝3,https://www.jra.go.jp/JRADB/accessS.html?CNAME=pw01sde1007202602040420260802%2F8B,ダート,1:16.0,,中村 直也,晴,馬齢,,
488(0),53.0,5  5  4  4,中京,QUARANTINED_HTML:track_condition,1800,1,pw01dud102023100989/8D,アンティスマ,3,太宰 啓介,36.8,,04,02,1,3歳以上,1勝クラス,2026-08-02,pw01sde1007202602040520260802,3歳以上1勝クラス,05,牝［指定］,,11時40分,牝3,https://www.jra.go.jp/JRADB/accessS.html?CNAME=pw01sde1007202602040520260802%2F40,ダート,1:56.3,,石橋 守,晴,定量,,
450(-2),54.0,2  2  2  2,中京,QUARANTINED_HTML:track_condition,1800,2,pw01dud102021101391/B6,ブラックドレス,9,◇永島 まなみ,37.4,２ 1/2,04,02,8,3歳以上,1勝クラス,2026-08-02,pw01sde1007202602040520260802,3歳以上1勝クラス,05,牝［指定］,,11時40分,牝5,https://www.jra.go.jp/JRADB/accessS.html?CNAME=pw01sde1007202602040520260802%2F40,ダート,1:56.7,,谷 潔,晴,定量,,
504(+16),53.0,9  9  8  6,中京,QUARANTINED_HTML:track_condition,1800,3,pw01dud102023106955/2B,デールエルバハリ,2,M.デムーロ,37.0,１,04,02,2,3歳以上,1勝クラス,2026-08-02,pw01sde1007202602040520260802,3歳以上1勝クラス,05,牝［指定］,,11時40分,牝3,https://www.jra.go.jp/JRADB/accessS.html?CNAME=pw01sde1007202602040520260802%2F40,ダート,1:56.9,,杉山 佳明,晴,定量,,
456(+9),56.0,8  7  8  6,中京,QUARANTINED_HTML:track_condition,1800,4,pw01dud102022104633/28,アーデルリーベ,5,亀田 温心,37.0,クビ,04,02,7,3歳以上,1勝クラス,2026-08-02,pw01sde1007202602040520260802,3歳以上1勝クラス,05,牝［指定］,,11時40分,牝4,https://www.jra.go.jp/JRADB/accessS.html?CNAME=pw01sde1007202602040520260802%2F40,ダート,1:56.9,,斉藤 崇史,晴,定量,,
490(-4),53.0,5  5  6  6,中京,QUARANTINED_HTML:track_condition,1800,5,pw01dud102023103169/B2,シエーナカラー,1,酒井 学,37.6,１ 3/4,04,02,5,3歳以上,1勝クラス,2026-08-02,pw01sde1007202602040520260802,3歳以上1勝クラス,05,牝［指定］,,11時40分,牝3,https://www.jra.go.jp/JRADB/accessS.html?CNAME=pw01sde1007202602040520260802%2F40,ダート,1:57.2,,北出 成人,晴,定量,,
504(0),53.0,3  3  3  2,中京,QUARANTINED_HTML:track_condition,1800,6,pw01dud102023100941/B5,クイーンズホリデー,7,吉村 誠之助,37.9,１／２,04,02,4,3歳以上,1勝クラス,2026-08-02,pw01sde1007202602040520260802,3歳以上1勝クラス,05,牝［指定］,,11時40分,牝3,https://www.jra.go.jp/JRADB/accessS.html?CNAME=pw01sde1007202602040520260802%2F40,ダート,1:57.3,,清水 久詞,晴,定量,,
438(+8),52.0,7  7  7  6,中京,QUARANTINED_HTML:track_condition,1800,7,pw01dud102023103568/03,シャフメラン,6,☆田山 旺佑,37.5,アタマ,04,02,3,3歳以上,1勝クラス,2026-08-02,pw01sde1007202602040520260802,3歳以上1勝クラス,05,牝［指定］,,11時40分,牝3,https://www.jra.go.jp/JRADB/accessS.html?CNAME=pw01sde1007202602040520260802%2F40,ダート,1:57.3,,新谷 功一,晴,定量,,
418(+2),50.0,3  3  4  4,中京,QUARANTINED_HTML:track_condition,1800,8,pw01dud102023100112/70,シャンパンスター,4,▲川端 海翼,37.9,クビ,04,02,6,3歳以上,1勝クラス,2026-08-02,pw01sde1007202602040520260802,3歳以上1勝クラス,05,牝［指定］,,11時40分,牝3,https://www.jra.go.jp/JRADB/accessS.html?CNAME=pw01sde1007202602040520260802%2F40,ダート,1:57.4,,緒方 努,晴,定量,,
432(-1),50.0,1  1  1  1,中京,QUARANTINED_HTML:track_condition,1800,9,pw01dud102023101082/9E,シャンドラテ,8,▲森田 誠也,39.3,７,04,02,9,3歳以上,1勝クラス,2026-08-02,pw01sde1007202602040520260802,3歳以上1勝クラス,05,牝［指定］,,11時40分,牝3,https://www.jra.go.jp/JRADB/accessS.html?CNAME=pw01sde1007202602040520260802%2F40,ダート,1:58.5,,高橋 康之,晴,定量,,
502(0),58.0,1  1  1  1,中京,QUARANTINED_HTML:track_condition,1800,1,pw01dud102020103387/AA,クールミラボー,9,坂井 瑠星,37.5,,04,02,3,3歳以上,オープン,2026-08-02,pw01sde1007202602040720260802,名鉄杯,07,（国際）（特指）,107,15時35分,牡6,https://www.jra.go.jp/JRADB/accessS.html?CNAME=pw01sde1007202602040720260802%2FAA,ダート,1:52.5,,寺島 良,曇,別定,,
444(-4),58.0,5  5  4  6,中京,QUARANTINED_HTML:track_condition,1800,2,pw01dud102020104760/18,ゼットリアン,8,松若 風馬,37.0,３ 1/2,04,02,5,3歳以上,オープン,2026-08-02,pw01sde1007202602040720260802,名鉄杯,07,（国際）（特指）,101,15時35分,牡6,https://www.jra.go.jp/JRADB/accessS.html?CNAME=pw01sde1007202602040720260802%2FAA,ダート,1:53.1,,吉田 直弘,曇,別定,,
478(+4),58.0,3  3  3  3,中京,QUARANTINED_HTML:track_condition,1800,3,pw01dud102020104497/DA,サイモンザナドゥ,7,幸 英明,37.5,１ 1/2,04,02,6,3歳以上,オープン,2026-08-02,pw01sde1007202602040720260802,名鉄杯,07,（国際）（特指）,99,15時35分,牡6,https://www.jra.go.jp/JRADB/accessS.html?CNAME=pw01sde1007202602040720260802%2FAA,ダート,1:53.3,,小林 真也,曇,別定,,
508(-2),57.0,7  7  4  5,中京,QUARANTINED_HTML:track_condition,1800,4,pw01dud102021100561/F9,ハビレ,4,J.コレット,37.3,１／２,04,02,7,3歳以上,オープン,2026-08-02,pw01sde1007202602040720260802,名鉄杯,07,（国際）（特指）,96,15時35分,牡5,https://www.jra.go.jp/JRADB/accessS.html?CNAME=pw01sde1007202602040720260802%2FAA,ダート,1:53.4,,武井 亮,曇,別定,,
496(0),59.0,9  9  8  7,中京,QUARANTINED_HTML:track_condition,1800,5,pw01dud102019105604/C3,ブレイクフォース,1,岩田 望来,37.0,１ 1/2,04,02,4,3歳以上,オープン,2026-08-02,pw01sde1007202602040720260802,名鉄杯,07,（国際）（特指）,98,15時35分,牡7,https://www.jra.go.jp/JRADB/accessS.html?CNAME=pw01sde1007202602040720260802%2FAA,ダート,1:53.7,,中舘 英二,曇,別定,,
540(-8),59.0,7  8  8  9,中京,QUARANTINED_HTML:track_condition,1800,6,pw01dud102020102750/2A,タイトニット,3,川田 将雅,37.4,２ 1/2,04,02,2,3歳以上,オープン,2026-08-02,pw01sde1007202602040720260802,名鉄杯,07,（国際）（特指）,94,15時35分,牡6,https://www.jra.go.jp/JRADB/accessS.html?CNAME=pw01sde1007202602040720260802%2FAA,ダート,1:54.1,,今野 貞一,曇,別定,,
480(+8),58.0,3  4  4  3,中京,QUARANTINED_HTML:track_condition,1800,7,pw01dud102021104873/3E,ポッドロゴ,6,長岡 禎仁,38.2,１／２,04,02,8,3歳以上,オープン,2026-08-02,pw01sde1007202602040720260802,名鉄杯,07,（国際）（特指）,91,15時35分,牡5,https://www.jra.go.jp/JRADB/accessS.html?CNAME=pw01sde1007202602040720260802%2FAA,ダート,1:54.2,,西園 翔太,曇,別定,,
494(-4),58.0,5  5  7  7,中京,QUARANTINED_HTML:track_condition,1800,8,pw01dud102019101198/6E,マリオロード,2,M.デムーロ,39.6,１０,04,02,9,3歳以上,オープン,2026-08-02,pw01sde1007202602040720260802,名鉄杯,07,（国際）（特指）,76,15時35分,牡7,https://www.jra.go.jp/JRADB/accessS.html?CNAME=pw01sde1007202602040720260802%2FAA,ダート,1:55.9,,安達 昭夫,曇,別定,,
534(+14),57.0,2  2  2  2,中京,QUARANTINED_HTML:track_condition,1800,9,pw01dud102021101705/B6,ソーニーイシュー,5,団野 大成,46.6,大差,04,02,1,3歳以上,オープン,2026-08-02,pw01sde1007202602040720260802,名鉄杯,07,（国際）（特指）,20,15時35分,牡5,https://www.jra.go.jp/JRADB/accessS.html?CNAME=pw01sde1007202602040720260802%2FAA,ダート,2:01.9,,千田 輝彦,曇,別定,,
480(+10),55.0,6  6,中京,PASS_HTML,1400,1,pw01dud102023103101/BA,トミーバローズ,6,坂井 瑠星,33.3,,04,02,1,3歳以上,2勝クラス,2026-08-02,pw01sde1007202602040620260802,中京スポニチ賞,06,（混合）（特指）,,15時01分,牡3,https://www.jra.go.jp/JRADB/accessS.html?CNAME=pw01sde1007202602040620260802%2FF5,芝,1:18.7,良,清水 久詞,曇,定量,,
464(-4),53.0,2  2,中京,PASS_HTML,1400,2,pw01dud102023101159/C4,アイニードユー,4,川田 将雅,33.9,１／２,04,02,2,3歳以上,2勝クラス,2026-08-02,pw01sde1007202602040620260802,中京スポニチ賞,06,（混合）（特指）,,15時01分,牝3,https://www.jra.go.jp/JRADB/accessS.html?CNAME=pw01sde1007202602040620260802%2FF5,芝,1:18.8,良,吉村 圭司,曇,定量,,
466(+2),56.0,3  3,中京,PASS_HTML,1400,3,pw01dud102022104988/4A,ロンドボス,5,幸 英明,33.6,クビ,04,02,4,3歳以上,2勝クラス,2026-08-02,pw01sde1007202602040620260802,中京スポニチ賞,06,（混合）（特指）,,15時01分,牝4,https://www.jra.go.jp/JRADB/accessS.html?CNAME=pw01sde1007202602040620260802%2FF5,芝,1:18.8,良,藤原 英昭,曇,定量,,
476(-4),58.0,6  6,中京,PASS_HTML,1400,4,pw01dud102022106555/DB,タガノアンファン,8,岩田 望来,33.7,３／４,04,02,5,3歳以上,2勝クラス,2026-08-02,pw01sde1007202602040620260802,中京スポニチ賞,06,（混合）（特指）,,15時01分,牡4,https://www.jra.go.jp/JRADB/accessS.html?CNAME=pw01sde1007202602040620260802%2FF5,芝,1:19.0,良,石坂 公一,曇,定量,,
486(+6),56.0,1  1,中京,PASS_HTML,1400,5,pw01dud102022100642/09,キャッスルレイク,9,田口 貫太,34.3,１,04,02,6,3歳以上,2勝クラス,2026-08-02,pw01sde1007202602040620260802,中京スポニチ賞,06,（混合）（特指）,,15時01分,牝4,https://www.jra.go.jp/JRADB/accessS.html?CNAME=pw01sde1007202602040620260802%2FF5,芝,1:19.1,良,松下 武士,曇,定量,,
500(+14),53.0,9  9,中京,PASS_HTML,1400,6,pw01dud102023106431/4A,トライアンフパス,3,松若 風馬,33.5,１／２,04,02,3,3歳以上,2勝クラス,2026-08-02,pw01sde1007202602040620260802,中京スポニチ賞,06,（混合）（特指）,,15時01分,牝3,https://www.jra.go.jp/JRADB/accessS.html?CNAME=pw01sde1007202602040620260802%2FF5,芝,1:19.2,良,宮 徹,曇,定量,,
464(+12),56.0,3  3,中京,PASS_HTML,1400,7,pw01dud102022104121/3D,カウンティフェア,7,長岡 禎仁,34.2,３／４,04,02,9,3歳以上,2勝クラス,2026-08-02,pw01sde1007202602040620260802,中京スポニチ賞,06,（混合）（特指）,,15時01分,牝4,https://www.jra.go.jp/JRADB/accessS.html?CNAME=pw01sde1007202602040620260802%2FF5,芝,1:19.4,良,高野 友和,曇,定量,,
494(-10),58.0,3  3,中京,PASS_HTML,1400,8,pw01dud102022104771/B3,スターウェーブ,1,吉村 誠之助,34.3,ハナ,04,02,7,3歳以上,2勝クラス,2026-08-02,pw01sde1007202602040620260802,中京スポニチ賞,06,（混合）（特指）,,15時01分,せん4,https://www.jra.go.jp/JRADB/accessS.html?CNAME=pw01sde1007202602040620260802%2FF5,芝,1:19.4,良,武井 亮,曇,定量,,
452(+2),56.0,6  6,中京,PASS_HTML,1400,9,pw01dud102022109145/D4,エイヨーアメジスト,2,酒井 学,34.5,２ 1/2,04,02,8,3歳以上,2勝クラス,2026-08-02,pw01sde1007202602040620260802,中京スポニチ賞,06,（混合）（特指）,,15時01分,牝4,https://www.jra.go.jp/JRADB/accessS.html?CNAME=pw01sde1007202602040620260802%2FF5,芝,1:19.8,良,高橋 康之,曇,定量,,
460(0),60.0,1  1  1  1,中京,PASS_HTML,3000,1,pw01dud102022103551/42,ボールドハーテッド,4,五十嵐 雄祐,,,04,02,2,障害3歳以上,未勝利,2026-08-02,pw01sde1007202602040920260802,障害3歳以上未勝利,09,,,16時45分,牡4,https://www.jra.go.jp/JRADB/accessS.html?CNAME=pw01sde1007202602040920260802%2F14,障害,3:16.8,良,平岩 大典,曇,定量,13.1,
492(-8),58.0,3  4  3  2,中京,PASS_HTML,3000,2,pw01dud102021103555/82,ゴールデンステップ,8,高田 潤,,３／４,04,02,1,障害3歳以上,未勝利,2026-08-02,pw01sde1007202602040920260802,障害3歳以上未勝利,09,,,16時45分,牝5,https://www.jra.go.jp/JRADB/accessS.html?CNAME=pw01sde1007202602040920260802%2F14,障害,3:16.9,良,和田 勇介,曇,定量,13.1,
478(+6),60.0,5  6  4  3,中京,PASS_HTML,3000,3,pw01dud102022101461/43,セイフウサツキ,6,難波 剛健,,８,04,02,5,障害3歳以上,未勝利,2026-08-02,pw01sde1007202602040920260802,障害3歳以上未勝利,09,,,16時45分,牡4,https://www.jra.go.jp/JRADB/accessS.html?CNAME=pw01sde1007202602040920260802%2F14,障害,3:18.2,良,松永 幹夫,曇,定量,13.2,
516(+2),60.0,3  3  5  5,中京,PASS_HTML,3000,4,pw01dud102020100604/97,テーオーレガシー,7,小牧 加矢太,,１０,04,02,3,障害3歳以上,未勝利,2026-08-02,pw01sde1007202602040920260802,障害3歳以上未勝利,09,,,16時45分,牡6,https://www.jra.go.jp/JRADB/accessS.html?CNAME=pw01sde1007202602040920260802%2F14,障害,3:19.8,良,宮 徹,曇,定量,13.3,
478(+10),60.0,5  5  6  6,中京,PASS_HTML,3000,5,pw01dud102021104622/19,メイショウヘール,2,中村 将之,,１,04,02,6,障害3歳以上,未勝利,2026-08-02,pw01sde1007202602040920260802,障害3歳以上未勝利,09,,,16時45分,牡5,https://www.jra.go.jp/JRADB/accessS.html?CNAME=pw01sde1007202602040920260802%2F14,障害,3:19.9,良,大橋 勇樹,曇,定量,13.3,
486(+2),60.0,7  7  7  7,中京,PASS_HTML,3000,6,pw01dud102021101041/D3,トモジャシャトー,1,大江原 圭,,大差,04,02,7,障害3歳以上,未勝利,2026-08-02,pw01sde1007202602040920260802,障害3歳以上未勝利,09,,,16時45分,牡5,https://www.jra.go.jp/JRADB/accessS.html?CNAME=pw01sde1007202602040920260802%2F14,障害,3:22.0,良,小笠 倫弘,曇,定量,13.5,
496(+4),57.0,2  2  2  3,中京,PASS_HTML,3000,7,pw01dud102017105634/DB,メラーキ,9,▲坂口 智康,,６,04,02,8,障害3歳以上,未勝利,2026-08-02,pw01sde1007202602040920260802,障害3歳以上未勝利,09,,,16時45分,牡9,https://www.jra.go.jp/JRADB/accessS.html?CNAME=pw01sde1007202602040920260802%2F14,障害,3:23.0,良,稲垣 幸雄,曇,定量,13.5,
468(-4),60.0,8  8  8  8,中京,PASS_HTML,3000,8,pw01dud102022101140/1D,ガイ,3,草野 太郎,,４,04,02,10,障害3歳以上,未勝利,2026-08-02,pw01sde1007202602040920260802,障害3歳以上未勝利,09,,,16時45分,せん4,https://www.jra.go.jp/JRADB/accessS.html?CNAME=pw01sde1007202602040920260802%2F14,障害,3:23.7,良,本間 忍,曇,定量,13.6,
520(0),57.0,9  9  9  9,中京,PASS_HTML,3000,9,pw01dud102022106754/CA,オンクラウドナイン,5,▲水沼 元輝,,大差,04,02,9,障害3歳以上,未勝利,2026-08-02,pw01sde1007202602040920260802,障害3歳以上未勝利,09,,,16時45分,牡4,https://www.jra.go.jp/JRADB/accessS.html?CNAME=pw01sde1007202602040920260802%2F14,障害,3:35.6,良,和田 正一郎,曇,定量,14.4,
482(-8),60.0,,中京,PASS_HTML,3000,中止,pw01dud102020103439/71,サスツルギ,10,上野 翔,,,04,02,4,障害3歳以上,未勝利,2026-08-02,pw01sde1007202602040920260802,障害3歳以上未勝利,09,,,16時45分,せん6,https://www.jra.go.jp/JRADB/accessS.html?CNAME=pw01sde1007202602040920260802%2F14,障害,,良,千葉 直人,曇,定量,,
510(-10),58.0,6  6,中京,QUARANTINED_HTML:track_condition,1200,1,pw01dud102022102716/B4,サンマルノヴェル,5,田口 貫太,36.7,,04,02,1,3歳以上,2勝クラス,2026-08-02,pw01sde1007202602040820260802,浜松特別,08,（混合）［指定］,,16時10分,牡4,https://www.jra.go.jp/JRADB/accessS.html?CNAME=pw01sde1007202602040820260802%2F5F,ダート,1:11.8,,大橋 勇樹,曇,定量,,
474(+12),56.0,8  8,中京,QUARANTINED_HTML:track_condition,1200,2,pw01dud102022110001/FE,シルフズミスチーフ,7,J.コレット,36.6,１／２,04,02,4,3歳以上,2勝クラス,2026-08-02,pw01sde1007202602040820260802,浜松特別,08,（混合）［指定］,,16時10分,牝4,https://www.jra.go.jp/JRADB/accessS.html?CNAME=pw01sde1007202602040820260802%2F5F,ダート,1:11.9,,池江 泰寿,曇,定量,,
492(+4),56.0,2  2,中京,QUARANTINED_HTML:track_condition,1200,3,pw01dud102023100670/DF,ルクスレイモンド,3,坂井 瑠星,37.7,１ 3/4,04,02,2,3歳以上,2勝クラス,2026-08-02,pw01sde1007202602040820260802,浜松特別,08,（混合）［指定］,,16時10分,牡3,https://www.jra.go.jp/JRADB/accessS.html?CNAME=pw01sde1007202602040820260802%2F5F,ダート,1:12.2,,上原 佑紀,曇,定量,,
472(-4),56.0,4  4,中京,QUARANTINED_HTML:track_condition,1200,4,pw01dud102023110088/2F,ジャンシ,11,松若 風馬,38.0,３,04,02,7,3歳以上,2勝クラス,2026-08-02,pw01sde1007202602040820260802,浜松特別,08,（混合）［指定］,,16時10分,牡3,https://www.jra.go.jp/JRADB/accessS.html?CNAME=pw01sde1007202602040820260802%2F5F,ダート,1:12.7,,森 秀行,曇,定量,,
506(-6),56.0,1  1,中京,QUARANTINED_HTML:track_condition,1200,5,pw01dud102021105253/E7,ウィップスティッチ,2,団野 大成,38.6,２,04,02,6,3歳以上,2勝クラス,2026-08-02,pw01sde1007202602040820260802,浜松特別,08,（混合）［指定］,,16時10分,牝5,https://www.jra.go.jp/JRADB/accessS.html?CNAME=pw01sde1007202602040820260802%2F5F,ダート,1:13.0,,庄野 靖志,曇,定量,,
532(+2),58.0,9  8,中京,QUARANTINED_HTML:track_condition,1200,6,pw01dud102019101399/43,ザウリ,6,幸 英明,37.5,クビ,04,02,8,3歳以上,2勝クラス,2026-08-02,pw01sde1007202602040820260802,浜松特別,08,（混合）［指定］,,16時10分,牡7,https://www.jra.go.jp/JRADB/accessS.html?CNAME=pw01sde1007202602040820260802%2F5F,ダート,1:13.1,,森田 直行,曇,定量,,
454(-6),56.0,9  11,中京,QUARANTINED_HTML:track_condition,1200,7,pw01dud102021106936/66,フレイミングパイ,9,柴田 裕一郎,37.7,３／４,04,02,10,3歳以上,2勝クラス,2026-08-02,pw01sde1007202602040820260802,浜松特別,08,（混合）［指定］,,16時10分,牝5,https://www.jra.go.jp/JRADB/accessS.html?CNAME=pw01sde1007202602040820260802%2F5F,ダート,1:13.3,,中竹 和也,曇,定量,,
434(+4),58.0,4  4,中京,QUARANTINED_HTML:track_condition,1200,8,pw01dud102022100654/FF,セルヴァンス,1,長岡 禎仁,38.6,クビ,04,02,3,3歳以上,2勝クラス,2026-08-02,pw01sde1007202602040820260802,浜松特別,08,（混合）［指定］,,16時10分,せん4,https://www.jra.go.jp/JRADB/accessS.html?CNAME=pw01sde1007202602040820260802%2F5F,ダート,1:13.3,,小椋 研介,曇,定量,,
438(-16),56.0,3  2,中京,QUARANTINED_HTML:track_condition,1200,9,pw01dud102021102562/4A,パルプフィクション,8,酒井 学,38.8,１／２,04,02,9,3歳以上,2勝クラス,2026-08-02,pw01sde1007202602040820260802,浜松特別,08,（混合）［指定］,,16時10分,牝5,https://www.jra.go.jp/JRADB/accessS.html?CNAME=pw01sde1007202602040820260802%2F5F,ダート,1:13.4,,飯田 祐史,曇,定量,,
502(+8),58.0,6  7,中京,QUARANTINED_HTML:track_condition,1200,10,pw01dud102021101461/B7,カツラノキサノキ,10,吉村 誠之助,38.4,クビ,04,02,11,3歳以上,2勝クラス,2026-08-02,pw01sde1007202602040820260802,浜松特別,08,（混合）［指定］,,16時10分,牡5,https://www.jra.go.jp/JRADB/accessS.html?CNAME=pw01sde1007202602040820260802%2F5F,ダート,1:13.5,,庄野 靖志,曇,定量,,
468(-4),56.0,9  10,中京,QUARANTINED_HTML:track_condition,1200,11,pw01dud102021105973/5E,ワイノナオミ,4,国分 優作,38.5,３ 1/2,04,02,5,3歳以上,2勝クラス,2026-08-02,pw01sde1007202602040820260802,浜松特別,08,（混合）［指定］,,16時10分,牝5,https://www.jra.go.jp/JRADB/accessS.html?CNAME=pw01sde1007202602040820260802%2F5F,ダート,1:14.1,,畑端 省吾,曇,定量,,
496(+6),55.0,2  2  2  3,中京,PASS_HTML,2200,1,pw01dud102023106560/38,メイショウナルカミ,6,幸 英明,33.4,,04,02,3,3歳以上,1勝クラス,2026-08-02,pw01sde1007202602041120260802,3歳以上1勝クラス,11,（混合）（特指）,,17時50分,牡3,https://www.jra.go.jp/JRADB/accessS.html?CNAME=pw01sde1007202602041120260802%2FBE,芝,2:17.5,良,安達 昭夫,曇,定量,,
482(+12),55.0,5  5  5  6,中京,PASS_HTML,2200,2,pw01dud102022103263/A5,メイショウアゴナス,2,▲森田 誠也,33.2,３／４,04,02,6,3歳以上,1勝クラス,2026-08-02,pw01sde1007202602041120260802,3歳以上1勝クラス,11,（混合）（特指）,,17時50分,牡4,https://www.jra.go.jp/JRADB/accessS.html?CNAME=pw01sde1007202602041120260802%2FBE,芝,2:17.6,良,本田 優,曇,定量,,
444(0),55.0,5  5  5  5,中京,PASS_HTML,2200,3,pw01dud102023105418/60,ビップヴォルフ,5,M.デムーロ,33.4,クビ,04,02,1,3歳以上,1勝クラス,2026-08-02,pw01sde1007202602041120260802,3歳以上1勝クラス,11,（混合）（特指）,,17時50分,牡3,https://www.jra.go.jp/JRADB/accessS.html?CNAME=pw01sde1007202602041120260802%2FBE,芝,2:17.6,良,小椋 研介,曇,定量,,
460(0),58.0,3  3  3  2,中京,PASS_HTML,2200,4,pw01dud102022105290/5A,レッドヴァリアート,4,坂井 瑠星,33.6,クビ,04,02,2,3歳以上,1勝クラス,2026-08-02,pw01sde1007202602041120260802,3歳以上1勝クラス,11,（混合）（特指）,,17時50分,牡4,https://www.jra.go.jp/JRADB/accessS.html?CNAME=pw01sde1007202602041120260802%2FBE,芝,2:17.6,良,加藤 公太,曇,定量,,
498(+8),55.0,1  1  1  1,中京,PASS_HTML,2200,5,pw01dud102023107059/2D,ジュンプリメーロ,3,田口 貫太,33.8,３／４,04,02,5,3歳以上,1勝クラス,2026-08-02,pw01sde1007202602041120260802,3歳以上1勝クラス,11,（混合）（特指）,,17時50分,牡3,https://www.jra.go.jp/JRADB/accessS.html?CNAME=pw01sde1007202602041120260802%2FBE,芝,2:17.7,良,友道 康夫,曇,定量,,
534(+4),55.0,4  4  3  3,中京,PASS_HTML,2200,6,pw01dud102023105354/A3,バリオス,1,岩田 望来,33.7,クビ,04,02,4,3歳以上,1勝クラス,2026-08-02,pw01sde1007202602041120260802,3歳以上1勝クラス,11,（混合）（特指）,,17時50分,牡3,https://www.jra.go.jp/JRADB/accessS.html?CNAME=pw01sde1007202602041120260802%2FBE,芝,2:17.8,良,武 幸四郎,曇,定量,,
526(-4),55.0,12  12  6  6,中京,QUARANTINED_HTML:track_condition,1900,1,pw01dud102023100704/6C,スターシップ,4,松若 風馬,38.4,,04,02,1,3歳以上,1勝クラス,2026-08-02,pw01sde1007202602041020260802,3歳以上1勝クラス,10,（混合）［指定］,,17時20分,牡3,https://www.jra.go.jp/JRADB/accessS.html?CNAME=pw01sde1007202602041020260802%2F09,ダート,2:00.9,,高柳 大輔,曇,定量,,
500(+2),55.0,2  2  1  1,中京,QUARANTINED_HTML:track_condition,1900,2,pw01dud102023104476/EB,カイラーサ,7,鮫島 良太,39.3,１ 1/4,04,02,14,3歳以上,1勝クラス,2026-08-02,pw01sde1007202602041020260802,3歳以上1勝クラス,10,（混合）［指定］,,17時20分,せん3,https://www.jra.go.jp/JRADB/accessS.html?CNAME=pw01sde1007202602041020260802%2F09,ダート,2:01.1,,河嶋 宏樹,曇,定量,,
546(+14),55.0,6  6  2  2,中京,QUARANTINED_HTML:track_condition,1900,3,pw01dud102023110070/87,ブームバップビート,11,坂井 瑠星,39.5,２,04,02,4,3歳以上,1勝クラス,2026-08-02,pw01sde1007202602041020260802,3歳以上1勝クラス,10,（混合）［指定］,,17時20分,牡3,https://www.jra.go.jp/JRADB/accessS.html?CNAME=pw01sde1007202602041020260802%2F09,ダート,2:01.4,,中内田 充正,曇,定量,,
448(-12),58.0,10  9  10  10,中京,QUARANTINED_HTML:track_condition,1900,4,pw01dud102022103143/54,ロックウイズユー,14,J.コレット,39.2,３ 1/2,04,02,11,3歳以上,1勝クラス,2026-08-02,pw01sde1007202602041020260802,3歳以上1勝クラス,10,（混合）［指定］,,17時20分,せん4,https://www.jra.go.jp/JRADB/accessS.html?CNAME=pw01sde1007202602041020260802%2F09,ダート,2:02.0,,橋田 宜長,曇,定量,,
504(+8),55.0,1  1  2  2,中京,QUARANTINED_HTML:track_condition,1900,5,pw01dud102023105445/37,ドメイン,2,田口 貫太,40.2,ハナ,04,02,8,3歳以上,1勝クラス,2026-08-02,pw01sde1007202602041020260802,3歳以上1勝クラス,10,（混合）［指定］,,17時20分,牡3,https://www.jra.go.jp/JRADB/accessS.html?CNAME=pw01sde1007202602041020260802%2F09,ダート,2:02.0,,松下 武士,曇,定量,,
516(0),54.0,9  9  10  8,中京,QUARANTINED_HTML:track_condition,1900,6,pw01dud102023104072/5B,スナークシャラク,13,☆田山 旺佑,39.2,ハナ,04,02,6,3歳以上,1勝クラス,2026-08-02,pw01sde1007202602041020260802,3歳以上1勝クラス,10,（混合）［指定］,,17時20分,牡3,https://www.jra.go.jp/JRADB/accessS.html?CNAME=pw01sde1007202602041020260802%2F09,ダート,2:02.0,,今野 貞一,曇,定量,,
472(-10),58.0,14  14  14  14,中京,QUARANTINED_HTML:track_condition,1900,7,pw01dud102019103506/9A,エアフォースワン,12,幸 英明,38.6,クビ,04,02,7,3歳以上,1勝クラス,2026-08-02,pw01sde1007202602041020260802,3歳以上1勝クラス,10,（混合）［指定］,,17時20分,牡7,https://www.jra.go.jp/JRADB/accessS.html?CNAME=pw01sde1007202602041020260802%2F09,ダート,2:02.0,,大根田 裕之,曇,定量,,
488(-4),58.0,6  6  5  5,中京,QUARANTINED_HTML:track_condition,1900,8,pw01dud102022104841/B4,オーレアミスト,5,角田 大和,39.9,１／２,04,02,9,3歳以上,1勝クラス,2026-08-02,pw01sde1007202602041020260802,3歳以上1勝クラス,10,（混合）［指定］,,17時20分,せん4,https://www.jra.go.jp/JRADB/accessS.html?CNAME=pw01sde1007202602041020260802%2F09,ダート,2:02.1,,井上 智史,曇,定量,,
510(+8),55.0,4  4  6  8,中京,QUARANTINED_HTML:track_condition,1900,9,pw01dud102023110081/0A,アメリカンイズム,9,川田 将雅,39.6,アタマ,04,02,2,3歳以上,1勝クラス,2026-08-02,pw01sde1007202602041020260802,3歳以上1勝クラス,10,（混合）［指定］,,17時20分,牡3,https://www.jra.go.jp/JRADB/accessS.html?CNAME=pw01sde1007202602041020260802%2F09,ダート,2:02.1,,池江 泰寿,曇,定量,,
552(+2),58.0,12  12  12  10,中京,QUARANTINED_HTML:track_condition,1900,10,pw01dud102021105526/A3,ジーティーパワー,8,国分 優作,39.2,１／２,04,02,13,3歳以上,1勝クラス,2026-08-02,pw01sde1007202602041020260802,3歳以上1勝クラス,10,（混合）［指定］,,17時20分,牡5,https://www.jra.go.jp/JRADB/accessS.html?CNAME=pw01sde1007202602041020260802%2F09,ダート,2:02.2,,中村 直也,曇,定量,,
452(+2),58.0,3  3  2  2,中京,QUARANTINED_HTML:track_condition,1900,11,pw01dud102022105602/74,エコロスパーダ,10,酒井 学,40.5,１,04,02,3,3歳以上,1勝クラス,2026-08-02,pw01sde1007202602041020260802,3歳以上1勝クラス,10,（混合）［指定］,,17時20分,牡4,https://www.jra.go.jp/JRADB/accessS.html?CNAME=pw01sde1007202602041020260802%2F09,ダート,2:02.4,,大久保 龍志,曇,定量,,
488(-4),58.0,6  6  12  13,中京,QUARANTINED_HTML:track_condition,1900,12,pw01dud102022102639/FC,ロードシュヴァリエ,6,中井 裕二,40.2,５,04,02,10,3歳以上,1勝クラス,2026-08-02,pw01sde1007202602041020260802,3歳以上1勝クラス,10,（混合）［指定］,,17時20分,牡4,https://www.jra.go.jp/JRADB/accessS.html?CNAME=pw01sde1007202602041020260802%2F09,ダート,2:03.2,,森田 直行,曇,定量,,
538(+6),55.0,11  9  6  6,中京,QUARANTINED_HTML:track_condition,1900,13,pw01dud102023105329/B2,エクストラプッシュ,3,岩田 望来,40.6,クビ,04,02,5,3歳以上,1勝クラス,2026-08-02,pw01sde1007202602041020260802,3歳以上1勝クラス,10,（混合）［指定］,,17時20分,牡3,https://www.jra.go.jp/JRADB/accessS.html?CNAME=pw01sde1007202602041020260802%2F09,ダート,2:03.2,,奥村 豊,曇,定量,,
448(0),55.0,4  4  6  10,中京,QUARANTINED_HTML:track_condition,1900,14,pw01dud102023107150/53,ロックバンド,1,吉村 誠之助,44.0,大差,04,02,12,3歳以上,1勝クラス,2026-08-02,pw01sde1007202602041020260802,3歳以上1勝クラス,10,（混合）［指定］,,17時20分,牡3,https://www.jra.go.jp/JRADB/accessS.html?CNAME=pw01sde1007202602041020260802%2F09,ダート,2:06.6,,茶木 太樹,曇,定量,,
434(-2),55.0,6  6,中京,PASS_HTML,1400,1,pw01dud102023102939/1B,アラビアンジョイ,14,吉村 誠之助,34.2,,04,02,3,3歳,未勝利,2026-08-02,pw01sde1007202602041220260802,3歳未勝利,12,（混合）［指定］,,18時20分,牝3,https://www.jra.go.jp/JRADB/accessS.html?CNAME=pw01sde1007202602041220260802%2F73,芝,1:19.5,良,高橋 一哉,曇,馬齢,,
446(-4),57.0,3  3,中京,PASS_HTML,1400,2,pw01dud102023105000/F4,モンシーク,18,川田 将雅,34.4,ハナ,04,02,1,3歳,未勝利,2026-08-02,pw01sde1007202602041220260802,3歳未勝利,12,（混合）［指定］,,18時20分,牡3,https://www.jra.go.jp/JRADB/accessS.html?CNAME=pw01sde1007202602041220260802%2F73,芝,1:19.5,良,橋口 慎介,曇,馬齢,,
438(-4),55.0,12  12,中京,PASS_HTML,1400,3,pw01dud102023105346/79,ミッキーラヴィータ,12,岩田 望来,33.6,クビ,04,02,2,3歳,未勝利,2026-08-02,pw01sde1007202602041220260802,3歳未勝利,12,（混合）［指定］,,18時20分,牝3,https://www.jra.go.jp/JRADB/accessS.html?CNAME=pw01sde1007202602041220260802%2F73,芝,1:19.5,良,高橋 亮,曇,馬齢,,
472(+12),57.0,3  3,中京,PASS_HTML,1400,4,pw01dud102023101735/FE,リントゥラウル,11,酒井 学,34.5,１ 1/2,04,02,8,3歳,未勝利,2026-08-02,pw01sde1007202602041220260802,3歳未勝利,12,（混合）［指定］,,18時20分,牡3,https://www.jra.go.jp/JRADB/accessS.html?CNAME=pw01sde1007202602041220260802%2F73,芝,1:19.7,良,秋山 真一郎,曇,馬齢,,
460(-6),55.0,7  7,中京,PASS_HTML,1400,5,pw01dud102023103334/A5,モカプウイング,6,J.コレット,34.5,１ 3/4,04,02,7,3歳,未勝利,2026-08-02,pw01sde1007202602041220260802,3歳未勝利,12,（混合）［指定］,,18時20分,牝3,https://www.jra.go.jp/JRADB/accessS.html?CNAME=pw01sde1007202602041220260802%2F73,芝,1:20.0,良,加藤 公太,曇,馬齢,,
482(+2),55.0,1  1,中京,PASS_HTML,1400,6,pw01dud102023103330/D9,ルージュエテルナ,10,田口 貫太,35.3,１／２,04,02,5,3歳,未勝利,2026-08-02,pw01sde1007202602041220260802,3歳未勝利,12,（混合）［指定］,,18時20分,牝3,https://www.jra.go.jp/JRADB/accessS.html?CNAME=pw01sde1007202602041220260802%2F73,芝,1:20.1,良,友道 康夫,曇,馬齢,,
478(+2),52.0,10  10,中京,PASS_HTML,1400,7,pw01dud102023107543/60,チヨ,2,☆田山 旺佑,34.5,クビ,04,02,9,3歳,未勝利,2026-08-02,pw01sde1007202602041220260802,3歳未勝利,12,（混合）［指定］,,18時20分,牝3,https://www.jra.go.jp/JRADB/accessS.html?CNAME=pw01sde1007202602041220260802%2F73,芝,1:20.2,良,鈴木 孝志,曇,馬齢,,
468(-4),55.0,7  7,中京,PASS_HTML,1400,8,pw01dud102023100910/12,ハピネスサンライズ,8,松若 風馬,35.0,２,04,02,6,3歳,未勝利,2026-08-02,pw01sde1007202602041220260802,3歳未勝利,12,（混合）［指定］,,18時20分,牝3,https://www.jra.go.jp/JRADB/accessS.html?CNAME=pw01sde1007202602041220260802%2F73,芝,1:20.5,良,東田 明士,曇,馬齢,,
416(+6),55.0,2  2,中京,PASS_HTML,1400,9,pw01dud102023100375/8B,エールドリー,16,藤懸 貴志,35.6,アタマ,04,02,16,3歳,未勝利,2026-08-02,pw01sde1007202602041220260802,3歳未勝利,12,（混合）［指定］,,18時20分,牝3,https://www.jra.go.jp/JRADB/accessS.html?CNAME=pw01sde1007202602041220260802%2F73,芝,1:20.5,良,平田 修,曇,馬齢,,
442(+10),55.0,10  11,中京,PASS_HTML,1400,10,pw01dud102023107057/47,アルジェンテーラ,3,団野 大成,34.8,１／２,04,02,4,3歳,未勝利,2026-08-02,pw01sde1007202602041220260802,3歳未勝利,12,（混合）［指定］,,18時20分,牝3,https://www.jra.go.jp/JRADB/accessS.html?CNAME=pw01sde1007202602041220260802%2F73,芝,1:20.6,良,斉藤 崇史,曇,馬齢,,
454(-6),57.0,16  16,中京,PASS_HTML,1400,11,pw01dud102023102144/64,フィアレスウィル,9,幸 英明,34.1,クビ,04,02,12,3歳,未勝利,2026-08-02,pw01sde1007202602041220260802,3歳未勝利,12,（混合）［指定］,,18時20分,牡3,https://www.jra.go.jp/JRADB/accessS.html?CNAME=pw01sde1007202602041220260802%2F73,芝,1:20.6,良,高橋 義忠,曇,馬齢,,
472(-2),54.0,14  14,中京,PASS_HTML,1400,12,pw01dud102023105761/1E,ケイアイブラック,17,▲森田 誠也,34.6,１,04,02,13,3歳,未勝利,2026-08-02,pw01sde1007202602041220260802,3歳未勝利,12,（混合）［指定］,,18時20分,牡3,https://www.jra.go.jp/JRADB/accessS.html?CNAME=pw01sde1007202602041220260802%2F73,芝,1:20.8,良,梅田 智之,曇,馬齢,,
490(-6),55.0,12  12,中京,PASS_HTML,1400,13,pw01dud102023104839/C8,マルモリキャスター,13,泉谷 楓真,35.1,２,04,02,11,3歳,未勝利,2026-08-02,pw01sde1007202602041220260802,3歳未勝利,12,（混合）［指定］,,18時20分,牝3,https://www.jra.go.jp/JRADB/accessS.html?CNAME=pw01sde1007202602041220260802%2F73,芝,1:21.1,良,大橋 勇樹,曇,馬齢,,
492(-4),57.0,14  14,中京,PASS_HTML,1400,14,pw01dud102023103255/07,ホウオウスカイハイ,5,秋山 稔樹,34.8,アタマ,04,02,17,3歳,未勝利,2026-08-02,pw01sde1007202602041220260802,3歳未勝利,12,（混合）［指定］,,18時20分,牡3,https://www.jra.go.jp/JRADB/accessS.html?CNAME=pw01sde1007202602041220260802%2F73,芝,1:21.1,良,宮 徹,曇,馬齢,,
430(0),57.0,3  3,中京,PASS_HTML,1400,15,pw01dud102023104906/70,グランスプリント,7,長岡 禎仁,36.1,１,04,02,15,3歳,未勝利,2026-08-02,pw01sde1007202602041220260802,3歳未勝利,12,（混合）［指定］,,18時20分,牡3,https://www.jra.go.jp/JRADB/accessS.html?CNAME=pw01sde1007202602041220260802%2F73,芝,1:21.3,良,西村 真幸,曇,馬齢,,
420(-2),57.0,9  9,中京,PASS_HTML,1400,16,pw01dud102023100984/4E,コカボムショット,15,加藤 祥太,36.0,２,04,02,18,3歳,未勝利,2026-08-02,pw01sde1007202602041220260802,3歳未勝利,12,（混合）［指定］,,18時20分,牡3,https://www.jra.go.jp/JRADB/accessS.html?CNAME=pw01sde1007202602041220260802%2F73,芝,1:21.6,良,庄野 靖志,曇,馬齢,,
460(0),57.0,17  17,中京,PASS_HTML,1400,17,pw01dud102023110039/52,カフラー,4,坂井 瑠星,38.5,大差,04,02,14,3歳,未勝利,2026-08-02,pw01sde1007202602041220260802,3歳未勝利,12,（混合）［指定］,,18時20分,牡3,https://www.jra.go.jp/JRADB/accessS.html?CNAME=pw01sde1007202602041220260802%2F73,芝,1:27.1,良,矢作 芳人,曇,馬齢,,
516(+2),57.0,,中京,PASS_HTML,1400,中止,pw01dud102023106961/6F,ジュピターバローズ,1,M.デムーロ,,,04,02,10,3歳,未勝利,2026-08-02,pw01sde1007202602041220260802,3歳未勝利,12,（混合）［指定］,,18時20分,牡3,https://www.jra.go.jp/JRADB/accessS.html?CNAME=pw01sde1007202602041220260802%2F73,芝,,良,友道 康夫,曇,馬齢,,
