bet_type,data_status,payout_per_100_yen,payout_popularity,race_date,race_id,source_url,winning_selection
単勝,PASS_HTML,140,1,2026-08-08,pw01sde0107202602050120260808,https://www.jra.go.jp/JRADB/accessS.html?CNAME=pw01sde0107202602050120260808%2F6E,9
複勝,PASS_HTML,100,1,2026-08-08,pw01sde0107202602050120260808,https://www.jra.go.jp/JRADB/accessS.html?CNAME=pw01sde0107202602050120260808%2F6E,9
複勝,PASS_HTML,120,3,2026-08-08,pw01sde0107202602050120260808,https://www.jra.go.jp/JRADB/accessS.html?CNAME=pw01sde0107202602050120260808%2F6E,1
複勝,PASS_HTML,100,2,2026-08-08,pw01sde0107202602050120260808,https://www.jra.go.jp/JRADB/accessS.html?CNAME=pw01sde0107202602050120260808%2F6E,4
枠連,PASS_HTML,550,2,2026-08-08,pw01sde0107202602050120260808,https://www.jra.go.jp/JRADB/accessS.html?CNAME=pw01sde0107202602050120260808%2F6E,1-8
ワイド,PASS_HTML,170,2,2026-08-08,pw01sde0107202602050120260808,https://www.jra.go.jp/JRADB/accessS.html?CNAME=pw01sde0107202602050120260808%2F6E,1-9
ワイド,PASS_HTML,130,1,2026-08-08,pw01sde0107202602050120260808,https://www.jra.go.jp/JRADB/accessS.html?CNAME=pw01sde0107202602050120260808%2F6E,4-9
ワイド,PASS_HTML,310,5,2026-08-08,pw01sde0107202602050120260808,https://www.jra.go.jp/JRADB/accessS.html?CNAME=pw01sde0107202602050120260808%2F6E,1-4
馬連,PASS_HTML,490,2,2026-08-08,pw01sde0107202602050120260808,https://www.jra.go.jp/JRADB/accessS.html?CNAME=pw01sde0107202602050120260808%2F6E,1-9
馬単,PASS_HTML,550,3,2026-08-08,pw01sde0107202602050120260808,https://www.jra.go.jp/JRADB/accessS.html?CNAME=pw01sde0107202602050120260808%2F6E,9-1
3連複,PASS_HTML,410,1,2026-08-08,pw01sde0107202602050120260808,https://www.jra.go.jp/JRADB/accessS.html?CNAME=pw01sde0107202602050120260808%2F6E,1-4-9
3連単,PASS_HTML,1240,3,2026-08-08,pw01sde0107202602050120260808,https://www.jra.go.jp/JRADB/accessS.html?CNAME=pw01sde0107202602050120260808%2F6E,9-1-4
単勝,QUARANTINED_HTML:track_condition,780,3,2026-08-09,pw01sde0101202601060120260809,https://www.jra.go.jp/JRADB/accessS.html?CNAME=pw01sde0101202601060120260809%2FB1,10
複勝,QUARANTINED_HTML:track_condition,210,3,2026-08-09,pw01sde0101202601060120260809,https://www.jra.go.jp/JRADB/accessS.html?CNAME=pw01sde0101202601060120260809%2FB1,10
複勝,QUARANTINED_HTML:track_condition,110,1,2026-08-09,pw01sde0101202601060120260809,https://www.jra.go.jp/JRADB/accessS.html?CNAME=pw01sde0101202601060120260809%2FB1,12
複勝,QUARANTINED_HTML:track_condition,610,9,2026-08-09,pw01sde0101202601060120260809,https://www.jra.go.jp/JRADB/accessS.html?CNAME=pw01sde0101202601060120260809%2FB1,4
枠連,QUARANTINED_HTML:track_condition,470,2,2026-08-09,pw01sde0101202601060120260809,https://www.jra.go.jp/JRADB/accessS.html?CNAME=pw01sde0101202601060120260809%2FB1,7-8
ワイド,QUARANTINED_HTML:track_condition,300,2,2026-08-09,pw01sde0101202601060120260809,https://www.jra.go.jp/JRADB/accessS.html?CNAME=pw01sde0101202601060120260809%2FB1,10-12
ワイド,QUARANTINED_HTML:track_condition,2050,26,2026-08-09,pw01sde0101202601060120260809,https://www.jra.go.jp/JRADB/accessS.html?CNAME=pw01sde0101202601060120260809%2FB1,4-10
ワイド,QUARANTINED_HTML:track_condition,1130,12,2026-08-09,pw01sde0101202601060120260809,https://www.jra.go.jp/JRADB/accessS.html?CNAME=pw01sde0101202601060120260809%2FB1,4-12
馬連,QUARANTINED_HTML:track_condition,620,2,2026-08-09,pw01sde0101202601060120260809,https://www.jra.go.jp/JRADB/accessS.html?CNAME=pw01sde0101202601060120260809%2FB1,10-12
馬単,QUARANTINED_HTML:track_condition,1950,7,2026-08-09,pw01sde0101202601060120260809,https://www.jra.go.jp/JRADB/accessS.html?CNAME=pw01sde0101202601060120260809%2FB1,10-12
3連複,QUARANTINED_HTML:track_condition,3440,14,2026-08-09,pw01sde0101202601060120260809,https://www.jra.go.jp/JRADB/accessS.html?CNAME=pw01sde0101202601060120260809%2FB1,4-10-12
3連単,QUARANTINED_HTML:track_condition,21820,71,2026-08-09,pw01sde0101202601060120260809,https://www.jra.go.jp/JRADB/accessS.html?CNAME=pw01sde0101202601060120260809%2FB1,10-12-4
単勝,PASS_HTML,200,1,2026-08-09,pw01sde0104202602060120260809,https://www.jra.go.jp/JRADB/accessS.html?CNAME=pw01sde0104202602060120260809%2FC0,8
複勝,PASS_HTML,130,1,2026-08-09,pw01sde0104202602060120260809,https://www.jra.go.jp/JRADB/accessS.html?CNAME=pw01sde0104202602060120260809%2FC0,8
複勝,PASS_HTML,210,5,2026-08-09,pw01sde0104202602060120260809,https://www.jra.go.jp/JRADB/accessS.html?CNAME=pw01sde0104202602060120260809%2FC0,11
複勝,PASS_HTML,820,9,2026-08-09,pw01sde0104202602060120260809,https://www.jra.go.jp/JRADB/accessS.html?CNAME=pw01sde0104202602060120260809%2FC0,15
枠連,PASS_HTML,700,3,2026-08-09,pw01sde0104202602060120260809,https://www.jra.go.jp/JRADB/accessS.html?CNAME=pw01sde0104202602060120260809%2FC0,4-6
ワイド,PASS_HTML,370,2,2026-08-09,pw01sde0104202602060120260809,https://www.jra.go.jp/JRADB/accessS.html?CNAME=pw01sde0104202602060120260809%2FC0,8-11
ワイド,PASS_HTML,1960,21,2026-08-09,pw01sde0104202602060120260809,https://www.jra.go.jp/JRADB/accessS.html?CNAME=pw01sde0104202602060120260809%2FC0,8-15
ワイド,PASS_HTML,3330,34,2026-08-09,pw01sde0104202602060120260809,https://www.jra.go.jp/JRADB/accessS.html?CNAME=pw01sde0104202602060120260809%2FC0,11-15
馬連,PASS_HTML,710,2,2026-08-09,pw01sde0104202602060120260809,https://www.jra.go.jp/JRADB/accessS.html?CNAME=pw01sde0104202602060120260809%2FC0,8-11
馬単,PASS_HTML,1030,1,2026-08-09,pw01sde0104202602060120260809,https://www.jra.go.jp/JRADB/accessS.html?CNAME=pw01sde0104202602060120260809%2FC0,8-11
3連複,PASS_HTML,7670,23,2026-08-09,pw01sde0104202602060120260809,https://www.jra.go.jp/JRADB/accessS.html?CNAME=pw01sde0104202602060120260809%2FC0,8-11-15
3連単,PASS_HTML,19450,56,2026-08-09,pw01sde0104202602060120260809,https://www.jra.go.jp/JRADB/accessS.html?CNAME=pw01sde0104202602060120260809%2FC0,8-11-15
単勝,PASS_HTML,360,3,2026-08-09,pw01sde0107202602060120260809,https://www.jra.go.jp/JRADB/accessS.html?CNAME=pw01sde0107202602060120260809%2F9E,14
複勝,PASS_HTML,130,1,2026-08-09,pw01sde0107202602060120260809,https://www.jra.go.jp/JRADB/accessS.html?CNAME=pw01sde0107202602060120260809%2F9E,14
複勝,PASS_HTML,140,3,2026-08-09,pw01sde0107202602060120260809,https://www.jra.go.jp/JRADB/accessS.html?CNAME=pw01sde0107202602060120260809%2F9E,15
複勝,PASS_HTML,240,4,2026-08-09,pw01sde0107202602060120260809,https://www.jra.go.jp/JRADB/accessS.html?CNAME=pw01sde0107202602060120260809%2F9E,4
枠連,PASS_HTML,500,3,2026-08-09,pw01sde0107202602060120260809,https://www.jra.go.jp/JRADB/accessS.html?CNAME=pw01sde0107202602060120260809%2F9E,7-8
ワイド,PASS_HTML,280,2,2026-08-09,pw01sde0107202602060120260809,https://www.jra.go.jp/JRADB/accessS.html?CNAME=pw01sde0107202602060120260809%2F9E,14-15
ワイド,PASS_HTML,780,8,2026-08-09,pw01sde0107202602060120260809,https://www.jra.go.jp/JRADB/accessS.html?CNAME=pw01sde0107202602060120260809%2F9E,4-14
ワイド,PASS_HTML,770,7,2026-08-09,pw01sde0107202602060120260809,https://www.jra.go.jp/JRADB/accessS.html?CNAME=pw01sde0107202602060120260809%2F9E,4-15
馬連,PASS_HTML,570,3,2026-08-09,pw01sde0107202602060120260809,https://www.jra.go.jp/JRADB/accessS.html?CNAME=pw01sde0107202602060120260809%2F9E,14-15
馬単,PASS_HTML,1200,5,2026-08-09,pw01sde0107202602060120260809,https://www.jra.go.jp/JRADB/accessS.html?CNAME=pw01sde0107202602060120260809%2F9E,14-15
3連複,PASS_HTML,2310,4,2026-08-09,pw01sde0107202602060120260809,https://www.jra.go.jp/JRADB/accessS.html?CNAME=pw01sde0107202602060120260809%2F9E,4-14-15
3連単,PASS_HTML,9210,15,2026-08-09,pw01sde0107202602060120260809,https://www.jra.go.jp/JRADB/accessS.html?CNAME=pw01sde0107202602060120260809%2F9E,14-15-4
単勝,QUARANTINED_HTML:track_condition,280,1,2026-08-08,pw01sde1001202601050120260808,https://www.jra.go.jp/JRADB/accessS.html?CNAME=pw01sde1001202601050120260808%2F60,6
複勝,QUARANTINED_HTML:track_condition,130,1,2026-08-08,pw01sde1001202601050120260808,https://www.jra.go.jp/JRADB/accessS.html?CNAME=pw01sde1001202601050120260808%2F60,6
複勝,QUARANTINED_HTML:track_condition,290,4,2026-08-08,pw01sde1001202601050120260808,https://www.jra.go.jp/JRADB/accessS.html?CNAME=pw01sde1001202601050120260808%2F60,10
複勝,QUARANTINED_HTML:track_condition,350,6,2026-08-08,pw01sde1001202601050120260808,https://www.jra.go.jp/JRADB/accessS.html?CNAME=pw01sde1001202601050120260808%2F60,3
枠連,QUARANTINED_HTML:track_condition,1170,3,2026-08-08,pw01sde1001202601050120260808,https://www.jra.go.jp/JRADB/accessS.html?CNAME=pw01sde1001202601050120260808%2F60,4-6
ワイド,QUARANTINED_HTML:track_condition,680,5,2026-08-08,pw01sde1001202601050120260808,https://www.jra.go.jp/JRADB/accessS.html?CNAME=pw01sde1001202601050120260808%2F60,6-10
ワイド,QUARANTINED_HTML:track_condition,580,3,2026-08-08,pw01sde1001202601050120260808,https://www.jra.go.jp/JRADB/accessS.html?CNAME=pw01sde1001202601050120260808%2F60,3-6
ワイド,QUARANTINED_HTML:track_condition,3130,38,2026-08-08,pw01sde1001202601050120260808,https://www.jra.go.jp/JRADB/accessS.html?CNAME=pw01sde1001202601050120260808%2F60,3-10
馬連,QUARANTINED_HTML:track_condition,1710,5,2026-08-08,pw01sde1001202601050120260808,https://www.jra.go.jp/JRADB/accessS.html?CNAME=pw01sde1001202601050120260808%2F60,6-10
馬単,QUARANTINED_HTML:track_condition,2860,7,2026-08-08,pw01sde1001202601050120260808,https://www.jra.go.jp/JRADB/accessS.html?CNAME=pw01sde1001202601050120260808%2F60,6-10
3連複,QUARANTINED_HTML:track_condition,6160,19,2026-08-08,pw01sde1001202601050120260808,https://www.jra.go.jp/JRADB/accessS.html?CNAME=pw01sde1001202601050120260808%2F60,3-6-10
3連単,QUARANTINED_HTML:track_condition,24430,59,2026-08-08,pw01sde1001202601050120260808,https://www.jra.go.jp/JRADB/accessS.html?CNAME=pw01sde1001202601050120260808%2F60,6-10-3
単勝,PASS_HTML,300,1,2026-08-08,pw01sde1001202601050220260808,https://www.jra.go.jp/JRADB/accessS.html?CNAME=pw01sde1001202601050220260808%2F15,7
複勝,PASS_HTML,150,1,2026-08-08,pw01sde1001202601050220260808,https://www.jra.go.jp/JRADB/accessS.html?CNAME=pw01sde1001202601050220260808%2F15,7
複勝,PASS_HTML,580,9,2026-08-08,pw01sde1001202601050220260808,https://www.jra.go.jp/JRADB/accessS.html?CNAME=pw01sde1001202601050220260808%2F15,10
複勝,PASS_HTML,420,7,2026-08-08,pw01sde1001202601050220260808,https://www.jra.go.jp/JRADB/accessS.html?CNAME=pw01sde1001202601050220260808%2F15,11
枠連,PASS_HTML,1940,9,2026-08-08,pw01sde1001202601050220260808,https://www.jra.go.jp/JRADB/accessS.html?CNAME=pw01sde1001202601050220260808%2F15,5-7
ワイド,PASS_HTML,1420,21,2026-08-08,pw01sde1001202601050220260808,https://www.jra.go.jp/JRADB/accessS.html?CNAME=pw01sde1001202601050220260808%2F15,7-10
ワイド,PASS_HTML,1010,13,2026-08-08,pw01sde1001202601050220260808,https://www.jra.go.jp/JRADB/accessS.html?CNAME=pw01sde1001202601050220260808%2F15,7-11
ワイド,PASS_HTML,3910,37,2026-08-08,pw01sde1001202601050220260808,https://www.jra.go.jp/JRADB/accessS.html?CNAME=pw01sde1001202601050220260808%2F15,10-11
馬連,PASS_HTML,4500,18,2026-08-08,pw01sde1001202601050220260808,https://www.jra.go.jp/JRADB/accessS.html?CNAME=pw01sde1001202601050220260808%2F15,7-10
馬単,PASS_HTML,7390,30,2026-08-08,pw01sde1001202601050220260808,https://www.jra.go.jp/JRADB/accessS.html?CNAME=pw01sde1001202601050220260808%2F15,7-10
3連複,PASS_HTML,15680,53,2026-08-08,pw01sde1001202601050220260808,https://www.jra.go.jp/JRADB/accessS.html?CNAME=pw01sde1001202601050220260808%2F15,7-10-11
3連単,PASS_HTML,72110,249,2026-08-08,pw01sde1001202601050220260808,https://www.jra.go.jp/JRADB/accessS.html?CNAME=pw01sde1001202601050220260808%2F15,7-10-11
単勝,PASS_HTML,510,3,2026-08-08,pw01sde1001202601050520260808,https://www.jra.go.jp/JRADB/accessS.html?CNAME=pw01sde1001202601050520260808%2F34,5
複勝,PASS_HTML,160,2,2026-08-08,pw01sde1001202601050520260808,https://www.jra.go.jp/JRADB/accessS.html?CNAME=pw01sde1001202601050520260808%2F34,5
複勝,PASS_HTML,240,4,2026-08-08,pw01sde1001202601050520260808,https://www.jra.go.jp/JRADB/accessS.html?CNAME=pw01sde1001202601050520260808%2F34,6
複勝,PASS_HTML,350,7,2026-08-08,pw01sde1001202601050520260808,https://www.jra.go.jp/JRADB/accessS.html?CNAME=pw01sde1001202601050520260808%2F34,9
枠連,PASS_HTML,1760,8,2026-08-08,pw01sde1001202601050520260808,https://www.jra.go.jp/JRADB/accessS.html?CNAME=pw01sde1001202601050520260808%2F34,5-5
ワイド,PASS_HTML,650,8,2026-08-08,pw01sde1001202601050520260808,https://www.jra.go.jp/JRADB/accessS.html?CNAME=pw01sde1001202601050520260808%2F34,5-6
ワイド,PASS_HTML,1140,17,2026-08-08,pw01sde1001202601050520260808,https://www.jra.go.jp/JRADB/accessS.html?CNAME=pw01sde1001202601050520260808%2F34,5-9
ワイド,PASS_HTML,1280,18,2026-08-08,pw01sde1001202601050520260808,https://www.jra.go.jp/JRADB/accessS.html?CNAME=pw01sde1001202601050520260808%2F34,6-9
馬連,PASS_HTML,1650,7,2026-08-08,pw01sde1001202601050520260808,https://www.jra.go.jp/JRADB/accessS.html?CNAME=pw01sde1001202601050520260808%2F34,5-6
馬単,PASS_HTML,2920,12,2026-08-08,pw01sde1001202601050520260808,https://www.jra.go.jp/JRADB/accessS.html?CNAME=pw01sde1001202601050520260808%2F34,5-6
3連複,PASS_HTML,8240,31,2026-08-08,pw01sde1001202601050520260808,https://www.jra.go.jp/JRADB/accessS.html?CNAME=pw01sde1001202601050520260808%2F34,5-6-9
3連単,PASS_HTML,28020,101,2026-08-08,pw01sde1001202601050520260808,https://www.jra.go.jp/JRADB/accessS.html?CNAME=pw01sde1001202601050520260808%2F34,5-6-9
単勝,QUARANTINED_HTML:track_condition,460,3,2026-08-08,pw01sde1001202601050320260808,https://www.jra.go.jp/JRADB/accessS.html?CNAME=pw01sde1001202601050320260808%2FCA,14
複勝,QUARANTINED_HTML:track_condition,240,4,2026-08-08,pw01sde1001202601050320260808,https://www.jra.go.jp/JRADB/accessS.html?CNAME=pw01sde1001202601050320260808%2FCA,14
複勝,QUARANTINED_HTML:track_condition,230,3,2026-08-08,pw01sde1001202601050320260808,https://www.jra.go.jp/JRADB/accessS.html?CNAME=pw01sde1001202601050320260808%2FCA,10
複勝,QUARANTINED_HTML:track_condition,340,6,2026-08-08,pw01sde1001202601050320260808,https://www.jra.go.jp/JRADB/accessS.html?CNAME=pw01sde1001202601050320260808%2FCA,11
枠連,QUARANTINED_HTML:track_condition,740,2,2026-08-08,pw01sde1001202601050320260808,https://www.jra.go.jp/JRADB/accessS.html?CNAME=pw01sde1001202601050320260808%2FCA,6-8
ワイド,QUARANTINED_HTML:track_condition,580,5,2026-08-08,pw01sde1001202601050320260808,https://www.jra.go.jp/JRADB/accessS.html?CNAME=pw01sde1001202601050320260808%2FCA,10-14
ワイド,QUARANTINED_HTML:track_condition,1870,24,2026-08-08,pw01sde1001202601050320260808,https://www.jra.go.jp/JRADB/accessS.html?CNAME=pw01sde1001202601050320260808%2FCA,11-14
ワイド,QUARANTINED_HTML:track_condition,1450,21,2026-08-08,pw01sde1001202601050320260808,https://www.jra.go.jp/JRADB/accessS.html?CNAME=pw01sde1001202601050320260808%2FCA,10-11
馬連,QUARANTINED_HTML:track_condition,1360,5,2026-08-08,pw01sde1001202601050320260808,https://www.jra.go.jp/JRADB/accessS.html?CNAME=pw01sde1001202601050320260808%2FCA,10-14
馬単,QUARANTINED_HTML:track_condition,2520,7,2026-08-08,pw01sde1001202601050320260808,https://www.jra.go.jp/JRADB/accessS.html?CNAME=pw01sde1001202601050320260808%2FCA,14-10
3連複,QUARANTINED_HTML:track_condition,9480,35,2026-08-08,pw01sde1001202601050320260808,https://www.jra.go.jp/JRADB/accessS.html?CNAME=pw01sde1001202601050320260808%2FCA,10-11-14
3連単,QUARANTINED_HTML:track_condition,32520,123,2026-08-08,pw01sde1001202601050320260808,https://www.jra.go.jp/JRADB/accessS.html?CNAME=pw01sde1001202601050320260808%2FCA,14-10-11
単勝,PASS_HTML,690,4,2026-08-08,pw01sde1001202601050420260808,https://www.jra.go.jp/JRADB/accessS.html?CNAME=pw01sde1001202601050420260808%2F7F,4
複勝,PASS_HTML,200,3,2026-08-08,pw01sde1001202601050420260808,https://www.jra.go.jp/JRADB/accessS.html?CNAME=pw01sde1001202601050420260808%2F7F,4
複勝,PASS_HTML,180,2,2026-08-08,pw01sde1001202601050420260808,https://www.jra.go.jp/JRADB/accessS.html?CNAME=pw01sde1001202601050420260808%2F7F,13
複勝,PASS_HTML,200,4,2026-08-08,pw01sde1001202601050420260808,https://www.jra.go.jp/JRADB/accessS.html?CNAME=pw01sde1001202601050420260808%2F7F,2
枠連,PASS_HTML,1040,4,2026-08-08,pw01sde1001202601050420260808,https://www.jra.go.jp/JRADB/accessS.html?CNAME=pw01sde1001202601050420260808%2F7F,3-8
ワイド,PASS_HTML,720,9,2026-08-08,pw01sde1001202601050420260808,https://www.jra.go.jp/JRADB/accessS.html?CNAME=pw01sde1001202601050420260808%2F7F,4-13
ワイド,PASS_HTML,760,10,2026-08-08,pw01sde1001202601050420260808,https://www.jra.go.jp/JRADB/accessS.html?CNAME=pw01sde1001202601050420260808%2F7F,2-4
ワイド,PASS_HTML,690,7,2026-08-08,pw01sde1001202601050420260808,https://www.jra.go.jp/JRADB/accessS.html?CNAME=pw01sde1001202601050420260808%2F7F,2-13
馬連,PASS_HTML,1980,9,2026-08-08,pw01sde1001202601050420260808,https://www.jra.go.jp/JRADB/accessS.html?CNAME=pw01sde1001202601050420260808%2F7F,4-13
馬単,PASS_HTML,4040,18,2026-08-08,pw01sde1001202601050420260808,https://www.jra.go.jp/JRADB/accessS.html?CNAME=pw01sde1001202601050420260808%2F7F,4-13
3連複,PASS_HTML,3540,12,2026-08-08,pw01sde1001202601050420260808,https://www.jra.go.jp/JRADB/accessS.html?CNAME=pw01sde1001202601050420260808%2F7F,2-4-13
3連単,PASS_HTML,24550,86,2026-08-08,pw01sde1001202601050420260808,https://www.jra.go.jp/JRADB/accessS.html?CNAME=pw01sde1001202601050420260808%2F7F,4-13-2
単勝,PASS_HTML,500,3,2026-08-08,pw01sde1001202601050620260808,https://www.jra.go.jp/JRADB/accessS.html?CNAME=pw01sde1001202601050620260808%2FE9,12
複勝,PASS_HTML,140,3,2026-08-08,pw01sde1001202601050620260808,https://www.jra.go.jp/JRADB/accessS.html?CNAME=pw01sde1001202601050620260808%2FE9,12
複勝,PASS_HTML,130,1,2026-08-08,pw01sde1001202601050620260808,https://www.jra.go.jp/JRADB/accessS.html?CNAME=pw01sde1001202601050620260808%2FE9,11
複勝,PASS_HTML,130,2,2026-08-08,pw01sde1001202601050620260808,https://www.jra.go.jp/JRADB/accessS.html?CNAME=pw01sde1001202601050620260808%2FE9,4
枠連,PASS_HTML,830,4,2026-08-08,pw01sde1001202601050620260808,https://www.jra.go.jp/JRADB/accessS.html?CNAME=pw01sde1001202601050620260808%2FE9,6-6
ワイド,PASS_HTML,300,2,2026-08-08,pw01sde1001202601050620260808,https://www.jra.go.jp/JRADB/accessS.html?CNAME=pw01sde1001202601050620260808%2FE9,11-12
ワイド,PASS_HTML,460,4,2026-08-08,pw01sde1001202601050620260808,https://www.jra.go.jp/JRADB/accessS.html?CNAME=pw01sde1001202601050620260808%2FE9,4-12
ワイド,PASS_HTML,280,1,2026-08-08,pw01sde1001202601050620260808,https://www.jra.go.jp/JRADB/accessS.html?CNAME=pw01sde1001202601050620260808%2FE9,4-11
馬連,PASS_HTML,840,2,2026-08-08,pw01sde1001202601050620260808,https://www.jra.go.jp/JRADB/accessS.html?CNAME=pw01sde1001202601050620260808%2FE9,11-12
馬単,PASS_HTML,1820,4,2026-08-08,pw01sde1001202601050620260808,https://www.jra.go.jp/JRADB/accessS.html?CNAME=pw01sde1001202601050620260808%2FE9,12-11
3連複,PASS_HTML,1210,1,2026-08-08,pw01sde1001202601050620260808,https://www.jra.go.jp/JRADB/accessS.html?CNAME=pw01sde1001202601050620260808%2FE9,4-11-12
3連単,PASS_HTML,6930,7,2026-08-08,pw01sde1001202601050620260808,https://www.jra.go.jp/JRADB/accessS.html?CNAME=pw01sde1001202601050620260808%2FE9,12-11-4
単勝,QUARANTINED_HTML:track_condition,600,2,2026-08-08,pw01sde1001202601050920260808,https://www.jra.go.jp/JRADB/accessS.html?CNAME=pw01sde1001202601050920260808%2F08,14
複勝,QUARANTINED_HTML:track_condition,190,2,2026-08-08,pw01sde1001202601050920260808,https://www.jra.go.jp/JRADB/accessS.html?CNAME=pw01sde1001202601050920260808%2F08,14
複勝,QUARANTINED_HTML:track_condition,580,7,2026-08-08,pw01sde1001202601050920260808,https://www.jra.go.jp/JRADB/accessS.html?CNAME=pw01sde1001202601050920260808%2F08,10
複勝,QUARANTINED_HTML:track_condition,650,8,2026-08-08,pw01sde1001202601050920260808,https://www.jra.go.jp/JRADB/accessS.html?CNAME=pw01sde1001202601050920260808%2F08,12
枠連,QUARANTINED_HTML:track_condition,2670,10,2026-08-08,pw01sde1001202601050920260808,https://www.jra.go.jp/JRADB/accessS.html?CNAME=pw01sde1001202601050920260808%2F08,6-8
ワイド,QUARANTINED_HTML:track_condition,1540,17,2026-08-08,pw01sde1001202601050920260808,https://www.jra.go.jp/JRADB/accessS.html?CNAME=pw01sde1001202601050920260808%2F08,10-14
ワイド,QUARANTINED_HTML:track_condition,1240,13,2026-08-08,pw01sde1001202601050920260808,https://www.jra.go.jp/JRADB/accessS.html?CNAME=pw01sde1001202601050920260808%2F08,12-14
ワイド,QUARANTINED_HTML:track_condition,4260,40,2026-08-08,pw01sde1001202601050920260808,https://www.jra.go.jp/JRADB/accessS.html?CNAME=pw01sde1001202601050920260808%2F08,10-12
馬連,QUARANTINED_HTML:track_condition,5300,19,2026-08-08,pw01sde1001202601050920260808,https://www.jra.go.jp/JRADB/accessS.html?CNAME=pw01sde1001202601050920260808%2F08,10-14
馬単,QUARANTINED_HTML:track_condition,7210,23,2026-08-08,pw01sde1001202601050920260808,https://www.jra.go.jp/JRADB/accessS.html?CNAME=pw01sde1001202601050920260808%2F08,14-10
3連複,QUARANTINED_HTML:track_condition,20020,62,2026-08-08,pw01sde1001202601050920260808,https://www.jra.go.jp/JRADB/accessS.html?CNAME=pw01sde1001202601050920260808%2F08,10-12-14
3連単,QUARANTINED_HTML:track_condition,96430,278,2026-08-08,pw01sde1001202601050920260808,https://www.jra.go.jp/JRADB/accessS.html?CNAME=pw01sde1001202601050920260808%2F08,14-10-12
単勝,QUARANTINED_HTML:track_condition,680,4,2026-08-08,pw01sde1001202601050720260808,https://www.jra.go.jp/JRADB/accessS.html?CNAME=pw01sde1001202601050720260808%2F9E,6
複勝,QUARANTINED_HTML:track_condition,220,3,2026-08-08,pw01sde1001202601050720260808,https://www.jra.go.jp/JRADB/accessS.html?CNAME=pw01sde1001202601050720260808%2F9E,6
複勝,QUARANTINED_HTML:track_condition,860,10,2026-08-08,pw01sde1001202601050720260808,https://www.jra.go.jp/JRADB/accessS.html?CNAME=pw01sde1001202601050720260808%2F9E,5
複勝,QUARANTINED_HTML:track_condition,280,5,2026-08-08,pw01sde1001202601050720260808,https://www.jra.go.jp/JRADB/accessS.html?CNAME=pw01sde1001202601050720260808%2F9E,4
枠連,QUARANTINED_HTML:track_condition,9820,22,2026-08-08,pw01sde1001202601050720260808,https://www.jra.go.jp/JRADB/accessS.html?CNAME=pw01sde1001202601050720260808%2F9E,5-5
ワイド,QUARANTINED_HTML:track_condition,2250,29,2026-08-08,pw01sde1001202601050720260808,https://www.jra.go.jp/JRADB/accessS.html?CNAME=pw01sde1001202601050720260808%2F9E,5-6
ワイド,QUARANTINED_HTML:track_condition,900,9,2026-08-08,pw01sde1001202601050720260808,https://www.jra.go.jp/JRADB/accessS.html?CNAME=pw01sde1001202601050720260808%2F9E,4-6
ワイド,QUARANTINED_HTML:track_condition,2560,31,2026-08-08,pw01sde1001202601050720260808,https://www.jra.go.jp/JRADB/accessS.html?CNAME=pw01sde1001202601050720260808%2F9E,4-5
馬連,QUARANTINED_HTML:track_condition,7500,25,2026-08-08,pw01sde1001202601050720260808,https://www.jra.go.jp/JRADB/accessS.html?CNAME=pw01sde1001202601050720260808%2F9E,5-6
馬単,QUARANTINED_HTML:track_condition,11390,40,2026-08-08,pw01sde1001202601050720260808,https://www.jra.go.jp/JRADB/accessS.html?CNAME=pw01sde1001202601050720260808%2F9E,6-5
3連複,QUARANTINED_HTML:track_condition,15970,54,2026-08-08,pw01sde1001202601050720260808,https://www.jra.go.jp/JRADB/accessS.html?CNAME=pw01sde1001202601050720260808%2F9E,4-5-6
3連単,QUARANTINED_HTML:track_condition,106860,309,2026-08-08,pw01sde1001202601050720260808,https://www.jra.go.jp/JRADB/accessS.html?CNAME=pw01sde1001202601050720260808%2F9E,6-5-4
単勝,PASS_HTML,4020,13,2026-08-08,pw01sde1001202601050820260808,https://www.jra.go.jp/JRADB/accessS.html?CNAME=pw01sde1001202601050820260808%2F53,16
複勝,PASS_HTML,1120,12,2026-08-08,pw01sde1001202601050820260808,https://www.jra.go.jp/JRADB/accessS.html?CNAME=pw01sde1001202601050820260808%2F53,16
複勝,PASS_HTML,790,11,2026-08-08,pw01sde1001202601050820260808,https://www.jra.go.jp/JRADB/accessS.html?CNAME=pw01sde1001202601050820260808%2F53,1
複勝,PASS_HTML,570,8,2026-08-08,pw01sde1001202601050820260808,https://www.jra.go.jp/JRADB/accessS.html?CNAME=pw01sde1001202601050820260808%2F53,12
枠連,PASS_HTML,6280,26,2026-08-08,pw01sde1001202601050820260808,https://www.jra.go.jp/JRADB/accessS.html?CNAME=pw01sde1001202601050820260808%2F53,1-8
ワイド,PASS_HTML,11210,86,2026-08-08,pw01sde1001202601050820260808,https://www.jra.go.jp/JRADB/accessS.html?CNAME=pw01sde1001202601050820260808%2F53,1-16
ワイド,PASS_HTML,5160,58,2026-08-08,pw01sde1001202601050820260808,https://www.jra.go.jp/JRADB/accessS.html?CNAME=pw01sde1001202601050820260808%2F53,12-16
ワイド,PASS_HTML,4400,51,2026-08-08,pw01sde1001202601050820260808,https://www.jra.go.jp/JRADB/accessS.html?CNAME=pw01sde1001202601050820260808%2F53,1-12
馬連,PASS_HTML,47810,84,2026-08-08,pw01sde1001202601050820260808,https://www.jra.go.jp/JRADB/accessS.html?CNAME=pw01sde1001202601050820260808%2F53,1-16
馬単,PASS_HTML,85160,164,2026-08-08,pw01sde1001202601050820260808,https://www.jra.go.jp/JRADB/accessS.html?CNAME=pw01sde1001202601050820260808%2F53,16-1
3連複,PASS_HTML,131380,278,2026-08-08,pw01sde1001202601050820260808,https://www.jra.go.jp/JRADB/accessS.html?CNAME=pw01sde1001202601050820260808%2F53,1-12-16
3連単,PASS_HTML,980260,1796,2026-08-08,pw01sde1001202601050820260808,https://www.jra.go.jp/JRADB/accessS.html?CNAME=pw01sde1001202601050820260808%2F53,16-1-12
単勝,QUARANTINED_HTML:track_condition,500,3,2026-08-08,pw01sde1001202601051120260808,https://www.jra.go.jp/JRADB/accessS.html?CNAME=pw01sde1001202601051120260808%2FB2,3
複勝,QUARANTINED_HTML:track_condition,200,4,2026-08-08,pw01sde1001202601051120260808,https://www.jra.go.jp/JRADB/accessS.html?CNAME=pw01sde1001202601051120260808%2FB2,3
複勝,QUARANTINED_HTML:track_condition,190,3,2026-08-08,pw01sde1001202601051120260808,https://www.jra.go.jp/JRADB/accessS.html?CNAME=pw01sde1001202601051120260808%2FB2,11
複勝,QUARANTINED_HTML:track_condition,170,2,2026-08-08,pw01sde1001202601051120260808,https://www.jra.go.jp/JRADB/accessS.html?CNAME=pw01sde1001202601051120260808%2FB2,5
枠連,QUARANTINED_HTML:track_condition,1330,5,2026-08-08,pw01sde1001202601051120260808,https://www.jra.go.jp/JRADB/accessS.html?CNAME=pw01sde1001202601051120260808%2FB2,3-8
ワイド,QUARANTINED_HTML:track_condition,710,7,2026-08-08,pw01sde1001202601051120260808,https://www.jra.go.jp/JRADB/accessS.html?CNAME=pw01sde1001202601051120260808%2FB2,3-11
ワイド,QUARANTINED_HTML:track_condition,530,3,2026-08-08,pw01sde1001202601051120260808,https://www.jra.go.jp/JRADB/accessS.html?CNAME=pw01sde1001202601051120260808%2FB2,3-5
ワイド,QUARANTINED_HTML:track_condition,540,4,2026-08-08,pw01sde1001202601051120260808,https://www.jra.go.jp/JRADB/accessS.html?CNAME=pw01sde1001202601051120260808%2FB2,5-11
馬連,QUARANTINED_HTML:track_condition,2020,7,2026-08-08,pw01sde1001202601051120260808,https://www.jra.go.jp/JRADB/accessS.html?CNAME=pw01sde1001202601051120260808%2FB2,3-11
馬単,QUARANTINED_HTML:track_condition,3550,13,2026-08-08,pw01sde1001202601051120260808,https://www.jra.go.jp/JRADB/accessS.html?CNAME=pw01sde1001202601051120260808%2FB2,3-11
3連複,QUARANTINED_HTML:track_condition,2950,6,2026-08-08,pw01sde1001202601051120260808,https://www.jra.go.jp/JRADB/accessS.html?CNAME=pw01sde1001202601051120260808%2FB2,3-5-11
3連単,QUARANTINED_HTML:track_condition,19010,46,2026-08-08,pw01sde1001202601051120260808,https://www.jra.go.jp/JRADB/accessS.html?CNAME=pw01sde1001202601051120260808%2FB2,3-11-5
単勝,PASS_HTML,620,3,2026-08-08,pw01sde1001202601051220260808,https://www.jra.go.jp/JRADB/accessS.html?CNAME=pw01sde1001202601051220260808%2F67,10
複勝,PASS_HTML,170,3,2026-08-08,pw01sde1001202601051220260808,https://www.jra.go.jp/JRADB/accessS.html?CNAME=pw01sde1001202601051220260808%2F67,10
複勝,PASS_HTML,140,1,2026-08-08,pw01sde1001202601051220260808,https://www.jra.go.jp/JRADB/accessS.html?CNAME=pw01sde1001202601051220260808%2F67,11
複勝,PASS_HTML,170,2,2026-08-08,pw01sde1001202601051220260808,https://www.jra.go.jp/JRADB/accessS.html?CNAME=pw01sde1001202601051220260808%2F67,9
枠連,PASS_HTML,910,3,2026-08-08,pw01sde1001202601051220260808,https://www.jra.go.jp/JRADB/accessS.html?CNAME=pw01sde1001202601051220260808%2F67,7-7
ワイド,PASS_HTML,340,1,2026-08-08,pw01sde1001202601051220260808,https://www.jra.go.jp/JRADB/accessS.html?CNAME=pw01sde1001202601051220260808%2F67,10-11
ワイド,PASS_HTML,820,9,2026-08-08,pw01sde1001202601051220260808,https://www.jra.go.jp/JRADB/accessS.html?CNAME=pw01sde1001202601051220260808%2F67,9-10
ワイド,PASS_HTML,350,2,2026-08-08,pw01sde1001202601051220260808,https://www.jra.go.jp/JRADB/accessS.html?CNAME=pw01sde1001202601051220260808%2F67,9-11
馬連,PASS_HTML,860,2,2026-08-08,pw01sde1001202601051220260808,https://www.jra.go.jp/JRADB/accessS.html?CNAME=pw01sde1001202601051220260808%2F67,10-11
馬単,PASS_HTML,2140,4,2026-08-08,pw01sde1001202601051220260808,https://www.jra.go.jp/JRADB/accessS.html?CNAME=pw01sde1001202601051220260808%2F67,10-11
3連複,PASS_HTML,1850,1,2026-08-08,pw01sde1001202601051220260808,https://www.jra.go.jp/JRADB/accessS.html?CNAME=pw01sde1001202601051220260808%2F67,9-10-11
3連単,PASS_HTML,12190,17,2026-08-08,pw01sde1001202601051220260808,https://www.jra.go.jp/JRADB/accessS.html?CNAME=pw01sde1001202601051220260808%2F67,10-11-9
単勝,PASS_HTML,250,1,2026-08-08,pw01sde1001202601051020260808,https://www.jra.go.jp/JRADB/accessS.html?CNAME=pw01sde1001202601051020260808%2FFD,8
複勝,PASS_HTML,140,1,2026-08-08,pw01sde1001202601051020260808,https://www.jra.go.jp/JRADB/accessS.html?CNAME=pw01sde1001202601051020260808%2FFD,8
複勝,PASS_HTML,210,5,2026-08-08,pw01sde1001202601051020260808,https://www.jra.go.jp/JRADB/accessS.html?CNAME=pw01sde1001202601051020260808%2FFD,5
複勝,PASS_HTML,360,7,2026-08-08,pw01sde1001202601051020260808,https://www.jra.go.jp/JRADB/accessS.html?CNAME=pw01sde1001202601051020260808%2FFD,3
ワイド,PASS_HTML,440,7,2026-08-08,pw01sde1001202601051020260808,https://www.jra.go.jp/JRADB/accessS.html?CNAME=pw01sde1001202601051020260808%2FFD,5-8
ワイド,PASS_HTML,800,12,2026-08-08,pw01sde1001202601051020260808,https://www.jra.go.jp/JRADB/accessS.html?CNAME=pw01sde1001202601051020260808%2FFD,3-8
ワイド,PASS_HTML,1120,19,2026-08-08,pw01sde1001202601051020260808,https://www.jra.go.jp/JRADB/accessS.html?CNAME=pw01sde1001202601051020260808%2FFD,3-5
馬連,PASS_HTML,1060,4,2026-08-08,pw01sde1001202601051020260808,https://www.jra.go.jp/JRADB/accessS.html?CNAME=pw01sde1001202601051020260808%2FFD,5-8
馬単,PASS_HTML,1680,7,2026-08-08,pw01sde1001202601051020260808,https://www.jra.go.jp/JRADB/accessS.html?CNAME=pw01sde1001202601051020260808%2FFD,8-5
3連複,PASS_HTML,4810,21,2026-08-08,pw01sde1001202601051020260808,https://www.jra.go.jp/JRADB/accessS.html?CNAME=pw01sde1001202601051020260808%2FFD,3-5-8
3連単,PASS_HTML,16380,68,2026-08-08,pw01sde1001202601051020260808,https://www.jra.go.jp/JRADB/accessS.html?CNAME=pw01sde1001202601051020260808%2FFD,8-5-3
単勝,QUARANTINED_HTML:track_condition,210,1,2026-08-09,pw01sde1001202601060220260809,https://www.jra.go.jp/JRADB/accessS.html?CNAME=pw01sde1001202601060220260809%2F45,5
複勝,QUARANTINED_HTML:track_condition,110,1,2026-08-09,pw01sde1001202601060220260809,https://www.jra.go.jp/JRADB/accessS.html?CNAME=pw01sde1001202601060220260809%2F45,5
複勝,QUARANTINED_HTML:track_condition,120,2,2026-08-09,pw01sde1001202601060220260809,https://www.jra.go.jp/JRADB/accessS.html?CNAME=pw01sde1001202601060220260809%2F45,9
複勝,QUARANTINED_HTML:track_condition,180,4,2026-08-09,pw01sde1001202601060220260809,https://www.jra.go.jp/JRADB/accessS.html?CNAME=pw01sde1001202601060220260809%2F45,1
枠連,QUARANTINED_HTML:track_condition,290,1,2026-08-09,pw01sde1001202601060220260809,https://www.jra.go.jp/JRADB/accessS.html?CNAME=pw01sde1001202601060220260809%2F45,5-7
ワイド,QUARANTINED_HTML:track_condition,190,2,2026-08-09,pw01sde1001202601060220260809,https://www.jra.go.jp/JRADB/accessS.html?CNAME=pw01sde1001202601060220260809%2F45,5-9
ワイド,QUARANTINED_HTML:track_condition,340,5,2026-08-09,pw01sde1001202601060220260809,https://www.jra.go.jp/JRADB/accessS.html?CNAME=pw01sde1001202601060220260809%2F45,1-5
ワイド,QUARANTINED_HTML:track_condition,560,7,2026-08-09,pw01sde1001202601060220260809,https://www.jra.go.jp/JRADB/accessS.html?CNAME=pw01sde1001202601060220260809%2F45,1-9
馬連,QUARANTINED_HTML:track_condition,350,1,2026-08-09,pw01sde1001202601060220260809,https://www.jra.go.jp/JRADB/accessS.html?CNAME=pw01sde1001202601060220260809%2F45,5-9
馬単,QUARANTINED_HTML:track_condition,630,1,2026-08-09,pw01sde1001202601060220260809,https://www.jra.go.jp/JRADB/accessS.html?CNAME=pw01sde1001202601060220260809%2F45,5-9
3連複,QUARANTINED_HTML:track_condition,980,4,2026-08-09,pw01sde1001202601060220260809,https://www.jra.go.jp/JRADB/accessS.html?CNAME=pw01sde1001202601060220260809%2F45,1-5-9
3連単,QUARANTINED_HTML:track_condition,2590,7,2026-08-09,pw01sde1001202601060220260809,https://www.jra.go.jp/JRADB/accessS.html?CNAME=pw01sde1001202601060220260809%2F45,5-9-1
単勝,PASS_HTML,420,2,2026-08-09,pw01sde1001202601060320260809,https://www.jra.go.jp/JRADB/accessS.html?CNAME=pw01sde1001202601060320260809%2FFA,4
複勝,PASS_HTML,160,3,2026-08-09,pw01sde1001202601060320260809,https://www.jra.go.jp/JRADB/accessS.html?CNAME=pw01sde1001202601060320260809%2FFA,4
複勝,PASS_HTML,150,1,2026-08-09,pw01sde1001202601060320260809,https://www.jra.go.jp/JRADB/accessS.html?CNAME=pw01sde1001202601060320260809%2FFA,10
複勝,PASS_HTML,270,6,2026-08-09,pw01sde1001202601060320260809,https://www.jra.go.jp/JRADB/accessS.html?CNAME=pw01sde1001202601060320260809%2FFA,9
枠連,PASS_HTML,630,1,2026-08-09,pw01sde1001202601060320260809,https://www.jra.go.jp/JRADB/accessS.html?CNAME=pw01sde1001202601060320260809%2FFA,4-8
ワイド,PASS_HTML,380,2,2026-08-09,pw01sde1001202601060320260809,https://www.jra.go.jp/JRADB/accessS.html?CNAME=pw01sde1001202601060320260809%2FFA,4-10
ワイド,PASS_HTML,850,13,2026-08-09,pw01sde1001202601060320260809,https://www.jra.go.jp/JRADB/accessS.html?CNAME=pw01sde1001202601060320260809%2FFA,4-9
ワイド,PASS_HTML,940,15,2026-08-09,pw01sde1001202601060320260809,https://www.jra.go.jp/JRADB/accessS.html?CNAME=pw01sde1001202601060320260809%2FFA,9-10
馬連,PASS_HTML,830,2,2026-08-09,pw01sde1001202601060320260809,https://www.jra.go.jp/JRADB/accessS.html?CNAME=pw01sde1001202601060320260809%2FFA,4-10
馬単,PASS_HTML,1660,4,2026-08-09,pw01sde1001202601060320260809,https://www.jra.go.jp/JRADB/accessS.html?CNAME=pw01sde1001202601060320260809%2FFA,4-10
3連複,PASS_HTML,3240,10,2026-08-09,pw01sde1001202601060320260809,https://www.jra.go.jp/JRADB/accessS.html?CNAME=pw01sde1001202601060320260809%2FFA,4-9-10
3連単,PASS_HTML,16510,50,2026-08-09,pw01sde1001202601060320260809,https://www.jra.go.jp/JRADB/accessS.html?CNAME=pw01sde1001202601060320260809%2FFA,4-10-9
単勝,QUARANTINED_HTML:track_condition,340,1,2026-08-09,pw01sde1001202601060420260809,https://www.jra.go.jp/JRADB/accessS.html?CNAME=pw01sde1001202601060420260809%2FAF,10
複勝,QUARANTINED_HTML:track_condition,150,1,2026-08-09,pw01sde1001202601060420260809,https://www.jra.go.jp/JRADB/accessS.html?CNAME=pw01sde1001202601060420260809%2FAF,10
複勝,QUARANTINED_HTML:track_condition,210,4,2026-08-09,pw01sde1001202601060420260809,https://www.jra.go.jp/JRADB/accessS.html?CNAME=pw01sde1001202601060420260809%2FAF,6
複勝,QUARANTINED_HTML:track_condition,350,7,2026-08-09,pw01sde1001202601060420260809,https://www.jra.go.jp/JRADB/accessS.html?CNAME=pw01sde1001202601060420260809%2FAF,5
枠連,QUARANTINED_HTML:track_condition,420,1,2026-08-09,pw01sde1001202601060420260809,https://www.jra.go.jp/JRADB/accessS.html?CNAME=pw01sde1001202601060420260809%2FAF,4-6
ワイド,QUARANTINED_HTML:track_condition,390,2,2026-08-09,pw01sde1001202601060420260809,https://www.jra.go.jp/JRADB/accessS.html?CNAME=pw01sde1001202601060420260809%2FAF,6-10
ワイド,QUARANTINED_HTML:track_condition,1240,17,2026-08-09,pw01sde1001202601060420260809,https://www.jra.go.jp/JRADB/accessS.html?CNAME=pw01sde1001202601060420260809%2FAF,5-10
ワイド,QUARANTINED_HTML:track_condition,1170,16,2026-08-09,pw01sde1001202601060420260809,https://www.jra.go.jp/JRADB/accessS.html?CNAME=pw01sde1001202601060420260809%2FAF,5-6
馬連,QUARANTINED_HTML:track_condition,920,2,2026-08-09,pw01sde1001202601060420260809,https://www.jra.go.jp/JRADB/accessS.html?CNAME=pw01sde1001202601060420260809%2FAF,6-10
馬単,QUARANTINED_HTML:track_condition,1740,3,2026-08-09,pw01sde1001202601060420260809,https://www.jra.go.jp/JRADB/accessS.html?CNAME=pw01sde1001202601060420260809%2FAF,10-6
3連複,QUARANTINED_HTML:track_condition,5250,17,2026-08-09,pw01sde1001202601060420260809,https://www.jra.go.jp/JRADB/accessS.html?CNAME=pw01sde1001202601060420260809%2FAF,5-6-10
3連単,QUARANTINED_HTML:track_condition,21780,72,2026-08-09,pw01sde1001202601060420260809,https://www.jra.go.jp/JRADB/accessS.html?CNAME=pw01sde1001202601060420260809%2FAF,10-6-5
単勝,PASS_HTML,240,1,2026-08-09,pw01sde1001202601060520260809,https://www.jra.go.jp/JRADB/accessS.html?CNAME=pw01sde1001202601060520260809%2F64,11
複勝,PASS_HTML,120,1,2026-08-09,pw01sde1001202601060520260809,https://www.jra.go.jp/JRADB/accessS.html?CNAME=pw01sde1001202601060520260809%2F64,11
複勝,PASS_HTML,150,3,2026-08-09,pw01sde1001202601060520260809,https://www.jra.go.jp/JRADB/accessS.html?CNAME=pw01sde1001202601060520260809%2F64,13
複勝,PASS_HTML,400,8,2026-08-09,pw01sde1001202601060520260809,https://www.jra.go.jp/JRADB/accessS.html?CNAME=pw01sde1001202601060520260809%2F64,10
枠連,PASS_HTML,240,1,2026-08-09,pw01sde1001202601060520260809,https://www.jra.go.jp/JRADB/accessS.html?CNAME=pw01sde1001202601060520260809%2F64,7-8
ワイド,PASS_HTML,290,2,2026-08-09,pw01sde1001202601060520260809,https://www.jra.go.jp/JRADB/accessS.html?CNAME=pw01sde1001202601060520260809%2F64,11-13
ワイド,PASS_HTML,1040,11,2026-08-09,pw01sde1001202601060520260809,https://www.jra.go.jp/JRADB/accessS.html?CNAME=pw01sde1001202601060520260809%2F64,10-11
ワイド,PASS_HTML,1140,17,2026-08-09,pw01sde1001202601060520260809,https://www.jra.go.jp/JRADB/accessS.html?CNAME=pw01sde1001202601060520260809%2F64,10-13
馬連,PASS_HTML,570,2,2026-08-09,pw01sde1001202601060520260809,https://www.jra.go.jp/JRADB/accessS.html?CNAME=pw01sde1001202601060520260809%2F64,11-13
馬単,PASS_HTML,1080,4,2026-08-09,pw01sde1001202601060520260809,https://www.jra.go.jp/JRADB/accessS.html?CNAME=pw01sde1001202601060520260809%2F64,11-13
3連複,PASS_HTML,4030,13,2026-08-09,pw01sde1001202601060520260809,https://www.jra.go.jp/JRADB/accessS.html?CNAME=pw01sde1001202601060520260809%2F64,10-11-13
3連単,PASS_HTML,11930,30,2026-08-09,pw01sde1001202601060520260809,https://www.jra.go.jp/JRADB/accessS.html?CNAME=pw01sde1001202601060520260809%2F64,11-13-10
単勝,PASS_HTML,440,2,2026-08-09,pw01sde1001202601060620260809,https://www.jra.go.jp/JRADB/accessS.html?CNAME=pw01sde1001202601060620260809%2F19,11
複勝,PASS_HTML,170,2,2026-08-09,pw01sde1001202601060620260809,https://www.jra.go.jp/JRADB/accessS.html?CNAME=pw01sde1001202601060620260809%2F19,11
複勝,PASS_HTML,240,4,2026-08-09,pw01sde1001202601060620260809,https://www.jra.go.jp/JRADB/accessS.html?CNAME=pw01sde1001202601060620260809%2F19,10
複勝,PASS_HTML,260,5,2026-08-09,pw01sde1001202601060620260809,https://www.jra.go.jp/JRADB/accessS.html?CNAME=pw01sde1001202601060620260809%2F19,5
枠連,PASS_HTML,720,2,2026-08-09,pw01sde1001202601060620260809,https://www.jra.go.jp/JRADB/accessS.html?CNAME=pw01sde1001202601060620260809%2F19,6-7
ワイド,PASS_HTML,520,4,2026-08-09,pw01sde1001202601060620260809,https://www.jra.go.jp/JRADB/accessS.html?CNAME=pw01sde1001202601060620260809%2F19,10-11
ワイド,PASS_HTML,790,9,2026-08-09,pw01sde1001202601060620260809,https://www.jra.go.jp/JRADB/accessS.html?CNAME=pw01sde1001202601060620260809%2F19,5-11
ワイド,PASS_HTML,1030,14,2026-08-09,pw01sde1001202601060620260809,https://www.jra.go.jp/JRADB/accessS.html?CNAME=pw01sde1001202601060620260809%2F19,5-10
馬連,PASS_HTML,1530,4,2026-08-09,pw01sde1001202601060620260809,https://www.jra.go.jp/JRADB/accessS.html?CNAME=pw01sde1001202601060620260809%2F19,10-11
馬単,PASS_HTML,2840,8,2026-08-09,pw01sde1001202601060620260809,https://www.jra.go.jp/JRADB/accessS.html?CNAME=pw01sde1001202601060620260809%2F19,11-10
3連複,PASS_HTML,4560,16,2026-08-09,pw01sde1001202601060620260809,https://www.jra.go.jp/JRADB/accessS.html?CNAME=pw01sde1001202601060620260809%2F19,5-10-11
3連単,PASS_HTML,19280,53,2026-08-09,pw01sde1001202601060620260809,https://www.jra.go.jp/JRADB/accessS.html?CNAME=pw01sde1001202601060620260809%2F19,11-10-5
単勝,PASS_HTML,180,1,2026-08-09,pw01sde1001202601060720260809,https://www.jra.go.jp/JRADB/accessS.html?CNAME=pw01sde1001202601060720260809%2FCE,4
複勝,PASS_HTML,110,1,2026-08-09,pw01sde1001202601060720260809,https://www.jra.go.jp/JRADB/accessS.html?CNAME=pw01sde1001202601060720260809%2FCE,4
複勝,PASS_HTML,140,2,2026-08-09,pw01sde1001202601060720260809,https://www.jra.go.jp/JRADB/accessS.html?CNAME=pw01sde1001202601060720260809%2FCE,3
複勝,PASS_HTML,180,3,2026-08-09,pw01sde1001202601060720260809,https://www.jra.go.jp/JRADB/accessS.html?CNAME=pw01sde1001202601060720260809%2FCE,7
枠連,PASS_HTML,500,2,2026-08-09,pw01sde1001202601060720260809,https://www.jra.go.jp/JRADB/accessS.html?CNAME=pw01sde1001202601060720260809%2FCE,2-2
ワイド,PASS_HTML,250,1,2026-08-09,pw01sde1001202601060720260809,https://www.jra.go.jp/JRADB/accessS.html?CNAME=pw01sde1001202601060720260809%2FCE,3-4
ワイド,PASS_HTML,270,2,2026-08-09,pw01sde1001202601060720260809,https://www.jra.go.jp/JRADB/accessS.html?CNAME=pw01sde1001202601060720260809%2FCE,4-7
ワイド,PASS_HTML,630,7,2026-08-09,pw01sde1001202601060720260809,https://www.jra.go.jp/JRADB/accessS.html?CNAME=pw01sde1001202601060720260809%2FCE,3-7
馬連,PASS_HTML,550,1,2026-08-09,pw01sde1001202601060720260809,https://www.jra.go.jp/JRADB/accessS.html?CNAME=pw01sde1001202601060720260809%2FCE,3-4
馬単,PASS_HTML,770,1,2026-08-09,pw01sde1001202601060720260809,https://www.jra.go.jp/JRADB/accessS.html?CNAME=pw01sde1001202601060720260809%2FCE,4-3
3連複,PASS_HTML,1030,1,2026-08-09,pw01sde1001202601060720260809,https://www.jra.go.jp/JRADB/accessS.html?CNAME=pw01sde1001202601060720260809%2FCE,3-4-7
3連単,PASS_HTML,2630,1,2026-08-09,pw01sde1001202601060720260809,https://www.jra.go.jp/JRADB/accessS.html?CNAME=pw01sde1001202601060720260809%2FCE,4-3-7
単勝,PASS_HTML,980,5,2026-08-09,pw01sde1001202601060920260809,https://www.jra.go.jp/JRADB/accessS.html?CNAME=pw01sde1001202601060920260809%2F38,10
複勝,PASS_HTML,230,4,2026-08-09,pw01sde1001202601060920260809,https://www.jra.go.jp/JRADB/accessS.html?CNAME=pw01sde1001202601060920260809%2F38,10
複勝,PASS_HTML,180,2,2026-08-09,pw01sde1001202601060920260809,https://www.jra.go.jp/JRADB/accessS.html?CNAME=pw01sde1001202601060920260809%2F38,11
複勝,PASS_HTML,310,5,2026-08-09,pw01sde1001202601060920260809,https://www.jra.go.jp/JRADB/accessS.html?CNAME=pw01sde1001202601060920260809%2F38,1
枠連,PASS_HTML,1680,8,2026-08-09,pw01sde1001202601060920260809,https://www.jra.go.jp/JRADB/accessS.html?CNAME=pw01sde1001202601060920260809%2F38,5-6
ワイド,PASS_HTML,710,7,2026-08-09,pw01sde1001202601060920260809,https://www.jra.go.jp/JRADB/accessS.html?CNAME=pw01sde1001202601060920260809%2F38,10-11
ワイド,PASS_HTML,1500,17,2026-08-09,pw01sde1001202601060920260809,https://www.jra.go.jp/JRADB/accessS.html?CNAME=pw01sde1001202601060920260809%2F38,1-10
ワイド,PASS_HTML,980,9,2026-08-09,pw01sde1001202601060920260809,https://www.jra.go.jp/JRADB/accessS.html?CNAME=pw01sde1001202601060920260809%2F38,1-11
馬連,PASS_HTML,1930,6,2026-08-09,pw01sde1001202601060920260809,https://www.jra.go.jp/JRADB/accessS.html?CNAME=pw01sde1001202601060920260809%2F38,10-11
馬単,PASS_HTML,5060,19,2026-08-09,pw01sde1001202601060920260809,https://www.jra.go.jp/JRADB/accessS.html?CNAME=pw01sde1001202601060920260809%2F38,10-11
3連複,PASS_HTML,6100,17,2026-08-09,pw01sde1001202601060920260809,https://www.jra.go.jp/JRADB/accessS.html?CNAME=pw01sde1001202601060920260809%2F38,1-10-11
3連単,PASS_HTML,44170,126,2026-08-09,pw01sde1001202601060920260809,https://www.jra.go.jp/JRADB/accessS.html?CNAME=pw01sde1001202601060920260809%2F38,10-11-1
単勝,QUARANTINED_HTML:track_condition,440,2,2026-08-09,pw01sde1001202601060820260809,https://www.jra.go.jp/JRADB/accessS.html?CNAME=pw01sde1001202601060820260809%2F83,12
複勝,QUARANTINED_HTML:track_condition,150,1,2026-08-09,pw01sde1001202601060820260809,https://www.jra.go.jp/JRADB/accessS.html?CNAME=pw01sde1001202601060820260809%2F83,12
複勝,QUARANTINED_HTML:track_condition,200,4,2026-08-09,pw01sde1001202601060820260809,https://www.jra.go.jp/JRADB/accessS.html?CNAME=pw01sde1001202601060820260809%2F83,5
複勝,QUARANTINED_HTML:track_condition,210,5,2026-08-09,pw01sde1001202601060820260809,https://www.jra.go.jp/JRADB/accessS.html?CNAME=pw01sde1001202601060820260809%2F83,8
枠連,QUARANTINED_HTML:track_condition,590,2,2026-08-09,pw01sde1001202601060820260809,https://www.jra.go.jp/JRADB/accessS.html?CNAME=pw01sde1001202601060820260809%2F83,4-7
ワイド,QUARANTINED_HTML:track_condition,540,5,2026-08-09,pw01sde1001202601060820260809,https://www.jra.go.jp/JRADB/accessS.html?CNAME=pw01sde1001202601060820260809%2F83,5-12
ワイド,QUARANTINED_HTML:track_condition,600,7,2026-08-09,pw01sde1001202601060820260809,https://www.jra.go.jp/JRADB/accessS.html?CNAME=pw01sde1001202601060820260809%2F83,8-12
ワイド,QUARANTINED_HTML:track_condition,830,11,2026-08-09,pw01sde1001202601060820260809,https://www.jra.go.jp/JRADB/accessS.html?CNAME=pw01sde1001202601060820260809%2F83,5-8
馬連,QUARANTINED_HTML:track_condition,1420,5,2026-08-09,pw01sde1001202601060820260809,https://www.jra.go.jp/JRADB/accessS.html?CNAME=pw01sde1001202601060820260809%2F83,5-12
馬単,QUARANTINED_HTML:track_condition,2840,9,2026-08-09,pw01sde1001202601060820260809,https://www.jra.go.jp/JRADB/accessS.html?CNAME=pw01sde1001202601060820260809%2F83,12-5
3連複,QUARANTINED_HTML:track_condition,3830,13,2026-08-09,pw01sde1001202601060820260809,https://www.jra.go.jp/JRADB/accessS.html?CNAME=pw01sde1001202601060820260809%2F83,5-8-12
3連単,QUARANTINED_HTML:track_condition,17650,50,2026-08-09,pw01sde1001202601060820260809,https://www.jra.go.jp/JRADB/accessS.html?CNAME=pw01sde1001202601060820260809%2F83,12-5-8
単勝,QUARANTINED_HTML:track_condition,1220,4,2026-08-09,pw01sde1001202601061020260809,https://www.jra.go.jp/JRADB/accessS.html?CNAME=pw01sde1001202601061020260809%2F2D,3
複勝,QUARANTINED_HTML:track_condition,220,5,2026-08-09,pw01sde1001202601061020260809,https://www.jra.go.jp/JRADB/accessS.html?CNAME=pw01sde1001202601061020260809%2F2D,3
複勝,QUARANTINED_HTML:track_condition,110,1,2026-08-09,pw01sde1001202601061020260809,https://www.jra.go.jp/JRADB/accessS.html?CNAME=pw01sde1001202601061020260809%2F2D,13
複勝,QUARANTINED_HTML:track_condition,110,2,2026-08-09,pw01sde1001202601061020260809,https://www.jra.go.jp/JRADB/accessS.html?CNAME=pw01sde1001202601061020260809%2F2D,8
枠連,QUARANTINED_HTML:track_condition,840,3,2026-08-09,pw01sde1001202601061020260809,https://www.jra.go.jp/JRADB/accessS.html?CNAME=pw01sde1001202601061020260809%2F2D,3-8
ワイド,QUARANTINED_HTML:track_condition,430,4,2026-08-09,pw01sde1001202601061020260809,https://www.jra.go.jp/JRADB/accessS.html?CNAME=pw01sde1001202601061020260809%2F2D,3-13
ワイド,QUARANTINED_HTML:track_condition,470,6,2026-08-09,pw01sde1001202601061020260809,https://www.jra.go.jp/JRADB/accessS.html?CNAME=pw01sde1001202601061020260809%2F2D,3-8
ワイド,QUARANTINED_HTML:track_condition,150,1,2026-08-09,pw01sde1001202601061020260809,https://www.jra.go.jp/JRADB/accessS.html?CNAME=pw01sde1001202601061020260809%2F2D,8-13
馬連,QUARANTINED_HTML:track_condition,1120,4,2026-08-09,pw01sde1001202601061020260809,https://www.jra.go.jp/JRADB/accessS.html?CNAME=pw01sde1001202601061020260809%2F2D,3-13
馬単,QUARANTINED_HTML:track_condition,2970,7,2026-08-09,pw01sde1001202601061020260809,https://www.jra.go.jp/JRADB/accessS.html?CNAME=pw01sde1001202601061020260809%2F2D,3-13
3連複,QUARANTINED_HTML:track_condition,820,2,2026-08-09,pw01sde1001202601061020260809,https://www.jra.go.jp/JRADB/accessS.html?CNAME=pw01sde1001202601061020260809%2F2D,3-8-13
3連単,QUARANTINED_HTML:track_condition,8690,24,2026-08-09,pw01sde1001202601061020260809,https://www.jra.go.jp/JRADB/accessS.html?CNAME=pw01sde1001202601061020260809%2F2D,3-13-8
単勝,PASS_HTML,190,1,2026-08-08,pw01sde1004202602050120260808,https://www.jra.go.jp/JRADB/accessS.html?CNAME=pw01sde1004202602050120260808%2F6F,13
複勝,PASS_HTML,110,1,2026-08-08,pw01sde1004202602050120260808,https://www.jra.go.jp/JRADB/accessS.html?CNAME=pw01sde1004202602050120260808%2F6F,13
複勝,PASS_HTML,270,5,2026-08-08,pw01sde1004202602050120260808,https://www.jra.go.jp/JRADB/accessS.html?CNAME=pw01sde1004202602050120260808%2F6F,8
複勝,PASS_HTML,390,7,2026-08-08,pw01sde1004202602050120260808,https://www.jra.go.jp/JRADB/accessS.html?CNAME=pw01sde1004202602050120260808%2F6F,2
枠連,PASS_HTML,790,4,2026-08-08,pw01sde1004202602050120260808,https://www.jra.go.jp/JRADB/accessS.html?CNAME=pw01sde1004202602050120260808%2F6F,6-8
ワイド,PASS_HTML,470,4,2026-08-08,pw01sde1004202602050120260808,https://www.jra.go.jp/JRADB/accessS.html?CNAME=pw01sde1004202602050120260808%2F6F,8-13
ワイド,PASS_HTML,670,6,2026-08-08,pw01sde1004202602050120260808,https://www.jra.go.jp/JRADB/accessS.html?CNAME=pw01sde1004202602050120260808%2F6F,2-13
ワイド,PASS_HTML,1990,24,2026-08-08,pw01sde1004202602050120260808,https://www.jra.go.jp/JRADB/accessS.html?CNAME=pw01sde1004202602050120260808%2F6F,2-8
馬連,PASS_HTML,1070,4,2026-08-08,pw01sde1004202602050120260808,https://www.jra.go.jp/JRADB/accessS.html?CNAME=pw01sde1004202602050120260808%2F6F,8-13
馬単,PASS_HTML,1450,4,2026-08-08,pw01sde1004202602050120260808,https://www.jra.go.jp/JRADB/accessS.html?CNAME=pw01sde1004202602050120260808%2F6F,13-8
3連複,PASS_HTML,4520,14,2026-08-08,pw01sde1004202602050120260808,https://www.jra.go.jp/JRADB/accessS.html?CNAME=pw01sde1004202602050120260808%2F6F,2-8-13
3連単,PASS_HTML,12520,36,2026-08-08,pw01sde1004202602050120260808,https://www.jra.go.jp/JRADB/accessS.html?CNAME=pw01sde1004202602050120260808%2F6F,13-8-2
単勝,PASS_HTML,360,1,2026-08-09,pw01sde1001202601061120260809,https://www.jra.go.jp/JRADB/accessS.html?CNAME=pw01sde1001202601061120260809%2FE2,10
複勝,PASS_HTML,170,1,2026-08-09,pw01sde1001202601061120260809,https://www.jra.go.jp/JRADB/accessS.html?CNAME=pw01sde1001202601061120260809%2FE2,10
複勝,PASS_HTML,190,3,2026-08-09,pw01sde1001202601061120260809,https://www.jra.go.jp/JRADB/accessS.html?CNAME=pw01sde1001202601061120260809%2FE2,13
複勝,PASS_HTML,450,8,2026-08-09,pw01sde1001202601061120260809,https://www.jra.go.jp/JRADB/accessS.html?CNAME=pw01sde1001202601061120260809%2FE2,2
枠連,PASS_HTML,510,1,2026-08-09,pw01sde1001202601061120260809,https://www.jra.go.jp/JRADB/accessS.html?CNAME=pw01sde1001202601061120260809%2FE2,5-7
ワイド,PASS_HTML,440,2,2026-08-09,pw01sde1001202601061120260809,https://www.jra.go.jp/JRADB/accessS.html?CNAME=pw01sde1001202601061120260809%2FE2,10-13
ワイド,PASS_HTML,1010,9,2026-08-09,pw01sde1001202601061120260809,https://www.jra.go.jp/JRADB/accessS.html?CNAME=pw01sde1001202601061120260809%2FE2,2-10
ワイド,PASS_HTML,1580,18,2026-08-09,pw01sde1001202601061120260809,https://www.jra.go.jp/JRADB/accessS.html?CNAME=pw01sde1001202601061120260809%2FE2,2-13
馬連,PASS_HTML,940,2,2026-08-09,pw01sde1001202601061120260809,https://www.jra.go.jp/JRADB/accessS.html?CNAME=pw01sde1001202601061120260809%2FE2,10-13
馬単,PASS_HTML,1800,1,2026-08-09,pw01sde1001202601061120260809,https://www.jra.go.jp/JRADB/accessS.html?CNAME=pw01sde1001202601061120260809%2FE2,10-13
3連複,PASS_HTML,4590,9,2026-08-09,pw01sde1001202601061120260809,https://www.jra.go.jp/JRADB/accessS.html?CNAME=pw01sde1001202601061120260809%2FE2,2-10-13
3連単,PASS_HTML,19480,36,2026-08-09,pw01sde1001202601061120260809,https://www.jra.go.jp/JRADB/accessS.html?CNAME=pw01sde1001202601061120260809%2FE2,10-13-2
単勝,PASS_HTML,780,4,2026-08-09,pw01sde1001202601061220260809,https://www.jra.go.jp/JRADB/accessS.html?CNAME=pw01sde1001202601061220260809%2F97,4
複勝,PASS_HTML,190,3,2026-08-09,pw01sde1001202601061220260809,https://www.jra.go.jp/JRADB/accessS.html?CNAME=pw01sde1001202601061220260809%2F97,4
複勝,PASS_HTML,250,5,2026-08-09,pw01sde1001202601061220260809,https://www.jra.go.jp/JRADB/accessS.html?CNAME=pw01sde1001202601061220260809%2F97,5
複勝,PASS_HTML,170,2,2026-08-09,pw01sde1001202601061220260809,https://www.jra.go.jp/JRADB/accessS.html?CNAME=pw01sde1001202601061220260809%2F97,1
ワイド,PASS_HTML,500,9,2026-08-09,pw01sde1001202601061220260809,https://www.jra.go.jp/JRADB/accessS.html?CNAME=pw01sde1001202601061220260809%2F97,4-5
ワイド,PASS_HTML,410,5,2026-08-09,pw01sde1001202601061220260809,https://www.jra.go.jp/JRADB/accessS.html?CNAME=pw01sde1001202601061220260809%2F97,1-4
ワイド,PASS_HTML,500,8,2026-08-09,pw01sde1001202601061220260809,https://www.jra.go.jp/JRADB/accessS.html?CNAME=pw01sde1001202601061220260809%2F97,1-5
馬連,PASS_HTML,2270,11,2026-08-09,pw01sde1001202601061220260809,https://www.jra.go.jp/JRADB/accessS.html?CNAME=pw01sde1001202601061220260809%2F97,4-5
馬単,PASS_HTML,4960,20,2026-08-09,pw01sde1001202601061220260809,https://www.jra.go.jp/JRADB/accessS.html?CNAME=pw01sde1001202601061220260809%2F97,4-5
3連複,PASS_HTML,2280,9,2026-08-09,pw01sde1001202601061220260809,https://www.jra.go.jp/JRADB/accessS.html?CNAME=pw01sde1001202601061220260809%2F97,1-4-5
3連単,PASS_HTML,17500,69,2026-08-09,pw01sde1001202601061220260809,https://www.jra.go.jp/JRADB/accessS.html?CNAME=pw01sde1001202601061220260809%2F97,4-5-1
単勝,QUARANTINED_HTML:track_condition,360,2,2026-08-08,pw01sde1004202602050420260808,https://www.jra.go.jp/JRADB/accessS.html?CNAME=pw01sde1004202602050420260808%2F8E,13
複勝,QUARANTINED_HTML:track_condition,220,2,2026-08-08,pw01sde1004202602050420260808,https://www.jra.go.jp/JRADB/accessS.html?CNAME=pw01sde1004202602050420260808%2F8E,13
複勝,QUARANTINED_HTML:track_condition,530,5,2026-08-08,pw01sde1004202602050420260808,https://www.jra.go.jp/JRADB/accessS.html?CNAME=pw01sde1004202602050420260808%2F8E,9
複勝,QUARANTINED_HTML:track_condition,650,7,2026-08-08,pw01sde1004202602050420260808,https://www.jra.go.jp/JRADB/accessS.html?CNAME=pw01sde1004202602050420260808%2F8E,1
枠連,QUARANTINED_HTML:track_condition,2150,7,2026-08-08,pw01sde1004202602050420260808,https://www.jra.go.jp/JRADB/accessS.html?CNAME=pw01sde1004202602050420260808%2F8E,5-7
ワイド,QUARANTINED_HTML:track_condition,1240,12,2026-08-08,pw01sde1004202602050420260808,https://www.jra.go.jp/JRADB/accessS.html?CNAME=pw01sde1004202602050420260808%2F8E,9-13
ワイド,QUARANTINED_HTML:track_condition,1770,19,2026-08-08,pw01sde1004202602050420260808,https://www.jra.go.jp/JRADB/accessS.html?CNAME=pw01sde1004202602050420260808%2F8E,1-13
ワイド,QUARANTINED_HTML:track_condition,6530,37,2026-08-08,pw01sde1004202602050420260808,https://www.jra.go.jp/JRADB/accessS.html?CNAME=pw01sde1004202602050420260808%2F8E,1-9
馬連,QUARANTINED_HTML:track_condition,3850,11,2026-08-08,pw01sde1004202602050420260808,https://www.jra.go.jp/JRADB/accessS.html?CNAME=pw01sde1004202602050420260808%2F8E,9-13
馬単,QUARANTINED_HTML:track_condition,6750,16,2026-08-08,pw01sde1004202602050420260808,https://www.jra.go.jp/JRADB/accessS.html?CNAME=pw01sde1004202602050420260808%2F8E,13-9
3連複,QUARANTINED_HTML:track_condition,33320,68,2026-08-08,pw01sde1004202602050420260808,https://www.jra.go.jp/JRADB/accessS.html?CNAME=pw01sde1004202602050420260808%2F8E,1-9-13
3連単,QUARANTINED_HTML:track_condition,121940,245,2026-08-08,pw01sde1004202602050420260808,https://www.jra.go.jp/JRADB/accessS.html?CNAME=pw01sde1004202602050420260808%2F8E,13-9-1
単勝,QUARANTINED_HTML:track_condition,200,1,2026-08-08,pw01sde1004202602050220260808,https://www.jra.go.jp/JRADB/accessS.html?CNAME=pw01sde1004202602050220260808%2F24,3
複勝,QUARANTINED_HTML:track_condition,110,1,2026-08-08,pw01sde1004202602050220260808,https://www.jra.go.jp/JRADB/accessS.html?CNAME=pw01sde1004202602050220260808%2F24,3
複勝,QUARANTINED_HTML:track_condition,130,2,2026-08-08,pw01sde1004202602050220260808,https://www.jra.go.jp/JRADB/accessS.html?CNAME=pw01sde1004202602050220260808%2F24,7
複勝,QUARANTINED_HTML:track_condition,420,7,2026-08-08,pw01sde1004202602050220260808,https://www.jra.go.jp/JRADB/accessS.html?CNAME=pw01sde1004202602050220260808%2F24,5
枠連,QUARANTINED_HTML:track_condition,330,1,2026-08-08,pw01sde1004202602050220260808,https://www.jra.go.jp/JRADB/accessS.html?CNAME=pw01sde1004202602050220260808%2F24,3-7
ワイド,QUARANTINED_HTML:track_condition,180,1,2026-08-08,pw01sde1004202602050220260808,https://www.jra.go.jp/JRADB/accessS.html?CNAME=pw01sde1004202602050220260808%2F24,3-7
ワイド,QUARANTINED_HTML:track_condition,890,12,2026-08-08,pw01sde1004202602050220260808,https://www.jra.go.jp/JRADB/accessS.html?CNAME=pw01sde1004202602050220260808%2F24,3-5
ワイド,QUARANTINED_HTML:track_condition,1210,18,2026-08-08,pw01sde1004202602050220260808,https://www.jra.go.jp/JRADB/accessS.html?CNAME=pw01sde1004202602050220260808%2F24,5-7
馬連,QUARANTINED_HTML:track_condition,360,1,2026-08-08,pw01sde1004202602050220260808,https://www.jra.go.jp/JRADB/accessS.html?CNAME=pw01sde1004202602050220260808%2F24,3-7
馬単,QUARANTINED_HTML:track_condition,630,1,2026-08-08,pw01sde1004202602050220260808,https://www.jra.go.jp/JRADB/accessS.html?CNAME=pw01sde1004202602050220260808%2F24,3-7
3連複,QUARANTINED_HTML:track_condition,2570,9,2026-08-08,pw01sde1004202602050220260808,https://www.jra.go.jp/JRADB/accessS.html?CNAME=pw01sde1004202602050220260808%2F24,3-5-7
3連単,QUARANTINED_HTML:track_condition,6950,20,2026-08-08,pw01sde1004202602050220260808,https://www.jra.go.jp/JRADB/accessS.html?CNAME=pw01sde1004202602050220260808%2F24,3-7-5
単勝,PASS_HTML,430,3,2026-08-08,pw01sde1004202602050320260808,https://www.jra.go.jp/JRADB/accessS.html?CNAME=pw01sde1004202602050320260808%2FD9,6
複勝,PASS_HTML,180,3,2026-08-08,pw01sde1004202602050320260808,https://www.jra.go.jp/JRADB/accessS.html?CNAME=pw01sde1004202602050320260808%2FD9,6
複勝,PASS_HTML,790,8,2026-08-08,pw01sde1004202602050320260808,https://www.jra.go.jp/JRADB/accessS.html?CNAME=pw01sde1004202602050320260808%2FD9,11
複勝,PASS_HTML,220,4,2026-08-08,pw01sde1004202602050320260808,https://www.jra.go.jp/JRADB/accessS.html?CNAME=pw01sde1004202602050320260808%2FD9,12
枠連,PASS_HTML,1690,7,2026-08-08,pw01sde1004202602050320260808,https://www.jra.go.jp/JRADB/accessS.html?CNAME=pw01sde1004202602050320260808%2FD9,5-8
ワイド,PASS_HTML,1640,17,2026-08-08,pw01sde1004202602050320260808,https://www.jra.go.jp/JRADB/accessS.html?CNAME=pw01sde1004202602050320260808%2FD9,6-11
ワイド,PASS_HTML,640,7,2026-08-08,pw01sde1004202602050320260808,https://www.jra.go.jp/JRADB/accessS.html?CNAME=pw01sde1004202602050320260808%2FD9,6-12
ワイド,PASS_HTML,3740,26,2026-08-08,pw01sde1004202602050320260808,https://www.jra.go.jp/JRADB/accessS.html?CNAME=pw01sde1004202602050320260808%2FD9,11-12
馬連,PASS_HTML,6950,18,2026-08-08,pw01sde1004202602050320260808,https://www.jra.go.jp/JRADB/accessS.html?CNAME=pw01sde1004202602050320260808%2FD9,6-11
馬単,PASS_HTML,9520,27,2026-08-08,pw01sde1004202602050320260808,https://www.jra.go.jp/JRADB/accessS.html?CNAME=pw01sde1004202602050320260808%2FD9,6-11
3連複,PASS_HTML,17500,41,2026-08-08,pw01sde1004202602050320260808,https://www.jra.go.jp/JRADB/accessS.html?CNAME=pw01sde1004202602050320260808%2FD9,6-11-12
3連単,PASS_HTML,95350,207,2026-08-08,pw01sde1004202602050320260808,https://www.jra.go.jp/JRADB/accessS.html?CNAME=pw01sde1004202602050320260808%2FD9,6-11-12
単勝,QUARANTINED_HTML:track_condition,190,1,2026-08-08,pw01sde1004202602050520260808,https://www.jra.go.jp/JRADB/accessS.html?CNAME=pw01sde1004202602050520260808%2F43,11
複勝,QUARANTINED_HTML:track_condition,110,1,2026-08-08,pw01sde1004202602050520260808,https://www.jra.go.jp/JRADB/accessS.html?CNAME=pw01sde1004202602050520260808%2F43,11
複勝,QUARANTINED_HTML:track_condition,970,11,2026-08-08,pw01sde1004202602050520260808,https://www.jra.go.jp/JRADB/accessS.html?CNAME=pw01sde1004202602050520260808%2F43,5
複勝,QUARANTINED_HTML:track_condition,930,10,2026-08-08,pw01sde1004202602050520260808,https://www.jra.go.jp/JRADB/accessS.html?CNAME=pw01sde1004202602050520260808%2F43,1
枠連,QUARANTINED_HTML:track_condition,500,1,2026-08-08,pw01sde1004202602050520260808,https://www.jra.go.jp/JRADB/accessS.html?CNAME=pw01sde1004202602050520260808%2F43,3-6
ワイド,QUARANTINED_HTML:track_condition,2290,25,2026-08-08,pw01sde1004202602050520260808,https://www.jra.go.jp/JRADB/accessS.html?CNAME=pw01sde1004202602050520260808%2F43,5-11
ワイド,QUARANTINED_HTML:track_condition,2540,30,2026-08-08,pw01sde1004202602050520260808,https://www.jra.go.jp/JRADB/accessS.html?CNAME=pw01sde1004202602050520260808%2F43,1-11
ワイド,QUARANTINED_HTML:track_condition,17610,72,2026-08-08,pw01sde1004202602050520260808,https://www.jra.go.jp/JRADB/accessS.html?CNAME=pw01sde1004202602050520260808%2F43,1-5
馬連,QUARANTINED_HTML:track_condition,8230,28,2026-08-08,pw01sde1004202602050520260808,https://www.jra.go.jp/JRADB/accessS.html?CNAME=pw01sde1004202602050520260808%2F43,5-11
馬単,QUARANTINED_HTML:track_condition,7130,22,2026-08-08,pw01sde1004202602050520260808,https://www.jra.go.jp/JRADB/accessS.html?CNAME=pw01sde1004202602050520260808%2F43,11-5
3連複,QUARANTINED_HTML:track_condition,65100,151,2026-08-08,pw01sde1004202602050520260808,https://www.jra.go.jp/JRADB/accessS.html?CNAME=pw01sde1004202602050520260808%2F43,1-5-11
3連単,QUARANTINED_HTML:track_condition,178280,496,2026-08-08,pw01sde1004202602050520260808,https://www.jra.go.jp/JRADB/accessS.html?CNAME=pw01sde1004202602050520260808%2F43,11-5-1
単勝,PASS_HTML,150,1,2026-08-08,pw01sde1004202602050620260808,https://www.jra.go.jp/JRADB/accessS.html?CNAME=pw01sde1004202602050620260808%2FF8,8
複勝,PASS_HTML,110,1,2026-08-08,pw01sde1004202602050620260808,https://www.jra.go.jp/JRADB/accessS.html?CNAME=pw01sde1004202602050620260808%2FF8,8
複勝,PASS_HTML,110,2,2026-08-08,pw01sde1004202602050620260808,https://www.jra.go.jp/JRADB/accessS.html?CNAME=pw01sde1004202602050620260808%2FF8,2
複勝,PASS_HTML,180,4,2026-08-08,pw01sde1004202602050620260808,https://www.jra.go.jp/JRADB/accessS.html?CNAME=pw01sde1004202602050620260808%2FF8,10
枠連,PASS_HTML,170,1,2026-08-08,pw01sde1004202602050620260808,https://www.jra.go.jp/JRADB/accessS.html?CNAME=pw01sde1004202602050620260808%2FF8,2-7
ワイド,PASS_HTML,120,1,2026-08-08,pw01sde1004202602050620260808,https://www.jra.go.jp/JRADB/accessS.html?CNAME=pw01sde1004202602050620260808%2FF8,2-8
ワイド,PASS_HTML,390,6,2026-08-08,pw01sde1004202602050620260808,https://www.jra.go.jp/JRADB/accessS.html?CNAME=pw01sde1004202602050620260808%2FF8,8-10
ワイド,PASS_HTML,360,4,2026-08-08,pw01sde1004202602050620260808,https://www.jra.go.jp/JRADB/accessS.html?CNAME=pw01sde1004202602050620260808%2FF8,2-10
馬連,PASS_HTML,170,1,2026-08-08,pw01sde1004202602050620260808,https://www.jra.go.jp/JRADB/accessS.html?CNAME=pw01sde1004202602050620260808%2FF8,2-8
馬単,PASS_HTML,230,1,2026-08-08,pw01sde1004202602050620260808,https://www.jra.go.jp/JRADB/accessS.html?CNAME=pw01sde1004202602050620260808%2FF8,8-2
3連複,PASS_HTML,680,2,2026-08-08,pw01sde1004202602050620260808,https://www.jra.go.jp/JRADB/accessS.html?CNAME=pw01sde1004202602050620260808%2FF8,2-8-10
3連単,PASS_HTML,1610,5,2026-08-08,pw01sde1004202602050620260808,https://www.jra.go.jp/JRADB/accessS.html?CNAME=pw01sde1004202602050620260808%2FF8,8-2-10
単勝,PASS_HTML,240,1,2026-08-08,pw01sde1004202602050820260808,https://www.jra.go.jp/JRADB/accessS.html?CNAME=pw01sde1004202602050820260808%2F62,5
複勝,PASS_HTML,110,1,2026-08-08,pw01sde1004202602050820260808,https://www.jra.go.jp/JRADB/accessS.html?CNAME=pw01sde1004202602050820260808%2F62,5
複勝,PASS_HTML,110,3,2026-08-08,pw01sde1004202602050820260808,https://www.jra.go.jp/JRADB/accessS.html?CNAME=pw01sde1004202602050820260808%2F62,7
複勝,PASS_HTML,110,2,2026-08-08,pw01sde1004202602050820260808,https://www.jra.go.jp/JRADB/accessS.html?CNAME=pw01sde1004202602050820260808%2F62,2
枠連,PASS_HTML,310,1,2026-08-08,pw01sde1004202602050820260808,https://www.jra.go.jp/JRADB/accessS.html?CNAME=pw01sde1004202602050820260808%2F62,5-7
ワイド,PASS_HTML,140,1,2026-08-08,pw01sde1004202602050820260808,https://www.jra.go.jp/JRADB/accessS.html?CNAME=pw01sde1004202602050820260808%2F62,5-7
ワイド,PASS_HTML,170,2,2026-08-08,pw01sde1004202602050820260808,https://www.jra.go.jp/JRADB/accessS.html?CNAME=pw01sde1004202602050820260808%2F62,2-5
ワイド,PASS_HTML,190,3,2026-08-08,pw01sde1004202602050820260808,https://www.jra.go.jp/JRADB/accessS.html?CNAME=pw01sde1004202602050820260808%2F62,2-7
馬連,PASS_HTML,320,1,2026-08-08,pw01sde1004202602050820260808,https://www.jra.go.jp/JRADB/accessS.html?CNAME=pw01sde1004202602050820260808%2F62,5-7
馬単,PASS_HTML,510,1,2026-08-08,pw01sde1004202602050820260808,https://www.jra.go.jp/JRADB/accessS.html?CNAME=pw01sde1004202602050820260808%2F62,5-7
3連複,PASS_HTML,240,1,2026-08-08,pw01sde1004202602050820260808,https://www.jra.go.jp/JRADB/accessS.html?CNAME=pw01sde1004202602050820260808%2F62,2-5-7
3連単,PASS_HTML,1010,1,2026-08-08,pw01sde1004202602050820260808,https://www.jra.go.jp/JRADB/accessS.html?CNAME=pw01sde1004202602050820260808%2F62,5-7-2
単勝,PASS_HTML,310,1,2026-08-08,pw01sde1004202602050720260808,https://www.jra.go.jp/JRADB/accessS.html?CNAME=pw01sde1004202602050720260808%2FAD,4
複勝,PASS_HTML,160,1,2026-08-08,pw01sde1004202602050720260808,https://www.jra.go.jp/JRADB/accessS.html?CNAME=pw01sde1004202602050720260808%2FAD,4
複勝,PASS_HTML,730,11,2026-08-08,pw01sde1004202602050720260808,https://www.jra.go.jp/JRADB/accessS.html?CNAME=pw01sde1004202602050720260808%2FAD,11
複勝,PASS_HTML,300,4,2026-08-08,pw01sde1004202602050720260808,https://www.jra.go.jp/JRADB/accessS.html?CNAME=pw01sde1004202602050720260808%2FAD,6
枠連,PASS_HTML,3940,19,2026-08-08,pw01sde1004202602050720260808,https://www.jra.go.jp/JRADB/accessS.html?CNAME=pw01sde1004202602050720260808%2FAD,2-6
ワイド,PASS_HTML,2790,32,2026-08-08,pw01sde1004202602050720260808,https://www.jra.go.jp/JRADB/accessS.html?CNAME=pw01sde1004202602050720260808%2FAD,4-11
ワイド,PASS_HTML,820,4,2026-08-08,pw01sde1004202602050720260808,https://www.jra.go.jp/JRADB/accessS.html?CNAME=pw01sde1004202602050720260808%2FAD,4-6
ワイド,PASS_HTML,5170,51,2026-08-08,pw01sde1004202602050720260808,https://www.jra.go.jp/JRADB/accessS.html?CNAME=pw01sde1004202602050720260808%2FAD,6-11
馬連,PASS_HTML,9880,33,2026-08-08,pw01sde1004202602050720260808,https://www.jra.go.jp/JRADB/accessS.html?CNAME=pw01sde1004202602050720260808%2FAD,4-11
馬単,PASS_HTML,13720,47,2026-08-08,pw01sde1004202602050720260808,https://www.jra.go.jp/JRADB/accessS.html?CNAME=pw01sde1004202602050720260808%2FAD,4-11
3連複,PASS_HTML,24670,71,2026-08-08,pw01sde1004202602050720260808,https://www.jra.go.jp/JRADB/accessS.html?CNAME=pw01sde1004202602050720260808%2FAD,4-6-11
3連単,PASS_HTML,129850,388,2026-08-08,pw01sde1004202602050720260808,https://www.jra.go.jp/JRADB/accessS.html?CNAME=pw01sde1004202602050720260808%2FAD,4-11-6
単勝,QUARANTINED_HTML:track_condition,500,3,2026-08-08,pw01sde1004202602050920260808,https://www.jra.go.jp/JRADB/accessS.html?CNAME=pw01sde1004202602050920260808%2F17,4
複勝,QUARANTINED_HTML:track_condition,170,2,2026-08-08,pw01sde1004202602050920260808,https://www.jra.go.jp/JRADB/accessS.html?CNAME=pw01sde1004202602050920260808%2F17,4
複勝,QUARANTINED_HTML:track_condition,220,4,2026-08-08,pw01sde1004202602050920260808,https://www.jra.go.jp/JRADB/accessS.html?CNAME=pw01sde1004202602050920260808%2F17,9
複勝,QUARANTINED_HTML:track_condition,250,5,2026-08-08,pw01sde1004202602050920260808,https://www.jra.go.jp/JRADB/accessS.html?CNAME=pw01sde1004202602050920260808%2F17,5
枠連,QUARANTINED_HTML:track_condition,1300,4,2026-08-08,pw01sde1004202602050920260808,https://www.jra.go.jp/JRADB/accessS.html?CNAME=pw01sde1004202602050920260808%2F17,3-5
ワイド,QUARANTINED_HTML:track_condition,700,6,2026-08-08,pw01sde1004202602050920260808,https://www.jra.go.jp/JRADB/accessS.html?CNAME=pw01sde1004202602050920260808%2F17,4-9
ワイド,QUARANTINED_HTML:track_condition,1130,11,2026-08-08,pw01sde1004202602050920260808,https://www.jra.go.jp/JRADB/accessS.html?CNAME=pw01sde1004202602050920260808%2F17,4-5
ワイド,QUARANTINED_HTML:track_condition,1670,20,2026-08-08,pw01sde1004202602050920260808,https://www.jra.go.jp/JRADB/accessS.html?CNAME=pw01sde1004202602050920260808%2F17,5-9
馬連,QUARANTINED_HTML:track_condition,1750,6,2026-08-08,pw01sde1004202602050920260808,https://www.jra.go.jp/JRADB/accessS.html?CNAME=pw01sde1004202602050920260808%2F17,4-9
馬単,QUARANTINED_HTML:track_condition,3460,11,2026-08-08,pw01sde1004202602050920260808,https://www.jra.go.jp/JRADB/accessS.html?CNAME=pw01sde1004202602050920260808%2F17,4-9
3連複,QUARANTINED_HTML:track_condition,8400,26,2026-08-08,pw01sde1004202602050920260808,https://www.jra.go.jp/JRADB/accessS.html?CNAME=pw01sde1004202602050920260808%2F17,4-5-9
3連単,QUARANTINED_HTML:track_condition,36250,100,2026-08-08,pw01sde1004202602050920260808,https://www.jra.go.jp/JRADB/accessS.html?CNAME=pw01sde1004202602050920260808%2F17,4-9-5
単勝,PASS_HTML,2310,7,2026-08-08,pw01sde1004202602051120260808,https://www.jra.go.jp/JRADB/accessS.html?CNAME=pw01sde1004202602051120260808%2FC1,17
複勝,PASS_HTML,450,7,2026-08-08,pw01sde1004202602051120260808,https://www.jra.go.jp/JRADB/accessS.html?CNAME=pw01sde1004202602051120260808%2FC1,17
複勝,PASS_HTML,160,1,2026-08-08,pw01sde1004202602051120260808,https://www.jra.go.jp/JRADB/accessS.html?CNAME=pw01sde1004202602051120260808%2FC1,18
複勝,PASS_HTML,330,6,2026-08-08,pw01sde1004202602051120260808,https://www.jra.go.jp/JRADB/accessS.html?CNAME=pw01sde1004202602051120260808%2FC1,13
枠連,PASS_HTML,1560,8,2026-08-08,pw01sde1004202602051120260808,https://www.jra.go.jp/JRADB/accessS.html?CNAME=pw01sde1004202602051120260808%2FC1,8-8
ワイド,PASS_HTML,970,10,2026-08-08,pw01sde1004202602051120260808,https://www.jra.go.jp/JRADB/accessS.html?CNAME=pw01sde1004202602051120260808%2FC1,17-18
ワイド,PASS_HTML,2030,19,2026-08-08,pw01sde1004202602051120260808,https://www.jra.go.jp/JRADB/accessS.html?CNAME=pw01sde1004202602051120260808%2FC1,13-17
ワイド,PASS_HTML,690,7,2026-08-08,pw01sde1004202602051120260808,https://www.jra.go.jp/JRADB/accessS.html?CNAME=pw01sde1004202602051120260808%2FC1,13-18
馬連,PASS_HTML,2680,9,2026-08-08,pw01sde1004202602051120260808,https://www.jra.go.jp/JRADB/accessS.html?CNAME=pw01sde1004202602051120260808%2FC1,17-18
馬単,PASS_HTML,6890,24,2026-08-08,pw01sde1004202602051120260808,https://www.jra.go.jp/JRADB/accessS.html?CNAME=pw01sde1004202602051120260808%2FC1,17-18
3連複,PASS_HTML,6590,19,2026-08-08,pw01sde1004202602051120260808,https://www.jra.go.jp/JRADB/accessS.html?CNAME=pw01sde1004202602051120260808%2FC1,13-17-18
3連単,PASS_HTML,50530,144,2026-08-08,pw01sde1004202602051120260808,https://www.jra.go.jp/JRADB/accessS.html?CNAME=pw01sde1004202602051120260808%2FC1,17-18-13
単勝,PASS_HTML,290,2,2026-08-08,pw01sde1004202602051020260808,https://www.jra.go.jp/JRADB/accessS.html?CNAME=pw01sde1004202602051020260808%2F0C,2
複勝,PASS_HTML,120,3,2026-08-08,pw01sde1004202602051020260808,https://www.jra.go.jp/JRADB/accessS.html?CNAME=pw01sde1004202602051020260808%2F0C,2
複勝,PASS_HTML,120,2,2026-08-08,pw01sde1004202602051020260808,https://www.jra.go.jp/JRADB/accessS.html?CNAME=pw01sde1004202602051020260808%2F0C,4
複勝,PASS_HTML,110,1,2026-08-08,pw01sde1004202602051020260808,https://www.jra.go.jp/JRADB/accessS.html?CNAME=pw01sde1004202602051020260808%2F0C,1
枠連,PASS_HTML,440,3,2026-08-08,pw01sde1004202602051020260808,https://www.jra.go.jp/JRADB/accessS.html?CNAME=pw01sde1004202602051020260808%2F0C,2-4
ワイド,PASS_HTML,210,3,2026-08-08,pw01sde1004202602051020260808,https://www.jra.go.jp/JRADB/accessS.html?CNAME=pw01sde1004202602051020260808%2F0C,2-4
ワイド,PASS_HTML,190,2,2026-08-08,pw01sde1004202602051020260808,https://www.jra.go.jp/JRADB/accessS.html?CNAME=pw01sde1004202602051020260808%2F0C,1-2
ワイド,PASS_HTML,170,1,2026-08-08,pw01sde1004202602051020260808,https://www.jra.go.jp/JRADB/accessS.html?CNAME=pw01sde1004202602051020260808%2F0C,1-4
馬連,PASS_HTML,460,3,2026-08-08,pw01sde1004202602051020260808,https://www.jra.go.jp/JRADB/accessS.html?CNAME=pw01sde1004202602051020260808%2F0C,2-4
馬単,PASS_HTML,890,4,2026-08-08,pw01sde1004202602051020260808,https://www.jra.go.jp/JRADB/accessS.html?CNAME=pw01sde1004202602051020260808%2F0C,2-4
3連複,PASS_HTML,370,1,2026-08-08,pw01sde1004202602051020260808,https://www.jra.go.jp/JRADB/accessS.html?CNAME=pw01sde1004202602051020260808%2F0C,1-2-4
3連単,PASS_HTML,2150,4,2026-08-08,pw01sde1004202602051020260808,https://www.jra.go.jp/JRADB/accessS.html?CNAME=pw01sde1004202602051020260808%2F0C,2-4-1
単勝,PASS_HTML,380,2,2026-08-08,pw01sde1004202602051220260808,https://www.jra.go.jp/JRADB/accessS.html?CNAME=pw01sde1004202602051220260808%2F76,3
複勝,PASS_HTML,170,2,2026-08-08,pw01sde1004202602051220260808,https://www.jra.go.jp/JRADB/accessS.html?CNAME=pw01sde1004202602051220260808%2F76,3
複勝,PASS_HTML,110,1,2026-08-08,pw01sde1004202602051220260808,https://www.jra.go.jp/JRADB/accessS.html?CNAME=pw01sde1004202602051220260808%2F76,8
複勝,PASS_HTML,980,11,2026-08-08,pw01sde1004202602051220260808,https://www.jra.go.jp/JRADB/accessS.html?CNAME=pw01sde1004202602051220260808%2F76,13
枠連,PASS_HTML,500,1,2026-08-08,pw01sde1004202602051220260808,https://www.jra.go.jp/JRADB/accessS.html?CNAME=pw01sde1004202602051220260808%2F76,2-4
ワイド,PASS_HTML,270,1,2026-08-08,pw01sde1004202602051220260808,https://www.jra.go.jp/JRADB/accessS.html?CNAME=pw01sde1004202602051220260808%2F76,3-8
ワイド,PASS_HTML,3980,40,2026-08-08,pw01sde1004202602051220260808,https://www.jra.go.jp/JRADB/accessS.html?CNAME=pw01sde1004202602051220260808%2F76,3-13
ワイド,PASS_HTML,2510,23,2026-08-08,pw01sde1004202602051220260808,https://www.jra.go.jp/JRADB/accessS.html?CNAME=pw01sde1004202602051220260808%2F76,8-13
馬連,PASS_HTML,490,1,2026-08-08,pw01sde1004202602051220260808,https://www.jra.go.jp/JRADB/accessS.html?CNAME=pw01sde1004202602051220260808%2F76,3-8
馬単,PASS_HTML,1160,3,2026-08-08,pw01sde1004202602051220260808,https://www.jra.go.jp/JRADB/accessS.html?CNAME=pw01sde1004202602051220260808%2F76,3-8
3連複,PASS_HTML,11080,33,2026-08-08,pw01sde1004202602051220260808,https://www.jra.go.jp/JRADB/accessS.html?CNAME=pw01sde1004202602051220260808%2F76,3-8-13
3連単,PASS_HTML,44540,119,2026-08-08,pw01sde1004202602051220260808,https://www.jra.go.jp/JRADB/accessS.html?CNAME=pw01sde1004202602051220260808%2F76,3-8-13
単勝,PASS_HTML,280,1,2026-08-09,pw01sde1004202602060220260809,https://www.jra.go.jp/JRADB/accessS.html?CNAME=pw01sde1004202602060220260809%2F54,6
複勝,PASS_HTML,140,2,2026-08-09,pw01sde1004202602060220260809,https://www.jra.go.jp/JRADB/accessS.html?CNAME=pw01sde1004202602060220260809%2F54,6
複勝,PASS_HTML,200,5,2026-08-09,pw01sde1004202602060220260809,https://www.jra.go.jp/JRADB/accessS.html?CNAME=pw01sde1004202602060220260809%2F54,7
複勝,PASS_HTML,130,1,2026-08-09,pw01sde1004202602060220260809,https://www.jra.go.jp/JRADB/accessS.html?CNAME=pw01sde1004202602060220260809%2F54,5
枠連,PASS_HTML,1650,7,2026-08-09,pw01sde1004202602060220260809,https://www.jra.go.jp/JRADB/accessS.html?CNAME=pw01sde1004202602060220260809%2F54,6-6
ワイド,PASS_HTML,580,8,2026-08-09,pw01sde1004202602060220260809,https://www.jra.go.jp/JRADB/accessS.html?CNAME=pw01sde1004202602060220260809%2F54,6-7
ワイド,PASS_HTML,230,1,2026-08-09,pw01sde1004202602060220260809,https://www.jra.go.jp/JRADB/accessS.html?CNAME=pw01sde1004202602060220260809%2F54,5-6
ワイド,PASS_HTML,540,7,2026-08-09,pw01sde1004202602060220260809,https://www.jra.go.jp/JRADB/accessS.html?CNAME=pw01sde1004202602060220260809%2F54,5-7
馬連,PASS_HTML,1670,8,2026-08-09,pw01sde1004202602060220260809,https://www.jra.go.jp/JRADB/accessS.html?CNAME=pw01sde1004202602060220260809%2F54,6-7
馬単,PASS_HTML,2580,10,2026-08-09,pw01sde1004202602060220260809,https://www.jra.go.jp/JRADB/accessS.html?CNAME=pw01sde1004202602060220260809%2F54,6-7
3連複,PASS_HTML,1390,2,2026-08-09,pw01sde1004202602060220260809,https://www.jra.go.jp/JRADB/accessS.html?CNAME=pw01sde1004202602060220260809%2F54,5-6-7
3連単,PASS_HTML,7360,22,2026-08-09,pw01sde1004202602060220260809,https://www.jra.go.jp/JRADB/accessS.html?CNAME=pw01sde1004202602060220260809%2F54,6-7-5
単勝,QUARANTINED_HTML:track_condition,600,3,2026-08-09,pw01sde1004202602060320260809,https://www.jra.go.jp/JRADB/accessS.html?CNAME=pw01sde1004202602060320260809%2F09,3
複勝,QUARANTINED_HTML:track_condition,270,4,2026-08-09,pw01sde1004202602060320260809,https://www.jra.go.jp/JRADB/accessS.html?CNAME=pw01sde1004202602060320260809%2F09,3
複勝,QUARANTINED_HTML:track_condition,240,3,2026-08-09,pw01sde1004202602060320260809,https://www.jra.go.jp/JRADB/accessS.html?CNAME=pw01sde1004202602060320260809%2F09,1
複勝,QUARANTINED_HTML:track_condition,370,5,2026-08-09,pw01sde1004202602060320260809,https://www.jra.go.jp/JRADB/accessS.html?CNAME=pw01sde1004202602060320260809%2F09,7
枠連,QUARANTINED_HTML:track_condition,2730,12,2026-08-09,pw01sde1004202602060320260809,https://www.jra.go.jp/JRADB/accessS.html?CNAME=pw01sde1004202602060320260809%2F09,1-2
ワイド,QUARANTINED_HTML:track_condition,960,10,2026-08-09,pw01sde1004202602060320260809,https://www.jra.go.jp/JRADB/accessS.html?CNAME=pw01sde1004202602060320260809%2F09,1-3
ワイド,QUARANTINED_HTML:track_condition,1950,20,2026-08-09,pw01sde1004202602060320260809,https://www.jra.go.jp/JRADB/accessS.html?CNAME=pw01sde1004202602060320260809%2F09,3-7
ワイド,QUARANTINED_HTML:track_condition,1530,16,2026-08-09,pw01sde1004202602060320260809,https://www.jra.go.jp/JRADB/accessS.html?CNAME=pw01sde1004202602060320260809%2F09,1-7
馬連,QUARANTINED_HTML:track_condition,2660,10,2026-08-09,pw01sde1004202602060320260809,https://www.jra.go.jp/JRADB/accessS.html?CNAME=pw01sde1004202602060320260809%2F09,1-3
馬単,QUARANTINED_HTML:track_condition,4670,18,2026-08-09,pw01sde1004202602060320260809,https://www.jra.go.jp/JRADB/accessS.html?CNAME=pw01sde1004202602060320260809%2F09,3-1
3連複,QUARANTINED_HTML:track_condition,13440,41,2026-08-09,pw01sde1004202602060320260809,https://www.jra.go.jp/JRADB/accessS.html?CNAME=pw01sde1004202602060320260809%2F09,1-3-7
3連単,QUARANTINED_HTML:track_condition,51440,164,2026-08-09,pw01sde1004202602060320260809,https://www.jra.go.jp/JRADB/accessS.html?CNAME=pw01sde1004202602060320260809%2F09,3-1-7
単勝,QUARANTINED_HTML:track_condition,350,2,2026-08-09,pw01sde1004202602060420260809,https://www.jra.go.jp/JRADB/accessS.html?CNAME=pw01sde1004202602060420260809%2FBE,10
複勝,QUARANTINED_HTML:track_condition,130,2,2026-08-09,pw01sde1004202602060420260809,https://www.jra.go.jp/JRADB/accessS.html?CNAME=pw01sde1004202602060420260809%2FBE,10
複勝,QUARANTINED_HTML:track_condition,110,1,2026-08-09,pw01sde1004202602060420260809,https://www.jra.go.jp/JRADB/accessS.html?CNAME=pw01sde1004202602060420260809%2FBE,12
複勝,QUARANTINED_HTML:track_condition,170,4,2026-08-09,pw01sde1004202602060420260809,https://www.jra.go.jp/JRADB/accessS.html?CNAME=pw01sde1004202602060420260809%2FBE,8
枠連,QUARANTINED_HTML:track_condition,280,1,2026-08-09,pw01sde1004202602060420260809,https://www.jra.go.jp/JRADB/accessS.html?CNAME=pw01sde1004202602060420260809%2FBE,6-7
ワイド,QUARANTINED_HTML:track_condition,170,1,2026-08-09,pw01sde1004202602060420260809,https://www.jra.go.jp/JRADB/accessS.html?CNAME=pw01sde1004202602060420260809%2FBE,10-12
ワイド,QUARANTINED_HTML:track_condition,380,5,2026-08-09,pw01sde1004202602060420260809,https://www.jra.go.jp/JRADB/accessS.html?CNAME=pw01sde1004202602060420260809%2FBE,8-10
ワイド,QUARANTINED_HTML:track_condition,250,3,2026-08-09,pw01sde1004202602060420260809,https://www.jra.go.jp/JRADB/accessS.html?CNAME=pw01sde1004202602060420260809%2FBE,8-12
馬連,QUARANTINED_HTML:track_condition,290,1,2026-08-09,pw01sde1004202602060420260809,https://www.jra.go.jp/JRADB/accessS.html?CNAME=pw01sde1004202602060420260809%2FBE,10-12
馬単,QUARANTINED_HTML:track_condition,710,2,2026-08-09,pw01sde1004202602060420260809,https://www.jra.go.jp/JRADB/accessS.html?CNAME=pw01sde1004202602060420260809%2FBE,10-12
3連複,QUARANTINED_HTML:track_condition,540,1,2026-08-09,pw01sde1004202602060420260809,https://www.jra.go.jp/JRADB/accessS.html?CNAME=pw01sde1004202602060420260809%2FBE,8-10-12
3連単,QUARANTINED_HTML:track_condition,2400,4,2026-08-09,pw01sde1004202602060420260809,https://www.jra.go.jp/JRADB/accessS.html?CNAME=pw01sde1004202602060420260809%2FBE,10-12-8
単勝,QUARANTINED_HTML:track_condition,830,4,2026-08-09,pw01sde1004202602060520260809,https://www.jra.go.jp/JRADB/accessS.html?CNAME=pw01sde1004202602060520260809%2F73,11
複勝,QUARANTINED_HTML:track_condition,270,5,2026-08-09,pw01sde1004202602060520260809,https://www.jra.go.jp/JRADB/accessS.html?CNAME=pw01sde1004202602060520260809%2F73,11
複勝,QUARANTINED_HTML:track_condition,220,3,2026-08-09,pw01sde1004202602060520260809,https://www.jra.go.jp/JRADB/accessS.html?CNAME=pw01sde1004202602060520260809%2F73,3
複勝,QUARANTINED_HTML:track_condition,440,6,2026-08-09,pw01sde1004202602060520260809,https://www.jra.go.jp/JRADB/accessS.html?CNAME=pw01sde1004202602060520260809%2F73,10
枠連,QUARANTINED_HTML:track_condition,1060,6,2026-08-09,pw01sde1004202602060520260809,https://www.jra.go.jp/JRADB/accessS.html?CNAME=pw01sde1004202602060520260809%2F73,2-6
ワイド,QUARANTINED_HTML:track_condition,1230,12,2026-08-09,pw01sde1004202602060520260809,https://www.jra.go.jp/JRADB/accessS.html?CNAME=pw01sde1004202602060520260809%2F73,3-11
ワイド,QUARANTINED_HTML:track_condition,1420,13,2026-08-09,pw01sde1004202602060520260809,https://www.jra.go.jp/JRADB/accessS.html?CNAME=pw01sde1004202602060520260809%2F73,10-11
ワイド,QUARANTINED_HTML:track_condition,3420,36,2026-08-09,pw01sde1004202602060520260809,https://www.jra.go.jp/JRADB/accessS.html?CNAME=pw01sde1004202602060520260809%2F73,3-10
馬連,QUARANTINED_HTML:track_condition,4050,13,2026-08-09,pw01sde1004202602060520260809,https://www.jra.go.jp/JRADB/accessS.html?CNAME=pw01sde1004202602060520260809%2F73,3-11
馬単,QUARANTINED_HTML:track_condition,8970,29,2026-08-09,pw01sde1004202602060520260809,https://www.jra.go.jp/JRADB/accessS.html?CNAME=pw01sde1004202602060520260809%2F73,11-3
3連複,QUARANTINED_HTML:track_condition,19020,65,2026-08-09,pw01sde1004202602060520260809,https://www.jra.go.jp/JRADB/accessS.html?CNAME=pw01sde1004202602060520260809%2F73,3-10-11
3連単,QUARANTINED_HTML:track_condition,115100,330,2026-08-09,pw01sde1004202602060520260809,https://www.jra.go.jp/JRADB/accessS.html?CNAME=pw01sde1004202602060520260809%2F73,11-3-10
単勝,PASS_HTML,120,1,2026-08-09,pw01sde1004202602060620260809,https://www.jra.go.jp/JRADB/accessS.html?CNAME=pw01sde1004202602060620260809%2F28,1
複勝,PASS_HTML,110,1,2026-08-09,pw01sde1004202602060620260809,https://www.jra.go.jp/JRADB/accessS.html?CNAME=pw01sde1004202602060620260809%2F28,1
複勝,PASS_HTML,180,2,2026-08-09,pw01sde1004202602060620260809,https://www.jra.go.jp/JRADB/accessS.html?CNAME=pw01sde1004202602060620260809%2F28,3
複勝,PASS_HTML,750,10,2026-08-09,pw01sde1004202602060620260809,https://www.jra.go.jp/JRADB/accessS.html?CNAME=pw01sde1004202602060620260809%2F28,9
枠連,PASS_HTML,480,1,2026-08-09,pw01sde1004202602060620260809,https://www.jra.go.jp/JRADB/accessS.html?CNAME=pw01sde1004202602060620260809%2F28,1-3
ワイド,PASS_HTML,240,1,2026-08-09,pw01sde1004202602060620260809,https://www.jra.go.jp/JRADB/accessS.html?CNAME=pw01sde1004202602060620260809%2F28,1-3
ワイド,PASS_HTML,1340,15,2026-08-09,pw01sde1004202602060620260809,https://www.jra.go.jp/JRADB/accessS.html?CNAME=pw01sde1004202602060620260809%2F28,1-9
ワイド,PASS_HTML,3900,35,2026-08-09,pw01sde1004202602060620260809,https://www.jra.go.jp/JRADB/accessS.html?CNAME=pw01sde1004202602060620260809%2F28,3-9
馬連,PASS_HTML,490,1,2026-08-09,pw01sde1004202602060620260809,https://www.jra.go.jp/JRADB/accessS.html?CNAME=pw01sde1004202602060620260809%2F28,1-3
馬単,PASS_HTML,540,1,2026-08-09,pw01sde1004202602060620260809,https://www.jra.go.jp/JRADB/accessS.html?CNAME=pw01sde1004202602060620260809%2F28,1-3
3連複,PASS_HTML,7160,23,2026-08-09,pw01sde1004202602060620260809,https://www.jra.go.jp/JRADB/accessS.html?CNAME=pw01sde1004202602060620260809%2F28,1-3-9
3連単,PASS_HTML,14550,44,2026-08-09,pw01sde1004202602060620260809,https://www.jra.go.jp/JRADB/accessS.html?CNAME=pw01sde1004202602060620260809%2F28,1-3-9
単勝,QUARANTINED_HTML:track_condition,2080,6,2026-08-09,pw01sde1004202602060720260809,https://www.jra.go.jp/JRADB/accessS.html?CNAME=pw01sde1004202602060720260809%2FDD,4
複勝,QUARANTINED_HTML:track_condition,400,7,2026-08-09,pw01sde1004202602060720260809,https://www.jra.go.jp/JRADB/accessS.html?CNAME=pw01sde1004202602060720260809%2FDD,4
複勝,QUARANTINED_HTML:track_condition,190,4,2026-08-09,pw01sde1004202602060720260809,https://www.jra.go.jp/JRADB/accessS.html?CNAME=pw01sde1004202602060720260809%2FDD,11
複勝,QUARANTINED_HTML:track_condition,130,1,2026-08-09,pw01sde1004202602060720260809,https://www.jra.go.jp/JRADB/accessS.html?CNAME=pw01sde1004202602060720260809%2FDD,12
枠連,QUARANTINED_HTML:track_condition,1840,5,2026-08-09,pw01sde1004202602060720260809,https://www.jra.go.jp/JRADB/accessS.html?CNAME=pw01sde1004202602060720260809%2FDD,4-8
ワイド,QUARANTINED_HTML:track_condition,1550,20,2026-08-09,pw01sde1004202602060720260809,https://www.jra.go.jp/JRADB/accessS.html?CNAME=pw01sde1004202602060720260809%2FDD,4-11
ワイド,QUARANTINED_HTML:track_condition,870,10,2026-08-09,pw01sde1004202602060720260809,https://www.jra.go.jp/JRADB/accessS.html?CNAME=pw01sde1004202602060720260809%2FDD,4-12
ワイド,QUARANTINED_HTML:track_condition,330,2,2026-08-09,pw01sde1004202602060720260809,https://www.jra.go.jp/JRADB/accessS.html?CNAME=pw01sde1004202602060720260809%2FDD,11-12
馬連,QUARANTINED_HTML:track_condition,5680,20,2026-08-09,pw01sde1004202602060720260809,https://www.jra.go.jp/JRADB/accessS.html?CNAME=pw01sde1004202602060720260809%2FDD,4-11
馬単,QUARANTINED_HTML:track_condition,13190,44,2026-08-09,pw01sde1004202602060720260809,https://www.jra.go.jp/JRADB/accessS.html?CNAME=pw01sde1004202602060720260809%2FDD,4-11
3連複,QUARANTINED_HTML:track_condition,3980,12,2026-08-09,pw01sde1004202602060720260809,https://www.jra.go.jp/JRADB/accessS.html?CNAME=pw01sde1004202602060720260809%2FDD,4-11-12
3連単,QUARANTINED_HTML:track_condition,43120,145,2026-08-09,pw01sde1004202602060720260809,https://www.jra.go.jp/JRADB/accessS.html?CNAME=pw01sde1004202602060720260809%2FDD,4-11-12
単勝,PASS_HTML,420,2,2026-08-09,pw01sde1004202602060820260809,https://www.jra.go.jp/JRADB/accessS.html?CNAME=pw01sde1004202602060820260809%2F92,17
複勝,PASS_HTML,170,2,2026-08-09,pw01sde1004202602060820260809,https://www.jra.go.jp/JRADB/accessS.html?CNAME=pw01sde1004202602060820260809%2F92,17
複勝,PASS_HTML,130,1,2026-08-09,pw01sde1004202602060820260809,https://www.jra.go.jp/JRADB/accessS.html?CNAME=pw01sde1004202602060820260809%2F92,11
複勝,PASS_HTML,250,5,2026-08-09,pw01sde1004202602060820260809,https://www.jra.go.jp/JRADB/accessS.html?CNAME=pw01sde1004202602060820260809%2F92,8
枠連,PASS_HTML,350,1,2026-08-09,pw01sde1004202602060820260809,https://www.jra.go.jp/JRADB/accessS.html?CNAME=pw01sde1004202602060820260809%2F92,6-8
ワイド,PASS_HTML,300,1,2026-08-09,pw01sde1004202602060820260809,https://www.jra.go.jp/JRADB/accessS.html?CNAME=pw01sde1004202602060820260809%2F92,11-17
ワイド,PASS_HTML,980,10,2026-08-09,pw01sde1004202602060820260809,https://www.jra.go.jp/JRADB/accessS.html?CNAME=pw01sde1004202602060820260809%2F92,8-17
ワイド,PASS_HTML,460,5,2026-08-09,pw01sde1004202602060820260809,https://www.jra.go.jp/JRADB/accessS.html?CNAME=pw01sde1004202602060820260809%2F92,8-11
馬連,PASS_HTML,690,1,2026-08-09,pw01sde1004202602060820260809,https://www.jra.go.jp/JRADB/accessS.html?CNAME=pw01sde1004202602060820260809%2F92,11-17
馬単,PASS_HTML,1140,1,2026-08-09,pw01sde1004202602060820260809,https://www.jra.go.jp/JRADB/accessS.html?CNAME=pw01sde1004202602060820260809%2F92,17-11
3連複,PASS_HTML,2430,4,2026-08-09,pw01sde1004202602060820260809,https://www.jra.go.jp/JRADB/accessS.html?CNAME=pw01sde1004202602060820260809%2F92,8-11-17
3連単,PASS_HTML,9950,20,2026-08-09,pw01sde1004202602060820260809,https://www.jra.go.jp/JRADB/accessS.html?CNAME=pw01sde1004202602060820260809%2F92,17-11-8
単勝,PASS_HTML,230,2,2026-08-09,pw01sde1004202602061020260809,https://www.jra.go.jp/JRADB/accessS.html?CNAME=pw01sde1004202602061020260809%2F3C,5
複勝,PASS_HTML,130,2,2026-08-09,pw01sde1004202602061020260809,https://www.jra.go.jp/JRADB/accessS.html?CNAME=pw01sde1004202602061020260809%2F3C,5
複勝,PASS_HTML,110,1,2026-08-09,pw01sde1004202602061020260809,https://www.jra.go.jp/JRADB/accessS.html?CNAME=pw01sde1004202602061020260809%2F3C,7
ワイド,PASS_HTML,130,1,2026-08-09,pw01sde1004202602061020260809,https://www.jra.go.jp/JRADB/accessS.html?CNAME=pw01sde1004202602061020260809%2F3C,5-7
ワイド,PASS_HTML,240,3,2026-08-09,pw01sde1004202602061020260809,https://www.jra.go.jp/JRADB/accessS.html?CNAME=pw01sde1004202602061020260809%2F3C,5-6
ワイド,PASS_HTML,240,4,2026-08-09,pw01sde1004202602061020260809,https://www.jra.go.jp/JRADB/accessS.html?CNAME=pw01sde1004202602061020260809%2F3C,6-7
馬連,PASS_HTML,180,1,2026-08-09,pw01sde1004202602061020260809,https://www.jra.go.jp/JRADB/accessS.html?CNAME=pw01sde1004202602061020260809%2F3C,5-7
馬単,PASS_HTML,380,2,2026-08-09,pw01sde1004202602061020260809,https://www.jra.go.jp/JRADB/accessS.html?CNAME=pw01sde1004202602061020260809%2F3C,5-7
3連複,PASS_HTML,320,1,2026-08-09,pw01sde1004202602061020260809,https://www.jra.go.jp/JRADB/accessS.html?CNAME=pw01sde1004202602061020260809%2F3C,5-6-7
3連単,PASS_HTML,880,2,2026-08-09,pw01sde1004202602061020260809,https://www.jra.go.jp/JRADB/accessS.html?CNAME=pw01sde1004202602061020260809%2F3C,5-7-6
単勝,QUARANTINED_HTML:track_condition,4030,10,2026-08-09,pw01sde1004202602060920260809,https://www.jra.go.jp/JRADB/accessS.html?CNAME=pw01sde1004202602060920260809%2F47,15
複勝,QUARANTINED_HTML:track_condition,780,10,2026-08-09,pw01sde1004202602060920260809,https://www.jra.go.jp/JRADB/accessS.html?CNAME=pw01sde1004202602060920260809%2F47,15
複勝,QUARANTINED_HTML:track_condition,240,2,2026-08-09,pw01sde1004202602060920260809,https://www.jra.go.jp/JRADB/accessS.html?CNAME=pw01sde1004202602060920260809%2F47,5
複勝,QUARANTINED_HTML:track_condition,330,4,2026-08-09,pw01sde1004202602060920260809,https://www.jra.go.jp/JRADB/accessS.html?CNAME=pw01sde1004202602060920260809%2F47,6
枠連,QUARANTINED_HTML:track_condition,540,2,2026-08-09,pw01sde1004202602060920260809,https://www.jra.go.jp/JRADB/accessS.html?CNAME=pw01sde1004202602060920260809%2F47,3-8
ワイド,QUARANTINED_HTML:track_condition,1780,22,2026-08-09,pw01sde1004202602060920260809,https://www.jra.go.jp/JRADB/accessS.html?CNAME=pw01sde1004202602060920260809%2F47,5-15
ワイド,QUARANTINED_HTML:track_condition,4650,47,2026-08-09,pw01sde1004202602060920260809,https://www.jra.go.jp/JRADB/accessS.html?CNAME=pw01sde1004202602060920260809%2F47,6-15
ワイド,QUARANTINED_HTML:track_condition,800,6,2026-08-09,pw01sde1004202602060920260809,https://www.jra.go.jp/JRADB/accessS.html?CNAME=pw01sde1004202602060920260809%2F47,5-6
馬連,QUARANTINED_HTML:track_condition,5710,20,2026-08-09,pw01sde1004202602060920260809,https://www.jra.go.jp/JRADB/accessS.html?CNAME=pw01sde1004202602060920260809%2F47,5-15
馬単,QUARANTINED_HTML:track_condition,18870,57,2026-08-09,pw01sde1004202602060920260809,https://www.jra.go.jp/JRADB/accessS.html?CNAME=pw01sde1004202602060920260809%2F47,15-5
3連複,QUARANTINED_HTML:track_condition,19990,67,2026-08-09,pw01sde1004202602060920260809,https://www.jra.go.jp/JRADB/accessS.html?CNAME=pw01sde1004202602060920260809%2F47,5-6-15
3連単,QUARANTINED_HTML:track_condition,206070,573,2026-08-09,pw01sde1004202602060920260809,https://www.jra.go.jp/JRADB/accessS.html?CNAME=pw01sde1004202602060920260809%2F47,15-5-6
単勝,PASS_HTML,4600,11,2026-08-09,pw01sde1004202602061120260809,https://www.jra.go.jp/JRADB/accessS.html?CNAME=pw01sde1004202602061120260809%2FF1,8
複勝,PASS_HTML,660,8,2026-08-09,pw01sde1004202602061120260809,https://www.jra.go.jp/JRADB/accessS.html?CNAME=pw01sde1004202602061120260809%2FF1,8
複勝,PASS_HTML,1220,13,2026-08-09,pw01sde1004202602061120260809,https://www.jra.go.jp/JRADB/accessS.html?CNAME=pw01sde1004202602061120260809%2FF1,12
複勝,PASS_HTML,130,1,2026-08-09,pw01sde1004202602061120260809,https://www.jra.go.jp/JRADB/accessS.html?CNAME=pw01sde1004202602061120260809%2FF1,3
枠連,PASS_HTML,16350,31,2026-08-09,pw01sde1004202602061120260809,https://www.jra.go.jp/JRADB/accessS.html?CNAME=pw01sde1004202602061120260809%2FF1,4-6
ワイド,PASS_HTML,13180,86,2026-08-09,pw01sde1004202602061120260809,https://www.jra.go.jp/JRADB/accessS.html?CNAME=pw01sde1004202602061120260809%2FF1,8-12
ワイド,PASS_HTML,1570,19,2026-08-09,pw01sde1004202602061120260809,https://www.jra.go.jp/JRADB/accessS.html?CNAME=pw01sde1004202602061120260809%2FF1,3-8
ワイド,PASS_HTML,2520,26,2026-08-09,pw01sde1004202602061120260809,https://www.jra.go.jp/JRADB/accessS.html?CNAME=pw01sde1004202602061120260809%2FF1,3-12
馬連,PASS_HTML,56950,86,2026-08-09,pw01sde1004202602061120260809,https://www.jra.go.jp/JRADB/accessS.html?CNAME=pw01sde1004202602061120260809%2FF1,8-12
馬単,PASS_HTML,150050,189,2026-08-09,pw01sde1004202602061120260809,https://www.jra.go.jp/JRADB/accessS.html?CNAME=pw01sde1004202602061120260809%2FF1,8-12
3連複,PASS_HTML,36980,101,2026-08-09,pw01sde1004202602061120260809,https://www.jra.go.jp/JRADB/accessS.html?CNAME=pw01sde1004202602061120260809%2FF1,3-8-12
3連単,PASS_HTML,350990,829,2026-08-09,pw01sde1004202602061120260809,https://www.jra.go.jp/JRADB/accessS.html?CNAME=pw01sde1004202602061120260809%2FF1,8-12-3
単勝,PASS_HTML,1020,6,2026-08-09,pw01sde1004202602061220260809,https://www.jra.go.jp/JRADB/accessS.html?CNAME=pw01sde1004202602061220260809%2FA6,17
複勝,PASS_HTML,370,7,2026-08-09,pw01sde1004202602061220260809,https://www.jra.go.jp/JRADB/accessS.html?CNAME=pw01sde1004202602061220260809%2FA6,17
複勝,PASS_HTML,240,4,2026-08-09,pw01sde1004202602061220260809,https://www.jra.go.jp/JRADB/accessS.html?CNAME=pw01sde1004202602061220260809%2FA6,6
複勝,PASS_HTML,190,2,2026-08-09,pw01sde1004202602061220260809,https://www.jra.go.jp/JRADB/accessS.html?CNAME=pw01sde1004202602061220260809%2FA6,15
枠連,PASS_HTML,1580,7,2026-08-09,pw01sde1004202602061220260809,https://www.jra.go.jp/JRADB/accessS.html?CNAME=pw01sde1004202602061220260809%2FA6,3-8
ワイド,PASS_HTML,2010,22,2026-08-09,pw01sde1004202602061220260809,https://www.jra.go.jp/JRADB/accessS.html?CNAME=pw01sde1004202602061220260809%2FA6,6-17
ワイド,PASS_HTML,1020,9,2026-08-09,pw01sde1004202602061220260809,https://www.jra.go.jp/JRADB/accessS.html?CNAME=pw01sde1004202602061220260809%2FA6,15-17
ワイド,PASS_HTML,960,8,2026-08-09,pw01sde1004202602061220260809,https://www.jra.go.jp/JRADB/accessS.html?CNAME=pw01sde1004202602061220260809%2FA6,6-15
馬連,PASS_HTML,6100,23,2026-08-09,pw01sde1004202602061220260809,https://www.jra.go.jp/JRADB/accessS.html?CNAME=pw01sde1004202602061220260809%2FA6,6-17
馬単,PASS_HTML,10420,37,2026-08-09,pw01sde1004202602061220260809,https://www.jra.go.jp/JRADB/accessS.html?CNAME=pw01sde1004202602061220260809%2FA6,17-6
3連複,PASS_HTML,10020,27,2026-08-09,pw01sde1004202602061220260809,https://www.jra.go.jp/JRADB/accessS.html?CNAME=pw01sde1004202602061220260809%2FA6,6-15-17
3連単,PASS_HTML,70620,191,2026-08-09,pw01sde1004202602061220260809,https://www.jra.go.jp/JRADB/accessS.html?CNAME=pw01sde1004202602061220260809%2FA6,17-6-15
単勝,PASS_HTML,270,1,2026-08-08,pw01sde1007202602050220260808,https://www.jra.go.jp/JRADB/accessS.html?CNAME=pw01sde1007202602050220260808%2F02,3
複勝,PASS_HTML,180,2,2026-08-08,pw01sde1007202602050220260808,https://www.jra.go.jp/JRADB/accessS.html?CNAME=pw01sde1007202602050220260808%2F02,3
複勝,PASS_HTML,500,5,2026-08-08,pw01sde1007202602050220260808,https://www.jra.go.jp/JRADB/accessS.html?CNAME=pw01sde1007202602050220260808%2F02,2
ワイド,PASS_HTML,450,7,2026-08-08,pw01sde1007202602050220260808,https://www.jra.go.jp/JRADB/accessS.html?CNAME=pw01sde1007202602050220260808%2F02,2-3
ワイド,PASS_HTML,300,4,2026-08-08,pw01sde1007202602050220260808,https://www.jra.go.jp/JRADB/accessS.html?CNAME=pw01sde1007202602050220260808%2F02,3-6
ワイド,PASS_HTML,650,10,2026-08-08,pw01sde1007202602050220260808,https://www.jra.go.jp/JRADB/accessS.html?CNAME=pw01sde1007202602050220260808%2F02,2-6
馬連,PASS_HTML,1460,7,2026-08-08,pw01sde1007202602050220260808,https://www.jra.go.jp/JRADB/accessS.html?CNAME=pw01sde1007202602050220260808%2F02,2-3
馬単,PASS_HTML,2180,11,2026-08-08,pw01sde1007202602050220260808,https://www.jra.go.jp/JRADB/accessS.html?CNAME=pw01sde1007202602050220260808%2F02,3-2
3連複,PASS_HTML,1250,7,2026-08-08,pw01sde1007202602050220260808,https://www.jra.go.jp/JRADB/accessS.html?CNAME=pw01sde1007202602050220260808%2F02,2-3-6
3連単,PASS_HTML,7820,37,2026-08-08,pw01sde1007202602050220260808,https://www.jra.go.jp/JRADB/accessS.html?CNAME=pw01sde1007202602050220260808%2F02,3-2-6
単勝,QUARANTINED_HTML:track_condition,660,2,2026-08-08,pw01sde1007202602050320260808,https://www.jra.go.jp/JRADB/accessS.html?CNAME=pw01sde1007202602050320260808%2FB7,2
複勝,QUARANTINED_HTML:track_condition,160,2,2026-08-08,pw01sde1007202602050320260808,https://www.jra.go.jp/JRADB/accessS.html?CNAME=pw01sde1007202602050320260808%2FB7,2
複勝,QUARANTINED_HTML:track_condition,110,1,2026-08-08,pw01sde1007202602050320260808,https://www.jra.go.jp/JRADB/accessS.html?CNAME=pw01sde1007202602050320260808%2FB7,8
複勝,QUARANTINED_HTML:track_condition,190,3,2026-08-08,pw01sde1007202602050320260808,https://www.jra.go.jp/JRADB/accessS.html?CNAME=pw01sde1007202602050320260808%2FB7,10
枠連,QUARANTINED_HTML:track_condition,560,1,2026-08-08,pw01sde1007202602050320260808,https://www.jra.go.jp/JRADB/accessS.html?CNAME=pw01sde1007202602050320260808%2FB7,1-4
ワイド,QUARANTINED_HTML:track_condition,240,1,2026-08-08,pw01sde1007202602050320260808,https://www.jra.go.jp/JRADB/accessS.html?CNAME=pw01sde1007202602050320260808%2FB7,2-8
ワイド,QUARANTINED_HTML:track_condition,780,9,2026-08-08,pw01sde1007202602050320260808,https://www.jra.go.jp/JRADB/accessS.html?CNAME=pw01sde1007202602050320260808%2FB7,2-10
ワイド,QUARANTINED_HTML:track_condition,330,2,2026-08-08,pw01sde1007202602050320260808,https://www.jra.go.jp/JRADB/accessS.html?CNAME=pw01sde1007202602050320260808%2FB7,8-10
馬連,QUARANTINED_HTML:track_condition,610,1,2026-08-08,pw01sde1007202602050320260808,https://www.jra.go.jp/JRADB/accessS.html?CNAME=pw01sde1007202602050320260808%2FB7,2-8
馬単,QUARANTINED_HTML:track_condition,1580,4,2026-08-08,pw01sde1007202602050320260808,https://www.jra.go.jp/JRADB/accessS.html?CNAME=pw01sde1007202602050320260808%2FB7,2-8
3連複,QUARANTINED_HTML:track_condition,1620,1,2026-08-08,pw01sde1007202602050320260808,https://www.jra.go.jp/JRADB/accessS.html?CNAME=pw01sde1007202602050320260808%2FB7,2-8-10
3連単,QUARANTINED_HTML:track_condition,9010,16,2026-08-08,pw01sde1007202602050320260808,https://www.jra.go.jp/JRADB/accessS.html?CNAME=pw01sde1007202602050320260808%2FB7,2-8-10
単勝,PASS_HTML,110,1,2026-08-08,pw01sde1007202602050520260808,https://www.jra.go.jp/JRADB/accessS.html?CNAME=pw01sde1007202602050520260808%2F21,3
複勝,PASS_HTML,100,1,2026-08-08,pw01sde1007202602050520260808,https://www.jra.go.jp/JRADB/accessS.html?CNAME=pw01sde1007202602050520260808%2F21,3
複勝,PASS_HTML,200,4,2026-08-08,pw01sde1007202602050520260808,https://www.jra.go.jp/JRADB/accessS.html?CNAME=pw01sde1007202602050520260808%2F21,4
複勝,PASS_HTML,130,3,2026-08-08,pw01sde1007202602050520260808,https://www.jra.go.jp/JRADB/accessS.html?CNAME=pw01sde1007202602050520260808%2F21,5
ワイド,PASS_HTML,490,4,2026-08-08,pw01sde1007202602050520260808,https://www.jra.go.jp/JRADB/accessS.html?CNAME=pw01sde1007202602050520260808%2F21,3-4
ワイド,PASS_HTML,200,2,2026-08-08,pw01sde1007202602050520260808,https://www.jra.go.jp/JRADB/accessS.html?CNAME=pw01sde1007202602050520260808%2F21,3-5
ワイド,PASS_HTML,810,8,2026-08-08,pw01sde1007202602050520260808,https://www.jra.go.jp/JRADB/accessS.html?CNAME=pw01sde1007202602050520260808%2F21,4-5
馬連,PASS_HTML,1160,3,2026-08-08,pw01sde1007202602050520260808,https://www.jra.go.jp/JRADB/accessS.html?CNAME=pw01sde1007202602050520260808%2F21,3-4
馬単,PASS_HTML,1510,5,2026-08-08,pw01sde1007202602050520260808,https://www.jra.go.jp/JRADB/accessS.html?CNAME=pw01sde1007202602050520260808%2F21,3-4
3連複,PASS_HTML,1300,5,2026-08-08,pw01sde1007202602050520260808,https://www.jra.go.jp/JRADB/accessS.html?CNAME=pw01sde1007202602050520260808%2F21,3-4-5
3連単,PASS_HTML,3870,11,2026-08-08,pw01sde1007202602050520260808,https://www.jra.go.jp/JRADB/accessS.html?CNAME=pw01sde1007202602050520260808%2F21,3-4-5
単勝,QUARANTINED_HTML:track_condition,320,1,2026-08-08,pw01sde1007202602050420260808,https://www.jra.go.jp/JRADB/accessS.html?CNAME=pw01sde1007202602050420260808%2F6C,5
複勝,QUARANTINED_HTML:track_condition,190,2,2026-08-08,pw01sde1007202602050420260808,https://www.jra.go.jp/JRADB/accessS.html?CNAME=pw01sde1007202602050420260808%2F6C,5
複勝,QUARANTINED_HTML:track_condition,610,7,2026-08-08,pw01sde1007202602050420260808,https://www.jra.go.jp/JRADB/accessS.html?CNAME=pw01sde1007202602050420260808%2F6C,8
複勝,QUARANTINED_HTML:track_condition,1410,13,2026-08-08,pw01sde1007202602050420260808,https://www.jra.go.jp/JRADB/accessS.html?CNAME=pw01sde1007202602050420260808%2F6C,2
枠連,QUARANTINED_HTML:track_condition,540,2,2026-08-08,pw01sde1007202602050420260808,https://www.jra.go.jp/JRADB/accessS.html?CNAME=pw01sde1007202602050420260808%2F6C,3-4
ワイド,QUARANTINED_HTML:track_condition,1320,13,2026-08-08,pw01sde1007202602050420260808,https://www.jra.go.jp/JRADB/accessS.html?CNAME=pw01sde1007202602050420260808%2F6C,5-8
ワイド,QUARANTINED_HTML:track_condition,3600,37,2026-08-08,pw01sde1007202602050420260808,https://www.jra.go.jp/JRADB/accessS.html?CNAME=pw01sde1007202602050420260808%2F6C,2-5
ワイド,QUARANTINED_HTML:track_condition,18870,80,2026-08-08,pw01sde1007202602050420260808,https://www.jra.go.jp/JRADB/accessS.html?CNAME=pw01sde1007202602050420260808%2F6C,2-8
馬連,QUARANTINED_HTML:track_condition,4520,14,2026-08-08,pw01sde1007202602050420260808,https://www.jra.go.jp/JRADB/accessS.html?CNAME=pw01sde1007202602050420260808%2F6C,5-8
馬単,QUARANTINED_HTML:track_condition,6930,21,2026-08-08,pw01sde1007202602050420260808,https://www.jra.go.jp/JRADB/accessS.html?CNAME=pw01sde1007202602050420260808%2F6C,5-8
3連複,QUARANTINED_HTML:track_condition,61160,128,2026-08-08,pw01sde1007202602050420260808,https://www.jra.go.jp/JRADB/accessS.html?CNAME=pw01sde1007202602050420260808%2F6C,2-5-8
3連単,QUARANTINED_HTML:track_condition,191380,488,2026-08-08,pw01sde1007202602050420260808,https://www.jra.go.jp/JRADB/accessS.html?CNAME=pw01sde1007202602050420260808%2F6C,5-8-2
単勝,PASS_HTML,360,1,2026-08-08,pw01sde1007202602050620260808,https://www.jra.go.jp/JRADB/accessS.html?CNAME=pw01sde1007202602050620260808%2FD6,4
複勝,PASS_HTML,170,2,2026-08-08,pw01sde1007202602050620260808,https://www.jra.go.jp/JRADB/accessS.html?CNAME=pw01sde1007202602050620260808%2FD6,4
複勝,PASS_HTML,190,4,2026-08-08,pw01sde1007202602050620260808,https://www.jra.go.jp/JRADB/accessS.html?CNAME=pw01sde1007202602050620260808%2FD6,8
複勝,PASS_HTML,460,7,2026-08-08,pw01sde1007202602050620260808,https://www.jra.go.jp/JRADB/accessS.html?CNAME=pw01sde1007202602050620260808%2FD6,10
枠連,PASS_HTML,930,5,2026-08-08,pw01sde1007202602050620260808,https://www.jra.go.jp/JRADB/accessS.html?CNAME=pw01sde1007202602050620260808%2FD6,4-7
ワイド,PASS_HTML,400,2,2026-08-08,pw01sde1007202602050620260808,https://www.jra.go.jp/JRADB/accessS.html?CNAME=pw01sde1007202602050620260808%2FD6,4-8
ワイド,PASS_HTML,1170,17,2026-08-08,pw01sde1007202602050620260808,https://www.jra.go.jp/JRADB/accessS.html?CNAME=pw01sde1007202602050620260808%2FD6,4-10
ワイド,PASS_HTML,1480,20,2026-08-08,pw01sde1007202602050620260808,https://www.jra.go.jp/JRADB/accessS.html?CNAME=pw01sde1007202602050620260808%2FD6,8-10
馬連,PASS_HTML,910,3,2026-08-08,pw01sde1007202602050620260808,https://www.jra.go.jp/JRADB/accessS.html?CNAME=pw01sde1007202602050620260808%2FD6,4-8
馬単,PASS_HTML,1540,3,2026-08-08,pw01sde1007202602050620260808,https://www.jra.go.jp/JRADB/accessS.html?CNAME=pw01sde1007202602050620260808%2FD6,4-8
3連複,PASS_HTML,4880,20,2026-08-08,pw01sde1007202602050620260808,https://www.jra.go.jp/JRADB/accessS.html?CNAME=pw01sde1007202602050620260808%2FD6,4-8-10
3連単,PASS_HTML,15800,41,2026-08-08,pw01sde1007202602050620260808,https://www.jra.go.jp/JRADB/accessS.html?CNAME=pw01sde1007202602050620260808%2FD6,4-8-10
単勝,QUARANTINED_HTML:track_condition,360,2,2026-08-08,pw01sde1007202602050720260808,https://www.jra.go.jp/JRADB/accessS.html?CNAME=pw01sde1007202602050720260808%2F8B,3
複勝,QUARANTINED_HTML:track_condition,160,2,2026-08-08,pw01sde1007202602050720260808,https://www.jra.go.jp/JRADB/accessS.html?CNAME=pw01sde1007202602050720260808%2F8B,3
複勝,QUARANTINED_HTML:track_condition,890,8,2026-08-08,pw01sde1007202602050720260808,https://www.jra.go.jp/JRADB/accessS.html?CNAME=pw01sde1007202602050720260808%2F8B,5
複勝,QUARANTINED_HTML:track_condition,350,5,2026-08-08,pw01sde1007202602050720260808,https://www.jra.go.jp/JRADB/accessS.html?CNAME=pw01sde1007202602050720260808%2F8B,8
ワイド,QUARANTINED_HTML:track_condition,1900,20,2026-08-08,pw01sde1007202602050720260808,https://www.jra.go.jp/JRADB/accessS.html?CNAME=pw01sde1007202602050720260808%2F8B,3-5
ワイド,QUARANTINED_HTML:track_condition,910,9,2026-08-08,pw01sde1007202602050720260808,https://www.jra.go.jp/JRADB/accessS.html?CNAME=pw01sde1007202602050720260808%2F8B,3-8
ワイド,QUARANTINED_HTML:track_condition,3890,26,2026-08-08,pw01sde1007202602050720260808,https://www.jra.go.jp/JRADB/accessS.html?CNAME=pw01sde1007202602050720260808%2F8B,5-8
馬連,QUARANTINED_HTML:track_condition,7440,20,2026-08-08,pw01sde1007202602050720260808,https://www.jra.go.jp/JRADB/accessS.html?CNAME=pw01sde1007202602050720260808%2F8B,3-5
馬単,QUARANTINED_HTML:track_condition,10390,33,2026-08-08,pw01sde1007202602050720260808,https://www.jra.go.jp/JRADB/accessS.html?CNAME=pw01sde1007202602050720260808%2F8B,3-5
3連複,QUARANTINED_HTML:track_condition,18500,42,2026-08-08,pw01sde1007202602050720260808,https://www.jra.go.jp/JRADB/accessS.html?CNAME=pw01sde1007202602050720260808%2F8B,3-5-8
3連単,QUARANTINED_HTML:track_condition,91740,194,2026-08-08,pw01sde1007202602050720260808,https://www.jra.go.jp/JRADB/accessS.html?CNAME=pw01sde1007202602050720260808%2F8B,3-5-8
単勝,QUARANTINED_HTML:track_condition,170,1,2026-08-08,pw01sde1007202602050820260808,https://www.jra.go.jp/JRADB/accessS.html?CNAME=pw01sde1007202602050820260808%2F40,9
複勝,QUARANTINED_HTML:track_condition,110,1,2026-08-08,pw01sde1007202602050820260808,https://www.jra.go.jp/JRADB/accessS.html?CNAME=pw01sde1007202602050820260808%2F40,9
複勝,QUARANTINED_HTML:track_condition,720,9,2026-08-08,pw01sde1007202602050820260808,https://www.jra.go.jp/JRADB/accessS.html?CNAME=pw01sde1007202602050820260808%2F40,3
複勝,QUARANTINED_HTML:track_condition,180,2,2026-08-08,pw01sde1007202602050820260808,https://www.jra.go.jp/JRADB/accessS.html?CNAME=pw01sde1007202602050820260808%2F40,10
枠連,QUARANTINED_HTML:track_condition,2900,9,2026-08-08,pw01sde1007202602050820260808,https://www.jra.go.jp/JRADB/accessS.html?CNAME=pw01sde1007202602050820260808%2F40,3-7
ワイド,QUARANTINED_HTML:track_condition,1250,15,2026-08-08,pw01sde1007202602050820260808,https://www.jra.go.jp/JRADB/accessS.html?CNAME=pw01sde1007202602050820260808%2F40,3-9
ワイド,QUARANTINED_HTML:track_condition,290,2,2026-08-08,pw01sde1007202602050820260808,https://www.jra.go.jp/JRADB/accessS.html?CNAME=pw01sde1007202602050820260808%2F40,9-10
ワイド,QUARANTINED_HTML:track_condition,2540,28,2026-08-08,pw01sde1007202602050820260808,https://www.jra.go.jp/JRADB/accessS.html?CNAME=pw01sde1007202602050820260808%2F40,3-10
馬連,QUARANTINED_HTML:track_condition,3440,14,2026-08-08,pw01sde1007202602050820260808,https://www.jra.go.jp/JRADB/accessS.html?CNAME=pw01sde1007202602050820260808%2F40,3-9
馬単,QUARANTINED_HTML:track_condition,4390,15,2026-08-08,pw01sde1007202602050820260808,https://www.jra.go.jp/JRADB/accessS.html?CNAME=pw01sde1007202602050820260808%2F40,9-3
3連複,QUARANTINED_HTML:track_condition,5230,21,2026-08-08,pw01sde1007202602050820260808,https://www.jra.go.jp/JRADB/accessS.html?CNAME=pw01sde1007202602050820260808%2F40,3-9-10
3連単,QUARANTINED_HTML:track_condition,26110,87,2026-08-08,pw01sde1007202602050820260808,https://www.jra.go.jp/JRADB/accessS.html?CNAME=pw01sde1007202602050820260808%2F40,9-3-10
単勝,PASS_HTML,580,2,2026-08-08,pw01sde1007202602050920260808,https://www.jra.go.jp/JRADB/accessS.html?CNAME=pw01sde1007202602050920260808%2FF5,3
複勝,PASS_HTML,230,2,2026-08-08,pw01sde1007202602050920260808,https://www.jra.go.jp/JRADB/accessS.html?CNAME=pw01sde1007202602050920260808%2FF5,3
複勝,PASS_HTML,1310,9,2026-08-08,pw01sde1007202602050920260808,https://www.jra.go.jp/JRADB/accessS.html?CNAME=pw01sde1007202602050920260808%2FF5,10
複勝,PASS_HTML,440,5,2026-08-08,pw01sde1007202602050920260808,https://www.jra.go.jp/JRADB/accessS.html?CNAME=pw01sde1007202602050920260808%2FF5,4
枠連,PASS_HTML,4920,14,2026-08-08,pw01sde1007202602050920260808,https://www.jra.go.jp/JRADB/accessS.html?CNAME=pw01sde1007202602050920260808%2FF5,3-8
ワイド,PASS_HTML,2240,23,2026-08-08,pw01sde1007202602050920260808,https://www.jra.go.jp/JRADB/accessS.html?CNAME=pw01sde1007202602050920260808%2FF5,3-10
ワイド,PASS_HTML,1050,11,2026-08-08,pw01sde1007202602050920260808,https://www.jra.go.jp/JRADB/accessS.html?CNAME=pw01sde1007202602050920260808%2FF5,3-4
ワイド,PASS_HTML,5400,37,2026-08-08,pw01sde1007202602050920260808,https://www.jra.go.jp/JRADB/accessS.html?CNAME=pw01sde1007202602050920260808%2FF5,4-10
馬連,PASS_HTML,8870,23,2026-08-08,pw01sde1007202602050920260808,https://www.jra.go.jp/JRADB/accessS.html?CNAME=pw01sde1007202602050920260808%2FF5,3-10
馬単,PASS_HTML,15180,39,2026-08-08,pw01sde1007202602050920260808,https://www.jra.go.jp/JRADB/accessS.html?CNAME=pw01sde1007202602050920260808%2FF5,3-10
3連複,PASS_HTML,29410,66,2026-08-08,pw01sde1007202602050920260808,https://www.jra.go.jp/JRADB/accessS.html?CNAME=pw01sde1007202602050920260808%2FF5,3-4-10
3連単,PASS_HTML,143990,288,2026-08-08,pw01sde1007202602050920260808,https://www.jra.go.jp/JRADB/accessS.html?CNAME=pw01sde1007202602050920260808%2FF5,3-10-4
単勝,QUARANTINED_HTML:track_condition,640,5,2026-08-08,pw01sde1007202602051020260808,https://www.jra.go.jp/JRADB/accessS.html?CNAME=pw01sde1007202602051020260808%2FEA,15
複勝,QUARANTINED_HTML:track_condition,190,4,2026-08-08,pw01sde1007202602051020260808,https://www.jra.go.jp/JRADB/accessS.html?CNAME=pw01sde1007202602051020260808%2FEA,15
複勝,QUARANTINED_HTML:track_condition,150,1,2026-08-08,pw01sde1007202602051020260808,https://www.jra.go.jp/JRADB/accessS.html?CNAME=pw01sde1007202602051020260808%2FEA,4
複勝,QUARANTINED_HTML:track_condition,210,5,2026-08-08,pw01sde1007202602051020260808,https://www.jra.go.jp/JRADB/accessS.html?CNAME=pw01sde1007202602051020260808%2FEA,16
枠連,QUARANTINED_HTML:track_condition,550,1,2026-08-08,pw01sde1007202602051020260808,https://www.jra.go.jp/JRADB/accessS.html?CNAME=pw01sde1007202602051020260808%2FEA,2-8
ワイド,QUARANTINED_HTML:track_condition,420,3,2026-08-08,pw01sde1007202602051020260808,https://www.jra.go.jp/JRADB/accessS.html?CNAME=pw01sde1007202602051020260808%2FEA,4-15
ワイド,QUARANTINED_HTML:track_condition,540,5,2026-08-08,pw01sde1007202602051020260808,https://www.jra.go.jp/JRADB/accessS.html?CNAME=pw01sde1007202602051020260808%2FEA,15-16
ワイド,QUARANTINED_HTML:track_condition,410,2,2026-08-08,pw01sde1007202602051020260808,https://www.jra.go.jp/JRADB/accessS.html?CNAME=pw01sde1007202602051020260808%2FEA,4-16
馬連,QUARANTINED_HTML:track_condition,1210,3,2026-08-08,pw01sde1007202602051020260808,https://www.jra.go.jp/JRADB/accessS.html?CNAME=pw01sde1007202602051020260808%2FEA,4-15
馬単,QUARANTINED_HTML:track_condition,2640,8,2026-08-08,pw01sde1007202602051020260808,https://www.jra.go.jp/JRADB/accessS.html?CNAME=pw01sde1007202602051020260808%2FEA,15-4
3連複,QUARANTINED_HTML:track_condition,2060,2,2026-08-08,pw01sde1007202602051020260808,https://www.jra.go.jp/JRADB/accessS.html?CNAME=pw01sde1007202602051020260808%2FEA,4-15-16
3連単,QUARANTINED_HTML:track_condition,12740,23,2026-08-08,pw01sde1007202602051020260808,https://www.jra.go.jp/JRADB/accessS.html?CNAME=pw01sde1007202602051020260808%2FEA,15-4-16
単勝,PASS_HTML,150,1,2026-08-08,pw01sde1007202602051120260808,https://www.jra.go.jp/JRADB/accessS.html?CNAME=pw01sde1007202602051120260808%2F9F,4
複勝,PASS_HTML,110,1,2026-08-08,pw01sde1007202602051120260808,https://www.jra.go.jp/JRADB/accessS.html?CNAME=pw01sde1007202602051120260808%2F9F,4
複勝,PASS_HTML,610,8,2026-08-08,pw01sde1007202602051120260808,https://www.jra.go.jp/JRADB/accessS.html?CNAME=pw01sde1007202602051120260808%2F9F,5
複勝,PASS_HTML,200,3,2026-08-08,pw01sde1007202602051120260808,https://www.jra.go.jp/JRADB/accessS.html?CNAME=pw01sde1007202602051120260808%2F9F,9
枠連,PASS_HTML,710,2,2026-08-08,pw01sde1007202602051120260808,https://www.jra.go.jp/JRADB/accessS.html?CNAME=pw01sde1007202602051120260808%2F9F,4-5
ワイド,PASS_HTML,1100,14,2026-08-08,pw01sde1007202602051120260808,https://www.jra.go.jp/JRADB/accessS.html?CNAME=pw01sde1007202602051120260808%2F9F,4-5
ワイド,PASS_HTML,330,2,2026-08-08,pw01sde1007202602051120260808,https://www.jra.go.jp/JRADB/accessS.html?CNAME=pw01sde1007202602051120260808%2F9F,4-9
ワイド,PASS_HTML,3160,25,2026-08-08,pw01sde1007202602051120260808,https://www.jra.go.jp/JRADB/accessS.html?CNAME=pw01sde1007202602051120260808%2F9F,5-9
馬連,PASS_HTML,2770,8,2026-08-08,pw01sde1007202602051120260808,https://www.jra.go.jp/JRADB/accessS.html?CNAME=pw01sde1007202602051120260808%2F9F,4-5
馬単,PASS_HTML,3350,12,2026-08-08,pw01sde1007202602051120260808,https://www.jra.go.jp/JRADB/accessS.html?CNAME=pw01sde1007202602051120260808%2F9F,4-5
3連複,PASS_HTML,5140,14,2026-08-08,pw01sde1007202602051120260808,https://www.jra.go.jp/JRADB/accessS.html?CNAME=pw01sde1007202602051120260808%2F9F,4-5-9
3連単,PASS_HTML,17060,53,2026-08-08,pw01sde1007202602051120260808,https://www.jra.go.jp/JRADB/accessS.html?CNAME=pw01sde1007202602051120260808%2F9F,4-5-9
単勝,PASS_HTML,550,3,2026-08-09,pw01sde1007202602060220260809,https://www.jra.go.jp/JRADB/accessS.html?CNAME=pw01sde1007202602060220260809%2F32,2
複勝,PASS_HTML,120,3,2026-08-09,pw01sde1007202602060220260809,https://www.jra.go.jp/JRADB/accessS.html?CNAME=pw01sde1007202602060220260809%2F32,2
複勝,PASS_HTML,110,1,2026-08-09,pw01sde1007202602060220260809,https://www.jra.go.jp/JRADB/accessS.html?CNAME=pw01sde1007202602060220260809%2F32,3
複勝,PASS_HTML,110,2,2026-08-09,pw01sde1007202602060220260809,https://www.jra.go.jp/JRADB/accessS.html?CNAME=pw01sde1007202602060220260809%2F32,1
枠連,PASS_HTML,600,2,2026-08-09,pw01sde1007202602060220260809,https://www.jra.go.jp/JRADB/accessS.html?CNAME=pw01sde1007202602060220260809%2F32,2-3
ワイド,PASS_HTML,210,2,2026-08-09,pw01sde1007202602060220260809,https://www.jra.go.jp/JRADB/accessS.html?CNAME=pw01sde1007202602060220260809%2F32,2-3
ワイド,PASS_HTML,220,3,2026-08-09,pw01sde1007202602060220260809,https://www.jra.go.jp/JRADB/accessS.html?CNAME=pw01sde1007202602060220260809%2F32,1-2
ワイド,PASS_HTML,140,1,2026-08-09,pw01sde1007202602060220260809,https://www.jra.go.jp/JRADB/accessS.html?CNAME=pw01sde1007202602060220260809%2F32,1-3
馬連,PASS_HTML,560,2,2026-08-09,pw01sde1007202602060220260809,https://www.jra.go.jp/JRADB/accessS.html?CNAME=pw01sde1007202602060220260809%2F32,2-3
馬単,PASS_HTML,1320,5,2026-08-09,pw01sde1007202602060220260809,https://www.jra.go.jp/JRADB/accessS.html?CNAME=pw01sde1007202602060220260809%2F32,2-3
3連複,PASS_HTML,270,1,2026-08-09,pw01sde1007202602060220260809,https://www.jra.go.jp/JRADB/accessS.html?CNAME=pw01sde1007202602060220260809%2F32,1-2-3
3連単,PASS_HTML,2310,5,2026-08-09,pw01sde1007202602060220260809,https://www.jra.go.jp/JRADB/accessS.html?CNAME=pw01sde1007202602060220260809%2F32,2-3-1
単勝,PASS_HTML,350,1,2026-08-08,pw01sde1007202602051220260808,https://www.jra.go.jp/JRADB/accessS.html?CNAME=pw01sde1007202602051220260808%2F54,15
複勝,PASS_HTML,180,1,2026-08-08,pw01sde1007202602051220260808,https://www.jra.go.jp/JRADB/accessS.html?CNAME=pw01sde1007202602051220260808%2F54,15
複勝,PASS_HTML,230,4,2026-08-08,pw01sde1007202602051220260808,https://www.jra.go.jp/JRADB/accessS.html?CNAME=pw01sde1007202602051220260808%2F54,7
複勝,PASS_HTML,1120,14,2026-08-08,pw01sde1007202602051220260808,https://www.jra.go.jp/JRADB/accessS.html?CNAME=pw01sde1007202602051220260808%2F54,4
枠連,PASS_HTML,1560,6,2026-08-08,pw01sde1007202602051220260808,https://www.jra.go.jp/JRADB/accessS.html?CNAME=pw01sde1007202602051220260808%2F54,4-7
ワイド,PASS_HTML,570,4,2026-08-08,pw01sde1007202602051220260808,https://www.jra.go.jp/JRADB/accessS.html?CNAME=pw01sde1007202602051220260808%2F54,7-15
ワイド,PASS_HTML,2240,27,2026-08-08,pw01sde1007202602051220260808,https://www.jra.go.jp/JRADB/accessS.html?CNAME=pw01sde1007202602051220260808%2F54,4-15
ワイド,PASS_HTML,4610,52,2026-08-08,pw01sde1007202602051220260808,https://www.jra.go.jp/JRADB/accessS.html?CNAME=pw01sde1007202602051220260808%2F54,4-7
馬連,PASS_HTML,1330,3,2026-08-08,pw01sde1007202602051220260808,https://www.jra.go.jp/JRADB/accessS.html?CNAME=pw01sde1007202602051220260808%2F54,7-15
馬単,PASS_HTML,2970,5,2026-08-08,pw01sde1007202602051220260808,https://www.jra.go.jp/JRADB/accessS.html?CNAME=pw01sde1007202602051220260808%2F54,15-7
3連複,PASS_HTML,19250,66,2026-08-08,pw01sde1007202602051220260808,https://www.jra.go.jp/JRADB/accessS.html?CNAME=pw01sde1007202602051220260808%2F54,4-7-15
3連単,PASS_HTML,83200,264,2026-08-08,pw01sde1007202602051220260808,https://www.jra.go.jp/JRADB/accessS.html?CNAME=pw01sde1007202602051220260808%2F54,15-7-4
単勝,PASS_HTML,150,1,2026-08-09,pw01sde1007202602060320260809,https://www.jra.go.jp/JRADB/accessS.html?CNAME=pw01sde1007202602060320260809%2FE7,6
複勝,PASS_HTML,100,1,2026-08-09,pw01sde1007202602060320260809,https://www.jra.go.jp/JRADB/accessS.html?CNAME=pw01sde1007202602060320260809%2FE7,6
複勝,PASS_HTML,100,2,2026-08-09,pw01sde1007202602060320260809,https://www.jra.go.jp/JRADB/accessS.html?CNAME=pw01sde1007202602060320260809%2FE7,2
複勝,PASS_HTML,120,3,2026-08-09,pw01sde1007202602060320260809,https://www.jra.go.jp/JRADB/accessS.html?CNAME=pw01sde1007202602060320260809%2FE7,7
ワイド,PASS_HTML,110,1,2026-08-09,pw01sde1007202602060320260809,https://www.jra.go.jp/JRADB/accessS.html?CNAME=pw01sde1007202602060320260809%2FE7,2-6
ワイド,PASS_HTML,180,2,2026-08-09,pw01sde1007202602060320260809,https://www.jra.go.jp/JRADB/accessS.html?CNAME=pw01sde1007202602060320260809%2FE7,6-7
ワイド,PASS_HTML,240,4,2026-08-09,pw01sde1007202602060320260809,https://www.jra.go.jp/JRADB/accessS.html?CNAME=pw01sde1007202602060320260809%2FE7,2-7
馬連,PASS_HTML,160,1,2026-08-09,pw01sde1007202602060320260809,https://www.jra.go.jp/JRADB/accessS.html?CNAME=pw01sde1007202602060320260809%2FE7,2-6
馬単,PASS_HTML,230,1,2026-08-09,pw01sde1007202602060320260809,https://www.jra.go.jp/JRADB/accessS.html?CNAME=pw01sde1007202602060320260809%2FE7,6-2
3連複,PASS_HTML,250,1,2026-08-09,pw01sde1007202602060320260809,https://www.jra.go.jp/JRADB/accessS.html?CNAME=pw01sde1007202602060320260809%2FE7,2-6-7
3連単,PASS_HTML,820,2,2026-08-09,pw01sde1007202602060320260809,https://www.jra.go.jp/JRADB/accessS.html?CNAME=pw01sde1007202602060320260809%2FE7,6-2-7
単勝,QUARANTINED_HTML:track_condition,210,1,2026-08-09,pw01sde1007202602060420260809,https://www.jra.go.jp/JRADB/accessS.html?CNAME=pw01sde1007202602060420260809%2F9C,13
複勝,QUARANTINED_HTML:track_condition,120,1,2026-08-09,pw01sde1007202602060420260809,https://www.jra.go.jp/JRADB/accessS.html?CNAME=pw01sde1007202602060420260809%2F9C,13
複勝,QUARANTINED_HTML:track_condition,160,3,2026-08-09,pw01sde1007202602060420260809,https://www.jra.go.jp/JRADB/accessS.html?CNAME=pw01sde1007202602060420260809%2F9C,6
複勝,QUARANTINED_HTML:track_condition,360,7,2026-08-09,pw01sde1007202602060420260809,https://www.jra.go.jp/JRADB/accessS.html?CNAME=pw01sde1007202602060420260809%2F9C,1
枠連,QUARANTINED_HTML:track_condition,530,2,2026-08-09,pw01sde1007202602060420260809,https://www.jra.go.jp/JRADB/accessS.html?CNAME=pw01sde1007202602060420260809%2F9C,3-7
ワイド,QUARANTINED_HTML:track_condition,290,2,2026-08-09,pw01sde1007202602060420260809,https://www.jra.go.jp/JRADB/accessS.html?CNAME=pw01sde1007202602060420260809%2F9C,6-13
ワイド,QUARANTINED_HTML:track_condition,920,9,2026-08-09,pw01sde1007202602060420260809,https://www.jra.go.jp/JRADB/accessS.html?CNAME=pw01sde1007202602060420260809%2F9C,1-13
ワイド,QUARANTINED_HTML:track_condition,1540,18,2026-08-09,pw01sde1007202602060420260809,https://www.jra.go.jp/JRADB/accessS.html?CNAME=pw01sde1007202602060420260809%2F9C,1-6
馬連,QUARANTINED_HTML:track_condition,600,2,2026-08-09,pw01sde1007202602060420260809,https://www.jra.go.jp/JRADB/accessS.html?CNAME=pw01sde1007202602060420260809%2F9C,6-13
馬単,QUARANTINED_HTML:track_condition,1040,3,2026-08-09,pw01sde1007202602060420260809,https://www.jra.go.jp/JRADB/accessS.html?CNAME=pw01sde1007202602060420260809%2F9C,13-6
3連複,QUARANTINED_HTML:track_condition,3540,10,2026-08-09,pw01sde1007202602060420260809,https://www.jra.go.jp/JRADB/accessS.html?CNAME=pw01sde1007202602060420260809%2F9C,1-6-13
3連単,QUARANTINED_HTML:track_condition,9430,21,2026-08-09,pw01sde1007202602060420260809,https://www.jra.go.jp/JRADB/accessS.html?CNAME=pw01sde1007202602060420260809%2F9C,13-6-1
単勝,PASS_HTML,340,2,2026-08-09,pw01sde1007202602060620260809,https://www.jra.go.jp/JRADB/accessS.html?CNAME=pw01sde1007202602060620260809%2F06,5
複勝,PASS_HTML,180,2,2026-08-09,pw01sde1007202602060620260809,https://www.jra.go.jp/JRADB/accessS.html?CNAME=pw01sde1007202602060620260809%2F06,5
複勝,PASS_HTML,230,4,2026-08-09,pw01sde1007202602060620260809,https://www.jra.go.jp/JRADB/accessS.html?CNAME=pw01sde1007202602060620260809%2F06,2
ワイド,PASS_HTML,240,5,2026-08-09,pw01sde1007202602060620260809,https://www.jra.go.jp/JRADB/accessS.html?CNAME=pw01sde1007202602060620260809%2F06,2-5
ワイド,PASS_HTML,180,1,2026-08-09,pw01sde1007202602060620260809,https://www.jra.go.jp/JRADB/accessS.html?CNAME=pw01sde1007202602060620260809%2F06,1-5
ワイド,PASS_HTML,210,3,2026-08-09,pw01sde1007202602060620260809,https://www.jra.go.jp/JRADB/accessS.html?CNAME=pw01sde1007202602060620260809%2F06,1-2
馬連,PASS_HTML,790,4,2026-08-09,pw01sde1007202602060620260809,https://www.jra.go.jp/JRADB/accessS.html?CNAME=pw01sde1007202602060620260809%2F06,2-5
馬単,PASS_HTML,1500,9,2026-08-09,pw01sde1007202602060620260809,https://www.jra.go.jp/JRADB/accessS.html?CNAME=pw01sde1007202602060620260809%2F06,5-2
3連複,PASS_HTML,570,3,2026-08-09,pw01sde1007202602060620260809,https://www.jra.go.jp/JRADB/accessS.html?CNAME=pw01sde1007202602060620260809%2F06,1-2-5
3連単,PASS_HTML,3990,17,2026-08-09,pw01sde1007202602060620260809,https://www.jra.go.jp/JRADB/accessS.html?CNAME=pw01sde1007202602060620260809%2F06,5-2-1
単勝,QUARANTINED_HTML:track_condition,3860,8,2026-08-09,pw01sde1007202602060520260809,https://www.jra.go.jp/JRADB/accessS.html?CNAME=pw01sde1007202602060520260809%2F51,7
複勝,QUARANTINED_HTML:track_condition,700,10,2026-08-09,pw01sde1007202602060520260809,https://www.jra.go.jp/JRADB/accessS.html?CNAME=pw01sde1007202602060520260809%2F51,7
複勝,QUARANTINED_HTML:track_condition,330,5,2026-08-09,pw01sde1007202602060520260809,https://www.jra.go.jp/JRADB/accessS.html?CNAME=pw01sde1007202602060520260809%2F51,8
複勝,QUARANTINED_HTML:track_condition,130,1,2026-08-09,pw01sde1007202602060520260809,https://www.jra.go.jp/JRADB/accessS.html?CNAME=pw01sde1007202602060520260809%2F51,14
枠連,QUARANTINED_HTML:track_condition,20450,30,2026-08-09,pw01sde1007202602060520260809,https://www.jra.go.jp/JRADB/accessS.html?CNAME=pw01sde1007202602060520260809%2F51,4-4
ワイド,QUARANTINED_HTML:track_condition,5750,47,2026-08-09,pw01sde1007202602060520260809,https://www.jra.go.jp/JRADB/accessS.html?CNAME=pw01sde1007202602060520260809%2F51,7-8
ワイド,QUARANTINED_HTML:track_condition,1780,17,2026-08-09,pw01sde1007202602060520260809,https://www.jra.go.jp/JRADB/accessS.html?CNAME=pw01sde1007202602060520260809%2F51,7-14
ワイド,QUARANTINED_HTML:track_condition,750,7,2026-08-09,pw01sde1007202602060520260809,https://www.jra.go.jp/JRADB/accessS.html?CNAME=pw01sde1007202602060520260809%2F51,8-14
馬連,QUARANTINED_HTML:track_condition,22900,42,2026-08-09,pw01sde1007202602060520260809,https://www.jra.go.jp/JRADB/accessS.html?CNAME=pw01sde1007202602060520260809%2F51,7-8
馬単,QUARANTINED_HTML:track_condition,51190,84,2026-08-09,pw01sde1007202602060520260809,https://www.jra.go.jp/JRADB/accessS.html?CNAME=pw01sde1007202602060520260809%2F51,7-8
3連複,QUARANTINED_HTML:track_condition,18430,48,2026-08-09,pw01sde1007202602060520260809,https://www.jra.go.jp/JRADB/accessS.html?CNAME=pw01sde1007202602060520260809%2F51,7-8-14
3連単,QUARANTINED_HTML:track_condition,245820,536,2026-08-09,pw01sde1007202602060520260809,https://www.jra.go.jp/JRADB/accessS.html?CNAME=pw01sde1007202602060520260809%2F51,7-8-14
単勝,PASS_HTML,3510,12,2026-08-09,pw01sde1007202602060720260809,https://www.jra.go.jp/JRADB/accessS.html?CNAME=pw01sde1007202602060720260809%2FBB,2
複勝,PASS_HTML,640,10,2026-08-09,pw01sde1007202602060720260809,https://www.jra.go.jp/JRADB/accessS.html?CNAME=pw01sde1007202602060720260809%2FBB,2
複勝,PASS_HTML,190,2,2026-08-09,pw01sde1007202602060720260809,https://www.jra.go.jp/JRADB/accessS.html?CNAME=pw01sde1007202602060720260809%2FBB,3
複勝,PASS_HTML,250,3,2026-08-09,pw01sde1007202602060720260809,https://www.jra.go.jp/JRADB/accessS.html?CNAME=pw01sde1007202602060720260809%2FBB,6
枠連,PASS_HTML,4520,21,2026-08-09,pw01sde1007202602060720260809,https://www.jra.go.jp/JRADB/accessS.html?CNAME=pw01sde1007202602060720260809%2FBB,1-2
ワイド,PASS_HTML,2260,27,2026-08-09,pw01sde1007202602060720260809,https://www.jra.go.jp/JRADB/accessS.html?CNAME=pw01sde1007202602060720260809%2FBB,2-3
ワイド,PASS_HTML,2830,38,2026-08-09,pw01sde1007202602060720260809,https://www.jra.go.jp/JRADB/accessS.html?CNAME=pw01sde1007202602060720260809%2FBB,2-6
ワイド,PASS_HTML,750,3,2026-08-09,pw01sde1007202602060720260809,https://www.jra.go.jp/JRADB/accessS.html?CNAME=pw01sde1007202602060720260809%2FBB,3-6
馬連,PASS_HTML,9220,37,2026-08-09,pw01sde1007202602060720260809,https://www.jra.go.jp/JRADB/accessS.html?CNAME=pw01sde1007202602060720260809%2FBB,2-3
馬単,PASS_HTML,25490,94,2026-08-09,pw01sde1007202602060720260809,https://www.jra.go.jp/JRADB/accessS.html?CNAME=pw01sde1007202602060720260809%2FBB,2-3
3連複,PASS_HTML,19470,66,2026-08-09,pw01sde1007202602060720260809,https://www.jra.go.jp/JRADB/accessS.html?CNAME=pw01sde1007202602060720260809%2FBB,2-3-6
3連単,PASS_HTML,162460,543,2026-08-09,pw01sde1007202602060720260809,https://www.jra.go.jp/JRADB/accessS.html?CNAME=pw01sde1007202602060720260809%2FBB,2-3-6
単勝,QUARANTINED_HTML:track_condition,160,1,2026-08-09,pw01sde1007202602060820260809,https://www.jra.go.jp/JRADB/accessS.html?CNAME=pw01sde1007202602060820260809%2F70,11
複勝,QUARANTINED_HTML:track_condition,110,1,2026-08-09,pw01sde1007202602060820260809,https://www.jra.go.jp/JRADB/accessS.html?CNAME=pw01sde1007202602060820260809%2F70,11
複勝,QUARANTINED_HTML:track_condition,140,3,2026-08-09,pw01sde1007202602060820260809,https://www.jra.go.jp/JRADB/accessS.html?CNAME=pw01sde1007202602060820260809%2F70,4
複勝,QUARANTINED_HTML:track_condition,140,2,2026-08-09,pw01sde1007202602060820260809,https://www.jra.go.jp/JRADB/accessS.html?CNAME=pw01sde1007202602060820260809%2F70,2
枠連,QUARANTINED_HTML:track_condition,390,1,2026-08-09,pw01sde1007202602060820260809,https://www.jra.go.jp/JRADB/accessS.html?CNAME=pw01sde1007202602060820260809%2F70,4-8
ワイド,QUARANTINED_HTML:track_condition,210,1,2026-08-09,pw01sde1007202602060820260809,https://www.jra.go.jp/JRADB/accessS.html?CNAME=pw01sde1007202602060820260809%2F70,4-11
ワイド,QUARANTINED_HTML:track_condition,220,2,2026-08-09,pw01sde1007202602060820260809,https://www.jra.go.jp/JRADB/accessS.html?CNAME=pw01sde1007202602060820260809%2F70,2-11
ワイド,QUARANTINED_HTML:track_condition,450,6,2026-08-09,pw01sde1007202602060820260809,https://www.jra.go.jp/JRADB/accessS.html?CNAME=pw01sde1007202602060820260809%2F70,2-4
馬連,QUARANTINED_HTML:track_condition,380,1,2026-08-09,pw01sde1007202602060820260809,https://www.jra.go.jp/JRADB/accessS.html?CNAME=pw01sde1007202602060820260809%2F70,4-11
馬単,QUARANTINED_HTML:track_condition,520,1,2026-08-09,pw01sde1007202602060820260809,https://www.jra.go.jp/JRADB/accessS.html?CNAME=pw01sde1007202602060820260809%2F70,11-4
3連複,QUARANTINED_HTML:track_condition,630,1,2026-08-09,pw01sde1007202602060820260809,https://www.jra.go.jp/JRADB/accessS.html?CNAME=pw01sde1007202602060820260809%2F70,2-4-11
3連単,QUARANTINED_HTML:track_condition,1760,2,2026-08-09,pw01sde1007202602060820260809,https://www.jra.go.jp/JRADB/accessS.html?CNAME=pw01sde1007202602060820260809%2F70,11-4-2
単勝,QUARANTINED_HTML:track_condition,26200,16,2026-08-09,pw01sde1007202602061020260809,https://www.jra.go.jp/JRADB/accessS.html?CNAME=pw01sde1007202602061020260809%2F1A,6
複勝,QUARANTINED_HTML:track_condition,2310,16,2026-08-09,pw01sde1007202602061020260809,https://www.jra.go.jp/JRADB/accessS.html?CNAME=pw01sde1007202602061020260809%2F1A,6
複勝,QUARANTINED_HTML:track_condition,210,4,2026-08-09,pw01sde1007202602061020260809,https://www.jra.go.jp/JRADB/accessS.html?CNAME=pw01sde1007202602061020260809%2F1A,11
複勝,QUARANTINED_HTML:track_condition,150,1,2026-08-09,pw01sde1007202602061020260809,https://www.jra.go.jp/JRADB/accessS.html?CNAME=pw01sde1007202602061020260809%2F1A,2
枠連,QUARANTINED_HTML:track_condition,8000,22,2026-08-09,pw01sde1007202602061020260809,https://www.jra.go.jp/JRADB/accessS.html?CNAME=pw01sde1007202602061020260809%2F1A,3-6
ワイド,QUARANTINED_HTML:track_condition,8090,61,2026-08-09,pw01sde1007202602061020260809,https://www.jra.go.jp/JRADB/accessS.html?CNAME=pw01sde1007202602061020260809%2F1A,6-11
ワイド,QUARANTINED_HTML:track_condition,7330,59,2026-08-09,pw01sde1007202602061020260809,https://www.jra.go.jp/JRADB/accessS.html?CNAME=pw01sde1007202602061020260809%2F1A,2-6
ワイド,QUARANTINED_HTML:track_condition,580,5,2026-08-09,pw01sde1007202602061020260809,https://www.jra.go.jp/JRADB/accessS.html?CNAME=pw01sde1007202602061020260809%2F1A,2-11
馬連,QUARANTINED_HTML:track_condition,31950,60,2026-08-09,pw01sde1007202602061020260809,https://www.jra.go.jp/JRADB/accessS.html?CNAME=pw01sde1007202602061020260809%2F1A,6-11
馬単,QUARANTINED_HTML:track_condition,120490,151,2026-08-09,pw01sde1007202602061020260809,https://www.jra.go.jp/JRADB/accessS.html?CNAME=pw01sde1007202602061020260809%2F1A,6-11
3連複,QUARANTINED_HTML:track_condition,47830,122,2026-08-09,pw01sde1007202602061020260809,https://www.jra.go.jp/JRADB/accessS.html?CNAME=pw01sde1007202602061020260809%2F1A,2-6-11
3連単,QUARANTINED_HTML:track_condition,635950,1166,2026-08-09,pw01sde1007202602061020260809,https://www.jra.go.jp/JRADB/accessS.html?CNAME=pw01sde1007202602061020260809%2F1A,6-11-2
単勝,PASS_HTML,230,1,2026-08-09,pw01sde1007202602060920260809,https://www.jra.go.jp/JRADB/accessS.html?CNAME=pw01sde1007202602060920260809%2F25,5
複勝,PASS_HTML,110,1,2026-08-09,pw01sde1007202602060920260809,https://www.jra.go.jp/JRADB/accessS.html?CNAME=pw01sde1007202602060920260809%2F25,5
複勝,PASS_HTML,150,3,2026-08-09,pw01sde1007202602060920260809,https://www.jra.go.jp/JRADB/accessS.html?CNAME=pw01sde1007202602060920260809%2F25,2
複勝,PASS_HTML,280,5,2026-08-09,pw01sde1007202602060920260809,https://www.jra.go.jp/JRADB/accessS.html?CNAME=pw01sde1007202602060920260809%2F25,6
枠連,PASS_HTML,490,2,2026-08-09,pw01sde1007202602060920260809,https://www.jra.go.jp/JRADB/accessS.html?CNAME=pw01sde1007202602060920260809%2F25,2-4
ワイド,PASS_HTML,260,2,2026-08-09,pw01sde1007202602060920260809,https://www.jra.go.jp/JRADB/accessS.html?CNAME=pw01sde1007202602060920260809%2F25,2-5
ワイド,PASS_HTML,490,5,2026-08-09,pw01sde1007202602060920260809,https://www.jra.go.jp/JRADB/accessS.html?CNAME=pw01sde1007202602060920260809%2F25,5-6
ワイド,PASS_HTML,760,9,2026-08-09,pw01sde1007202602060920260809,https://www.jra.go.jp/JRADB/accessS.html?CNAME=pw01sde1007202602060920260809%2F25,2-6
馬連,PASS_HTML,580,2,2026-08-09,pw01sde1007202602060920260809,https://www.jra.go.jp/JRADB/accessS.html?CNAME=pw01sde1007202602060920260809%2F25,2-5
馬単,PASS_HTML,1010,2,2026-08-09,pw01sde1007202602060920260809,https://www.jra.go.jp/JRADB/accessS.html?CNAME=pw01sde1007202602060920260809%2F25,5-2
3連複,PASS_HTML,1930,4,2026-08-09,pw01sde1007202602060920260809,https://www.jra.go.jp/JRADB/accessS.html?CNAME=pw01sde1007202602060920260809%2F25,2-5-6
3連単,PASS_HTML,6650,13,2026-08-09,pw01sde1007202602060920260809,https://www.jra.go.jp/JRADB/accessS.html?CNAME=pw01sde1007202602060920260809%2F25,5-2-6
単勝,PASS_HTML,6640,11,2026-08-09,pw01sde1007202602061120260809,https://www.jra.go.jp/JRADB/accessS.html?CNAME=pw01sde1007202602061120260809%2FCF,11
複勝,PASS_HTML,1330,11,2026-08-09,pw01sde1007202602061120260809,https://www.jra.go.jp/JRADB/accessS.html?CNAME=pw01sde1007202602061120260809%2FCF,11
複勝,PASS_HTML,180,1,2026-08-09,pw01sde1007202602061120260809,https://www.jra.go.jp/JRADB/accessS.html?CNAME=pw01sde1007202602061120260809%2FCF,1
複勝,PASS_HTML,400,8,2026-08-09,pw01sde1007202602061120260809,https://www.jra.go.jp/JRADB/accessS.html?CNAME=pw01sde1007202602061120260809%2FCF,3
枠連,PASS_HTML,14280,25,2026-08-09,pw01sde1007202602061120260809,https://www.jra.go.jp/JRADB/accessS.html?CNAME=pw01sde1007202602061120260809%2FCF,1-6
ワイド,PASS_HTML,4220,44,2026-08-09,pw01sde1007202602061120260809,https://www.jra.go.jp/JRADB/accessS.html?CNAME=pw01sde1007202602061120260809%2FCF,1-11
ワイド,PASS_HTML,10590,74,2026-08-09,pw01sde1007202602061120260809,https://www.jra.go.jp/JRADB/accessS.html?CNAME=pw01sde1007202602061120260809%2FCF,3-11
ワイド,PASS_HTML,1020,8,2026-08-09,pw01sde1007202602061120260809,https://www.jra.go.jp/JRADB/accessS.html?CNAME=pw01sde1007202602061120260809%2FCF,1-3
馬連,PASS_HTML,16090,44,2026-08-09,pw01sde1007202602061120260809,https://www.jra.go.jp/JRADB/accessS.html?CNAME=pw01sde1007202602061120260809%2FCF,1-11
馬単,PASS_HTML,37270,100,2026-08-09,pw01sde1007202602061120260809,https://www.jra.go.jp/JRADB/accessS.html?CNAME=pw01sde1007202602061120260809%2FCF,11-1
3連複,PASS_HTML,64070,160,2026-08-09,pw01sde1007202602061120260809,https://www.jra.go.jp/JRADB/accessS.html?CNAME=pw01sde1007202602061120260809%2FCF,1-3-11
3連単,PASS_HTML,566010,1244,2026-08-09,pw01sde1007202602061120260809,https://www.jra.go.jp/JRADB/accessS.html?CNAME=pw01sde1007202602061120260809%2FCF,11-1-3
単勝,PASS_HTML,410,2,2026-08-09,pw01sde1007202602061220260809,https://www.jra.go.jp/JRADB/accessS.html?CNAME=pw01sde1007202602061220260809%2F84,3
複勝,PASS_HTML,140,2,2026-08-09,pw01sde1007202602061220260809,https://www.jra.go.jp/JRADB/accessS.html?CNAME=pw01sde1007202602061220260809%2F84,3
複勝,PASS_HTML,120,1,2026-08-09,pw01sde1007202602061220260809,https://www.jra.go.jp/JRADB/accessS.html?CNAME=pw01sde1007202602061220260809%2F84,13
複勝,PASS_HTML,220,4,2026-08-09,pw01sde1007202602061220260809,https://www.jra.go.jp/JRADB/accessS.html?CNAME=pw01sde1007202602061220260809%2F84,2
枠連,PASS_HTML,620,1,2026-08-09,pw01sde1007202602061220260809,https://www.jra.go.jp/JRADB/accessS.html?CNAME=pw01sde1007202602061220260809%2F84,2-7
ワイド,PASS_HTML,210,1,2026-08-09,pw01sde1007202602061220260809,https://www.jra.go.jp/JRADB/accessS.html?CNAME=pw01sde1007202602061220260809%2F84,3-13
ワイド,PASS_HTML,780,8,2026-08-09,pw01sde1007202602061220260809,https://www.jra.go.jp/JRADB/accessS.html?CNAME=pw01sde1007202602061220260809%2F84,2-3
ワイド,PASS_HTML,580,4,2026-08-09,pw01sde1007202602061220260809,https://www.jra.go.jp/JRADB/accessS.html?CNAME=pw01sde1007202602061220260809%2F84,2-13
馬連,PASS_HTML,420,1,2026-08-09,pw01sde1007202602061220260809,https://www.jra.go.jp/JRADB/accessS.html?CNAME=pw01sde1007202602061220260809%2F84,3-13
馬単,PASS_HTML,840,2,2026-08-09,pw01sde1007202602061220260809,https://www.jra.go.jp/JRADB/accessS.html?CNAME=pw01sde1007202602061220260809%2F84,3-13
3連複,PASS_HTML,1770,3,2026-08-09,pw01sde1007202602061220260809,https://www.jra.go.jp/JRADB/accessS.html?CNAME=pw01sde1007202602061220260809%2F84,2-3-13
3連単,PASS_HTML,10550,18,2026-08-09,pw01sde1007202602061220260809,https://www.jra.go.jp/JRADB/accessS.html?CNAME=pw01sde1007202602061220260809%2F84,3-13-2
