body_weight_delta,carried_weight,corner_positions,course,data_status,distance_m,finish_position,horse_id,horse_name,horse_no,jockey,last3f,margin,meeting_day,meeting_no,popularity,race_category,race_class,race_date,race_id,race_name,race_no,race_rule,scheduled_start,sex_age,source_url,surface,time,track_condition,trainer,weather,weight_rule,平均1F,枠
552(+6),54.0,2  2  1  1,札幌,QUARANTINED_HTML:track_condition,1700,1,pw01dud102023103168/3F,ベルアズーロ,13,▲小林 美駒,38.1,,03,02,1,3歳,未勝利,2026-08-29,pw01sde1001202602030120260829,3歳未勝利,01,[指定],10時00分,牡3,https://www.jra.go.jp/JRADB/accessS.html?CNAME=pw01sde1001202602030120260829%2F1C,ダート,1:44.6,,西村 真幸,晴,馬齢,,
456(+2),53.0,5  4  3  2,札幌,QUARANTINED_HTML:track_condition,1700,2,pw01dud102023100785/5F,アズライトアスール,1,★河原田 菜々,38.8,８,03,02,13,3歳,未勝利,2026-08-29,pw01sde1001202602030120260829,3歳未勝利,01,[指定],10時00分,牡3,https://www.jra.go.jp/JRADB/accessS.html?CNAME=pw01sde1001202602030120260829%2F1C,ダート,1:45.9,,鈴木 孝志,晴,馬齢,,
518(+12),57.0,7  7  7  5,札幌,QUARANTINED_HTML:track_condition,1700,3,pw01dud102023105838/44,ロードステラート,2,横山 和生,38.3,クビ,03,02,3,3歳,未勝利,2026-08-29,pw01sde1001202602030120260829,3歳未勝利,01,[指定],10時00分,牡3,https://www.jra.go.jp/JRADB/accessS.html?CNAME=pw01sde1001202602030120260829%2F1C,ダート,1:46.0,,武 英智,晴,馬齢,,
440(+6),55.0,11  11  9  8,札幌,QUARANTINED_HTML:track_condition,1700,4,pw01dud102023103191/4A,ワンダーアスク,6,川又 賢治,38.7,４,03,02,6,3歳,未勝利,2026-08-29,pw01sde1001202602030120260829,3歳未勝利,01,[指定],10時00分,牝3,https://www.jra.go.jp/JRADB/accessS.html?CNAME=pw01sde1001202602030120260829%2F1C,ダート,1:46.6,,笹田 和秀,晴,馬齢,,
482(+10),57.0,9  9  10  8,札幌,QUARANTINED_HTML:track_condition,1700,5,pw01dud102023105726/1D,ゴールデンダガー,9,横山 琉人,38.8,１ 1/2,03,02,2,3歳,未勝利,2026-08-29,pw01sde1001202602030120260829,3歳未勝利,01,[指定],10時00分,牡3,https://www.jra.go.jp/JRADB/accessS.html?CNAME=pw01sde1001202602030120260829%2F1C,ダート,1:46.9,,中舘 英二,晴,馬齢,,
478(+6),57.0,5  6  5  3,札幌,QUARANTINED_HTML:track_condition,1700,6,pw01dud102023103483/B3,クールフィデル,10,落合 玄太,39.6,クビ,03,02,9,3歳,未勝利,2026-08-29,pw01sde1001202602030120260829,3歳未勝利,01,[指定],10時00分,牡3,https://www.jra.go.jp/JRADB/accessS.html?CNAME=pw01sde1001202602030120260829%2F1C,ダート,1:46.9,,和田 勇介,晴,馬齢,,
472(+2),57.0,7  7  7  8,札幌,QUARANTINED_HTML:track_condition,1700,7,pw01dud102023100531/E1,ショウナンタヅナ,4,池添 謙一,39.2,クビ,03,02,10,3歳,未勝利,2026-08-29,pw01sde1001202602030120260829,3歳未勝利,01,[指定],10時00分,牡3,https://www.jra.go.jp/JRADB/accessS.html?CNAME=pw01sde1001202602030120260829%2F1C,ダート,1:47.0,,武市 康男,晴,馬齢,,
450(-2),57.0,13  13  14  11,札幌,QUARANTINED_HTML:track_condition,1700,8,pw01dud102023102369/25,フロムザムーン,5,石川 倭,38.7,２ 1/2,03,02,8,3歳,未勝利,2026-08-29,pw01sde1001202602030120260829,3歳未勝利,01,[指定],10時00分,牡3,https://www.jra.go.jp/JRADB/accessS.html?CNAME=pw01sde1001202602030120260829%2F1C,ダート,1:47.4,,畑端 省吾,晴,馬齢,,
434(-2),57.0,11  11  11  11,札幌,QUARANTINED_HTML:track_condition,1700,9,pw01dud102023106595/A7,アイムスティルミー,8,古川 吉洋,39.2,クビ,03,02,11,3歳,未勝利,2026-08-29,pw01sde1001202602030120260829,3歳未勝利,01,[指定],10時00分,せん3,https://www.jra.go.jp/JRADB/accessS.html?CNAME=pw01sde1001202602030120260829%2F1C,ダート,1:47.4,,奥平 雅士,晴,馬齢,,
434(+6),53.0,4  5  5  5,札幌,QUARANTINED_HTML:track_condition,1700,10,pw01dud102023105144/31,アスコットダンス,3,◇古川 奈穂,40.2,３／４,03,02,12,3歳,未勝利,2026-08-29,pw01sde1001202602030120260829,3歳未勝利,01,[指定],10時00分,牝3,https://www.jra.go.jp/JRADB/accessS.html?CNAME=pw01sde1001202602030120260829%2F1C,ダート,1:47.6,,高橋 康之,晴,馬齢,,
518(+2),57.0,1  1  2  3,札幌,QUARANTINED_HTML:track_condition,1700,11,pw01dud102023101979/6C,サンオブザサン,12,斎藤 新,40.9,２,03,02,4,3歳,未勝利,2026-08-29,pw01sde1001202602030120260829,3歳未勝利,01,[指定],10時00分,牡3,https://www.jra.go.jp/JRADB/accessS.html?CNAME=pw01sde1001202602030120260829%2F1C,ダート,1:47.9,,高橋 一哉,晴,馬齢,,
464(+2),57.0,14  13  13  11,札幌,QUARANTINED_HTML:track_condition,1700,12,pw01dud102023106570/48,メイショウタイザン,11,小沢 大仁,39.4,クビ,03,02,5,3歳,未勝利,2026-08-29,pw01sde1001202602030120260829,3歳未勝利,01,[指定],10時00分,牡3,https://www.jra.go.jp/JRADB/accessS.html?CNAME=pw01sde1001202602030120260829%2F1C,ダート,1:47.9,,高橋 義忠,晴,馬齢,,
414(0),55.0,9  9  11  11,札幌,QUARANTINED_HTML:track_condition,1700,13,pw01dud102023102197/0D,ダリアフレイバー,7,鮫島 克駿,40.4,４,03,02,14,3歳,未勝利,2026-08-29,pw01sde1001202602030120260829,3歳未勝利,01,[指定],10時00分,牝3,https://www.jra.go.jp/JRADB/accessS.html?CNAME=pw01sde1001202602030120260829%2F1C,ダート,1:48.6,,河嶋 宏樹,晴,馬齢,,
430(-2),57.0,3  3  3  5,札幌,QUARANTINED_HTML:track_condition,1700,14,pw01dud102023106863/24,アーデルブリックス,14,北村 友一,41.6,クビ,03,02,7,3歳,未勝利,2026-08-29,pw01sde1001202602030120260829,3歳未勝利,01,[指定],10時00分,牡3,https://www.jra.go.jp/JRADB/accessS.html?CNAME=pw01sde1001202602030120260829%2F1C,ダート,1:48.7,,坂口 智康,晴,馬齢,,
460(0),55.0,2  2  2,札幌,PASS_HTML,1500,1,pw01dud102024100935/FD,タプティ,5,小沢 大仁,36.3,,03,02,4,2歳,未勝利,2026-08-29,pw01sde1001202602030220260829,2歳未勝利,02,牝［指定］,10時30分,牝2,https://www.jra.go.jp/JRADB/accessS.html?CNAME=pw01sde1001202602030220260829%2FD1,芝,1:30.0,稍重,岡田 稲男,晴,馬齢,,
492(-2),55.0,1  1  1,札幌,PASS_HTML,1500,2,pw01dud102024107318/99,バタフライ,12,原田 和真,36.9,３,03,02,7,2歳,未勝利,2026-08-29,pw01sde1001202602030220260829,2歳未勝利,02,牝［指定］,10時30分,牝2,https://www.jra.go.jp/JRADB/accessS.html?CNAME=pw01sde1001202602030220260829%2FD1,芝,1:30.5,稍重,松山 将樹,晴,馬齢,,
416(-2),55.0,7  8  5,札幌,PASS_HTML,1500,3,pw01dud102024100800/5D,ルギッドドランジュ,6,北村 友一,36.2,クビ,03,02,3,2歳,未勝利,2026-08-29,pw01sde1001202602030220260829,2歳未勝利,02,牝［指定］,10時30分,牝2,https://www.jra.go.jp/JRADB/accessS.html?CNAME=pw01sde1001202602030220260829%2FD1,芝,1:30.5,稍重,秋本 大介,晴,馬齢,,
466(+8),55.0,5  3  3,札幌,PASS_HTML,1500,4,pw01dud102024105934/35,フォルトゥナロッサ,3,浜中 俊,36.8,１ 1/4,03,02,1,2歳,未勝利,2026-08-29,pw01sde1001202602030220260829,2歳未勝利,02,牝［指定］,10時30分,牝2,https://www.jra.go.jp/JRADB/accessS.html?CNAME=pw01sde1001202602030220260829%2FD1,芝,1:30.7,稍重,武 幸四郎,晴,馬齢,,
456(+2),55.0,5  6  5,札幌,PASS_HTML,1500,5,pw01dud102024105638/6E,アヴレディール,10,吉田 隼人,37.0,３,03,02,2,2歳,未勝利,2026-08-29,pw01sde1001202602030220260829,2歳未勝利,02,牝［指定］,10時30分,牝2,https://www.jra.go.jp/JRADB/accessS.html?CNAME=pw01sde1001202602030220260829%2FD1,芝,1:31.2,稍重,松永 幹夫,晴,馬齢,,
436(-4),52.0,9  6  7,札幌,PASS_HTML,1500,6,pw01dud102024103622/CE,セールデュクール,1,▲和田 陽希,37.5,３,03,02,12,2歳,未勝利,2026-08-29,pw01sde1001202602030220260829,2歳未勝利,02,牝［指定］,10時30分,牝2,https://www.jra.go.jp/JRADB/accessS.html?CNAME=pw01sde1001202602030220260829%2FD1,芝,1:31.7,稍重,深山 雅史,晴,馬齢,,
436(-10),55.0,4  3  3,札幌,PASS_HTML,1500,7,pw01dud102024105494/A0,セイレイカ,4,横山 典弘,38.0,１ 1/4,03,02,6,2歳,未勝利,2026-08-29,pw01sde1001202602030220260829,2歳未勝利,02,牝［指定］,10時30分,牝2,https://www.jra.go.jp/JRADB/accessS.html?CNAME=pw01sde1001202602030220260829%2FD1,芝,1:31.9,稍重,昆 貢,晴,馬齢,,
442(+4),55.0,11  11  9,札幌,PASS_HTML,1500,8,pw01dud102024106326/D4,サトノパラディ,13,鮫島 克駿,37.1,クビ,03,02,8,2歳,未勝利,2026-08-29,pw01sde1001202602030220260829,2歳未勝利,02,牝［指定］,10時30分,牝2,https://www.jra.go.jp/JRADB/accessS.html?CNAME=pw01sde1001202602030220260829%2FD1,芝,1:32.0,稍重,平田 修,晴,馬齢,,
430(+4),51.0,9  9  9,札幌,PASS_HTML,1500,9,pw01dud102024103350/85,コイゾラ,7,★河原田 菜々,37.5,１ 1/2,03,02,9,2歳,未勝利,2026-08-29,pw01sde1001202602030220260829,2歳未勝利,02,牝［指定］,10時30分,牝2,https://www.jra.go.jp/JRADB/accessS.html?CNAME=pw01sde1001202602030220260829%2FD1,芝,1:32.2,稍重,浅利 英明,晴,馬齢,,
432(+4),52.0,13  12  11,札幌,PASS_HTML,1500,10,pw01dud102024105051/43,ルイスイメル,11,▲遠藤 汰月,37.2,クビ,03,02,13,2歳,未勝利,2026-08-29,pw01sde1001202602030220260829,2歳未勝利,02,牝［指定］,10時30分,牝2,https://www.jra.go.jp/JRADB/accessS.html?CNAME=pw01sde1001202602030220260829%2FD1,芝,1:32.3,稍重,本田 優,晴,馬齢,,
442(-2),52.0,8  9  11,札幌,PASS_HTML,1500,11,pw01dud102024101900/7D,ソーハッピー,9,▲小林 美駒,37.9,２ 1/2,03,02,5,2歳,未勝利,2026-08-29,pw01sde1001202602030220260829,2歳未勝利,02,牝［指定］,10時30分,牝2,https://www.jra.go.jp/JRADB/accessS.html?CNAME=pw01sde1001202602030220260829%2FD1,芝,1:32.7,稍重,松下 武士,晴,馬齢,,
400(+8),55.0,2  3  7,札幌,PASS_HTML,1500,12,pw01dud102024102008/4B,リラカリス,8,丹内 祐次,38.8,クビ,03,02,10,2歳,未勝利,2026-08-29,pw01sde1001202602030220260829,2歳未勝利,02,牝［指定］,10時30分,牝2,https://www.jra.go.jp/JRADB/accessS.html?CNAME=pw01sde1001202602030220260829%2FD1,芝,1:32.7,稍重,新谷 功一,晴,馬齢,,
400(-2),53.0,12  12  13,札幌,PASS_HTML,1500,13,pw01dud102024105019/9B,ロゼハイスクール,2,◇古川 奈穂,38.1,２,03,02,11,2歳,未勝利,2026-08-29,pw01sde1001202602030220260829,2歳未勝利,02,牝［指定］,10時30分,牝2,https://www.jra.go.jp/JRADB/accessS.html?CNAME=pw01sde1001202602030220260829%2FD1,芝,1:33.1,稍重,小崎 憲,晴,馬齢,,
440(+6),55.0,2  2  2  2,札幌,PASS_HTML,1800,1,pw01dud102024103490/F6,ロマノヴェリテ,5,北村 友一,36.0,,03,02,3,2歳,未勝利,2026-08-29,pw01sde1001202602030320260829,2歳未勝利,03,（混合）［指定］,11時00分,牡2,https://www.jra.go.jp/JRADB/accessS.html?CNAME=pw01sde1001202602030320260829%2F86,芝,1:52.5,稍重,中竹 和也,晴,馬齢,,
436(+10),55.0,4  3  3  3,札幌,PASS_HTML,1800,2,pw01dud102024102908/04,イドム,9,松本 大輝,36.1,１ 3/4,03,02,4,2歳,未勝利,2026-08-29,pw01sde1001202602030320260829,2歳未勝利,03,（混合）［指定］,11時00分,牡2,https://www.jra.go.jp/JRADB/accessS.html?CNAME=pw01sde1001202602030320260829%2F86,芝,1:52.8,稍重,高橋 康之,晴,馬齢,,
450(+2),55.0,1  1  1  1,札幌,PASS_HTML,1800,3,pw01dud102024106427/78,エコロナイン,3,鮫島 克駿,37.0,３,03,02,2,2歳,未勝利,2026-08-29,pw01sde1001202602030320260829,2歳未勝利,03,（混合）［指定］,11時00分,牡2,https://www.jra.go.jp/JRADB/accessS.html?CNAME=pw01sde1001202602030320260829%2F86,芝,1:53.3,稍重,加藤 征弘,晴,馬齢,,
448(+10),55.0,11  11  9  5,札幌,PASS_HTML,1800,4,pw01dud102024106180/20,ダノンキューブ,1,武 豊,36.0,クビ,03,02,1,2歳,未勝利,2026-08-29,pw01sde1001202602030320260829,2歳未勝利,03,（混合）［指定］,11時00分,牝2,https://www.jra.go.jp/JRADB/accessS.html?CNAME=pw01sde1001202602030320260829%2F86,芝,1:53.3,稍重,橋口 慎介,晴,馬齢,,
420(+10),53.0,7  7  6  5,札幌,PASS_HTML,1800,5,pw01dud102024100609/06,チェッリーニ,6,◇古川 奈穂,36.4,３／４,03,02,8,2歳,未勝利,2026-08-29,pw01sde1001202602030320260829,2歳未勝利,03,（混合）［指定］,11時00分,牝2,https://www.jra.go.jp/JRADB/accessS.html?CNAME=pw01sde1001202602030320260829%2F86,芝,1:53.5,稍重,羽月 友彦,晴,馬齢,,
420(+6),55.0,3  3  3  3,札幌,PASS_HTML,1800,6,pw01dud102024100245/B6,トルネードサンダー,8,丹内 祐次,36.9,１／２,03,02,6,2歳,未勝利,2026-08-29,pw01sde1001202602030320260829,2歳未勝利,03,（混合）［指定］,11時00分,牝2,https://www.jra.go.jp/JRADB/accessS.html?CNAME=pw01sde1001202602030320260829%2F86,芝,1:53.6,稍重,安達 昭夫,晴,馬齢,,
390(+2),51.0,10  9  9  8,札幌,PASS_HTML,1800,7,pw01dud102024100004/A1,サンゴート,2,★河原田 菜々,36.6,２,03,02,10,2歳,未勝利,2026-08-29,pw01sde1001202602030320260829,2歳未勝利,03,（混合）［指定］,11時00分,牝2,https://www.jra.go.jp/JRADB/accessS.html?CNAME=pw01sde1001202602030320260829%2F86,芝,1:53.9,稍重,村田 一誠,晴,馬齢,,
430(0),55.0,9  9  6  9,札幌,PASS_HTML,1800,8,pw01dud102024106580/E4,マシュマロデイズ,7,横山 和生,36.8,クビ,03,02,5,2歳,未勝利,2026-08-29,pw01sde1001202602030320260829,2歳未勝利,03,（混合）［指定］,11時00分,牝2,https://www.jra.go.jp/JRADB/accessS.html?CNAME=pw01sde1001202602030320260829%2F86,芝,1:54.0,稍重,武 英智,晴,馬齢,,
428(-2),55.0,5  5  5  5,札幌,PASS_HTML,1800,9,pw01dud102024103571/7A,マイネルサリーレ,10,斎藤 新,37.5,３,03,02,7,2歳,未勝利,2026-08-29,pw01sde1001202602030320260829,2歳未勝利,03,（混合）［指定］,11時00分,牡2,https://www.jra.go.jp/JRADB/accessS.html?CNAME=pw01sde1001202602030320260829%2F86,芝,1:54.5,稍重,田島 俊明,晴,馬齢,,
446(-4),55.0,5  5  6  9,札幌,PASS_HTML,1800,10,pw01dud102024106018/17,アイアムツヨスギル,4,池添 謙一,38.9,９,03,02,9,2歳,未勝利,2026-08-29,pw01sde1001202602030320260829,2歳未勝利,03,（混合）［指定］,11時00分,牡2,https://www.jra.go.jp/JRADB/accessS.html?CNAME=pw01sde1001202602030320260829%2F86,芝,1:56.0,稍重,奥平 雅士,晴,馬齢,,
450(+8),52.0,7  7  9  11,札幌,PASS_HTML,1800,11,pw01dud102024101323/D0,シャイニーヒーロー,11,▲大久保 友雅,39.1,３,03,02,11,2歳,未勝利,2026-08-29,pw01sde1001202602030320260829,2歳未勝利,03,（混合）［指定］,11時00分,牡2,https://www.jra.go.jp/JRADB/accessS.html?CNAME=pw01sde1001202602030320260829%2F86,芝,1:56.5,稍重,畠山 吉宏,晴,馬齢,,
480(-4),54.0,7  7,札幌,QUARANTINED_HTML:track_condition,1000,1,pw01dud102023105279/D1,アニマレイ,5,▲小林 美駒,35.9,,03,02,4,3歳,未勝利,2026-08-29,pw01sde1001202602030420260829,3歳未勝利,04,（混合）［指定］,11時30分,牡3,https://www.jra.go.jp/JRADB/accessS.html?CNAME=pw01sde1001202602030420260829%2F3B,ダート,0:59.6,,須貝 尚介,晴,馬齢,,
452(+8),52.0,2  2,札幌,QUARANTINED_HTML:track_condition,1000,2,pw01dud102023110048/EF,オスロクィーン,4,▲遠藤 汰月,36.8,１ 3/4,03,02,8,3歳,未勝利,2026-08-29,pw01sde1001202602030420260829,3歳未勝利,04,（混合）［指定］,11時30分,牝3,https://www.jra.go.jp/JRADB/accessS.html?CNAME=pw01sde1001202602030420260829%2F3B,ダート,0:59.9,,武井 亮,晴,馬齢,,
470(-4),57.0,1  1,札幌,QUARANTINED_HTML:track_condition,1000,3,pw01dud102023105694/76,ハクサンレイホウ,3,黛 弘人,36.8,アタマ,03,02,9,3歳,未勝利,2026-08-29,pw01sde1001202602030420260829,3歳未勝利,04,（混合）［指定］,11時30分,牡3,https://www.jra.go.jp/JRADB/accessS.html?CNAME=pw01sde1001202602030420260829%2F3B,ダート,0:59.9,,武藤 善則,晴,馬齢,,
486(-18),55.0,4  4,札幌,QUARANTINED_HTML:track_condition,1000,4,pw01dud102023107310/75,ハイティー,6,武 豊,36.6,アタマ,03,02,1,3歳,未勝利,2026-08-29,pw01sde1001202602030420260829,3歳未勝利,04,（混合）［指定］,11時30分,牝3,https://www.jra.go.jp/JRADB/accessS.html?CNAME=pw01sde1001202602030420260829%2F3B,ダート,0:59.9,,木村 哲也,晴,馬齢,,
510(+12),53.0,4  4,札幌,QUARANTINED_HTML:track_condition,1000,5,pw01dud102023106001/56,スマートコーラル,12,◇古川 奈穂,36.7,クビ,03,02,3,3歳,未勝利,2026-08-29,pw01sde1001202602030420260829,3歳未勝利,04,（混合）［指定］,11時30分,牝3,https://www.jra.go.jp/JRADB/accessS.html?CNAME=pw01sde1001202602030420260829%2F3B,ダート,1:00.0,,石坂 公一,晴,馬齢,,
464(+6),53.0,4  4,札幌,QUARANTINED_HTML:track_condition,1000,6,pw01dud102023104669/96,ゲレイロ,2,★河原田 菜々,37.0,２,03,02,6,3歳,未勝利,2026-08-29,pw01sde1001202602030420260829,3歳未勝利,04,（混合）［指定］,11時30分,牡3,https://www.jra.go.jp/JRADB/accessS.html?CNAME=pw01sde1001202602030420260829%2F3B,ダート,1:00.3,,今野 貞一,晴,馬齢,,
460(+8),57.0,9  8,札幌,QUARANTINED_HTML:track_condition,1000,7,pw01dud102023106605/48,フェイスリフト,7,古川 吉洋,36.2,１／２,03,02,2,3歳,未勝利,2026-08-29,pw01sde1001202602030420260829,3歳未勝利,04,（混合）［指定］,11時30分,牡3,https://www.jra.go.jp/JRADB/accessS.html?CNAME=pw01sde1001202602030420260829%2F3B,ダート,1:00.4,,嘉藤 貴行,晴,馬齢,,
454(+12),55.0,2  3,札幌,QUARANTINED_HTML:track_condition,1000,8,pw01dud102023103857/13,ミスマラッカ,11,鮫島 克駿,37.7,２,03,02,10,3歳,未勝利,2026-08-29,pw01sde1001202602030420260829,3歳未勝利,04,（混合）［指定］,11時30分,牝3,https://www.jra.go.jp/JRADB/accessS.html?CNAME=pw01sde1001202602030420260829%2F3B,ダート,1:00.8,,本間 忍,晴,馬齢,,
454(+4),57.0,8  10,札幌,QUARANTINED_HTML:track_condition,1000,9,pw01dud102023101845/3F,マッシブショット,10,横山 琉人,37.1,１／２,03,02,7,3歳,未勝利,2026-08-29,pw01sde1001202602030420260829,3歳未勝利,04,（混合）［指定］,11時30分,せん3,https://www.jra.go.jp/JRADB/accessS.html?CNAME=pw01sde1001202602030420260829%2F3B,ダート,1:00.9,,武藤 善則,晴,馬齢,,
448(+6),55.0,9  9,札幌,QUARANTINED_HTML:track_condition,1000,10,pw01dud102023105278/5E,ジューンマロン,8,川又 賢治,37.2,２ 1/2,03,02,11,3歳,未勝利,2026-08-29,pw01sde1001202602030420260829,3歳未勝利,04,（混合）［指定］,11時30分,牝3,https://www.jra.go.jp/JRADB/accessS.html?CNAME=pw01sde1001202602030420260829%2F3B,ダート,1:01.3,,武 英智,晴,馬齢,,
470(+4),55.0,11  11,札幌,QUARANTINED_HTML:track_condition,1000,11,pw01dud102023100360/3C,ニシノギャルズ,1,石川 倭,37.2,２ 1/2,03,02,5,3歳,未勝利,2026-08-29,pw01sde1001202602030420260829,3歳未勝利,04,（混合）［指定］,11時30分,牝3,https://www.jra.go.jp/JRADB/accessS.html?CNAME=pw01sde1001202602030420260829%2F3B,ダート,1:01.7,,水野 貴広,晴,馬齢,,
476(0),57.0,12  12,札幌,QUARANTINED_HTML:track_condition,1000,12,pw01dud102023105366/99,ディースカウ,9,吉田 隼人,37.0,３ 1/2,03,02,12,3歳,未勝利,2026-08-29,pw01sde1001202602030420260829,3歳未勝利,04,（混合）［指定］,11時30分,牡3,https://www.jra.go.jp/JRADB/accessS.html?CNAME=pw01sde1001202602030420260829%2F3B,ダート,1:02.2,,須貝 尚介,晴,馬齢,,
482(初出走),55.0,9  8  7  4,札幌,QUARANTINED_HTML:track_condition,1700,1,pw01dud102024106798/EE,ユーフォナイト,1,武 豊,38.6,,03,02,3,2歳,新馬,2026-08-29,pw01sde1001202602030520260829,メイクデビュー札幌,05,（混合）［指定］,12時20分,牡2,https://www.jra.go.jp/JRADB/accessS.html?CNAME=pw01sde1001202602030520260829%2FF0,ダート,1:48.1,,加藤 征弘,晴,馬齢,,
474(初出走),55.0,2  2  2  1,札幌,QUARANTINED_HTML:track_condition,1700,2,pw01dud102024107117/C4,フィールザウィル,5,小沢 大仁,39.3,クビ,03,02,6,2歳,新馬,2026-08-29,pw01sde1001202602030520260829,メイクデビュー札幌,05,（混合）［指定］,12時20分,牝2,https://www.jra.go.jp/JRADB/accessS.html?CNAME=pw01sde1001202602030520260829%2FF0,ダート,1:48.2,,伊藤 大士,晴,馬齢,,
500(初出走),55.0,10  10  9  5,札幌,QUARANTINED_HTML:track_condition,1700,3,pw01dud102024103223/7D,リュウノタキノボリ,12,横山 琉人,38.7,２,03,02,12,2歳,新馬,2026-08-29,pw01sde1001202602030520260829,メイクデビュー札幌,05,（混合）［指定］,12時20分,牡2,https://www.jra.go.jp/JRADB/accessS.html?CNAME=pw01sde1001202602030520260829%2FF0,ダート,1:48.5,,堀内 岳志,晴,馬齢,,
490(初出走),55.0,4  3  2  2,札幌,QUARANTINED_HTML:track_condition,1700,4,pw01dud102024106658/7D,モントリオール,11,横山 武史,39.7,３／４,03,02,2,2歳,新馬,2026-08-29,pw01sde1001202602030520260829,メイクデビュー札幌,05,（混合）［指定］,12時20分,牡2,https://www.jra.go.jp/JRADB/accessS.html?CNAME=pw01sde1001202602030520260829%2FF0,ダート,1:48.6,,松尾 卓哉,晴,馬齢,,
500(初出走),55.0,11  12  12  10,札幌,QUARANTINED_HTML:track_condition,1700,5,pw01dud102024105349/5E,ロンバルディア,3,丹内 祐次,38.5,１ 1/2,03,02,5,2歳,新馬,2026-08-29,pw01sde1001202602030520260829,メイクデビュー札幌,05,（混合）［指定］,12時20分,牡2,https://www.jra.go.jp/JRADB/accessS.html?CNAME=pw01sde1001202602030520260829%2FF0,ダート,1:48.9,,伊藤 圭三,晴,馬齢,,
472(初出走),55.0,13  13  11  8,札幌,QUARANTINED_HTML:track_condition,1700,6,pw01dud102024104323/9D,ハリケンライズ,9,石川 倭,38.8,アタマ,03,02,10,2歳,新馬,2026-08-29,pw01sde1001202602030520260829,メイクデビュー札幌,05,（混合）［指定］,12時20分,牡2,https://www.jra.go.jp/JRADB/accessS.html?CNAME=pw01sde1001202602030520260829%2FF0,ダート,1:48.9,,高柳 大輔,晴,馬齢,,
504(初出走),55.0,2  3  1  2,札幌,QUARANTINED_HTML:track_condition,1700,7,pw01dud102024105699/41,ゴーストミステリー,10,横山 和生,40.2,１ 1/4,03,02,1,2歳,新馬,2026-08-29,pw01sde1001202602030520260829,メイクデビュー札幌,05,（混合）［指定］,12時20分,牡2,https://www.jra.go.jp/JRADB/accessS.html?CNAME=pw01sde1001202602030520260829%2FF0,ダート,1:49.1,,黒岩 陽一,晴,馬齢,,
540(初出走),55.0,14  14  14  12,札幌,QUARANTINED_HTML:track_condition,1700,8,pw01dud102024106761/99,ルボワ,14,北村 友一,38.6,２,03,02,9,2歳,新馬,2026-08-29,pw01sde1001202602030520260829,メイクデビュー札幌,05,（混合）［指定］,12時20分,牡2,https://www.jra.go.jp/JRADB/accessS.html?CNAME=pw01sde1001202602030520260829%2FF0,ダート,1:49.5,,杉山 佳明,晴,馬齢,,
484(初出走),55.0,6  6  5  6,札幌,QUARANTINED_HTML:track_condition,1700,9,pw01dud102024106739/01,テンラッキーロード,8,鮫島 克駿,40.4,２,03,02,4,2歳,新馬,2026-08-29,pw01sde1001202602030520260829,メイクデビュー札幌,05,（混合）［指定］,12時20分,牡2,https://www.jra.go.jp/JRADB/accessS.html?CNAME=pw01sde1001202602030520260829%2FF0,ダート,1:49.8,,高柳 大輔,晴,馬齢,,
444(初出走),51.0,4  3  7  8,札幌,QUARANTINED_HTML:track_condition,1700,10,pw01dud102024106566/76,ハイネスプラウド,2,★河原田 菜々,40.5,１ 1/2,03,02,8,2歳,新馬,2026-08-29,pw01sde1001202602030520260829,メイクデビュー札幌,05,（混合）［指定］,12時20分,牡2,https://www.jra.go.jp/JRADB/accessS.html?CNAME=pw01sde1001202602030520260829%2FF0,ダート,1:50.0,,武井 亮,晴,馬齢,,
480(初出走),55.0,11  10  10  12,札幌,QUARANTINED_HTML:track_condition,1700,11,pw01dud102024105875/B7,コスモセイント,6,池添 謙一,40.4,２ 1/2,03,02,11,2歳,新馬,2026-08-29,pw01sde1001202602030520260829,メイクデビュー札幌,05,（混合）［指定］,12時20分,牡2,https://www.jra.go.jp/JRADB/accessS.html?CNAME=pw01sde1001202602030520260829%2FF0,ダート,1:50.4,,矢嶋 大樹,晴,馬齢,,
478(初出走),55.0,6  6  5  7,札幌,QUARANTINED_HTML:track_condition,1700,12,pw01dud102024107227/05,ルクシエル,13,斎藤 新,41.6,４,03,02,7,2歳,新馬,2026-08-29,pw01sde1001202602030520260829,メイクデビュー札幌,05,（混合）［指定］,12時20分,牡2,https://www.jra.go.jp/JRADB/accessS.html?CNAME=pw01sde1001202602030520260829%2FF0,ダート,1:51.0,,浜田 多実雄,晴,馬齢,,
460(初出走),52.0,6  8  12  14,札幌,QUARANTINED_HTML:track_condition,1700,13,pw01dud102024100211/BA,フクノブロッサム,7,▲遠藤 汰月,42.1,８,03,02,14,2歳,新馬,2026-08-29,pw01sde1001202602030520260829,メイクデビュー札幌,05,（混合）［指定］,12時20分,牝2,https://www.jra.go.jp/JRADB/accessS.html?CNAME=pw01sde1001202602030520260829%2FF0,ダート,1:52.4,,竹内 正洋,晴,馬齢,,
482(初出走),55.0,1  1  4  10,札幌,QUARANTINED_HTML:track_condition,1700,14,pw01dud102024104203/4C,ウィナーズクロノ,4,松本 大輝,43.6,２,03,02,13,2歳,新馬,2026-08-29,pw01sde1001202602030520260829,メイクデビュー札幌,05,（混合）［指定］,12時20分,牡2,https://www.jra.go.jp/JRADB/accessS.html?CNAME=pw01sde1001202602030520260829%2FF0,ダート,1:52.7,,昆 貢,晴,馬齢,,
462(+2),52.0,1  1  1,札幌,PASS_HTML,1500,1,pw01dud102023106578/E0,ペカリーナ,11,▲小林 美駒,37.4,,03,02,1,3歳,未勝利,2026-08-29,pw01sde1001202602030620260829,3歳未勝利,06,（混合）［指定］,12時50分,牝3,https://www.jra.go.jp/JRADB/accessS.html?CNAME=pw01sde1001202602030620260829%2FA5,芝,1:29.3,稍重,竹内 正洋,晴,馬齢,,
402(+6),55.0,13  13  11,札幌,PASS_HTML,1500,2,pw01dud102023107304/31,ランウェイミューズ,7,丹内 祐次,36.5,５,03,02,3,3歳,未勝利,2026-08-29,pw01sde1001202602030620260829,3歳未勝利,06,（混合）［指定］,12時50分,牝3,https://www.jra.go.jp/JRADB/accessS.html?CNAME=pw01sde1001202602030620260829%2FA5,芝,1:30.1,稍重,竹内 正洋,晴,馬齢,,
508(+8),57.0,8  8  6,札幌,PASS_HTML,1500,3,pw01dud102023104474/05,ヒルノボローニャ,1,古川 吉洋,37.4,クビ,03,02,8,3歳,未勝利,2026-08-29,pw01sde1001202602030620260829,3歳未勝利,06,（混合）［指定］,12時50分,せん3,https://www.jra.go.jp/JRADB/accessS.html?CNAME=pw01sde1001202602030620260829%2FA5,芝,1:30.1,稍重,昆 貢,晴,馬齢,,
402(+4),51.0,8  11  9,札幌,PASS_HTML,1500,4,pw01dud102023106148/EC,ヒメヒオウギ,4,★河原田 菜々,37.1,３／４,03,02,9,3歳,未勝利,2026-08-29,pw01sde1001202602030620260829,3歳未勝利,06,（混合）［指定］,12時50分,牝3,https://www.jra.go.jp/JRADB/accessS.html?CNAME=pw01sde1001202602030620260829%2FA5,芝,1:30.3,稍重,中竹 和也,晴,馬齢,,
460(+10),55.0,3  3  3,札幌,PASS_HTML,1500,5,pw01dud102023105062/3A,フレンチブラッサム,2,横山 典弘,37.9,クビ,03,02,10,3歳,未勝利,2026-08-29,pw01sde1001202602030620260829,3歳未勝利,06,（混合）［指定］,12時50分,牝3,https://www.jra.go.jp/JRADB/accessS.html?CNAME=pw01sde1001202602030620260829%2FA5,芝,1:30.3,稍重,柄崎 将寿,晴,馬齢,,
466(+16),55.0,3  6  3,札幌,PASS_HTML,1500,6,pw01dud102023104680/AB,サートゥルチェア,8,横山 和生,37.8,１／２,03,02,7,3歳,未勝利,2026-08-29,pw01sde1001202602030620260829,3歳未勝利,06,（混合）［指定］,12時50分,牝3,https://www.jra.go.jp/JRADB/accessS.html?CNAME=pw01sde1001202602030620260829%2FA5,芝,1:30.4,稍重,嘉藤 貴行,晴,馬齢,,
476(0),55.0,2  2  2,札幌,PASS_HTML,1500,7,pw01dud102023105530/19,エイシンキーンラン,6,横山 琉人,38.4,アタマ,03,02,5,3歳,未勝利,2026-08-29,pw01sde1001202602030620260829,3歳未勝利,06,（混合）［指定］,12時50分,牝3,https://www.jra.go.jp/JRADB/accessS.html?CNAME=pw01sde1001202602030620260829%2FA5,芝,1:30.4,稍重,田中 剛,晴,馬齢,,
454(-8),55.0,8  9  9,札幌,PASS_HTML,1500,8,pw01dud102023101778/97,シンデレラカラー,13,原田 和真,38.3,５,03,02,14,3歳,未勝利,2026-08-29,pw01sde1001202602030620260829,3歳未勝利,06,（混合）［指定］,12時50分,牝3,https://www.jra.go.jp/JRADB/accessS.html?CNAME=pw01sde1001202602030620260829%2FA5,芝,1:31.3,稍重,加藤 和宏,晴,馬齢,,
412(-4),55.0,11  3  5,札幌,PASS_HTML,1500,9,pw01dud102023104254/83,サウンドファミリエ,12,吉田 隼人,39.0,３／４,03,02,2,3歳,未勝利,2026-08-29,pw01sde1001202602030620260829,3歳未勝利,06,（混合）［指定］,12時50分,牝3,https://www.jra.go.jp/JRADB/accessS.html?CNAME=pw01sde1001202602030620260829%2FA5,芝,1:31.4,稍重,和田 正一郎,晴,馬齢,,
452(+16),55.0,3  6  6,札幌,PASS_HTML,1500,10,pw01dud102023105967/32,ビロングトゥミー,14,斎藤 新,39.2,２ 1/2,03,02,6,3歳,未勝利,2026-08-29,pw01sde1001202602030620260829,3歳未勝利,06,（混合）［指定］,12時50分,牝3,https://www.jra.go.jp/JRADB/accessS.html?CNAME=pw01sde1001202602030620260829%2FA5,芝,1:31.8,稍重,前川 恭子,晴,馬齢,,
468(+4),56.0,14  14  13,札幌,PASS_HTML,1500,11,pw01dud102023101347/30,ハイバーニアン,9,☆長浜 鴻緒,38.3,３／４,03,02,12,3歳,未勝利,2026-08-29,pw01sde1001202602030620260829,3歳未勝利,06,（混合）［指定］,12時50分,牡3,https://www.jra.go.jp/JRADB/accessS.html?CNAME=pw01sde1001202602030620260829%2FA5,芝,1:32.0,稍重,高橋 文雅,晴,馬齢,,
514(+8),57.0,3  5  6,札幌,PASS_HTML,1500,12,pw01dud102023106849/B6,イトシサ,3,北村 友一,40.3,５,03,02,4,3歳,未勝利,2026-08-29,pw01sde1001202602030620260829,3歳未勝利,06,（混合）［指定］,12時50分,牡3,https://www.jra.go.jp/JRADB/accessS.html?CNAME=pw01sde1001202602030620260829%2FA5,芝,1:32.8,稍重,田中 博康,晴,馬齢,,
526(-2),57.0,11  11  12,札幌,PASS_HTML,1500,13,pw01dud102023100596/80,ジャーナーリア,10,池添 謙一,40.6,６,03,02,11,3歳,未勝利,2026-08-29,pw01sde1001202602030620260829,3歳未勝利,06,（混合）［指定］,12時50分,牡3,https://www.jra.go.jp/JRADB/accessS.html?CNAME=pw01sde1001202602030620260829%2FA5,芝,1:33.8,稍重,本田 優,晴,馬齢,,
460(+4),55.0,7  9  13,札幌,PASS_HTML,1500,14,pw01dud102023102038/EF,グリニッジローズ,5,落合 玄太,43.5,大差,03,02,13,3歳,未勝利,2026-08-29,pw01sde1001202602030620260829,3歳未勝利,06,（混合）［指定］,12時50分,牝3,https://www.jra.go.jp/JRADB/accessS.html?CNAME=pw01sde1001202602030620260829%2FA5,芝,1:36.6,稍重,田中 剛,晴,馬齢,,
466(0),54.0,2  2,札幌,PASS_HTML,1200,1,pw01dud102023103528/C3,ツルノマイハシ,15,武 豊,34.8,,03,02,1,3歳以上,1勝クラス,2026-08-29,pw01sde1001202602030720260829,3歳以上1勝クラス,07,（混合）［指定］,13時20分,牝3,https://www.jra.go.jp/JRADB/accessS.html?CNAME=pw01sde1001202602030720260829%2F5A,芝,1:09.4,稍重,杉浦 宏昭,晴,定量,,
434(-8),56.0,5  5,札幌,PASS_HTML,1200,2,pw01dud102021103322/97,スプリングデイ,16,黛 弘人,34.7,１／２,03,02,11,3歳以上,1勝クラス,2026-08-29,pw01sde1001202602030720260829,3歳以上1勝クラス,07,（混合）［指定］,13時20分,牝5,https://www.jra.go.jp/JRADB/accessS.html?CNAME=pw01sde1001202602030720260829%2F5A,芝,1:09.5,稍重,伊藤 大士,晴,定量,,
498(+4),56.0,12  12,札幌,PASS_HTML,1200,3,pw01dud102022101053/55,ペガサスノース,11,落合 玄太,34.0,１ 1/2,03,02,15,3歳以上,1勝クラス,2026-08-29,pw01sde1001202602030720260829,3歳以上1勝クラス,07,（混合）［指定］,13時20分,牝4,https://www.jra.go.jp/JRADB/accessS.html?CNAME=pw01sde1001202602030720260829%2F5A,芝,1:09.8,稍重,高柳 大輔,晴,定量,,
472(+4),54.0,7  7,札幌,PASS_HTML,1200,4,pw01dud102023103733/F6,ラプランセス,9,横山 琉人,34.7,３／４,03,02,2,3歳以上,1勝クラス,2026-08-29,pw01sde1001202602030720260829,3歳以上1勝クラス,07,（混合）［指定］,13時20分,牝3,https://www.jra.go.jp/JRADB/accessS.html?CNAME=pw01sde1001202602030720260829%2F5A,芝,1:09.9,稍重,斎藤 誠,晴,定量,,
410(-4),54.0,2  2,札幌,PASS_HTML,1200,5,pw01dud102023107231/D7,ニルマーネル,4,横山 和生,35.4,１／２,03,02,3,3歳以上,1勝クラス,2026-08-29,pw01sde1001202602030720260829,3歳以上1勝クラス,07,（混合）［指定］,13時20分,牝3,https://www.jra.go.jp/JRADB/accessS.html?CNAME=pw01sde1001202602030720260829%2F5A,芝,1:10.0,稍重,小島 茂之,晴,定量,,
462(+8),58.0,2  2,札幌,PASS_HTML,1200,6,pw01dud102022101920/85,マグネシアブリック,14,北村 友一,35.5,１／２,03,02,6,3歳以上,1勝クラス,2026-08-29,pw01sde1001202602030720260829,3歳以上1勝クラス,07,（混合）［指定］,13時20分,せん4,https://www.jra.go.jp/JRADB/accessS.html?CNAME=pw01sde1001202602030720260829%2F5A,芝,1:10.0,稍重,中舘 英二,晴,定量,,
466(+2),58.0,1  1,札幌,PASS_HTML,1200,7,pw01dud102022103991/46,ジーティーエスピ,8,丹内 祐次,35.7,アタマ,03,02,8,3歳以上,1勝クラス,2026-08-29,pw01sde1001202602030720260829,3歳以上1勝クラス,07,（混合）［指定］,13時20分,牡4,https://www.jra.go.jp/JRADB/accessS.html?CNAME=pw01sde1001202602030720260829%2F5A,芝,1:10.0,稍重,中村 直也,晴,定量,,
496(0),56.0,10  9,札幌,PASS_HTML,1200,8,pw01dud102023103680/BC,グロリアスマーチ,5,鮫島 克駿,35.0,２,03,02,4,3歳以上,1勝クラス,2026-08-29,pw01sde1001202602030720260829,3歳以上1勝クラス,07,（混合）［指定］,13時20分,牡3,https://www.jra.go.jp/JRADB/accessS.html?CNAME=pw01sde1001202602030720260829%2F5A,芝,1:10.4,稍重,須貝 尚介,晴,定量,,
486(0),55.0,5  6,札幌,PASS_HTML,1200,9,pw01dud102022104221/6E,ペイシャアーサー,12,▲遠藤 汰月,35.6,クビ,03,02,13,3歳以上,1勝クラス,2026-08-29,pw01sde1001202602030720260829,3歳以上1勝クラス,07,（混合）［指定］,13時20分,牡4,https://www.jra.go.jp/JRADB/accessS.html?CNAME=pw01sde1001202602030720260829%2F5A,芝,1:10.4,稍重,本間 忍,晴,定量,,
442(+12),54.0,7  8,札幌,PASS_HTML,1200,10,pw01dud102023105679/95,ミレニアルピンク,7,斎藤 新,35.2,ハナ,03,02,9,3歳以上,1勝クラス,2026-08-29,pw01sde1001202602030720260829,3歳以上1勝クラス,07,（混合）［指定］,13時20分,牝3,https://www.jra.go.jp/JRADB/accessS.html?CNAME=pw01sde1001202602030720260829%2F5A,芝,1:10.4,稍重,安田 翔伍,晴,定量,,
416(+6),51.0,10  9,札幌,PASS_HTML,1200,11,pw01dud102023103400/DA,ハルヒメ,10,▲小林 美駒,35.1,クビ,03,02,5,3歳以上,1勝クラス,2026-08-29,pw01sde1001202602030720260829,3歳以上1勝クラス,07,（混合）［指定］,13時20分,牝3,https://www.jra.go.jp/JRADB/accessS.html?CNAME=pw01sde1001202602030720260829%2F5A,芝,1:10.5,稍重,矢嶋 大樹,晴,定量,,
460(+8),56.0,16  15,札幌,PASS_HTML,1200,12,pw01dud102021105747/98,プリュノワール,2,横山 武史,34.3,１／２,03,02,10,3歳以上,1勝クラス,2026-08-29,pw01sde1001202602030720260829,3歳以上1勝クラス,07,（混合）［指定］,13時20分,牝5,https://www.jra.go.jp/JRADB/accessS.html?CNAME=pw01sde1001202602030720260829%2F5A,芝,1:10.6,稍重,浅利 英明,晴,定量,,
472(+6),56.0,12  13,札幌,PASS_HTML,1200,13,pw01dud102022102878/2B,ナンナンプー,13,石川 倭,34.9,１ 1/4,03,02,12,3歳以上,1勝クラス,2026-08-29,pw01sde1001202602030720260829,3歳以上1勝クラス,07,（混合）［指定］,13時20分,牝4,https://www.jra.go.jp/JRADB/accessS.html?CNAME=pw01sde1001202602030720260829%2F5A,芝,1:10.8,稍重,水野 貴広,晴,定量,,
458(0),52.0,7  9,札幌,PASS_HTML,1200,14,pw01dud102023103137/9C,ハッピーラッキー,1,★河原田 菜々,35.7,１／２,03,02,7,3歳以上,1勝クラス,2026-08-29,pw01sde1001202602030720260829,3歳以上1勝クラス,07,（混合）［指定］,13時20分,牡3,https://www.jra.go.jp/JRADB/accessS.html?CNAME=pw01sde1001202602030720260829%2F5A,芝,1:10.9,稍重,武市 康男,晴,定量,,
460(+8),53.0,12  14,札幌,PASS_HTML,1200,15,pw01dud102023105813/E5,ロードヴェルテクス,6,▲和田 陽希,35.4,２ 1/2,03,02,16,3歳以上,1勝クラス,2026-08-29,pw01sde1001202602030720260829,3歳以上1勝クラス,07,（混合）［指定］,13時20分,牡3,https://www.jra.go.jp/JRADB/accessS.html?CNAME=pw01sde1001202602030720260829%2F5A,芝,1:11.3,稍重,奥村 豊,晴,定量,,
472(+6),56.0,15  16,札幌,PASS_HTML,1200,16,pw01dud102020100084/F1,レッドカメリア,3,古川 吉洋,35.4,２,03,02,14,3歳以上,1勝クラス,2026-08-29,pw01sde1001202602030720260829,3歳以上1勝クラス,07,（混合）［指定］,13時20分,牝6,https://www.jra.go.jp/JRADB/accessS.html?CNAME=pw01sde1001202602030720260829%2F5A,芝,1:11.6,稍重,佐藤 吉勝,晴,定量,,
476(0),55.0,3  4  3  5,札幌,QUARANTINED_HTML:track_condition,1700,1,pw01dud102023105545/68,スターオブロンドン,9,小沢 大仁,37.1,,03,02,5.0,3歳以上,1勝クラス,2026-08-29,pw01sde1001202602030820260829,3歳以上1勝クラス,08,[指定],13時50分,牡3,https://www.jra.go.jp/JRADB/accessS.html?CNAME=pw01sde1001202602030820260829%2F0F,ダート,1:45.4,,矢作 芳人,晴,定量,,
450(-8),55.0,2  2  2  1,札幌,QUARANTINED_HTML:track_condition,1700,2,pw01dud102023103750/BD,アチーヴァー,5,丹内 祐次,37.4,クビ,03,02,1.0,3歳以上,1勝クラス,2026-08-29,pw01sde1001202602030820260829,3歳以上1勝クラス,08,[指定],13時50分,牡3,https://www.jra.go.jp/JRADB/accessS.html?CNAME=pw01sde1001202602030820260829%2F0F,ダート,1:45.5,,石坂 公一,晴,定量,,
448(+2),51.0,3  2  3  5,札幌,QUARANTINED_HTML:track_condition,1700,3,pw01dud102023103441/8D,レッドフロイデ,6,★河原田 菜々,37.3,クビ,03,02,4.0,3歳以上,1勝クラス,2026-08-29,pw01sde1001202602030820260829,3歳以上1勝クラス,08,[指定],13時50分,牡3,https://www.jra.go.jp/JRADB/accessS.html?CNAME=pw01sde1001202602030820260829%2F0F,ダート,1:45.5,,大久保 龍志,晴,定量,,
452(-8),58.0,9  9  8  3,札幌,QUARANTINED_HTML:track_condition,1700,4,pw01dud102022100637/38,ロードアルディート,3,横山 和生,37.0,３／４,03,02,3.0,3歳以上,1勝クラス,2026-08-29,pw01sde1001202602030820260829,3歳以上1勝クラス,08,[指定],13時50分,牡4,https://www.jra.go.jp/JRADB/accessS.html?CNAME=pw01sde1001202602030820260829%2F0F,ダート,1:45.6,,武 幸四郎,晴,定量,,
478(+4),55.0,3  4  3  2,札幌,QUARANTINED_HTML:track_condition,1700,5,pw01dud102023100715/EF,ピエナオルカ,8,古川 吉洋,37.9,３,03,02,2.0,3歳以上,1勝クラス,2026-08-29,pw01sde1001202602030820260829,3歳以上1勝クラス,08,[指定],13時50分,牡3,https://www.jra.go.jp/JRADB/accessS.html?CNAME=pw01sde1001202602030820260829%2F0F,ダート,1:46.1,,谷 潔,晴,定量,,
486(0),53.0,6  6  6  7,札幌,QUARANTINED_HTML:track_condition,1700,6,pw01dud102023106616/CB,ルージュエピック,10,松本 大輝,38.2,３,03,02,10.0,3歳以上,1勝クラス,2026-08-29,pw01sde1001202602030820260829,3歳以上1勝クラス,08,[指定],13時50分,牝3,https://www.jra.go.jp/JRADB/accessS.html?CNAME=pw01sde1001202602030820260829%2F0F,ダート,1:46.6,,田中 克典,晴,定量,,
440(+2),55.0,6  7  6  8,札幌,QUARANTINED_HTML:track_condition,1700,7,pw01dud102023101721/22,ノリノドラゴン,11,吉田 隼人,38.5,１ 3/4,03,02,7.0,3歳以上,1勝クラス,2026-08-29,pw01sde1001202602030820260829,3歳以上1勝クラス,08,[指定],13時50分,牡3,https://www.jra.go.jp/JRADB/accessS.html?CNAME=pw01sde1001202602030820260829%2F0F,ダート,1:46.9,,荒川 義之,晴,定量,,
470(+2),52.0,1  1  1  3,札幌,QUARANTINED_HTML:track_condition,1700,8,pw01dud102023102354/D6,エタンセル,4,▲小林 美駒,39.0,１／２,03,02,6.0,3歳以上,1勝クラス,2026-08-29,pw01sde1001202602030820260829,3歳以上1勝クラス,08,[指定],13時50分,牡3,https://www.jra.go.jp/JRADB/accessS.html?CNAME=pw01sde1001202602030820260829%2F0F,ダート,1:47.0,,高木 登,晴,定量,,
476(-4),55.0,10  10  9  8,札幌,QUARANTINED_HTML:track_condition,1700,9,pw01dud102023106214/21,ガビーズメロディ,2,原田 和真,38.5,１ 3/4,03,02,9.0,3歳以上,1勝クラス,2026-08-29,pw01sde1001202602030820260829,3歳以上1勝クラス,08,[指定],13時50分,牡3,https://www.jra.go.jp/JRADB/accessS.html?CNAME=pw01sde1001202602030820260829%2F0F,ダート,1:47.3,,伊坂 重信,晴,定量,,
462(0),53.0,8  8  10  10,札幌,QUARANTINED_HTML:track_condition,1700,10,pw01dud102023103566/1D,エコロゼルダ,1,斎藤 新,38.2,１ 1/2,03,02,8.0,3歳以上,1勝クラス,2026-08-29,pw01sde1001202602030820260829,3歳以上1勝クラス,08,[指定],13時50分,牝3,https://www.jra.go.jp/JRADB/accessS.html?CNAME=pw01sde1001202602030820260829%2F0F,ダート,1:47.6,,牧浦 充徳,晴,定量,,
432(0),55.0,,札幌,QUARANTINED_HTML:track_condition,1700,除外,pw01dud102023105470/28,グローリーバローズ,7,鮫島 克駿,,,03,02,,3歳以上,1勝クラス,2026-08-29,pw01sde1001202602030820260829,3歳以上1勝クラス,08,[指定],13時50分,せん3,https://www.jra.go.jp/JRADB/accessS.html?CNAME=pw01sde1001202602030820260829%2F0F,ダート,,,辻野 泰之,晴,定量,,
424(+4),53.0,6  6  6  6,札幌,PASS_HTML,1800,1,pw01dud102023104487/6E,アイドクレース,3,横山 武史,35.8,,03,02,1,3歳以上,1勝クラス,2026-08-29,pw01sde1001202602030920260829,3歳以上1勝クラス,09,（特指）,14時20分,牝3,https://www.jra.go.jp/JRADB/accessS.html?CNAME=pw01sde1001202602030920260829%2FC4,芝,1:50.0,稍重,金成 貴史,晴,定量,,
478(+4),55.0,11  11  8  6,札幌,PASS_HTML,1800,2,pw01dud102020100621/5E,マイバラード,2,▲遠藤 汰月,35.6,アタマ,03,02,9,3歳以上,1勝クラス,2026-08-29,pw01sde1001202602030920260829,3歳以上1勝クラス,09,（特指）,14時20分,牡6,https://www.jra.go.jp/JRADB/accessS.html?CNAME=pw01sde1001202602030920260829%2FC4,芝,1:50.0,稍重,松永 康利,晴,定量,,
510(-4),57.0,4  4  4  4,札幌,PASS_HTML,1800,3,pw01dud102022104062/BF,カージオイド,5,☆長浜 鴻緒,36.1,ハナ,03,02,5,3歳以上,1勝クラス,2026-08-29,pw01sde1001202602030920260829,3歳以上1勝クラス,09,（特指）,14時20分,牡4,https://www.jra.go.jp/JRADB/accessS.html?CNAME=pw01sde1001202602030920260829%2FC4,芝,1:50.0,稍重,黒岩 陽一,晴,定量,,
460(+6),53.0,1  1  1  1,札幌,PASS_HTML,1800,4,pw01dud102023102719/99,カイシンパジェント,9,桑村 真明,36.5,クビ,03,02,10,3歳以上,1勝クラス,2026-08-29,pw01sde1001202602030920260829,3歳以上1勝クラス,09,（特指）,14時20分,牝3,https://www.jra.go.jp/JRADB/accessS.html?CNAME=pw01sde1001202602030920260829%2FC4,芝,1:50.1,稍重,角川 秀樹,晴,定量,,
472(-4),56.0,4  4  4  4,札幌,PASS_HTML,1800,5,pw01dud102022106645/FC,グランセゾン,7,武 豊,36.2,１／２,03,02,2,3歳以上,1勝クラス,2026-08-29,pw01sde1001202602030920260829,3歳以上1勝クラス,09,（特指）,14時20分,牝4,https://www.jra.go.jp/JRADB/accessS.html?CNAME=pw01sde1001202602030920260829%2FC4,芝,1:50.2,稍重,栗田 徹,晴,定量,,
432(0),50.0,6  6  6  6,札幌,PASS_HTML,1800,6,pw01dud102023105977/42,キタノサリスカ,8,▲和田 陽希,36.1,クビ,03,02,4,3歳以上,1勝クラス,2026-08-29,pw01sde1001202602030920260829,3歳以上1勝クラス,09,（特指）,14時20分,牝3,https://www.jra.go.jp/JRADB/accessS.html?CNAME=pw01sde1001202602030920260829%2FC4,芝,1:50.3,稍重,羽月 友彦,晴,定量,,
470(-2),58.0,2  2  2  2,札幌,PASS_HTML,1800,7,pw01dud102022103222/F2,エオアリイ,10,丹内 祐次,36.7,１／２,03,02,8,3歳以上,1勝クラス,2026-08-29,pw01sde1001202602030920260829,3歳以上1勝クラス,09,（特指）,14時20分,牡4,https://www.jra.go.jp/JRADB/accessS.html?CNAME=pw01sde1001202602030920260829%2FC4,芝,1:50.4,稍重,平岩 大典,晴,定量,,
494(-2),55.0,8  9  10  10,札幌,PASS_HTML,1800,8,pw01dud102023105005/33,ブランドブラン,6,鮫島 克駿,35.9,ハナ,03,02,3,3歳以上,1勝クラス,2026-08-29,pw01sde1001202602030920260829,3歳以上1勝クラス,09,（特指）,14時20分,牡3,https://www.jra.go.jp/JRADB/accessS.html?CNAME=pw01sde1001202602030920260829%2FC4,芝,1:50.4,稍重,杉山 晴紀,晴,定量,,
426(-6),56.0,8  8  8  6,札幌,PASS_HTML,1800,9,pw01dud102022106221/4C,ウインイルネージュ,4,黛 弘人,36.0,アタマ,03,02,12,3歳以上,1勝クラス,2026-08-29,pw01sde1001202602030920260829,3歳以上1勝クラス,09,（特指）,14時20分,牝4,https://www.jra.go.jp/JRADB/accessS.html?CNAME=pw01sde1001202602030920260829%2FC4,芝,1:50.4,稍重,和田 正一郎,晴,定量,,
480(0),58.0,2  2  3  2,札幌,PASS_HTML,1800,10,pw01dud102022106832/F5,コスモキャバリエ,12,石川 倭,36.7,３／４,03,02,7,3歳以上,1勝クラス,2026-08-29,pw01sde1001202602030920260829,3歳以上1勝クラス,09,（特指）,14時20分,牡4,https://www.jra.go.jp/JRADB/accessS.html?CNAME=pw01sde1001202602030920260829%2FC4,芝,1:50.5,稍重,室井 潔,晴,定量,,
490(0),56.0,10  9  11  10,札幌,PASS_HTML,1800,11,pw01dud102020103772/1F,エイトスターズ,11,吉田 隼人,36.2,１ 1/2,03,02,11,3歳以上,1勝クラス,2026-08-29,pw01sde1001202602030920260829,3歳以上1勝クラス,09,（特指）,14時20分,牝6,https://www.jra.go.jp/JRADB/accessS.html?CNAME=pw01sde1001202602030920260829%2FC4,芝,1:50.8,稍重,坂口 智康,晴,定量,,
464(-4),55.0,12  12  12  12,札幌,PASS_HTML,1800,12,pw01dud102023105257/CB,ミエノストロング,1,横山 和生,36.1,２,03,02,6,3歳以上,1勝クラス,2026-08-29,pw01sde1001202602030920260829,3歳以上1勝クラス,09,（特指）,14時20分,牡3,https://www.jra.go.jp/JRADB/accessS.html?CNAME=pw01sde1001202602030920260829%2FC4,芝,1:51.1,稍重,上原 佑紀,晴,定量,,
442(+10),55.0,1  1,札幌,PASS_HTML,1200,1,pw01dud102024107239/FB,ワールドエンジェル,3,横山 和生,36.7,,03,02,2,2歳,オープン,2026-08-29,pw01sde1001202602031020260829,すずらん賞,10,（国際）（特指）,14時50分,牝2,https://www.jra.go.jp/JRADB/accessS.html?CNAME=pw01sde1001202602031020260829%2FB9,芝,1:10.6,稍重,橋田 宜長,晴,別定,,
476(+4),55.0,2  2,札幌,PASS_HTML,1200,2,pw01dud102024103547/FC,ウインガラハッド,12,丹内 祐次,36.8,１,03,02,1,2歳,オープン,2026-08-29,pw01sde1001202602031020260829,すずらん賞,10,（国際）（特指）,14時50分,牡2,https://www.jra.go.jp/JRADB/accessS.html?CNAME=pw01sde1001202602031020260829%2FB9,芝,1:10.8,稍重,宮 徹,晴,別定,,
454(-8),55.0,12  11,札幌,PASS_HTML,1200,3,pw01dud102024109031/DF,ピンクゴールド,5,小野 楓馬,35.5,ハナ,03,02,11,2歳,オープン,2026-08-29,pw01sde1001202602031020260829,すずらん賞,10,（国際）（特指）,14時50分,牝2,https://www.jra.go.jp/JRADB/accessS.html?CNAME=pw01sde1001202602031020260829%2FB9,芝,1:10.8,稍重,小野 望,晴,別定,,
446(-6),55.0,10  7,札幌,PASS_HTML,1200,4,pw01dud102024105617/DB,スハッチェ,4,宮内 勇樹,36.1,クビ,03,02,12,2歳,オープン,2026-08-29,pw01sde1001202602031020260829,すずらん賞,10,（国際）（特指）,14時50分,牝2,https://www.jra.go.jp/JRADB/accessS.html?CNAME=pw01sde1001202602031020260829%2FB9,芝,1:10.8,稍重,川島 洋人,晴,別定,,
506(-12),55.0,4  4,札幌,PASS_HTML,1200,5,pw01dud102024101636/CC,ラビリンスティアラ,11,石川 倭,36.8,１ 1/2,03,02,7,2歳,オープン,2026-08-29,pw01sde1001202602031020260829,すずらん賞,10,（国際）（特指）,14時50分,牝2,https://www.jra.go.jp/JRADB/accessS.html?CNAME=pw01sde1001202602031020260829%2FB9,芝,1:11.1,稍重,村上 正和,晴,別定,,
448(+8),55.0,8  7,札幌,PASS_HTML,1200,6,pw01dud102024101438/50,ピクニックマーチ,7,木幡 初也,36.6,１／２,03,02,6,2歳,オープン,2026-08-29,pw01sde1001202602031020260829,すずらん賞,10,（国際）（特指）,14時50分,牝2,https://www.jra.go.jp/JRADB/accessS.html?CNAME=pw01sde1001202602031020260829%2FB9,芝,1:11.2,稍重,竹内 正洋,晴,別定,,
438(+8),55.0,5  4,札幌,PASS_HTML,1200,7,pw01dud102024103505/D6,ヌーンベルク,10,横山 武史,36.8,クビ,03,02,5,2歳,オープン,2026-08-29,pw01sde1001202602031020260829,すずらん賞,10,（国際）（特指）,14時50分,牝2,https://www.jra.go.jp/JRADB/accessS.html?CNAME=pw01sde1001202602031020260829%2FB9,芝,1:11.2,稍重,武井 亮,晴,別定,,
468(+4),55.0,5  4,札幌,PASS_HTML,1200,8,pw01dud102024107393/DA,ルアシュエル,1,落合 玄太,36.7,ハナ,03,02,8,2歳,オープン,2026-08-29,pw01sde1001202602031020260829,すずらん賞,10,（国際）（特指）,14時50分,牡2,https://www.jra.go.jp/JRADB/accessS.html?CNAME=pw01sde1001202602031020260829%2FB9,芝,1:11.2,稍重,田中 淳司,晴,別定,,
462(+2),55.0,3  3,札幌,PASS_HTML,1200,9,pw01dud102024106276/F3,ムーンベリル,9,北村 友一,37.6,３,03,02,4,2歳,オープン,2026-08-29,pw01sde1001202602031020260829,すずらん賞,10,（国際）（特指）,14時50分,牝2,https://www.jra.go.jp/JRADB/accessS.html?CNAME=pw01sde1001202602031020260829%2FB9,芝,1:11.7,稍重,西村 真幸,晴,別定,,
444(+2),55.0,8  10,札幌,PASS_HTML,1200,10,pw01dud102024105166/C3,タイフーンナイン,8,斎藤 新,37.2,クビ,03,02,3,2歳,オープン,2026-08-29,pw01sde1001202602031020260829,すずらん賞,10,（国際）（特指）,14時50分,牝2,https://www.jra.go.jp/JRADB/accessS.html?CNAME=pw01sde1001202602031020260829%2FB9,芝,1:11.8,稍重,柴田 卓,晴,別定,,
428(-6),55.0,5  7,札幌,PASS_HTML,1200,11,pw01dud102024101160/55,トラデスカンティア,6,服部 茂史,37.4,クビ,03,02,9,2歳,オープン,2026-08-29,pw01sde1001202602031020260829,すずらん賞,10,（国際）（特指）,14時50分,牝2,https://www.jra.go.jp/JRADB/accessS.html?CNAME=pw01sde1001202602031020260829%2FB9,芝,1:11.8,稍重,松本 隆宏,晴,別定,,
420(-8),55.0,11  11,札幌,PASS_HTML,1200,12,pw01dud102024105383/EC,ルベルグラン,2,桑村 真明,36.8,クビ,03,02,10,2歳,オープン,2026-08-29,pw01sde1001202602031020260829,すずらん賞,10,（国際）（特指）,14時50分,牝2,https://www.jra.go.jp/JRADB/accessS.html?CNAME=pw01sde1001202602031020260829%2FB9,芝,1:11.9,稍重,角川 秀樹,晴,別定,,
454(+6),58.0,1  1  1  1,札幌,PASS_HTML,2000,1,pw01dud102020103910/3B,レジェンドシップ,8,浜中 俊,36.9,,03,02,5,3歳以上,2勝クラス,2026-08-29,pw01sde1001202602031120260829,札幌日刊スポーツ杯,11,（混合）［指定］,15時25分,せん6,https://www.jra.go.jp/JRADB/accessS.html?CNAME=pw01sde1001202602031120260829%2F6E,芝,2:02.2,稍重,佐藤 悠太,晴,定量,,
460(+10),58.0,12  12  13  11,札幌,PASS_HTML,2000,2,pw01dud102022105018/10,バルティカ,12,北村 友一,35.9,１ 1/2,03,02,2,3歳以上,2勝クラス,2026-08-29,pw01sde1001202602031120260829,札幌日刊スポーツ杯,11,（混合）［指定］,15時25分,牡4,https://www.jra.go.jp/JRADB/accessS.html?CNAME=pw01sde1001202602031120260829%2F6E,芝,2:02.4,稍重,高橋 亮,晴,定量,,
454(+6),56.0,9  8  9  7,札幌,PASS_HTML,2000,3,pw01dud102022105394/57,ハニードレス,5,古川 吉洋,36.8,３,03,02,7,3歳以上,2勝クラス,2026-08-29,pw01sde1001202602031120260829,札幌日刊スポーツ杯,11,（混合）［指定］,15時25分,牝4,https://www.jra.go.jp/JRADB/accessS.html?CNAME=pw01sde1001202602031120260829%2F6E,芝,2:02.9,稍重,牧 光二,晴,定量,,
514(0),58.0,13  12  9  10,札幌,PASS_HTML,2000,4,pw01dud102020105809/E3,マイネルフォルツァ,3,横山 武史,36.8,１／２,03,02,9,3歳以上,2勝クラス,2026-08-29,pw01sde1001202602031120260829,札幌日刊スポーツ杯,11,（混合）［指定］,15時25分,牡6,https://www.jra.go.jp/JRADB/accessS.html?CNAME=pw01sde1001202602031120260829%2F6E,芝,2:03.0,稍重,金成 貴史,晴,定量,,
516(+10),58.0,13  14  13  11,札幌,PASS_HTML,2000,5,pw01dud102022104692/15,バースライト,14,吉田 隼人,36.7,３／４,03,02,4,3歳以上,2勝クラス,2026-08-29,pw01sde1001202602031120260829,札幌日刊スポーツ杯,11,（混合）［指定］,15時25分,牡4,https://www.jra.go.jp/JRADB/accessS.html?CNAME=pw01sde1001202602031120260829%2F6E,芝,2:03.1,稍重,武 幸四郎,晴,定量,,
488(+8),58.0,7  8  6  2,札幌,PASS_HTML,2000,6,pw01dud102022102573/59,メイショウアイル,7,武 豊,37.4,３／４,03,02,3,3歳以上,2勝クラス,2026-08-29,pw01sde1001202602031120260829,札幌日刊スポーツ杯,11,（混合）［指定］,15時25分,牡4,https://www.jra.go.jp/JRADB/accessS.html?CNAME=pw01sde1001202602031120260829%2F6E,芝,2:03.3,稍重,高橋 義忠,晴,定量,,
444(0),56.0,5  5  5  5,札幌,PASS_HTML,2000,7,pw01dud102022104748/A8,ウィルサヴァイブ,4,横山 典弘,37.7,１ 1/4,03,02,6,3歳以上,2勝クラス,2026-08-29,pw01sde1001202602031120260829,札幌日刊スポーツ杯,11,（混合）［指定］,15時25分,牝4,https://www.jra.go.jp/JRADB/accessS.html?CNAME=pw01sde1001202602031120260829%2F6E,芝,2:03.5,稍重,須貝 尚介,晴,定量,,
552(+2),58.0,5  6  6  5,札幌,PASS_HTML,2000,8,pw01dud102021110130/60,ドッビアーコ,10,和田 陽希,37.6,クビ,03,02,13,3歳以上,2勝クラス,2026-08-29,pw01sde1001202602031120260829,札幌日刊スポーツ杯,11,（混合）［指定］,15時25分,せん5,https://www.jra.go.jp/JRADB/accessS.html?CNAME=pw01sde1001202602031120260829%2F6E,芝,2:03.5,稍重,奥村 豊,晴,定量,,
512(+2),58.0,2  2  2  2,札幌,PASS_HTML,2000,9,pw01dud102022105552/93,ナグルファル,9,落合 玄太,38.3,１ 1/2,03,02,11,3歳以上,2勝クラス,2026-08-29,pw01sde1001202602031120260829,札幌日刊スポーツ杯,11,（混合）［指定］,15時25分,せん4,https://www.jra.go.jp/JRADB/accessS.html?CNAME=pw01sde1001202602031120260829%2F6E,芝,2:03.8,稍重,中舘 英二,晴,定量,,
476(-6),58.0,9  10  12  14,札幌,PASS_HTML,2000,10,pw01dud102022104623/18,コリカンチャ,13,斎藤 新,37.8,２,03,02,10,3歳以上,2勝クラス,2026-08-29,pw01sde1001202602031120260829,札幌日刊スポーツ杯,11,（混合）［指定］,15時25分,せん4,https://www.jra.go.jp/JRADB/accessS.html?CNAME=pw01sde1001202602031120260829%2F6E,芝,2:04.1,稍重,井上 智史,晴,定量,,
516(+8),58.0,7  6  6  7,札幌,PASS_HTML,2000,11,pw01dud102021106827/98,マイネルバーテクス,2,丹内 祐次,38.2,クビ,03,02,14,3歳以上,2勝クラス,2026-08-29,pw01sde1001202602031120260829,札幌日刊スポーツ杯,11,（混合）［指定］,15時25分,牡5,https://www.jra.go.jp/JRADB/accessS.html?CNAME=pw01sde1001202602031120260829%2F6E,芝,2:04.1,稍重,水野 貴広,晴,定量,,
456(+12),56.0,3  3  3  2,札幌,PASS_HTML,2000,12,pw01dud102022105796/01,アリスメティーク,6,横山 和生,38.5,アタマ,03,02,1,3歳以上,2勝クラス,2026-08-29,pw01sde1001202602031120260829,札幌日刊スポーツ杯,11,（混合）［指定］,15時25分,牝4,https://www.jra.go.jp/JRADB/accessS.html?CNAME=pw01sde1001202602031120260829%2F6E,芝,2:04.1,稍重,大竹 正博,晴,定量,,
462(-2),58.0,3  3  3  7,札幌,PASS_HTML,2000,13,pw01dud102021105865/03,エボルヴィング,1,小沢 大仁,39.6,７,03,02,8,3歳以上,2勝クラス,2026-08-29,pw01sde1001202602031120260829,札幌日刊スポーツ杯,11,（混合）［指定］,15時25分,牡5,https://www.jra.go.jp/JRADB/accessS.html?CNAME=pw01sde1001202602031120260829%2F6E,芝,2:05.2,稍重,藤原 英昭,晴,定量,,
460(0),58.0,9  10  9  11,札幌,PASS_HTML,2000,14,pw01dud102021100165/01,フォルテフィオーレ,11,鮫島 克駿,39.4,１ 3/4,03,02,12,3歳以上,2勝クラス,2026-08-29,pw01sde1001202602031120260829,札幌日刊スポーツ杯,11,（混合）［指定］,15時25分,牡5,https://www.jra.go.jp/JRADB/accessS.html?CNAME=pw01sde1001202602031120260829%2F6E,芝,2:05.5,稍重,上原 佑紀,晴,定量,,
492(+4),55.0,9  8  7  2,札幌,QUARANTINED_HTML:track_condition,1700,1,pw01dud102023102455/7A,オンザムービー,10,横山 和生,36.0,,03,02,1,3歳以上,2勝クラス,2026-08-29,pw01sde1001202602031220260829,千歳特別,12,（混合）［指定］,16時01分,牡3,https://www.jra.go.jp/JRADB/accessS.html?CNAME=pw01sde1001202602031220260829%2F23,ダート,1:44.1,,牧田 和弥,晴,定量,,
470(+8),55.0,6  6  6  2,札幌,QUARANTINED_HTML:track_condition,1700,2,pw01dud102023104324/84,タガノエルー,11,古川 吉洋,36.4,１ 1/2,03,02,2,3歳以上,2勝クラス,2026-08-29,pw01sde1001202602031220260829,千歳特別,12,（混合）［指定］,16時01分,牡3,https://www.jra.go.jp/JRADB/accessS.html?CNAME=pw01sde1001202602031220260829%2F23,ダート,1:44.3,,宮 徹,晴,定量,,
448(-4),58.0,6  6  5  7,札幌,QUARANTINED_HTML:track_condition,1700,3,pw01dud102022100321/E3,リメンバーヒム,7,小沢 大仁,36.8,１ 3/4,03,02,7,3歳以上,2勝クラス,2026-08-29,pw01sde1001202602031220260829,千歳特別,12,（混合）［指定］,16時01分,牡4,https://www.jra.go.jp/JRADB/accessS.html?CNAME=pw01sde1001202602031220260829%2F23,ダート,1:44.6,,浜田 多実雄,晴,定量,,
502(+14),58.0,2  3  3  2,札幌,QUARANTINED_HTML:track_condition,1700,4,pw01dud102021103002/E4,アラナコア,4,吉田 隼人,37.0,クビ,03,02,5,3歳以上,2勝クラス,2026-08-29,pw01sde1001202602031220260829,千歳特別,12,（混合）［指定］,16時01分,牡5,https://www.jra.go.jp/JRADB/accessS.html?CNAME=pw01sde1001202602031220260829%2F23,ダート,1:44.7,,田中 克典,晴,定量,,
480(0),53.0,2  2  2  1,札幌,QUARANTINED_HTML:track_condition,1700,5,pw01dud102023103696/7E,マーゴットサンズ,9,武 豊,37.1,クビ,03,02,3,3歳以上,2勝クラス,2026-08-29,pw01sde1001202602031220260829,千歳特別,12,（混合）［指定］,16時01分,牝3,https://www.jra.go.jp/JRADB/accessS.html?CNAME=pw01sde1001202602031220260829%2F23,ダート,1:44.7,,伊坂 重信,晴,定量,,
432(0),56.0,10  9  7  7,札幌,QUARANTINED_HTML:track_condition,1700,6,pw01dud102022106851/A2,レディゴディヴァ,6,石川 倭,37.1,２ 1/2,03,02,12,3歳以上,2勝クラス,2026-08-29,pw01sde1001202602031220260829,千歳特別,12,（混合）［指定］,16時01分,牝4,https://www.jra.go.jp/JRADB/accessS.html?CNAME=pw01sde1001202602031220260829%2F23,ダート,1:45.2,,小崎 憲,晴,定量,,
542(+10),58.0,4  4  3  2,札幌,QUARANTINED_HTML:track_condition,1700,7,pw01dud102021102409/DE,ホレーショ,5,丹内 祐次,37.6,１,03,02,6,3歳以上,2勝クラス,2026-08-29,pw01sde1001202602031220260829,千歳特別,12,（混合）［指定］,16時01分,牡5,https://www.jra.go.jp/JRADB/accessS.html?CNAME=pw01sde1001202602031220260829%2F23,ダート,1:45.3,,西田 雄一郎,晴,定量,,
464(+8),58.0,6  9  10  9,札幌,QUARANTINED_HTML:track_condition,1700,8,pw01dud102022102905/93,ディアウス,3,横山 武史,37.0,１ 1/4,03,02,4,3歳以上,2勝クラス,2026-08-29,pw01sde1001202602031220260829,千歳特別,12,（混合）［指定］,16時01分,牡4,https://www.jra.go.jp/JRADB/accessS.html?CNAME=pw01sde1001202602031220260829%2F23,ダート,1:45.5,,吉岡 辰弥,晴,定量,,
464(+6),56.0,5  5  7  9,札幌,QUARANTINED_HTML:track_condition,1700,9,pw01dud102022107254/C4,エンプレスフレーム,1,原田 和真,38.1,４,03,02,10,3歳以上,2勝クラス,2026-08-29,pw01sde1001202602031220260829,千歳特別,12,（混合）［指定］,16時01分,牝4,https://www.jra.go.jp/JRADB/accessS.html?CNAME=pw01sde1001202602031220260829%2F23,ダート,1:46.2,,上原 博之,晴,定量,,
504(+6),58.0,11  11  11  11,札幌,QUARANTINED_HTML:track_condition,1700,10,pw01dud102022103288/04,ヤコブセン,8,横山 琉人,37.8,２ 1/2,03,02,11,3歳以上,2勝クラス,2026-08-29,pw01sde1001202602031220260829,千歳特別,12,（混合）［指定］,16時01分,牡4,https://www.jra.go.jp/JRADB/accessS.html?CNAME=pw01sde1001202602031220260829%2F23,ダート,1:46.6,,斎藤 誠,晴,定量,,
478(-4),56.0,1  1  1  2,札幌,QUARANTINED_HTML:track_condition,1700,11,pw01dud102022102347/93,シャンハイナイト,12,河原田 菜々,39.3,クビ,03,02,8,3歳以上,2勝クラス,2026-08-29,pw01sde1001202602031220260829,千歳特別,12,（混合）［指定］,16時01分,牝4,https://www.jra.go.jp/JRADB/accessS.html?CNAME=pw01sde1001202602031220260829%2F23,ダート,1:46.7,,村田 一誠,晴,定量,,
482(+4),56.0,12  12  12  12,札幌,QUARANTINED_HTML:track_condition,1700,12,pw01dud102022105569/C8,ルージュマローネ,2,鮫島 克駿,38.4,５,03,02,9,3歳以上,2勝クラス,2026-08-29,pw01sde1001202602031220260829,千歳特別,12,（混合）［指定］,16時01分,牝4,https://www.jra.go.jp/JRADB/accessS.html?CNAME=pw01sde1001202602031220260829%2F23,ダート,1:47.5,,栗田 徹,晴,定量,,
460(-6),55.0,13  12  13  5,札幌,QUARANTINED_HTML:track_condition,1700,1,pw01dud102023104322/9E,タガノシルフィー,1,横山 和生,36.6,,04,02,3,3歳,未勝利,2026-08-30,pw01sde1001202602040120260830,3歳未勝利,01,牝［指定］,10時00分,牝3,https://www.jra.go.jp/JRADB/accessS.html?CNAME=pw01sde1001202602040120260830%2F44,ダート,1:45.5,,石橋 守,晴,馬齢,,
446(-6),55.0,7  7  6  5,札幌,QUARANTINED_HTML:track_condition,1700,2,pw01dud102023104101/A9,テンレッドサン,4,横山 武史,38.5,３ 1/2,04,02,6,3歳,未勝利,2026-08-30,pw01sde1001202602040120260830,3歳未勝利,01,牝［指定］,10時00分,牝3,https://www.jra.go.jp/JRADB/accessS.html?CNAME=pw01sde1001202602040120260830%2F44,ダート,1:46.1,,西園 翔太,晴,馬齢,,
454(+8),55.0,7  7  8  5,札幌,QUARANTINED_HTML:track_condition,1700,3,pw01dud102023102608/E5,エリカビアリッツ,7,鮫島 克駿,38.2,クビ,04,02,2,3歳,未勝利,2026-08-30,pw01sde1001202602040120260830,3歳未勝利,01,牝［指定］,10時00分,牝3,https://www.jra.go.jp/JRADB/accessS.html?CNAME=pw01sde1001202602040120260830%2F44,ダート,1:46.1,,堀 宣行,晴,馬齢,,
456(+10),55.0,13  14  11  5,札幌,QUARANTINED_HTML:track_condition,1700,4,pw01dud102023107068/CA,サンセリテ,5,武 豊,38.0,３,04,02,9,3歳,未勝利,2026-08-30,pw01sde1001202602040120260830,3歳未勝利,01,牝［指定］,10時00分,牝3,https://www.jra.go.jp/JRADB/accessS.html?CNAME=pw01sde1001202602040120260830%2F44,ダート,1:46.6,,鹿戸 雄一,晴,馬齢,,
472(+12),55.0,10  9  8  5,札幌,QUARANTINED_HTML:track_condition,1700,5,pw01dud102023105555/78,ウォータースパウト,11,吉田 隼人,38.8,アタマ,04,02,4,3歳,未勝利,2026-08-30,pw01sde1001202602040120260830,3歳未勝利,01,牝［指定］,10時00分,牝3,https://www.jra.go.jp/JRADB/accessS.html?CNAME=pw01sde1001202602040120260830%2F44,ダート,1:46.7,,小笠 倫弘,晴,馬齢,,
462(-2),55.0,9  9  6  1,札幌,QUARANTINED_HTML:track_condition,1700,6,pw01dud102023102700/7E,コイバナ,14,浜中 俊,39.3,２,04,02,7,3歳,未勝利,2026-08-30,pw01sde1001202602040120260830,3歳未勝利,01,牝［指定］,10時00分,牝3,https://www.jra.go.jp/JRADB/accessS.html?CNAME=pw01sde1001202602040120260830%2F44,ダート,1:47.0,,渡辺 薫彦,晴,馬齢,,
460(-4),55.0,6  6  4  3,札幌,QUARANTINED_HTML:track_condition,1700,7,pw01dud102023104374/D4,ブライトエンジェル,12,川又 賢治,40.4,５,04,02,1,3歳,未勝利,2026-08-30,pw01sde1001202602040120260830,3歳未勝利,01,牝［指定］,10時00分,牝3,https://www.jra.go.jp/JRADB/accessS.html?CNAME=pw01sde1001202602040120260830%2F44,ダート,1:47.8,,角田 晃一,晴,馬齢,,
472(+6),55.0,5  4  3  2,札幌,QUARANTINED_HTML:track_condition,1700,8,pw01dud102023102909/EB,マーゴットクリュグ,2,松本 大輝,40.6,アタマ,04,02,8,3歳,未勝利,2026-08-30,pw01sde1001202602040120260830,3歳未勝利,01,牝［指定］,10時00分,牝3,https://www.jra.go.jp/JRADB/accessS.html?CNAME=pw01sde1001202602040120260830%2F44,ダート,1:47.8,,小林 真也,晴,馬齢,,
428(-2),52.0,11  11  11  11,札幌,QUARANTINED_HTML:track_condition,1700,9,pw01dud102023104332/AE,タガノラヴズワン,8,▲和田 陽希,39.4,クビ,04,02,10,3歳,未勝利,2026-08-30,pw01sde1001202602040120260830,3歳未勝利,01,牝［指定］,10時00分,牝3,https://www.jra.go.jp/JRADB/accessS.html?CNAME=pw01sde1001202602040120260830%2F44,ダート,1:47.9,,平田 修,晴,馬齢,,
472(+12),55.0,11  12  14  12,札幌,QUARANTINED_HTML:track_condition,1700,10,pw01dud102023106819/86,モンテパステル,10,古川 吉洋,38.8,１／２,04,02,12,3歳,未勝利,2026-08-30,pw01sde1001202602040120260830,3歳未勝利,01,牝［指定］,10時00分,牝3,https://www.jra.go.jp/JRADB/accessS.html?CNAME=pw01sde1001202602040120260830%2F44,ダート,1:48.0,,四位 洋文,晴,馬齢,,
412(0),55.0,4  4  8  13,札幌,QUARANTINED_HTML:track_condition,1700,11,pw01dud102023100580/BE,セントピュアベース,9,荻野 琢真,42.5,大差,04,02,14,3歳,未勝利,2026-08-30,pw01sde1001202602040120260830,3歳未勝利,01,牝［指定］,10時00分,牝3,https://www.jra.go.jp/JRADB/accessS.html?CNAME=pw01sde1001202602040120260830%2F44,ダート,1:50.4,,藤野 健太,晴,馬齢,,
466(+8),55.0,2  1  1  3,札幌,QUARANTINED_HTML:track_condition,1700,12,pw01dud102023102170/C8,ビレッジルイーザ,6,丹内 祐次,43.7,１／２,04,02,11,3歳,未勝利,2026-08-30,pw01sde1001202602040120260830,3歳未勝利,01,牝［指定］,10時00分,牝3,https://www.jra.go.jp/JRADB/accessS.html?CNAME=pw01sde1001202602040120260830%2F44,ダート,1:50.5,,伊藤 圭三,晴,馬齢,,
504(+12),52.0,1  2  2  5,札幌,QUARANTINED_HTML:track_condition,1700,13,pw01dud102023107267/B9,ジーティービキニ,13,▲小林 美駒,43.8,１ 1/2,04,02,5,3歳,未勝利,2026-08-30,pw01sde1001202602040120260830,3歳未勝利,01,牝［指定］,10時00分,牝3,https://www.jra.go.jp/JRADB/accessS.html?CNAME=pw01sde1001202602040120260830%2F44,ダート,1:50.7,,松下 武士,晴,馬齢,,
466(+4),55.0,3  3  4  13,札幌,QUARANTINED_HTML:track_condition,1700,14,pw01dud102023104239/A2,ゴーゴーエイミー,3,斎藤 新,47.3,大差,04,02,13,3歳,未勝利,2026-08-30,pw01sde1001202602040120260830,3歳未勝利,01,牝［指定］,10時00分,牝3,https://www.jra.go.jp/JRADB/accessS.html?CNAME=pw01sde1001202602040120260830%2F44,ダート,1:54.6,,東田 明士,晴,馬齢,,
432(-4),55.0,3  3,札幌,PASS_HTML,1200,1,pw01dud102024106450/83,ギャルズマインド,13,浜中 俊,35.0,,04,02,3,2歳,未勝利,2026-08-30,pw01sde1001202602040220260830,2歳未勝利,02,（混合）［指定］,10時30分,牝2,https://www.jra.go.jp/JRADB/accessS.html?CNAME=pw01sde1001202602040220260830%2FF9,芝,1:10.1,良,武 幸四郎,晴,馬齢,,
460(+2),55.0,2  2,札幌,PASS_HTML,1200,2,pw01dud102024100255/C6,アルテクィーン,8,鮫島 克駿,35.4,１ 1/4,04,02,2,2歳,未勝利,2026-08-30,pw01sde1001202602040220260830,2歳未勝利,02,（混合）［指定］,10時30分,牝2,https://www.jra.go.jp/JRADB/accessS.html?CNAME=pw01sde1001202602040220260830%2FF9,芝,1:10.3,良,杉山 晴紀,晴,馬齢,,
420(+6),52.0,1  1,札幌,PASS_HTML,1200,3,pw01dud102024104759/43,ミハテヌユメ,5,▲小林 美駒,35.8,１／２,04,02,5,2歳,未勝利,2026-08-30,pw01sde1001202602040220260830,2歳未勝利,02,（混合）［指定］,10時30分,牝2,https://www.jra.go.jp/JRADB/accessS.html?CNAME=pw01sde1001202602040220260830%2FF9,芝,1:10.4,良,前川 恭子,晴,馬齢,,
442(+4),55.0,7  9,札幌,PASS_HTML,1200,4,pw01dud102024106429/5E,ソニックアイル,12,横山 武史,35.2,２,04,02,1,2歳,未勝利,2026-08-30,pw01sde1001202602040220260830,2歳未勝利,02,（混合）［指定］,10時30分,牝2,https://www.jra.go.jp/JRADB/accessS.html?CNAME=pw01sde1001202602040220260830%2FF9,芝,1:10.7,良,平岩 大典,晴,馬齢,,
438(+6),55.0,4  4,札幌,PASS_HTML,1200,5,pw01dud102024101730/4B,キャンドル,6,横山 琉人,35.5,クビ,04,02,10,2歳,未勝利,2026-08-30,pw01sde1001202602040220260830,2歳未勝利,02,（混合）［指定］,10時30分,牝2,https://www.jra.go.jp/JRADB/accessS.html?CNAME=pw01sde1001202602040220260830%2FF9,芝,1:10.7,良,清水 久詞,晴,馬齢,,
454(0),55.0,6  6,札幌,PASS_HTML,1200,6,pw01dud102024106857/6C,トーセンルルド,14,武 豊,35.4,１／２,04,02,4,2歳,未勝利,2026-08-30,pw01sde1001202602040220260830,2歳未勝利,02,（混合）［指定］,10時30分,牝2,https://www.jra.go.jp/JRADB/accessS.html?CNAME=pw01sde1001202602040220260830%2FF9,芝,1:10.8,良,杉浦 宏昭,晴,馬齢,,
430(0),55.0,7  6,札幌,PASS_HTML,1200,7,pw01dud102024101989/08,ヴィヴィアンリーチ,2,斎藤 新,35.3,アタマ,04,02,7,2歳,未勝利,2026-08-30,pw01sde1001202602040220260830,2歳未勝利,02,（混合）［指定］,10時30分,牝2,https://www.jra.go.jp/JRADB/accessS.html?CNAME=pw01sde1001202602040220260830%2FF9,芝,1:10.8,良,東田 明士,晴,馬齢,,
462(+6),55.0,10  11,札幌,PASS_HTML,1200,8,pw01dud102024101556/BB,インサイドストーム,11,古川 吉洋,35.1,クビ,04,02,12,2歳,未勝利,2026-08-30,pw01sde1001202602040220260830,2歳未勝利,02,（混合）［指定］,10時30分,牝2,https://www.jra.go.jp/JRADB/accessS.html?CNAME=pw01sde1001202602040220260830%2FF9,芝,1:10.9,良,緒方 努,晴,馬齢,,
438(-10),55.0,12  11,札幌,PASS_HTML,1200,9,pw01dud102024106839/32,アワードリームス,1,石川 倭,34.9,クビ,04,02,11,2歳,未勝利,2026-08-30,pw01sde1001202602040220260830,2歳未勝利,02,（混合）［指定］,10時30分,牝2,https://www.jra.go.jp/JRADB/accessS.html?CNAME=pw01sde1001202602040220260830%2FF9,芝,1:10.9,良,中村 直也,晴,馬齢,,
412(+2),52.0,4  4,札幌,PASS_HTML,1200,10,pw01dud102024104987/EF,アスコットペスカ,10,▲和田 陽希,36.0,１ 3/4,04,02,13,2歳,未勝利,2026-08-30,pw01sde1001202602040220260830,2歳未勝利,02,（混合）［指定］,10時30分,牝2,https://www.jra.go.jp/JRADB/accessS.html?CNAME=pw01sde1001202602040220260830%2FF9,芝,1:11.2,良,藤野 健太,晴,馬齢,,
396(+2),55.0,12  13,札幌,PASS_HTML,1200,11,pw01dud102024105302/F9,パーフェクトゲーム,9,横山 和生,35.6,２ 1/2,04,02,6,2歳,未勝利,2026-08-30,pw01sde1001202602040220260830,2歳未勝利,02,（混合）［指定］,10時30分,牝2,https://www.jra.go.jp/JRADB/accessS.html?CNAME=pw01sde1001202602040220260830%2FF9,芝,1:11.6,良,千葉 直人,晴,馬齢,,
410(-4),55.0,7  6,札幌,PASS_HTML,1200,12,pw01dud102024105538/3D,トスカ,4,小沢 大仁,36.1,ハナ,04,02,9,2歳,未勝利,2026-08-30,pw01sde1001202602040220260830,2歳未勝利,02,（混合）［指定］,10時30分,牝2,https://www.jra.go.jp/JRADB/accessS.html?CNAME=pw01sde1001202602040220260830%2FF9,芝,1:11.6,良,杉山 佳明,晴,馬齢,,
446(+6),55.0,10  10,札幌,PASS_HTML,1200,13,pw01dud102024100176/28,ショパンコンクール,3,丹内 祐次,36.3,３,04,02,8,2歳,未勝利,2026-08-30,pw01sde1001202602040220260830,2歳未勝利,02,（混合）［指定］,10時30分,牡2,https://www.jra.go.jp/JRADB/accessS.html?CNAME=pw01sde1001202602040220260830%2FF9,芝,1:12.1,良,岩戸 孝樹,晴,馬齢,,
402(-4),55.0,12  14,札幌,PASS_HTML,1200,14,pw01dud102024105634/A2,ゲームチェンジャー,7,原田 和真,36.2,１／２,04,02,14,2歳,未勝利,2026-08-30,pw01sde1001202602040220260830,2歳未勝利,02,（混合）［指定］,10時30分,牡2,https://www.jra.go.jp/JRADB/accessS.html?CNAME=pw01sde1001202602040220260830%2FF9,芝,1:12.2,良,蛯名 利弘,晴,馬齢,,
476(+4),53.0,9  8  4  2,札幌,QUARANTINED_HTML:track_condition,1700,1,pw01dud102023105444/C4,ポップアップ,4,★河原田 菜々,39.1,,04,02,1,3歳,未勝利,2026-08-30,pw01sde1001202602040320260830,3歳未勝利,03,[指定],11時00分,せん3,https://www.jra.go.jp/JRADB/accessS.html?CNAME=pw01sde1001202602040320260830%2FAE,ダート,1:46.0,,寺島 良,曇,馬齢,,
460(+2),55.0,7  7  6  4,札幌,QUARANTINED_HTML:track_condition,1700,2,pw01dud102023100786/D2,クリコイーコ,12,吉田 隼人,39.2,３ 1/2,04,02,11,3歳,未勝利,2026-08-30,pw01sde1001202602040320260830,3歳未勝利,03,[指定],11時00分,牝3,https://www.jra.go.jp/JRADB/accessS.html?CNAME=pw01sde1001202602040320260830%2FAE,ダート,1:46.6,,荒川 義之,曇,馬齢,,
428(-2),57.0,7  8  7  7,札幌,QUARANTINED_HTML:track_condition,1700,3,pw01dud102023106106/C6,サクセスブルー,2,丹内 祐次,38.9,１ 1/4,04,02,8,3歳,未勝利,2026-08-30,pw01sde1001202602040320260830,3歳未勝利,03,[指定],11時00分,牡3,https://www.jra.go.jp/JRADB/accessS.html?CNAME=pw01sde1001202602040320260830%2FAE,ダート,1:46.8,,秋本 大介,曇,馬齢,,
440(0),55.0,5  5  5  4,札幌,QUARANTINED_HTML:track_condition,1700,4,pw01dud102023101825/1F,ヨドノサファイア,6,石川 倭,39.7,ハナ,04,02,9,3歳,未勝利,2026-08-30,pw01sde1001202602040320260830,3歳未勝利,03,[指定],11時00分,牝3,https://www.jra.go.jp/JRADB/accessS.html?CNAME=pw01sde1001202602040320260830%2FAE,ダート,1:46.8,,稲垣 幸雄,曇,馬齢,,
438(+10),55.0,12  12  11  9,札幌,QUARANTINED_HTML:track_condition,1700,5,pw01dud102023104027/4A,ダンツアラーム,11,黛 弘人,38.2,１／２,04,02,12,3歳,未勝利,2026-08-30,pw01sde1001202602040320260830,3歳未勝利,03,[指定],11時00分,牝3,https://www.jra.go.jp/JRADB/accessS.html?CNAME=pw01sde1001202602040320260830%2FAE,ダート,1:46.9,,本田 優,曇,馬齢,,
502(+6),57.0,10  10  9  8,札幌,QUARANTINED_HTML:track_condition,1700,6,pw01dud102023102517/51,ジャストグレース,13,古川 吉洋,38.6,１／２,04,02,6,3歳,未勝利,2026-08-30,pw01sde1001202602040320260830,3歳未勝利,03,[指定],11時00分,牡3,https://www.jra.go.jp/JRADB/accessS.html?CNAME=pw01sde1001202602040320260830%2FAE,ダート,1:47.0,,大根田 裕之,曇,馬齢,,
490(-10),57.0,1  1  1  1,札幌,QUARANTINED_HTML:track_condition,1700,7,pw01dud102023105320/A7,チャーチルデュース,7,武 豊,41.6,アタマ,04,02,3,3歳,未勝利,2026-08-30,pw01sde1001202602040320260830,3歳未勝利,03,[指定],11時00分,牡3,https://www.jra.go.jp/JRADB/accessS.html?CNAME=pw01sde1001202602040320260830%2FAE,ダート,1:47.0,,松永 幹夫,曇,馬齢,,
472(0),57.0,2  2  2  2,札幌,QUARANTINED_HTML:track_condition,1700,8,pw01dud102023105365/26,ホウオウファラオ,14,横山 武史,41.0,３,04,02,4,3歳,未勝利,2026-08-30,pw01sde1001202602040320260830,3歳未勝利,03,[指定],11時00分,牡3,https://www.jra.go.jp/JRADB/accessS.html?CNAME=pw01sde1001202602040320260830%2FAE,ダート,1:47.5,,奥村 武,曇,馬齢,,
410(-2),55.0,13  13  13  10,札幌,QUARANTINED_HTML:track_condition,1700,9,pw01dud102023101315/1A,サンエンジェルス,8,浜中 俊,38.8,１,04,02,5,3歳,未勝利,2026-08-30,pw01sde1001202602040320260830,3歳未勝利,03,[指定],11時00分,牝3,https://www.jra.go.jp/JRADB/accessS.html?CNAME=pw01sde1001202602040320260830%2FAE,ダート,1:47.7,,谷 潔,曇,馬齢,,
496(-2),55.0,2  2  2  4,札幌,QUARANTINED_HTML:track_condition,1700,10,pw01dud102023100609/7A,ペガサスウィンド,1,鮫島 克駿,43.4,大差,04,02,2,3歳,未勝利,2026-08-30,pw01sde1001202602040320260830,3歳未勝利,03,[指定],11時00分,牝3,https://www.jra.go.jp/JRADB/accessS.html?CNAME=pw01sde1001202602040320260830%2FAE,ダート,1:49.9,,宮地 貴稔,曇,馬齢,,
436(+6),57.0,14  14  14  12,札幌,QUARANTINED_HTML:track_condition,1700,11,pw01dud102023104404/95,モンテール,9,斎藤 新,41.6,５,04,02,7,3歳,未勝利,2026-08-30,pw01sde1001202602040320260830,3歳未勝利,03,[指定],11時00分,せん3,https://www.jra.go.jp/JRADB/accessS.html?CNAME=pw01sde1001202602040320260830%2FAE,ダート,1:50.8,,栗田 徹,曇,馬齢,,
430(-2),57.0,11  10  11  12,札幌,QUARANTINED_HTML:track_condition,1700,12,pw01dud102023101361/9E,デルマテイネ,5,的場 勇人,43.2,７,04,02,13,3歳,未勝利,2026-08-30,pw01sde1001202602040320260830,3歳未勝利,03,[指定],11時00分,牡3,https://www.jra.go.jp/JRADB/accessS.html?CNAME=pw01sde1001202602040320260830%2FAE,ダート,1:51.9,,的場 均,曇,馬齢,,
476(+2),54.0,2  4  7  11,札幌,QUARANTINED_HTML:track_condition,1700,13,pw01dud102023104597/AF,ラスターヴァース,3,☆長浜 鴻緒,44.4,３,04,02,10,3歳,未勝利,2026-08-30,pw01sde1001202602040320260830,3歳未勝利,03,[指定],11時00分,牝3,https://www.jra.go.jp/JRADB/accessS.html?CNAME=pw01sde1001202602040320260830%2FAE,ダート,1:52.4,,牧 光二,曇,馬齢,,
484(0),57.0,5  6  9  14,札幌,QUARANTINED_HTML:track_condition,1700,14,pw01dud102023101530/5D,ミアエッテ,10,横山 琉人,44.5,２ 1/2,04,02,14,3歳,未勝利,2026-08-30,pw01sde1001202602040320260830,3歳未勝利,03,[指定],11時00分,牡3,https://www.jra.go.jp/JRADB/accessS.html?CNAME=pw01sde1001202602040320260830%2FAE,ダート,1:52.8,,田中 剛,曇,馬齢,,
460(-2),57.0,8  8  10  11,札幌,PASS_HTML,2000,1,pw01dud102023103481/CD,デルマフジ,4,浜中 俊,35.3,,04,02,2,3歳,未勝利,2026-08-30,pw01sde1001202602040420260830,3歳未勝利,04,（混合）［指定］,11時30分,牡3,https://www.jra.go.jp/JRADB/accessS.html?CNAME=pw01sde1001202602040420260830%2F63,芝,2:03.1,良,武 幸四郎,曇,馬齢,,
436(+4),55.0,6  5  5  7,札幌,PASS_HTML,2000,2,pw01dud102023106418/4F,インテンスゲイズ,14,斎藤 新,35.6,３／４,04,02,11,3歳,未勝利,2026-08-30,pw01sde1001202602040420260830,3歳未勝利,04,（混合）［指定］,11時30分,牝3,https://www.jra.go.jp/JRADB/accessS.html?CNAME=pw01sde1001202602040420260830%2F63,芝,2:03.2,良,矢嶋 大樹,曇,馬齢,,
472(0),57.0,2  2  1  1,札幌,PASS_HTML,2000,3,pw01dud102023105537/3E,エイシンリーガル,15,松本 大輝,36.1,１／２,04,02,14,3歳,未勝利,2026-08-30,pw01sde1001202602040420260830,3歳未勝利,04,（混合）［指定］,11時30分,牡3,https://www.jra.go.jp/JRADB/accessS.html?CNAME=pw01sde1001202602040420260830%2F63,芝,2:03.3,良,高橋 康之,曇,馬齢,,
452(+14),52.0,16  16  15  15,札幌,PASS_HTML,2000,4,pw01dud102023102669/B8,ワダツミ,7,▲小林 美駒,34.9,クビ,04,02,6,3歳,未勝利,2026-08-30,pw01sde1001202602040420260830,3歳未勝利,04,（混合）［指定］,11時30分,牝3,https://www.jra.go.jp/JRADB/accessS.html?CNAME=pw01sde1001202602040420260830%2F63,芝,2:03.3,良,笹田 和秀,曇,馬齢,,
444(+8),57.0,12  12  12  12,札幌,PASS_HTML,2000,5,pw01dud102023103867/23,アート,11,鮫島 克駿,35.5,クビ,04,02,8,3歳,未勝利,2026-08-30,pw01sde1001202602040420260830,3歳未勝利,04,（混合）［指定］,11時30分,牡3,https://www.jra.go.jp/JRADB/accessS.html?CNAME=pw01sde1001202602040420260830%2F63,芝,2:03.4,良,杉山 晴紀,曇,馬齢,,
494(-2),55.0,8  8  7  9,札幌,PASS_HTML,2000,6,pw01dud102023103527/50,カリドーラ,12,小沢 大仁,35.8,３／４,04,02,7,3歳,未勝利,2026-08-30,pw01sde1001202602040420260830,3歳未勝利,04,（混合）［指定］,11時30分,牝3,https://www.jra.go.jp/JRADB/accessS.html?CNAME=pw01sde1001202602040420260830%2F63,芝,2:03.5,良,中舘 英二,曇,馬齢,,
476(-2),57.0,10  10  12  12,札幌,PASS_HTML,2000,7,pw01dud102023106419/C2,コスモヘリアンサス,3,丹内 祐次,35.5,ハナ,04,02,9,3歳,未勝利,2026-08-30,pw01sde1001202602040420260830,3歳未勝利,04,（混合）［指定］,11時30分,牡3,https://www.jra.go.jp/JRADB/accessS.html?CNAME=pw01sde1001202602040420260830%2F63,芝,2:03.5,良,伊藤 大士,曇,馬齢,,
432(+12),55.0,5  5  7  7,札幌,PASS_HTML,2000,8,pw01dud102023107309/70,ジリアート,2,吉田 隼人,35.9,３／４,04,02,12,3歳,未勝利,2026-08-30,pw01sde1001202602040420260830,3歳未勝利,04,（混合）［指定］,11時30分,牝3,https://www.jra.go.jp/JRADB/accessS.html?CNAME=pw01sde1001202602040420260830%2F63,芝,2:03.6,良,矢作 芳人,曇,馬齢,,
434(0),57.0,15  15  10  9,札幌,PASS_HTML,2000,9,pw01dud102023102695/1C,ギオンバヤシ,6,武 豊,35.8,ハナ,04,02,1,3歳,未勝利,2026-08-30,pw01sde1001202602040420260830,3歳未勝利,04,（混合）［指定］,11時30分,牡3,https://www.jra.go.jp/JRADB/accessS.html?CNAME=pw01sde1001202602040420260830%2F63,芝,2:03.6,良,鈴木 孝志,曇,馬齢,,
500(+8),57.0,3  3  3  3,札幌,PASS_HTML,2000,10,pw01dud102023104491/CC,コスモクラシック,9,横山 武史,36.4,クビ,04,02,4,3歳,未勝利,2026-08-30,pw01sde1001202602040420260830,3歳未勝利,04,（混合）［指定］,11時30分,牡3,https://www.jra.go.jp/JRADB/accessS.html?CNAME=pw01sde1001202602040420260830%2F63,芝,2:03.7,良,嘉藤 貴行,曇,馬齢,,
466(-6),57.0,12  12  15  15,札幌,PASS_HTML,2000,11,pw01dud102023102977/75,ダイシンパルス,1,横山 琉人,35.3,アタマ,04,02,15,3歳,未勝利,2026-08-30,pw01sde1001202602040420260830,3歳未勝利,04,（混合）［指定］,11時30分,牡3,https://www.jra.go.jp/JRADB/accessS.html?CNAME=pw01sde1001202602040420260830%2F63,芝,2:03.7,良,小笠 倫弘,曇,馬齢,,
424(0),52.0,3  3  5  3,札幌,PASS_HTML,2000,12,pw01dud102023102157/CD,イデアジュアンイハ,5,▲遠藤 汰月,36.2,クビ,04,02,16,3歳,未勝利,2026-08-30,pw01sde1001202602040420260830,3歳未勝利,04,（混合）［指定］,11時30分,牝3,https://www.jra.go.jp/JRADB/accessS.html?CNAME=pw01sde1001202602040420260830%2F63,芝,2:03.7,良,小野 次郎,曇,馬齢,,
416(+4),55.0,14  14  7  5,札幌,PASS_HTML,2000,13,pw01dud102023101938/B9,メイショウローゼ,16,藤懸 貴志,36.2,１ 1/4,04,02,5,3歳,未勝利,2026-08-30,pw01sde1001202602040420260830,3歳未勝利,04,（混合）［指定］,11時30分,牝3,https://www.jra.go.jp/JRADB/accessS.html?CNAME=pw01sde1001202602040420260830%2F63,芝,2:03.9,良,本田 優,曇,馬齢,,
452(-10),55.0,11  10  12  12,札幌,PASS_HTML,2000,14,pw01dud102023102425/4A,ロックフラワー,13,石川 倭,36.1,アタマ,04,02,13,3歳,未勝利,2026-08-30,pw01sde1001202602040420260830,3歳未勝利,04,（混合）［指定］,11時30分,牝3,https://www.jra.go.jp/JRADB/accessS.html?CNAME=pw01sde1001202602040420260830%2F63,芝,2:04.0,良,西田 雄一郎,曇,馬齢,,
452(+10),54.0,6  5  3  5,札幌,PASS_HTML,2000,15,pw01dud102023100608/07,メイショウライガ,10,▲和田 陽希,37.2,３ 1/2,04,02,3,3歳,未勝利,2026-08-30,pw01sde1001202602040420260830,3歳未勝利,04,（混合）［指定］,11時30分,牡3,https://www.jra.go.jp/JRADB/accessS.html?CNAME=pw01sde1001202602040420260830%2F63,芝,2:04.6,良,藤原 英昭,曇,馬齢,,
448(-6),57.0,1  1  2  2,札幌,PASS_HTML,2000,16,pw01dud102023106685/C8,ネクストドア,8,古川 吉洋,37.7,１ 3/4,04,02,10,3歳,未勝利,2026-08-30,pw01sde1001202602040420260830,3歳未勝利,04,（混合）［指定］,11時30分,牡3,https://www.jra.go.jp/JRADB/accessS.html?CNAME=pw01sde1001202602040420260830%2F63,芝,2:04.9,良,高橋 文雅,曇,馬齢,,
464(初出走),55.0,5  5  2  2,札幌,PASS_HTML,1800,1,pw01dud102024106744/D2,ヴァンクライ,3,武 豊,34.9,,04,02,1,2歳,新馬,2026-08-30,pw01sde1001202602040520260830,メイクデビュー札幌,05,[指定],12時20分,牡2,https://www.jra.go.jp/JRADB/accessS.html?CNAME=pw01sde1001202602040520260830%2F18,芝,1:53.0,良,須貝 尚介,晴,馬齢,,
464(初出走),55.0,4  3  4  4,札幌,PASS_HTML,1800,2,pw01dud102024106115/EF,イルリサット,6,横山 武史,35.1,１ 1/2,04,02,2,2歳,新馬,2026-08-30,pw01sde1001202602040520260830,メイクデビュー札幌,05,[指定],12時20分,牝2,https://www.jra.go.jp/JRADB/accessS.html?CNAME=pw01sde1001202602040520260830%2F18,芝,1:53.3,良,菊沢 隆徳,晴,馬齢,,
458(初出走),54.0,3  3  4  4,札幌,PASS_HTML,1800,3,pw01dud102024106838/BF,トーセンイルン,5,☆長浜 鴻緒,36.2,７,04,02,5,2歳,新馬,2026-08-30,pw01sde1001202602040520260830,メイクデビュー札幌,05,[指定],12時20分,牡2,https://www.jra.go.jp/JRADB/accessS.html?CNAME=pw01sde1001202602040520260830%2F18,芝,1:54.4,良,小笠 倫弘,晴,馬齢,,
488(初出走),55.0,6  6  7  7,札幌,PASS_HTML,1800,4,pw01dud102024102409/82,コーズウルルン,4,石川 倭,36.2,１ 1/2,04,02,8,2歳,新馬,2026-08-30,pw01sde1001202602040520260830,メイクデビュー札幌,05,[指定],12時20分,牡2,https://www.jra.go.jp/JRADB/accessS.html?CNAME=pw01sde1001202602040520260830%2F18,芝,1:54.7,良,伊藤 圭三,晴,馬齢,,
432(初出走),55.0,6  6  4  4,札幌,PASS_HTML,1800,5,pw01dud102024103852/60,トワイライトローズ,8,浜中 俊,36.4,クビ,04,02,3,2歳,新馬,2026-08-30,pw01sde1001202602040520260830,メイクデビュー札幌,05,[指定],12時20分,牝2,https://www.jra.go.jp/JRADB/accessS.html?CNAME=pw01sde1001202602040520260830%2F18,芝,1:54.7,良,秋山 真一郎,晴,馬齢,,
458(初出走),55.0,6  6  7  8,札幌,PASS_HTML,1800,6,pw01dud102024103089/2D,ゴルタン,7,吉田 隼人,36.8,３ 1/2,04,02,7,2歳,新馬,2026-08-30,pw01sde1001202602040520260830,メイクデビュー札幌,05,[指定],12時20分,牡2,https://www.jra.go.jp/JRADB/accessS.html?CNAME=pw01sde1001202602040520260830%2F18,芝,1:55.3,良,千葉 直人,晴,馬齢,,
490(初出走),55.0,1  1  1  1,札幌,PASS_HTML,1800,7,pw01dud102024103621/5B,コスモノーチラス,1,丹内 祐次,37.5,１ 1/4,04,02,4,2歳,新馬,2026-08-30,pw01sde1001202602040520260830,メイクデビュー札幌,05,[指定],12時20分,牡2,https://www.jra.go.jp/JRADB/accessS.html?CNAME=pw01sde1001202602040520260830%2F18,芝,1:55.5,良,伊藤 大士,晴,馬齢,,
470(初出走),55.0,2  2  2  2,札幌,PASS_HTML,1800,8,pw01dud102024105321/A6,アイアムイガイニモ,2,古川 吉洋,37.9,２,04,02,6,2歳,新馬,2026-08-30,pw01sde1001202602040520260830,メイクデビュー札幌,05,[指定],12時20分,牡2,https://www.jra.go.jp/JRADB/accessS.html?CNAME=pw01sde1001202602040520260830%2F18,芝,1:55.9,良,奥平 雅士,晴,馬齢,,
514(+4),53.0,2  2  2  2,札幌,QUARANTINED_HTML:track_condition,1700,1,pw01dud102023100471/F0,スリーケイ,11,斎藤 新,37.8,,04,02,3,3歳以上,1勝クラス,2026-08-30,pw01sde1001202602040620260830,3歳以上1勝クラス,06,牝［指定］,12時50分,牝3,https://www.jra.go.jp/JRADB/accessS.html?CNAME=pw01sde1001202602040620260830%2FCD,ダート,1:46.3,,高橋 一哉,晴,定量,,
448(0),53.0,1  1  1  1,札幌,QUARANTINED_HTML:track_condition,1700,2,pw01dud102023106623/82,ルージュボニート,12,横山 武史,38.2,１ 1/2,04,02,1,3歳以上,1勝クラス,2026-08-30,pw01sde1001202602040620260830,3歳以上1勝クラス,06,牝［指定］,12時50分,牝3,https://www.jra.go.jp/JRADB/accessS.html?CNAME=pw01sde1001202602040620260830%2FCD,ダート,1:46.6,,高柳 瑞樹,晴,定量,,
442(0),53.0,3  3  3  3,札幌,QUARANTINED_HTML:track_condition,1700,3,pw01dud102023104766/6E,ヴェールミューズ,10,鮫島 克駿,38.0,クビ,04,02,2,3歳以上,1勝クラス,2026-08-30,pw01sde1001202602040620260830,3歳以上1勝クラス,06,牝［指定］,12時50分,牝3,https://www.jra.go.jp/JRADB/accessS.html?CNAME=pw01sde1001202602040620260830%2FCD,ダート,1:46.6,,浜田 多実雄,晴,定量,,
418(+8),50.0,3  3  4  4,札幌,QUARANTINED_HTML:track_condition,1700,4,pw01dud102023105608/B2,ルージュリヴィエラ,2,▲佐藤 翔馬,38.3,３,04,02,6,3歳以上,1勝クラス,2026-08-30,pw01sde1001202602040620260830,3歳以上1勝クラス,06,牝［指定］,12時50分,牝3,https://www.jra.go.jp/JRADB/accessS.html?CNAME=pw01sde1001202602040620260830%2FCD,ダート,1:47.1,,嘉藤 貴行,晴,定量,,
500(+6),56.0,5  5  5  5,札幌,QUARANTINED_HTML:track_condition,1700,5,pw01dud102021105857/D9,ウィンターガーデン,9,小沢 大仁,37.6,ハナ,04,02,7,3歳以上,1勝クラス,2026-08-30,pw01sde1001202602040620260830,3歳以上1勝クラス,06,牝［指定］,12時50分,牝5,https://www.jra.go.jp/JRADB/accessS.html?CNAME=pw01sde1001202602040620260830%2FCD,ダート,1:47.1,,井上 智史,晴,定量,,
466(+2),56.0,7  7  7  6,札幌,QUARANTINED_HTML:track_condition,1700,6,pw01dud102022101473/39,ライラックデューン,3,古川 吉洋,36.7,１ 1/4,04,02,8,3歳以上,1勝クラス,2026-08-30,pw01sde1001202602040620260830,3歳以上1勝クラス,06,牝［指定］,12時50分,牝4,https://www.jra.go.jp/JRADB/accessS.html?CNAME=pw01sde1001202602040620260830%2FCD,ダート,1:47.3,,緒方 努,晴,定量,,
450(-8),50.0,11  11  10  7,札幌,QUARANTINED_HTML:track_condition,1700,7,pw01dud102023104679/A6,タイセイルビー,7,▲小林 美駒,36.7,５,04,02,5,3歳以上,1勝クラス,2026-08-30,pw01sde1001202602040620260830,3歳以上1勝クラス,06,牝［指定］,12時50分,牝3,https://www.jra.go.jp/JRADB/accessS.html?CNAME=pw01sde1001202602040620260830%2FCD,ダート,1:48.1,,千葉 直人,晴,定量,,
508(+6),50.0,6  6  6  8,札幌,QUARANTINED_HTML:track_condition,1700,8,pw01dud102023106163/CD,サマースプラッシュ,5,▲和田 陽希,38.6,５,04,02,12,3歳以上,1勝クラス,2026-08-30,pw01sde1001202602040620260830,3歳以上1勝クラス,06,牝［指定］,12時50分,牝3,https://www.jra.go.jp/JRADB/accessS.html?CNAME=pw01sde1001202602040620260830%2FCD,ダート,1:49.0,,石栗 龍彦,晴,定量,,
496(+10),56.0,12  12  12  10,札幌,QUARANTINED_HTML:track_condition,1700,9,pw01dud102022105343/94,デルマサクラサク,6,横山 和生,37.7,３,04,02,4,3歳以上,1勝クラス,2026-08-30,pw01sde1001202602040620260830,3歳以上1勝クラス,06,牝［指定］,12時50分,牝4,https://www.jra.go.jp/JRADB/accessS.html?CNAME=pw01sde1001202602040620260830%2FCD,ダート,1:49.5,,牧田 和弥,晴,定量,,
430(-4),52.0,9  9  7  9,札幌,QUARANTINED_HTML:track_condition,1700,10,pw01dud102022104164/D6,サイモンイロハニー,4,★河原田 菜々,39.3,２,04,02,9,3歳以上,1勝クラス,2026-08-30,pw01sde1001202602040620260830,3歳以上1勝クラス,06,牝［指定］,12時50分,牝4,https://www.jra.go.jp/JRADB/accessS.html?CNAME=pw01sde1001202602040620260830%2FCD,ダート,1:49.9,,谷 潔,晴,定量,,
480(+2),51.0,7  7  9  11,札幌,QUARANTINED_HTML:track_condition,1700,11,pw01dud102023100351/9F,ヤマヤロード,8,◇古川 奈穂,39.8,５,04,02,11,3歳以上,1勝クラス,2026-08-30,pw01sde1001202602040620260830,3歳以上1勝クラス,06,牝［指定］,12時50分,牝3,https://www.jra.go.jp/JRADB/accessS.html?CNAME=pw01sde1001202602040620260830%2FCD,ダート,1:50.8,,小崎 憲,晴,定量,,
478(+2),53.0,10  10  11  12,札幌,QUARANTINED_HTML:track_condition,1700,12,pw01dud102023102150/A8,クロミ,1,藤懸 貴志,39.6,１ 3/4,04,02,10,3歳以上,1勝クラス,2026-08-30,pw01sde1001202602040620260830,3歳以上1勝クラス,06,牝［指定］,12時50分,牝3,https://www.jra.go.jp/JRADB/accessS.html?CNAME=pw01sde1001202602040620260830%2FCD,ダート,1:51.1,,小崎 憲,晴,定量,,
488(0),56.0,2  2,札幌,QUARANTINED_HTML:track_condition,1000,1,pw01dud102021103451/85,プルミエールパス,11,川又 賢治,35.3,,04,02,3,3歳以上,1勝クラス,2026-08-30,pw01sde1001202602040720260830,3歳以上1勝クラス,07,（混合）［指定］,13時20分,牝5,https://www.jra.go.jp/JRADB/accessS.html?CNAME=pw01sde1001202602040720260830%2F82,ダート,0:59.4,,河嶋 宏樹,晴,定量,,
464(+6),57.0,4  4,札幌,QUARANTINED_HTML:track_condition,1000,2,pw01dud102022103482/B4,ステラノヴァ,7,☆長浜 鴻緒,35.0,アタマ,04,02,6,3歳以上,1勝クラス,2026-08-30,pw01sde1001202602040720260830,3歳以上1勝クラス,07,（混合）［指定］,13時20分,牡4,https://www.jra.go.jp/JRADB/accessS.html?CNAME=pw01sde1001202602040720260830%2F82,ダート,0:59.4,,水野 貴広,晴,定量,,
520(+4),58.0,2  2,札幌,QUARANTINED_HTML:track_condition,1000,3,pw01dud102022103306/CF,ワイドデコラシオン,8,横山 武史,35.4,１／２,04,02,1,3歳以上,1勝クラス,2026-08-30,pw01sde1001202602040720260830,3歳以上1勝クラス,07,（混合）［指定］,13時20分,牡4,https://www.jra.go.jp/JRADB/accessS.html?CNAME=pw01sde1001202602040720260830%2F82,ダート,0:59.5,,辻野 泰之,晴,定量,,
464(+8),56.0,1  1,札幌,QUARANTINED_HTML:track_condition,1000,4,pw01dud102021101891/AB,スパークルジョイ,10,小沢 大仁,35.7,クビ,04,02,9,3歳以上,1勝クラス,2026-08-30,pw01sde1001202602040720260830,3歳以上1勝クラス,07,（混合）［指定］,13時20分,牝5,https://www.jra.go.jp/JRADB/accessS.html?CNAME=pw01sde1001202602040720260830%2F82,ダート,0:59.6,,前川 恭子,晴,定量,,
488(+4),58.0,4  4,札幌,QUARANTINED_HTML:track_condition,1000,5,pw01dud102018103293/B2,ヨドノゴールド,3,石川 倭,35.6,２,04,02,2,3歳以上,1勝クラス,2026-08-30,pw01sde1001202602040720260830,3歳以上1勝クラス,07,（混合）［指定］,13時20分,牡8,https://www.jra.go.jp/JRADB/accessS.html?CNAME=pw01sde1001202602040720260830%2F82,ダート,0:59.9,,橋田 宜長,晴,定量,,
480(0),56.0,7  7,札幌,QUARANTINED_HTML:track_condition,1000,6,pw01dud102021102550/54,メイショウハッブル,12,◇古川 奈穂,35.5,１,04,02,5,3歳以上,1勝クラス,2026-08-30,pw01sde1001202602040720260830,3歳以上1勝クラス,07,（混合）［指定］,13時20分,牡5,https://www.jra.go.jp/JRADB/accessS.html?CNAME=pw01sde1001202602040720260830%2F82,ダート,1:00.1,,石橋 守,晴,定量,,
522(-2),53.0,4  6,札幌,QUARANTINED_HTML:track_condition,1000,7,pw01dud102023100241/5E,セイウンバジリスク,6,▲和田 陽希,35.9,１ 1/2,04,02,4,3歳以上,1勝クラス,2026-08-30,pw01sde1001202602040720260830,3歳以上1勝クラス,07,（混合）［指定］,13時20分,牡3,https://www.jra.go.jp/JRADB/accessS.html?CNAME=pw01sde1001202602040720260830%2F82,ダート,1:00.3,,北出 成人,晴,定量,,
440(-8),56.0,11  9,札幌,QUARANTINED_HTML:track_condition,1000,8,pw01dud102022103485/0D,アスコットアイ,4,古川 吉洋,35.6,３／４,04,02,10,3歳以上,1勝クラス,2026-08-30,pw01sde1001202602040720260830,3歳以上1勝クラス,07,（混合）［指定］,13時20分,牝4,https://www.jra.go.jp/JRADB/accessS.html?CNAME=pw01sde1001202602040720260830%2F82,ダート,1:00.5,,緒方 努,晴,定量,,
502(+2),58.0,8  7,札幌,QUARANTINED_HTML:track_condition,1000,9,pw01dud102017104266/3E,カップッチョ,2,黛 弘人,35.8,１／２,04,02,12,3歳以上,1勝クラス,2026-08-30,pw01sde1001202602040720260830,3歳以上1勝クラス,07,（混合）［指定］,13時20分,牡9,https://www.jra.go.jp/JRADB/accessS.html?CNAME=pw01sde1001202602040720260830%2F82,ダート,1:00.6,,佐藤 吉勝,晴,定量,,
470(-4),58.0,8  9,札幌,QUARANTINED_HTML:track_condition,1000,10,pw01dud102022104858/E9,セイルロケット,9,大野 拓弥,36.1,１ 3/4,04,02,7,3歳以上,1勝クラス,2026-08-30,pw01sde1001202602040720260830,3歳以上1勝クラス,07,（混合）［指定］,13時20分,牡4,https://www.jra.go.jp/JRADB/accessS.html?CNAME=pw01sde1001202602040720260830%2F82,ダート,1:00.9,,橋口 慎介,晴,定量,,
402(-4),54.0,8  9,札幌,QUARANTINED_HTML:track_condition,1000,11,pw01dud102023105812/72,ラスベガスサイン,5,横山 琉人,36.7,３,04,02,8,3歳以上,1勝クラス,2026-08-30,pw01sde1001202602040720260830,3歳以上1勝クラス,07,（混合）［指定］,13時20分,牝3,https://www.jra.go.jp/JRADB/accessS.html?CNAME=pw01sde1001202602040720260830%2F82,ダート,1:01.4,,長谷川 浩大,晴,定量,,
482(+6),53.0,12  12,札幌,QUARANTINED_HTML:track_condition,1000,12,pw01dud102022106016/19,ブライアーヒル,1,▲大久保 友雅,36.4,５,04,02,11,3歳以上,1勝クラス,2026-08-30,pw01sde1001202602040720260830,3歳以上1勝クラス,07,（混合）［指定］,13時20分,牝4,https://www.jra.go.jp/JRADB/accessS.html?CNAME=pw01sde1001202602040720260830%2F82,ダート,1:02.2,,中尾 秀正,晴,定量,,
446(-2),55.0,3  3  2,札幌,PASS_HTML,1500,1,pw01dud102023104690/BB,ネッタイヤライ,12,横山 武史,34.4,,04,02,1,3歳以上,1勝クラス,2026-08-30,pw01sde1001202602040820260830,3歳以上1勝クラス,08,[指定],13時50分,牡3,https://www.jra.go.jp/JRADB/accessS.html?CNAME=pw01sde1001202602040820260830%2F37,芝,1:30.2,良,矢作 芳人,晴,定量,,
452(-6),58.0,6  4  3,札幌,PASS_HTML,1500,2,pw01dud102021101100/51,ルクスアドラー,14,横山 典弘,34.3,３／４,04,02,3,3歳以上,1勝クラス,2026-08-30,pw01sde1001202602040820260830,3歳以上1勝クラス,08,[指定],13時50分,牡5,https://www.jra.go.jp/JRADB/accessS.html?CNAME=pw01sde1001202602040820260830%2F37,芝,1:30.3,良,平岩 大典,晴,定量,,
448(+8),53.0,2  1  1,札幌,PASS_HTML,1500,3,pw01dud102023103648/14,ファンクション,6,斎藤 新,34.8,１／２,04,02,2,3歳以上,1勝クラス,2026-08-30,pw01sde1001202602040820260830,3歳以上1勝クラス,08,[指定],13時50分,牝3,https://www.jra.go.jp/JRADB/accessS.html?CNAME=pw01sde1001202602040820260830%2F37,芝,1:30.4,良,斎藤 誠,晴,定量,,
500(+30),55.0,12  12  9,札幌,PASS_HTML,1500,4,pw01dud102023100515/8D,ドラリズム,11,黛 弘人,34.5,３ 1/2,04,02,7,3歳以上,1勝クラス,2026-08-30,pw01sde1001202602040820260830,3歳以上1勝クラス,08,[指定],13時50分,牡3,https://www.jra.go.jp/JRADB/accessS.html?CNAME=pw01sde1001202602040820260830%2F37,芝,1:31.0,良,武藤 善則,晴,定量,,
480(+10),53.0,4  4  4,札幌,PASS_HTML,1500,5,pw01dud102023100718/48,メメボス,2,古川 吉洋,35.1,３／４,04,02,8,3歳以上,1勝クラス,2026-08-30,pw01sde1001202602040820260830,3歳以上1勝クラス,08,[指定],13時50分,牝3,https://www.jra.go.jp/JRADB/accessS.html?CNAME=pw01sde1001202602040820260830%2F37,芝,1:31.1,良,飯田 祐史,晴,定量,,
436(-4),55.0,11  8  7,札幌,PASS_HTML,1500,6,pw01dud102022102088/B3,ユーティジャーニー,5,☆長浜 鴻緒,34.8,クビ,04,02,4,3歳以上,1勝クラス,2026-08-30,pw01sde1001202602040820260830,3歳以上1勝クラス,08,[指定],13時50分,牝4,https://www.jra.go.jp/JRADB/accessS.html?CNAME=pw01sde1001202602040820260830%2F37,芝,1:31.2,良,矢嶋 大樹,晴,定量,,
460(+4),58.0,8  8  7,札幌,PASS_HTML,1500,7,pw01dud102022101286/40,クラウンアールシー,4,石川 倭,34.9,１／２,04,02,11,3歳以上,1勝クラス,2026-08-30,pw01sde1001202602040820260830,3歳以上1勝クラス,08,[指定],13時50分,牡4,https://www.jra.go.jp/JRADB/accessS.html?CNAME=pw01sde1001202602040820260830%2F37,芝,1:31.3,良,水野 貴広,晴,定量,,
486(+8),55.0,6  6  4,札幌,PASS_HTML,1500,8,pw01dud102023103178/4F,テンユウ,7,丹内 祐次,35.1,ハナ,04,02,5,3歳以上,1勝クラス,2026-08-30,pw01sde1001202602040820260830,3歳以上1勝クラス,08,[指定],13時50分,牡3,https://www.jra.go.jp/JRADB/accessS.html?CNAME=pw01sde1001202602040820260830%2F37,芝,1:31.3,良,奥村 武,晴,定量,,
486(+4),53.0,8  8  9,札幌,PASS_HTML,1500,9,pw01dud102022103018/32,シェーンルスカ,13,▲遠藤 汰月,35.1,１ 1/2,04,02,14,3歳以上,1勝クラス,2026-08-30,pw01sde1001202602040820260830,3歳以上1勝クラス,08,[指定],13時50分,牝4,https://www.jra.go.jp/JRADB/accessS.html?CNAME=pw01sde1001202602040820260830%2F37,芝,1:31.5,良,本間 忍,晴,定量,,
490(0),56.0,1  2  4,札幌,PASS_HTML,1500,10,pw01dud102022103237/41,メイショウホダワラ,9,吉田 隼人,36.0,１／２,04,02,6,3歳以上,1勝クラス,2026-08-30,pw01sde1001202602040820260830,3歳以上1勝クラス,08,[指定],13時50分,牝4,https://www.jra.go.jp/JRADB/accessS.html?CNAME=pw01sde1001202602040820260830%2F37,芝,1:31.6,良,荒川 義之,晴,定量,,
408(+12),53.0,4  6  9,札幌,PASS_HTML,1500,11,pw01dud102022105392/71,スタードメイソン,10,▲和田 陽希,35.7,１ 1/2,04,02,10,3歳以上,1勝クラス,2026-08-30,pw01sde1001202602040820260830,3歳以上1勝クラス,08,[指定],13時50分,牝4,https://www.jra.go.jp/JRADB/accessS.html?CNAME=pw01sde1001202602040820260830%2F37,芝,1:31.8,良,加藤 公太,晴,定量,,
518(0),58.0,8  8  9,札幌,PASS_HTML,1500,12,pw01dud102021107279/97,トクシージェネラル,8,横山 琉人,35.5,クビ,04,02,12,3歳以上,1勝クラス,2026-08-30,pw01sde1001202602040820260830,3歳以上1勝クラス,08,[指定],13時50分,牡5,https://www.jra.go.jp/JRADB/accessS.html?CNAME=pw01sde1001202602040820260830%2F37,芝,1:31.9,良,小島 茂之,晴,定量,,
472(+10),50.0,12  13  13,札幌,PASS_HTML,1500,13,pw01dud102023103085/D5,トリスティ,3,▲佐藤 翔馬,35.3,３／４,04,02,9,3歳以上,1勝クラス,2026-08-30,pw01sde1001202602040820260830,3歳以上1勝クラス,08,[指定],13時50分,牝3,https://www.jra.go.jp/JRADB/accessS.html?CNAME=pw01sde1001202602040820260830%2F37,芝,1:32.0,良,伊藤 圭三,晴,定量,,
412(-8),53.0,14  14  14,札幌,PASS_HTML,1500,14,pw01dud102023103936/B1,ハネマン,1,原田 和真,37.7,大差,04,02,13,3歳以上,1勝クラス,2026-08-30,pw01sde1001202602040820260830,3歳以上1勝クラス,08,[指定],13時50分,牝3,https://www.jra.go.jp/JRADB/accessS.html?CNAME=pw01sde1001202602040820260830%2F37,芝,1:34.8,良,伊坂 重信,晴,定量,,
486(-8),54.0,6  6  3  3,札幌,QUARANTINED_HTML:track_condition,1700,1,pw01dud102022104729/FB,サマーナイト,8,★河原田 菜々,36.3,,04,02,3,3歳以上,1勝クラス,2026-08-30,pw01sde1001202602040920260830,3歳以上1勝クラス,09,（特指）,14時20分,牡4,https://www.jra.go.jp/JRADB/accessS.html?CNAME=pw01sde1001202602040920260830%2FEC,ダート,1:46.1,,寺島 良,晴,定量,,
570(+4),58.0,2  2  2  2,札幌,QUARANTINED_HTML:track_condition,1700,2,pw01dud102021100303/1D,ブリオメンテ,10,武 豊,36.8,クビ,04,02,1,3歳以上,1勝クラス,2026-08-30,pw01sde1001202602040920260830,3歳以上1勝クラス,09,（特指）,14時20分,牡5,https://www.jra.go.jp/JRADB/accessS.html?CNAME=pw01sde1001202602040920260830%2FEC,ダート,1:46.2,,千田 輝彦,晴,定量,,
466(-4),58.0,6  6  7  4,札幌,QUARANTINED_HTML:track_condition,1700,3,pw01dud102021105772/89,ホウオウバローロ,5,石川 倭,36.2,クビ,04,02,8,3歳以上,1勝クラス,2026-08-30,pw01sde1001202602040920260830,3歳以上1勝クラス,09,（特指）,14時20分,牡5,https://www.jra.go.jp/JRADB/accessS.html?CNAME=pw01sde1001202602040920260830%2FEC,ダート,1:46.2,,前川 恭子,晴,定量,,
486(-2),50.0,4  3  3  6,札幌,QUARANTINED_HTML:track_condition,1700,4,pw01dud102023101362/11,デルマホダカ,6,▲遠藤 汰月,37.0,３ 1/2,04,02,10,3歳以上,1勝クラス,2026-08-30,pw01sde1001202602040920260830,3歳以上1勝クラス,09,（特指）,14時20分,牝3,https://www.jra.go.jp/JRADB/accessS.html?CNAME=pw01sde1001202602040920260830%2FEC,ダート,1:46.8,,菊沢 隆徳,晴,定量,,
428(+6),52.0,1  1  1  1,札幌,QUARANTINED_HTML:track_condition,1700,5,pw01dud102023104603/84,チェイサー,9,▲佐藤 翔馬,37.8,１／２,04,02,2,3歳以上,1勝クラス,2026-08-30,pw01sde1001202602040920260830,3歳以上1勝クラス,09,（特指）,14時20分,牡3,https://www.jra.go.jp/JRADB/accessS.html?CNAME=pw01sde1001202602040920260830%2FEC,ダート,1:46.9,,相沢 郁,晴,定量,,
510(-4),55.0,9  9  9  8,札幌,QUARANTINED_HTML:track_condition,1700,6,pw01dud102023102263/42,ステラデルークス,4,横山 武史,36.9,クビ,04,02,4,3歳以上,1勝クラス,2026-08-30,pw01sde1001202602040920260830,3歳以上1勝クラス,09,（特指）,14時20分,牡3,https://www.jra.go.jp/JRADB/accessS.html?CNAME=pw01sde1001202602040920260830%2FEC,ダート,1:47.0,,鈴木 伸尋,晴,定量,,
482(0),58.0,6  6  7  6,札幌,QUARANTINED_HTML:track_condition,1700,7,pw01dud102022101445/EF,マテンロウカナロア,1,横山 和生,37.4,２ 1/2,04,02,5,3歳以上,1勝クラス,2026-08-30,pw01sde1001202602040920260830,3歳以上1勝クラス,09,（特指）,14時20分,牡4,https://www.jra.go.jp/JRADB/accessS.html?CNAME=pw01sde1001202602040920260830%2FEC,ダート,1:47.4,,野中 賢二,晴,定量,,
546(+8),55.0,11  10  10  8,札幌,QUARANTINED_HTML:track_condition,1700,8,pw01dud102023105405/F7,フクシマブリルハム,3,横山 琉人,37.6,３,04,02,7,3歳以上,1勝クラス,2026-08-30,pw01sde1001202602040920260830,3歳以上1勝クラス,09,（特指）,14時20分,牡3,https://www.jra.go.jp/JRADB/accessS.html?CNAME=pw01sde1001202602040920260830%2FEC,ダート,1:47.9,,小島 茂之,晴,定量,,
474(+6),56.0,4  3  3  4,札幌,QUARANTINED_HTML:track_condition,1700,9,pw01dud102022102961/27,シックスパック,11,◇古川 奈穂,38.5,２,04,02,9,3歳以上,1勝クラス,2026-08-30,pw01sde1001202602040920260830,3歳以上1勝クラス,09,（特指）,14時20分,牡4,https://www.jra.go.jp/JRADB/accessS.html?CNAME=pw01sde1001202602040920260830%2FEC,ダート,1:48.2,,戸田 博文,晴,定量,,
476(+2),55.0,9  10  10  8,札幌,QUARANTINED_HTML:track_condition,1700,10,pw01dud102023101713/F8,イサギ,7,小沢 大仁,38.7,５,04,02,6,3歳以上,1勝クラス,2026-08-30,pw01sde1001202602040920260830,3歳以上1勝クラス,09,（特指）,14時20分,牡3,https://www.jra.go.jp/JRADB/accessS.html?CNAME=pw01sde1001202602040920260830%2FEC,ダート,1:49.0,,小椋 研介,晴,定量,,
430(+4),57.0,3  3  3  8,札幌,QUARANTINED_HTML:track_condition,1700,11,pw01dud102021104052/23,ウヌボレヤサン,2,☆長浜 鴻緒,39.2,クビ,04,02,11,3歳以上,1勝クラス,2026-08-30,pw01sde1001202602040920260830,3歳以上1勝クラス,09,（特指）,14時20分,せん5,https://www.jra.go.jp/JRADB/accessS.html?CNAME=pw01sde1001202602040920260830%2FEC,ダート,1:49.0,,本間 忍,晴,定量,,
486(+2),54.0,4  3,札幌,PASS_HTML,1200,1,pw01dud102023100925/61,サトノワーグナー,16,横山 武史,34.6,,04,02,2,3歳以上,2勝クラス,2026-08-30,pw01sde1001202602041020260830,HBC賞,10,（混合）［指定］,14時50分,牡3,https://www.jra.go.jp/JRADB/accessS.html?CNAME=pw01sde1001202602041020260830%2FE1,芝,1:09.1,良,斎藤 誠,晴,ハンデ,,
522(+18),56.0,1  1,札幌,PASS_HTML,1200,2,pw01dud102021103478/CA,ファビュラススター,11,丹内 祐次,35.0,クビ,04,02,10,3歳以上,2勝クラス,2026-08-30,pw01sde1001202602041020260830,HBC賞,10,（混合）［指定］,14時50分,牡5,https://www.jra.go.jp/JRADB/accessS.html?CNAME=pw01sde1001202602041020260830%2FE1,芝,1:09.1,良,新谷 功一,晴,ハンデ,,
440(+4),53.0,14  11,札幌,PASS_HTML,1200,3,pw01dud102020103632/AE,スイミーユニバンス,5,鮫島 克駿,34.2,１ 3/4,04,02,11,3歳以上,2勝クラス,2026-08-30,pw01sde1001202602041020260830,HBC賞,10,（混合）［指定］,14時50分,牝6,https://www.jra.go.jp/JRADB/accessS.html?CNAME=pw01sde1001202602041020260830%2FE1,芝,1:09.4,良,平田 修,晴,ハンデ,,
540(-4),56.0,6  5,札幌,PASS_HTML,1200,4,pw01dud102022101405/AF,ララバニュルス,10,藤懸 貴志,34.7,３／４,04,02,4,3歳以上,2勝クラス,2026-08-30,pw01sde1001202602041020260830,HBC賞,10,（混合）［指定］,14時50分,牡4,https://www.jra.go.jp/JRADB/accessS.html?CNAME=pw01sde1001202602041020260830%2FE1,芝,1:09.5,良,大竹 正博,晴,ハンデ,,
462(-2),55.0,2  2,札幌,PASS_HTML,1200,5,pw01dud102023106190/A4,デンプシー,12,横山 和生,35.3,クビ,04,02,1,3歳以上,2勝クラス,2026-08-30,pw01sde1001202602041020260830,HBC賞,10,（混合）［指定］,14時50分,牡3,https://www.jra.go.jp/JRADB/accessS.html?CNAME=pw01sde1001202602041020260830%2FE1,芝,1:09.5,良,上原 佑紀,晴,ハンデ,,
444(-10),53.0,10  10,札幌,PASS_HTML,1200,6,pw01dud102021105749/7E,ルージュベルベット,4,浜中 俊,34.7,クビ,04,02,6,3歳以上,2勝クラス,2026-08-30,pw01sde1001202602041020260830,HBC賞,10,（混合）［指定］,14時50分,牝5,https://www.jra.go.jp/JRADB/accessS.html?CNAME=pw01sde1001202602041020260830%2FE1,芝,1:09.6,良,浅利 英明,晴,ハンデ,,
494(+6),52.0,6  6,札幌,PASS_HTML,1200,7,pw01dud102023103036/F8,カガラプンツェル,1,原田 和真,34.9,３／４,04,02,9,3歳以上,2勝クラス,2026-08-30,pw01sde1001202602041020260830,HBC賞,10,（混合）［指定］,14時50分,牝3,https://www.jra.go.jp/JRADB/accessS.html?CNAME=pw01sde1001202602041020260830%2FE1,芝,1:09.7,良,萱野 浩二,晴,ハンデ,,
460(+10),55.0,6  6,札幌,PASS_HTML,1200,8,pw01dud102020103218/7C,フミサウンド,13,大野 拓弥,35.1,１／２,04,02,14,3歳以上,2勝クラス,2026-08-30,pw01sde1001202602041020260830,HBC賞,10,（混合）［指定］,14時50分,牡6,https://www.jra.go.jp/JRADB/accessS.html?CNAME=pw01sde1001202602041020260830%2FE1,芝,1:09.8,良,鹿戸 雄一,晴,ハンデ,,
472(+2),52.0,11  11,札幌,PASS_HTML,1200,9,pw01dud102023103503/64,プレセピオ,9,川又 賢治,34.9,１／２,04,02,5,3歳以上,2勝クラス,2026-08-30,pw01sde1001202602041020260830,HBC賞,10,（混合）［指定］,14時50分,牝3,https://www.jra.go.jp/JRADB/accessS.html?CNAME=pw01sde1001202602041020260830%2FE1,芝,1:09.9,良,笹田 和秀,晴,ハンデ,,
444(+4),52.0,16  14,札幌,PASS_HTML,1200,10,pw01dud102021104217/84,ムチャスグラシアス,8,佐藤 翔馬,34.7,クビ,04,02,16,3歳以上,2勝クラス,2026-08-30,pw01sde1001202602041020260830,HBC賞,10,（混合）［指定］,14時50分,牝5,https://www.jra.go.jp/JRADB/accessS.html?CNAME=pw01sde1001202602041020260830%2FE1,芝,1:10.0,良,菊川 正達,晴,ハンデ,,
460(+6),52.0,2  3,札幌,PASS_HTML,1200,11,pw01dud102023100214/87,シーグルロス,15,小林 美駒,35.7,クビ,04,02,7,3歳以上,2勝クラス,2026-08-30,pw01sde1001202602041020260830,HBC賞,10,（混合）［指定］,14時50分,牝3,https://www.jra.go.jp/JRADB/accessS.html?CNAME=pw01sde1001202602041020260830%2FE1,芝,1:10.0,良,尾形 和幸,晴,ハンデ,,
438(-2),55.0,6  8,札幌,PASS_HTML,1200,12,pw01dud102022104637/F4,ホウオウブースター,14,石川 倭,35.2,クビ,04,02,13,3歳以上,2勝クラス,2026-08-30,pw01sde1001202602041020260830,HBC賞,10,（混合）［指定］,14時50分,牡4,https://www.jra.go.jp/JRADB/accessS.html?CNAME=pw01sde1001202602041020260830%2FE1,芝,1:10.0,良,高柳 瑞樹,晴,ハンデ,,
454(+8),56.0,14  16,札幌,PASS_HTML,1200,13,pw01dud102019101643/D4,バシレウスシチー,3,小沢 大仁,35.2,１ 3/4,04,02,12,3歳以上,2勝クラス,2026-08-30,pw01sde1001202602041020260830,HBC賞,10,（混合）［指定］,14時50分,牡7,https://www.jra.go.jp/JRADB/accessS.html?CNAME=pw01sde1001202602041020260830%2FE1,芝,1:10.3,良,岡田 稲男,晴,ハンデ,,
510(+10),54.0,11  14,札幌,PASS_HTML,1200,14,pw01dud102021100248/6B,セイウンデセオ,7,武 豊,35.4,１／２,04,02,3,3歳以上,2勝クラス,2026-08-30,pw01sde1001202602041020260830,HBC賞,10,（混合）［指定］,14時50分,牝5,https://www.jra.go.jp/JRADB/accessS.html?CNAME=pw01sde1001202602041020260830%2FE1,芝,1:10.4,良,小手川 準,晴,ハンデ,,
424(+6),52.0,11  11,札幌,PASS_HTML,1200,15,pw01dud102023105347/EC,ショウナンカリス,2,吉田 隼人,35.7,１ 3/4,04,02,8,3歳以上,2勝クラス,2026-08-30,pw01sde1001202602041020260830,HBC賞,10,（混合）［指定］,14時50分,牝3,https://www.jra.go.jp/JRADB/accessS.html?CNAME=pw01sde1001202602041020260830%2FE1,芝,1:10.7,良,加藤 士津八,晴,ハンデ,,
466(+2),51.0,4  8,札幌,PASS_HTML,1200,16,pw01dud102023106405/E6,コックオーヴァン,6,遠藤 汰月,36.5,２,04,02,15,3歳以上,2勝クラス,2026-08-30,pw01sde1001202602041020260830,HBC賞,10,（混合）［指定］,14時50分,牝3,https://www.jra.go.jp/JRADB/accessS.html?CNAME=pw01sde1001202602041020260830%2FE1,芝,1:11.0,良,伊藤 伸一,晴,ハンデ,,
438(+10),56.0,1  1  1,札幌,PASS_HTML,1500,1,pw01dud102022101412/66,ワタシマツワ,2,小林 美駒,35.3,,04,02,9,3歳以上,3勝クラス,2026-08-30,pw01sde1001202602041120260830,日高ステークス,11,（混合）（特指）,15時25分,牝4,https://www.jra.go.jp/JRADB/accessS.html?CNAME=pw01sde1001202602041120260830%2F96,芝,1:28.1,良,竹内 正洋,曇,定量,,
480(0),58.0,11  11  6,札幌,PASS_HTML,1500,2,pw01dud102022105830/20,モンドデラモーレ,13,大野 拓弥,34.6,３／４,04,02,1,3歳以上,3勝クラス,2026-08-30,pw01sde1001202602041120260830,日高ステークス,11,（混合）（特指）,15時25分,牡4,https://www.jra.go.jp/JRADB/accessS.html?CNAME=pw01sde1001202602041120260830%2F96,芝,1:28.2,良,千葉 直人,曇,定量,,
484(0),58.0,14  13  11,札幌,PASS_HTML,1500,3,pw01dud102021100564/52,エフォートレス,4,横山 和生,34.9,３,04,02,5,3歳以上,3勝クラス,2026-08-30,pw01sde1001202602041120260830,日高ステークス,11,（混合）（特指）,15時25分,牡5,https://www.jra.go.jp/JRADB/accessS.html?CNAME=pw01sde1001202602041120260830%2F96,芝,1:28.7,良,嘉藤 貴行,曇,定量,,
516(+6),55.0,11  6  3,札幌,PASS_HTML,1500,4,pw01dud102023106916/5E,リゾートアイランド,5,横山 武史,35.5,クビ,04,02,10,3歳以上,3勝クラス,2026-08-30,pw01sde1001202602041120260830,日高ステークス,11,（混合）（特指）,15時25分,牡3,https://www.jra.go.jp/JRADB/accessS.html?CNAME=pw01sde1001202602041120260830%2F96,芝,1:28.8,良,上原 佑紀,曇,定量,,
470(-20),58.0,6  6  6,札幌,PASS_HTML,1500,5,pw01dud102022105478/34,ダノンミッション,9,石川 倭,35.5,３／４,04,02,4,3歳以上,3勝クラス,2026-08-30,pw01sde1001202602041120260830,日高ステークス,11,（混合）（特指）,15時25分,牡4,https://www.jra.go.jp/JRADB/accessS.html?CNAME=pw01sde1001202602041120260830%2F96,芝,1:28.9,良,堀 宣行,曇,定量,,
456(+14),56.0,6  6  6,札幌,PASS_HTML,1500,6,pw01dud102020105354/FF,サクセスアイ,7,藤懸 貴志,35.8,１ 1/4,04,02,12,3歳以上,3勝クラス,2026-08-30,pw01sde1001202602041120260830,日高ステークス,11,（混合）（特指）,15時25分,牝6,https://www.jra.go.jp/JRADB/accessS.html?CNAME=pw01sde1001202602041120260830%2F96,芝,1:29.1,良,北出 成人,曇,定量,,
476(0),58.0,4  2  2,札幌,PASS_HTML,1500,7,pw01dud102020102140/F4,アンビバレント,1,丹内 祐次,36.0,アタマ,04,02,13,3歳以上,3勝クラス,2026-08-30,pw01sde1001202602041120260830,日高ステークス,11,（混合）（特指）,15時25分,牡6,https://www.jra.go.jp/JRADB/accessS.html?CNAME=pw01sde1001202602041120260830%2F96,芝,1:29.1,良,藤野 健太,曇,定量,,
502(-14),58.0,3  2  3,札幌,PASS_HTML,1500,8,pw01dud102020103280/54,エマヌエーレ,6,浜中 俊,36.1,クビ,04,02,6,3歳以上,3勝クラス,2026-08-30,pw01sde1001202602041120260830,日高ステークス,11,（混合）（特指）,15時25分,牡6,https://www.jra.go.jp/JRADB/accessS.html?CNAME=pw01sde1001202602041120260830%2F96,芝,1:29.2,良,平田 修,曇,定量,,
474(-6),58.0,9  9  10,札幌,PASS_HTML,1500,9,pw01dud102022105601/01,エルマーゴ,10,鮫島 克駿,36.1,２ 1/2,04,02,3,3歳以上,3勝クラス,2026-08-30,pw01sde1001202602041120260830,日高ステークス,11,（混合）（特指）,15時25分,牡4,https://www.jra.go.jp/JRADB/accessS.html?CNAME=pw01sde1001202602041120260830%2F96,芝,1:29.6,良,加藤 征弘,曇,定量,,
488(+6),56.0,4  5  6,札幌,PASS_HTML,1500,10,pw01dud102022103594/DB,サンタアニタ,11,斎藤 新,36.5,３／４,04,02,11,3歳以上,3勝クラス,2026-08-30,pw01sde1001202602041120260830,日高ステークス,11,（混合）（特指）,15時25分,牝4,https://www.jra.go.jp/JRADB/accessS.html?CNAME=pw01sde1001202602041120260830%2F96,芝,1:29.7,良,斎藤 誠,曇,定量,,
560(+20),58.0,11  13  12,札幌,PASS_HTML,1500,11,pw01dud102021104928/5E,トラペジスト,8,吉田 隼人,36.6,５,04,02,14,3歳以上,3勝クラス,2026-08-30,pw01sde1001202602041120260830,日高ステークス,11,（混合）（特指）,15時25分,牡5,https://www.jra.go.jp/JRADB/accessS.html?CNAME=pw01sde1001202602041120260830%2F96,芝,1:30.5,良,秋山 真一郎,曇,定量,,
452(+2),56.0,2  2  3,札幌,PASS_HTML,1500,12,pw01dud102022100622/E9,マジックローズ,3,武 豊,37.5,アタマ,04,02,2,3歳以上,3勝クラス,2026-08-30,pw01sde1001202602041120260830,日高ステークス,11,（混合）（特指）,15時25分,牝4,https://www.jra.go.jp/JRADB/accessS.html?CNAME=pw01sde1001202602041120260830%2F96,芝,1:30.5,良,中内田 充正,曇,定量,,
496(+6),58.0,6  9  13,札幌,PASS_HTML,1500,13,pw01dud102021100363/7D,パワーホール,12,古川 吉洋,37.2,１ 1/2,04,02,7,3歳以上,3勝クラス,2026-08-30,pw01sde1001202602041120260830,日高ステークス,11,（混合）（特指）,15時25分,せん5,https://www.jra.go.jp/JRADB/accessS.html?CNAME=pw01sde1001202602041120260830%2F96,芝,1:30.7,良,昆 貢,曇,定量,,
502(-4),58.0,9  11  14,札幌,PASS_HTML,1500,14,pw01dud102022110093/74,マテンロウサン,14,横山 典弘,37.6,３,04,02,8,3歳以上,3勝クラス,2026-08-30,pw01sde1001202602041120260830,日高ステークス,11,（混合）（特指）,15時25分,牡4,https://www.jra.go.jp/JRADB/accessS.html?CNAME=pw01sde1001202602041120260830%2F96,芝,1:31.2,良,昆 貢,曇,定量,,
436(-2),55.0,3  2  2  1,札幌,PASS_HTML,2600,1,pw01dud102023106077/78,タケルフォーカス,13,古川 吉洋,35.5,,04,02,6,3歳以上,1勝クラス,2026-08-30,pw01sde1001202602041220260830,北辰特別,12,（混合）（特指）,16時01分,牡3,https://www.jra.go.jp/JRADB/accessS.html?CNAME=pw01sde1001202602041220260830%2F4B,芝,2:43.5,良,四位 洋文,曇,定量,,
502(0),55.0,14  13  11  10,札幌,PASS_HTML,2600,2,pw01dud102023107050/22,ワンダフルデイズ,10,横山 武史,35.2,３ 1/2,04,02,3,3歳以上,1勝クラス,2026-08-30,pw01sde1001202602041220260830,北辰特別,12,（混合）（特指）,16時01分,牡3,https://www.jra.go.jp/JRADB/accessS.html?CNAME=pw01sde1001202602041220260830%2F4B,芝,2:44.0,良,高橋 義忠,曇,定量,,
492(+8),55.0,4  4  4  3,札幌,PASS_HTML,2600,3,pw01dud102023100521/D1,ディーリライズ,5,浜中 俊,35.9,１,04,02,5,3歳以上,1勝クラス,2026-08-30,pw01sde1001202602041220260830,北辰特別,12,（混合）（特指）,16時01分,牡3,https://www.jra.go.jp/JRADB/accessS.html?CNAME=pw01sde1001202602041220260830%2F4B,芝,2:44.2,良,緒方 努,曇,定量,,
506(-8),58.0,4  4  4  5,札幌,PASS_HTML,2600,4,pw01dud102022104000/79,ディベルティスマン,11,横山 典弘,36.1,１,04,02,7,3歳以上,1勝クラス,2026-08-30,pw01sde1001202602041220260830,北辰特別,12,（混合）（特指）,16時01分,牡4,https://www.jra.go.jp/JRADB/accessS.html?CNAME=pw01sde1001202602041220260830%2F4B,芝,2:44.4,良,菊沢 隆徳,曇,定量,,
486(+2),56.0,1  1  1  2,札幌,PASS_HTML,2600,5,pw01dud102022105529/88,ミッドタウンナイト,6,荻野 琢真,36.7,ハナ,04,02,12,3歳以上,1勝クラス,2026-08-30,pw01sde1001202602041220260830,北辰特別,12,（混合）（特指）,16時01分,牝4,https://www.jra.go.jp/JRADB/accessS.html?CNAME=pw01sde1001202602041220260830%2F4B,芝,2:44.4,良,河嶋 宏樹,曇,定量,,
456(0),58.0,6  6  2  3,札幌,PASS_HTML,2600,6,pw01dud102021102379/1D,テイクザクラウン,12,吉田 隼人,36.4,１／２,04,02,9,3歳以上,1勝クラス,2026-08-30,pw01sde1001202602041220260830,北辰特別,12,（混合）（特指）,16時01分,牡5,https://www.jra.go.jp/JRADB/accessS.html?CNAME=pw01sde1001202602041220260830%2F4B,芝,2:44.5,良,吉村 圭司,曇,定量,,
458(-8),55.0,10  10  7  7,札幌,PASS_HTML,2600,7,pw01dud102023106079/5E,ノリマル,1,丹内 祐次,36.0,ハナ,04,02,2,3歳以上,1勝クラス,2026-08-30,pw01sde1001202602041220260830,北辰特別,12,（混合）（特指）,16時01分,牡3,https://www.jra.go.jp/JRADB/accessS.html?CNAME=pw01sde1001202602041220260830%2F4B,芝,2:44.5,良,尾形 和幸,曇,定量,,
520(0),55.0,10  10  7  5,札幌,PASS_HTML,2600,8,pw01dud102023105789/D6,ドンテスタマスター,14,斎藤 新,36.0,アタマ,04,02,4,3歳以上,1勝クラス,2026-08-30,pw01sde1001202602041220260830,北辰特別,12,（混合）（特指）,16時01分,牡3,https://www.jra.go.jp/JRADB/accessS.html?CNAME=pw01sde1001202602041220260830%2F4B,芝,2:44.5,良,杉山 晴紀,曇,定量,,
494(+2),55.0,9  7  4  7,札幌,PASS_HTML,2600,9,pw01dud102023101050/88,クオンタムスター,4,鮫島 克駿,36.4,１ 1/4,04,02,1,3歳以上,1勝クラス,2026-08-30,pw01sde1001202602041220260830,北辰特別,12,（混合）（特指）,16時01分,牡3,https://www.jra.go.jp/JRADB/accessS.html?CNAME=pw01sde1001202602041220260830%2F4B,芝,2:44.7,良,堀 宣行,曇,定量,,
428(+4),56.0,7  7  7  7,札幌,PASS_HTML,2600,10,pw01dud102022105525/BC,モルビド,3,小沢 大仁,36.3,１／２,04,02,8,3歳以上,1勝クラス,2026-08-30,pw01sde1001202602041220260830,北辰特別,12,（混合）（特指）,16時01分,牝4,https://www.jra.go.jp/JRADB/accessS.html?CNAME=pw01sde1001202602041220260830%2F4B,芝,2:44.8,良,中内田 充正,曇,定量,,
476(-2),55.0,12  10  11  10,札幌,PASS_HTML,2600,11,pw01dud102023101168/61,タビニュ,8,松本 大輝,36.3,１ 1/2,04,02,10,3歳以上,1勝クラス,2026-08-30,pw01sde1001202602041220260830,北辰特別,12,（混合）（特指）,16時01分,牡3,https://www.jra.go.jp/JRADB/accessS.html?CNAME=pw01sde1001202602041220260830%2F4B,芝,2:45.0,良,松尾 卓哉,曇,定量,,
478(+4),53.0,7  7  10  10,札幌,PASS_HTML,2600,12,pw01dud102023105065/93,ハバタクジユウニ,2,川又 賢治,36.7,２,04,02,13,3歳以上,1勝クラス,2026-08-30,pw01sde1001202602041220260830,北辰特別,12,（混合）（特指）,16時01分,牝3,https://www.jra.go.jp/JRADB/accessS.html?CNAME=pw01sde1001202602041220260830%2F4B,芝,2:45.3,良,角田 晃一,曇,定量,,
470(-4),55.0,12  13  13  13,札幌,PASS_HTML,2600,13,pw01dud102023106495/76,ニューアライブ,7,石川 倭,38.5,大差,04,02,14,3歳以上,1勝クラス,2026-08-30,pw01sde1001202602041220260830,北辰特別,12,（混合）（特指）,16時01分,牡3,https://www.jra.go.jp/JRADB/accessS.html?CNAME=pw01sde1001202602041220260830%2F4B,芝,2:47.7,良,斉藤 正弘,曇,定量,,
524(0),55.0,2  2  13  14,札幌,PASS_HTML,2600,14,pw01dud102023105412/AE,シーンオブドリーム,9,和田 陽希,41.4,大差,04,02,11,3歳以上,1勝クラス,2026-08-30,pw01sde1001202602041220260830,北辰特別,12,（混合）（特指）,16時01分,せん3,https://www.jra.go.jp/JRADB/accessS.html?CNAME=pw01sde1001202602041220260830%2F4B,芝,2:50.5,良,池江 泰寿,曇,定量,,
480(+10),60.0,5  5  4  4,新潟,PASS_HTML,2850,1,pw01dud102018103590/EC,リッケンバッカー,6,小牧 加矢太,,,03,03,4,障害3歳以上,未勝利,2026-08-29,pw01sde1004202603030120260829,障害3歳以上未勝利,01,（混合）,9時40分,牡8,https://www.jra.go.jp/JRADB/accessS.html?CNAME=pw01sde1004202603030120260829%2F2B,障害,3:09.9,良,西村 真幸,小雨,定量,13.3,
468(-4),60.0,2  2  2  2,新潟,PASS_HTML,2850,2,pw01dud102018101615/FE,ウインシュクラン,1,上野 翔,,６,03,03,3,障害3歳以上,未勝利,2026-08-29,pw01sde1004202603030120260829,障害3歳以上未勝利,01,（混合）,9時40分,せん8,https://www.jra.go.jp/JRADB/accessS.html?CNAME=pw01sde1004202603030120260829%2F2B,障害,3:10.9,良,和田 正一郎,小雨,定量,13.4,
524(+12),60.0,3  3  2  1,新潟,PASS_HTML,2850,3,pw01dud102020102013/EC,オリンポスカズマ,10,小坂 忠士,,１,03,03,6,障害3歳以上,未勝利,2026-08-29,pw01sde1004202603030120260829,障害3歳以上未勝利,01,（混合）,9時40分,牡6,https://www.jra.go.jp/JRADB/accessS.html?CNAME=pw01sde1004202603030120260829%2F2B,障害,3:11.0,良,平田 修,小雨,定量,13.4,
526(-8),60.0,1  1  1  3,新潟,PASS_HTML,2850,4,pw01dud102021104770/B4,フォーディアライフ,9,高田 潤,,２,03,03,2,障害3歳以上,未勝利,2026-08-29,pw01sde1004202603030120260829,障害3歳以上未勝利,01,（混合）,9時40分,せん5,https://www.jra.go.jp/JRADB/accessS.html?CNAME=pw01sde1004202603030120260829%2F2B,障害,3:11.3,良,矢嶋 大樹,小雨,定量,13.4,
486(-4),58.0,4  4  5  5,新潟,PASS_HTML,2850,5,pw01dud102020102648/81,ラパンラピッド,11,△坂口 智康,,１ 3/4,03,03,1,障害3歳以上,未勝利,2026-08-29,pw01sde1004202603030120260829,障害3歳以上未勝利,01,（混合）,9時40分,せん6,https://www.jra.go.jp/JRADB/accessS.html?CNAME=pw01sde1004202603030120260829%2F2B,障害,3:11.6,良,武井 亮,小雨,定量,13.4,
474(-4),60.0,6  6  6  6,新潟,PASS_HTML,2850,6,pw01dud102022110139/F7,アスクアットバット,4,黒岩 悠,,９,03,03,10,障害3歳以上,未勝利,2026-08-29,pw01sde1004202603030120260829,障害3歳以上未勝利,01,（混合）,9時40分,せん4,https://www.jra.go.jp/JRADB/accessS.html?CNAME=pw01sde1004202603030120260829%2F2B,障害,3:13.1,良,加藤 公太,小雨,定量,13.6,
466(-1),60.0,9  9  9  7,新潟,PASS_HTML,2850,7,pw01dud102018105047/AA,ホウオウサンデー,2,小野寺 祐太,,３,03,03,5,障害3歳以上,未勝利,2026-08-29,pw01sde1004202603030120260829,障害3歳以上未勝利,01,（混合）,9時40分,牡8,https://www.jra.go.jp/JRADB/accessS.html?CNAME=pw01sde1004202603030120260829%2F2B,障害,3:13.6,良,井上 智史,小雨,定量,13.6,
476(-6),60.0,7  7  7  7,新潟,PASS_HTML,2850,8,pw01dud102019104108/AB,エナジーグラン,8,難波 剛健,,大差,03,03,8,障害3歳以上,未勝利,2026-08-29,pw01sde1004202603030120260829,障害3歳以上未勝利,01,（混合）,9時40分,牡7,https://www.jra.go.jp/JRADB/accessS.html?CNAME=pw01sde1004202603030120260829%2F2B,障害,3:16.8,良,高橋 康之,小雨,定量,13.8,
476(0),60.0,7  7  7  9,新潟,PASS_HTML,2850,9,pw01dud102021110002/E5,ワールドシリーズ,5,中村 将之,,６,03,03,12,障害3歳以上,未勝利,2026-08-29,pw01sde1004202603030120260829,障害3歳以上未勝利,01,（混合）,9時40分,牡5,https://www.jra.go.jp/JRADB/accessS.html?CNAME=pw01sde1004202603030120260829%2F2B,障害,3:17.8,良,秋山 真一郎,小雨,定量,13.9,
518(-2),60.0,10  10  10  10,新潟,PASS_HTML,2850,10,pw01dud102019100768/75,マイネルニコラス,7,草野 太郎,,大差,03,03,7,障害3歳以上,未勝利,2026-08-29,pw01sde1004202603030120260829,障害3歳以上未勝利,01,（混合）,9時40分,牡7,https://www.jra.go.jp/JRADB/accessS.html?CNAME=pw01sde1004202603030120260829%2F2B,障害,3:20.0,良,畠山 吉宏,小雨,定量,14.0,
494(+6),60.0,10  10  10  10,新潟,PASS_HTML,2850,11,pw01dud102022106800/DF,コスモグラニット,3,大江原 圭,,クビ,03,03,9,障害3歳以上,未勝利,2026-08-29,pw01sde1004202603030120260829,障害3歳以上未勝利,01,（混合）,9時40分,牡4,https://www.jra.go.jp/JRADB/accessS.html?CNAME=pw01sde1004202603030120260829%2F2B,障害,3:20.0,良,清水 英克,小雨,定量,14.0,
486(+8),58.0,12  12  12  12,新潟,PASS_HTML,2850,12,pw01dud102022106590/DC,バダジェフスカ,12,伴 啓太,,大差,03,03,11,障害3歳以上,未勝利,2026-08-29,pw01sde1004202603030120260829,障害3歳以上未勝利,01,（混合）,9時40分,牝4,https://www.jra.go.jp/JRADB/accessS.html?CNAME=pw01sde1004202603030120260829%2F2B,障害,3:25.7,良,高橋 文雅,小雨,定量,14.4,
448(-4),57.0,2  2  2  1,新潟,QUARANTINED_HTML:track_condition,1800,1,pw01dud102023105753/F4,アデルフィー,11,三浦 皇成,37.6,,03,03,4,3歳,未勝利,2026-08-29,pw01sde1004202603030220260829,3歳未勝利,02,[指定],10時15分,牡3,https://www.jra.go.jp/JRADB/accessS.html?CNAME=pw01sde1004202603030220260829%2FE0,ダート,1:54.9,,金成 貴史,小雨,馬齢,,
490(0),57.0,10  10  4  4,新潟,QUARANTINED_HTML:track_condition,1800,2,pw01dud102023105439/F3,カシマライフウ,15,大野 拓弥,37.4,１／２,03,03,1,3歳,未勝利,2026-08-29,pw01sde1004202603030220260829,3歳未勝利,02,[指定],10時15分,牡3,https://www.jra.go.jp/JRADB/accessS.html?CNAME=pw01sde1004202603030220260829%2FE0,ダート,1:55.0,,伊藤 伸一,小雨,馬齢,,
444(+2),57.0,3  3  2  2,新潟,QUARANTINED_HTML:track_condition,1800,3,pw01dud102023104504/C6,ゴールドプレイヤー,7,戸崎 圭太,38.1,３,03,03,2,3歳,未勝利,2026-08-29,pw01sde1004202603030220260829,3歳未勝利,02,[指定],10時15分,牡3,https://www.jra.go.jp/JRADB/accessS.html?CNAME=pw01sde1004202603030220260829%2FE0,ダート,1:55.5,,古賀 慎明,小雨,馬齢,,
526(+12),57.0,6  6  4  4,新潟,QUARANTINED_HTML:track_condition,1800,4,pw01dud102023107327/AA,ガードオブオナー,6,津村 明秀,38.7,５,03,03,3,3歳,未勝利,2026-08-29,pw01sde1004202603030220260829,3歳未勝利,02,[指定],10時15分,牡3,https://www.jra.go.jp/JRADB/accessS.html?CNAME=pw01sde1004202603030220260829%2FE0,ダート,1:56.3,,林 徹,小雨,馬齢,,
414(+2),55.0,13  13  9  8,新潟,QUARANTINED_HTML:track_condition,1800,5,pw01dud102023105601/8D,オウケンサクラコ,9,丸田 恭介,38.3,１,03,03,7,3歳,未勝利,2026-08-29,pw01sde1004202603030220260829,3歳未勝利,02,[指定],10時15分,牝3,https://www.jra.go.jp/JRADB/accessS.html?CNAME=pw01sde1004202603030220260829%2FE0,ダート,1:56.5,,田中 勝春,小雨,馬齢,,
480(+2),57.0,8  8  8  7,新潟,QUARANTINED_HTML:track_condition,1800,6,pw01dud102023106889/F6,マーゴットライズ,10,菊沢 一樹,38.9,１ 3/4,03,03,6,3歳,未勝利,2026-08-29,pw01sde1004202603030220260829,3歳未勝利,02,[指定],10時15分,牡3,https://www.jra.go.jp/JRADB/accessS.html?CNAME=pw01sde1004202603030220260829%2FE0,ダート,1:56.8,,伊坂 重信,小雨,馬齢,,
508(+8),57.0,6  6  4  6,新潟,QUARANTINED_HTML:track_condition,1800,7,pw01dud102023102555/AB,エターナルホープ,8,原 優介,39.1,クビ,03,03,5,3歳,未勝利,2026-08-29,pw01sde1004202603030220260829,3歳未勝利,02,[指定],10時15分,牡3,https://www.jra.go.jp/JRADB/accessS.html?CNAME=pw01sde1004202603030220260829%2FE0,ダート,1:56.8,,鈴木 慎太郎,小雨,馬齢,,
482(+4),57.0,9  8  9  8,新潟,QUARANTINED_HTML:track_condition,1800,8,pw01dud102023105319/A2,ネイティヴプライド,3,松山 弘平,38.7,３／４,03,03,8,3歳,未勝利,2026-08-29,pw01sde1004202603030220260829,3歳未勝利,02,[指定],10時15分,牡3,https://www.jra.go.jp/JRADB/accessS.html?CNAME=pw01sde1004202603030220260829%2FE0,ダート,1:56.9,,高木 登,小雨,馬齢,,
466(0),54.0,15  15  15  14,新潟,QUARANTINED_HTML:track_condition,1800,9,pw01dud102023101475/AB,ハチマン,14,▲水沼 元輝,38.6,３,03,03,15,3歳,未勝利,2026-08-29,pw01sde1004202603030220260829,3歳未勝利,02,[指定],10時15分,牡3,https://www.jra.go.jp/JRADB/accessS.html?CNAME=pw01sde1004202603030220260829%2FE0,ダート,1:57.4,,柄崎 将寿,小雨,馬齢,,
480(-2),57.0,11  11  13  11,新潟,QUARANTINED_HTML:track_condition,1800,10,pw01dud102023105465/57,ダイヒョウカーク,4,杉原 誠人,39.1,２ 1/2,03,03,10,3歳,未勝利,2026-08-29,pw01sde1004202603030220260829,3歳未勝利,02,[指定],10時15分,牡3,https://www.jra.go.jp/JRADB/accessS.html?CNAME=pw01sde1004202603030220260829%2FE0,ダート,1:57.8,,松山 将樹,小雨,馬齢,,
486(-4),54.0,4  4  4  8,新潟,QUARANTINED_HTML:track_condition,1800,11,pw01dud102023103915/1E,オーパパ,2,▲佐藤 翔馬,40.8,４,03,03,14,3歳,未勝利,2026-08-29,pw01sde1004202603030220260829,3歳未勝利,02,[指定],10時15分,牡3,https://www.jra.go.jp/JRADB/accessS.html?CNAME=pw01sde1004202603030220260829%2FE0,ダート,1:58.5,,斎藤 誠,小雨,馬齢,,
434(+8),55.0,1  1  1  2,新潟,QUARANTINED_HTML:track_condition,1800,12,pw01dud102023102234/85,ロマンス,1,石橋 脩,41.2,アタマ,03,03,9,3歳,未勝利,2026-08-29,pw01sde1004202603030220260829,3歳未勝利,02,[指定],10時15分,牝3,https://www.jra.go.jp/JRADB/accessS.html?CNAME=pw01sde1004202603030220260829%2FE0,ダート,1:58.5,,上原 佑紀,小雨,馬齢,,
458(0),55.0,14  14  13  14,新潟,QUARANTINED_HTML:track_condition,1800,13,pw01dud102023105240/96,バターショコラ,13,小崎 綾也,40.5,４,03,03,12,3歳,未勝利,2026-08-29,pw01sde1004202603030220260829,3歳未勝利,02,[指定],10時15分,牝3,https://www.jra.go.jp/JRADB/accessS.html?CNAME=pw01sde1004202603030220260829%2FE0,ダート,1:59.2,,戸田 博文,小雨,馬齢,,
444(-4),57.0,11  11  12  13,新潟,QUARANTINED_HTML:track_condition,1800,14,pw01dud102023107367/EA,プリヴィマーク,5,武藤 雅,40.6,アタマ,03,03,13,3歳,未勝利,2026-08-29,pw01sde1004202603030220260829,3歳未勝利,02,[指定],10時15分,牡3,https://www.jra.go.jp/JRADB/accessS.html?CNAME=pw01sde1004202603030220260829%2FE0,ダート,1:59.2,,池上 昌和,小雨,馬齢,,
444(-8),55.0,4  4  9  11,新潟,QUARANTINED_HTML:track_condition,1800,15,pw01dud102023103299/13,ヌビアン,12,△石田 拓郎,42.1,７,03,03,11,3歳,未勝利,2026-08-29,pw01sde1004202603030220260829,3歳未勝利,02,[指定],10時15分,牡3,https://www.jra.go.jp/JRADB/accessS.html?CNAME=pw01sde1004202603030220260829%2FE0,ダート,2:00.3,,清水 英克,小雨,馬齢,,
394(0),53.0,6  6,新潟,PASS_HTML,1600,1,pw01dud102024101140/35,キムケンシーサー,11,◇今村 聖奈,34.9,,03,03,5,2歳,未勝利,2026-08-29,pw01sde1004202603030320260829,2歳未勝利,03,（混合）［指定］,10時45分,牡2,https://www.jra.go.jp/JRADB/accessS.html?CNAME=pw01sde1004202603030320260829%2F95,芝,1:34.9,良,前川 恭子,小雨,馬齢,,
472(0),55.0,8  7,新潟,PASS_HTML,1600,2,pw01dud102024106585/23,ホウオウビリーヴ,6,戸崎 圭太,34.9,１／２,03,03,4,2歳,未勝利,2026-08-29,pw01sde1004202603030320260829,2歳未勝利,03,（混合）［指定］,10時45分,牡2,https://www.jra.go.jp/JRADB/accessS.html?CNAME=pw01sde1004202603030320260829%2F95,芝,1:35.0,良,木村 哲也,小雨,馬齢,,
444(-6),55.0,4  4,新潟,PASS_HTML,1600,3,pw01dud102024105973/02,ノルトハウゼン,2,三浦 皇成,35.5,１ 1/4,03,03,3,2歳,未勝利,2026-08-29,pw01sde1004202603030320260829,2歳未勝利,03,（混合）［指定］,10時45分,牡2,https://www.jra.go.jp/JRADB/accessS.html?CNAME=pw01sde1004202603030320260829%2F95,芝,1:35.2,良,菊沢 隆徳,小雨,馬齢,,
476(+2),55.0,1  1,新潟,PASS_HTML,1600,4,pw01dud102024106017/A4,アウアリイ,8,菊沢 一樹,35.8,ハナ,03,03,2,2歳,未勝利,2026-08-29,pw01sde1004202603030320260829,2歳未勝利,03,（混合）［指定］,10時45分,牡2,https://www.jra.go.jp/JRADB/accessS.html?CNAME=pw01sde1004202603030320260829%2F95,芝,1:35.2,良,奥村 武,小雨,馬齢,,
440(-4),55.0,2  2,新潟,PASS_HTML,1600,5,pw01dud102024102097/68,パープルタウン,9,津村 明秀,36.1,２,03,03,6,2歳,未勝利,2026-08-29,pw01sde1004202603030320260829,2歳未勝利,03,（混合）［指定］,10時45分,牝2,https://www.jra.go.jp/JRADB/accessS.html?CNAME=pw01sde1004202603030320260829%2F95,芝,1:35.5,良,鈴木 慎太郎,小雨,馬齢,,
458(-6),55.0,4  4,新潟,PASS_HTML,1600,6,pw01dud102024100316/2A,アルアンダルス,5,石橋 脩,37.2,９,03,03,7,2歳,未勝利,2026-08-29,pw01sde1004202603030320260829,2歳未勝利,03,（混合）［指定］,10時45分,牝2,https://www.jra.go.jp/JRADB/accessS.html?CNAME=pw01sde1004202603030320260829%2F95,芝,1:37.0,良,小野 次郎,小雨,馬齢,,
436(0),55.0,9  9,新潟,PASS_HTML,1600,7,pw01dud102024101728/D3,ビスクヴィート,4,内田 博幸,36.4,１ 3/4,03,03,10,2歳,未勝利,2026-08-29,pw01sde1004202603030320260829,2歳未勝利,03,（混合）［指定］,10時45分,牡2,https://www.jra.go.jp/JRADB/accessS.html?CNAME=pw01sde1004202603030320260829%2F95,芝,1:37.3,良,中舘 英二,小雨,馬齢,,
462(+2),55.0,3  3,新潟,PASS_HTML,1600,8,pw01dud102024103035/11,サウンドシェリー,10,松山 弘平,37.9,１ 1/4,03,03,1,2歳,未勝利,2026-08-29,pw01sde1004202603030320260829,2歳未勝利,03,（混合）［指定］,10時45分,牝2,https://www.jra.go.jp/JRADB/accessS.html?CNAME=pw01sde1004202603030320260829%2F95,芝,1:37.5,良,鈴木 孝志,小雨,馬齢,,
460(-2),55.0,10  10,新潟,PASS_HTML,1600,9,pw01dud102024100134/02,ルクスマグナ,3,岩田 康誠,36.9,３,03,03,8,2歳,未勝利,2026-08-29,pw01sde1004202603030320260829,2歳未勝利,03,（混合）［指定］,10時45分,牡2,https://www.jra.go.jp/JRADB/accessS.html?CNAME=pw01sde1004202603030320260829%2F95,芝,1:38.0,良,高柳 瑞樹,小雨,馬齢,,
472(+2),55.0,7  8,新潟,PASS_HTML,1600,10,pw01dud102024104453/FE,レーゲンシャウアー,7,柴田 大知,38.9,７,03,03,11,2歳,未勝利,2026-08-29,pw01sde1004202603030320260829,2歳未勝利,03,（混合）［指定］,10時45分,牝2,https://www.jra.go.jp/JRADB/accessS.html?CNAME=pw01sde1004202603030320260829%2F95,芝,1:39.2,良,天間 昭一,小雨,馬齢,,
432(+8),51.0,,新潟,PASS_HTML,1600,中止,pw01dud102024105177/46,マムダッドベル,1,★谷原 柚希,,,03,03,9,2歳,未勝利,2026-08-29,pw01sde1004202603030320260829,2歳未勝利,03,（混合）［指定］,10時45分,牝2,https://www.jra.go.jp/JRADB/accessS.html?CNAME=pw01sde1004202603030320260829%2F95,芝,,良,粕谷 昌央,小雨,馬齢,,
440(初出走),55.0,4  3,新潟,PASS_HTML,1400,1,pw01dud102024106743/5F,エクラドリオン,4,C.ルメール,35.4,,03,03,1,2歳,新馬,2026-08-29,pw01sde1004202603030420260829,メイクデビュー新潟,04,（混合）［指定］,11時15分,牡2,https://www.jra.go.jp/JRADB/accessS.html?CNAME=pw01sde1004202603030420260829%2F4A,芝,1:23.1,良,中舘 英二,小雨,馬齢,,
422(初出走),55.0,1  1,新潟,PASS_HTML,1400,2,pw01dud102024100834/59,ジェイエルキール,2,江田 照男,36.4,２ 1/2,03,03,12,2歳,新馬,2026-08-29,pw01sde1004202603030420260829,メイクデビュー新潟,04,（混合）［指定］,11時15分,牝2,https://www.jra.go.jp/JRADB/accessS.html?CNAME=pw01sde1004202603030420260829%2F4A,芝,1:23.5,良,菊川 正達,小雨,馬齢,,
444(初出走),55.0,2  3,新潟,PASS_HTML,1400,3,pw01dud102024110006/55,レッドアバンドーネ,10,津村 明秀,36.3,１ 1/4,03,03,3,2歳,新馬,2026-08-29,pw01sde1004202603030420260829,メイクデビュー新潟,04,（混合）［指定］,11時15分,牡2,https://www.jra.go.jp/JRADB/accessS.html?CNAME=pw01sde1004202603030420260829%2F4A,芝,1:23.7,良,上原 佑紀,小雨,馬齢,,
454(初出走),55.0,7  7,新潟,PASS_HTML,1400,4,pw01dud102024104480/D5,ショウナンワンパク,18,丸山 元気,35.8,１,03,03,6,2歳,新馬,2026-08-29,pw01sde1004202603030420260829,メイクデビュー新潟,04,（混合）［指定］,11時15分,牡2,https://www.jra.go.jp/JRADB/accessS.html?CNAME=pw01sde1004202603030420260829%2F4A,芝,1:23.9,良,古賀 大生,小雨,馬齢,,
426(初出走),53.0,7  7,新潟,PASS_HTML,1400,5,pw01dud102024100017/0A,セレスティナ,12,◇今村 聖奈,35.8,ハナ,03,03,2,2歳,新馬,2026-08-29,pw01sde1004202603030420260829,メイクデビュー新潟,04,（混合）［指定］,11時15分,牝2,https://www.jra.go.jp/JRADB/accessS.html?CNAME=pw01sde1004202603030420260829%2F4A,芝,1:23.9,良,高柳 瑞樹,小雨,馬齢,,
410(初出走),55.0,10  10,新潟,PASS_HTML,1400,6,pw01dud102024105539/B0,イントリー,13,武藤 雅,35.6,アタマ,03,03,5,2歳,新馬,2026-08-29,pw01sde1004202603030420260829,メイクデビュー新潟,04,（混合）［指定］,11時15分,牝2,https://www.jra.go.jp/JRADB/accessS.html?CNAME=pw01sde1004202603030420260829%2F4A,芝,1:23.9,良,尾形 和幸,小雨,馬齢,,
432(初出走),55.0,11  10,新潟,PASS_HTML,1400,7,pw01dud102024104300/24,ホワイトホール,16,嶋田 純次,36.3,５,03,03,10,2歳,新馬,2026-08-29,pw01sde1004202603030420260829,メイクデビュー新潟,04,（混合）［指定］,11時15分,牝2,https://www.jra.go.jp/JRADB/accessS.html?CNAME=pw01sde1004202603030420260829%2F4A,芝,1:24.7,良,清水 英克,小雨,馬齢,,
434(初出走),55.0,6  6,新潟,PASS_HTML,1400,8,pw01dud102024102094/0F,イデアモッコス,14,野中 悠太郎,36.8,ハナ,03,03,15,2歳,新馬,2026-08-29,pw01sde1004202603030420260829,メイクデビュー新潟,04,（混合）［指定］,11時15分,牡2,https://www.jra.go.jp/JRADB/accessS.html?CNAME=pw01sde1004202603030420260829%2F4A,芝,1:24.7,良,的場 均,小雨,馬齢,,
490(初出走),52.0,7  7,新潟,PASS_HTML,1400,9,pw01dud102024107330/21,アヴァンデセール,11,▲佐藤 翔馬,36.6,クビ,03,03,9,2歳,新馬,2026-08-29,pw01sde1004202603030420260829,メイクデビュー新潟,04,（混合）［指定］,11時15分,牝2,https://www.jra.go.jp/JRADB/accessS.html?CNAME=pw01sde1004202603030420260829%2F4A,芝,1:24.7,良,田中 剛,小雨,馬齢,,
426(初出走),55.0,12  12,新潟,PASS_HTML,1400,10,pw01dud102024105018/28,ポケットブック,1,小崎 綾也,36.2,ハナ,03,03,16,2歳,新馬,2026-08-29,pw01sde1004202603030420260829,メイクデビュー新潟,04,（混合）［指定］,11時15分,牡2,https://www.jra.go.jp/JRADB/accessS.html?CNAME=pw01sde1004202603030420260829%2F4A,芝,1:24.7,良,池上 昌和,小雨,馬齢,,
454(初出走),55.0,13  13,新潟,PASS_HTML,1400,11,pw01dud102024100293/20,クラウンロムパイア,3,木幡 育也,35.9,２ 1/2,03,03,18,2歳,新馬,2026-08-29,pw01sde1004202603030420260829,メイクデビュー新潟,04,（混合）［指定］,11時15分,牡2,https://www.jra.go.jp/JRADB/accessS.html?CNAME=pw01sde1004202603030420260829%2F4A,芝,1:25.1,良,松永 康利,小雨,馬齢,,
458(初出走),55.0,14  14,新潟,PASS_HTML,1400,12,pw01dud102024105422/4A,ニシノムホウモノ,9,M.ミシェル,35.4,アタマ,03,03,7,2歳,新馬,2026-08-29,pw01sde1004202603030420260829,メイクデビュー新潟,04,（混合）［指定］,11時15分,牡2,https://www.jra.go.jp/JRADB/accessS.html?CNAME=pw01sde1004202603030420260829%2F4A,芝,1:25.1,良,村田 一誠,小雨,馬齢,,
452(初出走),55.0,17  17,新潟,PASS_HTML,1400,13,pw01dud102024105478/4C,ヨツバ,6,杉原 誠人,35.7,２,03,03,13,2歳,新馬,2026-08-29,pw01sde1004202603030420260829,メイクデビュー新潟,04,（混合）［指定］,11時15分,牡2,https://www.jra.go.jp/JRADB/accessS.html?CNAME=pw01sde1004202603030420260829%2F4A,芝,1:25.5,良,本間 忍,小雨,馬齢,,
442(初出走),55.0,4  3,新潟,PASS_HTML,1400,14,pw01dud102024102161/B7,コメットサン,15,松山 弘平,38.0,１ 1/4,03,03,4,2歳,新馬,2026-08-29,pw01sde1004202603030420260829,メイクデビュー新潟,04,（混合）［指定］,11時15分,牝2,https://www.jra.go.jp/JRADB/accessS.html?CNAME=pw01sde1004202603030420260829%2F4A,芝,1:25.7,良,西園 翔太,小雨,馬齢,,
502(初出走),55.0,2  2,新潟,PASS_HTML,1400,15,pw01dud102024104800/19,タワーウマザンマイ,7,原 優介,38.3,クビ,03,03,8,2歳,新馬,2026-08-29,pw01sde1004202603030420260829,メイクデビュー新潟,04,（混合）［指定］,11時15分,牡2,https://www.jra.go.jp/JRADB/accessS.html?CNAME=pw01sde1004202603030420260829%2F4A,芝,1:25.7,良,青木 孝文,小雨,馬齢,,
434(初出走),55.0,14  15,新潟,PASS_HTML,1400,16,pw01dud102024103008/3A,チョトツモウシン,8,菅原 隆一,36.2,１／２,03,03,14,2歳,新馬,2026-08-29,pw01sde1004202603030420260829,メイクデビュー新潟,04,（混合）［指定］,11時15分,牡2,https://www.jra.go.jp/JRADB/accessS.html?CNAME=pw01sde1004202603030420260829%2F4A,芝,1:25.8,良,小手川 準,小雨,馬齢,,
428(初出走),55.0,14  15,新潟,PASS_HTML,1400,17,pw01dud102024104659/12,モチロンコクラ,17,小林 凌大,36.7,３ 1/2,03,03,17,2歳,新馬,2026-08-29,pw01sde1004202603030420260829,メイクデビュー新潟,04,（混合）［指定］,11時15分,牝2,https://www.jra.go.jp/JRADB/accessS.html?CNAME=pw01sde1004202603030420260829%2F4A,芝,1:26.4,良,伊藤 伸一,小雨,馬齢,,
442(初出走),55.0,18  18,新潟,PASS_HTML,1400,18,pw01dud102024101299/C1,ショウナンバッカス,5,岩田 康誠,36.0,２ 1/2,03,03,11,2歳,新馬,2026-08-29,pw01sde1004202603030420260829,メイクデビュー新潟,04,（混合）［指定］,11時15分,牡2,https://www.jra.go.jp/JRADB/accessS.html?CNAME=pw01sde1004202603030420260829%2F4A,芝,1:26.8,良,栗田 徹,小雨,馬齢,,
478(0),57.0,2  2  2  2,新潟,PASS_HTML,2200,1,pw01dud102023103075/C5,ヤマメホープ,7,戸崎 圭太,36.1,,03,03,1,3歳,未勝利,2026-08-29,pw01sde1004202603030520260829,3歳未勝利,05,（混合）［指定］,11時45分,牡3,https://www.jra.go.jp/JRADB/accessS.html?CNAME=pw01sde1004202603030520260829%2FFF,芝,2:16.3,稍重,久保田 貴士,小雨,馬齢,,
468(-4),57.0,10  10  7  7,新潟,PASS_HTML,2200,2,pw01dud102023102333/43,ゴールドエンバー,13,大野 拓弥,35.6,１／２,03,03,8,3歳,未勝利,2026-08-29,pw01sde1004202603030520260829,3歳未勝利,05,（混合）［指定］,11時45分,牡3,https://www.jra.go.jp/JRADB/accessS.html?CNAME=pw01sde1004202603030520260829%2FFF,芝,2:16.4,稍重,竹内 正洋,小雨,馬齢,,
502(0),57.0,3  3  3  3,新潟,PASS_HTML,2200,3,pw01dud102023107195/D2,ゾネブルーム,9,丸山 元気,36.1,アタマ,03,03,2,3歳,未勝利,2026-08-29,pw01sde1004202603030520260829,3歳未勝利,05,（混合）［指定］,11時45分,牡3,https://www.jra.go.jp/JRADB/accessS.html?CNAME=pw01sde1004202603030520260829%2FFF,芝,2:16.4,稍重,矢嶋 大樹,小雨,馬齢,,
448(-2),54.0,13  13  11  11,新潟,PASS_HTML,2200,4,pw01dud102023102410/FB,ブリックアブラック,4,▲佐藤 翔馬,35.5,クビ,03,03,10,3歳,未勝利,2026-08-29,pw01sde1004202603030520260829,3歳未勝利,05,（混合）［指定］,11時45分,牡3,https://www.jra.go.jp/JRADB/accessS.html?CNAME=pw01sde1004202603030520260829%2FFF,芝,2:16.5,稍重,高木 登,小雨,馬齢,,
402(0),53.0,6  6  6  5,新潟,PASS_HTML,2200,5,pw01dud102023107044/DE,アンヴデット,15,△石神 深道,36.0,アタマ,03,03,7,3歳,未勝利,2026-08-29,pw01sde1004202603030520260829,3歳未勝利,05,（混合）［指定］,11時45分,牝3,https://www.jra.go.jp/JRADB/accessS.html?CNAME=pw01sde1004202603030520260829%2FFF,芝,2:16.5,稍重,高橋 文雅,小雨,馬齢,,
500(-20),57.0,3  3  4  3,新潟,PASS_HTML,2200,6,pw01dud102023105458/A0,イクオクコウネン,2,C.ルメール,36.4,１ 3/4,03,03,3,3歳,未勝利,2026-08-29,pw01sde1004202603030520260829,3歳未勝利,05,（混合）［指定］,11時45分,せん3,https://www.jra.go.jp/JRADB/accessS.html?CNAME=pw01sde1004202603030520260829%2FFF,芝,2:16.8,稍重,斉藤 崇史,小雨,馬齢,,
400(+2),55.0,7  7  7  7,新潟,PASS_HTML,2200,7,pw01dud102023106811/EE,アルティマローネ,10,武藤 雅,36.3,１ 1/4,03,03,9,3歳,未勝利,2026-08-29,pw01sde1004202603030520260829,3歳未勝利,05,（混合）［指定］,11時45分,牝3,https://www.jra.go.jp/JRADB/accessS.html?CNAME=pw01sde1004202603030520260829%2FFF,芝,2:17.0,稍重,武市 康男,小雨,馬齢,,
482(-6),57.0,7  7  7  7,新潟,PASS_HTML,2200,8,pw01dud102023104811/10,ピクシーゲイル,5,木幡 育也,36.3,ハナ,03,03,17,3歳,未勝利,2026-08-29,pw01sde1004202603030520260829,3歳未勝利,05,（混合）［指定］,11時45分,牡3,https://www.jra.go.jp/JRADB/accessS.html?CNAME=pw01sde1004202603030520260829%2FFF,芝,2:17.0,稍重,松永 康利,小雨,馬齢,,
426(+8),53.0,12  11  11  11,新潟,PASS_HTML,2200,9,pw01dud102023103321/3C,キコリータ,11,◇今村 聖奈,36.0,クビ,03,03,5,3歳,未勝利,2026-08-29,pw01sde1004202603030520260829,3歳未勝利,05,（混合）［指定］,11時45分,牝3,https://www.jra.go.jp/JRADB/accessS.html?CNAME=pw01sde1004202603030520260829%2FFF,芝,2:17.0,稍重,田中 勝春,小雨,馬齢,,
440(-2),57.0,7  7  7  7,新潟,PASS_HTML,2200,10,pw01dud102023103506/BD,レイランディ,3,川須 栄彦,36.4,１／２,03,03,11,3歳,未勝利,2026-08-29,pw01sde1004202603030520260829,3歳未勝利,05,（混合）［指定］,11時45分,牡3,https://www.jra.go.jp/JRADB/accessS.html?CNAME=pw01sde1004202603030520260829%2FFF,芝,2:17.1,稍重,古賀 慎明,小雨,馬齢,,
464(0),55.0,13  13  14  14,新潟,PASS_HTML,2200,11,pw01dud102023102640/8D,オレンジフィールド,18,松山 弘平,36.4,２ 1/2,03,03,4,3歳,未勝利,2026-08-29,pw01sde1004202603030520260829,3歳未勝利,05,（混合）［指定］,11時45分,牝3,https://www.jra.go.jp/JRADB/accessS.html?CNAME=pw01sde1004202603030520260829%2FFF,芝,2:17.5,稍重,北出 成人,小雨,馬齢,,
458(-14),53.0,16  16  17  17,新潟,PASS_HTML,2200,12,pw01dud102023100727/E5,ルミナスレイナ,16,△石田 拓郎,36.1,１ 1/4,03,03,14,3歳,未勝利,2026-08-29,pw01sde1004202603030520260829,3歳未勝利,05,（混合）［指定］,11時45分,牝3,https://www.jra.go.jp/JRADB/accessS.html?CNAME=pw01sde1004202603030520260829%2FFF,芝,2:17.7,稍重,菊沢 隆徳,小雨,馬齢,,
474(-2),57.0,1  1  1  1,新潟,PASS_HTML,2200,13,pw01dud102023104559/55,ローレルエース,1,江田 照男,37.7,アタマ,03,03,13,3歳,未勝利,2026-08-29,pw01sde1004202603030520260829,3歳未勝利,05,（混合）［指定］,11時45分,牡3,https://www.jra.go.jp/JRADB/accessS.html?CNAME=pw01sde1004202603030520260829%2FFF,芝,2:17.7,稍重,松永 康利,小雨,馬齢,,
456(+2),57.0,10  11  11  11,新潟,PASS_HTML,2200,14,pw01dud102023101391/CE,ピグマリオン,8,嶋田 純次,36.8,１／２,03,03,15,3歳,未勝利,2026-08-29,pw01sde1004202603030520260829,3歳未勝利,05,（混合）［指定］,11時45分,牡3,https://www.jra.go.jp/JRADB/accessS.html?CNAME=pw01sde1004202603030520260829%2FFF,芝,2:17.8,稍重,室井 潔,小雨,馬齢,,
450(0),55.0,16  16  15  15,新潟,PASS_HTML,2200,15,pw01dud102023106315/C5,ホウライブラック,17,野中 悠太郎,36.6,１／２,03,03,16,3歳,未勝利,2026-08-29,pw01sde1004202603030520260829,3歳未勝利,05,（混合）［指定］,11時45分,牝3,https://www.jra.go.jp/JRADB/accessS.html?CNAME=pw01sde1004202603030520260829%2FFF,芝,2:17.9,稍重,鈴木 慎太郎,小雨,馬齢,,
440(+10),57.0,5  5  4  5,新潟,PASS_HTML,2200,16,pw01dud102023106182/7A,サヴマ,6,菊沢 一樹,38.0,３,03,03,6,3歳,未勝利,2026-08-29,pw01sde1004202603030520260829,3歳未勝利,05,（混合）［指定］,11時45分,牡3,https://www.jra.go.jp/JRADB/accessS.html?CNAME=pw01sde1004202603030520260829%2FFF,芝,2:18.4,稍重,辻 哲英,小雨,馬齢,,
438(-4),57.0,13  13  15  15,新潟,PASS_HTML,2200,17,pw01dud102023102411/6E,アージェンタイド,12,小崎 綾也,38.6,９,03,03,18,3歳,未勝利,2026-08-29,pw01sde1004202603030520260829,3歳未勝利,05,（混合）［指定］,11時45分,牡3,https://www.jra.go.jp/JRADB/accessS.html?CNAME=pw01sde1004202603030520260829%2FFF,芝,2:19.9,稍重,秋本 大介,小雨,馬齢,,
456(-8),55.0,18  18  18  18,新潟,PASS_HTML,2200,18,pw01dud102023105641/CD,アティラン,14,原 優介,38.6,３,03,03,12,3歳,未勝利,2026-08-29,pw01sde1004202603030520260829,3歳未勝利,05,（混合）［指定］,11時45分,牝3,https://www.jra.go.jp/JRADB/accessS.html?CNAME=pw01sde1004202603030520260829%2FFF,芝,2:20.4,稍重,寺島 良,小雨,馬齢,,
468(-2),55.0,1  1  1  2,新潟,QUARANTINED_HTML:track_condition,1800,1,pw01dud102023103013/7F,ルーナディサングエ,3,菅原 隆一,37.4,,03,03,1,3歳以上,1勝クラス,2026-08-29,pw01sde1004202603030620260829,新発田城特別,06,（混合）［指定］,14時35分,牡3,https://www.jra.go.jp/JRADB/accessS.html?CNAME=pw01sde1004202603030620260829%2FB4,ダート,1:52.7,,天間 昭一,小雨,定量,,
496(-2),58.0,2  2  2  1,新潟,QUARANTINED_HTML:track_condition,1800,2,pw01dud102022100348/28,ヨドノタイヨウ,4,松山 弘平,37.7,１ 3/4,03,03,5,3歳以上,1勝クラス,2026-08-29,pw01sde1004202603030620260829,新発田城特別,06,（混合）［指定］,14時35分,牡4,https://www.jra.go.jp/JRADB/accessS.html?CNAME=pw01sde1004202603030620260829%2FB4,ダート,1:53.0,,室井 潔,小雨,定量,,
510(+2),58.0,3  3  2  2,新潟,QUARANTINED_HTML:track_condition,1800,3,pw01dud102022105773/88,リアライズオーラム,10,石橋 脩,37.9,１ 3/4,03,03,4,3歳以上,1勝クラス,2026-08-29,pw01sde1004202603030620260829,新発田城特別,06,（混合）［指定］,14時35分,せん4,https://www.jra.go.jp/JRADB/accessS.html?CNAME=pw01sde1004202603030620260829%2FB4,ダート,1:53.3,,上原 佑紀,小雨,定量,,
456(-4),58.0,13  13  8  7,新潟,QUARANTINED_HTML:track_condition,1800,4,pw01dud102022105863/A9,ルシャルムール,6,原 優介,37.6,２,03,03,2,3歳以上,1勝クラス,2026-08-29,pw01sde1004202603030620260829,新発田城特別,06,（混合）［指定］,14時35分,せん4,https://www.jra.go.jp/JRADB/accessS.html?CNAME=pw01sde1004202603030620260829%2FB4,ダート,1:53.6,,古賀 大生,小雨,定量,,
548(+24),58.0,6  5  4  4,新潟,QUARANTINED_HTML:track_condition,1800,5,pw01dud102022105708/57,ヴェーヌドール,11,菊沢 一樹,38.6,３,03,03,12,3歳以上,1勝クラス,2026-08-29,pw01sde1004202603030620260829,新発田城特別,06,（混合）［指定］,14時35分,牡4,https://www.jra.go.jp/JRADB/accessS.html?CNAME=pw01sde1004202603030620260829%2FB4,ダート,1:54.1,,平岩 大典,小雨,定量,,
458(-2),58.0,3  3  4  4,新潟,QUARANTINED_HTML:track_condition,1800,6,pw01dud102021102203/CA,トレベルオール,5,大野 拓弥,38.8,１,03,03,6,3歳以上,1勝クラス,2026-08-29,pw01sde1004202603030620260829,新発田城特別,06,（混合）［指定］,14時35分,牡5,https://www.jra.go.jp/JRADB/accessS.html?CNAME=pw01sde1004202603030620260829%2FB4,ダート,1:54.3,,辻 哲英,小雨,定量,,
510(+6),55.0,9  8  7  7,新潟,QUARANTINED_HTML:track_condition,1800,7,pw01dud102023104398/C0,アビヤント,8,三浦 皇成,38.6,１／２,03,03,3,3歳以上,1勝クラス,2026-08-29,pw01sde1004202603030620260829,新発田城特別,06,（混合）［指定］,14時35分,牡3,https://www.jra.go.jp/JRADB/accessS.html?CNAME=pw01sde1004202603030620260829%2FB4,ダート,1:54.4,,鹿戸 雄一,小雨,定量,,
504(+10),58.0,11  12  14  14,新潟,QUARANTINED_HTML:track_condition,1800,8,pw01dud102022100390/E0,アバレリュウ,7,野中 悠太郎,38.1,３,03,03,9,3歳以上,1勝クラス,2026-08-29,pw01sde1004202603030620260829,新発田城特別,06,（混合）［指定］,14時35分,牡4,https://www.jra.go.jp/JRADB/accessS.html?CNAME=pw01sde1004202603030620260829%2FB4,ダート,1:54.9,,鈴木 慎太郎,小雨,定量,,
468(-2),58.0,11  10  11  11,新潟,QUARANTINED_HTML:track_condition,1800,9,pw01dud102022104786/02,サトノラポール,15,津村 明秀,39.1,２ 1/2,03,03,7,3歳以上,1勝クラス,2026-08-29,pw01sde1004202603030620260829,新発田城特別,06,（混合）［指定］,14時35分,せん4,https://www.jra.go.jp/JRADB/accessS.html?CNAME=pw01sde1004202603030620260829%2FB4,ダート,1:55.3,,鹿戸 雄一,小雨,定量,,
524(-2),58.0,6  8  10  9,新潟,QUARANTINED_HTML:track_condition,1800,10,pw01dud102022100162/34,ゴットランド,9,岩田 康誠,39.4,１ 1/2,03,03,13,3歳以上,1勝クラス,2026-08-29,pw01sde1004202603030620260829,新発田城特別,06,（混合）［指定］,14時35分,牡4,https://www.jra.go.jp/JRADB/accessS.html?CNAME=pw01sde1004202603030620260829%2FB4,ダート,1:55.5,,斎藤 誠,小雨,定量,,
470(-4),58.0,15  15  15  15,新潟,QUARANTINED_HTML:track_condition,1800,11,pw01dud102022105362/41,マルカベント,13,小林 脩斗,38.6,１／２,03,03,14,3歳以上,1勝クラス,2026-08-29,pw01sde1004202603030620260829,新発田城特別,06,（混合）［指定］,14時35分,牡4,https://www.jra.go.jp/JRADB/accessS.html?CNAME=pw01sde1004202603030620260829%2FB4,ダート,1:55.6,,浅利 英明,小雨,定量,,
438(-2),58.0,13  13  12  12,新潟,QUARANTINED_HTML:track_condition,1800,12,pw01dud102022106785/6D,コスモシェルベット,2,武藤 雅,39.1,クビ,03,03,11,3歳以上,1勝クラス,2026-08-29,pw01sde1004202603030620260829,新発田城特別,06,（混合）［指定］,14時35分,牡4,https://www.jra.go.jp/JRADB/accessS.html?CNAME=pw01sde1004202603030620260829%2FB4,ダート,1:55.7,,水野 貴広,小雨,定量,,
462(+4),55.0,6  5  4  6,新潟,QUARANTINED_HTML:track_condition,1800,13,pw01dud102023103519/26,サウジバラード,12,丸山 元気,40.4,１ 3/4,03,03,10,3歳以上,1勝クラス,2026-08-29,pw01sde1004202603030620260829,新発田城特別,06,（混合）［指定］,14時35分,牡3,https://www.jra.go.jp/JRADB/accessS.html?CNAME=pw01sde1004202603030620260829%2FB4,ダート,1:56.0,,加藤 征弘,小雨,定量,,
498(+5),58.0,5  5  8  9,新潟,QUARANTINED_HTML:track_condition,1800,14,pw01dud102022100816/07,ジンガー,14,柴田 大知,40.9,５,03,03,15,3歳以上,1勝クラス,2026-08-29,pw01sde1004202603030620260829,新発田城特別,06,（混合）［指定］,14時35分,牡4,https://www.jra.go.jp/JRADB/accessS.html?CNAME=pw01sde1004202603030620260829%2FB4,ダート,1:56.8,,粕谷 昌央,小雨,定量,,
486(+2),55.0,9  10  12  13,新潟,QUARANTINED_HTML:track_condition,1800,15,pw01dud102023103016/D8,ボールドタワー,1,M.ミシェル,40.5,１ 3/4,03,03,8,3歳以上,1勝クラス,2026-08-29,pw01sde1004202603030620260829,新発田城特別,06,（混合）［指定］,14時35分,牡3,https://www.jra.go.jp/JRADB/accessS.html?CNAME=pw01sde1004202603030620260829%2FB4,ダート,1:57.1,,鈴木 慎太郎,小雨,定量,,
472(0),55.0,4  4,新潟,PASS_HTML,2000,1,pw01dud102022105002/4E,ボウウィンドウ,2,C.ルメール,34.3,,03,03,1,3歳以上,2勝クラス,2026-08-29,pw01sde1004202603030720260829,赤倉特別,07,（混合）［指定］,15時10分,牝4,https://www.jra.go.jp/JRADB/accessS.html?CNAME=pw01sde1004202603030720260829%2F69,芝,1:58.6,稍重,武井 亮,曇,ハンデ,,
462(-6),55.0,1  1,新潟,PASS_HTML,2000,2,pw01dud102022106626/4F,ロールザダイス,5,M.ミシェル,34.6,１／２,03,03,8,3歳以上,2勝クラス,2026-08-29,pw01sde1004202603030720260829,赤倉特別,07,（混合）［指定］,15時10分,せん4,https://www.jra.go.jp/JRADB/accessS.html?CNAME=pw01sde1004202603030720260829%2F69,芝,1:58.7,稍重,池江 泰寿,曇,ハンデ,,
430(-6),55.0,11  11,新潟,PASS_HTML,2000,3,pw01dud102021105244/4A,スピンザブラッド,15,松山 弘平,33.8,１ 3/4,03,03,11,3歳以上,2勝クラス,2026-08-29,pw01sde1004202603030720260829,赤倉特別,07,（混合）［指定］,15時10分,牡5,https://www.jra.go.jp/JRADB/accessS.html?CNAME=pw01sde1004202603030720260829%2F69,芝,1:59.0,稍重,平岩 大典,曇,ハンデ,,
470(0),55.0,10  10,新潟,PASS_HTML,2000,4,pw01dud102022100274/5B,マイネルアズーロ,12,津村 明秀,34.4,２ 1/2,03,03,4,3歳以上,2勝クラス,2026-08-29,pw01sde1004202603030720260829,赤倉特別,07,（混合）［指定］,15時10分,牡4,https://www.jra.go.jp/JRADB/accessS.html?CNAME=pw01sde1004202603030720260829%2F69,芝,1:59.4,稍重,鹿戸 雄一,曇,ハンデ,,
472(+14),56.0,5  5,新潟,PASS_HTML,2000,5,pw01dud102022101175/8C,ピエナフェーヴル,16,田辺 裕信,35.0,１ 1/4,03,03,2,3歳以上,2勝クラス,2026-08-29,pw01sde1004202603030720260829,赤倉特別,07,（混合）［指定］,15時10分,牡4,https://www.jra.go.jp/JRADB/accessS.html?CNAME=pw01sde1004202603030720260829%2F69,芝,1:59.6,稍重,萱野 浩二,曇,ハンデ,,
456(-2),56.0,2  2,新潟,PASS_HTML,2000,6,pw01dud102022106817/14,マイネルアレス,17,菊沢 一樹,35.3,クビ,03,03,5,3歳以上,2勝クラス,2026-08-29,pw01sde1004202603030720260829,赤倉特別,07,（混合）［指定］,15時10分,牡4,https://www.jra.go.jp/JRADB/accessS.html?CNAME=pw01sde1004202603030720260829%2F69,芝,1:59.6,稍重,相沢 郁,曇,ハンデ,,
500(+2),55.0,7  7,新潟,PASS_HTML,2000,7,pw01dud102022103278/F4,ホウオウタイタン,8,丸山 元気,35.1,１ 3/4,03,03,3,3歳以上,2勝クラス,2026-08-29,pw01sde1004202603030720260829,赤倉特別,07,（混合）［指定］,15時10分,牝4,https://www.jra.go.jp/JRADB/accessS.html?CNAME=pw01sde1004202603030720260829%2F69,芝,1:59.9,稍重,須貝 尚介,曇,ハンデ,,
486(-4),54.0,5  5,新潟,PASS_HTML,2000,8,pw01dud102022100381/43,オリバナム,6,戸崎 圭太,35.4,１／２,03,03,9,3歳以上,2勝クラス,2026-08-29,pw01sde1004202603030720260829,赤倉特別,07,（混合）［指定］,15時10分,牝4,https://www.jra.go.jp/JRADB/accessS.html?CNAME=pw01sde1004202603030720260829%2F69,芝,2:00.0,稍重,斉藤 崇史,曇,ハンデ,,
444(+2),55.0,7  7,新潟,PASS_HTML,2000,9,pw01dud102021105647/67,ペッレグリーニ,10,内田 博幸,35.2,アタマ,03,03,10,3歳以上,2勝クラス,2026-08-29,pw01sde1004202603030720260829,赤倉特別,07,（混合）［指定］,15時10分,せん5,https://www.jra.go.jp/JRADB/accessS.html?CNAME=pw01sde1004202603030720260829%2F69,芝,2:00.0,稍重,手塚 貴久,曇,ハンデ,,
480(+10),55.0,7  7,新潟,PASS_HTML,2000,10,pw01dud102021102106/F2,ツルマウカタチ,4,嶋田 純次,35.4,アタマ,03,03,6,3歳以上,2勝クラス,2026-08-29,pw01sde1004202603030720260829,赤倉特別,07,（混合）［指定］,15時10分,牡5,https://www.jra.go.jp/JRADB/accessS.html?CNAME=pw01sde1004202603030720260829%2F69,芝,2:00.0,稍重,手塚 貴久,曇,ハンデ,,
470(+4),52.0,14  13,新潟,PASS_HTML,2000,11,pw01dud102021103878/8E,ジャンビ,7,木幡 育也,34.6,クビ,03,03,14,3歳以上,2勝クラス,2026-08-29,pw01sde1004202603030720260829,赤倉特別,07,（混合）［指定］,15時10分,牝5,https://www.jra.go.jp/JRADB/accessS.html?CNAME=pw01sde1004202603030720260829%2F69,芝,2:00.1,稍重,勢司 和浩,曇,ハンデ,,
474(+6),53.0,12  11,新潟,PASS_HTML,2000,12,pw01dud102022100439/BC,ハギノコラソン,1,小崎 綾也,34.7,ハナ,03,03,13,3歳以上,2勝クラス,2026-08-29,pw01sde1004202603030720260829,赤倉特別,07,（混合）［指定］,15時10分,牝4,https://www.jra.go.jp/JRADB/accessS.html?CNAME=pw01sde1004202603030720260829%2F69,芝,2:00.1,稍重,寺島 良,曇,ハンデ,,
518(+8),52.0,16  16,新潟,PASS_HTML,2000,13,pw01dud102021100469/60,カフェアローロ,14,石神 深道,34.4,１／２,03,03,16,3歳以上,2勝クラス,2026-08-29,pw01sde1004202603030720260829,赤倉特別,07,（混合）［指定］,15時10分,牝5,https://www.jra.go.jp/JRADB/accessS.html?CNAME=pw01sde1004202603030720260829%2F69,芝,2:00.2,稍重,古賀 慎明,曇,ハンデ,,
482(-2),55.0,17  17,新潟,PASS_HTML,2000,14,pw01dud102020103048/4A,ティムール,11,原 優介,34.3,クビ,03,03,12,3歳以上,2勝クラス,2026-08-29,pw01sde1004202603030720260829,赤倉特別,07,（混合）［指定］,15時10分,牡6,https://www.jra.go.jp/JRADB/accessS.html?CNAME=pw01sde1004202603030720260829%2F69,芝,2:00.2,稍重,中竹 和也,曇,ハンデ,,
470(+2),55.0,13  13,新潟,PASS_HTML,2000,15,pw01dud102018106354/E3,バガン,9,岩田 康誠,35.1,２ 1/2,03,03,15,3歳以上,2勝クラス,2026-08-29,pw01sde1004202603030720260829,赤倉特別,07,（混合）［指定］,15時10分,牡8,https://www.jra.go.jp/JRADB/accessS.html?CNAME=pw01sde1004202603030720260829%2F69,芝,2:00.6,稍重,宮地 貴稔,曇,ハンデ,,
532(+8),53.0,2  2,新潟,PASS_HTML,2000,16,pw01dud102022105030/98,エリーナストーム,13,三浦 皇成,37.2,５,03,03,7,3歳以上,2勝クラス,2026-08-29,pw01sde1004202603030720260829,赤倉特別,07,（混合）［指定］,15時10分,牝4,https://www.jra.go.jp/JRADB/accessS.html?CNAME=pw01sde1004202603030720260829%2F69,芝,2:01.4,稍重,鹿戸 雄一,曇,ハンデ,,
426(-6),53.0,15  15,新潟,PASS_HTML,2000,17,pw01dud102019104531/7A,バンフィエルド,3,柴田 大知,35.8,１／２,03,03,17,3歳以上,2勝クラス,2026-08-29,pw01sde1004202603030720260829,赤倉特別,07,（混合）［指定］,15時10分,牡7,https://www.jra.go.jp/JRADB/accessS.html?CNAME=pw01sde1004202603030720260829%2F69,芝,2:01.5,稍重,粕谷 昌央,曇,ハンデ,,
490(-6),57.0,1  1  1  1,新潟,QUARANTINED_HTML:track_condition,1800,1,pw01dud102022100154/0A,メイショウズイウン,7,石橋 脩,38.3,,03,03,4,3歳以上,オープン,2026-08-29,pw01sde1004202603030820260829,BSN賞,08,（国際）（特指）,15時45分,牡4,https://www.jra.go.jp/JRADB/accessS.html?CNAME=pw01sde1004202603030820260829%2F1E,ダート,1:52.0,,本田 優,曇,別定,,
522(+2),57.0,3  3  5  5,新潟,QUARANTINED_HTML:track_condition,1800,2,pw01dud102022106553/F5,タガノバビロン,3,松山 弘平,37.9,１／２,03,03,1,3歳以上,オープン,2026-08-29,pw01sde1004202603030820260829,BSN賞,08,（国際）（特指）,15時45分,牡4,https://www.jra.go.jp/JRADB/accessS.html?CNAME=pw01sde1004202603030820260829%2F1E,ダート,1:52.1,,西園 翔太,曇,別定,,
500(-6),57.0,2  2  3  4,新潟,QUARANTINED_HTML:track_condition,1800,3,pw01dud102022105979/9C,ピカピカサンダー,1,三浦 皇成,38.3,１,03,03,3,3歳以上,オープン,2026-08-29,pw01sde1004202603030820260829,BSN賞,08,（国際）（特指）,15時45分,牡4,https://www.jra.go.jp/JRADB/accessS.html?CNAME=pw01sde1004202603030820260829%2F1E,ダート,1:52.3,,鹿戸 雄一,曇,別定,,
508(+6),59.0,10  10  9  9,新潟,QUARANTINED_HTML:track_condition,1800,4,pw01dud102021101259/DD,カズタンジャー,6,C.ルメール,37.6,アタマ,03,03,2,3歳以上,オープン,2026-08-29,pw01sde1004202603030820260829,BSN賞,08,（国際）（特指）,15時45分,牡5,https://www.jra.go.jp/JRADB/accessS.html?CNAME=pw01sde1004202603030820260829%2F1E,ダート,1:52.3,,新谷 功一,曇,別定,,
510(+2),57.0,8  7  2  2,新潟,QUARANTINED_HTML:track_condition,1800,5,pw01dud102021100561/F9,ハビレ,10,岩田 康誠,38.6,１／２,03,03,6,3歳以上,オープン,2026-08-29,pw01sde1004202603030820260829,BSN賞,08,（国際）（特指）,15時45分,牡5,https://www.jra.go.jp/JRADB/accessS.html?CNAME=pw01sde1004202603030820260829%2F1E,ダート,1:52.4,,武井 亮,曇,別定,,
554(0),55.0,11  11  11  11,新潟,QUARANTINED_HTML:track_condition,1800,6,pw01dud102021100606/09,ベルイストワール,11,杉原 誠人,37.4,クビ,03,03,8,3歳以上,オープン,2026-08-29,pw01sde1004202603030820260829,BSN賞,08,（国際）（特指）,15時45分,牝5,https://www.jra.go.jp/JRADB/accessS.html?CNAME=pw01sde1004202603030820260829%2F1E,ダート,1:52.4,,松尾 卓哉,曇,別定,,
504(+4),58.0,5  5  3  3,新潟,QUARANTINED_HTML:track_condition,1800,7,pw01dud102020103148/7B,ショウナンライシン,5,原 優介,38.6,３／４,03,03,7,3歳以上,オープン,2026-08-29,pw01sde1004202603030820260829,BSN賞,08,（国際）（特指）,15時45分,牡6,https://www.jra.go.jp/JRADB/accessS.html?CNAME=pw01sde1004202603030820260829%2F1E,ダート,1:52.6,,大竹 正博,曇,別定,,
486(+4),58.0,8  9  6  6,新潟,QUARANTINED_HTML:track_condition,1800,8,pw01dud102019103593/D1,ハセドン,9,菊沢 一樹,38.5,２,03,03,10,3歳以上,オープン,2026-08-29,pw01sde1004202603030820260829,BSN賞,08,（国際）（特指）,15時45分,牡7,https://www.jra.go.jp/JRADB/accessS.html?CNAME=pw01sde1004202603030820260829%2F1E,ダート,1:52.9,,大和田 成,曇,別定,,
504(0),57.0,5  6  6  6,新潟,QUARANTINED_HTML:track_condition,1800,9,pw01dud102019102665/C9,フタイテンロック,4,小崎 綾也,38.5,クビ,03,03,9,3歳以上,オープン,2026-08-29,pw01sde1004202603030820260829,BSN賞,08,（国際）（特指）,15時45分,牡7,https://www.jra.go.jp/JRADB/accessS.html?CNAME=pw01sde1004202603030820260829%2F1E,ダート,1:53.0,,佐藤 吉勝,曇,別定,,
452(-2),55.0,3  3  6  6,新潟,QUARANTINED_HTML:track_condition,1800,10,pw01dud102021105264/6A,アムールドパリ,2,田辺 裕信,38.7,３／４,03,03,5,3歳以上,オープン,2026-08-29,pw01sde1004202603030820260829,BSN賞,08,（国際）（特指）,15時45分,牝5,https://www.jra.go.jp/JRADB/accessS.html?CNAME=pw01sde1004202603030820260829%2F1E,ダート,1:53.1,,稲垣 幸雄,曇,別定,,
476(+12),55.0,7  7  9  9,新潟,QUARANTINED_HTML:track_condition,1800,11,pw01dud102020101024/80,ピースオブザライフ,8,武藤 雅,38.4,クビ,03,03,11,3歳以上,オープン,2026-08-29,pw01sde1004202603030820260829,BSN賞,08,（国際）（特指）,15時45分,牝6,https://www.jra.go.jp/JRADB/accessS.html?CNAME=pw01sde1004202603030820260829%2F1E,ダート,1:53.1,,野中 賢二,曇,別定,,
480(+2),55.0,1  1  1  1,新潟,PASS_HTML,2200,1,pw01dud102023103471/BD,プレイザリード,2,田辺 裕信,35.4,,03,03,1,3歳以上,1勝クラス,2026-08-29,pw01sde1004202603030920260829,3歳以上1勝クラス,09,（混合）（特指）,16時25分,牡3,https://www.jra.go.jp/JRADB/accessS.html?CNAME=pw01sde1004202603030920260829%2FD3,芝,2:13.4,稍重,加藤 士津八,曇,定量,,
462(+14),55.0,2  2  3  2,新潟,PASS_HTML,2200,2,pw01dud102023107093/BB,ゴンファロニエーレ,8,戸崎 圭太,35.7,３,03,03,3,3歳以上,1勝クラス,2026-08-29,pw01sde1004202603030920260829,3歳以上1勝クラス,09,（混合）（特指）,16時25分,牡3,https://www.jra.go.jp/JRADB/accessS.html?CNAME=pw01sde1004202603030920260829%2FD3,芝,2:13.9,稍重,田中 博康,曇,定量,,
468(+2),58.0,6  7  7  7,新潟,PASS_HTML,2200,3,pw01dud102022103308/B5,ミッドセンチュリー,7,嶋田 純次,35.3,ハナ,03,03,5,3歳以上,1勝クラス,2026-08-29,pw01sde1004202603030920260829,3歳以上1勝クラス,09,（混合）（特指）,16時25分,牡4,https://www.jra.go.jp/JRADB/accessS.html?CNAME=pw01sde1004202603030920260829%2FD3,芝,2:13.9,稍重,松山 将樹,曇,定量,,
496(+10),55.0,7  6  4  4,新潟,PASS_HTML,2200,4,pw01dud102023107013/3B,ランブルスコ,11,C.ルメール,36.4,５,03,03,2,3歳以上,1勝クラス,2026-08-29,pw01sde1004202603030920260829,3歳以上1勝クラス,09,（混合）（特指）,16時25分,牡3,https://www.jra.go.jp/JRADB/accessS.html?CNAME=pw01sde1004202603030920260829%2FD3,芝,2:14.8,稍重,蛯名 正義,曇,定量,,
442(+2),58.0,10  8  8  7,新潟,PASS_HTML,2200,5,pw01dud102021101088/38,テイキットイージー,12,武藤 雅,36.1,クビ,03,03,8,3歳以上,1勝クラス,2026-08-29,pw01sde1004202603030920260829,3歳以上1勝クラス,09,（混合）（特指）,16時25分,牡5,https://www.jra.go.jp/JRADB/accessS.html?CNAME=pw01sde1004202603030920260829%2FD3,芝,2:14.8,稍重,萱野 浩二,曇,定量,,
480(+12),53.0,4  2  4  4,新潟,PASS_HTML,2200,6,pw01dud102021101166/63,ノーマジック,5,▲水沼 元輝,36.8,２,03,03,12,3歳以上,1勝クラス,2026-08-29,pw01sde1004202603030920260829,3歳以上1勝クラス,09,（混合）（特指）,16時25分,牝5,https://www.jra.go.jp/JRADB/accessS.html?CNAME=pw01sde1004202603030920260829%2FD3,芝,2:15.2,稍重,戸田 博文,曇,定量,,
502(0),58.0,7  8  9  9,新潟,PASS_HTML,2200,7,pw01dud102019105490/25,ディーンズリスター,3,岩田 康誠,36.4,１／２,03,03,7,3歳以上,1勝クラス,2026-08-29,pw01sde1004202603030920260829,3歳以上1勝クラス,09,（混合）（特指）,16時25分,せん7,https://www.jra.go.jp/JRADB/accessS.html?CNAME=pw01sde1004202603030920260829%2FD3,芝,2:15.3,稍重,斉藤 崇史,曇,定量,,
456(-9),55.0,11  11  11  11,新潟,PASS_HTML,2200,8,pw01dud102023102336/9C,ダンシングアウェイ,1,小崎 綾也,36.0,ハナ,03,03,10,3歳以上,1勝クラス,2026-08-29,pw01sde1004202603030920260829,3歳以上1勝クラス,09,（混合）（特指）,16時25分,牡3,https://www.jra.go.jp/JRADB/accessS.html?CNAME=pw01sde1004202603030920260829%2FD3,芝,2:15.3,稍重,柄崎 将寿,曇,定量,,
472(-6),55.0,4  5  4  4,新潟,PASS_HTML,2200,9,pw01dud102023104485/88,マイネルリーヒム,13,菊沢 一樹,37.4,３,03,03,4,3歳以上,1勝クラス,2026-08-29,pw01sde1004202603030920260829,3歳以上1勝クラス,09,（混合）（特指）,16時25分,牡3,https://www.jra.go.jp/JRADB/accessS.html?CNAME=pw01sde1004202603030920260829%2FD3,芝,2:15.8,稍重,武市 康男,曇,定量,,
472(+2),58.0,9  8  9  10,新潟,PASS_HTML,2200,10,pw01dud102022101495/3F,シャインフリーリー,4,柴田 大知,37.1,１ 1/2,03,03,11,3歳以上,1勝クラス,2026-08-29,pw01sde1004202603030920260829,3歳以上1勝クラス,09,（混合）（特指）,16時25分,牡4,https://www.jra.go.jp/JRADB/accessS.html?CNAME=pw01sde1004202603030920260829%2FD3,芝,2:16.0,稍重,深山 雅史,曇,定量,,
526(+6),56.0,2  2  2  2,新潟,PASS_HTML,2200,11,pw01dud102022105365/9A,オプレントジュエル,6,三浦 皇成,38.3,２ 1/2,03,03,6,3歳以上,1勝クラス,2026-08-29,pw01sde1004202603030920260829,3歳以上1勝クラス,09,（混合）（特指）,16時25分,牝4,https://www.jra.go.jp/JRADB/accessS.html?CNAME=pw01sde1004202603030920260829%2FD3,芝,2:16.4,稍重,中舘 英二,曇,定量,,
516(+14),58.0,13  13  13  13,新潟,PASS_HTML,2200,12,pw01dud102019105076/F3,フォーグッド,10,原 優介,36.1,１,03,03,9,3歳以上,1勝クラス,2026-08-29,pw01sde1004202603030920260829,3歳以上1勝クラス,09,（混合）（特指）,16時25分,せん7,https://www.jra.go.jp/JRADB/accessS.html?CNAME=pw01sde1004202603030920260829%2FD3,芝,2:16.6,稍重,平岩 大典,曇,定量,,
462(0),55.0,12  12  12  12,新潟,PASS_HTML,2200,13,pw01dud102022105461/FF,コウセイケンタロス,9,▲上里 直汰,38.6,１０,03,03,13,3歳以上,1勝クラス,2026-08-29,pw01sde1004202603030920260829,3歳以上1勝クラス,09,（混合）（特指）,16時25分,せん4,https://www.jra.go.jp/JRADB/accessS.html?CNAME=pw01sde1004202603030920260829%2FD3,芝,2:18.2,稍重,和田 雄二,曇,定量,,
426(-6),56.0,5  5,新潟,PASS_HTML,1400,1,pw01dud102022105184/E5,ライネリーベ,9,C.ルメール,35.0,,03,03,1,3歳以上,1勝クラス,2026-08-29,pw01sde1004202603031020260829,3歳以上1勝クラス,10,（混合）［指定］,17時00分,牝4,https://www.jra.go.jp/JRADB/accessS.html?CNAME=pw01sde1004202603031020260829%2FC8,芝,1:21.5,稍重,木村 哲也,曇,定量,,
428(-4),53.0,6  6,新潟,PASS_HTML,1400,2,pw01dud102023106372/CC,リラベガ,16,菊沢 一樹,35.3,２ 1/2,03,03,8,3歳以上,1勝クラス,2026-08-29,pw01sde1004202603031020260829,3歳以上1勝クラス,10,（混合）［指定］,17時00分,牝3,https://www.jra.go.jp/JRADB/accessS.html?CNAME=pw01sde1004202603031020260829%2FC8,芝,1:21.9,稍重,岩戸 孝樹,曇,定量,,
476(+4),53.0,3  3,新潟,PASS_HTML,1400,3,pw01dud102023100914/DE,タイセイフレッサ,6,戸崎 圭太,35.8,３／４,03,03,2,3歳以上,1勝クラス,2026-08-29,pw01sde1004202603031020260829,3歳以上1勝クラス,10,（混合）［指定］,17時00分,牝3,https://www.jra.go.jp/JRADB/accessS.html?CNAME=pw01sde1004202603031020260829%2FC8,芝,1:22.1,稍重,斎藤 誠,曇,定量,,
432(+4),53.0,9  8,新潟,PASS_HTML,1400,4,pw01dud102023106299/E0,ダイユウルミナス,11,小崎 綾也,35.4,３／４,03,03,14,3歳以上,1勝クラス,2026-08-29,pw01sde1004202603031020260829,3歳以上1勝クラス,10,（混合）［指定］,17時00分,牝3,https://www.jra.go.jp/JRADB/accessS.html?CNAME=pw01sde1004202603031020260829%2FC8,芝,1:22.2,稍重,松永 康利,曇,定量,,
458(+10),51.0,9  8,新潟,PASS_HTML,1400,5,pw01dud102023103942/F5,ソードスレイプニル,4,◇今村 聖奈,35.4,クビ,03,03,3,3歳以上,1勝クラス,2026-08-29,pw01sde1004202603031020260829,3歳以上1勝クラス,10,（混合）［指定］,17時00分,牝3,https://www.jra.go.jp/JRADB/accessS.html?CNAME=pw01sde1004202603031020260829%2FC8,芝,1:22.2,稍重,鈴木 慎太郎,曇,定量,,
456(0),55.0,16  16,新潟,PASS_HTML,1400,6,pw01dud102023106325/D5,ホットゥトロット,14,大野 拓弥,34.8,クビ,03,03,11,3歳以上,1勝クラス,2026-08-29,pw01sde1004202603031020260829,3歳以上1勝クラス,10,（混合）［指定］,17時00分,牡3,https://www.jra.go.jp/JRADB/accessS.html?CNAME=pw01sde1004202603031020260829%2FC8,芝,1:22.3,稍重,堀内 岳志,曇,定量,,
450(+12),56.0,11  11,新潟,PASS_HTML,1400,7,pw01dud102022106741/61,メイリー,5,武藤 雅,35.5,１,03,03,9,3歳以上,1勝クラス,2026-08-29,pw01sde1004202603031020260829,3歳以上1勝クラス,10,（混合）［指定］,17時00分,牝4,https://www.jra.go.jp/JRADB/accessS.html?CNAME=pw01sde1004202603031020260829%2FC8,芝,1:22.4,稍重,鈴木 慎太郎,曇,定量,,
446(-6),56.0,15  13,新潟,PASS_HTML,1400,8,pw01dud102022103155/4A,タイキオーベロン,18,△石田 拓郎,35.1,アタマ,03,03,10,3歳以上,1勝クラス,2026-08-29,pw01sde1004202603031020260829,3歳以上1勝クラス,10,（混合）［指定］,17時00分,牡4,https://www.jra.go.jp/JRADB/accessS.html?CNAME=pw01sde1004202603031020260829%2FC8,芝,1:22.4,稍重,高木 登,曇,定量,,
460(+4),56.0,1  1,新潟,PASS_HTML,1400,9,pw01dud102022105293/B3,キャトルエピス,3,M.ミシェル,36.7,クビ,03,03,7,3歳以上,1勝クラス,2026-08-29,pw01sde1004202603031020260829,3歳以上1勝クラス,10,（混合）［指定］,17時00分,牝4,https://www.jra.go.jp/JRADB/accessS.html?CNAME=pw01sde1004202603031020260829%2FC8,芝,1:22.5,稍重,栗田 徹,曇,定量,,
440(-4),51.0,12  12,新潟,PASS_HTML,1400,10,pw01dud102023106468/9F,ガミーヌ,17,△石神 深道,35.6,１,03,03,5,3歳以上,1勝クラス,2026-08-29,pw01sde1004202603031020260829,3歳以上1勝クラス,10,（混合）［指定］,17時00分,牝3,https://www.jra.go.jp/JRADB/accessS.html?CNAME=pw01sde1004202603031020260829%2FC8,芝,1:22.6,稍重,水野 貴広,曇,定量,,
458(+8),53.0,3  3,新潟,PASS_HTML,1400,11,pw01dud102023106477/3C,ベレーバスク,7,丸山 元気,36.5,１,03,03,4,3歳以上,1勝クラス,2026-08-29,pw01sde1004202603031020260829,3歳以上1勝クラス,10,（混合）［指定］,17時00分,牝3,https://www.jra.go.jp/JRADB/accessS.html?CNAME=pw01sde1004202603031020260829%2FC8,芝,1:22.8,稍重,清水 英克,曇,定量,,
436(+10),56.0,2  2,新潟,PASS_HTML,1400,12,pw01dud102022102978/5C,アルシャンティ,2,杉原 誠人,36.8,アタマ,03,03,17,3歳以上,1勝クラス,2026-08-29,pw01sde1004202603031020260829,3歳以上1勝クラス,10,（混合）［指定］,17時00分,牝4,https://www.jra.go.jp/JRADB/accessS.html?CNAME=pw01sde1004202603031020260829%2FC8,芝,1:22.8,稍重,室井 潔,曇,定量,,
472(+4),53.0,13  15,新潟,PASS_HTML,1400,13,pw01dud102023103873/67,サーロー,13,原 優介,35.6,クビ,03,03,6,3歳以上,1勝クラス,2026-08-29,pw01sde1004202603031020260829,3歳以上1勝クラス,10,（混合）［指定］,17時00分,牝3,https://www.jra.go.jp/JRADB/accessS.html?CNAME=pw01sde1004202603031020260829%2FC8,芝,1:22.8,稍重,勢司 和浩,曇,定量,,
488(-1),58.0,6  8,新潟,PASS_HTML,1400,14,pw01dud102022110094/E7,ビリオネアボーイ,1,丸田 恭介,36.3,１,03,03,12,3歳以上,1勝クラス,2026-08-29,pw01sde1004202603031020260829,3歳以上1勝クラス,10,（混合）［指定］,17時00分,牡4,https://www.jra.go.jp/JRADB/accessS.html?CNAME=pw01sde1004202603031020260829%2FC8,芝,1:23.0,稍重,武市 康男,曇,定量,,
414(-2),50.0,17  17,新潟,PASS_HTML,1400,15,pw01dud102023103518/B3,ディサイドオンミー,15,▲上里 直汰,35.3,１／２,03,03,18,3歳以上,1勝クラス,2026-08-29,pw01sde1004202603031020260829,3歳以上1勝クラス,10,（混合）［指定］,17時00分,牝3,https://www.jra.go.jp/JRADB/accessS.html?CNAME=pw01sde1004202603031020260829%2FC8,芝,1:23.1,稍重,堀内 岳志,曇,定量,,
436(0),53.0,6  6,新潟,PASS_HTML,1400,16,pw01dud102023106484/F3,フェーダーローター,8,柴田 大知,36.6,３／４,03,03,13,3歳以上,1勝クラス,2026-08-29,pw01sde1004202603031020260829,3歳以上1勝クラス,10,（混合）［指定］,17時00分,牝3,https://www.jra.go.jp/JRADB/accessS.html?CNAME=pw01sde1004202603031020260829%2FC8,芝,1:23.2,稍重,天間 昭一,曇,定量,,
470(-7),55.0,13  13,新潟,PASS_HTML,1400,17,pw01dud102022101032/C2,ワカミヤイリオス,10,▲水沼 元輝,36.1,１／２,03,03,15,3歳以上,1勝クラス,2026-08-29,pw01sde1004202603031020260829,3歳以上1勝クラス,10,（混合）［指定］,17時00分,せん4,https://www.jra.go.jp/JRADB/accessS.html?CNAME=pw01sde1004202603031020260829%2FC8,芝,1:23.3,稍重,西田 雄一郎,曇,定量,,
428(+2),50.0,17  17,新潟,PASS_HTML,1400,18,pw01dud102023100421/A0,カシノリアーナ,12,▲佐藤 翔馬,36.0,３ 1/2,03,03,16,3歳以上,1勝クラス,2026-08-29,pw01sde1004202603031020260829,3歳以上1勝クラス,10,（混合）［指定］,17時00分,牝3,https://www.jra.go.jp/JRADB/accessS.html?CNAME=pw01sde1004202603031020260829%2FC8,芝,1:23.9,稍重,天間 昭一,曇,定量,,
434(+2),55.0,5  6  10  10,新潟,PASS_HTML,2000,1,pw01dud102023105298/7E,ピースフルマインド,18,原 優介,35.7,,03,03,11,3歳,未勝利,2026-08-29,pw01sde1004202603031120260829,3歳未勝利,11,[指定],17時30分,牝3,https://www.jra.go.jp/JRADB/accessS.html?CNAME=pw01sde1004202603031120260829%2F7D,芝,2:02.6,稍重,伊坂 重信,曇,馬齢,,
426(0),57.0,5  6  5  5,新潟,PASS_HTML,2000,2,pw01dud102023104359/F3,ヤマニンリンキング,11,大野 拓弥,36.1,１ 1/2,03,03,4,3歳,未勝利,2026-08-29,pw01sde1004202603031120260829,3歳未勝利,11,[指定],17時30分,牡3,https://www.jra.go.jp/JRADB/accessS.html?CNAME=pw01sde1004202603031120260829%2F7D,芝,2:02.8,稍重,辻 哲英,曇,馬齢,,
454(+1),57.0,8  8  5  5,新潟,PASS_HTML,2000,3,pw01dud102023106461/7A,コスモアルペジオ,17,石橋 脩,36.2,クビ,03,03,5,3歳,未勝利,2026-08-29,pw01sde1004202603031120260829,3歳未勝利,11,[指定],17時30分,牡3,https://www.jra.go.jp/JRADB/accessS.html?CNAME=pw01sde1004202603031120260829%2F7D,芝,2:02.9,稍重,鹿戸 雄一,曇,馬齢,,
458(0),57.0,17  17  10  10,新潟,PASS_HTML,2000,4,pw01dud102023102434/E7,グランフルス,5,菊沢 一樹,35.9,アタマ,03,03,10,3歳,未勝利,2026-08-29,pw01sde1004202603031120260829,3歳未勝利,11,[指定],17時30分,牡3,https://www.jra.go.jp/JRADB/accessS.html?CNAME=pw01sde1004202603031120260829%2F7D,芝,2:02.9,稍重,矢野 英一,曇,馬齢,,
460(-2),55.0,15  14  2  2,新潟,PASS_HTML,2000,5,pw01dud102023103467/5F,エリュグレイス,3,戸崎 圭太,36.4,クビ,03,03,3,3歳,未勝利,2026-08-29,pw01sde1004202603031120260829,3歳未勝利,11,[指定],17時30分,牝3,https://www.jra.go.jp/JRADB/accessS.html?CNAME=pw01sde1004202603031120260829%2F7D,芝,2:02.9,稍重,和田 勇介,曇,馬齢,,
532(-8),57.0,2  2  2  1,新潟,PASS_HTML,2000,6,pw01dud102023107340/A5,レッドレガリア,15,C.ルメール,36.5,ハナ,03,03,1,3歳,未勝利,2026-08-29,pw01sde1004202603031120260829,3歳未勝利,11,[指定],17時30分,牡3,https://www.jra.go.jp/JRADB/accessS.html?CNAME=pw01sde1004202603031120260829%2F7D,芝,2:02.9,稍重,木村 哲也,曇,馬齢,,
454(+2),57.0,10  10  10  10,新潟,PASS_HTML,2000,7,pw01dud102023100534/3A,ヘルヴィッツ,9,小崎 綾也,36.0,１／２,03,03,13,3歳,未勝利,2026-08-29,pw01sde1004202603031120260829,3歳未勝利,11,[指定],17時30分,牡3,https://www.jra.go.jp/JRADB/accessS.html?CNAME=pw01sde1004202603031120260829%2F7D,芝,2:03.0,稍重,柄崎 将寿,曇,馬齢,,
464(-4),57.0,13  14  5  5,新潟,PASS_HTML,2000,8,pw01dud102023102386/EC,ミリオングローリー,7,丸山 元気,36.5,１ 1/4,03,03,6,3歳,未勝利,2026-08-29,pw01sde1004202603031120260829,3歳未勝利,11,[指定],17時30分,牡3,https://www.jra.go.jp/JRADB/accessS.html?CNAME=pw01sde1004202603031120260829%2F7D,芝,2:03.2,稍重,蛯名 正義,曇,馬齢,,
428(-2),57.0,16  16  14  14,新潟,PASS_HTML,2000,9,pw01dud102023106870/DB,イベリスアマラ,12,内田 博幸,35.9,ハナ,03,03,12,3歳,未勝利,2026-08-29,pw01sde1004202603031120260829,3歳未勝利,11,[指定],17時30分,牡3,https://www.jra.go.jp/JRADB/accessS.html?CNAME=pw01sde1004202603031120260829%2F7D,芝,2:03.2,稍重,高橋 文雅,曇,馬齢,,
438(-7),57.0,14  12  2  2,新潟,PASS_HTML,2000,10,pw01dud102023106462/ED,マイネルアルゴー,14,柴田 大知,36.9,１ 1/4,03,03,17,3歳,未勝利,2026-08-29,pw01sde1004202603031120260829,3歳未勝利,11,[指定],17時30分,牡3,https://www.jra.go.jp/JRADB/accessS.html?CNAME=pw01sde1004202603031120260829%2F7D,芝,2:03.4,稍重,清水 英克,曇,馬齢,,
494(+12),55.0,1  1  1  2,新潟,PASS_HTML,2000,11,pw01dud102023102843/48,ムーングレイル,2,△石神 深道,37.1,クビ,03,03,2,3歳,未勝利,2026-08-29,pw01sde1004202603031120260829,3歳未勝利,11,[指定],17時30分,せん3,https://www.jra.go.jp/JRADB/accessS.html?CNAME=pw01sde1004202603031120260829%2F7D,芝,2:03.5,稍重,森 一誠,曇,馬齢,,
416(-6),55.0,2  2  5  5,新潟,PASS_HTML,2000,12,pw01dud102023107385/24,ジーナグレイス,4,川須 栄彦,37.0,１ 1/2,03,03,8,3歳,未勝利,2026-08-29,pw01sde1004202603031120260829,3歳未勝利,11,[指定],17時30分,牝3,https://www.jra.go.jp/JRADB/accessS.html?CNAME=pw01sde1004202603031120260829%2F7D,芝,2:03.7,稍重,田中 勝春,曇,馬齢,,
482(+2),57.0,11  12  17  17,新潟,PASS_HTML,2000,13,pw01dud102023102388/D2,ウィズアツインクル,1,武藤 雅,36.3,クビ,03,03,15,3歳,未勝利,2026-08-29,pw01sde1004202603031120260829,3歳未勝利,11,[指定],17時30分,牡3,https://www.jra.go.jp/JRADB/accessS.html?CNAME=pw01sde1004202603031120260829%2F7D,芝,2:03.8,稍重,牧 光二,曇,馬齢,,
486(+6),55.0,8  8  10  13,新潟,PASS_HTML,2000,14,pw01dud102023104025/64,スイートハイデン,8,岩田 康誠,37.1,２,03,03,14,3歳,未勝利,2026-08-29,pw01sde1004202603031120260829,3歳未勝利,11,[指定],17時30分,牝3,https://www.jra.go.jp/JRADB/accessS.html?CNAME=pw01sde1004202603031120260829%2F7D,芝,2:04.1,稍重,菊川 正達,曇,馬齢,,
430(-8),57.0,4  4  5  5,新潟,PASS_HTML,2000,15,pw01dud102023105014/D0,イノーマル,13,三浦 皇成,37.5,３／４,03,03,7,3歳,未勝利,2026-08-29,pw01sde1004202603031120260829,3歳未勝利,11,[指定],17時30分,牡3,https://www.jra.go.jp/JRADB/accessS.html?CNAME=pw01sde1004202603031120260829%2F7D,芝,2:04.2,稍重,高柳 瑞樹,曇,馬齢,,
438(+16),55.0,5  5  14  15,新潟,PASS_HTML,2000,16,pw01dud102023100891/D4,レインボーワールド,6,野中 悠太郎,37.0,１／２,03,03,16,3歳,未勝利,2026-08-29,pw01sde1004202603031120260829,3歳未勝利,11,[指定],17時30分,牝3,https://www.jra.go.jp/JRADB/accessS.html?CNAME=pw01sde1004202603031120260829%2F7D,芝,2:04.3,稍重,畠山 吉宏,曇,馬齢,,
474(+4),57.0,18  18  18  18,新潟,PASS_HTML,2000,17,pw01dud102023103845/1D,トーアシチフクジン,16,M.ミシェル,35.8,１ 1/4,03,03,9,3歳,未勝利,2026-08-29,pw01sde1004202603031120260829,3歳未勝利,11,[指定],17時30分,牡3,https://www.jra.go.jp/JRADB/accessS.html?CNAME=pw01sde1004202603031120260829%2F7D,芝,2:04.5,稍重,村田 一誠,曇,馬齢,,
432(-2),55.0,11  11  14  15,新潟,PASS_HTML,2000,18,pw01dud102023103955/5E,ノブステップ,10,△石田 拓郎,37.5,２ 1/2,03,03,18,3歳,未勝利,2026-08-29,pw01sde1004202603031120260829,3歳未勝利,11,[指定],17時30分,牡3,https://www.jra.go.jp/JRADB/accessS.html?CNAME=pw01sde1004202603031120260829%2F7D,芝,2:04.9,稍重,田中 勝春,曇,馬齢,,
464(+2),52.0,1  1,新潟,QUARANTINED_HTML:track_condition,1200,1,pw01dud102023106053/8C,ロンバスブレス,7,▲上里 直汰,37.2,,03,03,1.0,3歳,未勝利,2026-08-29,pw01sde1004202603031220260829,3歳未勝利,12,[指定],18時05分,牝3,https://www.jra.go.jp/JRADB/accessS.html?CNAME=pw01sde1004202603031220260829%2F32,ダート,1:12.8,,石栗 龍彦,曇,馬齢,,
432(+4),55.0,3  3,新潟,QUARANTINED_HTML:track_condition,1200,2,pw01dud102023103226/4A,エリースノー,3,津村 明秀,37.2,２,03,03,2.0,3歳,未勝利,2026-08-29,pw01sde1004202603031220260829,3歳未勝利,12,[指定],18時05分,牝3,https://www.jra.go.jp/JRADB/accessS.html?CNAME=pw01sde1004202603031220260829%2F32,ダート,1:13.1,,武市 康男,曇,馬齢,,
462(-2),53.0,2  2,新潟,QUARANTINED_HTML:track_condition,1200,3,pw01dud102023102925/3F,ライヴマティーニ,15,◇今村 聖奈,38.0,３ 1/2,03,03,5.0,3歳,未勝利,2026-08-29,pw01sde1004202603031220260829,3歳未勝利,12,[指定],18時05分,牝3,https://www.jra.go.jp/JRADB/accessS.html?CNAME=pw01sde1004202603031220260829%2F32,ダート,1:13.7,,尾形 和幸,曇,馬齢,,
460(0),57.0,7  6,新潟,QUARANTINED_HTML:track_condition,1200,4,pw01dud102023102548/F4,テラシエスタ,13,小林 脩斗,37.6,１ 1/4,03,03,11.0,3歳,未勝利,2026-08-29,pw01sde1004202603031220260829,3歳未勝利,12,[指定],18時05分,牡3,https://www.jra.go.jp/JRADB/accessS.html?CNAME=pw01sde1004202603031220260829%2F32,ダート,1:13.9,,黒岩 陽一,曇,馬齢,,
414(+2),53.0,7  8,新潟,QUARANTINED_HTML:track_condition,1200,5,pw01dud102023103779/E8,トリエンナーレ,14,△石神 深道,37.7,１／２,03,03,3.0,3歳,未勝利,2026-08-29,pw01sde1004202603031220260829,3歳未勝利,12,[指定],18時05分,牝3,https://www.jra.go.jp/JRADB/accessS.html?CNAME=pw01sde1004202603031220260829%2F32,ダート,1:14.0,,森 一誠,曇,馬齢,,
470(+8),57.0,10  9,新潟,QUARANTINED_HTML:track_condition,1200,6,pw01dud102023105114/01,ガヤーズベース,10,野中 悠太郎,37.3,クビ,03,03,6.0,3歳,未勝利,2026-08-29,pw01sde1004202603031220260829,3歳未勝利,12,[指定],18時05分,牡3,https://www.jra.go.jp/JRADB/accessS.html?CNAME=pw01sde1004202603031220260829%2F32,ダート,1:14.0,,田中 勝春,曇,馬齢,,
460(+4),55.0,6  6,新潟,QUARANTINED_HTML:track_condition,1200,7,pw01dud102023103126/19,ペイシャダンシング,6,原 優介,38.6,４,03,03,9.0,3歳,未勝利,2026-08-29,pw01sde1004202603031220260829,3歳未勝利,12,[指定],18時05分,牝3,https://www.jra.go.jp/JRADB/accessS.html?CNAME=pw01sde1004202603031220260829%2F32,ダート,1:14.7,,粕谷 昌央,曇,馬齢,,
454(+6),55.0,3  3,新潟,QUARANTINED_HTML:track_condition,1200,8,pw01dud102023104607/50,チュラヴェール,4,大野 拓弥,38.9,１／２,03,03,4.0,3歳,未勝利,2026-08-29,pw01sde1004202603031220260829,3歳未勝利,12,[指定],18時05分,牝3,https://www.jra.go.jp/JRADB/accessS.html?CNAME=pw01sde1004202603031220260829%2F32,ダート,1:14.8,,松山 将樹,曇,馬齢,,
394(-6),52.0,3  5,新潟,QUARANTINED_HTML:track_condition,1200,9,pw01dud102023104497/7E,ケイツーキップ,11,▲水沼 元輝,38.9,クビ,03,03,8.0,3歳,未勝利,2026-08-29,pw01sde1004202603031220260829,3歳未勝利,12,[指定],18時05分,牝3,https://www.jra.go.jp/JRADB/accessS.html?CNAME=pw01sde1004202603031220260829%2F32,ダート,1:14.8,,清水 英克,曇,馬齢,,
454(-8),55.0,9  9,新潟,QUARANTINED_HTML:track_condition,1200,10,pw01dud102023106132/2A,ペイシャラム,1,江田 照男,38.4,アタマ,03,03,7.0,3歳,未勝利,2026-08-29,pw01sde1004202603031220260829,3歳未勝利,12,[指定],18時05分,牝3,https://www.jra.go.jp/JRADB/accessS.html?CNAME=pw01sde1004202603031220260829%2F32,ダート,1:14.8,,菊川 正達,曇,馬齢,,
486(-2),57.0,12  11,新潟,QUARANTINED_HTML:track_condition,1200,11,pw01dud102023102530/4C,シカゴキャッツ,5,木幡 育也,37.5,５,03,03,12.0,3歳,未勝利,2026-08-29,pw01sde1004202603031220260829,3歳未勝利,12,[指定],18時05分,牡3,https://www.jra.go.jp/JRADB/accessS.html?CNAME=pw01sde1004202603031220260829%2F32,ダート,1:15.6,,新開 幸一,曇,馬齢,,
442(-8),52.0,11  11,新潟,QUARANTINED_HTML:track_condition,1200,12,pw01dud102023104623/A4,リベラル,2,▲佐藤 翔馬,37.8,１／２,03,03,10.0,3歳,未勝利,2026-08-29,pw01sde1004202603031220260829,3歳未勝利,12,[指定],18時05分,牝3,https://www.jra.go.jp/JRADB/accessS.html?CNAME=pw01sde1004202603031220260829%2F32,ダート,1:15.7,,小手川 準,曇,馬齢,,
444(+2),55.0,,新潟,QUARANTINED_HTML:track_condition,1200,除外,pw01dud102023100573/07,ブライティアロード,8,石橋 脩,,,03,03,,3歳,未勝利,2026-08-29,pw01sde1004202603031220260829,3歳未勝利,12,[指定],18時05分,牝3,https://www.jra.go.jp/JRADB/accessS.html?CNAME=pw01sde1004202603031220260829%2F32,ダート,,,和田 正一郎,曇,馬齢,,
444(+6),55.0,,新潟,QUARANTINED_HTML:track_condition,1200,除外,pw01dud102023105554/05,サンシュノジンギ,9,△石田 拓郎,,,03,03,,3歳,未勝利,2026-08-29,pw01sde1004202603031220260829,3歳未勝利,12,[指定],18時05分,牡3,https://www.jra.go.jp/JRADB/accessS.html?CNAME=pw01sde1004202603031220260829%2F32,ダート,,,奥村 武,曇,馬齢,,
542(-8),57.0,,新潟,QUARANTINED_HTML:track_condition,1200,除外,pw01dud102023106253/EE,カフェオドヴィー,12,杉原 誠人,,,03,03,,3歳,未勝利,2026-08-29,pw01sde1004202603031220260829,3歳未勝利,12,[指定],18時05分,牡3,https://www.jra.go.jp/JRADB/accessS.html?CNAME=pw01sde1004202603031220260829%2F32,ダート,,,古賀 慎明,曇,馬齢,,
456(+4),60.0,7  7  3  3,新潟,PASS_HTML,2850,1,pw01dud102021100557/9B,オーサムストローク,9,草野 太郎,,,04,03,3.0,障害3歳以上,未勝利,2026-08-30,pw01sde1004202603040120260830,障害3歳以上未勝利,01,,9時40分,牡5,https://www.jra.go.jp/JRADB/accessS.html?CNAME=pw01sde1004202603040120260830%2F53,障害,3:03.2,良,伊藤 圭三,曇,定量,12.9,
502(+10),58.0,4  4  4  4,新潟,PASS_HTML,2850,2,pw01dud102021103555/82,ゴールデンステップ,13,高田 潤,,５,04,03,2.0,障害3歳以上,未勝利,2026-08-30,pw01sde1004202603040120260830,障害3歳以上未勝利,01,,9時40分,牝5,https://www.jra.go.jp/JRADB/accessS.html?CNAME=pw01sde1004202603040120260830%2F53,障害,3:04.0,良,和田 勇介,曇,定量,12.9,
484(+2),57.0,1  1  1  1,新潟,PASS_HTML,2850,3,pw01dud102022101532/B7,エポカスピーガ,6,▲井上 敏樹,,２,04,03,8.0,障害3歳以上,未勝利,2026-08-30,pw01sde1004202603040120260830,障害3歳以上未勝利,01,,9時40分,牝4,https://www.jra.go.jp/JRADB/accessS.html?CNAME=pw01sde1004202603040120260830%2F53,障害,3:04.3,良,田中 剛,曇,定量,12.9,
492(+8),60.0,2  2  2  2,新潟,PASS_HTML,2850,4,pw01dud102020103063/2B,マルディランダ,5,上野 翔,,７,04,03,1.0,障害3歳以上,未勝利,2026-08-30,pw01sde1004202603040120260830,障害3歳以上未勝利,01,,9時40分,牡6,https://www.jra.go.jp/JRADB/accessS.html?CNAME=pw01sde1004202603040120260830%2F53,障害,3:05.4,良,金成 貴史,曇,定量,13.0,
502(+2),58.0,6  6  5  5,新潟,PASS_HTML,2850,5,pw01dud102020103486/68,トラマンダーレ,11,△坂口 智康,,２,04,03,5.0,障害3歳以上,未勝利,2026-08-30,pw01sde1004202603040120260830,障害3歳以上未勝利,01,,9時40分,せん6,https://www.jra.go.jp/JRADB/accessS.html?CNAME=pw01sde1004202603040120260830%2F53,障害,3:05.7,良,浅利 英明,曇,定量,13.0,
472(+4),60.0,4  5  7  7,新潟,PASS_HTML,2850,6,pw01dud102019105197/B7,ブラックシールド,8,小牧 加矢太,,５,04,03,4.0,障害3歳以上,未勝利,2026-08-30,pw01sde1004202603040120260830,障害3歳以上未勝利,01,,9時40分,牡7,https://www.jra.go.jp/JRADB/accessS.html?CNAME=pw01sde1004202603040120260830%2F53,障害,3:06.5,良,小栗 実,曇,定量,13.1,
478(0),60.0,7  7  8  8,新潟,PASS_HTML,2850,7,pw01dud102019104091/E5,メイショウブレゲ,4,中村 将之,,３,04,03,6.0,障害3歳以上,未勝利,2026-08-30,pw01sde1004202603040120260830,障害3歳以上未勝利,01,,9時40分,牡7,https://www.jra.go.jp/JRADB/accessS.html?CNAME=pw01sde1004202603040120260830%2F53,障害,3:07.0,良,本田 優,曇,定量,13.1,
496(+2),60.0,2  2  6  6,新潟,PASS_HTML,2850,8,pw01dud102019105745/A7,フレイムジョーカー,1,大江原 圭,,２,04,03,7.0,障害3歳以上,未勝利,2026-08-30,pw01sde1004202603040120260830,障害3歳以上未勝利,01,,9時40分,牡7,https://www.jra.go.jp/JRADB/accessS.html?CNAME=pw01sde1004202603040120260830%2F53,障害,3:07.3,良,岩戸 孝樹,曇,定量,13.1,
466(+2),60.0,10  9  9  9,新潟,PASS_HTML,2850,9,pw01dud102021102336/84,ヨシノヤッタルデー,10,黒岩 悠,,大差,04,03,10.0,障害3歳以上,未勝利,2026-08-30,pw01sde1004202603040120260830,障害3歳以上未勝利,01,,9時40分,牡5,https://www.jra.go.jp/JRADB/accessS.html?CNAME=pw01sde1004202603040120260830%2F53,障害,3:10.2,良,中竹 和也,曇,定量,13.3,
490(+4),57.0,11  11  11  10,新潟,PASS_HTML,2850,10,pw01dud102022103285/AB,バトンロード,7,▲小林 凌大,,５,04,03,11.0,障害3歳以上,未勝利,2026-08-30,pw01sde1004202603040120260830,障害3歳以上未勝利,01,,9時40分,牡4,https://www.jra.go.jp/JRADB/accessS.html?CNAME=pw01sde1004202603040120260830%2F53,障害,3:11.1,良,粕谷 昌央,曇,定量,13.4,
458(-4),60.0,12  12  12  12,新潟,PASS_HTML,2850,11,pw01dud102022103588/97,スノーリン,12,江田 勇亮,,１ 1/4,04,03,12.0,障害3歳以上,未勝利,2026-08-30,pw01sde1004202603040120260830,障害3歳以上未勝利,01,,9時40分,せん4,https://www.jra.go.jp/JRADB/accessS.html?CNAME=pw01sde1004202603040120260830%2F53,障害,3:11.3,良,和田 雄二,曇,定量,13.4,
454(+6),57.0,9  10  10  10,新潟,PASS_HTML,2850,12,pw01dud102022106999/AB,ニシノクードクール,3,▲水沼 元輝,,大差,04,03,9.0,障害3歳以上,未勝利,2026-08-30,pw01sde1004202603040120260830,障害3歳以上未勝利,01,,9時40分,牝4,https://www.jra.go.jp/JRADB/accessS.html?CNAME=pw01sde1004202603040120260830%2F53,障害,3:14.1,良,武藤 善則,曇,定量,13.6,
,60.0,,新潟,PASS_HTML,2850,取消,pw01dud102021100190/F2,ニシノインヴィクタ,2,伴 啓太,,,04,03,,障害3歳以上,未勝利,2026-08-30,pw01sde1004202603040120260830,障害3歳以上未勝利,01,,9時40分,牡5,https://www.jra.go.jp/JRADB/accessS.html?CNAME=pw01sde1004202603040120260830%2F53,障害,,良,本間 忍,曇,定量,,
490(初出走),55.0,6  4  3  3,新潟,QUARANTINED_HTML:track_condition,1800,1,pw01dud102024106700/C6,ウラノグラフィア,3,岩田 望来,38.7,,04,03,1,2歳,新馬,2026-08-30,pw01sde1004202603040220260830,メイクデビュー新潟,02,（混合）［指定］,10時15分,牡2,https://www.jra.go.jp/JRADB/accessS.html?CNAME=pw01sde1004202603040220260830%2F08,ダート,1:57.5,,宮田 敬介,晴,馬齢,,
484(初出走),55.0,2  2  2  2,新潟,QUARANTINED_HTML:track_condition,1800,2,pw01dud102024101427/CD,レッドマウロア,9,川田 将雅,39.4,３,04,03,2,2歳,新馬,2026-08-30,pw01sde1004202603040220260830,メイクデビュー新潟,02,（混合）［指定］,10時15分,牡2,https://www.jra.go.jp/JRADB/accessS.html?CNAME=pw01sde1004202603040220260830%2F08,ダート,1:58.0,,加藤 征弘,晴,馬齢,,
420(初出走),55.0,13  12  6  6,新潟,QUARANTINED_HTML:track_condition,1800,3,pw01dud102024107043/F7,スタレネルヴェント,10,原 優介,40.0,７,04,03,10,2歳,新馬,2026-08-30,pw01sde1004202603040220260830,メイクデビュー新潟,02,（混合）［指定］,10時15分,牝2,https://www.jra.go.jp/JRADB/accessS.html?CNAME=pw01sde1004202603040220260830%2F08,ダート,1:59.1,,高木 登,晴,馬齢,,
510(初出走),53.0,3  4  6  6,新潟,QUARANTINED_HTML:track_condition,1800,4,pw01dud102024100824/49,タイセイリッター,13,△石田 拓郎,40.1,１,04,03,4,2歳,新馬,2026-08-30,pw01sde1004202603040220260830,メイクデビュー新潟,02,（混合）［指定］,10時15分,牡2,https://www.jra.go.jp/JRADB/accessS.html?CNAME=pw01sde1004202603040220260830%2F08,ダート,1:59.2,,新開 幸一,晴,馬齢,,
464(初出走),55.0,1  1  1  1,新潟,QUARANTINED_HTML:track_condition,1800,5,pw01dud102024102718/B2,ウィザードシチー,8,亀田 温心,41.1,１ 3/4,04,03,12,2歳,新馬,2026-08-30,pw01sde1004202603040220260830,メイクデビュー新潟,02,（混合）［指定］,10時15分,牡2,https://www.jra.go.jp/JRADB/accessS.html?CNAME=pw01sde1004202603040220260830%2F08,ダート,1:59.5,,北出 成人,晴,馬齢,,
472(初出走),53.0,7  7  11  9,新潟,QUARANTINED_HTML:track_condition,1800,6,pw01dud102024105499/DF,ゴルトシェーン,2,◇今村 聖奈,40.1,３／４,04,03,5,2歳,新馬,2026-08-30,pw01sde1004202603040220260830,メイクデビュー新潟,02,（混合）［指定］,10時15分,牡2,https://www.jra.go.jp/JRADB/accessS.html?CNAME=pw01sde1004202603040220260830%2F08,ダート,1:59.7,,武井 亮,晴,馬齢,,
462(初出走),55.0,7  7  6  6,新潟,QUARANTINED_HTML:track_condition,1800,7,pw01dud102024101182/5B,ギガントシュラーク,11,丸山 元気,41.4,５,04,03,13,2歳,新馬,2026-08-30,pw01sde1004202603040220260830,メイクデビュー新潟,02,（混合）［指定］,10時15分,牡2,https://www.jra.go.jp/JRADB/accessS.html?CNAME=pw01sde1004202603040220260830%2F08,ダート,2:00.5,,萱野 浩二,晴,馬齢,,
468(初出走),55.0,12  11  9  9,新潟,QUARANTINED_HTML:track_condition,1800,8,pw01dud102024103935/CA,ニシノマキロイ,6,野中 悠太郎,41.1,アタマ,04,03,9,2歳,新馬,2026-08-30,pw01sde1004202603040220260830,メイクデビュー新潟,02,（混合）［指定］,10時15分,牡2,https://www.jra.go.jp/JRADB/accessS.html?CNAME=pw01sde1004202603040220260830%2F08,ダート,2:00.5,,田中 勝春,晴,馬齢,,
444(初出走),53.0,10  10  12  12,新潟,QUARANTINED_HTML:track_condition,1800,9,pw01dud102024103674/04,ゴールドバーニング,1,△石神 深道,41.2,３ 1/2,04,03,11,2歳,新馬,2026-08-30,pw01sde1004202603040220260830,メイクデビュー新潟,02,（混合）［指定］,10時15分,牝2,https://www.jra.go.jp/JRADB/accessS.html?CNAME=pw01sde1004202603040220260830%2F08,ダート,2:01.1,,柄崎 将寿,晴,馬齢,,
432(初出走),55.0,3  3  3  3,新潟,QUARANTINED_HTML:track_condition,1800,10,pw01dud102024105779/52,マイトレーヤー,4,津村 明秀,42.3,クビ,04,03,6,2歳,新馬,2026-08-30,pw01sde1004202603040220260830,メイクデビュー新潟,02,（混合）［指定］,10時15分,牡2,https://www.jra.go.jp/JRADB/accessS.html?CNAME=pw01sde1004202603040220260830%2F08,ダート,2:01.1,,手塚 貴徳,晴,馬齢,,
498(初出走),55.0,9  9  9  9,新潟,QUARANTINED_HTML:track_condition,1800,11,pw01dud102024106588/7C,ピーエムリンダ,7,武藤 雅,41.8,クビ,04,03,8,2歳,新馬,2026-08-30,pw01sde1004202603040220260830,メイクデビュー新潟,02,（混合）［指定］,10時15分,牝2,https://www.jra.go.jp/JRADB/accessS.html?CNAME=pw01sde1004202603040220260830%2F08,ダート,2:01.2,,和田 正一郎,晴,馬齢,,
476(初出走),55.0,3  4  3  5,新潟,QUARANTINED_HTML:track_condition,1800,12,pw01dud102024104685/76,エコロゲラン,12,菊沢 一樹,43.4,６,04,03,7,2歳,新馬,2026-08-30,pw01sde1004202603040220260830,メイクデビュー新潟,02,（混合）［指定］,10時15分,牡2,https://www.jra.go.jp/JRADB/accessS.html?CNAME=pw01sde1004202603040220260830%2F08,ダート,2:02.2,,古賀 大生,晴,馬齢,,
534(初出走),55.0,10,新潟,QUARANTINED_HTML:track_condition,1800,中止,pw01dud102024106651/58,ミシェルバローズ,5,三浦 皇成,,,04,03,3,2歳,新馬,2026-08-30,pw01sde1004202603040220260830,メイクデビュー新潟,02,（混合）［指定］,10時15分,牝2,https://www.jra.go.jp/JRADB/accessS.html?CNAME=pw01sde1004202603040220260830%2F08,ダート,,,中内田 充正,晴,馬齢,,
458(+2),55.0,7  7  7  7,新潟,PASS_HTML,2000,1,pw01dud102024103855/B9,ニシノリリックス,2,石橋 脩,35.7,,04,03,6,2歳,未勝利,2026-08-30,pw01sde1004202603040320260830,2歳未勝利,03,（混合）［指定］,10時45分,牝2,https://www.jra.go.jp/JRADB/accessS.html?CNAME=pw01sde1004202603040320260830%2FBD,芝,2:03.6,良,小野 次郎,曇,馬齢,,
416(-2),55.0,2  2  2  2,新潟,PASS_HTML,2000,2,pw01dud102024104469/C0,エクスマキナ,5,津村 明秀,36.4,３／４,04,03,1,2歳,未勝利,2026-08-30,pw01sde1004202603040320260830,2歳未勝利,03,（混合）［指定］,10時45分,牝2,https://www.jra.go.jp/JRADB/accessS.html?CNAME=pw01sde1004202603040320260830%2FBD,芝,2:03.7,良,手塚 貴徳,曇,馬齢,,
486(-4),55.0,3  3  2  2,新潟,PASS_HTML,2000,3,pw01dud102024105882/6E,ウイニングレイ,6,岩田 康誠,36.4,１／２,04,03,4,2歳,未勝利,2026-08-30,pw01sde1004202603040320260830,2歳未勝利,03,（混合）［指定］,10時45分,牝2,https://www.jra.go.jp/JRADB/accessS.html?CNAME=pw01sde1004202603040320260830%2FBD,芝,2:03.8,良,戸田 博文,曇,馬齢,,
462(-8),55.0,6  5  4  4,新潟,PASS_HTML,2000,4,pw01dud102024105416/06,ハンデンブレイズ,7,小崎 綾也,36.3,クビ,04,03,5,2歳,未勝利,2026-08-30,pw01sde1004202603040320260830,2歳未勝利,03,（混合）［指定］,10時45分,牡2,https://www.jra.go.jp/JRADB/accessS.html?CNAME=pw01sde1004202603040320260830%2FBD,芝,2:03.9,良,伊藤 大士,曇,馬齢,,
492(-2),55.0,3  5  4  4,新潟,PASS_HTML,2000,5,pw01dud102024104576/A8,タイセイソアリング,4,菊沢 一樹,36.6,１,04,03,3,2歳,未勝利,2026-08-30,pw01sde1004202603040320260830,2歳未勝利,03,（混合）［指定］,10時45分,牡2,https://www.jra.go.jp/JRADB/accessS.html?CNAME=pw01sde1004202603040320260830%2FBD,芝,2:04.1,良,池上 昌和,曇,馬齢,,
482(0),55.0,1  1  1  1,新潟,PASS_HTML,2000,6,pw01dud102024101291/29,イカルステソーロ,3,岩田 望来,37.1,２,04,03,2,2歳,未勝利,2026-08-30,pw01sde1004202603040320260830,2歳未勝利,03,（混合）［指定］,10時45分,牡2,https://www.jra.go.jp/JRADB/accessS.html?CNAME=pw01sde1004202603040320260830%2FBD,芝,2:04.4,良,武市 康男,曇,馬齢,,
462(-4),55.0,3  3  4  4,新潟,PASS_HTML,2000,7,pw01dud102024103607/ED,ケイジャーダ,1,柴田 大知,37.1,１ 1/2,04,03,7,2歳,未勝利,2026-08-30,pw01sde1004202603040320260830,2歳未勝利,03,（混合）［指定］,10時45分,牝2,https://www.jra.go.jp/JRADB/accessS.html?CNAME=pw01sde1004202603040320260830%2FBD,芝,2:04.6,良,佐藤 吉勝,曇,馬齢,,
502(+4),53.0,8  8  8  8,新潟,PASS_HTML,2000,8,pw01dud102024104167/47,ルークスイテルム,8,△石神 深道,40.8,大差,04,03,8,2歳,未勝利,2026-08-30,pw01sde1004202603040320260830,2歳未勝利,03,（混合）［指定］,10時45分,牡2,https://www.jra.go.jp/JRADB/accessS.html?CNAME=pw01sde1004202603040320260830%2FBD,芝,2:10.4,良,中川 公成,曇,馬齢,,
466(初出走),55.0,3  3,新潟,PASS_HTML,1800,1,pw01dud102024106452/69,チェスティーノ,2,C.ルメール,33.4,,04,03,1,2歳,新馬,2026-08-30,pw01sde1004202603040420260830,メイクデビュー新潟,04,[指定],11時15分,牡2,https://www.jra.go.jp/JRADB/accessS.html?CNAME=pw01sde1004202603040420260830%2F72,芝,1:49.0,良,鹿戸 雄一,曇,馬齢,,
520(初出走),55.0,7  6,新潟,PASS_HTML,1800,2,pw01dud102024107035/CD,ペントザリス,6,岩田 康誠,33.3,１,04,03,2,2歳,新馬,2026-08-30,pw01sde1004202603040420260830,メイクデビュー新潟,04,[指定],11時15分,牡2,https://www.jra.go.jp/JRADB/accessS.html?CNAME=pw01sde1004202603040420260830%2F72,芝,1:49.1,良,戸田 博文,曇,馬齢,,
494(初出走),55.0,4  4,新潟,PASS_HTML,1800,3,pw01dud102024105048/58,テキサス,9,津村 明秀,33.7,２ 1/2,04,03,3,2歳,新馬,2026-08-30,pw01sde1004202603040420260830,メイクデビュー新潟,04,[指定],11時15分,牡2,https://www.jra.go.jp/JRADB/accessS.html?CNAME=pw01sde1004202603040420260830%2F72,芝,1:49.5,良,田中 博康,曇,馬齢,,
456(初出走),55.0,1  1,新潟,PASS_HTML,1800,4,pw01dud102024106809/02,ダディーズレガリア,8,岩田 望来,34.5,２,04,03,4,2歳,新馬,2026-08-30,pw01sde1004202603040420260830,メイクデビュー新潟,04,[指定],11時15分,牡2,https://www.jra.go.jp/JRADB/accessS.html?CNAME=pw01sde1004202603040420260830%2F72,芝,1:49.9,良,畑端 省吾,曇,馬齢,,
424(初出走),55.0,2  2,新潟,PASS_HTML,1800,5,pw01dud102024103814/06,ライヴテキーラ,11,杉原 誠人,36.0,９,04,03,9,2歳,新馬,2026-08-30,pw01sde1004202603040420260830,メイクデビュー新潟,04,[指定],11時15分,牝2,https://www.jra.go.jp/JRADB/accessS.html?CNAME=pw01sde1004202603040420260830%2F72,芝,1:51.4,良,牧 光二,曇,馬齢,,
494(初出走),55.0,9  9,新潟,PASS_HTML,1800,6,pw01dud102024107168/87,ガヤーズサムライ,3,田辺 裕信,35.1,１,04,03,6,2歳,新馬,2026-08-30,pw01sde1004202603040420260830,メイクデビュー新潟,04,[指定],11時15分,牡2,https://www.jra.go.jp/JRADB/accessS.html?CNAME=pw01sde1004202603040420260830%2F72,芝,1:51.5,良,田中 勝春,曇,馬齢,,
438(初出走),55.0,9  9,新潟,PASS_HTML,1800,7,pw01dud102024103646/BA,オオルリ,5,原 優介,35.3,１ 1/4,04,03,11,2歳,新馬,2026-08-30,pw01sde1004202603040420260830,メイクデビュー新潟,04,[指定],11時15分,牝2,https://www.jra.go.jp/JRADB/accessS.html?CNAME=pw01sde1004202603040420260830%2F72,芝,1:51.7,良,水野 貴広,曇,馬齢,,
516(初出走),55.0,7  8,新潟,PASS_HTML,1800,8,pw01dud102024102844/47,ヒズストーリー,1,嶋田 純次,35.7,クビ,04,03,10,2歳,新馬,2026-08-30,pw01sde1004202603040420260830,メイクデビュー新潟,04,[指定],11時15分,牡2,https://www.jra.go.jp/JRADB/accessS.html?CNAME=pw01sde1004202603040420260830%2F72,芝,1:51.8,良,中川 公成,曇,馬齢,,
446(初出走),55.0,5  6,新潟,PASS_HTML,1800,9,pw01dud102024103606/7A,マイネルウルカヌス,7,柴田 大知,35.7,アタマ,04,03,8,2歳,新馬,2026-08-30,pw01sde1004202603040420260830,メイクデビュー新潟,04,[指定],11時15分,牡2,https://www.jra.go.jp/JRADB/accessS.html?CNAME=pw01sde1004202603040420260830%2F72,芝,1:51.8,良,畠山 吉宏,曇,馬齢,,
422(初出走),55.0,5  4,新潟,PASS_HTML,1800,10,pw01dud102024107358/D9,リアスハート,10,武藤 雅,36.2,１,04,03,5,2歳,新馬,2026-08-30,pw01sde1004202603040420260830,メイクデビュー新潟,04,[指定],11時15分,牝2,https://www.jra.go.jp/JRADB/accessS.html?CNAME=pw01sde1004202603040420260830%2F72,芝,1:52.0,良,水野 貴広,曇,馬齢,,
426(初出走),55.0,11  11,新潟,PASS_HTML,1800,11,pw01dud102024101787/C0,キャッチアップ,4,菊沢 一樹,35.7,２ 1/2,04,03,7,2歳,新馬,2026-08-30,pw01sde1004202603040420260830,メイクデビュー新潟,04,[指定],11時15分,牝2,https://www.jra.go.jp/JRADB/accessS.html?CNAME=pw01sde1004202603040420260830%2F72,芝,1:52.4,良,小野 次郎,曇,馬齢,,
430(0),55.0,3  3,新潟,PASS_HTML,1400,1,pw01dud102023101910/01,ステキサプライズ,4,◇今村 聖奈,36.0,,04,03,7,3歳,未勝利,2026-08-30,pw01sde1004202603040520260830,3歳未勝利,05,（混合）［指定］,11時45分,牡3,https://www.jra.go.jp/JRADB/accessS.html?CNAME=pw01sde1004202603040520260830%2F27,芝,1:22.2,良,粕谷 昌央,曇,馬齢,,
428(+8),55.0,3  3,新潟,PASS_HTML,1400,2,pw01dud102023104857/02,アリアス,9,三浦 皇成,35.9,ハナ,04,03,5,3歳,未勝利,2026-08-30,pw01sde1004202603040520260830,3歳未勝利,05,（混合）［指定］,11時45分,牝3,https://www.jra.go.jp/JRADB/accessS.html?CNAME=pw01sde1004202603040520260830%2F27,芝,1:22.2,良,高柳 瑞樹,曇,馬齢,,
434(+2),55.0,17  16,新潟,PASS_HTML,1400,3,pw01dud102023105688/32,オンナキュヌヴィ,11,田辺 裕信,34.9,１／２,04,03,2,3歳,未勝利,2026-08-30,pw01sde1004202603040520260830,3歳未勝利,05,（混合）［指定］,11時45分,牝3,https://www.jra.go.jp/JRADB/accessS.html?CNAME=pw01sde1004202603040520260830%2F27,芝,1:22.3,良,蛯名 正義,曇,馬齢,,
392(0),55.0,9  7,新潟,PASS_HTML,1400,4,pw01dud102023102931/83,ミクロスギガース,18,杉原 誠人,35.6,１／２,04,03,8,3歳,未勝利,2026-08-30,pw01sde1004202603040520260830,3歳未勝利,05,（混合）［指定］,11時45分,牝3,https://www.jra.go.jp/JRADB/accessS.html?CNAME=pw01sde1004202603040520260830%2F27,芝,1:22.4,良,西田 雄一郎,曇,馬齢,,
510(+6),57.0,14  12,新潟,PASS_HTML,1400,5,pw01dud102023106886/9D,ペルウィクトール,16,岩田 望来,35.4,１／２,04,03,1,3歳,未勝利,2026-08-30,pw01sde1004202603040520260830,3歳未勝利,05,（混合）［指定］,11時45分,牡3,https://www.jra.go.jp/JRADB/accessS.html?CNAME=pw01sde1004202603040520260830%2F27,芝,1:22.5,良,宮田 敬介,曇,馬齢,,
406(+6),53.0,9  7,新潟,PASS_HTML,1400,6,pw01dud102023106084/2F,ゴッドレイ,3,△石田 拓郎,35.7,クビ,04,03,6,3歳,未勝利,2026-08-30,pw01sde1004202603040520260830,3歳未勝利,05,（混合）［指定］,11時45分,牝3,https://www.jra.go.jp/JRADB/accessS.html?CNAME=pw01sde1004202603040520260830%2F27,芝,1:22.5,良,伊藤 大士,曇,馬齢,,
468(+6),55.0,2  2,新潟,PASS_HTML,1400,7,pw01dud102023110025/76,セリエンクーニゲン,1,川田 将雅,36.6,クビ,04,03,4,3歳,未勝利,2026-08-30,pw01sde1004202603040520260830,3歳未勝利,05,（混合）［指定］,11時45分,牝3,https://www.jra.go.jp/JRADB/accessS.html?CNAME=pw01sde1004202603040520260830%2F27,芝,1:22.6,良,田中 博康,曇,馬齢,,
464(-4),55.0,8  7,新潟,PASS_HTML,1400,8,pw01dud102023105858/64,ウインテラジーナ,13,津村 明秀,36.1,１ 1/4,04,03,3,3歳,未勝利,2026-08-30,pw01sde1004202603040520260830,3歳未勝利,05,（混合）［指定］,11時45分,牝3,https://www.jra.go.jp/JRADB/accessS.html?CNAME=pw01sde1004202603040520260830%2F27,芝,1:22.8,良,栗田 徹,曇,馬齢,,
474(0),55.0,5  6,新潟,PASS_HTML,1400,9,pw01dud102023105536/CB,エイシンイクサボシ,17,木幡 初也,36.4,クビ,04,03,10,3歳,未勝利,2026-08-30,pw01sde1004202603040520260830,3歳未勝利,05,（混合）［指定］,11時45分,牝3,https://www.jra.go.jp/JRADB/accessS.html?CNAME=pw01sde1004202603040520260830%2F27,芝,1:22.8,良,勢司 和浩,曇,馬齢,,
416(+10),55.0,5  7,新潟,PASS_HTML,1400,10,pw01dud102023100743/39,ソルティアーラ,10,M.ミシェル,36.4,１／２,04,03,11,3歳,未勝利,2026-08-30,pw01sde1004202603040520260830,3歳未勝利,05,（混合）［指定］,11時45分,牝3,https://www.jra.go.jp/JRADB/accessS.html?CNAME=pw01sde1004202603040520260830%2F27,芝,1:22.9,良,西田 雄一郎,曇,馬齢,,
432(+10),55.0,13  14,新潟,PASS_HTML,1400,11,pw01dud102023102896/F1,カラーオブサクセス,8,小崎 綾也,36.0,クビ,04,03,12,3歳,未勝利,2026-08-30,pw01sde1004202603040520260830,3歳未勝利,05,（混合）［指定］,11時45分,牝3,https://www.jra.go.jp/JRADB/accessS.html?CNAME=pw01sde1004202603040520260830%2F27,芝,1:23.0,良,武市 康男,曇,馬齢,,
436(+2),55.0,9  12,新潟,PASS_HTML,1400,12,pw01dud102023103236/5A,エナノムスメ,5,丸田 恭介,36.3,３／４,04,03,16,3歳,未勝利,2026-08-30,pw01sde1004202603040520260830,3歳未勝利,05,（混合）［指定］,11時45分,牝3,https://www.jra.go.jp/JRADB/accessS.html?CNAME=pw01sde1004202603040520260830%2F27,芝,1:23.1,良,伊藤 大士,曇,馬齢,,
454(+2),55.0,1  1,新潟,PASS_HTML,1400,13,pw01dud102023105751/0E,ラウンドヒル,6,菊沢 一樹,37.2,ハナ,04,03,9,3歳,未勝利,2026-08-30,pw01sde1004202603040520260830,3歳未勝利,05,（混合）［指定］,11時45分,牝3,https://www.jra.go.jp/JRADB/accessS.html?CNAME=pw01sde1004202603040520260830%2F27,芝,1:23.1,良,田島 俊明,曇,馬齢,,
422(+12),55.0,9  7,新潟,PASS_HTML,1400,14,pw01dud102023103934/CB,ルディドゥゲンジ,15,嶋田 純次,36.4,クビ,04,03,15,3歳,未勝利,2026-08-30,pw01sde1004202603040520260830,3歳未勝利,05,（混合）［指定］,11時45分,牝3,https://www.jra.go.jp/JRADB/accessS.html?CNAME=pw01sde1004202603040520260830%2F27,芝,1:23.2,良,蛯名 利弘,曇,馬齢,,
422(0),55.0,5  5,新潟,PASS_HTML,1400,15,pw01dud102023105600/1A,エフティヴェント,7,△石神 深道,36.7,ハナ,04,03,18,3歳,未勝利,2026-08-30,pw01sde1004202603040520260830,3歳未勝利,05,（混合）［指定］,11時45分,牡3,https://www.jra.go.jp/JRADB/accessS.html?CNAME=pw01sde1004202603040520260830%2F27,芝,1:23.2,良,金成 貴史,曇,馬齢,,
430(0),55.0,18  18,新潟,PASS_HTML,1400,16,pw01dud102023102387/5F,チョコブラウニー,2,原 優介,35.7,２ 1/2,04,03,17,3歳,未勝利,2026-08-30,pw01sde1004202603040520260830,3歳未勝利,05,（混合）［指定］,11時45分,牝3,https://www.jra.go.jp/JRADB/accessS.html?CNAME=pw01sde1004202603040520260830%2F27,芝,1:23.6,良,天間 昭一,曇,馬齢,,
540(+4),57.0,14  14,新潟,PASS_HTML,1400,17,pw01dud102023103049/61,ネオアンボウ,12,野中 悠太郎,36.6,１／２,04,03,13,3歳,未勝利,2026-08-30,pw01sde1004202603040520260830,3歳未勝利,05,（混合）［指定］,11時45分,牡3,https://www.jra.go.jp/JRADB/accessS.html?CNAME=pw01sde1004202603040520260830%2F27,芝,1:23.7,良,松尾 卓哉,曇,馬齢,,
498(+10),52.0,16  16,新潟,PASS_HTML,1400,18,pw01dud102023105410/C8,ワインレッドハート,14,▲上里 直汰,37.3,５,04,03,14,3歳,未勝利,2026-08-30,pw01sde1004202603040520260830,3歳未勝利,05,（混合）［指定］,11時45分,牝3,https://www.jra.go.jp/JRADB/accessS.html?CNAME=pw01sde1004202603040520260830%2F27,芝,1:24.5,良,戸田 博文,曇,馬齢,,
500(+12),55.0,6  6  5  5,新潟,QUARANTINED_HTML:track_condition,1800,1,pw01dud102023106494/03,ビービーアジャイル,2,C.ルメール,37.2,,04,03,1,3歳以上,2勝クラス,2026-08-30,pw01sde1004202603040620260830,両津湾特別,06,（混合）（特指）,14時35分,牡3,https://www.jra.go.jp/JRADB/accessS.html?CNAME=pw01sde1004202603040620260830%2FDC,ダート,1:53.1,,中舘 英二,曇,定量,,
500(-2),56.0,4  4  4  3,新潟,QUARANTINED_HTML:track_condition,1800,2,pw01dud102022102700/F2,トゥーザムーン,7,岩田 康誠,37.4,１／２,04,03,7,3歳以上,2勝クラス,2026-08-30,pw01sde1004202603040620260830,両津湾特別,06,（混合）（特指）,14時35分,牝4,https://www.jra.go.jp/JRADB/accessS.html?CNAME=pw01sde1004202603040620260830%2FDC,ダート,1:53.2,,辻 哲英,曇,定量,,
480(+10),53.0,1  1  1  2,新潟,QUARANTINED_HTML:track_condition,1800,3,pw01dud102023106711/BD,ヴァイヴァーイ,9,小崎 綾也,38.2,３,04,03,6,3歳以上,2勝クラス,2026-08-30,pw01sde1004202603040620260830,両津湾特別,06,（混合）（特指）,14時35分,牝3,https://www.jra.go.jp/JRADB/accessS.html?CNAME=pw01sde1004202603040620260830%2FDC,ダート,1:53.7,,小崎 憲,曇,定量,,
512(-8),58.0,2  2  2  1,新潟,QUARANTINED_HTML:track_condition,1800,4,pw01dud102021101733/00,クロドラバール,13,池添 謙一,38.5,２,04,03,13,3歳以上,2勝クラス,2026-08-30,pw01sde1004202603040620260830,両津湾特別,06,（混合）（特指）,14時35分,せん5,https://www.jra.go.jp/JRADB/accessS.html?CNAME=pw01sde1004202603040620260830%2FDC,ダート,1:54.0,,奥村 武,曇,定量,,
470(-2),58.0,9  8  7  6,新潟,QUARANTINED_HTML:track_condition,1800,5,pw01dud102022101716/C5,ピコシー,1,内田 博幸,38.5,３ 1/2,04,03,8,3歳以上,2勝クラス,2026-08-30,pw01sde1004202603040620260830,両津湾特別,06,（混合）（特指）,14時35分,牡4,https://www.jra.go.jp/JRADB/accessS.html?CNAME=pw01sde1004202603040620260830%2FDC,ダート,1:54.6,,奥村 武,曇,定量,,
500(-10),58.0,11  12  10  9,新潟,QUARANTINED_HTML:track_condition,1800,6,pw01dud102022101476/92,ジェーケーボンバー,11,菊沢 一樹,38.2,クビ,04,03,12,3歳以上,2勝クラス,2026-08-30,pw01sde1004202603040620260830,両津湾特別,06,（混合）（特指）,14時35分,牡4,https://www.jra.go.jp/JRADB/accessS.html?CNAME=pw01sde1004202603040620260830%2FDC,ダート,1:54.7,,上原 博之,曇,定量,,
530(+4),55.0,11  10  12  12,新潟,QUARANTINED_HTML:track_condition,1800,7,pw01dud102023100704/6C,スターシップ,8,川田 将雅,37.8,クビ,04,03,3,3歳以上,2勝クラス,2026-08-30,pw01sde1004202603040620260830,両津湾特別,06,（混合）（特指）,14時35分,牡3,https://www.jra.go.jp/JRADB/accessS.html?CNAME=pw01sde1004202603040620260830%2FDC,ダート,1:54.7,,高柳 大輔,曇,定量,,
480(-16),58.0,14  13  12  12,新潟,QUARANTINED_HTML:track_condition,1800,8,pw01dud102021105971/78,フラッシング,10,丸田 恭介,38.1,１ 1/2,04,03,11,3歳以上,2勝クラス,2026-08-30,pw01sde1004202603040620260830,両津湾特別,06,（混合）（特指）,14時35分,牡5,https://www.jra.go.jp/JRADB/accessS.html?CNAME=pw01sde1004202603040620260830%2FDC,ダート,1:55.0,,牧浦 充徳,曇,定量,,
460(+6),58.0,13  13  14  14,新潟,QUARANTINED_HTML:track_condition,1800,9,pw01dud102022106427/60,ニシノケンタマン,4,今村 聖奈,37.9,クビ,04,03,5,3歳以上,2勝クラス,2026-08-30,pw01sde1004202603040620260830,両津湾特別,06,（混合）（特指）,14時35分,牡4,https://www.jra.go.jp/JRADB/accessS.html?CNAME=pw01sde1004202603040620260830%2FDC,ダート,1:55.0,,深山 雅史,曇,定量,,
434(+6),56.0,6  6  10  9,新潟,QUARANTINED_HTML:track_condition,1800,10,pw01dud102021102219/8C,コパノエビータ,5,嶋田 純次,38.7,１,04,03,15,3歳以上,2勝クラス,2026-08-30,pw01sde1004202603040620260830,両津湾特別,06,（混合）（特指）,14時35分,牝5,https://www.jra.go.jp/JRADB/accessS.html?CNAME=pw01sde1004202603040620260830%2FDC,ダート,1:55.2,,手塚 貴久,曇,定量,,
488(+4),58.0,15  15  15  15,新潟,QUARANTINED_HTML:track_condition,1800,11,pw01dud102021101554/31,アルベリック,6,三浦 皇成,38.0,１／２,04,03,9,3歳以上,2勝クラス,2026-08-30,pw01sde1004202603040620260830,両津湾特別,06,（混合）（特指）,14時35分,牡5,https://www.jra.go.jp/JRADB/accessS.html?CNAME=pw01sde1004202603040620260830%2FDC,ダート,1:55.3,,中竹 和也,曇,定量,,
476(+2),58.0,4  5  5  7,新潟,QUARANTINED_HTML:track_condition,1800,12,pw01dud102022100526/84,コスモコンフェルマ,14,柴田 大知,39.6,２,04,03,4,3歳以上,2勝クラス,2026-08-30,pw01sde1004202603040620260830,両津湾特別,06,（混合）（特指）,14時35分,牡4,https://www.jra.go.jp/JRADB/accessS.html?CNAME=pw01sde1004202603040620260830%2FDC,ダート,1:55.6,,鈴木 慎太郎,曇,定量,,
490(+8),55.0,8  8  7  7,新潟,QUARANTINED_HTML:track_condition,1800,13,pw01dud102023103962/15,オクトーバーナイン,3,戸崎 圭太,39.4,クビ,04,03,2,3歳以上,2勝クラス,2026-08-30,pw01sde1004202603040620260830,両津湾特別,06,（混合）（特指）,14時35分,牡3,https://www.jra.go.jp/JRADB/accessS.html?CNAME=pw01sde1004202603040620260830%2FDC,ダート,1:55.6,,稲垣 幸雄,曇,定量,,
452(+4),56.0,10  10  7  9,新潟,QUARANTINED_HTML:track_condition,1800,14,pw01dud102021106618/99,マハナ,12,石橋 脩,39.6,１／２,04,03,14,3歳以上,2勝クラス,2026-08-30,pw01sde1004202603040620260830,両津湾特別,06,（混合）（特指）,14時35分,牝5,https://www.jra.go.jp/JRADB/accessS.html?CNAME=pw01sde1004202603040620260830%2FDC,ダート,1:55.7,,井上 智史,曇,定量,,
470(-6),58.0,3  3  3  3,新潟,QUARANTINED_HTML:track_condition,1800,15,pw01dud102020102711/5D,ノルドヴェスト,15,原 優介,40.5,３,04,03,10,3歳以上,2勝クラス,2026-08-30,pw01sde1004202603040620260830,両津湾特別,06,（混合）（特指）,14時35分,せん6,https://www.jra.go.jp/JRADB/accessS.html?CNAME=pw01sde1004202603040620260830%2FDC,ダート,1:56.2,,秋本 大介,曇,定量,,
462(-2),56.0,3  4  4  3,新潟,PASS_HTML,2200,1,pw01dud102022105454/48,シャドウメテオ,1,三浦 皇成,34.4,,04,03,5,3歳以上,3勝クラス,2026-08-30,pw01sde1004202603040720260830,日本海ステークス,07,（混合）（特指）,15時10分,牝4,https://www.jra.go.jp/JRADB/accessS.html?CNAME=pw01sde1004202603040720260830%2F91,芝,2:14.0,良,金成 貴史,曇,定量,,
454(-2),56.0,1  1  1  1,新潟,PASS_HTML,2200,2,pw01dud102021106194/58,ウインデイジー,2,岩田 康誠,35.0,１ 1/2,04,03,7,3歳以上,3勝クラス,2026-08-30,pw01sde1004202603040720260830,日本海ステークス,07,（混合）（特指）,15時10分,牝5,https://www.jra.go.jp/JRADB/accessS.html?CNAME=pw01sde1004202603040720260830%2F91,芝,2:14.2,良,宮 徹,曇,定量,,
472(-10),58.0,5  5  4  5,新潟,PASS_HTML,2200,3,pw01dud102022105456/2E,オストラヴァ,7,津村 明秀,34.9,１ 3/4,04,03,2,3歳以上,3勝クラス,2026-08-30,pw01sde1004202603040720260830,日本海ステークス,07,（混合）（特指）,15時10分,牡4,https://www.jra.go.jp/JRADB/accessS.html?CNAME=pw01sde1004202603040720260830%2F91,芝,2:14.5,良,林 徹,曇,定量,,
482(+4),58.0,11  11  10  11,新潟,PASS_HTML,2200,4,pw01dud102021105474/DC,サダムオプシス,5,C.ルメール,34.3,１,04,03,3,3歳以上,3勝クラス,2026-08-30,pw01sde1004202603040720260830,日本海ステークス,07,（混合）（特指）,15時10分,牡5,https://www.jra.go.jp/JRADB/accessS.html?CNAME=pw01sde1004202603040720260830%2F91,芝,2:14.7,良,平田 修,曇,定量,,
500(+2),58.0,2  2  2  2,新潟,PASS_HTML,2200,5,pw01dud102021105352/A5,ベンサレム,8,岩田 望来,35.4,クビ,04,03,6,3歳以上,3勝クラス,2026-08-30,pw01sde1004202603040720260830,日本海ステークス,07,（混合）（特指）,15時10分,牡5,https://www.jra.go.jp/JRADB/accessS.html?CNAME=pw01sde1004202603040720260830%2F91,芝,2:14.7,良,稲垣 幸雄,曇,定量,,
482(-2),58.0,5  5  6  5,新潟,PASS_HTML,2200,6,pw01dud102022104907/57,サトノパトリオット,10,川田 将雅,35.1,クビ,04,03,4,3歳以上,3勝クラス,2026-08-30,pw01sde1004202603040720260830,日本海ステークス,07,（混合）（特指）,15時10分,せん4,https://www.jra.go.jp/JRADB/accessS.html?CNAME=pw01sde1004202603040720260830%2F91,芝,2:14.8,良,木村 哲也,曇,定量,,
506(+18),55.0,9  9  9  7,新潟,PASS_HTML,2200,7,pw01dud102023107389/F0,チャリングクロス,3,戸崎 圭太,34.9,１,04,03,1,3歳以上,3勝クラス,2026-08-30,pw01sde1004202603040720260830,日本海ステークス,07,（混合）（特指）,15時10分,牡3,https://www.jra.go.jp/JRADB/accessS.html?CNAME=pw01sde1004202603040720260830%2F91,芝,2:14.9,良,奥村 武,曇,定量,,
428(+4),56.0,8  8  7  7,新潟,PASS_HTML,2200,8,pw01dud102020103713/32,タイセイフェリーク,9,小崎 綾也,35.0,アタマ,04,03,9,3歳以上,3勝クラス,2026-08-30,pw01sde1004202603040720260830,日本海ステークス,07,（混合）（特指）,15時10分,牝6,https://www.jra.go.jp/JRADB/accessS.html?CNAME=pw01sde1004202603040720260830%2F91,芝,2:14.9,良,青木 孝文,曇,定量,,
446(+2),58.0,3  3  2  3,新潟,PASS_HTML,2200,9,pw01dud102018104797/62,リンフレスカンテ,11,石橋 脩,35.7,クビ,04,03,12,3歳以上,3勝クラス,2026-08-30,pw01sde1004202603040720260830,日本海ステークス,07,（混合）（特指）,15時10分,牡8,https://www.jra.go.jp/JRADB/accessS.html?CNAME=pw01sde1004202603040720260830%2F91,芝,2:15.0,良,宮本 博,曇,定量,,
510(+4),56.0,9  10  10  9,新潟,PASS_HTML,2200,10,pw01dud102020100934/5A,クリニクラウン,12,菊沢 一樹,35.0,１ 3/4,04,03,10,3歳以上,3勝クラス,2026-08-30,pw01sde1004202603040720260830,日本海ステークス,07,（混合）（特指）,15時10分,牝6,https://www.jra.go.jp/JRADB/accessS.html?CNAME=pw01sde1004202603040720260830%2F91,芝,2:15.3,良,小手川 準,曇,定量,,
486(+12),58.0,12  12  12  12,新潟,PASS_HTML,2200,11,pw01dud102021102510/14,ナムラフッカー,6,原 優介,34.8,１ 1/4,04,03,11,3歳以上,3勝クラス,2026-08-30,pw01sde1004202603040720260830,日本海ステークス,07,（混合）（特指）,15時10分,牡5,https://www.jra.go.jp/JRADB/accessS.html?CNAME=pw01sde1004202603040720260830%2F91,芝,2:15.5,良,長谷川 浩大,曇,定量,,
482(0),58.0,5  7  7  9,新潟,PASS_HTML,2200,12,pw01dud102022104887/A6,シュバルツマサムネ,4,高田 潤,36.3,４,04,03,8,3歳以上,3勝クラス,2026-08-30,pw01sde1004202603040720260830,日本海ステークス,07,（混合）（特指）,15時10分,牡4,https://www.jra.go.jp/JRADB/accessS.html?CNAME=pw01sde1004202603040720260830%2F91,芝,2:16.2,良,杉山 佳明,曇,定量,,
470(+2),55.0,6  6,新潟,PASS_HTML,2000,1,pw01dud102023106850/BB,ゾロアストロ,5,岩田 望来,33.8,,04,03,2,3歳以上,オープン,2026-08-30,pw01sde1004202603040820260830,農林水産省賞典 新潟記念,08,（国際）（特指）,15時45分,牡3,https://www.jra.go.jp/JRADB/accessS.html?CNAME=pw01sde1004202603040820260830%2F46,芝,1:59.6,稍重,宮田 敬介,雨,別定,,
476(0),57.0,4  4,新潟,PASS_HTML,2000,2,pw01dud102023107166/15,ロデオドライブ,3,C.ルメール,34.0,アタマ,04,03,3,3歳以上,オープン,2026-08-30,pw01sde1004202603040820260830,農林水産省賞典 新潟記念,08,（国際）（特指）,15時45分,牡3,https://www.jra.go.jp/JRADB/accessS.html?CNAME=pw01sde1004202603040820260830%2F46,芝,1:59.6,稍重,辻 哲英,雨,別定,,
490(+2),57.0,4  4,新潟,PASS_HTML,2000,3,pw01dud102022104645/1E,ダノンシーマ,8,川田 将雅,33.9,アタマ,04,03,1,3歳以上,オープン,2026-08-30,pw01sde1004202603040820260830,農林水産省賞典 新潟記念,08,（国際）（特指）,15時45分,牡4,https://www.jra.go.jp/JRADB/accessS.html?CNAME=pw01sde1004202603040820260830%2F46,芝,1:59.6,稍重,中内田 充正,雨,別定,,
530(-6),57.0,1  1,新潟,PASS_HTML,2000,4,pw01dud102020100734/F8,サヴォーナ,2,池添 謙一,34.4,１ 1/4,04,03,8,3歳以上,オープン,2026-08-30,pw01sde1004202603040820260830,農林水産省賞典 新潟記念,08,（国際）（特指）,15時45分,牡6,https://www.jra.go.jp/JRADB/accessS.html?CNAME=pw01sde1004202603040820260830%2F46,芝,1:59.8,稍重,中竹 和也,雨,別定,,
522(0),59.0,8  6,新潟,PASS_HTML,2000,5,pw01dud102021105436/82,アーバンシック,9,三浦 皇成,34.0,クビ,04,03,7,3歳以上,オープン,2026-08-30,pw01sde1004202603040820260830,農林水産省賞典 新潟記念,08,（国際）（特指）,15時45分,牡5,https://www.jra.go.jp/JRADB/accessS.html?CNAME=pw01sde1004202603040820260830%2F46,芝,1:59.9,稍重,武井 亮,雨,別定,,
484(+6),59.0,2  2,新潟,PASS_HTML,2000,6,pw01dud102020103650/E8,ドゥレッツァ,4,田辺 裕信,34.3,クビ,04,03,4,3歳以上,オープン,2026-08-30,pw01sde1004202603040820260830,農林水産省賞典 新潟記念,08,（国際）（特指）,15時45分,牡6,https://www.jra.go.jp/JRADB/accessS.html?CNAME=pw01sde1004202603040820260830%2F46,芝,1:59.9,稍重,尾関 知人,雨,別定,,
490(-4),57.0,2  2,新潟,PASS_HTML,2000,7,pw01dud102019104658/F0,ボーンディスウェイ,1,丸山 元気,34.5,１／２,04,03,11,3歳以上,オープン,2026-08-30,pw01sde1004202603040820260830,農林水産省賞典 新潟記念,08,（国際）（特指）,15時45分,牡7,https://www.jra.go.jp/JRADB/accessS.html?CNAME=pw01sde1004202603040820260830%2F46,芝,2:00.0,稍重,牧 光二,雨,別定,,
504(+2),56.0,6  6,新潟,PASS_HTML,2000,8,pw01dud102021105643/9B,チェルヴィニア,6,津村 明秀,34.2,ハナ,04,03,6,3歳以上,オープン,2026-08-30,pw01sde1004202603040820260830,農林水産省賞典 新潟記念,08,（国際）（特指）,15時45分,牝5,https://www.jra.go.jp/JRADB/accessS.html?CNAME=pw01sde1004202603040820260830%2F46,芝,2:00.0,稍重,木村 哲也,雨,別定,,
472(0),58.0,11  11,新潟,PASS_HTML,2000,9,pw01dud102019105118/AA,ジュンブロッサム,7,杉原 誠人,33.9,クビ,04,03,10,3歳以上,オープン,2026-08-30,pw01sde1004202603040820260830,農林水産省賞典 新潟記念,08,（国際）（特指）,15時45分,牡7,https://www.jra.go.jp/JRADB/accessS.html?CNAME=pw01sde1004202603040820260830%2F46,芝,2:00.1,稍重,友道 康夫,雨,別定,,
472(-10),57.0,9  9,新潟,PASS_HTML,2000,10,pw01dud102019104850/BA,バレエマスター,10,菊沢 一樹,34.1,クビ,04,03,9,3歳以上,オープン,2026-08-30,pw01sde1004202603040820260830,農林水産省賞典 新潟記念,08,（国際）（特指）,15時45分,牡7,https://www.jra.go.jp/JRADB/accessS.html?CNAME=pw01sde1004202603040820260830%2F46,芝,2:00.1,稍重,梅田 智之,雨,別定,,
478(0),56.0,9  9,新潟,PASS_HTML,2000,11,pw01dud102021105743/CC,ステレンボッシュ,11,戸崎 圭太,34.7,３ 1/2,04,03,5,3歳以上,オープン,2026-08-30,pw01sde1004202603040820260830,農林水産省賞典 新潟記念,08,（国際）（特指）,15時45分,牝5,https://www.jra.go.jp/JRADB/accessS.html?CNAME=pw01sde1004202603040820260830%2F46,芝,2:00.7,稍重,宮田 敬介,雨,別定,,
474(-14),56.0,,新潟,PASS_HTML,1000,1,pw01dud102022104186/DC,ヴェントゥーラ,18,岩田 望来,33.8,,04,03,1,3歳以上,2勝クラス,2026-08-30,pw01sde1004202603040920260830,閃光特別,09,（混合）［指定］,16時25分,牝4,https://www.jra.go.jp/JRADB/accessS.html?CNAME=pw01sde1004202603040920260830%2FFB,芝,0:55.9,稍重,小栗 実,雨,定量,,
472(+4),56.0,,新潟,PASS_HTML,1000,2,pw01dud102022104190/3A,ラトルシェ,17,岩田 康誠,33.9,２ 1/2,04,03,9,3歳以上,2勝クラス,2026-08-30,pw01sde1004202603040920260830,閃光特別,09,（混合）［指定］,16時25分,牝4,https://www.jra.go.jp/JRADB/accessS.html?CNAME=pw01sde1004202603040920260830%2FFB,芝,0:56.3,稍重,菊川 正達,雨,定量,,
460(-6),54.0,,新潟,PASS_HTML,1000,3,pw01dud102023100095/18,ビップムーラン,11,丸山 元気,34.1,クビ,04,03,3,3歳以上,2勝クラス,2026-08-30,pw01sde1004202603040920260830,閃光特別,09,（混合）［指定］,16時25分,牝3,https://www.jra.go.jp/JRADB/accessS.html?CNAME=pw01sde1004202603040920260830%2FFB,芝,0:56.4,稍重,田島 俊明,雨,定量,,
454(+2),56.0,,新潟,PASS_HTML,1000,4,pw01dud102020104174/CE,レジーナローズ,12,津村 明秀,33.5,アタマ,04,03,5,3歳以上,2勝クラス,2026-08-30,pw01sde1004202603040920260830,閃光特別,09,（混合）［指定］,16時25分,牝6,https://www.jra.go.jp/JRADB/accessS.html?CNAME=pw01sde1004202603040920260830%2FFB,芝,0:56.4,稍重,鈴木 慎太郎,雨,定量,,
490(+2),56.0,,新潟,PASS_HTML,1000,5,pw01dud102020102674/E5,スペルキャスター,16,石橋 脩,34.0,１／２,04,03,4,3歳以上,2勝クラス,2026-08-30,pw01sde1004202603040920260830,閃光特別,09,（混合）［指定］,16時25分,牝6,https://www.jra.go.jp/JRADB/accessS.html?CNAME=pw01sde1004202603040920260830%2FFB,芝,0:56.5,稍重,蛯名 利弘,雨,定量,,
478(-2),58.0,,新潟,PASS_HTML,1000,6,pw01dud102021106986/B6,ミスエル,15,武藤 雅,33.7,クビ,04,03,7,3歳以上,2勝クラス,2026-08-30,pw01sde1004202603040920260830,閃光特別,09,（混合）［指定］,16時25分,牡5,https://www.jra.go.jp/JRADB/accessS.html?CNAME=pw01sde1004202603040920260830%2FFB,芝,0:56.5,稍重,菊沢 隆徳,雨,定量,,
516(+10),58.0,,新潟,PASS_HTML,1000,7,pw01dud102021100476/17,ファイツオン,5,三浦 皇成,34.2,クビ,04,03,8,3歳以上,2勝クラス,2026-08-30,pw01sde1004202603040920260830,閃光特別,09,（混合）［指定］,16時25分,牡5,https://www.jra.go.jp/JRADB/accessS.html?CNAME=pw01sde1004202603040920260830%2FFB,芝,0:56.6,稍重,藤岡 健一,雨,定量,,
504(-4),58.0,,新潟,PASS_HTML,1000,8,pw01dud102020106698/8D,バンディート,9,小崎 綾也,33.4,アタマ,04,03,12,3歳以上,2勝クラス,2026-08-30,pw01sde1004202603040920260830,閃光特別,09,（混合）［指定］,16時25分,牡6,https://www.jra.go.jp/JRADB/accessS.html?CNAME=pw01sde1004202603040920260830%2FFB,芝,0:56.6,稍重,東田 明士,雨,定量,,
436(0),54.0,,新潟,PASS_HTML,1000,9,pw01dud102023106613/72,カレンデュラ,1,嶋田 純次,34.1,３／４,04,03,6,3歳以上,2勝クラス,2026-08-30,pw01sde1004202603040920260830,閃光特別,09,（混合）［指定］,16時25分,牝3,https://www.jra.go.jp/JRADB/accessS.html?CNAME=pw01sde1004202603040920260830%2FFB,芝,0:56.7,稍重,室井 潔,雨,定量,,
462(-8),58.0,,新潟,PASS_HTML,1000,10,pw01dud102020105949/54,ケンキョ,14,丸田 恭介,33.6,クビ,04,03,15,3歳以上,2勝クラス,2026-08-30,pw01sde1004202603040920260830,閃光特別,09,（混合）［指定］,16時25分,牡6,https://www.jra.go.jp/JRADB/accessS.html?CNAME=pw01sde1004202603040920260830%2FFB,芝,0:56.8,稍重,高橋 文雅,雨,定量,,
450(+8),56.0,,新潟,PASS_HTML,1000,11,pw01dud102021104365/1F,リュウノタブーク,7,上里 直汰,33.4,３／４,04,03,17,3歳以上,2勝クラス,2026-08-30,pw01sde1004202603040920260830,閃光特別,09,（混合）［指定］,16時25分,牝5,https://www.jra.go.jp/JRADB/accessS.html?CNAME=pw01sde1004202603040920260830%2FFB,芝,0:56.9,稍重,伊坂 重信,雨,定量,,
452(-8),56.0,,新潟,PASS_HTML,1000,12,pw01dud102022106187/2D,ゼンダンタカ,3,杉原 誠人,34.4,１／２,04,03,13,3歳以上,2勝クラス,2026-08-30,pw01sde1004202603040920260830,閃光特別,09,（混合）［指定］,16時25分,牝4,https://www.jra.go.jp/JRADB/accessS.html?CNAME=pw01sde1004202603040920260830%2FFB,芝,0:57.0,稍重,中舘 英二,雨,定量,,
474(-2),56.0,,新潟,PASS_HTML,1000,13,pw01dud102022104387/B1,キントラダンサー,10,野中 悠太郎,34.4,クビ,04,03,14,3歳以上,2勝クラス,2026-08-30,pw01sde1004202603040920260830,閃光特別,09,（混合）［指定］,16時25分,牝4,https://www.jra.go.jp/JRADB/accessS.html?CNAME=pw01sde1004202603040920260830%2FFB,芝,0:57.0,稍重,長谷川 浩大,雨,定量,,
484(-2),56.0,,新潟,PASS_HTML,1000,14,pw01dud102022101604/9E,ハニーローリエ,8,菊沢 一樹,34.0,アタマ,04,03,2,3歳以上,2勝クラス,2026-08-30,pw01sde1004202603040920260830,閃光特別,09,（混合）［指定］,16時25分,牝4,https://www.jra.go.jp/JRADB/accessS.html?CNAME=pw01sde1004202603040920260830%2FFB,芝,0:57.0,稍重,小手川 準,雨,定量,,
472(-6),56.0,,新潟,PASS_HTML,1000,15,pw01dud102022102995/23,フレッシュラン,4,石田 拓郎,33.8,クビ,04,03,18,3歳以上,2勝クラス,2026-08-30,pw01sde1004202603040920260830,閃光特別,09,（混合）［指定］,16時25分,牝4,https://www.jra.go.jp/JRADB/accessS.html?CNAME=pw01sde1004202603040920260830%2FFB,芝,0:57.1,稍重,尾形 和幸,雨,定量,,
486(-6),58.0,,新潟,PASS_HTML,1000,16,pw01dud102020103477/CB,サトノアルペジオ,2,M.ミシェル,33.7,クビ,04,03,16,3歳以上,2勝クラス,2026-08-30,pw01sde1004202603040920260830,閃光特別,09,（混合）［指定］,16時25分,せん6,https://www.jra.go.jp/JRADB/accessS.html?CNAME=pw01sde1004202603040920260830%2FFB,芝,0:57.1,稍重,大和田 成,雨,定量,,
448(+16),56.0,,新潟,PASS_HTML,1000,17,pw01dud102022104515/BD,ビーアイフォルテ,13,江田 照男,34.5,１／２,04,03,11,3歳以上,2勝クラス,2026-08-30,pw01sde1004202603040920260830,閃光特別,09,（混合）［指定］,16時25分,牝4,https://www.jra.go.jp/JRADB/accessS.html?CNAME=pw01sde1004202603040920260830%2FFB,芝,0:57.2,稍重,牧田 和弥,雨,定量,,
436(+4),56.0,,新潟,PASS_HTML,1000,18,pw01dud102021105485/5F,エリカカリーナ,6,原 優介,35.0,３ 1/2,04,03,10,3歳以上,2勝クラス,2026-08-30,pw01sde1004202603040920260830,閃光特別,09,（混合）［指定］,16時25分,牝5,https://www.jra.go.jp/JRADB/accessS.html?CNAME=pw01sde1004202603040920260830%2FFB,芝,0:57.8,稍重,宮田 敬介,雨,定量,,
518(+6),57.0,13  11  2  2,新潟,QUARANTINED_HTML:track_condition,1800,1,pw01dud102023103697/F1,クライングナウ,5,岩田 望来,39.6,,04,03,3,3歳,未勝利,2026-08-30,pw01sde1004202603041020260830,3歳未勝利,10,（混合）［指定］,17時00分,牡3,https://www.jra.go.jp/JRADB/accessS.html?CNAME=pw01sde1004202603041020260830%2FF0,ダート,1:55.4,,斎藤 誠,曇,馬齢,,
468(0),57.0,3  4  2  1,新潟,QUARANTINED_HTML:track_condition,1800,2,pw01dud102023106956/9E,サングラント,10,三浦 皇成,39.9,１ 1/2,04,03,1,3歳,未勝利,2026-08-30,pw01sde1004202603041020260830,3歳未勝利,10,（混合）［指定］,17時00分,牡3,https://www.jra.go.jp/JRADB/accessS.html?CNAME=pw01sde1004202603041020260830%2FF0,ダート,1:55.6,,金成 貴史,曇,馬齢,,
438(0),54.0,10  10  7  7,新潟,QUARANTINED_HTML:track_condition,1800,3,pw01dud102023107440/D6,パワポケウォーズ,4,▲上里 直汰,39.7,２ 1/2,04,03,8,3歳,未勝利,2026-08-30,pw01sde1004202603041020260830,3歳未勝利,10,（混合）［指定］,17時00分,牡3,https://www.jra.go.jp/JRADB/accessS.html?CNAME=pw01sde1004202603041020260830%2FF0,ダート,1:56.0,,大和田 成,曇,馬齢,,
506(+8),53.0,7  7  7  7,新潟,QUARANTINED_HTML:track_condition,1800,4,pw01dud102023104855/1C,カノープス,7,△石田 拓郎,40.3,３ 1/2,04,03,11,3歳,未勝利,2026-08-30,pw01sde1004202603041020260830,3歳未勝利,10,（混合）［指定］,17時00分,牝3,https://www.jra.go.jp/JRADB/accessS.html?CNAME=pw01sde1004202603041020260830%2FF0,ダート,1:56.6,,辻 哲英,曇,馬齢,,
450(+4),55.0,9  8  9  10,新潟,QUARANTINED_HTML:track_condition,1800,5,pw01dud102023103404/A6,カーボフリオ,1,M.ミシェル,40.1,３／４,04,03,4,3歳,未勝利,2026-08-30,pw01sde1004202603041020260830,3歳未勝利,10,（混合）［指定］,17時00分,牝3,https://www.jra.go.jp/JRADB/accessS.html?CNAME=pw01sde1004202603041020260830%2FF0,ダート,1:56.7,,高木 登,曇,馬齢,,
486(0),57.0,4  3  5  4,新潟,QUARANTINED_HTML:track_condition,1800,6,pw01dud102023100578/46,ロジキセキ,6,戸崎 圭太,41.0,１ 3/4,04,03,2,3歳,未勝利,2026-08-30,pw01sde1004202603041020260830,3歳未勝利,10,（混合）［指定］,17時00分,牡3,https://www.jra.go.jp/JRADB/accessS.html?CNAME=pw01sde1004202603041020260830%2FF0,ダート,1:57.0,,新開 幸一,曇,馬齢,,
458(-8),57.0,12  14  9  7,新潟,QUARANTINED_HTML:track_condition,1800,7,pw01dud102023106733/C3,ザンテソーロ,8,柴田 大知,40.4,ハナ,04,03,6,3歳,未勝利,2026-08-30,pw01sde1004202603041020260830,3歳未勝利,10,（混合）［指定］,17時00分,牡3,https://www.jra.go.jp/JRADB/accessS.html?CNAME=pw01sde1004202603041020260830%2FF0,ダート,1:57.0,,畠山 吉宏,曇,馬齢,,
494(+2),57.0,14  15  9  10,新潟,QUARANTINED_HTML:track_condition,1800,8,pw01dud102023106860/CB,アーティキュレート,3,内田 博幸,40.7,１ 3/4,04,03,9,3歳,未勝利,2026-08-30,pw01sde1004202603041020260830,3歳未勝利,10,（混合）［指定］,17時00分,牡3,https://www.jra.go.jp/JRADB/accessS.html?CNAME=pw01sde1004202603041020260830%2FF0,ダート,1:57.3,,手塚 貴久,曇,馬齢,,
468(+4),54.0,7  8  13  13,新潟,QUARANTINED_HTML:track_condition,1800,9,pw01dud102023102246/7B,カフェプラウド,15,▲水沼 元輝,41.1,３,04,03,15,3歳,未勝利,2026-08-30,pw01sde1004202603041020260830,3歳未勝利,10,（混合）［指定］,17時00分,牡3,https://www.jra.go.jp/JRADB/accessS.html?CNAME=pw01sde1004202603041020260830%2FF0,ダート,1:57.8,,柄崎 将寿,曇,馬齢,,
474(+4),57.0,4  5  5  4,新潟,QUARANTINED_HTML:track_condition,1800,10,pw01dud102023102804/7B,サンタピア,12,菊沢 一樹,42.0,１ 3/4,04,03,7,3歳,未勝利,2026-08-30,pw01sde1004202603041020260830,3歳未勝利,10,（混合）［指定］,17時00分,牡3,https://www.jra.go.jp/JRADB/accessS.html?CNAME=pw01sde1004202603041020260830%2FF0,ダート,1:58.1,,松山 将樹,曇,馬齢,,
476(+2),57.0,14  11  14  14,新潟,QUARANTINED_HTML:track_condition,1800,11,pw01dud102023105717/80,ソナタムーンライト,2,原 優介,41.4,１ 3/4,04,03,13,3歳,未勝利,2026-08-30,pw01sde1004202603041020260830,3歳未勝利,10,（混合）［指定］,17時00分,牡3,https://www.jra.go.jp/JRADB/accessS.html?CNAME=pw01sde1004202603041020260830%2FF0,ダート,1:58.4,,堀内 岳志,曇,馬齢,,
486(+6),57.0,6  5  9  10,新潟,QUARANTINED_HTML:track_condition,1800,12,pw01dud102023101693/47,ヴァルク,11,木幡 初也,42.5,４,04,03,14,3歳,未勝利,2026-08-30,pw01sde1004202603041020260830,3歳未勝利,10,（混合）［指定］,17時00分,牡3,https://www.jra.go.jp/JRADB/accessS.html?CNAME=pw01sde1004202603041020260830%2FF0,ダート,1:59.1,,武市 康男,曇,馬齢,,
466(初出走),55.0,2  2  1  2,新潟,QUARANTINED_HTML:track_condition,1800,13,pw01dud102023105525/48,エイシンキーウィ,13,江田 照男,44.8,８,04,03,10,3歳,未勝利,2026-08-30,pw01sde1004202603041020260830,3歳未勝利,10,（混合）［指定］,17時00分,牝3,https://www.jra.go.jp/JRADB/accessS.html?CNAME=pw01sde1004202603041020260830%2FF0,ダート,2:00.5,,田中 剛,曇,馬齢,,
516(初出走),53.0,1  1  2  4,新潟,QUARANTINED_HTML:track_condition,1800,14,pw01dud102023106891/6E,ウモラダエピカ,9,△石神 深道,45.5,４,04,03,5,3歳,未勝利,2026-08-30,pw01sde1004202603041020260830,3歳未勝利,10,（混合）［指定］,17時00分,牝3,https://www.jra.go.jp/JRADB/accessS.html?CNAME=pw01sde1004202603041020260830%2FF0,ダート,2:01.2,,林 徹,曇,馬齢,,
428(-4),55.0,10  11  15  15,新潟,QUARANTINED_HTML:track_condition,1800,15,pw01dud102023101433/85,マジギレカレン,14,野中 悠太郎,44.9,７,04,03,12,3歳,未勝利,2026-08-30,pw01sde1004202603041020260830,3歳未勝利,10,（混合）［指定］,17時00分,牝3,https://www.jra.go.jp/JRADB/accessS.html?CNAME=pw01sde1004202603041020260830%2FF0,ダート,2:02.3,,的場 均,曇,馬齢,,
474(-2),53.0,6  6,新潟,PASS_HTML,1800,1,pw01dud102023107121/96,タッセルノット,10,戸崎 圭太,34.8,,04,03,1.0,3歳以上,1勝クラス,2026-08-30,pw01sde1004202603041120260830,3歳以上1勝クラス,11,牝［指定］,17時30分,牝3,https://www.jra.go.jp/JRADB/accessS.html?CNAME=pw01sde1004202603041120260830%2FA5,芝,1:47.1,稍重,林 徹,曇,定量,,
492(+18),53.0,8  8,新潟,PASS_HTML,1800,2,pw01dud102023107179/7E,ダーリングハースト,8,岩田 望来,34.8,２,04,03,2.0,3歳以上,1勝クラス,2026-08-30,pw01sde1004202603041120260830,3歳以上1勝クラス,11,牝［指定］,17時30分,牝3,https://www.jra.go.jp/JRADB/accessS.html?CNAME=pw01sde1004202603041120260830%2FA5,芝,1:47.4,稍重,宮田 敬介,曇,定量,,
494(+6),56.0,10  10,新潟,PASS_HTML,1800,3,pw01dud102022104716/92,シェーンシュティア,11,杉原 誠人,34.8,３／４,04,03,3.0,3歳以上,1勝クラス,2026-08-30,pw01sde1004202603041120260830,3歳以上1勝クラス,11,牝［指定］,17時30分,牝4,https://www.jra.go.jp/JRADB/accessS.html?CNAME=pw01sde1004202603041120260830%2FA5,芝,1:47.5,稍重,林 徹,曇,定量,,
456(-4),56.0,8  8,新潟,PASS_HTML,1800,4,pw01dud102021105742/59,シアブリス,2,三浦 皇成,35.2,クビ,04,03,4.0,3歳以上,1勝クラス,2026-08-30,pw01sde1004202603041120260830,3歳以上1勝クラス,11,牝［指定］,17時30分,牝5,https://www.jra.go.jp/JRADB/accessS.html?CNAME=pw01sde1004202603041120260830%2FA5,芝,1:47.6,稍重,手塚 貴徳,曇,定量,,
440(+6),56.0,10  10,新潟,PASS_HTML,1800,5,pw01dud102021107253/C5,ニシノコマチムスメ,6,菊沢 一樹,35.1,１ 1/2,04,03,8.0,3歳以上,1勝クラス,2026-08-30,pw01sde1004202603041120260830,3歳以上1勝クラス,11,牝［指定］,17時30分,牝5,https://www.jra.go.jp/JRADB/accessS.html?CNAME=pw01sde1004202603041120260830%2FA5,芝,1:47.8,稍重,松山 将樹,曇,定量,,
436(+2),53.0,12  12,新潟,PASS_HTML,1800,6,pw01dud102021101801/1B,ケイツールピア,9,▲上里 直汰,35.0,１／２,04,03,11.0,3歳以上,1勝クラス,2026-08-30,pw01sde1004202603041120260830,3歳以上1勝クラス,11,牝［指定］,17時30分,牝5,https://www.jra.go.jp/JRADB/accessS.html?CNAME=pw01sde1004202603041120260830%2FA5,芝,1:47.9,稍重,蛯名 利弘,曇,定量,,
416(-10),53.0,4  4,新潟,PASS_HTML,1800,7,pw01dud102023103356/AB,ヴァリスマリネリス,12,津村 明秀,36.0,１／２,04,03,5.0,3歳以上,1勝クラス,2026-08-30,pw01sde1004202603041120260830,3歳以上1勝クラス,11,牝［指定］,17時30分,牝3,https://www.jra.go.jp/JRADB/accessS.html?CNAME=pw01sde1004202603041120260830%2FA5,芝,1:48.0,稍重,中舘 英二,曇,定量,,
444(+2),53.0,4  4,新潟,PASS_HTML,1800,8,pw01dud102023105811/FF,ハニーオーケストラ,7,小崎 綾也,35.8,アタマ,04,03,9.0,3歳以上,1勝クラス,2026-08-30,pw01sde1004202603041120260830,3歳以上1勝クラス,11,牝［指定］,17時30分,牝3,https://www.jra.go.jp/JRADB/accessS.html?CNAME=pw01sde1004202603041120260830%2FA5,芝,1:48.0,稍重,稲垣 幸雄,曇,定量,,
428(0),53.0,2  3,新潟,PASS_HTML,1800,9,pw01dud102023109031/53,ココソラーレ,13,武藤 雅,36.4,２,04,03,10.0,3歳以上,1勝クラス,2026-08-30,pw01sde1004202603041120260830,3歳以上1勝クラス,11,牝［指定］,17時30分,牝3,https://www.jra.go.jp/JRADB/accessS.html?CNAME=pw01sde1004202603041120260830%2FA5,芝,1:48.3,稍重,天間 昭一,曇,定量,,
486(+4),53.0,1  1,新潟,PASS_HTML,1800,10,pw01dud102023103885/5D,ナックホワイト,4,野中 悠太郎,37.4,５,04,03,7.0,3歳以上,1勝クラス,2026-08-30,pw01sde1004202603041120260830,3歳以上1勝クラス,11,牝［指定］,17時30分,牝3,https://www.jra.go.jp/JRADB/accessS.html?CNAME=pw01sde1004202603041120260830%2FA5,芝,1:49.1,稍重,杉浦 宏昭,曇,定量,,
406(0),54.0,6  6,新潟,PASS_HTML,1800,11,pw01dud102022101749/4E,ブルバンビーナ,1,△石田 拓郎,37.3,２ 1/2,04,03,12.0,3歳以上,1勝クラス,2026-08-30,pw01sde1004202603041120260830,3歳以上1勝クラス,11,牝［指定］,17時30分,牝4,https://www.jra.go.jp/JRADB/accessS.html?CNAME=pw01sde1004202603041120260830%2FA5,芝,1:49.5,稍重,尾形 和幸,曇,定量,,
410(-22),54.0,12  12,新潟,PASS_HTML,1800,12,pw01dud102021107025/19,スカイダンスタイム,3,△石神 深道,37.6,８,04,03,13.0,3歳以上,1勝クラス,2026-08-30,pw01sde1004202603041120260830,3歳以上1勝クラス,11,牝［指定］,17時30分,牝5,https://www.jra.go.jp/JRADB/accessS.html?CNAME=pw01sde1004202603041120260830%2FA5,芝,1:50.9,稍重,萱野 浩二,曇,定量,,
466(-2),53.0,2  2,新潟,PASS_HTML,1800,13,pw01dud102023104576/1C,カンティーナ,5,原 優介,40.1,６,04,03,6.0,3歳以上,1勝クラス,2026-08-30,pw01sde1004202603041120260830,3歳以上1勝クラス,11,牝［指定］,17時30分,牝3,https://www.jra.go.jp/JRADB/accessS.html?CNAME=pw01sde1004202603041120260830%2FA5,芝,1:51.9,稍重,堀内 岳志,曇,定量,,
428(+2),51.0,,新潟,PASS_HTML,1800,除外,pw01dud102023106068/DB,アオイハルカ,14,◇今村 聖奈,,,04,03,,3歳以上,1勝クラス,2026-08-30,pw01sde1004202603041120260830,3歳以上1勝クラス,11,牝［指定］,17時30分,牝3,https://www.jra.go.jp/JRADB/accessS.html?CNAME=pw01sde1004202603041120260830%2FA5,芝,,稍重,大久保 龍志,曇,定量,,
528(+10),56.0,2  2,新潟,QUARANTINED_HTML:track_condition,1200,1,pw01dud102023100803/2A,ジャックナダル,6,川田 将雅,36.6,,04,03,1,3歳以上,1勝クラス,2026-08-30,pw01sde1004202603041220260830,3歳以上1勝クラス,12,[指定],18時05分,牡3,https://www.jra.go.jp/JRADB/accessS.html?CNAME=pw01sde1004202603041220260830%2F5A,ダート,1:11.4,,伊坂 重信,曇,定量,,
502(+6),56.0,4  4,新潟,QUARANTINED_HTML:track_condition,1200,2,pw01dud102023106932/B2,サトノエスケープ,8,田辺 裕信,36.5,クビ,04,03,2,3歳以上,1勝クラス,2026-08-30,pw01sde1004202603041220260830,3歳以上1勝クラス,12,[指定],18時05分,牡3,https://www.jra.go.jp/JRADB/accessS.html?CNAME=pw01sde1004202603041220260830%2F5A,ダート,1:11.5,,久保田 貴士,曇,定量,,
466(+4),56.0,4  4,新潟,QUARANTINED_HTML:track_condition,1200,3,pw01dud102023106162/5A,ラベンダーヘイズ,14,小崎 綾也,36.8,１ 3/4,04,03,3,3歳以上,1勝クラス,2026-08-30,pw01sde1004202603041220260830,3歳以上1勝クラス,12,[指定],18時05分,牡3,https://www.jra.go.jp/JRADB/accessS.html?CNAME=pw01sde1004202603041220260830%2F5A,ダート,1:11.8,,岩戸 孝樹,曇,定量,,
500(-4),54.0,1  1,新潟,QUARANTINED_HTML:track_condition,1200,4,pw01dud102023105402/9E,ガルディーノ,1,△石田 拓郎,37.3,３／４,04,03,5,3歳以上,1勝クラス,2026-08-30,pw01sde1004202603041220260830,3歳以上1勝クラス,12,[指定],18時05分,牡3,https://www.jra.go.jp/JRADB/accessS.html?CNAME=pw01sde1004202603041220260830%2F5A,ダート,1:11.9,,新開 幸一,曇,定量,,
530(+8),58.0,12  12,新潟,QUARANTINED_HTML:track_condition,1200,5,pw01dud102022105459/87,エテオクロス,4,杉原 誠人,35.7,１／２,04,03,7,3歳以上,1勝クラス,2026-08-30,pw01sde1004202603041220260830,3歳以上1勝クラス,12,[指定],18時05分,牡4,https://www.jra.go.jp/JRADB/accessS.html?CNAME=pw01sde1004202603041220260830%2F5A,ダート,1:12.0,,新開 幸一,曇,定量,,
496(+10),54.0,8  7,新潟,QUARANTINED_HTML:track_condition,1200,6,pw01dud102023103931/72,ゴーゴーパンチ,5,△石神 深道,36.4,クビ,04,03,6,3歳以上,1勝クラス,2026-08-30,pw01sde1004202603041220260830,3歳以上1勝クラス,12,[指定],18時05分,牡3,https://www.jra.go.jp/JRADB/accessS.html?CNAME=pw01sde1004202603041220260830%2F5A,ダート,1:12.0,,天間 昭一,曇,定量,,
488(+8),56.0,2  2,新潟,QUARANTINED_HTML:track_condition,1200,7,pw01dud102023106208/DD,スリーコーズ,3,岩田 望来,37.4,１／２,04,03,4,3歳以上,1勝クラス,2026-08-30,pw01sde1004202603041220260830,3歳以上1勝クラス,12,[指定],18時05分,牡3,https://www.jra.go.jp/JRADB/accessS.html?CNAME=pw01sde1004202603041220260830%2F5A,ダート,1:12.1,,伊藤 圭三,曇,定量,,
480(+8),56.0,11  10,新潟,QUARANTINED_HTML:track_condition,1200,8,pw01dud102022101141/90,ガンバレベアー,10,野中 悠太郎,36.8,３ 1/2,04,03,11,3歳以上,1勝クラス,2026-08-30,pw01sde1004202603041220260830,3歳以上1勝クラス,12,[指定],18時05分,牝4,https://www.jra.go.jp/JRADB/accessS.html?CNAME=pw01sde1004202603041220260830%2F5A,ダート,1:12.7,,杉浦 宏昭,曇,定量,,
502(-4),58.0,12  12,新潟,QUARANTINED_HTML:track_condition,1200,9,pw01dud102022100497/36,スマートブル,9,内田 博幸,36.4,クビ,04,03,10,3歳以上,1勝クラス,2026-08-30,pw01sde1004202603041220260830,3歳以上1勝クラス,12,[指定],18時05分,牡4,https://www.jra.go.jp/JRADB/accessS.html?CNAME=pw01sde1004202603041220260830%2F5A,ダート,1:12.7,,室井 潔,曇,定量,,
446(+6),55.0,8  10,新潟,QUARANTINED_HTML:track_condition,1200,10,pw01dud102022101281/01,クラウンフリード,7,▲上里 直汰,37.6,３ 1/2,04,03,15,3歳以上,1勝クラス,2026-08-30,pw01sde1004202603041220260830,3歳以上1勝クラス,12,[指定],18時05分,牡4,https://www.jra.go.jp/JRADB/accessS.html?CNAME=pw01sde1004202603041220260830%2F5A,ダート,1:13.3,,天間 昭一,曇,定量,,
478(+8),58.0,6  6,新潟,QUARANTINED_HTML:track_condition,1200,11,pw01dud102022106926/E2,ナインオブレター,12,原 優介,38.2,１,04,03,9,3歳以上,1勝クラス,2026-08-30,pw01sde1004202603041220260830,3歳以上1勝クラス,12,[指定],18時05分,牡4,https://www.jra.go.jp/JRADB/accessS.html?CNAME=pw01sde1004202603041220260830%2F5A,ダート,1:13.5,,佐藤 吉勝,曇,定量,,
494(+8),56.0,8  8,新潟,QUARANTINED_HTML:track_condition,1200,12,pw01dud102023100626/41,マルターズドン,11,嶋田 純次,38.0,３／４,04,03,8,3歳以上,1勝クラス,2026-08-30,pw01sde1004202603041220260830,3歳以上1勝クラス,12,[指定],18時05分,牡3,https://www.jra.go.jp/JRADB/accessS.html?CNAME=pw01sde1004202603041220260830%2F5A,ダート,1:13.6,,手塚 貴久,曇,定量,,
462(+6),56.0,7  8,新潟,QUARANTINED_HTML:track_condition,1200,13,pw01dud102022101819/4F,ジェイエルライナー,15,小林 脩斗,38.8,４,04,03,14,3歳以上,1勝クラス,2026-08-30,pw01sde1004202603041220260830,3歳以上1勝クラス,12,[指定],18時05分,牝4,https://www.jra.go.jp/JRADB/accessS.html?CNAME=pw01sde1004202603041220260830%2F5A,ダート,1:14.3,,青木 孝文,曇,定量,,
436(+14),58.0,14  14,新潟,QUARANTINED_HTML:track_condition,1200,14,pw01dud102022104110/BA,コンパクトファイト,13,菅原 隆一,38.1,４,04,03,12,3歳以上,1勝クラス,2026-08-30,pw01sde1004202603041220260830,3歳以上1勝クラス,12,[指定],18時05分,牡4,https://www.jra.go.jp/JRADB/accessS.html?CNAME=pw01sde1004202603041220260830%2F5A,ダート,1:15.0,,天間 昭一,曇,定量,,
512(-1),58.0,15  15,新潟,QUARANTINED_HTML:track_condition,1200,15,pw01dud102022101114/B9,アイファージェット,2,木幡 育也,38.5,４,04,03,13,3歳以上,1勝クラス,2026-08-30,pw01sde1004202603041220260830,3歳以上1勝クラス,12,[指定],18時05分,牡4,https://www.jra.go.jp/JRADB/accessS.html?CNAME=pw01sde1004202603041220260830%2F5A,ダート,1:15.7,,的場 均,曇,定量,,
484(-2),55.0,2  3  3  3,中京,PASS_HTML,2000,1,pw01dud102024100654/17,マンナット,7,川田 将雅,34.7,レコード,03,03,2,2歳,未勝利,2026-08-29,pw01sde1007202603030120260829,2歳未勝利,01,（混合）［指定］,9時50分,牡2,https://www.jra.go.jp/JRADB/accessS.html?CNAME=pw01sde1007202603030120260829%2F09,芝,1:59.6,良,斉藤 崇史,曇,馬齢,,
476(-10),55.0,7  7  6  6,中京,PASS_HTML,2000,2,pw01dud102024100037/2A,エンルートフライト,1,坂井 瑠星,34.3,クビ,03,03,1,2歳,未勝利,2026-08-29,pw01sde1007202603030120260829,2歳未勝利,01,（混合）［指定］,9時50分,牡2,https://www.jra.go.jp/JRADB/accessS.html?CNAME=pw01sde1007202603030120260829%2F09,芝,1:59.6,良,池添 学,曇,馬齢,,
496(-4),55.0,10  9  8  6,中京,PASS_HTML,2000,3,pw01dud102024106310/12,ハルカカナタ,8,幸 英明,34.5,１ 1/4,03,03,6,2歳,未勝利,2026-08-29,pw01sde1007202603030120260829,2歳未勝利,01,（混合）［指定］,9時50分,牝2,https://www.jra.go.jp/JRADB/accessS.html?CNAME=pw01sde1007202603030120260829%2F09,芝,1:59.8,良,秋山 真一郎,曇,馬齢,,
446(-4),55.0,8  8  8  9,中京,PASS_HTML,2000,4,pw01dud102024105800/08,ホットロッドハート,10,吉村 誠之助,34.5,１ 1/2,03,03,7,2歳,未勝利,2026-08-29,pw01sde1007202603030120260829,2歳未勝利,01,（混合）［指定］,9時50分,牡2,https://www.jra.go.jp/JRADB/accessS.html?CNAME=pw01sde1007202603030120260829%2F09,芝,2:00.1,良,前川 恭子,曇,馬齢,,
490(0),55.0,5  6  6  8,中京,PASS_HTML,2000,5,pw01dud102024100601/6E,ディープナイト,4,荻野 琢真,34.9,１ 1/2,03,03,9,2歳,未勝利,2026-08-29,pw01sde1007202603030120260829,2歳未勝利,01,（混合）［指定］,9時50分,牡2,https://www.jra.go.jp/JRADB/accessS.html?CNAME=pw01sde1007202603030120260829%2F09,芝,2:00.3,良,牧田 和弥,曇,馬齢,,
474(0),54.0,5  4  4  4,中京,PASS_HTML,2000,6,pw01dud102024106944/34,メモリアデルレ,11,☆田山 旺佑,35.4,１ 3/4,03,03,5,2歳,未勝利,2026-08-29,pw01sde1007202603030120260829,2歳未勝利,01,（混合）［指定］,9時50分,牡2,https://www.jra.go.jp/JRADB/accessS.html?CNAME=pw01sde1007202603030120260829%2F09,芝,2:00.6,良,吉岡 辰弥,曇,馬齢,,
478(-2),55.0,4  5  4  4,中京,PASS_HTML,2000,7,pw01dud102024106131/43,ブラックミューズ,2,岩田 望来,35.6,クビ,03,03,3,2歳,未勝利,2026-08-29,pw01sde1007202603030120260829,2歳未勝利,01,（混合）［指定］,9時50分,牝2,https://www.jra.go.jp/JRADB/accessS.html?CNAME=pw01sde1007202603030120260829%2F09,芝,2:00.7,良,松永 幹夫,曇,馬齢,,
452(-2),55.0,1  2  2  2,中京,PASS_HTML,2000,8,pw01dud102024105997/EE,ピュアノーブル,6,菱田 裕二,36.7,１ 1/4,03,03,8,2歳,未勝利,2026-08-29,pw01sde1007202603030120260829,2歳未勝利,01,（混合）［指定］,9時50分,牝2,https://www.jra.go.jp/JRADB/accessS.html?CNAME=pw01sde1007202603030120260829%2F09,芝,2:00.9,良,岡田 稲男,曇,馬齢,,
504(+14),55.0,2  1  1  1,中京,PASS_HTML,2000,9,pw01dud102024106436/15,レイデアルマス,5,西村 淳也,38.7,９,03,03,4,2歳,未勝利,2026-08-29,pw01sde1007202603030120260829,2歳未勝利,01,（混合）［指定］,9時50分,牡2,https://www.jra.go.jp/JRADB/accessS.html?CNAME=pw01sde1007202603030120260829%2F09,芝,2:02.4,良,杉山 佳明,曇,馬齢,,
450(-6),55.0,11  11  11  11,中京,PASS_HTML,2000,10,pw01dud102024108113/E7,プッシュザリミット,3,M.デムーロ,36.8,３ 1/2,03,03,11,2歳,未勝利,2026-08-29,pw01sde1007202603030120260829,2歳未勝利,01,（混合）［指定］,9時50分,牡2,https://www.jra.go.jp/JRADB/accessS.html?CNAME=pw01sde1007202603030120260829%2F09,芝,2:03.0,良,柴田 卓,曇,馬齢,,
446(+4),55.0,9  9  8  10,中京,PASS_HTML,2000,11,pw01dud102024101754/37,ゴルディアス,9,松若 風馬,37.0,アタマ,03,03,10,2歳,未勝利,2026-08-29,pw01sde1007202603030120260829,2歳未勝利,01,（混合）［指定］,9時50分,牡2,https://www.jra.go.jp/JRADB/accessS.html?CNAME=pw01sde1007202603030120260829%2F09,芝,2:03.0,良,小崎 憲,曇,馬齢,,
524(-4),55.0,3  3  3  3,中京,QUARANTINED_HTML:track_condition,1800,1,pw01dud102024107041/11,オーリエイト,7,吉村 誠之助,38.6,,03,03,1,2歳,未勝利,2026-08-29,pw01sde1007202603030220260829,2歳未勝利,02,（混合）［指定］,10時25分,牡2,https://www.jra.go.jp/JRADB/accessS.html?CNAME=pw01sde1007202603030220260829%2FBE,ダート,1:53.9,,小栗 実,曇,馬齢,,
462(-4),55.0,4  4  4  4,中京,QUARANTINED_HTML:track_condition,1800,2,pw01dud102024104583/5F,ソリドゥス,11,秋山 稔樹,39.9,１０,03,03,4,2歳,未勝利,2026-08-29,pw01sde1007202603030220260829,2歳未勝利,02,（混合）［指定］,10時25分,牡2,https://www.jra.go.jp/JRADB/accessS.html?CNAME=pw01sde1007202603030220260829%2FBE,ダート,1:55.6,,安達 昭夫,曇,馬齢,,
472(-2),55.0,6  6  6  6,中京,QUARANTINED_HTML:track_condition,1800,3,pw01dud102024103740/39,ボビーザグレート,2,菱田 裕二,39.4,１ 1/2,03,03,5,2歳,未勝利,2026-08-29,pw01sde1007202603030220260829,2歳未勝利,02,（混合）［指定］,10時25分,牡2,https://www.jra.go.jp/JRADB/accessS.html?CNAME=pw01sde1007202603030220260829%2FBE,ダート,1:55.8,,柴田 卓,曇,馬齢,,
488(+6),55.0,10  10  9  8,中京,QUARANTINED_HTML:track_condition,1800,4,pw01dud102024107194/EB,ジュンヴァグネル,12,幸 英明,39.6,３,03,03,6,2歳,未勝利,2026-08-29,pw01sde1007202603030220260829,2歳未勝利,02,（混合）［指定］,10時25分,牡2,https://www.jra.go.jp/JRADB/accessS.html?CNAME=pw01sde1007202603030220260829%2FBE,ダート,1:56.3,,浜田 多実雄,曇,馬齢,,
482(-4),55.0,1  1  1  1,中京,QUARANTINED_HTML:track_condition,1800,5,pw01dud102024106361/D5,ダノンアズール,3,岩田 望来,41.3,アタマ,03,03,2,2歳,未勝利,2026-08-29,pw01sde1007202603030220260829,2歳未勝利,02,（混合）［指定］,10時25分,牡2,https://www.jra.go.jp/JRADB/accessS.html?CNAME=pw01sde1007202603030220260829%2FBE,ダート,1:56.4,,茶木 太樹,曇,馬齢,,
426(0),55.0,2  2  2  2,中京,QUARANTINED_HTML:track_condition,1800,6,pw01dud102024103680/48,ゴールドシューター,4,富田 暁,41.8,４,03,03,11,2歳,未勝利,2026-08-29,pw01sde1007202603030220260829,2歳未勝利,02,（混合）［指定］,10時25分,牡2,https://www.jra.go.jp/JRADB/accessS.html?CNAME=pw01sde1007202603030220260829%2FBE,ダート,1:57.0,,加藤 公太,曇,馬齢,,
444(-2),55.0,5  6  5  5,中京,QUARANTINED_HTML:track_condition,1800,7,pw01dud102024106019/8A,バミューダブーケ,5,松若 風馬,41.4,１ 3/4,03,03,7,2歳,未勝利,2026-08-29,pw01sde1007202603030220260829,2歳未勝利,02,（混合）［指定］,10時25分,牝2,https://www.jra.go.jp/JRADB/accessS.html?CNAME=pw01sde1007202603030220260829%2FBE,ダート,1:57.3,,杉山 佳明,曇,馬齢,,
470(0),54.0,6  8  6  7,中京,QUARANTINED_HTML:track_condition,1800,8,pw01dud102024105938/01,ダヌラーサナ,6,☆田山 旺佑,42.1,７,03,03,3,2歳,未勝利,2026-08-29,pw01sde1007202603030220260829,2歳未勝利,02,（混合）［指定］,10時25分,牝2,https://www.jra.go.jp/JRADB/accessS.html?CNAME=pw01sde1007202603030220260829%2FBE,ダート,1:58.5,,新谷 功一,曇,馬齢,,
490(0),53.0,12  11  9  8,中京,QUARANTINED_HTML:track_condition,1800,9,pw01dud102024108222/B5,ルガルデ,9,△柴田 裕一郎,41.9,クビ,03,03,9,2歳,未勝利,2026-08-29,pw01sde1007202603030220260829,2歳未勝利,02,（混合）［指定］,10時25分,牡2,https://www.jra.go.jp/JRADB/accessS.html?CNAME=pw01sde1007202603030220260829%2FBE,ダート,1:58.6,,中竹 和也,曇,馬齢,,
490(-2),55.0,11  11  12  12,中京,QUARANTINED_HTML:track_condition,1800,10,pw01dud102024100126/D8,ドリームオブコージ,1,岡田 祥嗣,41.9,５,03,03,10,2歳,未勝利,2026-08-29,pw01sde1007202603030220260829,2歳未勝利,02,（混合）［指定］,10時25分,牡2,https://www.jra.go.jp/JRADB/accessS.html?CNAME=pw01sde1007202603030220260829%2FBE,ダート,1:59.4,,安田 翔伍,曇,馬齢,,
478(+8),55.0,9  8  11  11,中京,QUARANTINED_HTML:track_condition,1800,11,pw01dud102024104727/2D,ミリオンカラー,10,国分 優作,43.8,７,03,03,8,2歳,未勝利,2026-08-29,pw01sde1007202603030220260829,2歳未勝利,02,（混合）［指定］,10時25分,牝2,https://www.jra.go.jp/JRADB/accessS.html?CNAME=pw01sde1007202603030220260829%2FBE,ダート,2:00.6,,北出 成人,曇,馬齢,,
466(+6),55.0,6  5  6  10,中京,QUARANTINED_HTML:track_condition,1800,12,pw01dud102024105666/B8,アンナモエ,8,酒井 学,47.6,大差,03,03,12,2歳,未勝利,2026-08-29,pw01sde1007202603030220260829,2歳未勝利,02,（混合）［指定］,10時25分,牝2,https://www.jra.go.jp/JRADB/accessS.html?CNAME=pw01sde1007202603030220260829%2FBE,ダート,2:04.0,,天間 昭一,曇,馬齢,,
470(初出走),55.0,3  3,中京,PASS_HTML,1400,1,pw01dud102024100644/07,ビンチャリ,5,岩田 望来,34.1,,03,03,4,2歳,新馬,2026-08-29,pw01sde1007202603030320260829,メイクデビュー中京,03,牝［指定］,10時55分,牝2,https://www.jra.go.jp/JRADB/accessS.html?CNAME=pw01sde1007202603030320260829%2F73,芝,1:23.4,良,千田 輝彦,曇,馬齢,,
426(初出走),55.0,6  5,中京,PASS_HTML,1400,2,pw01dud102024106628/4D,インティサール,8,幸 英明,34.0,１／２,03,03,2,2歳,新馬,2026-08-29,pw01sde1007202603030320260829,メイクデビュー中京,03,牝［指定］,10時55分,牝2,https://www.jra.go.jp/JRADB/accessS.html?CNAME=pw01sde1007202603030320260829%2F73,芝,1:23.5,良,杉山 佳明,曇,馬齢,,
444(初出走),55.0,1  1,中京,PASS_HTML,1400,3,pw01dud102024102770/7A,ワンキャンパス,2,長岡 禎仁,34.6,クビ,03,03,12,2歳,新馬,2026-08-29,pw01sde1007202603030320260829,メイクデビュー中京,03,牝［指定］,10時55分,牝2,https://www.jra.go.jp/JRADB/accessS.html?CNAME=pw01sde1007202603030320260829%2F73,芝,1:23.5,良,深山 雅史,曇,馬齢,,
430(初出走),55.0,4  4,中京,PASS_HTML,1400,4,pw01dud102024107037/B3,サルーミアモール,7,坂井 瑠星,34.1,クビ,03,03,5,2歳,新馬,2026-08-29,pw01sde1007202603030320260829,メイクデビュー中京,03,牝［指定］,10時55分,牝2,https://www.jra.go.jp/JRADB/accessS.html?CNAME=pw01sde1007202603030320260829%2F73,芝,1:23.5,良,加藤 士津八,曇,馬齢,,
464(初出走),54.0,8  8,中京,PASS_HTML,1400,5,pw01dud102024103479/E1,パルフェクシオン,3,☆田山 旺佑,33.9,クビ,03,03,1,2歳,新馬,2026-08-29,pw01sde1007202603030320260829,メイクデビュー中京,03,牝［指定］,10時55分,牝2,https://www.jra.go.jp/JRADB/accessS.html?CNAME=pw01sde1007202603030320260829%2F73,芝,1:23.6,良,大久保 龍志,曇,馬齢,,
460(初出走),55.0,5  5,中京,PASS_HTML,1400,6,pw01dud102024106134/9C,ジーティーハルカゼ,6,西村 淳也,34.1,ハナ,03,03,6,2歳,新馬,2026-08-29,pw01sde1007202603030320260829,メイクデビュー中京,03,牝［指定］,10時55分,牝2,https://www.jra.go.jp/JRADB/accessS.html?CNAME=pw01sde1007202603030320260829%2F73,芝,1:23.6,良,辻野 泰之,曇,馬齢,,
416(初出走),55.0,2  2,中京,PASS_HTML,1400,7,pw01dud102024106540/A4,リムリックアイル,4,川田 将雅,34.9,２ 1/2,03,03,3,2歳,新馬,2026-08-29,pw01sde1007202603030320260829,メイクデビュー中京,03,牝［指定］,10時55分,牝2,https://www.jra.go.jp/JRADB/accessS.html?CNAME=pw01sde1007202603030320260829%2F73,芝,1:24.0,良,藤野 健太,曇,馬齢,,
454(初出走),55.0,10  8,中京,PASS_HTML,1400,8,pw01dud102024101904/49,マイフレダ,9,秋山 稔樹,34.3,３／４,03,03,10,2歳,新馬,2026-08-29,pw01sde1007202603030320260829,メイクデビュー中京,03,牝［指定］,10時55分,牝2,https://www.jra.go.jp/JRADB/accessS.html?CNAME=pw01sde1007202603030320260829%2F73,芝,1:24.1,良,井上 智史,曇,馬齢,,
456(初出走),55.0,10  11,中京,PASS_HTML,1400,9,pw01dud102024101847/B1,ドリームリボン,10,菱田 裕二,34.3,１ 1/4,03,03,8,2歳,新馬,2026-08-29,pw01sde1007202603030320260829,メイクデビュー中京,03,牝［指定］,10時55分,牝2,https://www.jra.go.jp/JRADB/accessS.html?CNAME=pw01sde1007202603030320260829%2F73,芝,1:24.3,良,谷 潔,曇,馬齢,,
400(初出走),55.0,9  8,中京,PASS_HTML,1400,10,pw01dud102024102899/D6,ウルウノマーズ,12,藤懸 貴志,34.9,２ 1/2,03,03,11,2歳,新馬,2026-08-29,pw01sde1007202603030320260829,メイクデビュー中京,03,牝［指定］,10時55分,牝2,https://www.jra.go.jp/JRADB/accessS.html?CNAME=pw01sde1007202603030320260829%2F73,芝,1:24.7,良,青木 孝文,曇,馬齢,,
440(初出走),55.0,6  5,中京,PASS_HTML,1400,11,pw01dud102024102637/2E,クリノライジング,1,田口 貫太,36.1,５,03,03,7,2歳,新馬,2026-08-29,pw01sde1007202603030320260829,メイクデビュー中京,03,牝［指定］,10時55分,牝2,https://www.jra.go.jp/JRADB/accessS.html?CNAME=pw01sde1007202603030320260829%2F73,芝,1:25.6,良,大橋 勇樹,曇,馬齢,,
406(初出走),53.0,12  12,中京,PASS_HTML,1400,12,pw01dud102024103786/2B,カラスアゲハ,11,◇永島 まなみ,35.9,６,03,03,9,2歳,新馬,2026-08-29,pw01sde1007202603030320260829,メイクデビュー中京,03,牝［指定］,10時55分,牝2,https://www.jra.go.jp/JRADB/accessS.html?CNAME=pw01sde1007202603030320260829%2F73,芝,1:26.6,良,佐藤 吉勝,曇,馬齢,,
494(0),57.0,5  5  4  5,中京,PASS_HTML,2200,1,pw01dud102023107155/92,マイコンプリート,13,岩田 望来,34.6,,03,03,1,3歳,未勝利,2026-08-29,pw01sde1007202603030420260829,3歳未勝利,04,[指定],11時25分,せん3,https://www.jra.go.jp/JRADB/accessS.html?CNAME=pw01sde1007202603030420260829%2F28,芝,2:10.4,良,友道 康夫,曇,馬齢,,
492(+10),57.0,3  3  3  2,中京,PASS_HTML,2200,2,pw01dud102023100281/9E,クールドリオン,7,団野 大成,35.6,５,03,03,4,3歳,未勝利,2026-08-29,pw01sde1007202603030420260829,3歳未勝利,04,[指定],11時25分,牡3,https://www.jra.go.jp/JRADB/accessS.html?CNAME=pw01sde1007202603030420260829%2F28,芝,2:11.2,良,庄野 靖志,曇,馬齢,,
474(-20),54.0,6  7  7  7,中京,PASS_HTML,2200,3,pw01dud102023104905/FD,テイエムプレミラン,10,▲森田 誠也,35.6,２,03,03,9,3歳,未勝利,2026-08-29,pw01sde1007202603030420260829,3歳未勝利,04,[指定],11時25分,牡3,https://www.jra.go.jp/JRADB/accessS.html?CNAME=pw01sde1007202603030420260829%2F28,芝,2:11.6,良,宮地 貴稔,曇,馬齢,,
434(+6),57.0,6  7  7  7,中京,PASS_HTML,2200,4,pw01dud102023106243/DE,ナムラヴンダー,16,幸 英明,35.6,クビ,03,03,3,3歳,未勝利,2026-08-29,pw01sde1007202603030420260829,3歳未勝利,04,[指定],11時25分,牡3,https://www.jra.go.jp/JRADB/accessS.html?CNAME=pw01sde1007202603030420260829%2F28,芝,2:11.6,良,河嶋 宏樹,曇,馬齢,,
432(-4),57.0,3  3  4  4,中京,PASS_HTML,2200,5,pw01dud102023103758/55,ヴィスメンティス,4,吉村 誠之助,36.1,１,03,03,5,3歳,未勝利,2026-08-29,pw01sde1007202603030420260829,3歳未勝利,04,[指定],11時25分,牡3,https://www.jra.go.jp/JRADB/accessS.html?CNAME=pw01sde1007202603030420260829%2F28,芝,2:11.8,良,池江 泰寿,曇,馬齢,,
462(0),55.0,14  14  14  12,中京,PASS_HTML,2200,6,pw01dud102023106998/C4,ジュンヴァッテッド,5,△柴田 裕一郎,35.5,１／２,03,03,16,3歳,未勝利,2026-08-29,pw01sde1007202603030420260829,3歳未勝利,04,[指定],11時25分,牡3,https://www.jra.go.jp/JRADB/accessS.html?CNAME=pw01sde1007202603030420260829%2F28,芝,2:11.9,良,浜田 多実雄,曇,馬齢,,
508(初出走),57.0,9  9  9  9,中京,PASS_HTML,2200,7,pw01dud102023107212/2A,パシフィックドーン,11,西村 淳也,35.7,クビ,03,03,6,3歳,未勝利,2026-08-29,pw01sde1007202603030420260829,3歳未勝利,04,[指定],11時25分,牡3,https://www.jra.go.jp/JRADB/accessS.html?CNAME=pw01sde1007202603030420260829%2F28,芝,2:11.9,良,池添 学,曇,馬齢,,
464(+2),57.0,9  9  9  9,中京,PASS_HTML,2200,8,pw01dud102023104944/CA,チュオンソン,12,酒井 学,35.7,ハナ,03,03,13,3歳,未勝利,2026-08-29,pw01sde1007202603030420260829,3歳未勝利,04,[指定],11時25分,牡3,https://www.jra.go.jp/JRADB/accessS.html?CNAME=pw01sde1007202603030420260829%2F28,芝,2:11.9,良,昆 貢,曇,馬齢,,
430(-6),55.0,15  15  15  15,中京,PASS_HTML,2200,9,pw01dud102023103887/43,レイアン,15,M.デムーロ,35.3,クビ,03,03,14,3歳,未勝利,2026-08-29,pw01sde1007202603030420260829,3歳未勝利,04,[指定],11時25分,牝3,https://www.jra.go.jp/JRADB/accessS.html?CNAME=pw01sde1007202603030420260829%2F28,芝,2:12.0,良,笹田 和秀,曇,馬齢,,
454(+2),57.0,6  6  6  5,中京,PASS_HTML,2200,10,pw01dud102023101677/F3,プロスト,3,田口 貫太,36.3,１／２,03,03,7,3歳,未勝利,2026-08-29,pw01sde1007202603030420260829,3歳未勝利,04,[指定],11時25分,牡3,https://www.jra.go.jp/JRADB/accessS.html?CNAME=pw01sde1007202603030420260829%2F28,芝,2:12.1,良,梅田 智之,曇,馬齢,,
486(+2),57.0,11  11  9  9,中京,PASS_HTML,2200,11,pw01dud102023105256/58,タイセイグローバル,1,角田 大和,36.0,クビ,03,03,11,3歳,未勝利,2026-08-29,pw01sde1007202603030420260829,3歳未勝利,04,[指定],11時25分,牡3,https://www.jra.go.jp/JRADB/accessS.html?CNAME=pw01sde1007202603030420260829%2F28,芝,2:12.1,良,小林 真也,曇,馬齢,,
492(+6),57.0,16  16  16  15,中京,PASS_HTML,2200,12,pw01dud102023107344/71,マテンロウルクス,14,中井 裕二,35.5,１,03,03,15,3歳,未勝利,2026-08-29,pw01sde1007202603030420260829,3歳未勝利,04,[指定],11時25分,牡3,https://www.jra.go.jp/JRADB/accessS.html?CNAME=pw01sde1007202603030420260829%2F28,芝,2:12.3,良,藤原 英昭,曇,馬齢,,
460(+2),55.0,13  13  12  12,中京,PASS_HTML,2200,13,pw01dud102023104879/08,サンタカタリナ,9,松若 風馬,35.9,１,03,03,8,3歳,未勝利,2026-08-29,pw01sde1007202603030420260829,3歳未勝利,04,[指定],11時25分,牝3,https://www.jra.go.jp/JRADB/accessS.html?CNAME=pw01sde1007202603030420260829%2F28,芝,2:12.4,良,杉山 晴紀,曇,馬齢,,
460(0),57.0,11  11  12  12,中京,PASS_HTML,2200,14,pw01dud102023103411/5D,スクランプシャス,8,菱田 裕二,36.0,クビ,03,03,2,3歳,未勝利,2026-08-29,pw01sde1007202603030420260829,3歳未勝利,04,[指定],11時25分,牡3,https://www.jra.go.jp/JRADB/accessS.html?CNAME=pw01sde1007202603030420260829%2F28,芝,2:12.5,良,橋口 慎介,曇,馬齢,,
438(+8),55.0,1  1  1  1,中京,PASS_HTML,2200,15,pw01dud102023105040/34,アメジストブリエ,2,富田 暁,38.0,５,03,03,12,3歳,未勝利,2026-08-29,pw01sde1007202603030420260829,3歳未勝利,04,[指定],11時25分,牝3,https://www.jra.go.jp/JRADB/accessS.html?CNAME=pw01sde1007202603030420260829%2F28,芝,2:13.4,良,武 英智,曇,馬齢,,
544(+2),57.0,2  2  2  2,中京,PASS_HTML,2200,16,pw01dud102023105234/52,カパルア,6,太宰 啓介,38.0,１／２,03,03,10,3歳,未勝利,2026-08-29,pw01sde1007202603030420260829,3歳未勝利,04,[指定],11時25分,牡3,https://www.jra.go.jp/JRADB/accessS.html?CNAME=pw01sde1007202603030420260829%2F28,芝,2:13.5,良,松永 幹夫,曇,馬齢,,
458(-4),55.0,4  6  6  4,中京,PASS_HTML,2000,1,pw01dud102023106949/E7,ビクスバイト,10,川田 将雅,34.5,,03,03,1,3歳,未勝利,2026-08-29,pw01sde1007202603030520260829,3歳未勝利,05,（混合）［指定］,11時55分,牝3,https://www.jra.go.jp/JRADB/accessS.html?CNAME=pw01sde1007202603030520260829%2FDD,芝,1:59.9,良,佐藤 悠太,曇,馬齢,,
476(-6),57.0,1  1  1  1,中京,PASS_HTML,2000,2,pw01dud102023107094/2E,コスモフィレンツェ,4,幸 英明,34.9,ハナ,03,03,2,3歳,未勝利,2026-08-29,pw01sde1007202603030520260829,3歳未勝利,05,（混合）［指定］,11時55分,牡3,https://www.jra.go.jp/JRADB/accessS.html?CNAME=pw01sde1007202603030520260829%2FDD,芝,1:59.9,良,北出 成人,曇,馬齢,,
456(-4),55.0,4  4  4  4,中京,PASS_HTML,2000,3,pw01dud102023101097/ED,ゴールデンテティス,8,加藤 祥太,34.9,１ 1/2,03,03,3,3歳,未勝利,2026-08-29,pw01sde1007202603030520260829,3歳未勝利,05,（混合）［指定］,11時55分,牝3,https://www.jra.go.jp/JRADB/accessS.html?CNAME=pw01sde1007202603030520260829%2FDD,芝,2:00.2,良,庄野 靖志,曇,馬齢,,
434(-4),57.0,7  7  7  7,中京,PASS_HTML,2000,4,pw01dud102023102310/CA,パンキー,6,西村 淳也,34.8,１／２,03,03,5,3歳,未勝利,2026-08-29,pw01sde1007202603030520260829,3歳未勝利,05,（混合）［指定］,11時55分,牡3,https://www.jra.go.jp/JRADB/accessS.html?CNAME=pw01sde1007202603030520260829%2FDD,芝,2:00.3,良,茶木 太樹,曇,馬齢,,
472(0),54.0,7  7  7  7,中京,PASS_HTML,2000,5,pw01dud102023100446/FF,ワンダーデリエール,1,☆田山 旺佑,34.9,１／２,03,03,4,3歳,未勝利,2026-08-29,pw01sde1007202603030520260829,3歳未勝利,05,（混合）［指定］,11時55分,牝3,https://www.jra.go.jp/JRADB/accessS.html?CNAME=pw01sde1007202603030520260829%2FDD,芝,2:00.4,良,小崎 憲,曇,馬齢,,
444(-4),55.0,4  4  4  4,中京,PASS_HTML,2000,6,pw01dud102023101295/69,リアライズアリス,2,松若 風馬,35.1,アタマ,03,03,6,3歳,未勝利,2026-08-29,pw01sde1007202603030520260829,3歳未勝利,05,（混合）［指定］,11時55分,牝3,https://www.jra.go.jp/JRADB/accessS.html?CNAME=pw01sde1007202603030520260829%2FDD,芝,2:00.4,良,杉山 晴紀,曇,馬齢,,
506(-2),55.0,13  13  10  10,中京,PASS_HTML,2000,7,pw01dud102023107197/B8,クランズクラウン,5,泉谷 楓真,34.8,２,03,03,7,3歳,未勝利,2026-08-29,pw01sde1007202603030520260829,3歳未勝利,05,（混合）［指定］,11時55分,牝3,https://www.jra.go.jp/JRADB/accessS.html?CNAME=pw01sde1007202603030520260829%2FDD,芝,2:00.7,良,杉山 晴紀,曇,馬齢,,
416(+12),53.0,10  12  13  12,中京,PASS_HTML,2000,8,pw01dud102023106210/55,スリーキズナヒメ,7,◇永島 まなみ,35.0,３ 1/2,03,03,10,3歳,未勝利,2026-08-29,pw01sde1007202603030520260829,3歳未勝利,05,（混合）［指定］,11時55分,牝3,https://www.jra.go.jp/JRADB/accessS.html?CNAME=pw01sde1007202603030520260829%2FDD,芝,2:01.3,良,橋田 宜長,曇,馬齢,,
420(+2),55.0,2  2  2  2,中京,PASS_HTML,2000,9,pw01dud102023105119/40,クラリノ,12,高倉 稜,36.2,ハナ,03,03,11,3歳,未勝利,2026-08-29,pw01sde1007202603030520260829,3歳未勝利,05,（混合）［指定］,11時55分,牝3,https://www.jra.go.jp/JRADB/accessS.html?CNAME=pw01sde1007202603030520260829%2FDD,芝,2:01.3,良,武 英智,曇,馬齢,,
430(+8),55.0,3  3  2  2,中京,PASS_HTML,2000,10,pw01dud102023102808/47,プリティウーマン,13,富田 暁,36.2,１／２,03,03,13,3歳,未勝利,2026-08-29,pw01sde1007202603030520260829,3歳未勝利,05,（混合）［指定］,11時55分,牝3,https://www.jra.go.jp/JRADB/accessS.html?CNAME=pw01sde1007202603030520260829%2FDD,芝,2:01.4,良,高橋 一哉,曇,馬齢,,
436(-2),55.0,10  10  9  9,中京,PASS_HTML,2000,11,pw01dud102023104405/08,ラピス,11,団野 大成,36.4,４,03,03,8,3歳,未勝利,2026-08-29,pw01sde1007202603030520260829,3歳未勝利,05,（混合）［指定］,11時55分,牝3,https://www.jra.go.jp/JRADB/accessS.html?CNAME=pw01sde1007202603030520260829%2FDD,芝,2:02.1,良,安田 翔伍,曇,馬齢,,
488(初出走),55.0,9  9  10  10,中京,PASS_HTML,2000,12,pw01dud102023105872/D2,ウインリーブル,9,国分 優作,36.1,ハナ,03,03,9,3歳,未勝利,2026-08-29,pw01sde1007202603030520260829,3歳未勝利,05,（混合）［指定］,11時55分,牝3,https://www.jra.go.jp/JRADB/accessS.html?CNAME=pw01sde1007202603030520260829%2FDD,芝,2:02.1,良,緒方 努,曇,馬齢,,
478(+24),55.0,10  10  10  13,中京,PASS_HTML,2000,13,pw01dud102023103242/9E,サンスベリア,3,中井 裕二,39.2,大差,03,03,12,3歳,未勝利,2026-08-29,pw01sde1007202603030520260829,3歳未勝利,05,（混合）［指定］,11時55分,牝3,https://www.jra.go.jp/JRADB/accessS.html?CNAME=pw01sde1007202603030520260829%2FDD,芝,2:05.6,良,牧田 和弥,曇,馬齢,,
476(+4),56.0,3  4,中京,QUARANTINED_HTML:track_condition,1200,1,pw01dud102022104674/DB,フィドルファドル,1,川田 将雅,36.3,,03,03,3,3歳以上,2勝クラス,2026-08-29,pw01sde1007202603030620260829,清洲特別,06,（混合）［指定］,15時01分,牝4,https://www.jra.go.jp/JRADB/accessS.html?CNAME=pw01sde1007202603030620260829%2F92,ダート,1:11.6,,矢作 芳人,曇,定量,,
494(+10),56.0,7  7,中京,QUARANTINED_HTML:track_condition,1200,2,pw01dud102022102939/8F,アオイレーギーナ,11,幸 英明,36.2,１,03,03,5,3歳以上,2勝クラス,2026-08-29,pw01sde1007202603030620260829,清洲特別,06,（混合）［指定］,15時01分,牝4,https://www.jra.go.jp/JRADB/accessS.html?CNAME=pw01sde1007202603030620260829%2F92,ダート,1:11.7,,宮地 貴稔,曇,定量,,
506(-4),58.0,7  7,中京,QUARANTINED_HTML:track_condition,1200,3,pw01dud102021100158/4A,ダノンモンテローザ,6,田山 旺佑,36.2,ハナ,03,03,6,3歳以上,2勝クラス,2026-08-29,pw01sde1007202603030620260829,清洲特別,06,（混合）［指定］,15時01分,せん5,https://www.jra.go.jp/JRADB/accessS.html?CNAME=pw01sde1007202603030620260829%2F92,ダート,1:11.7,,茶木 太樹,曇,定量,,
466(-8),56.0,10  10,中京,QUARANTINED_HTML:track_condition,1200,4,pw01dud102022110001/FE,シルフズミスチーフ,4,岩田 望来,36.3,２,03,03,2,3歳以上,2勝クラス,2026-08-29,pw01sde1007202603030620260829,清洲特別,06,（混合）［指定］,15時01分,牝4,https://www.jra.go.jp/JRADB/accessS.html?CNAME=pw01sde1007202603030620260829%2F92,ダート,1:12.1,,池江 泰寿,曇,定量,,
532(0),58.0,10  10,中京,QUARANTINED_HTML:track_condition,1200,5,pw01dud102019101399/43,ザウリ,2,田口 貫太,36.4,クビ,03,03,8,3歳以上,2勝クラス,2026-08-29,pw01sde1007202603030620260829,清洲特別,06,（混合）［指定］,15時01分,牡7,https://www.jra.go.jp/JRADB/accessS.html?CNAME=pw01sde1007202603030620260829%2F92,ダート,1:12.1,,森田 直行,曇,定量,,
506(-6),58.0,13  13,中京,QUARANTINED_HTML:track_condition,1200,6,pw01dud102019100871/91,ブルーノート,8,松若 風馬,36.4,２ 1/2,03,03,13,3歳以上,2勝クラス,2026-08-29,pw01sde1007202603030620260829,清洲特別,06,（混合）［指定］,15時01分,牡7,https://www.jra.go.jp/JRADB/accessS.html?CNAME=pw01sde1007202603030620260829%2F92,ダート,1:12.5,,梅田 智之,曇,定量,,
466(-2),56.0,2  2,中京,QUARANTINED_HTML:track_condition,1200,7,pw01dud102022105748/97,リードプリンシパル,10,川端 海翼,37.4,クビ,03,03,12,3歳以上,2勝クラス,2026-08-29,pw01sde1007202603030620260829,清洲特別,06,（混合）［指定］,15時01分,牝4,https://www.jra.go.jp/JRADB/accessS.html?CNAME=pw01sde1007202603030620260829%2F92,ダート,1:12.5,,天間 昭一,曇,定量,,
490(+2),58.0,12  12,中京,QUARANTINED_HTML:track_condition,1200,8,pw01dud102021105849/AF,オコタンペ,3,富田 暁,36.7,クビ,03,03,7,3歳以上,2勝クラス,2026-08-29,pw01sde1007202603030620260829,清洲特別,06,（混合）［指定］,15時01分,牡5,https://www.jra.go.jp/JRADB/accessS.html?CNAME=pw01sde1007202603030620260829%2F92,ダート,1:12.6,,須貝 尚介,曇,定量,,
488(-4),56.0,3  4,中京,QUARANTINED_HTML:track_condition,1200,9,pw01dud102023100670/DF,ルクスレイモンド,5,坂井 瑠星,37.6,１ 3/4,03,03,1,3歳以上,2勝クラス,2026-08-29,pw01sde1007202603030620260829,清洲特別,06,（混合）［指定］,15時01分,牡3,https://www.jra.go.jp/JRADB/accessS.html?CNAME=pw01sde1007202603030620260829%2F92,ダート,1:12.9,,上原 佑紀,曇,定量,,
534(0),58.0,3  4,中京,QUARANTINED_HTML:track_condition,1200,10,pw01dud102021100786/BA,ゲーベル,13,吉村 誠之助,37.8,１／２,03,03,9,3歳以上,2勝クラス,2026-08-29,pw01sde1007202603030620260829,清洲特別,06,（混合）［指定］,15時01分,牡5,https://www.jra.go.jp/JRADB/accessS.html?CNAME=pw01sde1007202603030620260829%2F92,ダート,1:13.0,,渡辺 薫彦,曇,定量,,
454(-2),56.0,1  1,中京,QUARANTINED_HTML:track_condition,1200,11,pw01dud102021103299/FB,シアター,9,長岡 禎仁,38.1,クビ,03,03,10,3歳以上,2勝クラス,2026-08-29,pw01sde1007202603030620260829,清洲特別,06,（混合）［指定］,15時01分,牝5,https://www.jra.go.jp/JRADB/accessS.html?CNAME=pw01sde1007202603030620260829%2F92,ダート,1:13.1,,茶木 太樹,曇,定量,,
436(+2),56.0,7  7,中京,QUARANTINED_HTML:track_condition,1200,12,pw01dud102021105976/B7,ローマンレイク,7,角田 大和,37.7,クビ,03,03,11,3歳以上,2勝クラス,2026-08-29,pw01sde1007202603030620260829,清洲特別,06,（混合）［指定］,15時01分,牝5,https://www.jra.go.jp/JRADB/accessS.html?CNAME=pw01sde1007202603030620260829%2F92,ダート,1:13.1,,松永 幹夫,曇,定量,,
498(+12),58.0,3  3,中京,QUARANTINED_HTML:track_condition,1200,13,pw01dud102022106923/89,バッハアルプゼー,12,西村 淳也,38.4,３,03,03,4,3歳以上,2勝クラス,2026-08-29,pw01sde1007202603030620260829,清洲特別,06,（混合）［指定］,15時01分,牡4,https://www.jra.go.jp/JRADB/accessS.html?CNAME=pw01sde1007202603030620260829%2F92,ダート,1:13.6,,橋口 慎介,曇,定量,,
498(0),58.0,9  8,中京,PASS_HTML,1400,1,pw01dud102022104694/FB,ブルクトーア,4,亀田 温心,33.4,,03,03,8,3歳以上,3勝クラス,2026-08-29,pw01sde1007202603030720260829,長篠ステークス,07,（混合）（特指）,15時35分,牡4,https://www.jra.go.jp/JRADB/accessS.html?CNAME=pw01sde1007202603030720260829%2F47,芝,1:19.8,良,長谷川 浩大,曇,定量,,
472(+8),58.0,13  13,中京,PASS_HTML,1400,2,pw01dud102021106369/C9,チャンネルトンネル,5,団野 大成,33.0,ハナ,03,03,3,3歳以上,3勝クラス,2026-08-29,pw01sde1007202603030720260829,長篠ステークス,07,（混合）（特指）,15時35分,牡5,https://www.jra.go.jp/JRADB/accessS.html?CNAME=pw01sde1007202603030720260829%2F47,芝,1:19.8,良,福永 祐一,曇,定量,,
468(+2),56.0,5  4,中京,PASS_HTML,1400,3,pw01dud102022105435/9B,ボンヌソワレ,1,川田 将雅,33.9,１,03,03,2,3歳以上,3勝クラス,2026-08-29,pw01sde1007202603030720260829,長篠ステークス,07,（混合）（特指）,15時35分,牝4,https://www.jra.go.jp/JRADB/accessS.html?CNAME=pw01sde1007202603030720260829%2F47,芝,1:19.9,良,宮田 敬介,曇,定量,,
474(+4),58.0,4  4,中京,PASS_HTML,1400,4,pw01dud102022106123/01,ガンマジーティーピ,14,西村 淳也,34.0,クビ,03,03,5,3歳以上,3勝クラス,2026-08-29,pw01sde1007202603030720260829,長篠ステークス,07,（混合）（特指）,15時35分,牡4,https://www.jra.go.jp/JRADB/accessS.html?CNAME=pw01sde1007202603030720260829%2F47,芝,1:20.0,良,渡辺 薫彦,曇,定量,,
510(-2),58.0,10  10,中京,PASS_HTML,1400,5,pw01dud102022101573/6A,ポッドロワール,10,岩田 望来,33.5,１／２,03,03,1,3歳以上,3勝クラス,2026-08-29,pw01sde1007202603030720260829,長篠ステークス,07,（混合）（特指）,15時35分,牡4,https://www.jra.go.jp/JRADB/accessS.html?CNAME=pw01sde1007202603030720260829%2F47,芝,1:20.1,良,畠山 吉宏,曇,定量,,
426(-2),56.0,12  10,中京,PASS_HTML,1400,6,pw01dud102021104941/59,セシリエプラージュ,6,M.デムーロ,33.6,１,03,03,10,3歳以上,3勝クラス,2026-08-29,pw01sde1007202603030720260829,長篠ステークス,07,（混合）（特指）,15時35分,牝5,https://www.jra.go.jp/JRADB/accessS.html?CNAME=pw01sde1007202603030720260829%2F47,芝,1:20.2,良,中村 直也,曇,定量,,
510(+2),58.0,2  2,中京,PASS_HTML,1400,7,pw01dud102021103312/87,ロードマイライフ,2,長岡 禎仁,34.5,クビ,03,03,11,3歳以上,3勝クラス,2026-08-29,pw01sde1007202603030720260829,長篠ステークス,07,（混合）（特指）,15時35分,牡5,https://www.jra.go.jp/JRADB/accessS.html?CNAME=pw01sde1007202603030720260829%2F47,芝,1:20.3,良,佐藤 悠太,曇,定量,,
480(-2),58.0,13  13,中京,PASS_HTML,1400,8,pw01dud102020110039/AE,ユハンヌス,13,吉村 誠之助,33.5,アタマ,03,03,6,3歳以上,3勝クラス,2026-08-29,pw01sde1007202603030720260829,長篠ステークス,07,（混合）（特指）,15時35分,牡6,https://www.jra.go.jp/JRADB/accessS.html?CNAME=pw01sde1007202603030720260829%2F47,芝,1:20.3,良,大久保 龍志,曇,定量,,
486(+2),56.0,2  2,中京,PASS_HTML,1400,9,pw01dud102021105202/24,ポエットリー,12,富田 暁,34.5,クビ,03,03,12,3歳以上,3勝クラス,2026-08-29,pw01sde1007202603030720260829,長篠ステークス,07,（混合）（特指）,15時35分,牝5,https://www.jra.go.jp/JRADB/accessS.html?CNAME=pw01sde1007202603030720260829%2F47,芝,1:20.3,良,平田 修,曇,定量,,
482(-4),55.0,1  1,中京,PASS_HTML,1400,10,pw01dud102023110065/B6,ユウファラオ,15,中井 裕二,34.9,１／２,03,03,4,3歳以上,3勝クラス,2026-08-29,pw01sde1007202603030720260829,長篠ステークス,07,（混合）（特指）,15時35分,牡3,https://www.jra.go.jp/JRADB/accessS.html?CNAME=pw01sde1007202603030720260829%2F47,芝,1:20.4,良,森 秀行,曇,定量,,
474(-2),56.0,7  6,中京,PASS_HTML,1400,11,pw01dud102021101019/3B,コト,7,田口 貫太,34.2,１／２,03,03,9,3歳以上,3勝クラス,2026-08-29,pw01sde1007202603030720260829,長篠ステークス,07,（混合）（特指）,15時35分,牝5,https://www.jra.go.jp/JRADB/accessS.html?CNAME=pw01sde1007202603030720260829%2F47,芝,1:20.5,良,野中 賢二,曇,定量,,
492(-2),58.0,7  8,中京,PASS_HTML,1400,12,pw01dud102021105812/5A,ビップジーニー,3,田山 旺佑,34.1,ハナ,03,03,13,3歳以上,3勝クラス,2026-08-29,pw01sde1007202603030720260829,長篠ステークス,07,（混合）（特指）,15時35分,牡5,https://www.jra.go.jp/JRADB/accessS.html?CNAME=pw01sde1007202603030720260829%2F47,芝,1:20.5,良,松下 武士,曇,定量,,
482(0),58.0,13  13,中京,PASS_HTML,1400,13,pw01dud102019106739/52,ダークエクリプス,8,松若 風馬,33.7,１／２,03,03,15,3歳以上,3勝クラス,2026-08-29,pw01sde1007202603030720260829,長篠ステークス,07,（混合）（特指）,15時35分,牡7,https://www.jra.go.jp/JRADB/accessS.html?CNAME=pw01sde1007202603030720260829%2F47,芝,1:20.6,良,今野 貞一,曇,定量,,
488(-2),58.0,10  10,中京,PASS_HTML,1400,14,pw01dud102020100906/10,フライングブレード,11,幸 英明,34.1,クビ,03,03,14,3歳以上,3勝クラス,2026-08-29,pw01sde1007202603030720260829,長篠ステークス,07,（混合）（特指）,15時35分,牡6,https://www.jra.go.jp/JRADB/accessS.html?CNAME=pw01sde1007202603030720260829%2F47,芝,1:20.7,良,飯田 祐史,曇,定量,,
474(+6),58.0,6  6,中京,PASS_HTML,1400,15,pw01dud102022106603/D6,モジャーリオ,9,菱田 裕二,34.6,３／４,03,03,7,3歳以上,3勝クラス,2026-08-29,pw01sde1007202603030720260829,長篠ステークス,07,（混合）（特指）,15時35分,牡4,https://www.jra.go.jp/JRADB/accessS.html?CNAME=pw01sde1007202603030720260829%2F47,芝,1:20.8,良,斎藤 誠,曇,定量,,
498(-2),53.0,3  3,中京,PASS_HTML,1400,1,pw01dud102023106431/4A,トライアンフパス,6,松若 風馬,33.2,,03,03,2,3歳以上,2勝クラス,2026-08-29,pw01sde1007202603030820260829,桑名特別,08,（混合）［指定］,16時10分,牝3,https://www.jra.go.jp/JRADB/accessS.html?CNAME=pw01sde1007202603030820260829%2FFC,芝,1:19.6,良,宮 徹,曇,定量,,
496(-10),56.0,4  4,中京,PASS_HTML,1400,2,pw01dud102021105659/5D,アムールリーベ,4,荻野 琢真,33.2,クビ,03,03,8,3歳以上,2勝クラス,2026-08-29,pw01sde1007202603030820260829,桑名特別,08,（混合）［指定］,16時10分,牝5,https://www.jra.go.jp/JRADB/accessS.html?CNAME=pw01sde1007202603030820260829%2FFC,芝,1:19.7,良,宮地 貴稔,曇,定量,,
448(+2),56.0,9  10,中京,PASS_HTML,1400,3,pw01dud102022104647/04,エーデルヴェーグ,9,岩田 望来,32.6,クビ,03,03,3,3歳以上,2勝クラス,2026-08-29,pw01sde1007202603030820260829,桑名特別,08,（混合）［指定］,16時10分,牝4,https://www.jra.go.jp/JRADB/accessS.html?CNAME=pw01sde1007202603030820260829%2FFC,芝,1:19.7,良,田中 克典,曇,定量,,
486(0),56.0,2  2,中京,PASS_HTML,1400,4,pw01dud102022100642/09,キャッスルレイク,8,田口 貫太,33.6,クビ,03,03,5,3歳以上,2勝クラス,2026-08-29,pw01sde1007202603030820260829,桑名特別,08,（混合）［指定］,16時10分,牝4,https://www.jra.go.jp/JRADB/accessS.html?CNAME=pw01sde1007202603030820260829%2FFC,芝,1:19.8,良,松下 武士,曇,定量,,
466(+2),56.0,1  1,中京,PASS_HTML,1400,5,pw01dud102022104121/3D,カウンティフェア,1,田山 旺佑,34.0,１ 1/2,03,03,9,3歳以上,2勝クラス,2026-08-29,pw01sde1007202603030820260829,桑名特別,08,（混合）［指定］,16時10分,牝4,https://www.jra.go.jp/JRADB/accessS.html?CNAME=pw01sde1007202603030820260829%2FFC,芝,1:20.0,良,高野 友和,曇,定量,,
458(-6),56.0,6  5,中京,PASS_HTML,1400,6,pw01dud102021105540/11,サロニコス,3,西村 淳也,33.5,１／２,03,03,10,3歳以上,2勝クラス,2026-08-29,pw01sde1007202603030820260829,桑名特別,08,（混合）［指定］,16時10分,牝5,https://www.jra.go.jp/JRADB/accessS.html?CNAME=pw01sde1007202603030820260829%2FFC,芝,1:20.1,良,松下 武士,曇,定量,,
540(-8),58.0,8  8,中京,PASS_HTML,1400,7,pw01dud102022102153/75,ダガーリング,14,坂井 瑠星,33.2,クビ,03,03,1,3歳以上,2勝クラス,2026-08-29,pw01sde1007202603030820260829,桑名特別,08,（混合）［指定］,16時10分,牡4,https://www.jra.go.jp/JRADB/accessS.html?CNAME=pw01sde1007202603030820260829%2FFC,芝,1:20.1,良,柴田 卓,曇,定量,,
528(+20),58.0,6  5,中京,PASS_HTML,1400,8,pw01dud102021105584/1D,ツーネサーン,2,富田 暁,33.5,クビ,03,03,7,3歳以上,2勝クラス,2026-08-29,pw01sde1007202603030820260829,桑名特別,08,（混合）［指定］,16時10分,牡5,https://www.jra.go.jp/JRADB/accessS.html?CNAME=pw01sde1007202603030820260829%2FFC,芝,1:20.2,良,矢作 芳人,曇,定量,,
484(+14),56.0,9  8,中京,PASS_HTML,1400,9,pw01dud102022104180/2A,ワンコールアウェイ,10,吉村 誠之助,33.3,アタマ,03,03,4,3歳以上,2勝クラス,2026-08-29,pw01sde1007202603030820260829,桑名特別,08,（混合）［指定］,16時10分,牝4,https://www.jra.go.jp/JRADB/accessS.html?CNAME=pw01sde1007202603030820260829%2FFC,芝,1:20.2,良,杉山 晴紀,曇,定量,,
454(-8),58.0,11  11,中京,PASS_HTML,1400,10,pw01dud102018104534/47,アスクキングコング,11,藤懸 貴志,33.1,１,03,03,13,3歳以上,2勝クラス,2026-08-29,pw01sde1007202603030820260829,桑名特別,08,（混合）［指定］,16時10分,せん8,https://www.jra.go.jp/JRADB/accessS.html?CNAME=pw01sde1007202603030820260829%2FFC,芝,1:20.3,良,梅田 智之,曇,定量,,
506(-4),58.0,5  5,中京,PASS_HTML,1400,11,pw01dud102020105299/4D,リアライズ,7,角田 大和,34.1,２,03,03,6,3歳以上,2勝クラス,2026-08-29,pw01sde1007202603030820260829,桑名特別,08,（混合）［指定］,16時10分,牡6,https://www.jra.go.jp/JRADB/accessS.html?CNAME=pw01sde1007202603030820260829%2FFC,芝,1:20.7,良,石橋 守,曇,定量,,
460(+10),56.0,13  13,中京,PASS_HTML,1400,12,pw01dud102019106280/A2,サクラオーラ,5,酒井 学,33.5,１ 1/4,03,03,11,3歳以上,2勝クラス,2026-08-29,pw01sde1007202603030820260829,桑名特別,08,（混合）［指定］,16時10分,牝7,https://www.jra.go.jp/JRADB/accessS.html?CNAME=pw01sde1007202603030820260829%2FFC,芝,1:20.9,良,河嶋 宏樹,曇,定量,,
452(-2),58.0,14  14,中京,PASS_HTML,1400,13,pw01dud102018103473/F4,サヴァビアン,12,秋山 稔樹,33.4,１,03,03,14,3歳以上,2勝クラス,2026-08-29,pw01sde1007202603030820260829,桑名特別,08,（混合）［指定］,16時10分,牡8,https://www.jra.go.jp/JRADB/accessS.html?CNAME=pw01sde1007202603030820260829%2FFC,芝,1:21.0,良,新開 幸一,曇,定量,,
476(0),56.0,11  11,中京,PASS_HTML,1400,14,pw01dud102022104597/23,モンテディアーナ,13,団野 大成,35.6,大差,03,03,12,3歳以上,2勝クラス,2026-08-29,pw01sde1007202603030820260829,桑名特別,08,（混合）［指定］,16時10分,牝4,https://www.jra.go.jp/JRADB/accessS.html?CNAME=pw01sde1007202603030820260829%2FFC,芝,1:22.8,良,四位 洋文,曇,定量,,
458(+8),51.0,1  1  1  1,中京,QUARANTINED_HTML:track_condition,1800,1,pw01dud102023104372/EE,セレーノ,4,◇永島 まなみ,37.2,,03,03,2,3歳以上,1勝クラス,2026-08-29,pw01sde1007202603030920260829,3歳以上1勝クラス,09,牝［指定］,16時45分,牝3,https://www.jra.go.jp/JRADB/accessS.html?CNAME=pw01sde1007202603030920260829%2FB1,ダート,1:54.5,,高橋 亮,曇,定量,,
466(-2),53.0,3  3  2  3,中京,QUARANTINED_HTML:track_condition,1800,2,pw01dud102023105462/FE,クラテロス,5,岩田 望来,37.3,１ 1/4,03,03,4,3歳以上,1勝クラス,2026-08-29,pw01sde1007202603030920260829,3歳以上1勝クラス,09,牝［指定］,16時45分,牝3,https://www.jra.go.jp/JRADB/accessS.html?CNAME=pw01sde1007202603030920260829%2FB1,ダート,1:54.7,,寺島 良,曇,定量,,
456(+8),56.0,4  4  5  5,中京,QUARANTINED_HTML:track_condition,1800,3,pw01dud102022106185/47,ラグナトーレ,1,中井 裕二,37.1,ハナ,03,03,8,3歳以上,1勝クラス,2026-08-29,pw01sde1007202603030920260829,3歳以上1勝クラス,09,牝［指定］,16時45分,牝4,https://www.jra.go.jp/JRADB/accessS.html?CNAME=pw01sde1007202603030920260829%2FB1,ダート,1:54.7,,角田 晃一,曇,定量,,
464(-4),56.0,6  6  2  3,中京,QUARANTINED_HTML:track_condition,1800,4,pw01dud102022105794/1B,ラテライト,6,菱田 裕二,37.3,ハナ,03,03,5,3歳以上,1勝クラス,2026-08-29,pw01sde1007202603030920260829,3歳以上1勝クラス,09,牝［指定］,16時45分,牝4,https://www.jra.go.jp/JRADB/accessS.html?CNAME=pw01sde1007202603030920260829%2FB1,ダート,1:54.7,,橋田 宜長,曇,定量,,
452(+6),54.0,2  2  2  2,中京,QUARANTINED_HTML:track_condition,1800,5,pw01dud102021103293/49,リアンクトワ,7,△柴田 裕一郎,37.3,クビ,03,03,7,3歳以上,1勝クラス,2026-08-29,pw01sde1007202603030920260829,3歳以上1勝クラス,09,牝［指定］,16時45分,牝5,https://www.jra.go.jp/JRADB/accessS.html?CNAME=pw01sde1007202603030920260829%2FB1,ダート,1:54.7,,辻野 泰之,曇,定量,,
514(+2),53.0,9  8  5  7,中京,QUARANTINED_HTML:track_condition,1800,6,pw01dud102023106568/D0,メイショウアカリ,9,太宰 啓介,37.9,５,03,03,1,3歳以上,1勝クラス,2026-08-29,pw01sde1007202603030920260829,3歳以上1勝クラス,09,牝［指定］,16時45分,牝3,https://www.jra.go.jp/JRADB/accessS.html?CNAME=pw01sde1007202603030920260829%2FB1,ダート,1:55.6,,松下 武士,曇,定量,,
436(-4),52.0,4  4  5  8,中京,QUARANTINED_HTML:track_condition,1800,7,pw01dud102023102701/F1,ブラッドムーン,2,☆田山 旺佑,38.1,１,03,03,6,3歳以上,1勝クラス,2026-08-29,pw01sde1007202603030920260829,3歳以上1勝クラス,09,牝［指定］,16時45分,牝3,https://www.jra.go.jp/JRADB/accessS.html?CNAME=pw01sde1007202603030920260829%2FB1,ダート,1:55.8,,宮本 博,曇,定量,,
486(-4),53.0,7  7  5  5,中京,QUARANTINED_HTML:track_condition,1800,8,pw01dud102023103169/B2,シエーナカラー,8,酒井 学,38.1,アタマ,03,03,3,3歳以上,1勝クラス,2026-08-29,pw01sde1007202603030920260829,3歳以上1勝クラス,09,牝［指定］,16時45分,牝3,https://www.jra.go.jp/JRADB/accessS.html?CNAME=pw01sde1007202603030920260829%2FB1,ダート,1:55.8,,北出 成人,曇,定量,,
492(+2),56.0,7  8  9  9,中京,QUARANTINED_HTML:track_condition,1800,9,pw01dud102022105954/3D,コンテナライン,3,鮫島 良太,38.4,５,03,03,9,3歳以上,1勝クラス,2026-08-29,pw01sde1007202603030920260829,3歳以上1勝クラス,09,牝［指定］,16時45分,牝4,https://www.jra.go.jp/JRADB/accessS.html?CNAME=pw01sde1007202603030920260829%2FB1,ダート,1:56.6,,牧浦 充徳,曇,定量,,
452(+12),53.0,10  10,中京,QUARANTINED_HTML:track_condition,1400,1,pw01dud102023104060/65,ジャンヌドゥレーヴ,16,中井 裕二,36.5,,03,03,2,3歳以上,1勝クラス,2026-08-29,pw01sde1007202603031020260829,3歳以上1勝クラス,10,（混合）［指定］,17時15分,牝3,https://www.jra.go.jp/JRADB/accessS.html?CNAME=pw01sde1007202603031020260829%2FA6,ダート,1:24.3,,角田 晃一,曇,定量,,
422(+4),52.0,6  6,中京,QUARANTINED_HTML:track_condition,1400,2,pw01dud102023105027/39,タイニーワンダー,4,☆田山 旺佑,36.7,クビ,03,03,1,3歳以上,1勝クラス,2026-08-29,pw01sde1007202603031020260829,3歳以上1勝クラス,10,（混合）［指定］,17時15分,牝3,https://www.jra.go.jp/JRADB/accessS.html?CNAME=pw01sde1007202603031020260829%2FA6,ダート,1:24.3,,四位 洋文,曇,定量,,
464(+6),58.0,3  3,中京,QUARANTINED_HTML:track_condition,1400,3,pw01dud102022103229/17,ウォーターパラディ,7,国分 恭介,37.0,１,03,03,11,3歳以上,1勝クラス,2026-08-29,pw01sde1007202603031020260829,3歳以上1勝クラス,10,（混合）［指定］,17時15分,牡4,https://www.jra.go.jp/JRADB/accessS.html?CNAME=pw01sde1007202603031020260829%2FA6,ダート,1:24.5,,岡田 稲男,曇,定量,,
518(+2),55.0,3  3,中京,QUARANTINED_HTML:track_condition,1400,4,pw01dud102023110029/42,ジューンセクレタ,6,富田 暁,37.1,ハナ,03,03,3,3歳以上,1勝クラス,2026-08-29,pw01sde1007202603031020260829,3歳以上1勝クラス,10,（混合）［指定］,17時15分,牡3,https://www.jra.go.jp/JRADB/accessS.html?CNAME=pw01sde1007202603031020260829%2FA6,ダート,1:24.5,,武 英智,曇,定量,,
444(-2),55.0,6  6,中京,QUARANTINED_HTML:track_condition,1400,5,pw01dud102023106323/EF,ワイドグンサ,1,西村 淳也,37.0,１／２,03,03,4,3歳以上,1勝クラス,2026-08-29,pw01sde1007202603031020260829,3歳以上1勝クラス,10,（混合）［指定］,17時15分,牡3,https://www.jra.go.jp/JRADB/accessS.html?CNAME=pw01sde1007202603031020260829%2FA6,ダート,1:24.6,,庄野 靖志,曇,定量,,
442(-6),51.0,2  2,中京,QUARANTINED_HTML:track_condition,1400,6,pw01dud102023101004/04,ハンザキ,14,◇永島 まなみ,37.3,クビ,03,03,13,3歳以上,1勝クラス,2026-08-29,pw01sde1007202603031020260829,3歳以上1勝クラス,10,（混合）［指定］,17時15分,牝3,https://www.jra.go.jp/JRADB/accessS.html?CNAME=pw01sde1007202603031020260829%2FA6,ダート,1:24.6,,高橋 義忠,曇,定量,,
500(+10),58.0,10  10,中京,QUARANTINED_HTML:track_condition,1400,7,pw01dud102022103634/AC,メイショウサトノヒ,8,幸 英明,36.9,３／４,03,03,14,3歳以上,1勝クラス,2026-08-29,pw01sde1007202603031020260829,3歳以上1勝クラス,10,（混合）［指定］,17時15分,牡4,https://www.jra.go.jp/JRADB/accessS.html?CNAME=pw01sde1007202603031020260829%2FA6,ダート,1:24.8,,長谷川 浩大,曇,定量,,
460(-4),53.0,16  16,中京,QUARANTINED_HTML:track_condition,1400,8,pw01dud102023100566/50,ハッピーラブソング,3,菱田 裕二,36.5,１／２,03,03,16,3歳以上,1勝クラス,2026-08-29,pw01sde1007202603031020260829,3歳以上1勝クラス,10,（混合）［指定］,17時15分,牝3,https://www.jra.go.jp/JRADB/accessS.html?CNAME=pw01sde1007202603031020260829%2FA6,ダート,1:24.9,,牧浦 充徳,曇,定量,,
492(+2),53.0,6  6,中京,QUARANTINED_HTML:track_condition,1400,9,pw01dud102022105011/EB,リンゲルブルーメ,10,▲川端 海翼,37.3,クビ,03,03,7,3歳以上,1勝クラス,2026-08-29,pw01sde1007202603031020260829,3歳以上1勝クラス,10,（混合）［指定］,17時15分,牝4,https://www.jra.go.jp/JRADB/accessS.html?CNAME=pw01sde1007202603031020260829%2FA6,ダート,1:24.9,,佐藤 悠太,曇,定量,,
460(-2),58.0,13  13,中京,QUARANTINED_HTML:track_condition,1400,10,pw01dud102022101403/C9,タイセイレグノ,15,国分 優作,36.8,１／２,03,03,12,3歳以上,1勝クラス,2026-08-29,pw01sde1007202603031020260829,3歳以上1勝クラス,10,（混合）［指定］,17時15分,せん4,https://www.jra.go.jp/JRADB/accessS.html?CNAME=pw01sde1007202603031020260829%2FA6,ダート,1:25.0,,浜田 多実雄,曇,定量,,
480(+3),56.0,13  13,中京,QUARANTINED_HTML:track_condition,1400,11,pw01dud102022110082/F1,パヴィーア,2,岩田 望来,36.9,ハナ,03,03,6,3歳以上,1勝クラス,2026-08-29,pw01sde1007202603031020260829,3歳以上1勝クラス,10,（混合）［指定］,17時15分,牝4,https://www.jra.go.jp/JRADB/accessS.html?CNAME=pw01sde1007202603031020260829%2FA6,ダート,1:25.0,,田中 克典,曇,定量,,
452(0),56.0,13  15,中京,QUARANTINED_HTML:track_condition,1400,12,pw01dud102022104391/0F,ヴィヴァシャス,5,角田 大和,36.9,アタマ,03,03,15,3歳以上,1勝クラス,2026-08-29,pw01sde1007202603031020260829,3歳以上1勝クラス,10,（混合）［指定］,17時15分,牝4,https://www.jra.go.jp/JRADB/accessS.html?CNAME=pw01sde1007202603031020260829%2FA6,ダート,1:25.0,,笹田 和秀,曇,定量,,
502(+8),56.0,10  12,中京,QUARANTINED_HTML:track_condition,1400,13,pw01dud102021100540/66,アルプスオジョー,11,田口 貫太,37.5,２ 1/2,03,03,8,3歳以上,1勝クラス,2026-08-29,pw01sde1007202603031020260829,3歳以上1勝クラス,10,（混合）［指定］,17時15分,牝5,https://www.jra.go.jp/JRADB/accessS.html?CNAME=pw01sde1007202603031020260829%2FA6,ダート,1:25.4,,手塚 貴徳,曇,定量,,
516(+5),53.0,1  1,中京,QUARANTINED_HTML:track_condition,1400,14,pw01dud102023100978/0A,マダムカマラード,12,秋山 稔樹,38.6,２ 1/2,03,03,5,3歳以上,1勝クラス,2026-08-29,pw01sde1007202603031020260829,3歳以上1勝クラス,10,（混合）［指定］,17時15分,牝3,https://www.jra.go.jp/JRADB/accessS.html?CNAME=pw01sde1007202603031020260829%2FA6,ダート,1:25.8,,宮 徹,曇,定量,,
544(+24),58.0,3  3,中京,QUARANTINED_HTML:track_condition,1400,15,pw01dud102021110107/55,グランメドウ,13,坂井 瑠星,39.4,６,03,03,9,3歳以上,1勝クラス,2026-08-29,pw01sde1007202603031020260829,3歳以上1勝クラス,10,（混合）［指定］,17時15分,牡5,https://www.jra.go.jp/JRADB/accessS.html?CNAME=pw01sde1007202603031020260829%2FA6,ダート,1:26.8,,藤岡 健一,曇,定量,,
452(+2),53.0,6  6,中京,QUARANTINED_HTML:track_condition,1400,16,pw01dud102023105427/FD,ピョイットハレルヤ,9,松若 風馬,39.2,クビ,03,03,10,3歳以上,1勝クラス,2026-08-29,pw01sde1007202603031020260829,3歳以上1勝クラス,10,（混合）［指定］,17時15分,牝3,https://www.jra.go.jp/JRADB/accessS.html?CNAME=pw01sde1007202603031020260829%2FA6,ダート,1:26.8,,浜田 多実雄,曇,定量,,
494(+2),54.0,5  5  5,中京,PASS_HTML,1600,1,pw01dud102023103783/46,ヴォーカライズ,9,☆田山 旺佑,33.6,,03,03,2,3歳以上,1勝クラス,2026-08-29,pw01sde1007202603031120260829,3歳以上1勝クラス,11,（混合）（特指）,17時45分,牡3,https://www.jra.go.jp/JRADB/accessS.html?CNAME=pw01sde1007202603031120260829%2F5B,芝,1:32.1,良,高野 友和,雨,定量,,
436(+2),55.0,6  6  6,中京,PASS_HTML,1600,2,pw01dud102023104430/F9,リアンマヒナ,4,岩田 望来,33.8,２,03,03,3,3歳以上,1勝クラス,2026-08-29,pw01sde1007202603031120260829,3歳以上1勝クラス,11,（混合）（特指）,17時45分,牡3,https://www.jra.go.jp/JRADB/accessS.html?CNAME=pw01sde1007202603031120260829%2F5B,芝,1:32.4,良,高橋 一哉,雨,定量,,
430(+2),56.0,8  8  8,中京,PASS_HTML,1600,3,pw01dud102022104824/ED,エンベッカ,2,西村 淳也,33.9,１ 1/2,03,03,10,3歳以上,1勝クラス,2026-08-29,pw01sde1007202603031120260829,3歳以上1勝クラス,11,（混合）（特指）,17時45分,牝4,https://www.jra.go.jp/JRADB/accessS.html?CNAME=pw01sde1007202603031120260829%2F5B,芝,1:32.7,良,柴田 卓,雨,定量,,
468(+6),55.0,8  8  8,中京,PASS_HTML,1600,4,pw01dud102023106614/E5,レッドリガーレ,6,幸 英明,34.0,１ 1/4,03,03,7,3歳以上,1勝クラス,2026-08-29,pw01sde1007202603031120260829,3歳以上1勝クラス,11,（混合）（特指）,17時45分,牡3,https://www.jra.go.jp/JRADB/accessS.html?CNAME=pw01sde1007202603031120260829%2F5B,芝,1:32.9,良,斉藤 崇史,雨,定量,,
484(-2),56.0,11  11  10,中京,PASS_HTML,1600,5,pw01dud102021105022/E2,グローブアマランス,12,田口 貫太,33.8,ハナ,03,03,5,3歳以上,1勝クラス,2026-08-29,pw01sde1007202603031120260829,3歳以上1勝クラス,11,（混合）（特指）,17時45分,牝5,https://www.jra.go.jp/JRADB/accessS.html?CNAME=pw01sde1007202603031120260829%2F5B,芝,1:32.9,良,中尾 秀正,雨,定量,,
444(+2),53.0,3  3  3,中京,PASS_HTML,1600,6,pw01dud102023102996/22,エイズルブルーム,10,国分 優作,34.7,ハナ,03,03,6,3歳以上,1勝クラス,2026-08-29,pw01sde1007202603031120260829,3歳以上1勝クラス,11,（混合）（特指）,17時45分,牝3,https://www.jra.go.jp/JRADB/accessS.html?CNAME=pw01sde1007202603031120260829%2F5B,芝,1:32.9,良,坂口 智康,雨,定量,,
464(+2),56.0,6  6  7,中京,PASS_HTML,1600,7,pw01dud102022106715/FD,ギザキズラヴ,11,藤懸 貴志,34.4,１ 1/4,03,03,11,3歳以上,1勝クラス,2026-08-29,pw01sde1007202603031120260829,3歳以上1勝クラス,11,（混合）（特指）,17時45分,牝4,https://www.jra.go.jp/JRADB/accessS.html?CNAME=pw01sde1007202603031120260829%2F5B,芝,1:33.1,良,加藤 公太,雨,定量,,
520(+4),55.0,2  2  2,中京,PASS_HTML,1600,8,pw01dud102023101577/C2,フレイムスター,8,吉村 誠之助,35.2,１,03,03,9,3歳以上,1勝クラス,2026-08-29,pw01sde1007202603031120260829,3歳以上1勝クラス,11,（混合）（特指）,17時45分,牡3,https://www.jra.go.jp/JRADB/accessS.html?CNAME=pw01sde1007202603031120260829%2F5B,芝,1:33.2,良,清水 久詞,雨,定量,,
472(+6),53.0,1  1  1,中京,PASS_HTML,1600,9,pw01dud102023105804/48,ファルカータ,3,坂井 瑠星,35.4,クビ,03,03,1,3歳以上,1勝クラス,2026-08-29,pw01sde1007202603031120260829,3歳以上1勝クラス,11,（混合）（特指）,17時45分,牝3,https://www.jra.go.jp/JRADB/accessS.html?CNAME=pw01sde1007202603031120260829%2F5B,芝,1:33.3,良,友道 康夫,雨,定量,,
484(-4),56.0,10  10  10,中京,PASS_HTML,1600,10,pw01dud102022103100/BB,リオンプライム,13,中井 裕二,34.3,１,03,03,13,3歳以上,1勝クラス,2026-08-29,pw01sde1007202603031120260829,3歳以上1勝クラス,11,（混合）（特指）,17時45分,牝4,https://www.jra.go.jp/JRADB/accessS.html?CNAME=pw01sde1007202603031120260829%2F5B,芝,1:33.4,良,鈴木 孝志,雨,定量,,
436(-2),58.0,13  13  13,中京,PASS_HTML,1600,11,pw01dud102022106354/06,オーバースタンド,1,松若 風馬,34.1,１,03,03,4,3歳以上,1勝クラス,2026-08-29,pw01sde1007202603031120260829,3歳以上1勝クラス,11,（混合）（特指）,17時45分,牡4,https://www.jra.go.jp/JRADB/accessS.html?CNAME=pw01sde1007202603031120260829%2F5B,芝,1:33.6,良,小崎 憲,雨,定量,,
444(0),58.0,12  12  12,中京,PASS_HTML,1600,12,pw01dud102022103251/AF,メイショウビストロ,5,菱田 裕二,34.3,クビ,03,03,8,3歳以上,1勝クラス,2026-08-29,pw01sde1007202603031120260829,3歳以上1勝クラス,11,（混合）（特指）,17時45分,牡4,https://www.jra.go.jp/JRADB/accessS.html?CNAME=pw01sde1007202603031120260829%2F5B,芝,1:33.6,良,岡田 稲男,雨,定量,,
488(+2),55.0,3  3  4,中京,PASS_HTML,1600,13,pw01dud102023110023/90,チャンピオンロード,7,富田 暁,36.0,５,03,03,12,3歳以上,1勝クラス,2026-08-29,pw01sde1007202603031120260829,3歳以上1勝クラス,11,（混合）（特指）,17時45分,牡3,https://www.jra.go.jp/JRADB/accessS.html?CNAME=pw01sde1007202603031120260829%2F5B,芝,1:34.4,良,矢作 芳人,雨,定量,,
448(-8),55.0,2  2  2  2,中京,QUARANTINED_HTML:track_condition,1800,1,pw01dud102023110010/27,トラッドロア,12,富田 暁,37.7,,03,03,10,3歳,未勝利,2026-08-29,pw01sde1007202603031220260829,3歳未勝利,12,（混合）［指定］,18時15分,牝3,https://www.jra.go.jp/JRADB/accessS.html?CNAME=pw01sde1007202603031220260829%2F10,ダート,1:54.5,,高野 友和,曇,馬齢,,
514(0),57.0,3  3  3  3,中京,QUARANTINED_HTML:track_condition,1800,2,pw01dud102023104330/C8,タガノランパート,3,田口 貫太,37.7,１,03,03,2,3歳,未勝利,2026-08-29,pw01sde1007202603031220260829,3歳未勝利,12,（混合）［指定］,18時15分,牡3,https://www.jra.go.jp/JRADB/accessS.html?CNAME=pw01sde1007202603031220260829%2F10,ダート,1:54.7,,奥村 豊,曇,馬齢,,
450(+4),57.0,7  7  5  6,中京,QUARANTINED_HTML:track_condition,1800,3,pw01dud102023104872/E3,ゴールデンドラゴン,2,松若 風馬,37.7,１ 1/4,03,03,1,3歳,未勝利,2026-08-29,pw01sde1007202603031220260829,3歳未勝利,12,（混合）［指定］,18時15分,牡3,https://www.jra.go.jp/JRADB/accessS.html?CNAME=pw01sde1007202603031220260829%2F10,ダート,1:54.9,,宮本 博,曇,馬齢,,
460(-4),55.0,5  5  7  6,中京,QUARANTINED_HTML:track_condition,1800,4,pw01dud102023110041/CA,クロレ,1,坂井 瑠星,37.5,ハナ,03,03,4,3歳,未勝利,2026-08-29,pw01sde1007202603031220260829,3歳未勝利,12,（混合）［指定］,18時15分,牝3,https://www.jra.go.jp/JRADB/accessS.html?CNAME=pw01sde1007202603031220260829%2F10,ダート,1:54.9,,福永 祐一,曇,馬齢,,
470(-8),57.0,1  1  1  1,中京,QUARANTINED_HTML:track_condition,1800,5,pw01dud102023104940/FE,メイショウハーブス,11,藤懸 貴志,38.7,３ 1/2,03,03,5,3歳,未勝利,2026-08-29,pw01sde1007202603031220260829,3歳未勝利,12,（混合）［指定］,18時15分,牡3,https://www.jra.go.jp/JRADB/accessS.html?CNAME=pw01sde1007202603031220260829%2F10,ダート,1:55.5,,高橋 義忠,曇,馬齢,,
458(0),57.0,5  5  5  3,中京,QUARANTINED_HTML:track_condition,1800,6,pw01dud102023103239/B3,シャイニングスター,5,幸 英明,39.2,５,03,03,6,3歳,未勝利,2026-08-29,pw01sde1007202603031220260829,3歳未勝利,12,（混合）［指定］,18時15分,牡3,https://www.jra.go.jp/JRADB/accessS.html?CNAME=pw01sde1007202603031220260829%2F10,ダート,1:56.3,,小椋 研介,曇,馬齢,,
482(-6),57.0,3  3  3  3,中京,QUARANTINED_HTML:track_condition,1800,7,pw01dud102023104379/13,サマーナジュム,13,中井 裕二,39.5,１ 1/4,03,03,12,3歳,未勝利,2026-08-29,pw01sde1007202603031220260829,3歳未勝利,12,（混合）［指定］,18時15分,牡3,https://www.jra.go.jp/JRADB/accessS.html?CNAME=pw01sde1007202603031220260829%2F10,ダート,1:56.5,,角田 晃一,曇,馬齢,,
502(-4),57.0,13  13  13  12,中京,QUARANTINED_HTML:track_condition,1800,8,pw01dud102023101043/D1,メイショウジンソウ,14,太宰 啓介,38.6,クビ,03,03,9,3歳,未勝利,2026-08-29,pw01sde1007202603031220260829,3歳未勝利,12,（混合）［指定］,18時15分,牡3,https://www.jra.go.jp/JRADB/accessS.html?CNAME=pw01sde1007202603031220260829%2F10,ダート,1:56.5,,本田 優,曇,馬齢,,
488(-10),57.0,13  13  13  12,中京,QUARANTINED_HTML:track_condition,1800,9,pw01dud102023101412/F2,クリコバロー,4,酒井 学,38.6,クビ,03,03,8,3歳,未勝利,2026-08-29,pw01sde1007202603031220260829,3歳未勝利,12,（混合）［指定］,18時15分,牡3,https://www.jra.go.jp/JRADB/accessS.html?CNAME=pw01sde1007202603031220260829%2F10,ダート,1:56.6,,渡辺 薫彦,曇,馬齢,,
460(0),57.0,7  7  7  8,中京,QUARANTINED_HTML:track_condition,1800,10,pw01dud102023102887/54,クロームクロス,9,菱田 裕二,39.2,ハナ,03,03,11,3歳,未勝利,2026-08-29,pw01sde1007202603031220260829,3歳未勝利,12,（混合）［指定］,18時15分,牡3,https://www.jra.go.jp/JRADB/accessS.html?CNAME=pw01sde1007202603031220260829%2F10,ダート,1:56.6,,西園 翔太,曇,馬齢,,
484(+22),57.0,9  9  7  8,中京,QUARANTINED_HTML:track_condition,1800,11,pw01dud102023106896/AD,シホノグラツィア,8,団野 大成,39.2,ハナ,03,03,3,3歳,未勝利,2026-08-29,pw01sde1007202603031220260829,3歳未勝利,12,（混合）［指定］,18時15分,牡3,https://www.jra.go.jp/JRADB/accessS.html?CNAME=pw01sde1007202603031220260829%2F10,ダート,1:56.6,,佐藤 悠太,曇,馬齢,,
458(-12),56.0,12  11  10  11,中京,QUARANTINED_HTML:track_condition,1800,12,pw01dud102023107528/7F,ブクブクー,6,☆田山 旺佑,39.4,３,03,03,7,3歳,未勝利,2026-08-29,pw01sde1007202603031220260829,3歳未勝利,12,（混合）［指定］,18時15分,牡3,https://www.jra.go.jp/JRADB/accessS.html?CNAME=pw01sde1007202603031220260829%2F10,ダート,1:57.1,,小栗 実,曇,馬齢,,
426(-13),53.0,9  9  10  8,中京,QUARANTINED_HTML:track_condition,1800,13,pw01dud102023100305/1B,ベルラフィネ,7,△柴田 裕一郎,40.4,６,03,03,14,3歳,未勝利,2026-08-29,pw01sde1007202603031220260829,3歳未勝利,12,（混合）［指定］,18時15分,牝3,https://www.jra.go.jp/JRADB/accessS.html?CNAME=pw01sde1007202603031220260829%2F10,ダート,1:58.1,,岡田 稲男,曇,馬齢,,
472(+6),57.0,11  11  10  14,中京,QUARANTINED_HTML:track_condition,1800,14,pw01dud102023100855/60,ガラード,10,吉村 誠之助,50.5,大差,03,03,13,3歳,未勝利,2026-08-29,pw01sde1007202603031220260829,3歳未勝利,12,（混合）［指定］,18時15分,牡3,https://www.jra.go.jp/JRADB/accessS.html?CNAME=pw01sde1007202603031220260829%2F10,ダート,2:08.2,,杉山 佳明,曇,馬齢,,
448(+2),55.0,6  6,中京,PASS_HTML,1400,1,pw01dud102024106976/4A,ヴィヴェローネ,8,松山 弘平,33.7,,04,03,1,2歳,未勝利,2026-08-30,pw01sde1007202603040120260830,2歳未勝利,01,[指定],9時50分,牝2,https://www.jra.go.jp/JRADB/accessS.html?CNAME=pw01sde1007202603040120260830%2F31,芝,1:20.6,良,高野 友和,晴,馬齢,,
442(-4),55.0,2  2,中京,PASS_HTML,1400,2,pw01dud102024103655/57,コスモルミナ,5,団野 大成,34.5,２ 1/2,04,03,4,2歳,未勝利,2026-08-30,pw01sde1007202603040120260830,2歳未勝利,01,[指定],9時50分,牡2,https://www.jra.go.jp/JRADB/accessS.html?CNAME=pw01sde1007202603040120260830%2F31,芝,1:21.0,良,宮地 貴稔,晴,馬齢,,
436(0),55.0,3  2,中京,PASS_HTML,1400,3,pw01dud102024101437/DD,コジアン,4,吉村 誠之助,34.5,１／２,04,03,5,2歳,未勝利,2026-08-30,pw01sde1007202603040120260830,2歳未勝利,01,[指定],9時50分,牡2,https://www.jra.go.jp/JRADB/accessS.html?CNAME=pw01sde1007202603040120260830%2F31,芝,1:21.1,良,小椋 研介,晴,馬齢,,
430(+2),55.0,3  4,中京,PASS_HTML,1400,4,pw01dud102024102958/54,ロンリーマン,7,太宰 啓介,34.3,クビ,04,03,6,2歳,未勝利,2026-08-30,pw01sde1007202603040120260830,2歳未勝利,01,[指定],9時50分,牡2,https://www.jra.go.jp/JRADB/accessS.html?CNAME=pw01sde1007202603040120260830%2F31,芝,1:21.1,良,荒川 義之,晴,馬齢,,
412(0),55.0,1  1,中京,PASS_HTML,1400,5,pw01dud102024104182/28,スターオブザイヤー,9,松若 風馬,34.8,クビ,04,03,2,2歳,未勝利,2026-08-30,pw01sde1007202603040120260830,2歳未勝利,01,[指定],9時50分,牝2,https://www.jra.go.jp/JRADB/accessS.html?CNAME=pw01sde1007202603040120260830%2F31,芝,1:21.2,良,井上 智史,晴,馬齢,,
432(0),52.0,7  8,中京,PASS_HTML,1400,6,pw01dud102024100505/09,ナポリ,2,▲川端 海翼,34.8,５,04,03,8,2歳,未勝利,2026-08-30,pw01sde1007202603040120260830,2歳未勝利,01,[指定],9時50分,牝2,https://www.jra.go.jp/JRADB/accessS.html?CNAME=pw01sde1007202603040120260830%2F31,芝,1:22.0,良,井上 智史,晴,馬齢,,
446(-2),54.0,5  4,中京,PASS_HTML,1400,7,pw01dud102024107310/01,スピーディスピン,3,☆田山 旺佑,35.3,１／２,04,03,3,2歳,未勝利,2026-08-30,pw01sde1007202603040120260830,2歳未勝利,01,[指定],9時50分,牝2,https://www.jra.go.jp/JRADB/accessS.html?CNAME=pw01sde1007202603040120260830%2F31,芝,1:22.1,良,加藤 公太,晴,馬齢,,
466(+10),55.0,7  8,中京,PASS_HTML,1400,8,pw01dud102024100510/DA,ダイメイアゲイン,6,川須 栄彦,35.4,３,04,03,9,2歳,未勝利,2026-08-30,pw01sde1007202603040120260830,2歳未勝利,01,[指定],9時50分,牡2,https://www.jra.go.jp/JRADB/accessS.html?CNAME=pw01sde1007202603040120260830%2F31,芝,1:22.6,良,秋山 真一郎,晴,馬齢,,
434(-6),53.0,7  6,中京,PASS_HTML,1400,9,pw01dud102024104028/49,ビップルーチェ,1,◇永島 まなみ,36.0,２ 1/2,04,03,7,2歳,未勝利,2026-08-30,pw01sde1007202603040120260830,2歳未勝利,01,[指定],9時50分,牝2,https://www.jra.go.jp/JRADB/accessS.html?CNAME=pw01sde1007202603040120260830%2F31,芝,1:23.0,良,田島 俊明,晴,馬齢,,
450(-2),52.0,10  10,中京,PASS_HTML,1400,10,pw01dud102024104826/EB,ヤマトデュノール,10,▲森田 誠也,36.0,２ 1/2,04,03,10,2歳,未勝利,2026-08-30,pw01sde1007202603040120260830,2歳未勝利,01,[指定],9時50分,牡2,https://www.jra.go.jp/JRADB/accessS.html?CNAME=pw01sde1007202603040120260830%2F31,芝,1:23.4,良,安達 昭夫,晴,馬齢,,
452(初出走),55.0,9  9  9,中京,PASS_HTML,1600,1,pw01dud102024102272/6B,メイショウセイクウ,8,松若 風馬,33.4,,04,03,5,2歳,新馬,2026-08-30,pw01sde1007202603040220260830,メイクデビュー中京,02,（混合）［指定］,10時25分,牡2,https://www.jra.go.jp/JRADB/accessS.html?CNAME=pw01sde1007202603040220260830%2FE6,芝,1:34.6,良,荒川 義之,晴,馬齢,,
442(初出走),55.0,5  2  2,中京,PASS_HTML,1600,2,pw01dud102024106277/66,ラガッタレアーレ,7,北村 友一,34.2,アタマ,04,03,4,2歳,新馬,2026-08-30,pw01sde1007202603040220260830,メイクデビュー中京,02,（混合）［指定］,10時25分,牝2,https://www.jra.go.jp/JRADB/accessS.html?CNAME=pw01sde1007202603040220260830%2FE6,芝,1:34.6,良,秋山 真一郎,晴,馬齢,,
456(初出走),55.0,8  4  4,中京,PASS_HTML,1600,3,pw01dud102024102887/E0,ナイトインチュニス,6,団野 大成,34.1,１,04,03,3,2歳,新馬,2026-08-30,pw01sde1007202603040220260830,メイクデビュー中京,02,（混合）［指定］,10時25分,牡2,https://www.jra.go.jp/JRADB/accessS.html?CNAME=pw01sde1007202603040220260830%2FE6,芝,1:34.7,良,野中 賢二,晴,馬齢,,
420(初出走),55.0,6  4  4,中京,PASS_HTML,1600,4,pw01dud102024106253/7A,シャトンダンス,5,吉村 誠之助,34.2,１／２,04,03,6,2歳,新馬,2026-08-30,pw01sde1007202603040220260830,メイクデビュー中京,02,（混合）［指定］,10時25分,牝2,https://www.jra.go.jp/JRADB/accessS.html?CNAME=pw01sde1007202603040220260830%2FE6,芝,1:34.8,良,東田 明士,晴,馬齢,,
446(初出走),55.0,2  2  2,中京,PASS_HTML,1600,5,pw01dud102024100676/1D,シーラーステート,2,坂井 瑠星,34.5,アタマ,04,03,1,2歳,新馬,2026-08-30,pw01sde1007202603040220260830,メイクデビュー中京,02,（混合）［指定］,10時25分,牡2,https://www.jra.go.jp/JRADB/accessS.html?CNAME=pw01sde1007202603040220260830%2FE6,芝,1:34.8,良,室井 潔,晴,馬齢,,
470(初出走),55.0,1  1  1,中京,PASS_HTML,1600,6,pw01dud102024101966/8F,サトノボルテクス,1,幸 英明,35.0,２,04,03,7,2歳,新馬,2026-08-30,pw01sde1007202603040220260830,メイクデビュー中京,02,（混合）［指定］,10時25分,牡2,https://www.jra.go.jp/JRADB/accessS.html?CNAME=pw01sde1007202603040220260830%2FE6,芝,1:35.2,良,中竹 和也,晴,馬齢,,
458(初出走),55.0,2  4  4,中京,PASS_HTML,1600,7,pw01dud102024102590/38,メイショウスパーク,9,太宰 啓介,35.2,３,04,03,10,2歳,新馬,2026-08-30,pw01sde1007202603040220260830,メイクデビュー中京,02,（混合）［指定］,10時25分,牡2,https://www.jra.go.jp/JRADB/accessS.html?CNAME=pw01sde1007202603040220260830%2FE6,芝,1:35.7,良,飯田 祐史,晴,馬齢,,
482(初出走),55.0,6  4  4,中京,PASS_HTML,1600,8,pw01dud102024104927/8F,コスモクラウン,4,松山 弘平,35.1,ハナ,04,03,2,2歳,新馬,2026-08-30,pw01sde1007202603040220260830,メイクデビュー中京,02,（混合）［指定］,10時25分,牡2,https://www.jra.go.jp/JRADB/accessS.html?CNAME=pw01sde1007202603040220260830%2FE6,芝,1:35.7,良,北出 成人,晴,馬齢,,
452(初出走),55.0,9  10  9,中京,PASS_HTML,1600,9,pw01dud102024103504/63,ベラジオセブン,3,国分 恭介,34.9,２ 1/2,04,03,9,2歳,新馬,2026-08-30,pw01sde1007202603040220260830,メイクデビュー中京,02,（混合）［指定］,10時25分,牡2,https://www.jra.go.jp/JRADB/accessS.html?CNAME=pw01sde1007202603040220260830%2FE6,芝,1:36.1,良,小椋 研介,晴,馬齢,,
468(初出走),54.0,2  8  8,中京,PASS_HTML,1600,10,pw01dud102024104468/4D,カフジポポー,10,☆田山 旺佑,35.7,４,04,03,8,2歳,新馬,2026-08-30,pw01sde1007202603040220260830,メイクデビュー中京,02,（混合）［指定］,10時25分,牡2,https://www.jra.go.jp/JRADB/accessS.html?CNAME=pw01sde1007202603040220260830%2FE6,芝,1:36.8,良,森田 直行,晴,馬齢,,
494(初出走),55.0,5  5  5  4,中京,PASS_HTML,2000,1,pw01dud102024104681/AA,ゴーイントゥノヴァ,7,坂井 瑠星,34.5,,04,03,3,2歳,新馬,2026-08-30,pw01sde1007202603040320260830,メイクデビュー中京,03,（混合）［指定］,10時55分,牝2,https://www.jra.go.jp/JRADB/accessS.html?CNAME=pw01sde1007202603040320260830%2F9B,芝,2:01.5,良,新谷 功一,晴,馬齢,,
502(初出走),55.0,3  3  3  3,中京,PASS_HTML,2000,2,pw01dud102024104510/96,ルクスアルカード,10,富田 暁,35.1,２ 1/2,04,03,7,2歳,新馬,2026-08-30,pw01sde1007202603040320260830,メイクデビュー中京,03,（混合）［指定］,10時55分,牡2,https://www.jra.go.jp/JRADB/accessS.html?CNAME=pw01sde1007202603040320260830%2F9B,芝,2:01.9,良,上村 洋行,晴,馬齢,,
454(初出走),55.0,1  1  1  1,中京,PASS_HTML,2000,3,pw01dud102024104309/2F,ポカポカヨウキ,4,松若 風馬,35.9,２ 1/2,04,03,2,2歳,新馬,2026-08-30,pw01sde1007202603040320260830,メイクデビュー中京,03,（混合）［指定］,10時55分,牡2,https://www.jra.go.jp/JRADB/accessS.html?CNAME=pw01sde1007202603040320260830%2F9B,芝,2:02.3,良,東田 明士,晴,馬齢,,
466(初出走),55.0,10  10  11  10,中京,PASS_HTML,2000,4,pw01dud102024100208/CF,ロードフローリス,9,田口 貫太,34.7,１／２,04,03,5,2歳,新馬,2026-08-30,pw01sde1007202603040320260830,メイクデビュー中京,03,（混合）［指定］,10時55分,牡2,https://www.jra.go.jp/JRADB/accessS.html?CNAME=pw01sde1007202603040320260830%2F9B,芝,2:02.4,良,小椋 研介,晴,馬齢,,
442(初出走),55.0,11  11  10  10,中京,PASS_HTML,2000,5,pw01dud102024105837/5D,サイモンジェセル,1,松山 弘平,34.8,クビ,04,03,10,2歳,新馬,2026-08-30,pw01sde1007202603040320260830,メイクデビュー中京,03,（混合）［指定］,10時55分,牡2,https://www.jra.go.jp/JRADB/accessS.html?CNAME=pw01sde1007202603040320260830%2F9B,芝,2:02.4,良,梅田 智之,晴,馬齢,,
452(初出走),53.0,5  6  7  6,中京,PASS_HTML,2000,6,pw01dud102024101492/FE,アモロロプーロ,6,◇永島 まなみ,35.3,クビ,04,03,9,2歳,新馬,2026-08-30,pw01sde1007202603040320260830,メイクデビュー中京,03,（混合）［指定］,10時55分,牡2,https://www.jra.go.jp/JRADB/accessS.html?CNAME=pw01sde1007202603040320260830%2F9B,芝,2:02.5,良,高橋 康之,晴,馬齢,,
452(初出走),55.0,9  9  7  8,中京,PASS_HTML,2000,7,pw01dud102024100731/CF,エーテルワーム,8,吉村 誠之助,35.8,３ 1/2,04,03,6,2歳,新馬,2026-08-30,pw01sde1007202603040320260830,メイクデビュー中京,03,（混合）［指定］,10時55分,牡2,https://www.jra.go.jp/JRADB/accessS.html?CNAME=pw01sde1007202603040320260830%2F9B,芝,2:03.1,良,杉山 晴紀,晴,馬齢,,
468(初出走),55.0,7  7  5  6,中京,PASS_HTML,2000,8,pw01dud102024105615/F5,ワンダーラヴグッド,11,酒井 学,36.5,４,04,03,11,2歳,新馬,2026-08-30,pw01sde1007202603040320260830,メイクデビュー中京,03,（混合）［指定］,10時55分,牝2,https://www.jra.go.jp/JRADB/accessS.html?CNAME=pw01sde1007202603040320260830%2F9B,芝,2:03.7,良,羽月 友彦,晴,馬齢,,
482(初出走),55.0,7  7  7  8,中京,PASS_HTML,2000,9,pw01dud102024106576/86,ブレイズフォート,2,北村 友一,36.5,１／２,04,03,1,2歳,新馬,2026-08-30,pw01sde1007202603040320260830,メイクデビュー中京,03,（混合）［指定］,10時55分,牡2,https://www.jra.go.jp/JRADB/accessS.html?CNAME=pw01sde1007202603040320260830%2F9B,芝,2:03.8,良,高野 友和,晴,馬齢,,
504(初出走),55.0,3  3  4  4,中京,PASS_HTML,2000,10,pw01dud102024103402/4C,ジェントル,3,団野 大成,37.3,３,04,03,8,2歳,新馬,2026-08-30,pw01sde1007202603040320260830,メイクデビュー中京,03,（混合）［指定］,10時55分,牡2,https://www.jra.go.jp/JRADB/accessS.html?CNAME=pw01sde1007202603040320260830%2F9B,芝,2:04.3,良,池添 学,晴,馬齢,,
456(初出走),55.0,2  2  2  2,中京,PASS_HTML,2000,11,pw01dud102024107182/F5,コルキス,5,西村 淳也,38.0,１,04,03,4,2歳,新馬,2026-08-30,pw01sde1007202603040320260830,メイクデビュー中京,03,（混合）［指定］,10時55分,牡2,https://www.jra.go.jp/JRADB/accessS.html?CNAME=pw01sde1007202603040320260830%2F9B,芝,2:04.5,良,須貝 尚介,晴,馬齢,,
464(0),57.0,4  3,中京,QUARANTINED_HTML:track_condition,1400,1,pw01dud102023102255/18,セッシュウ,7,団野 大成,37.4,,04,03,1,3歳,未勝利,2026-08-30,pw01sde1007202603040420260830,3歳未勝利,04,[指定],11時25分,牡3,https://www.jra.go.jp/JRADB/accessS.html?CNAME=pw01sde1007202603040420260830%2F50,ダート,1:24.9,,石橋 守,晴,馬齢,,
516(+2),55.0,10  6,中京,QUARANTINED_HTML:track_condition,1400,2,pw01dud102023106906/4E,プペアンビスキュイ,2,坂井 瑠星,37.1,２,04,03,3,3歳,未勝利,2026-08-30,pw01sde1007202603040420260830,3歳未勝利,04,[指定],11時25分,牝3,https://www.jra.go.jp/JRADB/accessS.html?CNAME=pw01sde1007202603040420260830%2F50,ダート,1:25.2,,茶木 太樹,晴,馬齢,,
460(-6),57.0,2  2,中京,QUARANTINED_HTML:track_condition,1400,3,pw01dud102023105657/8F,ラッキーヴォーグ,10,西村 淳也,38.2,１ 1/4,04,03,4,3歳,未勝利,2026-08-30,pw01sde1007202603040420260830,3歳未勝利,04,[指定],11時25分,牡3,https://www.jra.go.jp/JRADB/accessS.html?CNAME=pw01sde1007202603040420260830%2F50,ダート,1:25.4,,牧田 和弥,晴,馬齢,,
446(-4),57.0,7  6,中京,QUARANTINED_HTML:track_condition,1400,4,pw01dud102023102245/08,メイショウヒタカミ,8,角田 大和,37.7,１ 1/4,04,03,6,3歳,未勝利,2026-08-30,pw01sde1007202603040420260830,3歳未勝利,04,[指定],11時25分,牡3,https://www.jra.go.jp/JRADB/accessS.html?CNAME=pw01sde1007202603040420260830%2F50,ダート,1:25.6,,石橋 守,晴,馬齢,,
442(-6),57.0,3  3,中京,QUARANTINED_HTML:track_condition,1400,5,pw01dud102023101898/E8,サカトクフェイス,13,長岡 禎仁,38.3,１／２,04,03,11,3歳,未勝利,2026-08-30,pw01sde1007202603040420260830,3歳未勝利,04,[指定],11時25分,牡3,https://www.jra.go.jp/JRADB/accessS.html?CNAME=pw01sde1007202603040420260830%2F50,ダート,1:25.7,,今野 貞一,晴,馬齢,,
482(+4),55.0,14  15,中京,QUARANTINED_HTML:track_condition,1400,6,pw01dud102023103323/22,ハツアカネ,5,松若 風馬,37.6,３,04,03,9,3歳,未勝利,2026-08-30,pw01sde1007202603040420260830,3歳未勝利,04,[指定],11時25分,牝3,https://www.jra.go.jp/JRADB/accessS.html?CNAME=pw01sde1007202603040420260830%2F50,ダート,1:26.2,,小崎 憲,晴,馬齢,,
474(+2),57.0,7  5,中京,QUARANTINED_HTML:track_condition,1400,7,pw01dud102023105124/11,キングズテイル,1,松山 弘平,38.6,１ 3/4,04,03,2,3歳,未勝利,2026-08-30,pw01sde1007202603040420260830,3歳未勝利,04,[指定],11時25分,牡3,https://www.jra.go.jp/JRADB/accessS.html?CNAME=pw01sde1007202603040420260830%2F50,ダート,1:26.5,,岡田 稲男,晴,馬齢,,
492(+2),57.0,10  12,中京,QUARANTINED_HTML:track_condition,1400,8,pw01dud102023102244/95,メイショウドキョウ,11,富田 暁,38.5,１,04,03,15,3歳,未勝利,2026-08-30,pw01sde1007202603040420260830,3歳未勝利,04,[指定],11時25分,せん3,https://www.jra.go.jp/JRADB/accessS.html?CNAME=pw01sde1007202603040420260830%2F50,ダート,1:26.6,,笹田 和秀,晴,馬齢,,
498(-7),57.0,15  12,中京,QUARANTINED_HTML:track_condition,1400,9,pw01dud102023106724/26,サンロンブル,15,M.デムーロ,37.9,アタマ,04,03,10,3歳,未勝利,2026-08-30,pw01sde1007202603040420260830,3歳未勝利,04,[指定],11時25分,牡3,https://www.jra.go.jp/JRADB/accessS.html?CNAME=pw01sde1007202603040420260830%2F50,ダート,1:26.7,,柴田 卓,晴,馬齢,,
522(初出走),56.0,5  9,中京,QUARANTINED_HTML:track_condition,1400,10,pw01dud102023101121/FC,ウェンロック,14,☆田山 旺佑,39.1,１ 1/2,04,03,5,3歳,未勝利,2026-08-30,pw01sde1007202603040420260830,3歳未勝利,04,[指定],11時25分,牡3,https://www.jra.go.jp/JRADB/accessS.html?CNAME=pw01sde1007202603040420260830%2F50,ダート,1:26.9,,藤岡 健一,晴,馬齢,,
418(0),53.0,1  1,中京,QUARANTINED_HTML:track_condition,1400,11,pw01dud102023107123/7C,デュードロップ,9,◇永島 まなみ,39.8,アタマ,04,03,8,3歳,未勝利,2026-08-30,pw01sde1007202603040420260830,3歳未勝利,04,[指定],11時25分,牝3,https://www.jra.go.jp/JRADB/accessS.html?CNAME=pw01sde1007202603040420260830%2F50,ダート,1:26.9,,平田 修,晴,馬齢,,
476(-2),57.0,9  10,中京,QUARANTINED_HTML:track_condition,1400,12,pw01dud102023105091/F7,メイショウケンゴウ,16,太宰 啓介,38.9,アタマ,04,03,13,3歳,未勝利,2026-08-30,pw01sde1007202603040420260830,3歳未勝利,04,[指定],11時25分,牡3,https://www.jra.go.jp/JRADB/accessS.html?CNAME=pw01sde1007202603040420260830%2F50,ダート,1:26.9,,高橋 亮,晴,馬齢,,
452(+4),55.0,12  12,中京,QUARANTINED_HTML:track_condition,1400,13,pw01dud102023102934/DC,カツラコマチ,4,国分 恭介,39.0,２,04,03,14,3歳,未勝利,2026-08-30,pw01sde1007202603040420260830,3歳未勝利,04,[指定],11時25分,牝3,https://www.jra.go.jp/JRADB/accessS.html?CNAME=pw01sde1007202603040420260830%2F50,ダート,1:27.3,,吉村 圭司,晴,馬齢,,
474(-6),55.0,16  16,中京,QUARANTINED_HTML:track_condition,1400,14,pw01dud102023101989/7C,グランブリーゼ,6,加藤 祥太,38.4,６,04,03,16,3歳,未勝利,2026-08-30,pw01sde1007202603040420260830,3歳未勝利,04,[指定],11時25分,牝3,https://www.jra.go.jp/JRADB/accessS.html?CNAME=pw01sde1007202603040420260830%2F50,ダート,1:28.3,,庄野 靖志,晴,馬齢,,
472(-4),55.0,13  10,中京,QUARANTINED_HTML:track_condition,1400,15,pw01dud102023103348/81,オーロラボレアリス,3,北村 友一,40.0,１ 1/2,04,03,7,3歳,未勝利,2026-08-30,pw01sde1007202603040420260830,3歳未勝利,04,[指定],11時25分,牝3,https://www.jra.go.jp/JRADB/accessS.html?CNAME=pw01sde1007202603040420260830%2F50,ダート,1:28.5,,吉岡 辰弥,晴,馬齢,,
450(+4),54.0,5  6,中京,QUARANTINED_HTML:track_condition,1400,16,pw01dud102023104249/B2,サウンドヴィヴァン,12,▲森田 誠也,42.0,７,04,03,12,3歳,未勝利,2026-08-30,pw01sde1007202603040420260830,3歳未勝利,04,[指定],11時25分,牡3,https://www.jra.go.jp/JRADB/accessS.html?CNAME=pw01sde1007202603040420260830%2F50,ダート,1:29.7,,斉藤 崇史,晴,馬齢,,
488(+18),55.0,2  2  2  2,中京,QUARANTINED_HTML:track_condition,1800,1,pw01dud102023100145/F9,アトモス,10,角田 大和,37.4,,04,03,2,3歳以上,1勝クラス,2026-08-30,pw01sde1007202603040520260830,3歳以上1勝クラス,05,（混合）［指定］,11時55分,牡3,https://www.jra.go.jp/JRADB/accessS.html?CNAME=pw01sde1007202603040520260830%2F05,ダート,1:51.6,,角田 晃一,曇,定量,,
472(-8),55.0,1  1  1  1,中京,QUARANTINED_HTML:track_condition,1800,2,pw01dud102022104640/DF,ルシタニア,12,▲森田 誠也,38.2,４,04,03,12,3歳以上,1勝クラス,2026-08-30,pw01sde1007202603040520260830,3歳以上1勝クラス,05,（混合）［指定］,11時55分,せん4,https://www.jra.go.jp/JRADB/accessS.html?CNAME=pw01sde1007202603040520260830%2F05,ダート,1:52.3,,武 幸四郎,曇,定量,,
476(-4),58.0,11  10  5  5,中京,QUARANTINED_HTML:track_condition,1800,3,pw01dud102022105848/C8,ステイクオール,11,富田 暁,38.0,２ 1/2,04,03,5,3歳以上,1勝クラス,2026-08-30,pw01sde1007202603040520260830,3歳以上1勝クラス,05,（混合）［指定］,11時55分,せん4,https://www.jra.go.jp/JRADB/accessS.html?CNAME=pw01sde1007202603040520260830%2F05,ダート,1:52.8,,上村 洋行,曇,定量,,
536(-10),55.0,6  6  7  7,中京,QUARANTINED_HTML:track_condition,1800,4,pw01dud102023110070/87,ブームバップビート,3,坂井 瑠星,37.9,１／２,04,03,1,3歳以上,1勝クラス,2026-08-30,pw01sde1007202603040520260830,3歳以上1勝クラス,05,（混合）［指定］,11時55分,牡3,https://www.jra.go.jp/JRADB/accessS.html?CNAME=pw01sde1007202603040520260830%2F05,ダート,1:52.9,,中内田 充正,曇,定量,,
496(+6),58.0,5  4  5  5,中京,QUARANTINED_HTML:track_condition,1800,5,pw01dud102022102397/E3,ビービーバザーク,8,西村 淳也,38.4,１ 1/2,04,03,6,3歳以上,1勝クラス,2026-08-30,pw01sde1007202603040520260830,3歳以上1勝クラス,05,（混合）［指定］,11時55分,牡4,https://www.jra.go.jp/JRADB/accessS.html?CNAME=pw01sde1007202603040520260830%2F05,ダート,1:53.1,,武 幸四郎,曇,定量,,
480(+16),55.0,7  6  10  9,中京,QUARANTINED_HTML:track_condition,1800,6,pw01dud102023106172/6A,クラックショット,4,北村 友一,37.9,クビ,04,03,4,3歳以上,1勝クラス,2026-08-30,pw01sde1007202603040520260830,3歳以上1勝クラス,05,（混合）［指定］,11時55分,牡3,https://www.jra.go.jp/JRADB/accessS.html?CNAME=pw01sde1007202603040520260830%2F05,ダート,1:53.2,,清水 久詞,曇,定量,,
482(0),58.0,13  13  8  8,中京,QUARANTINED_HTML:track_condition,1800,7,pw01dud102022104841/B4,オーレアミスト,6,幸 英明,38.6,３,04,03,8,3歳以上,1勝クラス,2026-08-30,pw01sde1007202603040520260830,3歳以上1勝クラス,05,（混合）［指定］,11時55分,せん4,https://www.jra.go.jp/JRADB/accessS.html?CNAME=pw01sde1007202603040520260830%2F05,ダート,1:53.7,,井上 智史,曇,定量,,
484(0),58.0,2  2  4  3,中京,QUARANTINED_HTML:track_condition,1800,8,pw01dud102021102835/06,メイショウマドロス,9,団野 大成,40.0,４,04,03,3,3歳以上,1勝クラス,2026-08-30,pw01sde1007202603040520260830,3歳以上1勝クラス,05,（混合）［指定］,11時55分,牡5,https://www.jra.go.jp/JRADB/accessS.html?CNAME=pw01sde1007202603040520260830%2F05,ダート,1:54.4,,石橋 守,曇,定量,,
482(+8),58.0,7  8  10  10,中京,QUARANTINED_HTML:track_condition,1800,9,pw01dud102021104618/BB,タリスマン,5,伊藤 工真,39.2,１,04,03,7,3歳以上,1勝クラス,2026-08-30,pw01sde1007202603040520260830,3歳以上1勝クラス,05,（混合）［指定］,11時55分,牡5,https://www.jra.go.jp/JRADB/accessS.html?CNAME=pw01sde1007202603040520260830%2F05,ダート,1:54.5,,金成 貴史,曇,定量,,
490(-2),58.0,9  9  13  11,中京,QUARANTINED_HTML:track_condition,1800,10,pw01dud102021103682/8A,マジックブルー,1,太宰 啓介,38.9,ハナ,04,03,11,3歳以上,1勝クラス,2026-08-30,pw01sde1007202603040520260830,3歳以上1勝クラス,05,（混合）［指定］,11時55分,牡5,https://www.jra.go.jp/JRADB/accessS.html?CNAME=pw01sde1007202603040520260830%2F05,ダート,1:54.5,,荒川 義之,曇,定量,,
504(+10),58.0,12  12  3  3,中京,QUARANTINED_HTML:track_condition,1800,11,pw01dud102022104496/7F,スコーピオンイメル,2,高倉 稜,40.6,２ 1/2,04,03,9,3歳以上,1勝クラス,2026-08-30,pw01sde1007202603040520260830,3歳以上1勝クラス,05,（混合）［指定］,11時55分,牡4,https://www.jra.go.jp/JRADB/accessS.html?CNAME=pw01sde1007202603040520260830%2F05,ダート,1:54.9,,武 英智,曇,定量,,
420(0),55.0,9  10  12  11,中京,QUARANTINED_HTML:track_condition,1800,12,pw01dud102023102235/F8,トワイライトサイト,7,菱田 裕二,39.7,２,04,03,10,3歳以上,1勝クラス,2026-08-30,pw01sde1007202603040520260830,3歳以上1勝クラス,05,（混合）［指定］,11時55分,牡3,https://www.jra.go.jp/JRADB/accessS.html?CNAME=pw01sde1007202603040520260830%2F05,ダート,1:55.2,,嘉藤 貴行,曇,定量,,
440(+6),58.0,4  4  8  13,中京,QUARANTINED_HTML:track_condition,1800,13,pw01dud102022100458/69,シンギタイ,13,田口 貫太,44.2,大差,04,03,13,3歳以上,1勝クラス,2026-08-30,pw01sde1007202603040520260830,3歳以上1勝クラス,05,（混合）［指定］,11時55分,せん4,https://www.jra.go.jp/JRADB/accessS.html?CNAME=pw01sde1007202603040520260830%2F05,ダート,1:59.3,,庄野 靖志,曇,定量,,
458(+6),55.0,6  6  9  9,中京,QUARANTINED_HTML:track_condition,1900,1,pw01dud102023100547/A3,ビービークローサー,6,坂井 瑠星,36.4,,04,03,1,3歳以上,3勝クラス,2026-08-30,pw01sde1007202603040620260830,白川郷ステークス,06,（混合）［指定］,15時01分,牡3,https://www.jra.go.jp/JRADB/accessS.html?CNAME=pw01sde1007202603040620260830%2FBA,ダート,1:57.7,,野中 賢二,晴,ハンデ,,
528(-4),54.0,3  3  5  3,中京,QUARANTINED_HTML:track_condition,1900,2,pw01dud102023104848/65,ダンツシタン,3,太宰 啓介,37.0,１ 1/4,04,03,3,3歳以上,3勝クラス,2026-08-30,pw01sde1007202603040620260830,白川郷ステークス,06,（混合）［指定］,15時01分,牡3,https://www.jra.go.jp/JRADB/accessS.html?CNAME=pw01sde1007202603040620260830%2FBA,ダート,1:57.9,,本田 優,晴,ハンデ,,
508(+2),55.0,9  9  2  3,中京,QUARANTINED_HTML:track_condition,1900,3,pw01dud102022104267/60,レヴァンテシチー,14,松山 弘平,37.4,２,04,03,6,3歳以上,3勝クラス,2026-08-30,pw01sde1007202603040620260830,白川郷ステークス,06,（混合）［指定］,15時01分,牡4,https://www.jra.go.jp/JRADB/accessS.html?CNAME=pw01sde1007202603040620260830%2FBA,ダート,1:58.2,,柴田 卓,晴,ハンデ,,
506(+10),55.0,3  3  2  2,中京,QUARANTINED_HTML:track_condition,1900,4,pw01dud102022106186/BA,ゴッドエスパーダ,16,角田 大和,37.5,アタマ,04,03,2,3歳以上,3勝クラス,2026-08-30,pw01sde1007202603040620260830,白川郷ステークス,06,（混合）［指定］,15時01分,牡4,https://www.jra.go.jp/JRADB/accessS.html?CNAME=pw01sde1007202603040620260830%2FBA,ダート,1:58.3,,角田 晃一,晴,ハンデ,,
502(0),54.0,9  9  10  9,中京,QUARANTINED_HTML:track_condition,1900,5,pw01dud102022104745/4F,シャルクハフト,5,吉村 誠之助,36.8,３／４,04,03,14,3歳以上,3勝クラス,2026-08-30,pw01sde1007202603040620260830,白川郷ステークス,06,（混合）［指定］,15時01分,牡4,https://www.jra.go.jp/JRADB/accessS.html?CNAME=pw01sde1007202603040620260830%2FBA,ダート,1:58.4,,清水 久詞,晴,ハンデ,,
490(-2),57.0,6  6  8  6,中京,QUARANTINED_HTML:track_condition,1900,6,pw01dud102021104092/63,ペンナヴェローチェ,2,北村 友一,37.2,ハナ,04,03,5,3歳以上,3勝クラス,2026-08-30,pw01sde1007202603040620260830,白川郷ステークス,06,（混合）［指定］,15時01分,牡5,https://www.jra.go.jp/JRADB/accessS.html?CNAME=pw01sde1007202603040620260830%2FBA,ダート,1:58.4,,須貝 尚介,晴,ハンデ,,
486(-2),56.0,3  5  6  6,中京,QUARANTINED_HTML:track_condition,1900,7,pw01dud102021106635/60,インザモーメント,8,田山 旺佑,37.4,アタマ,04,03,10,3歳以上,3勝クラス,2026-08-30,pw01sde1007202603040620260830,白川郷ステークス,06,（混合）［指定］,15時01分,せん5,https://www.jra.go.jp/JRADB/accessS.html?CNAME=pw01sde1007202603040620260830%2FBA,ダート,1:58.4,,田中 克典,晴,ハンデ,,
486(+6),56.0,6  6  6  8,中京,QUARANTINED_HTML:track_condition,1900,8,pw01dud102021103727/9A,キーチパルフェ,15,松若 風馬,37.7,２ 1/2,04,03,8,3歳以上,3勝クラス,2026-08-30,pw01sde1007202603040620260830,白川郷ステークス,06,（混合）［指定］,15時01分,牡5,https://www.jra.go.jp/JRADB/accessS.html?CNAME=pw01sde1007202603040620260830%2FBA,ダート,1:58.8,,高柳 大輔,晴,ハンデ,,
528(0),55.0,1  1  1  1,中京,QUARANTINED_HTML:track_condition,1900,9,pw01dud102021105508/69,リューデスハイム,9,西村 淳也,38.4,２,04,03,4,3歳以上,3勝クラス,2026-08-30,pw01sde1007202603040620260830,白川郷ステークス,06,（混合）［指定］,15時01分,牡5,https://www.jra.go.jp/JRADB/accessS.html?CNAME=pw01sde1007202603040620260830%2FBA,ダート,1:59.1,,牧田 和弥,晴,ハンデ,,
496(0),53.0,2  2  2  3,中京,QUARANTINED_HTML:track_condition,1900,10,pw01dud102021103574/2F,インジケーター,10,酒井 学,38.5,１,04,03,13,3歳以上,3勝クラス,2026-08-30,pw01sde1007202603040620260830,白川郷ステークス,06,（混合）［指定］,15時01分,牡5,https://www.jra.go.jp/JRADB/accessS.html?CNAME=pw01sde1007202603040620260830%2FBA,ダート,1:59.3,,高橋 康之,晴,ハンデ,,
504(+6),55.0,11  11  14  13,中京,QUARANTINED_HTML:track_condition,1900,11,pw01dud102022102882/89,タイセイカイザー,7,団野 大成,38.0,４,04,03,9,3歳以上,3勝クラス,2026-08-30,pw01sde1007202603040620260830,白川郷ステークス,06,（混合）［指定］,15時01分,牡4,https://www.jra.go.jp/JRADB/accessS.html?CNAME=pw01sde1007202603040620260830%2FBA,ダート,2:00.0,,奥村 豊,晴,ハンデ,,
512(+6),56.0,11  11  12  11,中京,QUARANTINED_HTML:track_condition,1900,12,pw01dud102020106635/D4,メイショウシナノ,13,田口 貫太,38.5,１ 1/2,04,03,11,3歳以上,3勝クラス,2026-08-30,pw01sde1007202603040620260830,白川郷ステークス,06,（混合）［指定］,15時01分,牡6,https://www.jra.go.jp/JRADB/accessS.html?CNAME=pw01sde1007202603040620260830%2FBA,ダート,2:00.2,,大橋 勇樹,晴,ハンデ,,
516(-2),56.0,16  16  12  13,中京,QUARANTINED_HTML:track_condition,1900,13,pw01dud102022106395/B9,クァンタムウェーブ,12,幸 英明,38.7,１,04,03,7,3歳以上,3勝クラス,2026-08-30,pw01sde1007202603040620260830,白川郷ステークス,06,（混合）［指定］,15時01分,牡4,https://www.jra.go.jp/JRADB/accessS.html?CNAME=pw01sde1007202603040620260830%2FBA,ダート,2:00.4,,松永 幹夫,晴,ハンデ,,
500(+6),52.0,15  15  16  13,中京,QUARANTINED_HTML:track_condition,1900,14,pw01dud102021102753/0F,サンセットブライト,1,秋山 稔樹,38.5,１,04,03,15,3歳以上,3勝クラス,2026-08-30,pw01sde1007202603040620260830,白川郷ステークス,06,（混合）［指定］,15時01分,牝5,https://www.jra.go.jp/JRADB/accessS.html?CNAME=pw01sde1007202603040620260830%2FBA,ダート,2:00.6,,相沢 郁,晴,ハンデ,,
522(-6),53.0,13  13  14  13,中京,QUARANTINED_HTML:track_condition,1900,15,pw01dud102017104238/F4,フームスムート,11,菱田 裕二,38.7,１,04,03,16,3歳以上,3勝クラス,2026-08-30,pw01sde1007202603040620260830,白川郷ステークス,06,（混合）［指定］,15時01分,牡9,https://www.jra.go.jp/JRADB/accessS.html?CNAME=pw01sde1007202603040620260830%2FBA,ダート,2:00.7,,水野 貴広,晴,ハンデ,,
460(+6),55.0,14  13  10  11,中京,QUARANTINED_HTML:track_condition,1900,16,pw01dud102020103199/3E,ビップスコーピオン,4,M.デムーロ,39.6,２,04,03,12,3歳以上,3勝クラス,2026-08-30,pw01sde1007202603040620260830,白川郷ステークス,06,（混合）［指定］,15時01分,牡6,https://www.jra.go.jp/JRADB/accessS.html?CNAME=pw01sde1007202603040620260830%2FBA,ダート,2:01.1,,田島 俊明,晴,ハンデ,,
454(+8),55.0,6  6,中京,PASS_HTML,1400,1,pw01dud102024107165/2E,ジーティーマイカ,9,松山 弘平,33.0,,04,03,1,2歳,オープン,2026-08-30,pw01sde1007202603040720260830,中京2歳ステークス,07,（国際）（特指）,15時35分,牝2,https://www.jra.go.jp/JRADB/accessS.html?CNAME=pw01sde1007202603040720260830%2F6F,芝,1:19.7,良,前川 恭子,晴,馬齢,,
472(+18),55.0,4  4,中京,PASS_HTML,1400,2,pw01dud102024106603/EE,シスキンブルーム,4,団野 大成,33.7,１ 3/4,04,03,4,2歳,オープン,2026-08-30,pw01sde1007202603040720260830,中京2歳ステークス,07,（国際）（特指）,15時35分,牝2,https://www.jra.go.jp/JRADB/accessS.html?CNAME=pw01sde1007202603040720260830%2F6F,芝,1:20.0,良,斉藤 崇史,晴,馬齢,,
456(+2),55.0,6  6,中京,PASS_HTML,1400,3,pw01dud102024106262/17,ビスケットサンド,7,北村 友一,33.7,１ 1/2,04,03,2,2歳,オープン,2026-08-30,pw01sde1007202603040720260830,中京2歳ステークス,07,（国際）（特指）,15時35分,牝2,https://www.jra.go.jp/JRADB/accessS.html?CNAME=pw01sde1007202603040720260830%2F6F,芝,1:20.3,良,佐藤 悠太,晴,馬齢,,
482(-2),55.0,1  1,中京,PASS_HTML,1400,4,pw01dud102024108325/3F,ジャスパートレノ,6,中井 裕二,34.5,１,04,03,7,2歳,オープン,2026-08-30,pw01sde1007202603040720260830,中京2歳ステークス,07,（国際）（特指）,15時35分,牡2,https://www.jra.go.jp/JRADB/accessS.html?CNAME=pw01sde1007202603040720260830%2F6F,芝,1:20.4,良,森 秀行,晴,馬齢,,
460(0),55.0,4  5,中京,PASS_HTML,1400,5,pw01dud102024106654/B1,サンタンジェロ,3,西村 淳也,34.1,１／２,04,03,3,2歳,オープン,2026-08-30,pw01sde1007202603040720260830,中京2歳ステークス,07,（国際）（特指）,15時35分,牝2,https://www.jra.go.jp/JRADB/accessS.html?CNAME=pw01sde1007202603040720260830%2F6F,芝,1:20.5,良,須貝 尚介,晴,馬齢,,
462(-8),55.0,2  2,中京,PASS_HTML,1400,6,pw01dud102024108273/78,バクソウシャチョウ,2,松若 風馬,34.6,１ 1/2,04,03,5,2歳,オープン,2026-08-30,pw01sde1007202603040720260830,中京2歳ステークス,07,（国際）（特指）,15時35分,牡2,https://www.jra.go.jp/JRADB/accessS.html?CNAME=pw01sde1007202603040720260830%2F6F,芝,1:20.7,良,森 秀行,晴,馬齢,,
468(+10),55.0,3  2,中京,PASS_HTML,1400,7,pw01dud102024101644/F6,マルモリムソウ,5,泉谷 楓真,34.7,３／４,04,03,6,2歳,オープン,2026-08-30,pw01sde1007202603040720260830,中京2歳ステークス,07,（国際）（特指）,15時35分,牡2,https://www.jra.go.jp/JRADB/accessS.html?CNAME=pw01sde1007202603040720260830%2F6F,芝,1:20.9,良,大橋 勇樹,晴,馬齢,,
476(+4),55.0,9  8,中京,PASS_HTML,1400,8,pw01dud102024108326/B2,ピコキング,1,田口 貫太,34.0,クビ,04,03,8,2歳,オープン,2026-08-30,pw01sde1007202603040720260830,中京2歳ステークス,07,（国際）（特指）,15時35分,牡2,https://www.jra.go.jp/JRADB/accessS.html?CNAME=pw01sde1007202603040720260830%2F6F,芝,1:20.9,良,森 秀行,晴,馬齢,,
444(-2),55.0,6  8,中京,PASS_HTML,1400,9,pw01dud102024108327/25,ピコジャック,8,吉村 誠之助,34.8,５,04,03,9,2歳,オープン,2026-08-30,pw01sde1007202603040720260830,中京2歳ステークス,07,（国際）（特指）,15時35分,牡2,https://www.jra.go.jp/JRADB/accessS.html?CNAME=pw01sde1007202603040720260830%2F6F,芝,1:21.7,良,森 秀行,晴,馬齢,,
522(-4),55.0,2  2  2  2,中京,PASS_HTML,2200,1,pw01dud102023103899/39,カフジエメンタール,7,坂井 瑠星,33.8,,04,03,3,3歳以上,2勝クラス,2026-08-30,pw01sde1007202603040820260830,熊野特別,08,（混合）（特指）,16時10分,牡3,https://www.jra.go.jp/JRADB/accessS.html?CNAME=pw01sde1007202603040820260830%2F24,芝,2:12.0,良,矢作 芳人,晴,定量,,
476(+6),55.0,13  13  12  11,中京,PASS_HTML,2200,2,pw01dud102023107143/9C,ノチェセラーダ,3,西村 淳也,33.3,１／２,04,03,5,3歳以上,2勝クラス,2026-08-30,pw01sde1007202603040820260830,熊野特別,08,（混合）（特指）,16時10分,牡3,https://www.jra.go.jp/JRADB/accessS.html?CNAME=pw01sde1007202603040820260830%2F24,芝,2:12.1,良,杉山 佳明,晴,定量,,
448(+2),58.0,6  7  10  10,中京,PASS_HTML,2200,3,pw01dud102019100606/FE,ヤマニンループ,8,太宰 啓介,33.6,クビ,04,03,13,3歳以上,2勝クラス,2026-08-30,pw01sde1007202603040820260830,熊野特別,08,（混合）（特指）,16時10分,牡7,https://www.jra.go.jp/JRADB/accessS.html?CNAME=pw01sde1007202603040820260830%2F24,芝,2:12.2,良,松永 幹夫,晴,定量,,
486(+2),58.0,1  1  1  1,中京,PASS_HTML,2200,4,pw01dud102022103522/85,ジェットブレード,9,田口 貫太,34.3,３／４,04,03,14,3歳以上,2勝クラス,2026-08-30,pw01sde1007202603040820260830,熊野特別,08,（混合）（特指）,16時10分,牡4,https://www.jra.go.jp/JRADB/accessS.html?CNAME=pw01sde1007202603040820260830%2F24,芝,2:12.3,良,青木 孝文,晴,定量,,
460(0),56.0,3  2  2  2,中京,PASS_HTML,2200,5,pw01dud102022103494/AA,スイートオレンジ,12,秋山 稔樹,34.4,２,04,03,9,3歳以上,2勝クラス,2026-08-30,pw01sde1007202603040820260830,熊野特別,08,（混合）（特指）,16時10分,牝4,https://www.jra.go.jp/JRADB/accessS.html?CNAME=pw01sde1007202603040820260830%2F24,芝,2:12.6,良,中川 公成,晴,定量,,
464(+4),53.0,3  5  4  6,中京,PASS_HTML,2200,6,pw01dud102023102806/61,ソルパッサーレ,5,団野 大成,34.2,アタマ,04,03,4,3歳以上,2勝クラス,2026-08-30,pw01sde1007202603040820260830,熊野特別,08,（混合）（特指）,16時10分,牝3,https://www.jra.go.jp/JRADB/accessS.html?CNAME=pw01sde1007202603040820260830%2F24,芝,2:12.6,良,四位 洋文,晴,定量,,
498(+2),55.0,11  11  7  6,中京,PASS_HTML,2200,7,pw01dud102023107157/78,ブレットパス,1,吉村 誠之助,34.1,クビ,04,03,1,3歳以上,2勝クラス,2026-08-30,pw01sde1007202603040820260830,熊野特別,08,（混合）（特指）,16時10分,牡3,https://www.jra.go.jp/JRADB/accessS.html?CNAME=pw01sde1007202603040820260830%2F24,芝,2:12.6,良,中内田 充正,晴,定量,,
524(-2),58.0,8  8  7  6,中京,PASS_HTML,2200,8,pw01dud102022104899/9C,ジュンライデン,14,M.デムーロ,34.2,１／２,04,03,11,3歳以上,2勝クラス,2026-08-30,pw01sde1007202603040820260830,熊野特別,08,（混合）（特指）,16時10分,牡4,https://www.jra.go.jp/JRADB/accessS.html?CNAME=pw01sde1007202603040820260830%2F24,芝,2:12.7,良,友道 康夫,晴,定量,,
440(+4),58.0,14  13  12  13,中京,PASS_HTML,2200,9,pw01dud102022101601/45,ニュークレド,6,松若 風馬,33.7,アタマ,04,03,8,3歳以上,2勝クラス,2026-08-30,pw01sde1007202603040820260830,熊野特別,08,（混合）（特指）,16時10分,牡4,https://www.jra.go.jp/JRADB/accessS.html?CNAME=pw01sde1007202603040820260830%2F24,芝,2:12.7,良,石坂 公一,晴,定量,,
460(+4),55.0,10  11  14  13,中京,PASS_HTML,2200,10,pw01dud102023105286/88,サガルマータ,2,松山 弘平,33.7,クビ,04,03,2,3歳以上,2勝クラス,2026-08-30,pw01sde1007202603040820260830,熊野特別,08,（混合）（特指）,16時10分,牡3,https://www.jra.go.jp/JRADB/accessS.html?CNAME=pw01sde1007202603040820260830%2F24,芝,2:12.8,良,福永 祐一,晴,定量,,
512(+6),58.0,11  10  11  11,中京,PASS_HTML,2200,11,pw01dud102021105056/DE,オルトパラティウム,13,田山 旺佑,34.0,ハナ,04,03,10,3歳以上,2勝クラス,2026-08-30,pw01sde1007202603040820260830,熊野特別,08,（混合）（特指）,16時10分,牡5,https://www.jra.go.jp/JRADB/accessS.html?CNAME=pw01sde1007202603040820260830%2F24,芝,2:12.8,良,金成 貴史,晴,定量,,
494(-2),55.0,6  6  4  2,中京,PASS_HTML,2200,12,pw01dud102023106560/38,メイショウナルカミ,15,幸 英明,34.7,１ 1/4,04,03,6,3歳以上,2勝クラス,2026-08-30,pw01sde1007202603040820260830,熊野特別,08,（混合）（特指）,16時10分,牡3,https://www.jra.go.jp/JRADB/accessS.html?CNAME=pw01sde1007202603040820260830%2F24,芝,2:13.0,良,安達 昭夫,晴,定量,,
460(-2),58.0,8  8  7  6,中京,PASS_HTML,2200,13,pw01dud102021105763/EC,ビップチェイス,11,菱田 裕二,34.5,クビ,04,03,12,3歳以上,2勝クラス,2026-08-30,pw01sde1007202603040820260830,熊野特別,08,（混合）（特指）,16時10分,牡5,https://www.jra.go.jp/JRADB/accessS.html?CNAME=pw01sde1007202603040820260830%2F24,芝,2:13.0,良,田島 俊明,晴,定量,,
500(+12),55.0,3  4  4  2,中京,PASS_HTML,2200,14,pw01dud102023103423/53,シャドウマスター,10,北村 友一,34.9,１ 1/4,04,03,7,3歳以上,2勝クラス,2026-08-30,pw01sde1007202603040820260830,熊野特別,08,（混合）（特指）,16時10分,牡3,https://www.jra.go.jp/JRADB/accessS.html?CNAME=pw01sde1007202603040820260830%2F24,芝,2:13.2,良,杉山 晴紀,晴,定量,,
490(-4),58.0,14  13  15  15,中京,PASS_HTML,2200,15,pw01dud102021105867/E9,ショウナンハウル,4,富田 暁,34.3,１ 3/4,04,03,15,3歳以上,2勝クラス,2026-08-30,pw01sde1007202603040820260830,熊野特別,08,（混合）（特指）,16時10分,せん5,https://www.jra.go.jp/JRADB/accessS.html?CNAME=pw01sde1007202603040820260830%2F24,芝,2:13.5,良,松下 武士,晴,定量,,
428(+6),55.0,13  11  2  2,中京,QUARANTINED_HTML:track_condition,1800,1,pw01dud102023100233/34,アキノビューティー,10,鮫島 良太,39.1,,04,03,1,3歳,未勝利,2026-08-30,pw01sde1007202603040920260830,3歳未勝利,09,牝［指定］,16時45分,牝3,https://www.jra.go.jp/JRADB/accessS.html?CNAME=pw01sde1007202603040920260830%2FD9,ダート,1:54.3,,河嶋 宏樹,晴,馬齢,,
432(+6),55.0,9  9  11  10,中京,QUARANTINED_HTML:track_condition,1800,2,pw01dud102023100605/AE,キミガスキダ,3,吉村 誠之助,38.8,２ 1/2,04,03,4,3歳,未勝利,2026-08-30,pw01sde1007202603040920260830,3歳未勝利,09,牝［指定］,16時45分,牝3,https://www.jra.go.jp/JRADB/accessS.html?CNAME=pw01sde1007202603040920260830%2FD9,ダート,1:54.8,,牧田 和弥,晴,馬齢,,
472(-2),55.0,5  3  4  3,中京,QUARANTINED_HTML:track_condition,1800,3,pw01dud102023107077/67,スマイルガーデン,9,西村 淳也,39.7,２,04,03,10,3歳,未勝利,2026-08-30,pw01sde1007202603040920260830,3歳未勝利,09,牝［指定］,16時45分,牝3,https://www.jra.go.jp/JRADB/accessS.html?CNAME=pw01sde1007202603040920260830%2FD9,ダート,1:55.1,,西村 真幸,晴,馬齢,,
446(-4),55.0,3  3  4  3,中京,QUARANTINED_HTML:track_condition,1800,4,pw01dud102023104329/C3,タガノアルテミス,6,松山 弘平,40.2,３,04,03,3,3歳,未勝利,2026-08-30,pw01sde1007202603040920260830,3歳未勝利,09,牝［指定］,16時45分,牝3,https://www.jra.go.jp/JRADB/accessS.html?CNAME=pw01sde1007202603040920260830%2FD9,ダート,1:55.6,,西園 翔太,晴,馬齢,,
468(+2),55.0,5  3  4  8,中京,QUARANTINED_HTML:track_condition,1800,5,pw01dud102023100998/2A,ローズラフィネ,12,坂井 瑠星,40.4,１ 1/2,04,03,2,3歳,未勝利,2026-08-30,pw01sde1007202603040920260830,3歳未勝利,09,牝［指定］,16時45分,牝3,https://www.jra.go.jp/JRADB/accessS.html?CNAME=pw01sde1007202603040920260830%2FD9,ダート,1:55.8,,友道 康夫,晴,馬齢,,
470(0),55.0,10  9  9  9,中京,QUARANTINED_HTML:track_condition,1800,6,pw01dud102023103787/12,レウコテア,14,富田 暁,40.1,クビ,04,03,8,3歳,未勝利,2026-08-30,pw01sde1007202603040920260830,3歳未勝利,09,牝［指定］,16時45分,牝3,https://www.jra.go.jp/JRADB/accessS.html?CNAME=pw01sde1007202603040920260830%2FD9,ダート,1:55.9,,西園 翔太,晴,馬齢,,
496(+4),55.0,7  7  4  3,中京,QUARANTINED_HTML:track_condition,1800,7,pw01dud102023106794/96,ラミアスペランツァ,15,北村 友一,40.6,１,04,03,6,3歳,未勝利,2026-08-30,pw01sde1007202603040920260830,3歳未勝利,09,牝［指定］,16時45分,牝3,https://www.jra.go.jp/JRADB/accessS.html?CNAME=pw01sde1007202603040920260830%2FD9,ダート,1:56.1,,宮地 貴稔,晴,馬齢,,
466(+14),55.0,7  7  12  12,中京,QUARANTINED_HTML:track_condition,1800,8,pw01dud102023101198/91,バトルセレーネ,13,田口 貫太,40.1,２ 1/2,04,03,9,3歳,未勝利,2026-08-30,pw01sde1007202603040920260830,3歳未勝利,09,牝［指定］,16時45分,牝3,https://www.jra.go.jp/JRADB/accessS.html?CNAME=pw01sde1007202603040920260830%2FD9,ダート,1:56.5,,吉村 圭司,晴,馬齢,,
458(-10),55.0,11  11  8  6,中京,QUARANTINED_HTML:track_condition,1800,9,pw01dud102023107239/6F,ダノンプレリュード,7,角田 大和,41.1,１ 1/4,04,03,11,3歳,未勝利,2026-08-30,pw01sde1007202603040920260830,3歳未勝利,09,牝［指定］,16時45分,牝3,https://www.jra.go.jp/JRADB/accessS.html?CNAME=pw01sde1007202603040920260830%2FD9,ダート,1:56.7,,坂口 智康,晴,馬齢,,
460(-4),55.0,1  1  1  1,中京,QUARANTINED_HTML:track_condition,1800,10,pw01dud102023100990/92,オーブフレッシュ,4,長岡 禎仁,41.6,ハナ,04,03,5,3歳,未勝利,2026-08-30,pw01sde1007202603040920260830,3歳未勝利,09,牝［指定］,16時45分,牝3,https://www.jra.go.jp/JRADB/accessS.html?CNAME=pw01sde1007202603040920260830%2FD9,ダート,1:56.7,,辻野 泰之,晴,馬齢,,
470(0),52.0,4  6  9  10,中京,QUARANTINED_HTML:track_condition,1800,11,pw01dud102023106004/AF,スマートエトワール,11,▲川端 海翼,41.4,３,04,03,7,3歳,未勝利,2026-08-30,pw01sde1007202603040920260830,3歳未勝利,09,牝［指定］,16時45分,牝3,https://www.jra.go.jp/JRADB/accessS.html?CNAME=pw01sde1007202603040920260830%2FD9,ダート,1:57.2,,辻野 泰之,晴,馬齢,,
482(-7),55.0,14  14  14  14,中京,QUARANTINED_HTML:track_condition,1800,12,pw01dud102023104441/7C,ベリベリハッピー,1,国分 恭介,40.4,クビ,04,03,15,3歳,未勝利,2026-08-30,pw01sde1007202603040920260830,3歳未勝利,09,牝［指定］,16時45分,牝3,https://www.jra.go.jp/JRADB/accessS.html?CNAME=pw01sde1007202603040920260830%2FD9,ダート,1:57.3,,渡辺 薫彦,晴,馬齢,,
454(+2),53.0,14  14  12  13,中京,QUARANTINED_HTML:track_condition,1800,13,pw01dud102023105244/62,アンヌグロース,8,◇永島 まなみ,41.7,５,04,03,14,3歳,未勝利,2026-08-30,pw01sde1007202603040920260830,3歳未勝利,09,牝［指定］,16時45分,牝3,https://www.jra.go.jp/JRADB/accessS.html?CNAME=pw01sde1007202603040920260830%2FD9,ダート,1:58.1,,松下 武士,晴,馬齢,,
468(0),53.0,2  2  2  6,中京,QUARANTINED_HTML:track_condition,1800,14,pw01dud102023104230/97,タマモパルファン,5,△柴田 裕一郎,46.1,大差,04,03,13,3歳,未勝利,2026-08-30,pw01sde1007202603040920260830,3歳未勝利,09,牝［指定］,16時45分,牝3,https://www.jra.go.jp/JRADB/accessS.html?CNAME=pw01sde1007202603040920260830%2FD9,ダート,2:01.3,,角田 晃一,晴,馬齢,,
502(-2),55.0,11  11  15  15,中京,QUARANTINED_HTML:track_condition,1800,15,pw01dud102023106897/20,スプレンドーレ,2,国分 優作,44.2,１,04,03,12,3歳,未勝利,2026-08-30,pw01sde1007202603040920260830,3歳未勝利,09,牝［指定］,16時45分,牝3,https://www.jra.go.jp/JRADB/accessS.html?CNAME=pw01sde1007202603040920260830%2FD9,ダート,2:01.5,,矢作 芳人,晴,馬齢,,
464(+4),58.0,10  8  9  9,中京,PASS_HTML,2000,1,pw01dud102022105290/5A,レッドヴァリアート,6,西村 淳也,34.0,,04,03,4,3歳以上,1勝クラス,2026-08-30,pw01sde1007202603041020260830,3歳以上1勝クラス,10,（混合）［指定］,17時15分,牡4,https://www.jra.go.jp/JRADB/accessS.html?CNAME=pw01sde1007202603041020260830%2FCE,芝,1:58.6,良,加藤 公太,晴,定量,,
534(+10),58.0,1  1  1  1,中京,PASS_HTML,2000,2,pw01dud102022107185/36,エテルノレガーメ,2,富田 暁,35.0,３／４,04,03,3,3歳以上,1勝クラス,2026-08-30,pw01sde1007202603041020260830,3歳以上1勝クラス,10,（混合）［指定］,17時15分,牡4,https://www.jra.go.jp/JRADB/accessS.html?CNAME=pw01sde1007202603041020260830%2FCE,芝,1:58.8,良,野中 賢二,晴,定量,,
518(+8),56.0,3  3  3  3,中京,PASS_HTML,2000,3,pw01dud102021103518/9B,リアルセンター,1,団野 大成,34.7,クビ,04,03,8,3歳以上,1勝クラス,2026-08-30,pw01sde1007202603041020260830,3歳以上1勝クラス,10,（混合）［指定］,17時15分,牝5,https://www.jra.go.jp/JRADB/accessS.html?CNAME=pw01sde1007202603041020260830%2FCE,芝,1:58.8,良,千葉 直人,晴,定量,,
452(0),58.0,6  7  8  7,中京,PASS_HTML,2000,4,pw01dud102019100915/2E,ゼンノインヴォーク,8,幸 英明,34.5,１ 1/2,04,03,2,3歳以上,1勝クラス,2026-08-30,pw01sde1007202603041020260830,3歳以上1勝クラス,10,（混合）［指定］,17時15分,せん7,https://www.jra.go.jp/JRADB/accessS.html?CNAME=pw01sde1007202603041020260830%2FCE,芝,1:59.0,良,緒方 努,晴,定量,,
518(+4),55.0,5  5  5  5,中京,PASS_HTML,2000,5,pw01dud102023105793/34,ロードスタニング,10,坂井 瑠星,34.8,クビ,04,03,1,3歳以上,1勝クラス,2026-08-30,pw01sde1007202603041020260830,3歳以上1勝クラス,10,（混合）［指定］,17時15分,牡3,https://www.jra.go.jp/JRADB/accessS.html?CNAME=pw01sde1007202603041020260830%2FCE,芝,1:59.1,良,杉山 晴紀,晴,定量,,
442(-8),55.0,6  5  6  5,中京,PASS_HTML,2000,6,pw01dud102022105814/CC,サイモンノーブル,3,▲森田 誠也,35.0,１ 1/4,04,03,9,3歳以上,1勝クラス,2026-08-30,pw01sde1007202603041020260830,3歳以上1勝クラス,10,（混合）［指定］,17時15分,牡4,https://www.jra.go.jp/JRADB/accessS.html?CNAME=pw01sde1007202603041020260830%2FCE,芝,1:59.3,良,梅田 智之,晴,定量,,
464(+6),55.0,2  2  2  2,中京,PASS_HTML,2000,7,pw01dud102023100967/87,バークシャーシチー,5,松若 風馬,35.4,３／４,04,03,5,3歳以上,1勝クラス,2026-08-30,pw01sde1007202603041020260830,3歳以上1勝クラス,10,（混合）［指定］,17時15分,牡3,https://www.jra.go.jp/JRADB/accessS.html?CNAME=pw01sde1007202603041020260830%2FCE,芝,1:59.4,良,牧田 和弥,晴,定量,,
468(+2),55.0,3  4  3  3,中京,PASS_HTML,2000,8,pw01dud102023105822/82,ロードメルヴェイユ,9,吉村 誠之助,36.0,４,04,03,6,3歳以上,1勝クラス,2026-08-30,pw01sde1007202603041020260830,3歳以上1勝クラス,10,（混合）［指定］,17時15分,牡3,https://www.jra.go.jp/JRADB/accessS.html?CNAME=pw01sde1007202603041020260830%2FCE,芝,2:00.1,良,長谷川 浩大,晴,定量,,
426(+12),56.0,8  8  10  9,中京,PASS_HTML,2000,9,pw01dud102022103517/B4,シュエットアムール,7,角田 大和,35.7,１ 1/2,04,03,10,3歳以上,1勝クラス,2026-08-30,pw01sde1007202603041020260830,3歳以上1勝クラス,10,（混合）［指定］,17時15分,牝4,https://www.jra.go.jp/JRADB/accessS.html?CNAME=pw01sde1007202603041020260830%2FCE,芝,2:00.4,良,加藤 和宏,晴,定量,,
474(-10),54.0,9  10  6  7,中京,PASS_HTML,2000,10,pw01dud102023102471/CE,バーバラップ,4,☆田山 旺佑,36.0,ハナ,04,03,7,3歳以上,1勝クラス,2026-08-30,pw01sde1007202603041020260830,3歳以上1勝クラス,10,（混合）［指定］,17時15分,牡3,https://www.jra.go.jp/JRADB/accessS.html?CNAME=pw01sde1007202603041020260830%2FCE,芝,2:00.4,良,小崎 憲,晴,定量,,
500(0),57.0,13  13,中京,PASS_HTML,1400,1,pw01dud102023105339/C2,カルロット,17,坂井 瑠星,33.6,,04,03,3,3歳,未勝利,2026-08-30,pw01sde1007202603041120260830,3歳未勝利,11,（混合）［指定］,17時45分,牡3,https://www.jra.go.jp/JRADB/accessS.html?CNAME=pw01sde1007202603041120260830%2F83,芝,1:19.8,良,武 幸四郎,晴,馬齢,,
476(-6),57.0,11  10,中京,PASS_HTML,1400,2,pw01dud102023106931/3F,パトローナス,13,吉村 誠之助,33.8,クビ,04,03,4,3歳,未勝利,2026-08-30,pw01sde1007202603041120260830,3歳未勝利,11,（混合）［指定］,17時45分,せん3,https://www.jra.go.jp/JRADB/accessS.html?CNAME=pw01sde1007202603041120260830%2F83,芝,1:19.9,良,高橋 亮,晴,馬齢,,
468(-6),55.0,7  7,中京,PASS_HTML,1400,3,pw01dud102023100910/12,ハピネスサンライズ,7,松山 弘平,34.3,１／２,04,03,6,3歳,未勝利,2026-08-30,pw01sde1007202603041120260830,3歳未勝利,11,（混合）［指定］,17時45分,牝3,https://www.jra.go.jp/JRADB/accessS.html?CNAME=pw01sde1007202603041120260830%2F83,芝,1:20.0,良,東田 明士,晴,馬齢,,
486(-4),55.0,4  4,中京,PASS_HTML,1400,4,pw01dud102023106909/A7,バルフルール,5,角田 大和,34.5,クビ,04,03,7,3歳,未勝利,2026-08-30,pw01sde1007202603041120260830,3歳未勝利,11,（混合）［指定］,17時45分,牝3,https://www.jra.go.jp/JRADB/accessS.html?CNAME=pw01sde1007202603041120260830%2F83,芝,1:20.0,良,長谷川 浩大,晴,馬齢,,
470(+4),57.0,9  10,中京,PASS_HTML,1400,5,pw01dud102023101735/FE,リントゥラウル,11,幸 英明,34.3,２ 1/2,04,03,5,3歳,未勝利,2026-08-30,pw01sde1007202603041120260830,3歳未勝利,11,（混合）［指定］,17時45分,牡3,https://www.jra.go.jp/JRADB/accessS.html?CNAME=pw01sde1007202603041120260830%2F83,芝,1:20.4,良,秋山 真一郎,晴,馬齢,,
428(-4),57.0,16  16,中京,PASS_HTML,1400,6,pw01dud102023100555/CD,トウカイジーク,2,菱田 裕二,33.9,クビ,04,03,8,3歳,未勝利,2026-08-30,pw01sde1007202603041120260830,3歳未勝利,11,（混合）［指定］,17時45分,牡3,https://www.jra.go.jp/JRADB/accessS.html?CNAME=pw01sde1007202603041120260830%2F83,芝,1:20.5,良,野中 賢二,晴,馬齢,,
436(-2),55.0,15  15,中京,PASS_HTML,1400,7,pw01dud102023105346/79,ミッキーラヴィータ,15,西村 淳也,34.1,クビ,04,03,1,3歳,未勝利,2026-08-30,pw01sde1007202603041120260830,3歳未勝利,11,（混合）［指定］,17時45分,牝3,https://www.jra.go.jp/JRADB/accessS.html?CNAME=pw01sde1007202603041120260830%2F83,芝,1:20.5,良,高橋 亮,晴,馬齢,,
460(-2),57.0,2  2,中京,PASS_HTML,1400,8,pw01dud102023101973/BA,デルニエジョイ,9,田口 貫太,35.3,クビ,04,03,10,3歳,未勝利,2026-08-30,pw01sde1007202603041120260830,3歳未勝利,11,（混合）［指定］,17時45分,牡3,https://www.jra.go.jp/JRADB/accessS.html?CNAME=pw01sde1007202603041120260830%2F83,芝,1:20.6,良,鈴木 孝志,晴,馬齢,,
470(-6),54.0,9  8,中京,PASS_HTML,1400,9,pw01dud102023103334/A5,モカプウイング,14,☆田山 旺佑,34.8,１,04,03,12,3歳,未勝利,2026-08-30,pw01sde1007202603041120260830,3歳未勝利,11,（混合）［指定］,17時45分,牝3,https://www.jra.go.jp/JRADB/accessS.html?CNAME=pw01sde1007202603041120260830%2F83,芝,1:20.7,良,加藤 公太,晴,馬齢,,
482(+4),54.0,14  13,中京,PASS_HTML,1400,10,pw01dud102023100690/FF,ルーセントムーン,6,▲森田 誠也,34.5,１／２,04,03,16,3歳,未勝利,2026-08-30,pw01sde1007202603041120260830,3歳未勝利,11,（混合）［指定］,17時45分,牡3,https://www.jra.go.jp/JRADB/accessS.html?CNAME=pw01sde1007202603041120260830%2F83,芝,1:20.8,良,高橋 一哉,晴,馬齢,,
418(+10),55.0,4  5,中京,PASS_HTML,1400,11,pw01dud102023103916/91,ナデシコザクラ,12,秋山 稔樹,35.3,１／２,04,03,15,3歳,未勝利,2026-08-30,pw01sde1007202603041120260830,3歳未勝利,11,（混合）［指定］,17時45分,牝3,https://www.jra.go.jp/JRADB/accessS.html?CNAME=pw01sde1007202603041120260830%2F83,芝,1:20.9,良,秋山 真一郎,晴,馬齢,,
412(+4),55.0,1  1,中京,PASS_HTML,1400,12,pw01dud102023103353/52,シャンデリュイーズ,3,富田 暁,36.0,クビ,04,03,14,3歳,未勝利,2026-08-30,pw01sde1007202603041120260830,3歳未勝利,11,（混合）［指定］,17時45分,牝3,https://www.jra.go.jp/JRADB/accessS.html?CNAME=pw01sde1007202603041120260830%2F83,芝,1:20.9,良,小栗 実,晴,馬齢,,
520(+8),57.0,16  16,中京,PASS_HTML,1400,13,pw01dud102023104350/E8,ボールドペイト,16,松若 風馬,34.6,１ 3/4,04,03,17,3歳,未勝利,2026-08-30,pw01sde1007202603041120260830,3歳未勝利,11,（混合）［指定］,17時45分,牡3,https://www.jra.go.jp/JRADB/accessS.html?CNAME=pw01sde1007202603041120260830%2F83,芝,1:21.2,良,千田 輝彦,晴,馬齢,,
450(0),55.0,7  8,中京,PASS_HTML,1400,14,pw01dud102023107273/FD,エコロディアン,18,M.デムーロ,35.9,３ 1/2,04,03,2,3歳,未勝利,2026-08-30,pw01sde1007202603041120260830,3歳未勝利,11,（混合）［指定］,17時45分,牝3,https://www.jra.go.jp/JRADB/accessS.html?CNAME=pw01sde1007202603041120260830%2F83,芝,1:21.8,良,牧浦 充徳,晴,馬齢,,
384(-2),55.0,2  3,中京,PASS_HTML,1400,15,pw01dud102023102133/E1,スイートポメロ,8,川須 栄彦,36.6,１,04,03,13,3歳,未勝利,2026-08-30,pw01sde1007202603041120260830,3歳未勝利,11,（混合）［指定］,17時45分,牝3,https://www.jra.go.jp/JRADB/accessS.html?CNAME=pw01sde1007202603041120260830%2F83,芝,1:22.0,良,森田 直行,晴,馬齢,,
446(初出走),55.0,18  18,中京,PASS_HTML,1400,16,pw01dud102023107208/CC,プリモマーレ,1,中井 裕二,34.8,２,04,03,9,3歳,未勝利,2026-08-30,pw01sde1007202603041120260830,3歳未勝利,11,（混合）［指定］,17時45分,牝3,https://www.jra.go.jp/JRADB/accessS.html?CNAME=pw01sde1007202603041120260830%2F83,芝,1:22.3,良,中内田 充正,晴,馬齢,,
456(初出走),55.0,11  10,中京,PASS_HTML,1400,17,pw01dud102023100979/7D,メイショウトライオ,4,太宰 啓介,36.5,１ 3/4,04,03,18,3歳,未勝利,2026-08-30,pw01sde1007202603041120260830,3歳未勝利,11,（混合）［指定］,17時45分,牝3,https://www.jra.go.jp/JRADB/accessS.html?CNAME=pw01sde1007202603041120260830%2F83,芝,1:22.6,良,石橋 守,晴,馬齢,,
440(-6),55.0,4  5,中京,PASS_HTML,1400,18,pw01dud102023103535/7A,プリュスエクラ,10,団野 大成,37.6,３ 1/2,04,03,10,3歳,未勝利,2026-08-30,pw01sde1007202603041120260830,3歳未勝利,11,（混合）［指定］,17時45分,牝3,https://www.jra.go.jp/JRADB/accessS.html?CNAME=pw01sde1007202603041120260830%2F83,芝,1:23.2,良,小林 真也,晴,馬齢,,
484(+2),56.0,6  6,中京,QUARANTINED_HTML:track_condition,1200,1,pw01dud102023105024/E0,ダノンステート,6,角田 大和,36.3,,04,03,6,3歳以上,1勝クラス,2026-08-30,pw01sde1007202603041220260830,3歳以上1勝クラス,12,[指定],18時15分,牡3,https://www.jra.go.jp/JRADB/accessS.html?CNAME=pw01sde1007202603041220260830%2F38,ダート,1:11.5,,千田 輝彦,晴,定量,,
500(-2),54.0,2  2,中京,QUARANTINED_HTML:track_condition,1200,2,pw01dud102023106388/8E,ヒルノプーリア,11,秋山 稔樹,37.3,２ 1/2,04,03,1,3歳以上,1勝クラス,2026-08-30,pw01sde1007202603041220260830,3歳以上1勝クラス,12,[指定],18時15分,牝3,https://www.jra.go.jp/JRADB/accessS.html?CNAME=pw01sde1007202603041220260830%2F38,ダート,1:11.9,,北出 成人,晴,定量,,
424(-4),51.0,9  8,中京,QUARANTINED_HTML:track_condition,1200,3,pw01dud102023101810/D0,ヴォンドゥ,1,▲森田 誠也,36.3,１／２,04,03,5,3歳以上,1勝クラス,2026-08-30,pw01sde1007202603041220260830,3歳以上1勝クラス,12,[指定],18時15分,牝3,https://www.jra.go.jp/JRADB/accessS.html?CNAME=pw01sde1007202603041220260830%2F38,ダート,1:12.0,,小栗 実,晴,定量,,
504(0),54.0,4  3,中京,QUARANTINED_HTML:track_condition,1200,4,pw01dud102023103718/15,アーガイルショア,3,北村 友一,37.1,アタマ,04,03,3,3歳以上,1勝クラス,2026-08-30,pw01sde1007202603041220260830,3歳以上1勝クラス,12,[指定],18時15分,牝3,https://www.jra.go.jp/JRADB/accessS.html?CNAME=pw01sde1007202603041220260830%2F38,ダート,1:12.0,,安田 翔伍,晴,定量,,
432(-2),56.0,11  9,中京,QUARANTINED_HTML:track_condition,1200,5,pw01dud102023105140/65,サヨノパララックス,4,川須 栄彦,36.6,２ 1/2,04,03,12,3歳以上,1勝クラス,2026-08-30,pw01sde1007202603041220260830,3歳以上1勝クラス,12,[指定],18時15分,牡3,https://www.jra.go.jp/JRADB/accessS.html?CNAME=pw01sde1007202603041220260830%2F38,ダート,1:12.4,,羽月 友彦,晴,定量,,
428(-2),52.0,5  5,中京,QUARANTINED_HTML:track_condition,1200,6,pw01dud102023100676/91,ミスヘンリー,7,△柴田 裕一郎,37.7,１ 3/4,04,03,10,3歳以上,1勝クラス,2026-08-30,pw01sde1007202603041220260830,3歳以上1勝クラス,12,[指定],18時15分,牝3,https://www.jra.go.jp/JRADB/accessS.html?CNAME=pw01sde1007202603041220260830%2F38,ダート,1:12.7,,羽月 友彦,晴,定量,,
476(-6),53.0,13  13,中京,QUARANTINED_HTML:track_condition,1200,7,pw01dud102020101920/6D,メラヴィリオーザ,9,▲川端 海翼,36.5,アタマ,04,03,13,3歳以上,1勝クラス,2026-08-30,pw01sde1007202603041220260830,3歳以上1勝クラス,12,[指定],18時15分,牝6,https://www.jra.go.jp/JRADB/accessS.html?CNAME=pw01sde1007202603041220260830%2F38,ダート,1:12.7,,秋山 真一郎,晴,定量,,
496(+2),58.0,13  12,中京,QUARANTINED_HTML:track_condition,1200,8,pw01dud102021104101/91,タイセイブロウ,13,田口 貫太,36.5,クビ,04,03,7,3歳以上,1勝クラス,2026-08-30,pw01sde1007202603041220260830,3歳以上1勝クラス,12,[指定],18時15分,牡5,https://www.jra.go.jp/JRADB/accessS.html?CNAME=pw01sde1007202603041220260830%2F38,ダート,1:12.7,,平田 修,晴,定量,,
454(+2),53.0,8  7,中京,QUARANTINED_HTML:track_condition,1200,9,pw01dud102023103218/20,グラスゴー,10,☆田山 旺佑,37.3,クビ,04,03,8,3歳以上,1勝クラス,2026-08-30,pw01sde1007202603041220260830,3歳以上1勝クラス,12,[指定],18時15分,牝3,https://www.jra.go.jp/JRADB/accessS.html?CNAME=pw01sde1007202603041220260830%2F38,ダート,1:12.8,,浜田 多実雄,晴,定量,,
486(0),54.0,1  1,中京,QUARANTINED_HTML:track_condition,1200,10,pw01dud102023103399/44,オンザノアール,2,幸 英明,38.4,１ 1/4,04,03,4,3歳以上,1勝クラス,2026-08-30,pw01sde1007202603041220260830,3歳以上1勝クラス,12,[指定],18時15分,牝3,https://www.jra.go.jp/JRADB/accessS.html?CNAME=pw01sde1007202603041220260830%2F38,ダート,1:13.0,,佐藤 悠太,晴,定量,,
478(+2),56.0,9  9,中京,QUARANTINED_HTML:track_condition,1200,11,pw01dud102023102131/FB,ラヴネヴァーダイズ,12,松山 弘平,37.4,１／２,04,03,2,3歳以上,1勝クラス,2026-08-30,pw01sde1007202603041220260830,3歳以上1勝クラス,12,[指定],18時15分,牡3,https://www.jra.go.jp/JRADB/accessS.html?CNAME=pw01sde1007202603041220260830%2F38,ダート,1:13.1,,渡辺 薫彦,晴,定量,,
534(-12),58.0,6  9,中京,QUARANTINED_HTML:track_condition,1200,12,pw01dud102020107018/D6,レジェンダリーデイ,8,菱田 裕二,37.9,クビ,04,03,9,3歳以上,1勝クラス,2026-08-30,pw01sde1007202603041220260830,3歳以上1勝クラス,12,[指定],18時15分,せん6,https://www.jra.go.jp/JRADB/accessS.html?CNAME=pw01sde1007202603041220260830%2F38,ダート,1:13.1,,森田 直行,晴,定量,,
462(-8),54.0,12  13,中京,QUARANTINED_HTML:track_condition,1200,13,pw01dud102023100695/3E,モノノケ,5,酒井 学,37.2,１ 1/4,04,03,11,3歳以上,1勝クラス,2026-08-30,pw01sde1007202603041220260830,3歳以上1勝クラス,12,[指定],18時15分,牝3,https://www.jra.go.jp/JRADB/accessS.html?CNAME=pw01sde1007202603041220260830%2F38,ダート,1:13.3,,宮地 貴稔,晴,定量,,
518(0),56.0,3  3,中京,QUARANTINED_HTML:track_condition,1200,14,pw01dud102019107007/D4,パワポケビー,14,中井 裕二,39.7,７,04,03,14,3歳以上,1勝クラス,2026-08-30,pw01sde1007202603041220260830,3歳以上1勝クラス,12,[指定],18時15分,牝7,https://www.jra.go.jp/JRADB/accessS.html?CNAME=pw01sde1007202603041220260830%2F38,ダート,1:14.4,,森田 直行,晴,定量,,
490(0),55.0,5  3  2  1,札幌,QUARANTINED_HTML:track_condition,1700,1,pw01dud002024106754/FB,ロジアコース,11,浜中 俊,38.3,,05,02,2,2歳,未勝利,2026-09-05,pw01sde0101202602050120260905,2歳未勝利,01,（混合）［指定］,9時50分,牡2,https://www.jra.go.jp/JRADB/accessS.html?CNAME=pw01sde0101202602050120260905%2FF6,ダート,1:45.2,,加藤 征弘,晴,馬齢,,
500(+6),55.0,1  1  1  2,札幌,QUARANTINED_HTML:track_condition,1700,2,pw01dud002024108279/43,サトノフルーク,9,佐々木 大輔,39.4,６,05,02,1,2歳,未勝利,2026-09-05,pw01sde0101202602050120260905,2歳未勝利,01,（混合）［指定］,9時50分,牡2,https://www.jra.go.jp/JRADB/accessS.html?CNAME=pw01sde0101202602050120260905%2FF6,ダート,1:46.2,,堀 宣行,晴,馬齢,,
438(0),55.0,3  5  6  6,札幌,QUARANTINED_HTML:track_condition,1700,3,pw01dud002024105270/6B,ロードリバイバル,5,松本 大輝,39.0,３ 1/2,05,02,6,2歳,未勝利,2026-09-05,pw01sde0101202602050120260905,2歳未勝利,01,（混合）［指定］,9時50分,牡2,https://www.jra.go.jp/JRADB/accessS.html?CNAME=pw01sde0101202602050120260905%2FF6,ダート,1:46.8,,中村 直也,晴,馬齢,,
484(+4),52.0,2  3  3  3,札幌,QUARANTINED_HTML:track_condition,1700,4,pw01dud002024102290/BE,シンゼンノト,2,▲遠藤 汰月,39.8,クビ,05,02,3,2歳,未勝利,2026-09-05,pw01sde0101202602050120260905,2歳未勝利,01,（混合）［指定］,9時50分,牡2,https://www.jra.go.jp/JRADB/accessS.html?CNAME=pw01sde0101202602050120260905%2FF6,ダート,1:46.9,,荒川 義之,晴,馬齢,,
460(-8),51.0,11  10  10  8,札幌,QUARANTINED_HTML:track_condition,1700,5,pw01dud002024100841/29,フレンドミラノ,12,★河原田 菜々,38.4,１ 3/4,05,02,9,2歳,未勝利,2026-09-05,pw01sde0101202602050120260905,2歳未勝利,01,（混合）［指定］,9時50分,牡2,https://www.jra.go.jp/JRADB/accessS.html?CNAME=pw01sde0101202602050120260905%2FF6,ダート,1:47.2,,加藤 和宏,晴,馬齢,,
428(-6),55.0,6  5  5  4,札幌,QUARANTINED_HTML:track_condition,1700,6,pw01dud002024106804/DC,カリスマン,8,吉田 隼人,40.0,クビ,05,02,8,2歳,未勝利,2026-09-05,pw01sde0101202602050120260905,2歳未勝利,01,（混合）［指定］,9時50分,牡2,https://www.jra.go.jp/JRADB/accessS.html?CNAME=pw01sde0101202602050120260905%2FF6,ダート,1:47.3,,武井 亮,晴,馬齢,,
474(+4),55.0,7  7  7  7,札幌,QUARANTINED_HTML:track_condition,1700,7,pw01dud002024101091/E0,グリームウッド,3,横山 琉人,39.5,２ 1/2,05,02,10,2歳,未勝利,2026-09-05,pw01sde0101202602050120260905,2歳未勝利,01,（混合）［指定］,9時50分,牡2,https://www.jra.go.jp/JRADB/accessS.html?CNAME=pw01sde0101202602050120260905%2FF6,ダート,1:47.7,,手塚 貴徳,晴,馬齢,,
520(+4),55.0,3  2  3  4,札幌,QUARANTINED_HTML:track_condition,1700,8,pw01dud002024105548/66,キュータンチャン,7,丹内 祐次,41.4,５,05,02,5,2歳,未勝利,2026-09-05,pw01sde0101202602050120260905,2歳未勝利,01,（混合）［指定］,9時50分,牡2,https://www.jra.go.jp/JRADB/accessS.html?CNAME=pw01sde0101202602050120260905%2FF6,ダート,1:48.5,,尾形 和幸,晴,馬齢,,
498(0),53.0,12  12  11  10,札幌,QUARANTINED_HTML:track_condition,1700,9,pw01dud002024103127/31,カセノメロス,1,◇小林 美駒,39.1,クビ,05,02,4,2歳,未勝利,2026-09-05,pw01sde0101202602050120260905,2歳未勝利,01,（混合）［指定］,9時50分,牡2,https://www.jra.go.jp/JRADB/accessS.html?CNAME=pw01sde0101202602050120260905%2FF6,ダート,1:48.5,,鈴木 伸尋,晴,馬齢,,
402(0),55.0,9  9  7  8,札幌,QUARANTINED_HTML:track_condition,1700,10,pw01dud002024105634/BB,ゲームチェンジャー,6,原田 和真,41.2,５,05,02,11,2歳,未勝利,2026-09-05,pw01sde0101202602050120260905,2歳未勝利,01,（混合）［指定］,9時50分,牡2,https://www.jra.go.jp/JRADB/accessS.html?CNAME=pw01sde0101202602050120260905%2FF6,ダート,1:49.4,,蛯名 利弘,晴,馬齢,,
402(0),52.0,7  7  9  10,札幌,QUARANTINED_HTML:track_condition,1700,11,pw01dud002024105002/7F,ラストフィールド,10,▲和田 陽希,41.8,６,05,02,12,2歳,未勝利,2026-09-05,pw01sde0101202602050120260905,2歳未勝利,01,（混合）［指定］,9時50分,牝2,https://www.jra.go.jp/JRADB/accessS.html?CNAME=pw01sde0101202602050120260905%2FF6,ダート,1:50.4,,谷 潔,晴,馬齢,,
442(+4),55.0,10  10  12  12,札幌,QUARANTINED_HTML:track_condition,1700,12,pw01dud002024102603/4B,ロードレスポンス,4,鮫島 克駿,42.3,大差,05,02,7,2歳,未勝利,2026-09-05,pw01sde0101202602050120260905,2歳未勝利,01,（混合）［指定］,9時50分,牡2,https://www.jra.go.jp/JRADB/accessS.html?CNAME=pw01sde0101202602050120260905%2FF6,ダート,1:54.4,,和田 勇介,晴,馬齢,,
418(-2),53.0,1  1,札幌,PASS_HTML,1200,1,pw01dud002024104759/5C,ミハテヌユメ,11,◇小林 美駒,36.2,,05,02,1,2歳,未勝利,2026-09-05,pw01sde0101202602050220260905,2歳未勝利,02,[指定],10時20分,牝2,https://www.jra.go.jp/JRADB/accessS.html?CNAME=pw01sde0101202602050220260905%2FAB,芝,1:10.4,稍重,前川 恭子,晴,馬齢,,
498(-4),55.0,4  3,札幌,PASS_HTML,1200,2,pw01dud002024105809/2C,アルデシンザン,9,丹内 祐次,36.7,６,05,02,2,2歳,未勝利,2026-09-05,pw01sde0101202602050220260905,2歳未勝利,02,[指定],10時20分,牡2,https://www.jra.go.jp/JRADB/accessS.html?CNAME=pw01sde0101202602050220260905%2FAB,芝,1:11.4,稍重,矢野 英一,晴,馬齢,,
458(0),54.0,2  2,札幌,PASS_HTML,1200,3,pw01dud002024100086/20,ハヤテノギンジロウ,4,☆長浜 鴻緒,37.0,３／４,05,02,6,2歳,未勝利,2026-09-05,pw01sde0101202602050220260905,2歳未勝利,02,[指定],10時20分,牡2,https://www.jra.go.jp/JRADB/accessS.html?CNAME=pw01sde0101202602050220260905%2FAB,芝,1:11.5,稍重,鈴木 慎太郎,晴,馬齢,,
414(+2),55.0,9  6,札幌,PASS_HTML,1200,4,pw01dud002024103507/D5,サンシルヴァリー,5,川又 賢治,36.7,３／４,05,02,10,2歳,未勝利,2026-09-05,pw01sde0101202602050220260905,2歳未勝利,02,[指定],10時20分,牝2,https://www.jra.go.jp/JRADB/accessS.html?CNAME=pw01sde0101202602050220260905%2FAB,芝,1:11.7,稍重,西村 真幸,晴,馬齢,,
432(-6),55.0,8  6,札幌,PASS_HTML,1200,5,pw01dud002024106839/4B,アワードリームス,7,松本 大輝,36.8,クビ,05,02,5,2歳,未勝利,2026-09-05,pw01sde0101202602050220260905,2歳未勝利,02,[指定],10時20分,牝2,https://www.jra.go.jp/JRADB/accessS.html?CNAME=pw01sde0101202602050220260905%2FAB,芝,1:11.7,稍重,中村 直也,晴,馬齢,,
484(+2),55.0,9  6,札幌,PASS_HTML,1200,6,pw01dud002024103914/50,スクレイプバイ,10,横山 琉人,37.0,１ 1/2,05,02,3,2歳,未勝利,2026-09-05,pw01sde0101202602050220260905,2歳未勝利,02,[指定],10時20分,牡2,https://www.jra.go.jp/JRADB/accessS.html?CNAME=pw01sde0101202602050220260905%2FAB,芝,1:12.0,稍重,高橋 義忠,晴,馬齢,,
420(+8),51.0,4  3,札幌,PASS_HTML,1200,7,pw01dud002024100077/83,サノノベリー,1,★河原田 菜々,37.5,１ 1/4,05,02,7,2歳,未勝利,2026-09-05,pw01sde0101202602050220260905,2歳未勝利,02,[指定],10時20分,牝2,https://www.jra.go.jp/JRADB/accessS.html?CNAME=pw01sde0101202602050220260905%2FAB,芝,1:12.2,稍重,天間 昭一,晴,馬齢,,
430(-2),55.0,2  5,札幌,PASS_HTML,1200,8,pw01dud002024101510/E2,ハミングリップス,6,藤懸 貴志,38.1,３,05,02,9,2歳,未勝利,2026-09-05,pw01sde0101202602050220260905,2歳未勝利,02,[指定],10時20分,牝2,https://www.jra.go.jp/JRADB/accessS.html?CNAME=pw01sde0101202602050220260905%2FAB,芝,1:12.7,稍重,青木 孝文,晴,馬齢,,
416(0),52.0,6  6,札幌,PASS_HTML,1200,9,pw01dud002024104503/F8,ゴートゥービッツン,2,▲遠藤 汰月,38.0,１ 1/4,05,02,8,2歳,未勝利,2026-09-05,pw01sde0101202602050220260905,2歳未勝利,02,[指定],10時20分,牝2,https://www.jra.go.jp/JRADB/accessS.html?CNAME=pw01sde0101202602050220260905%2FAB,芝,1:12.8,稍重,伊藤 伸一,晴,馬齢,,
440(+4),55.0,11  11,札幌,PASS_HTML,1200,10,pw01dud002024104218/B4,リアルクウカイ,8,原田 和真,38.0,２ 1/2,05,02,11,2歳,未勝利,2026-09-05,pw01sde0101202602050220260905,2歳未勝利,02,[指定],10時20分,牡2,https://www.jra.go.jp/JRADB/accessS.html?CNAME=pw01sde0101202602050220260905%2FAB,芝,1:13.2,稍重,萱野 浩二,晴,馬齢,,
400(-4),55.0,6  10,札幌,PASS_HTML,1200,11,pw01dud002024100072/44,リーディンアクター,3,佐々木 大輔,41.8,大差,05,02,4,2歳,未勝利,2026-09-05,pw01sde0101202602050220260905,2歳未勝利,02,[指定],10時20分,牡2,https://www.jra.go.jp/JRADB/accessS.html?CNAME=pw01sde0101202602050220260905%2FAB,芝,1:16.6,稍重,堀内 岳志,晴,馬齢,,
470(-4),54.0,2  2,札幌,QUARANTINED_HTML:track_condition,1000,1,pw01dud002023102999/94,ペイシャクロス,2,☆長浜 鴻緒,35.3,,05,02,9,3歳,未勝利,2026-09-05,pw01sde0101202602050320260905,3歳未勝利,03,[指定],10時50分,牝3,https://www.jra.go.jp/JRADB/accessS.html?CNAME=pw01sde0101202602050320260905%2F60,ダート,0:58.6,,粕谷 昌央,晴,馬齢,,
484(+6),55.0,3  3,札幌,QUARANTINED_HTML:track_condition,1000,2,pw01dud002023104999/72,メイショウマドンナ,5,吉田 隼人,35.6,３,05,02,5,3歳,未勝利,2026-09-05,pw01sde0101202602050320260905,3歳未勝利,03,[指定],10時50分,牝3,https://www.jra.go.jp/JRADB/accessS.html?CNAME=pw01sde0101202602050320260905%2F60,ダート,0:59.1,,荒川 義之,晴,馬齢,,
492(0),53.0,3  3,札幌,QUARANTINED_HTML:track_condition,1000,3,pw01dud002023104377/46,ナブッコ,9,★河原田 菜々,35.7,３／４,05,02,2,3歳,未勝利,2026-09-05,pw01sde0101202602050320260905,3歳未勝利,03,[指定],10時50分,牡3,https://www.jra.go.jp/JRADB/accessS.html?CNAME=pw01sde0101202602050320260905%2F60,ダート,0:59.2,,橋田 宜長,晴,馬齢,,
516(+6),55.0,7  7,札幌,QUARANTINED_HTML:track_condition,1000,4,pw01dud002023106001/6F,スマートコーラル,10,鮫島 克駿,35.4,クビ,05,02,7,3歳,未勝利,2026-09-05,pw01sde0101202602050320260905,3歳未勝利,03,[指定],10時50分,牝3,https://www.jra.go.jp/JRADB/accessS.html?CNAME=pw01sde0101202602050320260905%2F60,ダート,0:59.2,,石坂 公一,晴,馬齢,,
458(+2),52.0,3  5,札幌,QUARANTINED_HTML:track_condition,1000,5,pw01dud002023104226/52,チョウスター,3,▲和田 陽希,35.8,クビ,05,02,4,3歳,未勝利,2026-09-05,pw01sde0101202602050320260905,3歳未勝利,03,[指定],10時50分,牝3,https://www.jra.go.jp/JRADB/accessS.html?CNAME=pw01sde0101202602050320260905%2F60,ダート,0:59.3,,羽月 友彦,晴,馬齢,,
486(0),55.0,6  5,札幌,QUARANTINED_HTML:track_condition,1000,6,pw01dud002023107310/8E,ハイティー,8,北村 友一,35.9,１ 1/4,05,02,6,3歳,未勝利,2026-09-05,pw01sde0101202602050320260905,3歳未勝利,03,[指定],10時50分,牝3,https://www.jra.go.jp/JRADB/accessS.html?CNAME=pw01sde0101202602050320260905%2F60,ダート,0:59.5,,木村 哲也,晴,馬齢,,
444(+16),52.0,10  10,札幌,QUARANTINED_HTML:track_condition,1000,7,pw01dud002023103612/4B,オリヒメボシ,7,▲大久保 友雅,35.4,１,05,02,10,3歳,未勝利,2026-09-05,pw01sde0101202602050320260905,3歳未勝利,03,[指定],10時50分,牝3,https://www.jra.go.jp/JRADB/accessS.html?CNAME=pw01sde0101202602050320260905%2F60,ダート,0:59.7,,庄野 靖志,晴,馬齢,,
500(+22),55.0,9  9,札幌,QUARANTINED_HTML:track_condition,1000,8,pw01dud002023101742/CE,ホワイトラバーズ,12,古川 吉洋,35.7,３／４,05,02,12,3歳,未勝利,2026-09-05,pw01sde0101202602050320260905,3歳未勝利,03,[指定],10時50分,牝3,https://www.jra.go.jp/JRADB/accessS.html?CNAME=pw01sde0101202602050320260905%2F60,ダート,0:59.8,,大根田 裕之,晴,馬齢,,
468(+14),57.0,1  1,札幌,QUARANTINED_HTML:track_condition,1000,9,pw01dud002023106658/0A,ニンジャトットリ,1,丹内 祐次,36.8,３／４,05,02,3,3歳,未勝利,2026-09-05,pw01sde0101202602050320260905,3歳未勝利,03,[指定],10時50分,牡3,https://www.jra.go.jp/JRADB/accessS.html?CNAME=pw01sde0101202602050320260905%2F60,ダート,0:59.9,,松永 康利,晴,馬齢,,
462(0),57.0,10  11,札幌,QUARANTINED_HTML:track_condition,1000,10,pw01dud002023101448/ED,スラッシュコード,6,小沢 大仁,35.8,３／４,05,02,11,3歳,未勝利,2026-09-05,pw01sde0101202602050320260905,3歳未勝利,03,[指定],10時50分,牡3,https://www.jra.go.jp/JRADB/accessS.html?CNAME=pw01sde0101202602050320260905%2F60,ダート,1:00.1,,伊藤 圭三,晴,馬齢,,
470(-2),57.0,7  7,札幌,QUARANTINED_HTML:track_condition,1000,11,pw01dud002023106556/F3,サンライズロイ,11,佐々木 大輔,36.6,１ 1/4,05,02,8,3歳,未勝利,2026-09-05,pw01sde0101202602050320260905,3歳未勝利,03,[指定],10時50分,牡3,https://www.jra.go.jp/JRADB/accessS.html?CNAME=pw01sde0101202602050320260905%2F60,ダート,1:00.3,,牧浦 充徳,晴,馬齢,,
450(+2),53.0,12  12,札幌,QUARANTINED_HTML:track_condition,1000,12,pw01dud002023101755/37,アイビーミャーオ,4,◇小林 美駒,37.0,大差,05,02,1,3歳,未勝利,2026-09-05,pw01sde0101202602050320260905,3歳未勝利,03,[指定],10時50分,牝3,https://www.jra.go.jp/JRADB/accessS.html?CNAME=pw01sde0101202602050320260905%2F60,ダート,1:02.3,,小林 真也,晴,馬齢,,
476(+2),57.0,4  3  3  2,札幌,QUARANTINED_HTML:track_condition,1700,1,pw01dud002023101756/AA,メイショウセンドウ,5,横山 和生,36.9,,05,02,1,3歳,未勝利,2026-09-05,pw01sde0101202602050420260905,3歳未勝利,04,[指定],11時20分,牡3,https://www.jra.go.jp/JRADB/accessS.html?CNAME=pw01sde0101202602050420260905%2F15,ダート,1:44.7,,飯田 祐史,晴,馬齢,,
456(0),53.0,2  2  2  1,札幌,QUARANTINED_HTML:track_condition,1700,2,pw01dud002023100785/78,アズライトアスール,6,★河原田 菜々,37.2,１／２,05,02,3,3歳,未勝利,2026-09-05,pw01sde0101202602050420260905,3歳未勝利,04,[指定],11時20分,牡3,https://www.jra.go.jp/JRADB/accessS.html?CNAME=pw01sde0101202602050420260905%2F15,ダート,1:44.8,,鈴木 孝志,晴,馬齢,,
472(0),57.0,6  6  9  8,札幌,QUARANTINED_HTML:track_condition,1700,3,pw01dud002023105537/57,エイシンリーガル,9,松本 大輝,37.9,９,05,02,2,3歳,未勝利,2026-09-05,pw01sde0101202602050420260905,3歳未勝利,04,[指定],11時20分,牡3,https://www.jra.go.jp/JRADB/accessS.html?CNAME=pw01sde0101202602050420260905%2F15,ダート,1:46.3,,高橋 康之,晴,馬齢,,
408(0),55.0,9  9  8  4,札幌,QUARANTINED_HTML:track_condition,1700,4,pw01dud002023103475/A2,ディープマウンテン,14,吉田 隼人,38.1,アタマ,05,02,12,3歳,未勝利,2026-09-05,pw01sde0101202602050420260905,3歳未勝利,04,[指定],11時20分,牝3,https://www.jra.go.jp/JRADB/accessS.html?CNAME=pw01sde0101202602050420260905%2F15,ダート,1:46.3,,深山 雅史,晴,馬齢,,
434(-4),55.0,11  11  12  13,札幌,QUARANTINED_HTML:track_condition,1700,5,pw01dud002023104027/63,ダンツアラーム,10,黛 弘人,38.0,３ 1/2,05,02,8,3歳,未勝利,2026-09-05,pw01sde0101202602050420260905,3歳未勝利,04,[指定],11時20分,牝3,https://www.jra.go.jp/JRADB/accessS.html?CNAME=pw01sde0101202602050420260905%2F15,ダート,1:46.9,,本田 優,晴,馬齢,,
468(+2),57.0,4  5  5  4,札幌,QUARANTINED_HTML:track_condition,1700,6,pw01dud002023105904/92,サトノフレア,11,佐々木 大輔,39.0,アタマ,05,02,4,3歳,未勝利,2026-09-05,pw01sde0101202602050420260905,3歳未勝利,04,[指定],11時20分,牡3,https://www.jra.go.jp/JRADB/accessS.html?CNAME=pw01sde0101202602050420260905%2F15,ダート,1:46.9,,堀 宣行,晴,馬齢,,
482(+2),57.0,13  13  12  11,札幌,QUARANTINED_HTML:track_condition,1700,7,pw01dud002023104684/90,ロジクリスエス,4,丹内 祐次,38.2,１ 1/4,05,02,10,3歳,未勝利,2026-09-05,pw01sde0101202602050420260905,3歳未勝利,04,[指定],11時20分,せん3,https://www.jra.go.jp/JRADB/accessS.html?CNAME=pw01sde0101202602050420260905%2F15,ダート,1:47.1,,新開 幸一,晴,馬齢,,
464(+4),57.0,12  11  10  11,札幌,QUARANTINED_HTML:track_condition,1700,8,pw01dud002023106605/61,フェイスリフト,13,荻野 琢真,38.6,１／２,05,02,5,3歳,未勝利,2026-09-05,pw01sde0101202602050420260905,3歳未勝利,04,[指定],11時20分,牡3,https://www.jra.go.jp/JRADB/accessS.html?CNAME=pw01sde0101202602050420260905%2F15,ダート,1:47.2,,嘉藤 貴行,晴,馬齢,,
416(0),55.0,6  6  5  8,札幌,QUARANTINED_HTML:track_condition,1700,9,pw01dud002023104415/31,アインプロージット,12,川又 賢治,39.5,２,05,02,14,3歳,未勝利,2026-09-05,pw01sde0101202602050420260905,3歳未勝利,04,[指定],11時20分,牝3,https://www.jra.go.jp/JRADB/accessS.html?CNAME=pw01sde0101202602050420260905%2F15,ダート,1:47.5,,小笠 倫弘,晴,馬齢,,
434(+4),55.0,9  10  10  8,札幌,QUARANTINED_HTML:track_condition,1700,10,pw01dud002023101318/8C,クープグラッセ,7,小沢 大仁,39.4,２ 1/2,05,02,11,3歳,未勝利,2026-09-05,pw01sde0101202602050420260905,3歳未勝利,04,[指定],11時20分,牝3,https://www.jra.go.jp/JRADB/accessS.html?CNAME=pw01sde0101202602050420260905%2F15,ダート,1:47.9,,岡田 稲男,晴,馬齢,,
484(-2),55.0,14  13  5  4,札幌,QUARANTINED_HTML:track_condition,1700,11,pw01dud002023103178/68,テンユウ,2,◇小林 美駒,40.0,クビ,05,02,6,3歳,未勝利,2026-09-05,pw01sde0101202602050420260905,3歳未勝利,04,[指定],11時20分,牡3,https://www.jra.go.jp/JRADB/accessS.html?CNAME=pw01sde0101202602050420260905%2F15,ダート,1:48.0,,奥村 武,晴,馬齢,,
484(+4),52.0,3  3  3  4,札幌,QUARANTINED_HTML:track_condition,1700,12,pw01dud002023101443/AE,フィーユレアル,8,▲遠藤 汰月,40.6,２,05,02,7,3歳,未勝利,2026-09-05,pw01sde0101202602050420260905,3歳未勝利,04,[指定],11時20分,牝3,https://www.jra.go.jp/JRADB/accessS.html?CNAME=pw01sde0101202602050420260905%2F15,ダート,1:48.3,,斎藤 誠,晴,馬齢,,
456(+6),57.0,1  1  1  2,札幌,QUARANTINED_HTML:track_condition,1700,13,pw01dud002023105739/9F,モズヴイ,3,横山 琉人,41.3,３ 1/2,05,02,9,3歳,未勝利,2026-09-05,pw01sde0101202602050420260905,3歳未勝利,04,[指定],11時20分,牡3,https://www.jra.go.jp/JRADB/accessS.html?CNAME=pw01sde0101202602050420260905%2F15,ダート,1:48.9,,藤岡 健一,晴,馬齢,,
460(-16),56.0,6  6  12  14,札幌,QUARANTINED_HTML:track_condition,1700,14,pw01dud002023105909/D1,ブラックゲイル,1,☆長浜 鴻緒,45.4,大差,05,02,13,3歳,未勝利,2026-09-05,pw01sde0101202602050420260905,3歳未勝利,04,[指定],11時20分,牡3,https://www.jra.go.jp/JRADB/accessS.html?CNAME=pw01sde0101202602050420260905%2F15,ダート,1:54.3,,加藤 和宏,晴,馬齢,,
440(初出走),55.0,12  11  9,札幌,PASS_HTML,1500,1,pw01dud002024106514/59,シュヴァルツペルレ,5,浜中 俊,35.1,,05,02,6,2歳,新馬,2026-09-05,pw01sde0101202602050520260905,メイクデビュー札幌,05,（混合）［指定］,12時10分,牝2,https://www.jra.go.jp/JRADB/accessS.html?CNAME=pw01sde0101202602050520260905%2FCA,芝,1:31.5,稍重,武 幸四郎,晴,馬齢,,
502(初出走),55.0,6  7  5,札幌,PASS_HTML,1500,2,pw01dud002024106140/F9,プレシャスタイム,7,佐々木 大輔,36.0,２,05,02,3,2歳,新馬,2026-09-05,pw01sde0101202602050520260905,メイクデビュー札幌,05,（混合）［指定］,12時10分,牡2,https://www.jra.go.jp/JRADB/accessS.html?CNAME=pw01sde0101202602050520260905%2FCA,芝,1:31.8,稍重,須貝 尚介,晴,馬齢,,
444(初出走),52.0,3  4  5,札幌,PASS_HTML,1500,3,pw01dud002024101760/94,ローズファミリー,2,▲大久保 友雅,36.2,クビ,05,02,2,2歳,新馬,2026-09-05,pw01sde0101202602050520260905,メイクデビュー札幌,05,（混合）［指定］,12時10分,牝2,https://www.jra.go.jp/JRADB/accessS.html?CNAME=pw01sde0101202602050520260905%2FCA,芝,1:31.8,稍重,田中 剛,晴,馬齢,,
410(初出走),53.0,10  7  5,札幌,PASS_HTML,1500,4,pw01dud002024104841/E5,グレーターマーク,1,◇小林 美駒,36.3,１ 1/2,05,02,4,2歳,新馬,2026-09-05,pw01sde0101202602050520260905,メイクデビュー札幌,05,（混合）［指定］,12時10分,牝2,https://www.jra.go.jp/JRADB/accessS.html?CNAME=pw01sde0101202602050520260905%2FCA,芝,1:32.1,稍重,小椋 研介,晴,馬齢,,
472(初出走),55.0,3  3  2,札幌,PASS_HTML,1500,5,pw01dud002024106862/56,ミーアキース,12,鮫島 克駿,36.7,１／２,05,02,5,2歳,新馬,2026-09-05,pw01sde0101202602050520260905,メイクデビュー札幌,05,（混合）［指定］,12時10分,牝2,https://www.jra.go.jp/JRADB/accessS.html?CNAME=pw01sde0101202602050520260905%2FCA,芝,1:32.2,稍重,加藤 征弘,晴,馬齢,,
458(初出走),55.0,11  11  11,札幌,PASS_HTML,1500,6,pw01dud002024105330/5C,コーズサム,14,黛 弘人,36.3,２ 1/2,05,02,9,2歳,新馬,2026-09-05,pw01sde0101202602050520260905,メイクデビュー札幌,05,（混合）［指定］,12時10分,牡2,https://www.jra.go.jp/JRADB/accessS.html?CNAME=pw01sde0101202602050520260905%2FCA,芝,1:32.6,稍重,伊藤 圭三,晴,馬齢,,
390(初出走),55.0,9  7  9,札幌,PASS_HTML,1500,7,pw01dud002024108004/32,ララアウローラ,9,小沢 大仁,36.9,クビ,05,02,7,2歳,新馬,2026-09-05,pw01sde0101202602050520260905,メイクデビュー札幌,05,（混合）［指定］,12時10分,牝2,https://www.jra.go.jp/JRADB/accessS.html?CNAME=pw01sde0101202602050520260905%2FCA,芝,1:32.7,稍重,千葉 直人,晴,馬齢,,
432(初出走),55.0,3  4  5,札幌,PASS_HTML,1500,8,pw01dud002024106379/96,ポーラールート,3,北村 友一,37.3,１ 1/2,05,02,1,2歳,新馬,2026-09-05,pw01sde0101202602050520260905,メイクデビュー札幌,05,（混合）［指定］,12時10分,牝2,https://www.jra.go.jp/JRADB/accessS.html?CNAME=pw01sde0101202602050520260905%2FCA,芝,1:32.9,稍重,武 英智,晴,馬齢,,
484(初出走),55.0,6  4  2,札幌,PASS_HTML,1500,9,pw01dud002024100358/69,ジャスコヒラリアス,11,斎藤 新,37.4,クビ,05,02,8,2歳,新馬,2026-09-05,pw01sde0101202602050520260905,メイクデビュー札幌,05,（混合）［指定］,12時10分,牡2,https://www.jra.go.jp/JRADB/accessS.html?CNAME=pw01sde0101202602050520260905%2FCA,芝,1:33.0,稍重,高橋 康之,晴,馬齢,,
438(初出走),52.0,2  2  2,札幌,PASS_HTML,1500,10,pw01dud002024100614/F0,アンミツ,10,▲和田 陽希,37.6,アタマ,05,02,10,2歳,新馬,2026-09-05,pw01sde0101202602050520260905,メイクデビュー札幌,05,（混合）［指定］,12時10分,牝2,https://www.jra.go.jp/JRADB/accessS.html?CNAME=pw01sde0101202602050520260905%2FCA,芝,1:33.0,稍重,杉山 佳明,晴,馬齢,,
490(初出走),55.0,13  11  11,札幌,PASS_HTML,1500,11,pw01dud002024105557/03,ラガーレッドムーン,6,荻野 琢真,37.4,５,05,02,13,2歳,新馬,2026-09-05,pw01sde0101202602050520260905,メイクデビュー札幌,05,（混合）［指定］,12時10分,牝2,https://www.jra.go.jp/JRADB/accessS.html?CNAME=pw01sde0101202602050520260905%2FCA,芝,1:33.8,稍重,池添 学,晴,馬齢,,
436(初出走),55.0,1  1  1,札幌,PASS_HTML,1500,12,pw01dud002024103824/2F,ルナディアナ,8,松本 大輝,38.6,クビ,05,02,12,2歳,新馬,2026-09-05,pw01sde0101202602050520260905,メイクデビュー札幌,05,（混合）［指定］,12時10分,牝2,https://www.jra.go.jp/JRADB/accessS.html?CNAME=pw01sde0101202602050520260905%2FCA,芝,1:33.9,稍重,小手川 準,晴,馬齢,,
438(初出走),55.0,6  10  11,札幌,PASS_HTML,1500,13,pw01dud002024101361/43,アルーリングボーイ,13,伊藤 工真,38.2,２,05,02,14,2歳,新馬,2026-09-05,pw01sde0101202602050520260905,メイクデビュー札幌,05,（混合）［指定］,12時10分,牡2,https://www.jra.go.jp/JRADB/accessS.html?CNAME=pw01sde0101202602050520260905%2FCA,芝,1:34.2,稍重,金成 貴史,晴,馬齢,,
472(初出走),54.0,14  14  14,札幌,PASS_HTML,1500,14,pw01dud002024104400/6E,フェアリースノー,4,☆長浜 鴻緒,39.7,大差,05,02,11,2歳,新馬,2026-09-05,pw01sde0101202602050520260905,メイクデビュー札幌,05,（混合）［指定］,12時10分,牝2,https://www.jra.go.jp/JRADB/accessS.html?CNAME=pw01sde0101202602050520260905%2FCA,芝,1:39.3,稍重,尾形 和幸,晴,馬齢,,
484(+2),57.0,11  11  8  2,札幌,PASS_HTML,2000,1,pw01dud002023100771/9C,マジックファイヤー,15,斎藤 新,36.4,,05,02,9,3歳,未勝利,2026-09-05,pw01sde0101202602050620260905,3歳未勝利,06,[指定],12時40分,牡3,https://www.jra.go.jp/JRADB/accessS.html?CNAME=pw01sde0101202602050620260905%2F7F,芝,2:03.8,稍重,浅利 英明,晴,馬齢,,
530(+8),57.0,14  14  13  10,札幌,PASS_HTML,2000,2,pw01dud002023105260/CF,サトノリアファル,10,横山 和生,36.2,１／２,05,02,6,3歳,未勝利,2026-09-05,pw01sde0101202602050620260905,3歳未勝利,06,[指定],12時40分,牡3,https://www.jra.go.jp/JRADB/accessS.html?CNAME=pw01sde0101202602050620260905%2F7F,芝,2:03.9,稍重,古賀 慎明,晴,馬齢,,
498(+4),57.0,7  7  3  2,札幌,PASS_HTML,2000,3,pw01dud002023106817/B9,アルペングロー,16,北村 友一,37.0,３／４,05,02,4,3歳,未勝利,2026-09-05,pw01sde0101202602050620260905,3歳未勝利,06,[指定],12時40分,牡3,https://www.jra.go.jp/JRADB/accessS.html?CNAME=pw01sde0101202602050620260905%2F7F,芝,2:04.0,稍重,上村 洋行,晴,馬齢,,
440(-4),57.0,9  9  5  2,札幌,PASS_HTML,2000,4,pw01dud002023103867/3C,アート,14,鮫島 克駿,36.8,ハナ,05,02,12,3歳,未勝利,2026-09-05,pw01sde0101202602050620260905,3歳未勝利,06,[指定],12時40分,牡3,https://www.jra.go.jp/JRADB/accessS.html?CNAME=pw01sde0101202602050620260905%2F7F,芝,2:04.0,稍重,杉山 晴紀,晴,馬齢,,
436(+2),55.0,4  3  2  1,札幌,PASS_HTML,2000,5,pw01dud002023106411/43,マンサニージャ,8,丹内 祐次,37.2,１／２,05,02,1,3歳,未勝利,2026-09-05,pw01sde0101202602050620260905,3歳未勝利,06,[指定],12時40分,牝3,https://www.jra.go.jp/JRADB/accessS.html?CNAME=pw01sde0101202602050620260905%2F7F,芝,2:04.1,稍重,菊川 正達,晴,馬齢,,
490(+2),57.0,15  15  15  13,札幌,PASS_HTML,2000,6,pw01dud002023101934/06,レットミーテイク,11,吉田 隼人,36.3,１／２,05,02,11,3歳,未勝利,2026-09-05,pw01sde0101202602050620260905,3歳未勝利,06,[指定],12時40分,牡3,https://www.jra.go.jp/JRADB/accessS.html?CNAME=pw01sde0101202602050620260905%2F7F,芝,2:04.2,稍重,庄野 靖志,晴,馬齢,,
450(-2),53.0,16  16  15  11,札幌,PASS_HTML,2000,7,pw01dud002023102669/D1,ワダツミ,4,◇小林 美駒,36.3,ハナ,05,02,3,3歳,未勝利,2026-09-05,pw01sde0101202602050620260905,3歳未勝利,06,[指定],12時40分,牝3,https://www.jra.go.jp/JRADB/accessS.html?CNAME=pw01sde0101202602050620260905%2F7F,芝,2:04.2,稍重,笹田 和秀,晴,馬齢,,
430(-6),52.0,4  5  7  6,札幌,PASS_HTML,2000,8,pw01dud002023105681/26,ポリメトリック,9,▲和田 陽希,37.2,１ 3/4,05,02,5,3歳,未勝利,2026-09-05,pw01sde0101202602050620260905,3歳未勝利,06,[指定],12時40分,牝3,https://www.jra.go.jp/JRADB/accessS.html?CNAME=pw01sde0101202602050620260905%2F7F,芝,2:04.5,稍重,池江 泰寿,晴,馬齢,,
484(+4),57.0,11  11  8  6,札幌,PASS_HTML,2000,9,pw01dud002023101000/51,フローレンスフーガ,5,古川 吉洋,37.1,ハナ,05,02,2,3歳,未勝利,2026-09-05,pw01sde0101202602050620260905,3歳未勝利,06,[指定],12時40分,牡3,https://www.jra.go.jp/JRADB/accessS.html?CNAME=pw01sde0101202602050620260905%2F7F,芝,2:04.5,稍重,四位 洋文,晴,馬齢,,
402(0),51.0,6  6  5  6,札幌,PASS_HTML,2000,10,pw01dud002023106148/05,ヒメヒオウギ,7,★河原田 菜々,37.6,１ 3/4,05,02,7,3歳,未勝利,2026-09-05,pw01sde0101202602050620260905,3歳未勝利,06,[指定],12時40分,牝3,https://www.jra.go.jp/JRADB/accessS.html?CNAME=pw01sde0101202602050620260905%2F7F,芝,2:04.8,稍重,中竹 和也,晴,馬齢,,
468(+10),57.0,3  3  3  6,札幌,PASS_HTML,2000,11,pw01dud002023103424/DF,デルマバンダイサン,13,松本 大輝,38.0,１ 1/2,05,02,13,3歳,未勝利,2026-09-05,pw01sde0101202602050620260905,3歳未勝利,06,[指定],12時40分,牡3,https://www.jra.go.jp/JRADB/accessS.html?CNAME=pw01sde0101202602050620260905%2F7F,芝,2:05.1,稍重,井上 智史,晴,馬齢,,
442(+10),55.0,11  11  13  13,札幌,PASS_HTML,2000,12,pw01dud002023104338/79,ハヤブサブロー,1,横山 琉人,37.7,２,05,02,15,3歳,未勝利,2026-09-05,pw01sde0101202602050620260905,3歳未勝利,06,[指定],12時40分,牝3,https://www.jra.go.jp/JRADB/accessS.html?CNAME=pw01sde0101202602050620260905%2F7F,芝,2:05.4,稍重,高橋 義忠,晴,馬齢,,
450(-4),57.0,7  7  10  11,札幌,PASS_HTML,2000,13,pw01dud002023100604/54,ショウナンアワード,2,小沢 大仁,38.6,４,05,02,14,3歳,未勝利,2026-09-05,pw01sde0101202602050620260905,3歳未勝利,06,[指定],12時40分,牡3,https://www.jra.go.jp/JRADB/accessS.html?CNAME=pw01sde0101202602050620260905%2F7F,芝,2:06.1,稍重,東田 明士,晴,馬齢,,
486(-2),57.0,9  9  10  13,札幌,PASS_HTML,2000,14,pw01dud002023106772/A9,アップターンデイ,12,藤懸 貴志,38.8,２,05,02,16,3歳,未勝利,2026-09-05,pw01sde0101202602050620260905,3歳未勝利,06,[指定],12時40分,牡3,https://www.jra.go.jp/JRADB/accessS.html?CNAME=pw01sde0101202602050620260905%2F7F,芝,2:06.4,稍重,藤岡 健一,晴,馬齢,,
470(+8),54.0,1  1  1  5,札幌,PASS_HTML,2000,15,pw01dud002023105854/B1,ウインポーシャ,3,☆長浜 鴻緒,40.5,５,05,02,10,3歳,未勝利,2026-09-05,pw01sde0101202602050620260905,3歳未勝利,06,[指定],12時40分,牝3,https://www.jra.go.jp/JRADB/accessS.html?CNAME=pw01sde0101202602050620260905%2F7F,芝,2:07.3,稍重,矢嶋 大樹,晴,馬齢,,
464(+4),57.0,2  2  10  16,札幌,PASS_HTML,2000,16,pw01dud002023103757/FB,シーラス,6,佐々木 大輔,50.8,大差,05,02,8,3歳,未勝利,2026-09-05,pw01sde0101202602050620260905,3歳未勝利,06,[指定],12時40分,牡3,https://www.jra.go.jp/JRADB/accessS.html?CNAME=pw01sde0101202602050620260905%2F7F,芝,2:18.4,稍重,堀 宣行,晴,馬齢,,
434(+4),56.0,6  6  4  5,札幌,PASS_HTML,1800,1,pw01dud002022106618/3E,ジェルブロア,6,北村 友一,35.8,,05,02,3,3歳以上,1勝クラス,2026-09-05,pw01sde0101202602050720260905,3歳以上1勝クラス,07,牝［指定］,13時10分,牝4,https://www.jra.go.jp/JRADB/accessS.html?CNAME=pw01sde0101202602050720260905%2F34,芝,1:50.0,稍重,矢作 芳人,晴,定量,,
450(+4),53.0,2  2  2  1,札幌,PASS_HTML,1800,2,pw01dud002023106840/C4,アドマイヤシュラ,8,佐々木 大輔,36.3,２,05,02,1,3歳以上,1勝クラス,2026-09-05,pw01sde0101202602050720260905,3歳以上1勝クラス,07,牝［指定］,13時10分,牝3,https://www.jra.go.jp/JRADB/accessS.html?CNAME=pw01sde0101202602050720260905%2F34,芝,1:50.3,稍重,友道 康夫,晴,定量,,
468(+12),51.0,12  12  12  7,札幌,PASS_HTML,1800,3,pw01dud002023105849/E0,フリーヤ,4,◇小林 美駒,35.7,３／４,05,02,2,3歳以上,1勝クラス,2026-09-05,pw01sde0101202602050720260905,3歳以上1勝クラス,07,牝［指定］,13時10分,牝3,https://www.jra.go.jp/JRADB/accessS.html?CNAME=pw01sde0101202602050720260905%2F34,芝,1:50.4,稍重,鈴木 伸尋,晴,定量,,
474(0),55.0,3  4  4  5,札幌,PASS_HTML,1800,4,pw01dud002022105532/8C,カリーン,5,☆長浜 鴻緒,36.3,クビ,05,02,8,3歳以上,1勝クラス,2026-09-05,pw01sde0101202602050720260905,3歳以上1勝クラス,07,牝［指定］,13時10分,牝4,https://www.jra.go.jp/JRADB/accessS.html?CNAME=pw01sde0101202602050720260905%2F34,芝,1:50.5,稍重,蛯名 正義,晴,定量,,
442(-2),52.0,1  1  1  2,札幌,PASS_HTML,1800,5,pw01dud002021105168/1E,クイーンズワーフ,1,★河原田 菜々,37.0,１ 1/4,05,02,5,3歳以上,1勝クラス,2026-09-05,pw01sde0101202602050720260905,3歳以上1勝クラス,07,牝［指定］,13時10分,牝5,https://www.jra.go.jp/JRADB/accessS.html?CNAME=pw01sde0101202602050720260905%2F34,芝,1:50.7,稍重,青木 孝文,晴,定量,,
420(-6),56.0,11  11  4  3,札幌,PASS_HTML,1800,6,pw01dud002022105060/E1,サウンドサンライズ,7,斎藤 新,36.5,アタマ,05,02,9,3歳以上,1勝クラス,2026-09-05,pw01sde0101202602050720260905,3歳以上1勝クラス,07,牝［指定］,13時10分,牝4,https://www.jra.go.jp/JRADB/accessS.html?CNAME=pw01sde0101202602050720260905%2F34,芝,1:50.7,稍重,東田 明士,晴,定量,,
446(+26),51.0,10  8  9  9,札幌,PASS_HTML,1800,7,pw01dud002023106380/0F,ベネディクション,2,◇古川 奈穂,36.5,１,05,02,6,3歳以上,1勝クラス,2026-09-05,pw01sde0101202602050720260905,3歳以上1勝クラス,07,牝［指定］,13時10分,牝3,https://www.jra.go.jp/JRADB/accessS.html?CNAME=pw01sde0101202602050720260905%2F34,芝,1:50.9,稍重,矢作 芳人,晴,定量,,
438(+4),53.0,8  8  9  9,札幌,PASS_HTML,1800,8,pw01dud002023106412/B6,ユメシルベ,12,丹内 祐次,36.5,ハナ,05,02,7,3歳以上,1勝クラス,2026-09-05,pw01sde0101202602050720260905,3歳以上1勝クラス,07,牝［指定］,13時10分,牝3,https://www.jra.go.jp/JRADB/accessS.html?CNAME=pw01sde0101202602050720260905%2F34,芝,1:50.9,稍重,粕谷 昌央,晴,定量,,
464(0),56.0,8  8  9  12,札幌,PASS_HTML,1800,9,pw01dud002021105694/77,ホウオウペトリュス,11,吉田 隼人,36.5,３／４,05,02,10,3歳以上,1勝クラス,2026-09-05,pw01sde0101202602050720260905,3歳以上1勝クラス,07,牝［指定］,13時10分,牝5,https://www.jra.go.jp/JRADB/accessS.html?CNAME=pw01sde0101202602050720260905%2F34,芝,1:51.0,稍重,須貝 尚介,晴,定量,,
464(+4),53.0,6  6  8  9,札幌,PASS_HTML,1800,10,pw01dud002023102891/CB,グロリアス,9,松本 大輝,36.9,１,05,02,11,3歳以上,1勝クラス,2026-09-05,pw01sde0101202602050720260905,3歳以上1勝クラス,07,牝［指定］,13時10分,牝3,https://www.jra.go.jp/JRADB/accessS.html?CNAME=pw01sde0101202602050720260905%2F34,芝,1:51.2,稍重,新谷 功一,晴,定量,,
448(0),53.0,3  3  2  3,札幌,PASS_HTML,1800,11,pw01dud002023107144/28,エイカイコバチ,10,小沢 大仁,37.8,４,05,02,4,3歳以上,1勝クラス,2026-09-05,pw01sde0101202602050720260905,3歳以上1勝クラス,07,牝［指定］,13時10分,牝3,https://www.jra.go.jp/JRADB/accessS.html?CNAME=pw01sde0101202602050720260905%2F34,芝,1:51.9,稍重,藤原 英昭,晴,定量,,
444(+2),56.0,3  4  4  7,札幌,PASS_HTML,1800,12,pw01dud002022101425/E8,エナジーショット,3,横山 琉人,38.1,２ 1/2,05,02,12,3歳以上,1勝クラス,2026-09-05,pw01sde0101202602050720260905,3歳以上1勝クラス,07,牝［指定］,13時10分,牝4,https://www.jra.go.jp/JRADB/accessS.html?CNAME=pw01sde0101202602050720260905%2F34,芝,1:52.3,稍重,矢嶋 大樹,晴,定量,,
492(+4),55.0,3  3  3  4,札幌,QUARANTINED_HTML:track_condition,1700,1,pw01dud002023105032/23,メイショウコシュウ,1,浜中 俊,37.1,,05,02,6.0,3歳以上,1勝クラス,2026-09-05,pw01sde0101202602050820260905,3歳以上1勝クラス,08,[指定],13時40分,牡3,https://www.jra.go.jp/JRADB/accessS.html?CNAME=pw01sde0101202602050820260905%2FE9,ダート,1:44.2,,松永 幹夫,晴,定量,,
550(-2),53.0,1  1  1  1,札幌,QUARANTINED_HTML:track_condition,1700,2,pw01dud002023103168/58,ベルアズーロ,7,◇小林 美駒,37.8,２,05,02,1.0,3歳以上,1勝クラス,2026-09-05,pw01sde0101202602050820260905,3歳以上1勝クラス,08,[指定],13時40分,牡3,https://www.jra.go.jp/JRADB/accessS.html?CNAME=pw01sde0101202602050820260905%2FE9,ダート,1:44.5,,西村 真幸,晴,定量,,
458(0),58.0,7  5  2  2,札幌,QUARANTINED_HTML:track_condition,1700,3,pw01dud002022101684/37,ミスティマウンテン,11,佐々木 大輔,38.0,１ 1/2,05,02,2.0,3歳以上,1勝クラス,2026-09-05,pw01sde0101202602050820260905,3歳以上1勝クラス,08,[指定],13時40分,牡4,https://www.jra.go.jp/JRADB/accessS.html?CNAME=pw01sde0101202602050820260905%2FE9,ダート,1:44.8,,池上 昌和,晴,定量,,
476(-2),55.0,2  2  3  2,札幌,QUARANTINED_HTML:track_condition,1700,4,pw01dud002023100715/08,ピエナオルカ,10,古川 吉洋,37.8,ハナ,05,02,3.0,3歳以上,1勝クラス,2026-09-05,pw01sde0101202602050820260905,3歳以上1勝クラス,08,[指定],13時40分,牡3,https://www.jra.go.jp/JRADB/accessS.html?CNAME=pw01sde0101202602050820260905%2FE9,ダート,1:44.8,,谷 潔,晴,定量,,
484(+18),55.0,7  8  10  8,札幌,QUARANTINED_HTML:track_condition,1700,5,pw01dud002023105381/93,ハイライトニング,4,横山 和生,37.2,クビ,05,02,5.0,3歳以上,1勝クラス,2026-09-05,pw01sde0101202602050820260905,3歳以上1勝クラス,08,[指定],13時40分,せん3,https://www.jra.go.jp/JRADB/accessS.html?CNAME=pw01sde0101202602050820260905%2FE9,ダート,1:44.9,,嘉藤 貴行,晴,定量,,
508(+6),58.0,5  5  6  6,札幌,QUARANTINED_HTML:track_condition,1700,6,pw01dud002022102378/4F,ファンタイムギフト,8,横山 琉人,37.7,１ 1/2,05,02,9.0,3歳以上,1勝クラス,2026-09-05,pw01sde0101202602050820260905,3歳以上1勝クラス,08,[指定],13時40分,せん4,https://www.jra.go.jp/JRADB/accessS.html?CNAME=pw01sde0101202602050820260905%2FE9,ダート,1:45.1,,相沢 郁,晴,定量,,
446(-2),51.0,9  8  8  6,札幌,QUARANTINED_HTML:track_condition,1700,7,pw01dud002023103441/A6,レッドフロイデ,3,★河原田 菜々,37.8,１,05,02,4.0,3歳以上,1勝クラス,2026-09-05,pw01sde0101202602050820260905,3歳以上1勝クラス,08,[指定],13時40分,牡3,https://www.jra.go.jp/JRADB/accessS.html?CNAME=pw01sde0101202602050820260905%2FE9,ダート,1:45.3,,大久保 龍志,晴,定量,,
498(+18),55.0,3  3  3  4,札幌,QUARANTINED_HTML:track_condition,1700,8,pw01dud002023103594/80,ノースミソロジー,12,小沢 大仁,38.7,２ 1/2,05,02,7.0,3歳以上,1勝クラス,2026-09-05,pw01sde0101202602050820260905,3歳以上1勝クラス,08,[指定],13時40分,牡3,https://www.jra.go.jp/JRADB/accessS.html?CNAME=pw01sde0101202602050820260905%2FE9,ダート,1:45.7,,岡田 稲男,晴,定量,,
484(+8),57.0,10  10  12  11,札幌,QUARANTINED_HTML:track_condition,1700,9,pw01dud002022103235/74,カフェブーケット,5,☆長浜 鴻緒,38.5,５,05,02,11.0,3歳以上,1勝クラス,2026-09-05,pw01sde0101202602050820260905,3歳以上1勝クラス,08,[指定],13時40分,牡4,https://www.jra.go.jp/JRADB/accessS.html?CNAME=pw01sde0101202602050820260905%2FE9,ダート,1:46.5,,柄崎 将寿,晴,定量,,
466(-4),58.0,10  10  8  10,札幌,QUARANTINED_HTML:track_condition,1700,10,pw01dud002021103037/6C,デリシュー,6,丹内 祐次,39.1,１／２,05,02,8.0,3歳以上,1勝クラス,2026-09-05,pw01sde0101202602050820260905,3歳以上1勝クラス,08,[指定],13時40分,牡5,https://www.jra.go.jp/JRADB/accessS.html?CNAME=pw01sde0101202602050820260905%2FE9,ダート,1:46.6,,新開 幸一,晴,定量,,
442(+2),55.0,5  5  6  8,札幌,QUARANTINED_HTML:track_condition,1700,11,pw01dud002023107194/78,ブランヴァンダイク,13,吉田 隼人,39.4,１／２,05,02,10.0,3歳以上,1勝クラス,2026-09-05,pw01sde0101202602050820260905,3歳以上1勝クラス,08,[指定],13時40分,牡3,https://www.jra.go.jp/JRADB/accessS.html?CNAME=pw01sde0101202602050820260905%2FE9,ダート,1:46.7,,辻野 泰之,晴,定量,,
436(+2),52.0,12  12  10  11,札幌,QUARANTINED_HTML:track_condition,1700,12,pw01dud002023106595/C0,アイムスティルミー,9,▲遠藤 汰月,39.3,２,05,02,12.0,3歳以上,1勝クラス,2026-09-05,pw01sde0101202602050820260905,3歳以上1勝クラス,08,[指定],13時40分,せん3,https://www.jra.go.jp/JRADB/accessS.html?CNAME=pw01sde0101202602050820260905%2FE9,ダート,1:47.0,,奥平 雅士,晴,定量,,
,55.0,,札幌,QUARANTINED_HTML:track_condition,1700,取消,pw01dud002023105215/BE,リテラシー,2,松本 大輝,,,05,02,,3歳以上,1勝クラス,2026-09-05,pw01sde0101202602050820260905,3歳以上1勝クラス,08,[指定],13時40分,牡3,https://www.jra.go.jp/JRADB/accessS.html?CNAME=pw01sde0101202602050820260905%2FE9,ダート,,,昆 貢,晴,定量,,
510(0),58.0,1  1  1  1,札幌,PASS_HTML,2000,1,pw01dud002022104724/D5,ハルフロンティア,6,鮫島 克駿,36.1,,05,02,2,3歳以上,1勝クラス,2026-09-05,pw01sde0101202602050920260905,Fビレッジ特別,09,（混合）（特指）,14時10分,牡4,https://www.jra.go.jp/JRADB/accessS.html?CNAME=pw01sde0101202602050920260905%2F9E,芝,2:04.3,稍重,池添 学,晴,定量,,
514(+4),58.0,3  4  2  2,札幌,PASS_HTML,2000,2,pw01dud002022104062/D8,カージオイド,2,長浜 鴻緒,35.9,クビ,05,02,9,3歳以上,1勝クラス,2026-09-05,pw01sde0101202602050920260905,Fビレッジ特別,09,（混合）（特指）,14時10分,牡4,https://www.jra.go.jp/JRADB/accessS.html?CNAME=pw01sde0101202602050920260905%2F9E,芝,2:04.3,稍重,黒岩 陽一,晴,定量,,
460(-4),55.0,3  3  2  2,札幌,PASS_HTML,2000,3,pw01dud002023100207/E9,マイネルシンベリン,9,丹内 祐次,36.1,３／４,05,02,1,3歳以上,1勝クラス,2026-09-05,pw01sde0101202602050920260905,Fビレッジ特別,09,（混合）（特指）,14時10分,牡3,https://www.jra.go.jp/JRADB/accessS.html?CNAME=pw01sde0101202602050920260905%2F9E,芝,2:04.5,稍重,武市 康男,晴,定量,,
470(0),56.0,2  2  2  2,札幌,PASS_HTML,2000,4,pw01dud002022105153/5B,ディヒターリーベ,3,佐々木 大輔,36.2,アタマ,05,02,3,3歳以上,1勝クラス,2026-09-05,pw01sde0101202602050920260905,Fビレッジ特別,09,（混合）（特指）,14時10分,牝4,https://www.jra.go.jp/JRADB/accessS.html?CNAME=pw01sde0101202602050920260905%2F9E,芝,2:04.5,稍重,高橋 文雅,晴,定量,,
454(-2),55.0,5  6  7  5,札幌,PASS_HTML,2000,5,pw01dud002023105021/A0,メイショウテンク,5,吉田 隼人,36.0,１,05,02,4,3歳以上,1勝クラス,2026-09-05,pw01sde0101202602050920260905,Fビレッジ特別,09,（混合）（特指）,14時10分,牡3,https://www.jra.go.jp/JRADB/accessS.html?CNAME=pw01sde0101202602050920260905%2F9E,芝,2:04.7,稍重,荒川 義之,晴,定量,,
470(-6),55.0,5  4  5  5,札幌,PASS_HTML,2000,6,pw01dud002023106419/DB,コスモヘリアンサス,4,小沢 大仁,36.2,１,05,02,13,3歳以上,1勝クラス,2026-09-05,pw01sde0101202602050920260905,Fビレッジ特別,09,（混合）（特指）,14時10分,牡3,https://www.jra.go.jp/JRADB/accessS.html?CNAME=pw01sde0101202602050920260905%2F9E,芝,2:04.8,稍重,伊藤 大士,晴,定量,,
436(+8),55.0,8  6  7  8,札幌,PASS_HTML,2000,7,pw01dud002023104389/3C,フリーガー,1,古川 奈穂,36.1,ハナ,05,02,12,3歳以上,1勝クラス,2026-09-05,pw01sde0101202602050920260905,Fビレッジ特別,09,（混合）（特指）,14時10分,牡3,https://www.jra.go.jp/JRADB/accessS.html?CNAME=pw01sde0101202602050920260905%2F9E,芝,2:04.8,稍重,矢作 芳人,晴,定量,,
462(0),55.0,5  6  5  5,札幌,PASS_HTML,2000,8,pw01dud002023106439/FB,マイネルマスター,10,北村 友一,36.3,１／２,05,02,8,3歳以上,1勝クラス,2026-09-05,pw01sde0101202602050920260905,Fビレッジ特別,09,（混合）（特指）,14時10分,牡3,https://www.jra.go.jp/JRADB/accessS.html?CNAME=pw01sde0101202602050920260905%2F9E,芝,2:04.9,稍重,青木 孝文,晴,定量,,
480(-2),55.0,9  11  11  10,札幌,PASS_HTML,2000,9,pw01dud002023104216/42,コワンニシタガウ,12,池添 謙一,35.9,１／２,05,02,7,3歳以上,1勝クラス,2026-09-05,pw01sde0101202602050920260905,Fビレッジ特別,09,（混合）（特指）,14時10分,牡3,https://www.jra.go.jp/JRADB/accessS.html?CNAME=pw01sde0101202602050920260905%2F9E,芝,2:05.0,稍重,庄野 靖志,晴,定量,,
428(+2),53.0,12  11  11  10,札幌,PASS_HTML,2000,10,pw01dud002023103730/B6,レイヌドプランタン,7,横山 琉人,36.0,１／２,05,02,6,3歳以上,1勝クラス,2026-09-05,pw01sde0101202602050920260905,Fビレッジ特別,09,（混合）（特指）,14時10分,牝3,https://www.jra.go.jp/JRADB/accessS.html?CNAME=pw01sde0101202602050920260905%2F9E,芝,2:05.1,稍重,矢嶋 大樹,晴,定量,,
486(-4),58.0,13  13  13  13,札幌,PASS_HTML,2000,11,pw01dud002022104092/08,サクラアドリア,14,古川 吉洋,35.7,クビ,05,02,11,3歳以上,1勝クラス,2026-09-05,pw01sde0101202602050920260905,Fビレッジ特別,09,（混合）（特指）,14時10分,牡4,https://www.jra.go.jp/JRADB/accessS.html?CNAME=pw01sde0101202602050920260905%2F9E,芝,2:05.1,稍重,尾関 知人,晴,定量,,
504(+2),58.0,9  10  10  10,札幌,PASS_HTML,2000,12,pw01dud002022104973/14,バズアップビート,8,浜中 俊,36.2,１／２,05,02,5,3歳以上,1勝クラス,2026-09-05,pw01sde0101202602050920260905,Fビレッジ特別,09,（混合）（特指）,14時10分,せん4,https://www.jra.go.jp/JRADB/accessS.html?CNAME=pw01sde0101202602050920260905%2F9E,芝,2:05.2,稍重,武 幸四郎,晴,定量,,
432(+8),58.0,9  9  9  8,札幌,PASS_HTML,2000,13,pw01dud002021103520/2C,デルシエロ,11,斎藤 新,36.4,アタマ,05,02,10,3歳以上,1勝クラス,2026-09-05,pw01sde0101202602050920260905,Fビレッジ特別,09,（混合）（特指）,14時10分,牡5,https://www.jra.go.jp/JRADB/accessS.html?CNAME=pw01sde0101202602050920260905%2F9E,芝,2:05.3,稍重,清水 久詞,晴,定量,,
442(-4),56.0,14  14  14  14,札幌,PASS_HTML,2000,14,pw01dud002022104940/8B,エイカイカッシーナ,13,和田 陽希,35.7,１ 1/4,05,02,14,3歳以上,1勝クラス,2026-09-05,pw01sde0101202602050920260905,Fビレッジ特別,09,（混合）（特指）,14時10分,牝4,https://www.jra.go.jp/JRADB/accessS.html?CNAME=pw01sde0101202602050920260905%2F9E,芝,2:05.5,稍重,藤原 英昭,晴,定量,,
516(-6),58.0,2  1,札幌,PASS_HTML,1200,1,pw01dud002021103478/E3,ファビュラススター,14,池添 謙一,34.7,,05,02,2,3歳以上,2勝クラス,2026-09-05,pw01sde0101202602051020260905,札幌スポニチ賞,10,（混合）［指定］,14時45分,牡5,https://www.jra.go.jp/JRADB/accessS.html?CNAME=pw01sde0101202602051020260905%2F93,芝,1:09.3,稍重,新谷 功一,晴,定量,,
542(+2),58.0,12  9,札幌,PASS_HTML,1200,2,pw01dud002022101405/C8,ララバニュルス,7,藤懸 貴志,34.5,３ 1/2,05,02,5,3歳以上,2勝クラス,2026-09-05,pw01sde0101202602051020260905,札幌スポニチ賞,10,（混合）［指定］,14時45分,牡4,https://www.jra.go.jp/JRADB/accessS.html?CNAME=pw01sde0101202602051020260905%2F93,芝,1:09.9,稍重,大竹 正博,晴,定量,,
424(+4),56.0,9  8,札幌,PASS_HTML,1200,3,pw01dud002022102421/0B,ビービーエフォート,11,鮫島 克駿,34.8,１／２,05,02,3,3歳以上,2勝クラス,2026-09-05,pw01sde0101202602051020260905,札幌スポニチ賞,10,（混合）［指定］,14時45分,牝4,https://www.jra.go.jp/JRADB/accessS.html?CNAME=pw01sde0101202602051020260905%2F93,芝,1:10.0,稍重,高柳 瑞樹,晴,定量,,
464(-2),54.0,3  3,札幌,PASS_HTML,1200,4,pw01dud002023103528/DC,ツルノマイハシ,6,佐々木 大輔,35.2,ハナ,05,02,4,3歳以上,2勝クラス,2026-09-05,pw01sde0101202602051020260905,札幌スポニチ賞,10,（混合）［指定］,14時45分,牝3,https://www.jra.go.jp/JRADB/accessS.html?CNAME=pw01sde0101202602051020260905%2F93,芝,1:10.0,稍重,杉浦 宏昭,晴,定量,,
436(-4),56.0,9  9,札幌,PASS_HTML,1200,5,pw01dud002020103632/C7,スイミーユニバンス,1,浜中 俊,34.8,クビ,05,02,9,3歳以上,2勝クラス,2026-09-05,pw01sde0101202602051020260905,札幌スポニチ賞,10,（混合）［指定］,14時45分,牝6,https://www.jra.go.jp/JRADB/accessS.html?CNAME=pw01sde0101202602051020260905%2F93,芝,1:10.0,稍重,平田 修,晴,定量,,
470(-2),56.0,3  3,札幌,PASS_HTML,1200,6,pw01dud002023106619/3D,レッドスティンガー,5,丹内 祐次,35.3,クビ,05,02,1,3歳以上,2勝クラス,2026-09-05,pw01sde0101202602051020260905,札幌スポニチ賞,10,（混合）［指定］,14時45分,牡3,https://www.jra.go.jp/JRADB/accessS.html?CNAME=pw01sde0101202602051020260905%2F93,芝,1:10.1,稍重,矢嶋 大樹,晴,定量,,
440(+10),56.0,12  13,札幌,PASS_HTML,1200,7,pw01dud002021102312/B1,ストレイトアスク,10,北村 友一,34.8,３／４,05,02,6,3歳以上,2勝クラス,2026-09-05,pw01sde0101202602051020260905,札幌スポニチ賞,10,（混合）［指定］,14時45分,牝5,https://www.jra.go.jp/JRADB/accessS.html?CNAME=pw01sde0101202602051020260905%2F93,芝,1:10.2,稍重,藤原 英昭,晴,定量,,
504(-2),58.0,6  6,札幌,PASS_HTML,1200,8,pw01dud002021103595/DB,ビーコング,15,松本 大輝,35.4,１,05,02,10,3歳以上,2勝クラス,2026-09-05,pw01sde0101202602051020260905,札幌スポニチ賞,10,（混合）［指定］,14時45分,牡5,https://www.jra.go.jp/JRADB/accessS.html?CNAME=pw01sde0101202602051020260905%2F93,芝,1:10.4,稍重,小手川 準,晴,定量,,
430(-2),56.0,6  6,札幌,PASS_HTML,1200,9,pw01dud002022102220/36,ニシノラヴァンダ,3,長浜 鴻緒,35.4,ハナ,05,02,13,3歳以上,2勝クラス,2026-09-05,pw01sde0101202602051020260905,札幌スポニチ賞,10,（混合）［指定］,14時45分,牝4,https://www.jra.go.jp/JRADB/accessS.html?CNAME=pw01sde0101202602051020260905%2F93,芝,1:10.4,稍重,奥平 雅士,晴,定量,,
434(+12),56.0,15  13,札幌,PASS_HTML,1200,10,pw01dud002022105583/4F,セイプリーズ,16,古川 吉洋,35.0,２,05,02,7,3歳以上,2勝クラス,2026-09-05,pw01sde0101202602051020260905,札幌スポニチ賞,10,（混合）［指定］,14時45分,牝4,https://www.jra.go.jp/JRADB/accessS.html?CNAME=pw01sde0101202602051020260905%2F93,芝,1:10.7,稍重,宮 徹,晴,定量,,
470(-2),56.0,15  13,札幌,PASS_HTML,1200,11,pw01dud002021102468/E4,ブライティアダイヤ,13,横山 琉人,35.1,ハナ,05,02,15,3歳以上,2勝クラス,2026-09-05,pw01sde0101202602051020260905,札幌スポニチ賞,10,（混合）［指定］,14時45分,牝5,https://www.jra.go.jp/JRADB/accessS.html?CNAME=pw01sde0101202602051020260905%2F93,芝,1:10.7,稍重,稲垣 幸雄,晴,定量,,
490(+2),56.0,12  12,札幌,PASS_HTML,1200,12,pw01dud002021100297/61,ブルボンクイーン,4,吉田 隼人,35.4,クビ,05,02,14,3歳以上,2勝クラス,2026-09-05,pw01sde0101202602051020260905,札幌スポニチ賞,10,（混合）［指定］,14時45分,牝5,https://www.jra.go.jp/JRADB/accessS.html?CNAME=pw01sde0101202602051020260905%2F93,芝,1:10.7,稍重,角田 晃一,晴,定量,,
538(+6),56.0,6  9,札幌,PASS_HTML,1200,13,pw01dud002020106987/B6,スムースベルベット,9,黛 弘人,35.7,１／２,05,02,8,3歳以上,2勝クラス,2026-09-05,pw01sde0101202602051020260905,札幌スポニチ賞,10,（混合）［指定］,14時45分,牝6,https://www.jra.go.jp/JRADB/accessS.html?CNAME=pw01sde0101202602051020260905%2F93,芝,1:10.8,稍重,手塚 貴徳,晴,定量,,
462(+6),54.0,3  3,札幌,PASS_HTML,1200,14,pw01dud002023105815/E4,エスカレイト,8,斎藤 新,36.1,ハナ,05,02,11,3歳以上,2勝クラス,2026-09-05,pw01sde0101202602051020260905,札幌スポニチ賞,10,（混合）［指定］,14時45分,牝3,https://www.jra.go.jp/JRADB/accessS.html?CNAME=pw01sde0101202602051020260905%2F93,芝,1:10.8,稍重,小栗 実,晴,定量,,
442(-2),56.0,9  16,札幌,PASS_HTML,1200,15,pw01dud002022100933/18,エルサトアナ,2,和田 陽希,36.2,３ 1/2,05,02,16,3歳以上,2勝クラス,2026-09-05,pw01sde0101202602051020260905,札幌スポニチ賞,10,（混合）［指定］,14時45分,牝4,https://www.jra.go.jp/JRADB/accessS.html?CNAME=pw01sde0101202602051020260905%2F93,芝,1:11.4,稍重,本田 優,晴,定量,,
436(+8),56.0,1  2,札幌,PASS_HTML,1200,16,pw01dud002022106351/C6,ベビーズブレス,12,荻野 琢真,38.1,７,05,02,12,3歳以上,2勝クラス,2026-09-05,pw01sde0101202602051020260905,札幌スポニチ賞,10,（混合）［指定］,14時45分,牝4,https://www.jra.go.jp/JRADB/accessS.html?CNAME=pw01sde0101202602051020260905%2F93,芝,1:12.6,稍重,千田 輝彦,晴,定量,,
490(+4),55.0,2  2  2  2,札幌,PASS_HTML,1800,1,pw01dud002024106438/14,ショウナンガレオン,2,鮫島 克駿,35.9,,05,02,1,2歳,オープン,2026-09-05,pw01sde0101202602051120260905,札幌2歳ステークス,11,（国際）（特指）,15時20分,牡2,https://www.jra.go.jp/JRADB/accessS.html?CNAME=pw01sde0101202602051120260905%2F48,芝,1:50.3,稍重,加藤 士津八,晴,馬齢,,
424(+2),55.0,1  1  1  1,札幌,PASS_HTML,1800,2,pw01dud002024103590/40,コスモハナミズキ,4,佐々木 大輔,37.3,６,05,02,3,2歳,オープン,2026-09-05,pw01sde0101202602051120260905,札幌2歳ステークス,11,（国際）（特指）,15時20分,牝2,https://www.jra.go.jp/JRADB/accessS.html?CNAME=pw01sde0101202602051120260905%2F48,芝,1:51.3,稍重,菊川 正達,晴,馬齢,,
422(-2),55.0,5  5  6  6,札幌,PASS_HTML,1800,3,pw01dud002024101022/E3,デザートスピリット,3,横山 和生,36.6,１,05,02,4,2歳,オープン,2026-09-05,pw01sde0101202602051120260905,札幌2歳ステークス,11,（国際）（特指）,15時20分,牡2,https://www.jra.go.jp/JRADB/accessS.html?CNAME=pw01sde0101202602051120260905%2F48,芝,1:51.4,稍重,平岩 大典,晴,馬齢,,
446(-4),55.0,4  4  3  3,札幌,PASS_HTML,1800,4,pw01dud002024101984/E2,ランダムナンバー,5,古川 吉洋,36.9,３／４,05,02,7,2歳,オープン,2026-09-05,pw01sde0101202602051120260905,札幌2歳ステークス,11,（国際）（特指）,15時20分,牡2,https://www.jra.go.jp/JRADB/accessS.html?CNAME=pw01sde0101202602051120260905%2F48,芝,1:51.5,稍重,橋田 宜長,晴,馬齢,,
448(+16),55.0,8  7  3  3,札幌,PASS_HTML,1800,5,pw01dud002024106851/D3,テンカタイヘイ,8,丹内 祐次,37.0,クビ,05,02,2,2歳,オープン,2026-09-05,pw01sde0101202602051120260905,札幌2歳ステークス,11,（国際）（特指）,15時20分,牡2,https://www.jra.go.jp/JRADB/accessS.html?CNAME=pw01sde0101202602051120260905%2F48,芝,1:51.6,稍重,小野 次郎,晴,馬齢,,
438(+2),55.0,7  6  7  6,札幌,PASS_HTML,1800,6,pw01dud002024102908/1D,イドム,7,松本 大輝,36.7,３／４,05,02,6,2歳,オープン,2026-09-05,pw01sde0101202602051120260905,札幌2歳ステークス,11,（国際）（特指）,15時20分,牡2,https://www.jra.go.jp/JRADB/accessS.html?CNAME=pw01sde0101202602051120260905%2F48,芝,1:51.7,稍重,高橋 康之,晴,馬齢,,
514(-6),55.0,2  2  3  3,札幌,PASS_HTML,1800,7,pw01dud002024103393/37,ハヤブサカツオー,6,吉田 隼人,37.3,１ 1/4,05,02,5,2歳,オープン,2026-09-05,pw01sde0101202602051120260905,札幌2歳ステークス,11,（国際）（特指）,15時20分,牡2,https://www.jra.go.jp/JRADB/accessS.html?CNAME=pw01sde0101202602051120260905%2F48,芝,1:51.9,稍重,岡田 稲男,晴,馬齢,,
470(+4),55.0,5  7  7  8,札幌,PASS_HTML,1800,8,pw01dud002024105454/79,テングカゼ,1,的場 勇人,38.3,８,05,02,8,2歳,オープン,2026-09-05,pw01sde0101202602051120260905,札幌2歳ステークス,11,（国際）（特指）,15時20分,牡2,https://www.jra.go.jp/JRADB/accessS.html?CNAME=pw01sde0101202602051120260905%2F48,芝,1:53.3,稍重,的場 均,晴,馬齢,,
406(+6),55.0,9  9  9  9,札幌,PASS_HTML,1800,9,pw01dud002024105019/B4,ロゼハイスクール,9,古川 奈穂,42.1,大差,05,02,9,2歳,オープン,2026-09-05,pw01sde0101202602051120260905,札幌2歳ステークス,11,（国際）（特指）,15時20分,牝2,https://www.jra.go.jp/JRADB/accessS.html?CNAME=pw01sde0101202602051120260905%2F48,芝,1:57.6,稍重,小崎 憲,晴,馬齢,,
438(+2),53.0,1  1  2  2,札幌,QUARANTINED_HTML:track_condition,1700,1,pw01dud002023104384/FD,ローゾフィア,9,荻野 琢真,37.3,,05,02,4,3歳以上,1勝クラス,2026-09-05,pw01sde0101202602051220260905,3歳以上1勝クラス,12,牝［指定］,16時05分,牝3,https://www.jra.go.jp/JRADB/accessS.html?CNAME=pw01sde0101202602051220260905%2FFD,ダート,1:45.4,,宮本 博,晴,定量,,
500(-2),51.0,9  9  1  1,札幌,QUARANTINED_HTML:track_condition,1700,2,pw01dud002023105981/B9,ララオウ,4,◇小林 美駒,37.3,アタマ,05,02,6,3歳以上,1勝クラス,2026-09-05,pw01sde0101202602051220260905,3歳以上1勝クラス,12,牝［指定］,16時05分,牝3,https://www.jra.go.jp/JRADB/accessS.html?CNAME=pw01sde0101202602051220260905%2FFD,ダート,1:45.4,,須貝 尚介,晴,定量,,
458(+6),53.0,6  6  6  3,札幌,QUARANTINED_HTML:track_condition,1700,3,pw01dud002023105358/88,ジーティーアリア,8,北村 友一,36.9,クビ,05,02,3,3歳以上,1勝クラス,2026-09-05,pw01sde0101202602051220260905,3歳以上1勝クラス,12,牝［指定］,16時05分,牝3,https://www.jra.go.jp/JRADB/accessS.html?CNAME=pw01sde0101202602051220260905%2FFD,ダート,1:45.5,,田中 克典,晴,定量,,
464(+4),55.0,13  10  7  6,札幌,QUARANTINED_HTML:track_condition,1700,4,pw01dud002022101465/28,リュミナーズ,11,☆長浜 鴻緒,37.0,２ 1/2,05,02,7,3歳以上,1勝クラス,2026-09-05,pw01sde0101202602051220260905,3歳以上1勝クラス,12,牝［指定］,16時05分,牝4,https://www.jra.go.jp/JRADB/accessS.html?CNAME=pw01sde0101202602051220260905%2FFD,ダート,1:45.9,,堀内 岳志,晴,定量,,
430(+14),53.0,7  7  10  8,札幌,QUARANTINED_HTML:track_condition,1700,5,pw01dud002023100463/DF,ナムラハリス,5,浜中 俊,36.8,クビ,05,02,9,3歳以上,1勝クラス,2026-09-05,pw01sde0101202602051220260905,3歳以上1勝クラス,12,牝［指定］,16時05分,牝3,https://www.jra.go.jp/JRADB/accessS.html?CNAME=pw01sde0101202602051220260905%2FFD,ダート,1:45.9,,宮地 貴稔,晴,定量,,
458(+2),52.0,3  3  7  8,札幌,QUARANTINED_HTML:track_condition,1700,6,pw01dud002022105267/68,サウンドルーチェ,6,★河原田 菜々,37.2,３／４,05,02,5,3歳以上,1勝クラス,2026-09-05,pw01sde0101202602051220260905,3歳以上1勝クラス,12,牝［指定］,16時05分,牝4,https://www.jra.go.jp/JRADB/accessS.html?CNAME=pw01sde0101202602051220260905%2FFD,ダート,1:46.0,,渡辺 薫彦,晴,定量,,
500(0),56.0,9  10  10  10,札幌,QUARANTINED_HTML:track_condition,1700,7,pw01dud002021105857/F2,ウィンターガーデン,7,小沢 大仁,37.1,１ 1/4,05,02,12,3歳以上,1勝クラス,2026-09-05,pw01sde0101202602051220260905,3歳以上1勝クラス,12,牝［指定］,16時05分,牝5,https://www.jra.go.jp/JRADB/accessS.html?CNAME=pw01sde0101202602051220260905%2FFD,ダート,1:46.2,,井上 智史,晴,定量,,
428(0),51.0,2  2  2  3,札幌,QUARANTINED_HTML:track_condition,1700,8,pw01dud002023107412/A5,リピース,10,◇古川 奈穂,38.1,クビ,05,02,8,3歳以上,1勝クラス,2026-09-05,pw01sde0101202602051220260905,3歳以上1勝クラス,12,牝［指定］,16時05分,牝3,https://www.jra.go.jp/JRADB/accessS.html?CNAME=pw01sde0101202602051220260905%2FFD,ダート,1:46.3,,前川 恭子,晴,定量,,
500(+8),53.0,3  3  5  3,札幌,QUARANTINED_HTML:track_condition,1700,9,pw01dud002023106217/93,ミルボナー,3,鮫島 克駿,38.0,１ 1/4,05,02,1,3歳以上,1勝クラス,2026-09-05,pw01sde0101202602051220260905,3歳以上1勝クラス,12,牝［指定］,16時05分,牝3,https://www.jra.go.jp/JRADB/accessS.html?CNAME=pw01sde0101202602051220260905%2FFD,ダート,1:46.5,,高野 友和,晴,定量,,
468(+2),56.0,11  10  12  12,札幌,QUARANTINED_HTML:track_condition,1700,10,pw01dud002022101473/52,ライラックデューン,2,古川 吉洋,37.1,クビ,05,02,10,3歳以上,1勝クラス,2026-09-05,pw01sde0101202602051220260905,3歳以上1勝クラス,12,牝［指定］,16時05分,牝4,https://www.jra.go.jp/JRADB/accessS.html?CNAME=pw01sde0101202602051220260905%2FFD,ダート,1:46.5,,緒方 努,晴,定量,,
444(+2),53.0,3  3  4  6,札幌,QUARANTINED_HTML:track_condition,1700,11,pw01dud002023104766/87,ヴェールミューズ,12,斎藤 新,38.4,１ 1/4,05,02,2,3歳以上,1勝クラス,2026-09-05,pw01sde0101202602051220260905,3歳以上1勝クラス,12,牝［指定］,16時05分,牝3,https://www.jra.go.jp/JRADB/accessS.html?CNAME=pw01sde0101202602051220260905%2FFD,ダート,1:46.7,,浜田 多実雄,晴,定量,,
482(+4),56.0,7  7  9  11,札幌,QUARANTINED_HTML:track_condition,1700,12,pw01dud002022101462/CF,クラインシュミット,1,横山 琉人,38.4,４,05,02,13,3歳以上,1勝クラス,2026-09-05,pw01sde0101202602051220260905,3歳以上1勝クラス,12,牝［指定］,16時05分,牝4,https://www.jra.go.jp/JRADB/accessS.html?CNAME=pw01sde0101202602051220260905%2FFD,ダート,1:47.4,,室井 潔,晴,定量,,
460(+6),53.0,11  10  12  13,札幌,QUARANTINED_HTML:track_condition,1700,13,pw01dud002022101599/55,ピラニアキッス,13,▲和田 陽希,38.2,１ 1/4,05,02,11,3歳以上,1勝クラス,2026-09-05,pw01sde0101202602051220260905,3歳以上1勝クラス,12,牝［指定］,16時05分,牝4,https://www.jra.go.jp/JRADB/accessS.html?CNAME=pw01sde0101202602051220260905%2FFD,ダート,1:47.6,,嘉藤 貴行,晴,定量,,
486(-4),59.0,1  1  1  1,中山,PASS_HTML,3200,1,pw01dud002021104924/AB,コンテナワールド,4,▲井上 敏樹,,,01,04,1,障害3歳以上,オープン,2026-09-05,pw01sde0106202604010120260905,障害3歳以上オープン,01,（混合）,10時05分,牡5,https://www.jra.go.jp/JRADB/accessS.html?CNAME=pw01sde0106202604010120260905%2FFE,障害,3:37.3,稍重,中竹 和也,曇,別定,13.6,
506(-2),60.0,3  3  2  2,中山,PASS_HTML,3200,2,pw01dud002018105731/58,メイショウアツイタ,3,難波 剛健,,７,01,04,3,障害3歳以上,オープン,2026-09-05,pw01sde0106202604010120260905,障害3歳以上オープン,01,（混合）,10時05分,牡8,https://www.jra.go.jp/JRADB/accessS.html?CNAME=pw01sde0106202604010120260905%2FFE,障害,3:38.4,稍重,高橋 義忠,曇,別定,13.7,
488(-2),60.0,5  5  5  4,中山,PASS_HTML,3200,3,pw01dud002022104929/76,バニーラビット,1,小牧 加矢太,,７,01,04,4,障害3歳以上,オープン,2026-09-05,pw01sde0106202604010120260905,障害3歳以上オープン,01,（混合）,10時05分,牡4,https://www.jra.go.jp/JRADB/accessS.html?CNAME=pw01sde0106202604010120260905%2FFE,障害,3:39.5,稍重,武 幸四郎,曇,別定,13.7,
508(+4),57.0,7  7  8  8,中山,PASS_HTML,3200,4,pw01dud002022106304/CF,ナックエルドラド,2,▲水沼 元輝,,１ 1/4,01,04,6,障害3歳以上,オープン,2026-09-05,pw01sde0106202604010120260905,障害3歳以上オープン,01,（混合）,10時05分,牡4,https://www.jra.go.jp/JRADB/accessS.html?CNAME=pw01sde0106202604010120260905%2FFE,障害,3:39.7,稍重,小野 次郎,曇,別定,13.7,
416(0),60.0,4  4  3  4,中山,PASS_HTML,3200,5,pw01dud002020102864/50,サングラデーション,7,上野 翔,,３／４,01,04,2,障害3歳以上,オープン,2026-09-05,pw01sde0106202604010120260905,障害3歳以上オープン,01,（混合）,10時05分,せん6,https://www.jra.go.jp/JRADB/accessS.html?CNAME=pw01sde0106202604010120260905%2FFE,障害,3:39.9,稍重,千葉 直人,曇,別定,13.7,
462(-2),60.0,6  5  5  6,中山,PASS_HTML,3200,6,pw01dud002021104974/FB,ヒットアンドロール,6,大江原 圭,,１,01,04,5,障害3歳以上,オープン,2026-09-05,pw01sde0106202604010120260905,障害3歳以上オープン,01,（混合）,10時05分,牡5,https://www.jra.go.jp/JRADB/accessS.html?CNAME=pw01sde0106202604010120260905%2FFE,障害,3:40.0,稍重,田中 勝春,曇,別定,13.8,
428(-6),58.0,8  7  7  7,中山,PASS_HTML,3200,7,pw01dud002022100481/8D,アクロスザリバー,8,△坂口 智康,,４,01,04,8,障害3歳以上,オープン,2026-09-05,pw01sde0106202604010120260905,障害3歳以上オープン,01,（混合）,10時05分,牡4,https://www.jra.go.jp/JRADB/accessS.html?CNAME=pw01sde0106202604010120260905%2FFE,障害,3:40.7,稍重,蛯名 利弘,曇,別定,13.8,
498(+16),60.0,2  2  3  3,中山,PASS_HTML,3200,8,pw01dud002019100788/AE,マイネルメサイア,5,草野 太郎,,２,01,04,7,障害3歳以上,オープン,2026-09-05,pw01sde0106202604010120260905,障害3歳以上オープン,01,（混合）,10時05分,牡7,https://www.jra.go.jp/JRADB/accessS.html?CNAME=pw01sde0106202604010120260905%2FFE,障害,3:41.0,稍重,水野 貴広,曇,別定,13.8,
472(+4),55.0,8  6  5,中山,PASS_HTML,1600,1,pw01dud002023101120/A2,バンオンタイム,2,D.レーン,34.6,,01,04,1,3歳,未勝利,2026-09-05,pw01sde0106202604010220260905,3歳未勝利,02,[指定],10時40分,牝3,https://www.jra.go.jp/JRADB/accessS.html?CNAME=pw01sde0106202604010220260905%2FB3,芝,1:33.8,稍重,田中 博康,曇,馬齢,,
426(+4),55.0,2  1  1,中山,PASS_HTML,1600,2,pw01dud002023106463/79,ラグアイリータ,6,津村 明秀,35.2,クビ,01,04,8,3歳,未勝利,2026-09-05,pw01sde0106202604010220260905,3歳未勝利,02,[指定],10時40分,牝3,https://www.jra.go.jp/JRADB/accessS.html?CNAME=pw01sde0106202604010220260905%2FB3,芝,1:33.8,稍重,岩戸 孝樹,曇,馬齢,,
430(+8),55.0,7  6  5,中山,PASS_HTML,1600,3,pw01dud002023103366/D4,ココナッツコースト,8,C.ルメール,34.8,１,01,04,3,3歳,未勝利,2026-09-05,pw01sde0106202604010220260905,3歳未勝利,02,[指定],10時40分,牝3,https://www.jra.go.jp/JRADB/accessS.html?CNAME=pw01sde0106202604010220260905%2FB3,芝,1:34.0,稍重,木村 哲也,曇,馬齢,,
460(-6),55.0,8  8  8,中山,PASS_HTML,1600,4,pw01dud002023106058/E4,ダノンドナウ,11,菊沢 一樹,34.7,３／４,01,04,4,3歳,未勝利,2026-09-05,pw01sde0106202604010220260905,3歳未勝利,02,[指定],10時40分,牝3,https://www.jra.go.jp/JRADB/accessS.html?CNAME=pw01sde0106202604010220260905%2FB3,芝,1:34.1,稍重,菊沢 隆徳,曇,馬齢,,
448(-2),57.0,10  10  10,中山,PASS_HTML,1600,5,pw01dud002023102564/61,フクオトコ,3,杉原 誠人,34.7,１ 1/4,01,04,5,3歳,未勝利,2026-09-05,pw01sde0106202604010220260905,3歳未勝利,02,[指定],10時40分,牡3,https://www.jra.go.jp/JRADB/accessS.html?CNAME=pw01sde0106202604010220260905%2FB3,芝,1:34.3,稍重,菊沢 隆徳,曇,馬齢,,
476(-14),55.0,1  2  2,中山,PASS_HTML,1600,6,pw01dud002023101040/91,コスモシグルン,9,柴田 大知,35.6,クビ,01,04,15,3歳,未勝利,2026-09-05,pw01sde0106202604010220260905,3歳未勝利,02,[指定],10時40分,牝3,https://www.jra.go.jp/JRADB/accessS.html?CNAME=pw01sde0106202604010220260905%2FB3,芝,1:34.4,稍重,畠山 吉宏,曇,馬齢,,
416(+4),55.0,10  10  10,中山,PASS_HTML,1600,7,pw01dud002023106286/90,フーディエラン,13,江田 照男,34.9,１,01,04,12,3歳,未勝利,2026-09-05,pw01sde0106202604010220260905,3歳未勝利,02,[指定],10時40分,牝3,https://www.jra.go.jp/JRADB/accessS.html?CNAME=pw01sde0106202604010220260905%2FB3,芝,1:34.5,稍重,田中 剛,曇,馬齢,,
470(+6),57.0,14  10  10,中山,PASS_HTML,1600,8,pw01dud002023106471/A3,マイネルヴェーゼン,10,横山 武史,35.1,１,01,04,11,3歳,未勝利,2026-09-05,pw01sde0106202604010220260905,3歳未勝利,02,[指定],10時40分,牡3,https://www.jra.go.jp/JRADB/accessS.html?CNAME=pw01sde0106202604010220260905%2FB3,芝,1:34.7,稍重,相沢 郁,曇,馬齢,,
476(-10),57.0,16  16  15,中山,PASS_HTML,1600,9,pw01dud002023107066/FD,シュガーシャック,5,内田 博幸,34.5,３／４,01,04,13,3歳,未勝利,2026-09-05,pw01sde0106202604010220260905,3歳未勝利,02,[指定],10時40分,牡3,https://www.jra.go.jp/JRADB/accessS.html?CNAME=pw01sde0106202604010220260905%2FB3,芝,1:34.8,稍重,古賀 慎明,曇,馬齢,,
448(+2),55.0,2  3  3,中山,PASS_HTML,1600,10,pw01dud002023105285/2E,ミスティユニバンス,7,三浦 皇成,35.9,クビ,01,04,14,3歳,未勝利,2026-09-05,pw01sde0106202604010220260905,3歳未勝利,02,[指定],10時40分,牝3,https://www.jra.go.jp/JRADB/accessS.html?CNAME=pw01sde0106202604010220260905%2FB3,芝,1:34.8,稍重,加藤 征弘,曇,馬齢,,
454(+12),55.0,10  10  10,中山,PASS_HTML,1600,11,pw01dud002023101730/D8,ティアップシャイン,1,丸田 恭介,35.4,１／２,01,04,16,3歳,未勝利,2026-09-05,pw01sde0106202604010220260905,3歳未勝利,02,[指定],10時40分,牝3,https://www.jra.go.jp/JRADB/accessS.html?CNAME=pw01sde0106202604010220260905%2FB3,芝,1:34.9,稍重,奥平 雅士,曇,馬齢,,
482(-4),55.0,2  3  3,中山,PASS_HTML,1600,12,pw01dud002023102378/DB,ブルームコード,12,戸崎 圭太,36.1,アタマ,01,04,2,3歳,未勝利,2026-09-05,pw01sde0106202604010220260905,3歳未勝利,02,[指定],10時40分,牝3,https://www.jra.go.jp/JRADB/accessS.html?CNAME=pw01sde0106202604010220260905%2FB3,芝,1:35.0,稍重,小島 茂之,曇,馬齢,,
466(初出走),55.0,13  14  14,中山,PASS_HTML,1600,13,pw01dud002023105898/BD,マーガレット,4,武 豊,35.2,クビ,01,04,9,3歳,未勝利,2026-09-05,pw01sde0106202604010220260905,3歳未勝利,02,[指定],10時40分,牝3,https://www.jra.go.jp/JRADB/accessS.html?CNAME=pw01sde0106202604010220260905%2FB3,芝,1:35.0,稍重,大竹 正博,曇,馬齢,,
426(+6),53.0,5  5  5,中山,PASS_HTML,1600,14,pw01dud002023105416/93,ルージュフローラ,15,△石神 深道,35.9,ハナ,01,04,10,3歳,未勝利,2026-09-05,pw01sde0106202604010220260905,3歳未勝利,02,[指定],10時40分,牝3,https://www.jra.go.jp/JRADB/accessS.html?CNAME=pw01sde0106202604010220260905%2FB3,芝,1:35.0,稍重,森 一誠,曇,馬齢,,
460(+4),53.0,5  8  8,中山,PASS_HTML,1600,15,pw01dud002023103843/50,セルリア,16,◇今村 聖奈,35.7,クビ,01,04,7,3歳,未勝利,2026-09-05,pw01sde0106202604010220260905,3歳未勝利,02,[指定],10時40分,牝3,https://www.jra.go.jp/JRADB/accessS.html?CNAME=pw01sde0106202604010220260905%2FB3,芝,1:35.1,稍重,大和田 成,曇,馬齢,,
448(+2),57.0,14  15  16,中山,PASS_HTML,1600,16,pw01dud002023106757/C8,ヘクトルテソーロ,14,木幡 巧也,39.6,大差,01,04,6,3歳,未勝利,2026-09-05,pw01sde0106202604010220260905,3歳未勝利,02,[指定],10時40分,牡3,https://www.jra.go.jp/JRADB/accessS.html?CNAME=pw01sde0106202604010220260905%2FB3,芝,1:39.6,稍重,畠山 吉宏,曇,馬齢,,
482(-6),55.0,9  9  3  2,中山,QUARANTINED_HTML:track_condition,1800,1,pw01dud002024102834/50,マイセイバー,4,嶋田 純次,39.6,,01,04,4,2歳,未勝利,2026-09-05,pw01sde0106202604010320260905,2歳未勝利,03,（混合）［指定］,11時10分,牡2,https://www.jra.go.jp/JRADB/accessS.html?CNAME=pw01sde0106202604010320260905%2F68,ダート,1:55.1,,高橋 文雅,曇,馬齢,,
478(0),55.0,7  8  7  4,中山,QUARANTINED_HTML:track_condition,1800,2,pw01dud002024107403/94,ハイビスカス,5,大野 拓弥,39.7,２ 1/2,01,04,3,2歳,未勝利,2026-09-05,pw01sde0106202604010320260905,2歳未勝利,03,（混合）［指定］,11時10分,牝2,https://www.jra.go.jp/JRADB/accessS.html?CNAME=pw01sde0106202604010320260905%2F68,ダート,1:55.5,,杉浦 宏昭,曇,馬齢,,
482(-2),55.0,2  2  2  2,中山,QUARANTINED_HTML:track_condition,1800,3,pw01dud002024103015/0A,ユイノキャッツアイ,9,木幡 初也,40.3,１／２,01,04,1,2歳,未勝利,2026-09-05,pw01sde0106202604010320260905,2歳未勝利,03,（混合）［指定］,11時10分,牡2,https://www.jra.go.jp/JRADB/accessS.html?CNAME=pw01sde0106202604010320260905%2F68,ダート,1:55.6,,深山 雅史,曇,馬齢,,
476(+2),52.0,10  10  10  9,中山,QUARANTINED_HTML:track_condition,1800,4,pw01dud002024102123/76,サスケソルトバーン,3,▲佐藤 翔馬,39.6,２,01,04,9,2歳,未勝利,2026-09-05,pw01sde0106202604010320260905,2歳未勝利,03,（混合）［指定］,11時10分,牡2,https://www.jra.go.jp/JRADB/accessS.html?CNAME=pw01sde0106202604010320260905%2F68,ダート,1:56.0,,和田 雄二,曇,馬齢,,
488(+12),53.0,7  7  7  8,中山,QUARANTINED_HTML:track_condition,1800,5,pw01dud002024101068/D5,ブロンクス,1,△石神 深道,40.2,３／４,01,04,5,2歳,未勝利,2026-09-05,pw01sde0106202604010320260905,2歳未勝利,03,（混合）［指定］,11時10分,牡2,https://www.jra.go.jp/JRADB/accessS.html?CNAME=pw01sde0106202604010320260905%2F68,ダート,1:56.1,,武井 亮,曇,馬齢,,
420(-6),55.0,1  1  1  1,中山,QUARANTINED_HTML:track_condition,1800,6,pw01dud002024104736/E3,パルセノスミハ,2,内田 博幸,41.4,３,01,04,6,2歳,未勝利,2026-09-05,pw01sde0106202604010320260905,2歳未勝利,03,（混合）［指定］,11時10分,牝2,https://www.jra.go.jp/JRADB/accessS.html?CNAME=pw01sde0106202604010320260905%2F68,ダート,1:56.6,,菊川 正達,曇,馬齢,,
424(0),55.0,6  6  5  4,中山,QUARANTINED_HTML:track_condition,1800,7,pw01dud002024106782/45,サンプラザマツモト,10,江田 照男,41.4,２ 1/2,01,04,8,2歳,未勝利,2026-09-05,pw01sde0106202604010320260905,2歳未勝利,03,（混合）［指定］,11時10分,牝2,https://www.jra.go.jp/JRADB/accessS.html?CNAME=pw01sde0106202604010320260905%2F68,ダート,1:57.0,,深山 雅史,曇,馬齢,,
438(+4),55.0,4  4  9  9,中山,QUARANTINED_HTML:track_condition,1800,8,pw01dud002024103008/53,チョトツモウシン,6,菅原 隆一,41.8,５,01,04,10,2歳,未勝利,2026-09-05,pw01sde0106202604010320260905,2歳未勝利,03,（混合）［指定］,11時10分,牡2,https://www.jra.go.jp/JRADB/accessS.html?CNAME=pw01sde0106202604010320260905%2F68,ダート,1:57.9,,小手川 準,曇,馬齢,,
448(-2),55.0,2  3  3  6,中山,QUARANTINED_HTML:track_condition,1800,9,pw01dud002024106974/7D,ワンコール,8,石橋 脩,42.6,クビ,01,04,7,2歳,未勝利,2026-09-05,pw01sde0106202604010320260905,2歳未勝利,03,（混合）［指定］,11時10分,牝2,https://www.jra.go.jp/JRADB/accessS.html?CNAME=pw01sde0106202604010320260905%2F68,ダート,1:58.0,,牧 光二,曇,馬齢,,
482(+4),55.0,4  4  5  7,中山,QUARANTINED_HTML:track_condition,1800,10,pw01dud002024102786/55,ニシノアナベル,7,野中 悠太郎,42.6,１ 1/4,01,04,2,2歳,未勝利,2026-09-05,pw01sde0106202604010320260905,2歳未勝利,03,（混合）［指定］,11時10分,牝2,https://www.jra.go.jp/JRADB/accessS.html?CNAME=pw01sde0106202604010320260905%2F68,ダート,1:58.2,,本間 忍,曇,馬齢,,
432(+2),55.0,4  4  4  4,中山,PASS_HTML,1800,1,pw01dud002024103576/D2,コスモプルー,1,津村 明秀,34.7,,01,04,2,2歳,未勝利,2026-09-05,pw01sde0106202604010420260905,2歳未勝利,04,[指定],11時40分,牝2,https://www.jra.go.jp/JRADB/accessS.html?CNAME=pw01sde0106202604010420260905%2F1D,芝,1:48.4,稍重,黒岩 陽一,曇,馬齢,,
454(-2),55.0,2  3  3  3,中山,PASS_HTML,1800,2,pw01dud002024104658/B8,ソウカイウォーリア,8,戸崎 圭太,34.9,アタマ,01,04,4,2歳,未勝利,2026-09-05,pw01sde0106202604010420260905,2歳未勝利,04,[指定],11時40分,牡2,https://www.jra.go.jp/JRADB/accessS.html?CNAME=pw01sde0106202604010420260905%2F1D,芝,1:48.4,稍重,尾関 知人,曇,馬齢,,
430(+10),55.0,1  1  1  1,中山,PASS_HTML,1800,3,pw01dud002024102469/FB,コウサイリクリ,5,柴田 大知,35.4,１／２,01,04,3,2歳,未勝利,2026-09-05,pw01sde0106202604010420260905,2歳未勝利,04,[指定],11時40分,牝2,https://www.jra.go.jp/JRADB/accessS.html?CNAME=pw01sde0106202604010420260905%2F1D,芝,1:48.5,稍重,粕谷 昌央,曇,馬齢,,
468(+2),55.0,5  5  6  6,中山,PASS_HTML,1800,4,pw01dud002024107256/DB,ティアラスピリット,2,菊沢 一樹,35.2,４,01,04,6,2歳,未勝利,2026-09-05,pw01sde0106202604010420260905,2歳未勝利,04,[指定],11時40分,牝2,https://www.jra.go.jp/JRADB/accessS.html?CNAME=pw01sde0106202604010420260905%2F1D,芝,1:49.1,稍重,上原 博之,曇,馬齢,,
472(+2),55.0,2  2  2  2,中山,PASS_HTML,1800,5,pw01dud002024106562/C3,グルドロッティン,10,C.ルメール,36.2,１ 1/2,01,04,1,2歳,未勝利,2026-09-05,pw01sde0106202604010420260905,2歳未勝利,04,[指定],11時40分,牡2,https://www.jra.go.jp/JRADB/accessS.html?CNAME=pw01sde0106202604010420260905%2F1D,芝,1:49.4,稍重,矢嶋 大樹,曇,馬齢,,
480(+8),55.0,7  6  8  6,中山,PASS_HTML,1800,6,pw01dud002024101173/D7,キョウエイシャトル,3,原 優介,35.5,１ 1/4,01,04,7,2歳,未勝利,2026-09-05,pw01sde0106202604010420260905,2歳未勝利,04,[指定],11時40分,牡2,https://www.jra.go.jp/JRADB/accessS.html?CNAME=pw01sde0106202604010420260905%2F1D,芝,1:49.6,稍重,萱野 浩二,曇,馬齢,,
432(-10),55.0,10  8  9  9,中山,PASS_HTML,1800,7,pw01dud002024105394/88,アルスラーン,9,小崎 綾也,35.4,３／４,01,04,8,2歳,未勝利,2026-09-05,pw01sde0106202604010420260905,2歳未勝利,04,[指定],11時40分,牡2,https://www.jra.go.jp/JRADB/accessS.html?CNAME=pw01sde0106202604010420260905%2F1D,芝,1:49.7,稍重,佐藤 吉勝,曇,馬齢,,
462(+6),55.0,7  8  4  5,中山,PASS_HTML,1800,8,pw01dud002024102970/F5,ロジグローリー,6,丸山 元気,36.3,２ 1/2,01,04,5,2歳,未勝利,2026-09-05,pw01sde0106202604010420260905,2歳未勝利,04,[指定],11時40分,牡2,https://www.jra.go.jp/JRADB/accessS.html?CNAME=pw01sde0106202604010420260905%2F1D,芝,1:50.1,稍重,牧 光二,曇,馬齢,,
430(-4),52.0,5  6  6  8,中山,PASS_HTML,1800,9,pw01dud002024104028/62,ビップルーチェ,4,▲上里 直汰,37.1,５,01,04,10,2歳,未勝利,2026-09-05,pw01sde0106202604010420260905,2歳未勝利,04,[指定],11時40分,牝2,https://www.jra.go.jp/JRADB/accessS.html?CNAME=pw01sde0106202604010420260905%2F1D,芝,1:51.0,稍重,田島 俊明,曇,馬齢,,
400(-12),52.0,11  11  11  11,中山,PASS_HTML,1800,10,pw01dud002024104289/97,ゴーゼンチュー,7,▲佐藤 翔馬,35.9,６,01,04,11,2歳,未勝利,2026-09-05,pw01sde0106202604010420260905,2歳未勝利,04,[指定],11時40分,牝2,https://www.jra.go.jp/JRADB/accessS.html?CNAME=pw01sde0106202604010420260905%2F1D,芝,1:52.0,稍重,和田 雄二,曇,馬齢,,
442(-4),53.0,9  10  9  10,中山,PASS_HTML,1800,11,pw01dud002024101646/F5,マイネルクロカータ,11,△石神 深道,38.7,６,01,04,9,2歳,未勝利,2026-09-05,pw01sde0106202604010420260905,2歳未勝利,04,[指定],11時40分,牡2,https://www.jra.go.jp/JRADB/accessS.html?CNAME=pw01sde0106202604010420260905%2F1D,芝,1:53.0,稍重,萱野 浩二,曇,馬齢,,
428(初出走),55.0,1  1  1  1,中山,PASS_HTML,2000,1,pw01dud002024106354/37,ヴェトロテンペスタ,6,C.ルメール,34.2,,01,04,3,2歳,新馬,2026-09-05,pw01sde0106202604010520260905,メイクデビュー中山,05,（混合）［指定］,12時30分,牝2,https://www.jra.go.jp/JRADB/accessS.html?CNAME=pw01sde0106202604010520260905%2FD2,芝,2:03.3,良,田中 博康,曇,馬齢,,
408(初出走),55.0,9  9  8  5,中山,PASS_HTML,2000,2,pw01dud002024105741/A3,ローザドーロ,5,D.レーン,33.8,３,01,04,5,2歳,新馬,2026-09-05,pw01sde0106202604010520260905,メイクデビュー中山,05,（混合）［指定］,12時30分,牡2,https://www.jra.go.jp/JRADB/accessS.html?CNAME=pw01sde0106202604010520260905%2FD2,芝,2:03.8,良,手塚 貴久,曇,馬齢,,
452(初出走),55.0,3  3  3  3,中山,PASS_HTML,2000,3,pw01dud002024100023/67,グランエール,2,武 豊,34.5,１／２,01,04,2,2歳,新馬,2026-09-05,pw01sde0106202604010520260905,メイクデビュー中山,05,（混合）［指定］,12時30分,牝2,https://www.jra.go.jp/JRADB/accessS.html?CNAME=pw01sde0106202604010520260905%2FD2,芝,2:03.9,良,高柳 大輔,曇,馬齢,,
450(初出走),55.0,7  6  5  3,中山,PASS_HTML,2000,4,pw01dud002024106087/2D,ルフトシュピール,3,津村 明秀,34.4,１,01,04,4,2歳,新馬,2026-09-05,pw01sde0106202604010520260905,メイクデビュー中山,05,（混合）［指定］,12時30分,牝2,https://www.jra.go.jp/JRADB/accessS.html?CNAME=pw01sde0106202604010520260905%2FD2,芝,2:04.0,良,木村 哲也,曇,馬齢,,
462(初出走),55.0,3  3  2  2,中山,PASS_HTML,2000,5,pw01dud002024106848/E8,カエンフォース,10,三浦 皇成,35.3,３,01,04,9,2歳,新馬,2026-09-05,pw01sde0106202604010520260905,メイクデビュー中山,05,（混合）［指定］,12時30分,牡2,https://www.jra.go.jp/JRADB/accessS.html?CNAME=pw01sde0106202604010520260905%2FD2,芝,2:04.5,良,中村 直也,曇,馬齢,,
450(初出走),55.0,5  5  4  5,中山,PASS_HTML,2000,6,pw01dud002024102470/00,マイネルヘルリッヒ,4,柴田 大知,35.1,３／４,01,04,10,2歳,新馬,2026-09-05,pw01sde0106202604010520260905,メイクデビュー中山,05,（混合）［指定］,12時30分,牡2,https://www.jra.go.jp/JRADB/accessS.html?CNAME=pw01sde0106202604010520260905%2FD2,芝,2:04.6,良,清水 英克,曇,馬齢,,
444(初出走),55.0,6  6  5  7,中山,PASS_HTML,2000,7,pw01dud002024103169/57,スカイミラー,11,木幡 巧也,35.7,５,01,04,6,2歳,新馬,2026-09-05,pw01sde0106202604010520260905,メイクデビュー中山,05,（混合）［指定］,12時30分,牡2,https://www.jra.go.jp/JRADB/accessS.html?CNAME=pw01sde0106202604010520260905%2FD2,芝,2:05.4,良,和田 正一郎,曇,馬齢,,
434(初出走),53.0,11  11  10  8,中山,PASS_HTML,2000,8,pw01dud002024103651/A4,マイネルシードル,1,△石神 深道,35.1,１／２,01,04,11,2歳,新馬,2026-09-05,pw01sde0106202604010520260905,メイクデビュー中山,05,（混合）［指定］,12時30分,牡2,https://www.jra.go.jp/JRADB/accessS.html?CNAME=pw01sde0106202604010520260905%2FD2,芝,2:05.5,良,和田 正一郎,曇,馬齢,,
500(初出走),55.0,9  9  7  8,中山,PASS_HTML,2000,9,pw01dud002024106221/7D,インヴィディア,8,石橋 脩,35.8,１,01,04,1,2歳,新馬,2026-09-05,pw01sde0106202604010520260905,メイクデビュー中山,05,（混合）［指定］,12時30分,牡2,https://www.jra.go.jp/JRADB/accessS.html?CNAME=pw01sde0106202604010520260905%2FD2,芝,2:05.6,良,上原 佑紀,曇,馬齢,,
436(初出走),55.0,2  2  8  8,中山,PASS_HTML,2000,10,pw01dud002024107140/E8,エーアイラピド,9,丸山 元気,35.8,１ 1/4,01,04,7,2歳,新馬,2026-09-05,pw01sde0106202604010520260905,メイクデビュー中山,05,（混合）［指定］,12時30分,牡2,https://www.jra.go.jp/JRADB/accessS.html?CNAME=pw01sde0106202604010520260905%2FD2,芝,2:05.8,良,手塚 貴徳,曇,馬齢,,
418(初出走),55.0,7  8  10  8,中山,PASS_HTML,2000,11,pw01dud002024104152/11,ホットリップス,7,原 優介,35.8,１ 1/2,01,04,8,2歳,新馬,2026-09-05,pw01sde0106202604010520260905,メイクデビュー中山,05,（混合）［指定］,12時30分,牝2,https://www.jra.go.jp/JRADB/accessS.html?CNAME=pw01sde0106202604010520260905%2FD2,芝,2:06.1,良,清水 久詞,曇,馬齢,,
484(初出走),55.0,1  1,中山,QUARANTINED_HTML:track_condition,1200,1,pw01dud002024108315/48,ポッドビート,10,武 豊,37.8,,01,04,1,2歳,新馬,2026-09-05,pw01sde0106202604010620260905,メイクデビュー中山,06,（混合）［指定］,13時00分,牡2,https://www.jra.go.jp/JRADB/accessS.html?CNAME=pw01sde0106202604010620260905%2F87,ダート,1:11.3,,伊藤 圭三,曇,馬齢,,
486(初出走),55.0,2  2,中山,QUARANTINED_HTML:track_condition,1200,2,pw01dud002024105970/C2,アルビオンライズ,1,M.ミシェル,38.9,１０,01,04,3,2歳,新馬,2026-09-05,pw01sde0106202604010620260905,メイクデビュー中山,06,（混合）［指定］,13時00分,牡2,https://www.jra.go.jp/JRADB/accessS.html?CNAME=pw01sde0106202604010620260905%2F87,ダート,1:12.9,,和田 正一郎,曇,馬齢,,
468(初出走),55.0,10  9,中山,QUARANTINED_HTML:track_condition,1200,3,pw01dud002024106196/FB,オーディンスピア,8,内田 博幸,37.2,３,01,04,6,2歳,新馬,2026-09-05,pw01sde0106202604010620260905,メイクデビュー中山,06,（混合）［指定］,13時00分,牡2,https://www.jra.go.jp/JRADB/accessS.html?CNAME=pw01sde0106202604010620260905%2F87,ダート,1:13.4,,高柳 瑞樹,曇,馬齢,,
472(初出走),55.0,2  4,中山,QUARANTINED_HTML:track_condition,1200,4,pw01dud002024100423/2B,ルスデルカミーノ,13,大野 拓弥,39.7,２,01,04,5,2歳,新馬,2026-09-05,pw01sde0106202604010620260905,メイクデビュー中山,06,（混合）［指定］,13時00分,牡2,https://www.jra.go.jp/JRADB/accessS.html?CNAME=pw01sde0106202604010620260905%2F87,ダート,1:13.7,,杉浦 宏昭,曇,馬齢,,
468(初出走),55.0,8  8,中山,QUARANTINED_HTML:track_condition,1200,5,pw01dud002024100454/CE,ギムナシオン,5,横山 武史,38.2,アタマ,01,04,2,2歳,新馬,2026-09-05,pw01sde0106202604010620260905,メイクデビュー中山,06,（混合）［指定］,13時00分,牡2,https://www.jra.go.jp/JRADB/accessS.html?CNAME=pw01sde0106202604010620260905%2F87,ダート,1:13.7,,嘉藤 貴行,曇,馬齢,,
462(初出走),52.0,5  5,中山,QUARANTINED_HTML:track_condition,1200,6,pw01dud002024103928/2C,ウマッター,2,▲水沼 元輝,39.2,３／４,01,04,12,2歳,新馬,2026-09-05,pw01sde0106202604010620260905,メイクデビュー中山,06,（混合）［指定］,13時00分,牝2,https://www.jra.go.jp/JRADB/accessS.html?CNAME=pw01sde0106202604010620260905%2F87,ダート,1:13.9,,加藤 和宏,曇,馬齢,,
426(初出走),55.0,7  7,中山,QUARANTINED_HTML:track_condition,1200,7,pw01dud002024106780/5F,ダンシングリリー,12,小崎 綾也,38.6,ハナ,01,04,10,2歳,新馬,2026-09-05,pw01sde0106202604010620260905,メイクデビュー中山,06,（混合）［指定］,13時00分,牝2,https://www.jra.go.jp/JRADB/accessS.html?CNAME=pw01sde0106202604010620260905%2F87,ダート,1:13.9,,佐藤 吉勝,曇,馬齢,,
468(初出走),55.0,11  11,中山,QUARANTINED_HTML:track_condition,1200,8,pw01dud002024102462/D6,ダイチマイスター,3,小林 凌大,37.3,クビ,01,04,13,2歳,新馬,2026-09-05,pw01sde0106202604010620260905,メイクデビュー中山,06,（混合）［指定］,13時00分,牡2,https://www.jra.go.jp/JRADB/accessS.html?CNAME=pw01sde0106202604010620260905%2F87,ダート,1:13.9,,蛯名 利弘,曇,馬齢,,
446(初出走),55.0,2  3,中山,QUARANTINED_HTML:track_condition,1200,9,pw01dud002024102190/8D,ソウラスフロス,14,三浦 皇成,40.2,２,01,04,4,2歳,新馬,2026-09-05,pw01sde0106202604010620260905,メイクデビュー中山,06,（混合）［指定］,13時00分,牡2,https://www.jra.go.jp/JRADB/accessS.html?CNAME=pw01sde0106202604010620260905%2F87,ダート,1:14.2,,金成 貴史,曇,馬齢,,
504(初出走),55.0,11  11,中山,QUARANTINED_HTML:track_condition,1200,10,pw01dud002024102784/6F,ヤマニンスペッキオ,7,江田 照男,37.7,クビ,01,04,9,2歳,新馬,2026-09-05,pw01sde0106202604010620260905,メイクデビュー中山,06,（混合）［指定］,13時00分,牡2,https://www.jra.go.jp/JRADB/accessS.html?CNAME=pw01sde0106202604010620260905%2F87,ダート,1:14.3,,田中 勝春,曇,馬齢,,
418(初出走),55.0,9  9,中山,QUARANTINED_HTML:track_condition,1200,11,pw01dud002024107136/8A,カンタベリートップ,9,木幡 初也,38.4,３／４,01,04,11,2歳,新馬,2026-09-05,pw01sde0106202604010620260905,メイクデビュー中山,06,（混合）［指定］,13時00分,牝2,https://www.jra.go.jp/JRADB/accessS.html?CNAME=pw01sde0106202604010620260905%2F87,ダート,1:14.4,,石栗 龍彦,曇,馬齢,,
466(初出走),55.0,13  13,中山,QUARANTINED_HTML:track_condition,1200,12,pw01dud002024101356/72,ノアヴェルテ,6,杉原 誠人,37.5,アタマ,01,04,8,2歳,新馬,2026-09-05,pw01sde0106202604010620260905,メイクデビュー中山,06,（混合）［指定］,13時00分,牡2,https://www.jra.go.jp/JRADB/accessS.html?CNAME=pw01sde0106202604010620260905%2F87,ダート,1:14.4,,中舘 英二,曇,馬齢,,
460(初出走),55.0,6  5,中山,QUARANTINED_HTML:track_condition,1200,13,pw01dud002024105198/F2,ニシノドリーマー,11,野中 悠太郎,39.8,１ 1/4,01,04,7,2歳,新馬,2026-09-05,pw01sde0106202604010620260905,メイクデビュー中山,06,（混合）［指定］,13時00分,牝2,https://www.jra.go.jp/JRADB/accessS.html?CNAME=pw01sde0106202604010620260905%2F87,ダート,1:14.6,,竹内 正洋,曇,馬齢,,
458(初出走),55.0,14  13,中山,QUARANTINED_HTML:track_condition,1200,14,pw01dud002024104214/E8,マリノフスキー,4,丸田 恭介,38.0,４,01,04,14,2歳,新馬,2026-09-05,pw01sde0106202604010620260905,メイクデビュー中山,06,（混合）［指定］,13時00分,牡2,https://www.jra.go.jp/JRADB/accessS.html?CNAME=pw01sde0106202604010620260905%2F87,ダート,1:15.3,,畠山 吉宏,曇,馬齢,,
468(+16),57.0,11  12  6  6,中山,QUARANTINED_HTML:track_condition,1800,1,pw01dud002023107348/56,ピードモント,8,岩田 康誠,39.5,,01,04,2,3歳,未勝利,2026-09-05,pw01sde0106202604010720260905,3歳未勝利,07,[指定],13時30分,せん3,https://www.jra.go.jp/JRADB/accessS.html?CNAME=pw01sde0106202604010720260905%2F3C,ダート,1:53.4,,武井 亮,曇,馬齢,,
490(-4),57.0,2  2  1  1,中山,QUARANTINED_HTML:track_condition,1800,2,pw01dud002023105322/A6,ホウオウファミリー,15,戸崎 圭太,40.2,１ 1/2,01,04,1,3歳,未勝利,2026-09-05,pw01sde0106202604010720260905,3歳未勝利,07,[指定],13時30分,牡3,https://www.jra.go.jp/JRADB/accessS.html?CNAME=pw01sde0106202604010720260905%2F3C,ダート,1:53.6,,田中 博康,曇,馬齢,,
504(-6),57.0,15  14  9  9,中山,QUARANTINED_HTML:track_condition,1800,3,pw01dud002023107061/BE,ヨーゼフ,13,武藤 雅,39.4,クビ,01,04,10,3歳,未勝利,2026-09-05,pw01sde0106202604010720260905,3歳未勝利,07,[指定],13時30分,牡3,https://www.jra.go.jp/JRADB/accessS.html?CNAME=pw01sde0106202604010720260905%2F3C,ダート,1:53.7,,戸田 博文,曇,馬齢,,
482(-3),57.0,4  4  3  2,中山,QUARANTINED_HTML:track_condition,1800,4,pw01dud002023106406/72,マイネルオランチア,10,横山 武史,40.5,２ 1/2,01,04,5,3歳,未勝利,2026-09-05,pw01sde0106202604010720260905,3歳未勝利,07,[指定],13時30分,牡3,https://www.jra.go.jp/JRADB/accessS.html?CNAME=pw01sde0106202604010720260905%2F3C,ダート,1:54.1,,小手川 準,曇,馬齢,,
498(+2),55.0,2  3  3  5,中山,QUARANTINED_HTML:track_condition,1800,5,pw01dud002023101367/69,デルマザオウ,3,小崎 綾也,40.6,３／４,01,04,6,3歳,未勝利,2026-09-05,pw01sde0106202604010720260905,3歳未勝利,07,[指定],13時30分,牝3,https://www.jra.go.jp/JRADB/accessS.html?CNAME=pw01sde0106202604010720260905%2F3C,ダート,1:54.3,,松山 将樹,曇,馬齢,,
522(-4),57.0,5  6  3  2,中山,QUARANTINED_HTML:track_condition,1800,6,pw01dud002023107327/C3,ガードオブオナー,5,C.ルメール,40.7,クビ,01,04,4,3歳,未勝利,2026-09-05,pw01sde0106202604010720260905,3歳未勝利,07,[指定],13時30分,牡3,https://www.jra.go.jp/JRADB/accessS.html?CNAME=pw01sde0106202604010720260905%2F3C,ダート,1:54.3,,林 徹,曇,馬齢,,
470(-6),57.0,13  14  14  12,中山,QUARANTINED_HTML:track_condition,1800,7,pw01dud002023107425/0E,ジュングロワール,9,木幡 巧也,40.1,２ 1/2,01,04,14,3歳,未勝利,2026-09-05,pw01sde0106202604010720260905,3歳未勝利,07,[指定],13時30分,牡3,https://www.jra.go.jp/JRADB/accessS.html?CNAME=pw01sde0106202604010720260905%2F3C,ダート,1:54.7,,堀内 岳志,曇,馬齢,,
426(-1),54.0,11  10  9  9,中山,QUARANTINED_HTML:track_condition,1800,8,pw01dud002023100595/26,ピュアクローム,16,▲佐藤 翔馬,40.7,２ 1/2,01,04,9,3歳,未勝利,2026-09-05,pw01sde0106202604010720260905,3歳未勝利,07,[指定],13時30分,牡3,https://www.jra.go.jp/JRADB/accessS.html?CNAME=pw01sde0106202604010720260905%2F3C,ダート,1:55.1,,小手川 準,曇,馬齢,,
502(0),57.0,10  9  12  12,中山,QUARANTINED_HTML:track_condition,1800,9,pw01dud002023106726/25,フェンリル,1,菊沢 一樹,40.6,クビ,01,04,11,3歳,未勝利,2026-09-05,pw01sde0106202604010720260905,3歳未勝利,07,[指定],13時30分,牡3,https://www.jra.go.jp/JRADB/accessS.html?CNAME=pw01sde0106202604010720260905%2F3C,ダート,1:55.1,,高木 登,曇,馬齢,,
516(0),57.0,16  16  12  9,中山,QUARANTINED_HTML:track_condition,1800,10,pw01dud002023103624/41,レプレセンタル,11,石橋 脩,40.9,２,01,04,8,3歳,未勝利,2026-09-05,pw01sde0106202604010720260905,3歳未勝利,07,[指定],13時30分,牡3,https://www.jra.go.jp/JRADB/accessS.html?CNAME=pw01sde0106202604010720260905%2F3C,ダート,1:55.4,,池上 昌和,曇,馬齢,,
482(-6),57.0,13  12  15  14,中山,QUARANTINED_HTML:track_condition,1800,11,pw01dud002023102662/AC,カズシ,2,大野 拓弥,40.8,クビ,01,04,12,3歳,未勝利,2026-09-05,pw01sde0106202604010720260905,3歳未勝利,07,[指定],13時30分,牡3,https://www.jra.go.jp/JRADB/accessS.html?CNAME=pw01sde0106202604010720260905%2F3C,ダート,1:55.5,,高柳 瑞樹,曇,馬齢,,
476(-8),54.0,7  7  6  7,中山,QUARANTINED_HTML:track_condition,1800,12,pw01dud002023100784/05,エースオブゴールド,7,▲上里 直汰,42.0,２ 1/2,01,04,13,3歳,未勝利,2026-09-05,pw01sde0106202604010720260905,3歳未勝利,07,[指定],13時30分,牡3,https://www.jra.go.jp/JRADB/accessS.html?CNAME=pw01sde0106202604010720260905%2F3C,ダート,1:55.9,,堀内 岳志,曇,馬齢,,
496(+4),57.0,7  7  9  7,中山,QUARANTINED_HTML:track_condition,1800,13,pw01dud002023106914/91,エッチェレンテ,6,三浦 皇成,43.5,大差,01,04,7,3歳,未勝利,2026-09-05,pw01sde0106202604010720260905,3歳未勝利,07,[指定],13時30分,牡3,https://www.jra.go.jp/JRADB/accessS.html?CNAME=pw01sde0106202604010720260905%2F3C,ダート,1:57.8,,鹿戸 雄一,曇,馬齢,,
438(+14),55.0,5  5  8  15,中山,QUARANTINED_HTML:track_condition,1800,14,pw01dud002023101718/50,マネーマネー,4,小林 脩斗,44.5,５,01,04,16,3歳,未勝利,2026-09-05,pw01sde0106202604010720260905,3歳未勝利,07,[指定],13時30分,牝3,https://www.jra.go.jp/JRADB/accessS.html?CNAME=pw01sde0106202604010720260905%2F3C,ダート,1:58.6,,稲垣 幸雄,曇,馬齢,,
486(0),57.0,1  1  2  2,中山,QUARANTINED_HTML:track_condition,1800,15,pw01dud002023106474/FC,マイネルゼーロス,12,津村 明秀,45.2,クビ,01,04,3,3歳,未勝利,2026-09-05,pw01sde0106202604010720260905,3歳未勝利,07,[指定],13時30分,牡3,https://www.jra.go.jp/JRADB/accessS.html?CNAME=pw01sde0106202604010720260905%2F3C,ダート,1:58.6,,相沢 郁,曇,馬齢,,
398(0),55.0,9  10  16  16,中山,QUARANTINED_HTML:track_condition,1800,16,pw01dud002023101925/69,スコアレジーナ,14,木幡 育也,48.4,大差,01,04,15,3歳,未勝利,2026-09-05,pw01sde0106202604010720260905,3歳未勝利,07,[指定],13時30分,牝3,https://www.jra.go.jp/JRADB/accessS.html?CNAME=pw01sde0106202604010720260905%2F3C,ダート,2:05.3,,矢野 英一,曇,馬齢,,
448(0),54.0,1  1,中山,QUARANTINED_HTML:track_condition,1200,1,pw01dud002023103006/E1,マサノピンクレディ,1,横山 武史,36.0,,01,04,3,3歳以上,1勝クラス,2026-09-05,pw01sde0106202604010820260905,3歳以上1勝クラス,08,牝［指定］,14時01分,牝3,https://www.jra.go.jp/JRADB/accessS.html?CNAME=pw01sde0106202604010820260905%2FF1,ダート,1:09.7,,小笠 倫弘,曇,定量,,
442(+2),52.0,3  3,中山,QUARANTINED_HTML:track_condition,1200,2,pw01dud002023105558/EA,カンレイスター,6,◇今村 聖奈,36.3,３,01,04,1,3歳以上,1勝クラス,2026-09-05,pw01sde0106202604010820260905,3歳以上1勝クラス,08,牝［指定］,14時01分,牝3,https://www.jra.go.jp/JRADB/accessS.html?CNAME=pw01sde0106202604010820260905%2FF1,ダート,1:10.2,,矢野 英一,曇,定量,,
438(-2),54.0,2  2,中山,QUARANTINED_HTML:track_condition,1200,3,pw01dud002023101860/39,コウジハラ,5,M.ミシェル,36.4,アタマ,01,04,8,3歳以上,1勝クラス,2026-09-05,pw01sde0106202604010820260905,3歳以上1勝クラス,08,牝［指定］,14時01分,牝3,https://www.jra.go.jp/JRADB/accessS.html?CNAME=pw01sde0106202604010820260905%2FF1,ダート,1:10.2,,西田 雄一郎,曇,定量,,
440(+2),53.0,7  4,中山,QUARANTINED_HTML:track_condition,1200,4,pw01dud002021106724/27,チェルシー,12,▲上里 直汰,36.0,２,01,04,5,3歳以上,1勝クラス,2026-09-05,pw01sde0106202604010820260905,3歳以上1勝クラス,08,牝［指定］,14時01分,牝5,https://www.jra.go.jp/JRADB/accessS.html?CNAME=pw01sde0106202604010820260905%2FF1,ダート,1:10.6,,中舘 英二,曇,定量,,
472(-14),54.0,4  4,中山,QUARANTINED_HTML:track_condition,1200,5,pw01dud002023100453/CF,ローズブーケ,2,津村 明秀,36.4,アタマ,01,04,4,3歳以上,1勝クラス,2026-09-05,pw01sde0106202604010820260905,3歳以上1勝クラス,08,牝［指定］,14時01分,牝3,https://www.jra.go.jp/JRADB/accessS.html?CNAME=pw01sde0106202604010820260905%2FF1,ダート,1:10.6,,鈴木 伸尋,曇,定量,,
432(-14),54.0,5  4,中山,QUARANTINED_HTML:track_condition,1200,6,pw01dud002023100722/BF,マーガレットクレア,7,原 優介,36.3,クビ,01,04,6,3歳以上,1勝クラス,2026-09-05,pw01sde0106202604010820260905,3歳以上1勝クラス,08,牝［指定］,14時01分,牝3,https://www.jra.go.jp/JRADB/accessS.html?CNAME=pw01sde0106202604010820260905%2FF1,ダート,1:10.7,,黒岩 陽一,曇,定量,,
452(+2),54.0,10  8,中山,QUARANTINED_HTML:track_condition,1200,7,pw01dud002023101039/8C,ベアアッコチャン,15,大野 拓弥,35.8,アタマ,01,04,2,3歳以上,1勝クラス,2026-09-05,pw01sde0106202604010820260905,3歳以上1勝クラス,08,牝［指定］,14時01分,牝3,https://www.jra.go.jp/JRADB/accessS.html?CNAME=pw01sde0106202604010820260905%2FF1,ダート,1:10.7,,杉浦 宏昭,曇,定量,,
494(-6),56.0,5  7,中山,QUARANTINED_HTML:track_condition,1200,8,pw01dud002022105119/CD,ベルヴィヴァン,8,岩田 康誠,36.5,１／２,01,04,7,3歳以上,1勝クラス,2026-09-05,pw01sde0106202604010820260905,3歳以上1勝クラス,08,牝［指定］,14時01分,牝4,https://www.jra.go.jp/JRADB/accessS.html?CNAME=pw01sde0106202604010820260905%2FF1,ダート,1:10.8,,戸田 博文,曇,定量,,
438(-2),53.0,10  8,中山,QUARANTINED_HTML:track_condition,1200,9,pw01dud002022106324/EF,レインボーラッキー,16,▲佐藤 翔馬,35.8,アタマ,01,04,10,3歳以上,1勝クラス,2026-09-05,pw01sde0106202604010820260905,3歳以上1勝クラス,08,牝［指定］,14時01分,牝4,https://www.jra.go.jp/JRADB/accessS.html?CNAME=pw01sde0106202604010820260905%2FF1,ダート,1:10.8,,斎藤 誠,曇,定量,,
442(0),56.0,12  12,中山,QUARANTINED_HTML:track_condition,1200,10,pw01dud002021103135/B7,マナマカナ,3,木幡 巧也,36.4,５,01,04,15,3歳以上,1勝クラス,2026-09-05,pw01sde0106202604010820260905,3歳以上1勝クラス,08,牝［指定］,14時01分,牝5,https://www.jra.go.jp/JRADB/accessS.html?CNAME=pw01sde0106202604010820260905%2FF1,ダート,1:11.6,,天間 昭一,曇,定量,,
476(+2),56.0,8  8,中山,QUARANTINED_HTML:track_condition,1200,11,pw01dud002021101793/79,オオゾラヒバリ,14,野中 悠太郎,37.0,１,01,04,9,3歳以上,1勝クラス,2026-09-05,pw01sde0106202604010820260905,3歳以上1勝クラス,08,牝［指定］,14時01分,牝5,https://www.jra.go.jp/JRADB/accessS.html?CNAME=pw01sde0106202604010820260905%2FF1,ダート,1:11.7,,秋本 大介,曇,定量,,
450(-12),56.0,12  14,中山,QUARANTINED_HTML:track_condition,1200,12,pw01dud002020106429/47,ノーブルミステリー,4,柴田 大知,36.6,クビ,01,04,13,3歳以上,1勝クラス,2026-09-05,pw01sde0106202604010820260905,3歳以上1勝クラス,08,牝［指定］,14時01分,牝6,https://www.jra.go.jp/JRADB/accessS.html?CNAME=pw01sde0106202604010820260905%2FF1,ダート,1:11.8,,菊川 正達,曇,定量,,
466(-4),56.0,15  15,中山,QUARANTINED_HTML:track_condition,1200,13,pw01dud002021104481/BD,ビアフォーナウ,11,丸田 恭介,36.4,クビ,01,04,12,3歳以上,1勝クラス,2026-09-05,pw01sde0106202604010820260905,3歳以上1勝クラス,08,牝［指定］,14時01分,牝5,https://www.jra.go.jp/JRADB/accessS.html?CNAME=pw01sde0106202604010820260905%2FF1,ダート,1:11.8,,池上 昌和,曇,定量,,
464(+16),54.0,16  15,中山,QUARANTINED_HTML:track_condition,1200,14,pw01dud002022101312/4E,パッションディーバ,10,△石田 拓郎,36.3,１／２,01,04,11,3歳以上,1勝クラス,2026-09-05,pw01sde0106202604010820260905,3歳以上1勝クラス,08,牝［指定］,14時01分,牝4,https://www.jra.go.jp/JRADB/accessS.html?CNAME=pw01sde0106202604010820260905%2FF1,ダート,1:11.9,,武藤 善則,曇,定量,,
466(+6),56.0,8  8,中山,QUARANTINED_HTML:track_condition,1200,15,pw01dud002022100323/E2,トキメキジニア,9,小崎 綾也,37.2,クビ,01,04,16,3歳以上,1勝クラス,2026-09-05,pw01sde0106202604010820260905,3歳以上1勝クラス,08,牝［指定］,14時01分,牝4,https://www.jra.go.jp/JRADB/accessS.html?CNAME=pw01sde0106202604010820260905%2FF1,ダート,1:12.0,,佐藤 吉勝,曇,定量,,
452(-23),56.0,12  12,中山,QUARANTINED_HTML:track_condition,1200,16,pw01dud002019106938/5A,ブエナディオサ,13,菊沢 一樹,37.1,２,01,04,14,3歳以上,1勝クラス,2026-09-05,pw01sde0106202604010820260905,3歳以上1勝クラス,08,牝［指定］,14時01分,牝7,https://www.jra.go.jp/JRADB/accessS.html?CNAME=pw01sde0106202604010820260905%2FF1,ダート,1:12.3,,奥平 雅士,曇,定量,,
480(+14),56.0,2  2  2  2,中山,PASS_HTML,1800,1,pw01dud002022101272/7D,スタニングヴュー,5,三浦 皇成,34.6,,01,04,5,3歳以上,1勝クラス,2026-09-05,pw01sde0106202604010920260905,古作特別,09,（混合）［指定］,14時31分,牝4,https://www.jra.go.jp/JRADB/accessS.html?CNAME=pw01sde0106202604010920260905%2FA6,芝,1:47.5,良,金成 貴史,晴,定量,,
472(-4),56.0,4  5  3  3,中山,PASS_HTML,1800,2,pw01dud002021104173/00,デイジー,7,戸崎 圭太,34.4,ハナ,01,04,3,3歳以上,1勝クラス,2026-09-05,pw01sde0106202604010920260905,古作特別,09,（混合）［指定］,14時31分,牝5,https://www.jra.go.jp/JRADB/accessS.html?CNAME=pw01sde0106202604010920260905%2FA6,芝,1:47.5,良,田中 勝春,晴,定量,,
472(+8),55.0,10  9  6  7,中山,PASS_HTML,1800,3,pw01dud002023102730/C7,ショウナンダイン,2,丸山 元気,34.2,１／２,01,04,4,3歳以上,1勝クラス,2026-09-05,pw01sde0106202604010920260905,古作特別,09,（混合）［指定］,14時31分,せん3,https://www.jra.go.jp/JRADB/accessS.html?CNAME=pw01sde0106202604010920260905%2FA6,芝,1:47.5,良,森 一誠,晴,定量,,
460(+2),53.0,7  7  6  7,中山,PASS_HTML,1800,4,pw01dud002023102403/5D,ルンベーラ,8,木幡 巧也,34.3,１／２,01,04,6,3歳以上,1勝クラス,2026-09-05,pw01sde0106202604010920260905,古作特別,09,（混合）［指定］,14時31分,牝3,https://www.jra.go.jp/JRADB/accessS.html?CNAME=pw01sde0106202604010920260905%2FA6,芝,1:47.6,良,菊川 正達,晴,定量,,
428(-10),56.0,14  14  14  15,中山,PASS_HTML,1800,5,pw01dud002022104851/DD,アレクレア,3,大野 拓弥,33.8,クビ,01,04,8,3歳以上,1勝クラス,2026-09-05,pw01sde0106202604010920260905,古作特別,09,（混合）［指定］,14時31分,牝4,https://www.jra.go.jp/JRADB/accessS.html?CNAME=pw01sde0106202604010920260905%2FA6,芝,1:47.6,良,蛯名 利弘,晴,定量,,
438(-12),58.0,1  1  1  1,中山,PASS_HTML,1800,6,pw01dud002021104831/31,マーゴットソラーレ,4,原 優介,35.1,１ 1/2,01,04,9,3歳以上,1勝クラス,2026-09-05,pw01sde0106202604010920260905,古作特別,09,（混合）［指定］,14時31分,せん5,https://www.jra.go.jp/JRADB/accessS.html?CNAME=pw01sde0106202604010920260905%2FA6,芝,1:47.9,良,伊坂 重信,晴,定量,,
450(-7),58.0,4  4  3  3,中山,PASS_HTML,1800,7,pw01dud002022110092/1A,コンヴァージョン,1,丸田 恭介,34.9,クビ,01,04,11,3歳以上,1勝クラス,2026-09-05,pw01sde0106202604010920260905,古作特別,09,（混合）［指定］,14時31分,牡4,https://www.jra.go.jp/JRADB/accessS.html?CNAME=pw01sde0106202604010920260905%2FA6,芝,1:47.9,良,上原 博之,晴,定量,,
480(-2),58.0,10  11  12  11,中山,PASS_HTML,1800,8,pw01dud002022105156/B4,レッドシュトラール,11,小崎 綾也,34.4,アタマ,01,04,15,3歳以上,1勝クラス,2026-09-05,pw01sde0106202604010920260905,古作特別,09,（混合）［指定］,14時31分,せん4,https://www.jra.go.jp/JRADB/accessS.html?CNAME=pw01sde0106202604010920260905%2FA6,芝,1:47.9,良,古賀 大生,晴,定量,,
514(-4),58.0,13  12  12  11,中山,PASS_HTML,1800,9,pw01dud002021105552/20,ロジルーラー,6,内田 博幸,34.6,１,01,04,14,3歳以上,1勝クラス,2026-09-05,pw01sde0106202604010920260905,古作特別,09,（混合）［指定］,14時31分,牡5,https://www.jra.go.jp/JRADB/accessS.html?CNAME=pw01sde0106202604010920260905%2FA6,芝,1:48.1,良,稲垣 幸雄,晴,定量,,
442(+8),53.0,7  9  6  3,中山,PASS_HTML,1800,10,pw01dud002023107159/77,ゴディアーモ,12,武 豊,34.9,アタマ,01,04,2,3歳以上,1勝クラス,2026-09-05,pw01sde0106202604010920260905,古作特別,09,（混合）［指定］,14時31分,牝3,https://www.jra.go.jp/JRADB/accessS.html?CNAME=pw01sde0106202604010920260905%2FA6,芝,1:48.1,良,森 一誠,晴,定量,,
466(+4),58.0,15  15  14  11,中山,PASS_HTML,1800,11,pw01dud002021102717/B4,ジャグアール,10,石橋 脩,34.4,ハナ,01,04,10,3歳以上,1勝クラス,2026-09-05,pw01sde0106202604010920260905,古作特別,09,（混合）［指定］,14時31分,牡5,https://www.jra.go.jp/JRADB/accessS.html?CNAME=pw01sde0106202604010920260905%2FA6,芝,1:48.1,良,矢野 英一,晴,定量,,
472(+2),55.0,10  12  10  7,中山,PASS_HTML,1800,12,pw01dud002023104488/FA,コーディアリー,15,菊沢 一樹,35.2,３,01,04,12,3歳以上,1勝クラス,2026-09-05,pw01sde0106202604010920260905,古作特別,09,（混合）［指定］,14時31分,牡3,https://www.jra.go.jp/JRADB/accessS.html?CNAME=pw01sde0106202604010920260905%2FA6,芝,1:48.6,良,天間 昭一,晴,定量,,
428(+10),53.0,4  5  6  7,中山,PASS_HTML,1800,13,pw01dud002023105222/75,クシマトゥルー,13,津村 明秀,35.8,３,01,04,7,3歳以上,1勝クラス,2026-09-05,pw01sde0106202604010920260905,古作特別,09,（混合）［指定］,14時31分,牝3,https://www.jra.go.jp/JRADB/accessS.html?CNAME=pw01sde0106202604010920260905%2FA6,芝,1:49.1,良,矢嶋 大樹,晴,定量,,
486(+2),58.0,7  7  10  11,中山,PASS_HTML,1800,14,pw01dud002022101498/B1,クモヒトツナイ,9,小林 脩斗,36.0,１ 1/2,01,04,13,3歳以上,1勝クラス,2026-09-05,pw01sde0106202604010920260905,古作特別,09,（混合）［指定］,14時31分,牡4,https://www.jra.go.jp/JRADB/accessS.html?CNAME=pw01sde0106202604010920260905%2FA6,芝,1:49.4,良,加藤 和宏,晴,定量,,
464(-6),55.0,2  2  3  3,中山,PASS_HTML,1800,15,pw01dud002023100894/46,ペプチドドリーム,14,横山 武史,36.4,１／２,01,04,1,3歳以上,1勝クラス,2026-09-05,pw01sde0106202604010920260905,古作特別,09,（混合）［指定］,14時31分,牡3,https://www.jra.go.jp/JRADB/accessS.html?CNAME=pw01sde0106202604010920260905%2FA6,芝,1:49.5,良,松尾 卓哉,晴,定量,,
482(+2),56.0,1  1,中山,PASS_HTML,1200,1,pw01dud002022103151/97,ミニョンマルーン,6,石橋 脩,33.8,,01,04,5,3歳以上,2勝クラス,2026-09-05,pw01sde0106202604011020260905,白井特別,10,（混合）（特指）,15時05分,牝4,https://www.jra.go.jp/JRADB/accessS.html?CNAME=pw01sde0106202604011020260905%2F9B,芝,1:07.0,良,伊藤 圭三,晴,定量,,
506(+4),56.0,2  2,中山,PASS_HTML,1200,2,pw01dud002022104956/4D,インプロペリア,5,C.ルメール,33.9,１ 3/4,01,04,1,3歳以上,2勝クラス,2026-09-05,pw01sde0106202604011020260905,白井特別,10,（混合）（特指）,15時05分,牝4,https://www.jra.go.jp/JRADB/accessS.html?CNAME=pw01sde0106202604011020260905%2F9B,芝,1:07.3,良,森 一誠,晴,定量,,
462(0),58.0,8  8,中山,PASS_HTML,1200,3,pw01dud002021103303/03,ドリーミングアップ,8,横山 武史,33.1,クビ,01,04,2,3歳以上,2勝クラス,2026-09-05,pw01sde0106202604011020260905,白井特別,10,（混合）（特指）,15時05分,牡5,https://www.jra.go.jp/JRADB/accessS.html?CNAME=pw01sde0106202604011020260905%2F9B,芝,1:07.4,良,高橋 文雅,晴,定量,,
472(+4),58.0,7  6,中山,PASS_HTML,1200,4,pw01dud002021101595/FD,ヴィヴァクラウン,13,大野 拓弥,33.6,２,01,04,10,3歳以上,2勝クラス,2026-09-05,pw01sde0106202604011020260905,白井特別,10,（混合）（特指）,15時05分,牡5,https://www.jra.go.jp/JRADB/accessS.html?CNAME=pw01sde0106202604011020260905%2F9B,芝,1:07.7,良,杉浦 宏昭,晴,定量,,
446(+6),54.0,8  8,中山,PASS_HTML,1200,5,pw01dud002023100935/8A,トラスコンガーデン,1,江田 照男,33.5,クビ,01,04,8,3歳以上,2勝クラス,2026-09-05,pw01sde0106202604011020260905,白井特別,10,（混合）（特指）,15時05分,牝3,https://www.jra.go.jp/JRADB/accessS.html?CNAME=pw01sde0106202604011020260905%2F9B,芝,1:07.7,良,竹内 正洋,晴,定量,,
484(-2),56.0,10  10,中山,PASS_HTML,1200,6,pw01dud002021104200/68,サクセスカラー,3,田辺 裕信,33.1,ハナ,01,04,6,3歳以上,2勝クラス,2026-09-05,pw01sde0106202604011020260905,白井特別,10,（混合）（特指）,15時05分,牝5,https://www.jra.go.jp/JRADB/accessS.html?CNAME=pw01sde0106202604011020260905%2F9B,芝,1:07.7,良,久保田 貴士,晴,定量,,
456(+6),56.0,3  3,中山,PASS_HTML,1200,7,pw01dud002023102661/39,タナスーペルノーバ,11,今村 聖奈,34.0,ハナ,01,04,3,3歳以上,2勝クラス,2026-09-05,pw01sde0106202604011020260905,白井特別,10,（混合）（特指）,15時05分,牡3,https://www.jra.go.jp/JRADB/accessS.html?CNAME=pw01sde0106202604011020260905%2F9B,芝,1:07.7,良,寺島 良,晴,定量,,
470(0),56.0,4  4,中山,PASS_HTML,1200,8,pw01dud002022106420/54,パーティーガール,7,木幡 巧也,34.0,１ 1/4,01,04,11,3歳以上,2勝クラス,2026-09-05,pw01sde0106202604011020260905,白井特別,10,（混合）（特指）,15時05分,牝4,https://www.jra.go.jp/JRADB/accessS.html?CNAME=pw01sde0106202604011020260905%2F9B,芝,1:07.9,良,伊藤 伸一,晴,定量,,
416(-2),58.0,12  12,中山,PASS_HTML,1200,9,pw01dud002018103485/03,ジャガード,9,石神 深道,33.1,ハナ,01,04,13,3歳以上,2勝クラス,2026-09-05,pw01sde0106202604011020260905,白井特別,10,（混合）（特指）,15時05分,牡8,https://www.jra.go.jp/JRADB/accessS.html?CNAME=pw01sde0106202604011020260905%2F9B,芝,1:07.9,良,和田 雄二,晴,定量,,
448(-12),56.0,4  6,中山,PASS_HTML,1200,10,pw01dud002021102755/0E,ジョウゲンノツキ,4,菊沢 一樹,34.2,３／４,01,04,9,3歳以上,2勝クラス,2026-09-05,pw01sde0106202604011020260905,白井特別,10,（混合）（特指）,15時05分,牝5,https://www.jra.go.jp/JRADB/accessS.html?CNAME=pw01sde0106202604011020260905%2F9B,芝,1:08.1,良,牧田 和弥,晴,定量,,
416(-6),54.0,4  4,中山,PASS_HTML,1200,11,pw01dud002023103934/E4,ルディドゥゲンジ,2,嶋田 純次,34.2,クビ,01,04,12,3歳以上,2勝クラス,2026-09-05,pw01sde0106202604011020260905,白井特別,10,（混合）（特指）,15時05分,牝3,https://www.jra.go.jp/JRADB/accessS.html?CNAME=pw01sde0106202604011020260905%2F9B,芝,1:08.1,良,蛯名 利弘,晴,定量,,
474(-2),58.0,10  11,中山,PASS_HTML,1200,12,pw01dud002022103556/9A,キープサインオン,10,武 豊,33.7,１,01,04,7,3歳以上,2勝クラス,2026-09-05,pw01sde0106202604011020260905,白井特別,10,（混合）（特指）,15時05分,牡4,https://www.jra.go.jp/JRADB/accessS.html?CNAME=pw01sde0106202604011020260905%2F9B,芝,1:08.3,良,加藤 征弘,晴,定量,,
494(-4),56.0,13  12,中山,PASS_HTML,1200,13,pw01dud002023106665/C1,ウチュウノセカイ,12,原 優介,33.5,２ 1/2,01,04,4,3歳以上,2勝クラス,2026-09-05,pw01sde0106202604011020260905,白井特別,10,（混合）（特指）,15時05分,牡3,https://www.jra.go.jp/JRADB/accessS.html?CNAME=pw01sde0106202604011020260905%2F9B,芝,1:08.7,良,青木 孝文,晴,定量,,
444(+4),53.0,7  7  6,中山,PASS_HTML,1600,1,pw01dud002022101765/BB,ピコローズ,8,三浦 皇成,33.6,,01,04,10,3歳以上,オープン,2026-09-05,pw01sde0106202604011120260905,京成杯オータムハンデキャップ,11,（国際）（特指）,15時45分,牝4,https://www.jra.go.jp/JRADB/accessS.html?CNAME=pw01sde0106202604011120260905%2F50,芝,1:32.0,良,伊藤 大士,晴,ハンデ,,
476(+4),58.0,5  5  4,中山,PASS_HTML,1600,2,pw01dud002021105565/89,エコロブルーム,7,武 豊,33.9,１／２,01,04,5,3歳以上,オープン,2026-09-05,pw01sde0106202604011120260905,京成杯オータムハンデキャップ,11,（国際）（特指）,15時45分,牡5,https://www.jra.go.jp/JRADB/accessS.html?CNAME=pw01sde0106202604011120260905%2F50,芝,1:32.1,良,加藤 征弘,晴,ハンデ,,
450(+2),56.5,5  3  3,中山,PASS_HTML,1600,3,pw01dud002019105806/24,ドロップオブライト,3,岩田 康誠,34.2,クビ,01,04,8,3歳以上,オープン,2026-09-05,pw01sde0106202604011120260905,京成杯オータムハンデキャップ,11,（国際）（特指）,15時45分,牝7,https://www.jra.go.jp/JRADB/accessS.html?CNAME=pw01sde0106202604011120260905%2F50,芝,1:32.2,良,福永 祐一,晴,ハンデ,,
474(-2),57.0,10  10  11,中山,PASS_HTML,1600,4,pw01dud002022105836/EB,ファンダム,6,戸崎 圭太,33.5,ハナ,01,04,4,3歳以上,オープン,2026-09-05,pw01sde0106202604011120260905,京成杯オータムハンデキャップ,11,（国際）（特指）,15時45分,牡4,https://www.jra.go.jp/JRADB/accessS.html?CNAME=pw01sde0106202604011120260905%2F50,芝,1:32.2,良,辻 哲英,晴,ハンデ,,
472(+6),57.0,10  10  8,中山,PASS_HTML,1600,5,pw01dud002019104838/4B,サイルーン,5,大野 拓弥,33.8,１,01,04,11,3歳以上,オープン,2026-09-05,pw01sde0106202604011120260905,京成杯オータムハンデキャップ,11,（国際）（特指）,15時45分,せん7,https://www.jra.go.jp/JRADB/accessS.html?CNAME=pw01sde0106202604011120260905%2F50,芝,1:32.4,良,堀 宣行,晴,ハンデ,,
444(-4),55.0,15  15  14,中山,PASS_HTML,1600,6,pw01dud002023107345/FD,フォルテアンジェロ,4,D.レーン,33.4,３／４,01,04,1,3歳以上,オープン,2026-09-05,pw01sde0106202604011120260905,京成杯オータムハンデキャップ,11,（国際）（特指）,15時45分,牡3,https://www.jra.go.jp/JRADB/accessS.html?CNAME=pw01sde0106202604011120260905%2F50,芝,1:32.5,良,上原 佑紀,晴,ハンデ,,
472(+2),55.0,2  2  2,中山,PASS_HTML,1600,7,pw01dud002021100139/B6,クランフォード,11,菊沢 一樹,34.8,１,01,04,9,3歳以上,オープン,2026-09-05,pw01sde0106202604011120260905,京成杯オータムハンデキャップ,11,（国際）（特指）,15時45分,牝5,https://www.jra.go.jp/JRADB/accessS.html?CNAME=pw01sde0106202604011120260905%2F50,芝,1:32.6,良,杉山 晴紀,晴,ハンデ,,
494(0),54.0,2  5  6,中山,PASS_HTML,1600,8,pw01dud002023103326/94,ディールメーカー,12,横山 武史,34.4,アタマ,01,04,7,3歳以上,オープン,2026-09-05,pw01sde0106202604011120260905,京成杯オータムハンデキャップ,11,（国際）（特指）,15時45分,牡3,https://www.jra.go.jp/JRADB/accessS.html?CNAME=pw01sde0106202604011120260905%2F50,芝,1:32.6,良,大和田 成,晴,ハンデ,,
508(-2),56.0,12  13  14,中山,PASS_HTML,1600,9,pw01dud002021104854/AA,ミナデオロ,2,M.ミシェル,33.7,アタマ,01,04,6,3歳以上,オープン,2026-09-05,pw01sde0106202604011120260905,京成杯オータムハンデキャップ,11,（国際）（特指）,15時45分,牡5,https://www.jra.go.jp/JRADB/accessS.html?CNAME=pw01sde0106202604011120260905%2F50,芝,1:32.6,良,藤原 英昭,晴,ハンデ,,
494(-8),57.0,12  13  12,中山,PASS_HTML,1600,10,pw01dud002020101813/9E,クルゼイロドスル,1,小崎 綾也,33.8,クビ,01,04,13,3歳以上,オープン,2026-09-05,pw01sde0106202604011120260905,京成杯オータムハンデキャップ,11,（国際）（特指）,15時45分,牡6,https://www.jra.go.jp/JRADB/accessS.html?CNAME=pw01sde0106202604011120260905%2F50,芝,1:32.7,良,高橋 義忠,晴,ハンデ,,
462(+4),55.0,7  7  8,中山,PASS_HTML,1600,11,pw01dud002023103268/89,レザベーション,9,原 優介,34.3,クビ,01,04,2,3歳以上,オープン,2026-09-05,pw01sde0106202604011120260905,京成杯オータムハンデキャップ,11,（国際）（特指）,15時45分,牡3,https://www.jra.go.jp/JRADB/accessS.html?CNAME=pw01sde0106202604011120260905%2F50,芝,1:32.7,良,松下 武士,晴,ハンデ,,
470(-2),54.0,7  7  8,中山,PASS_HTML,1600,12,pw01dud002021103519/27,リラボニート,14,丸山 元気,34.4,１／２,01,04,15,3歳以上,オープン,2026-09-05,pw01sde0106202604011120260905,京成杯オータムハンデキャップ,11,（国際）（特指）,15時45分,牝5,https://www.jra.go.jp/JRADB/accessS.html?CNAME=pw01sde0106202604011120260905%2F50,芝,1:32.8,良,須貝 尚介,晴,ハンデ,,
452(+4),55.0,2  3  4,中山,PASS_HTML,1600,13,pw01dud002022104885/D9,テレサ,15,津村 明秀,35.0,１,01,04,14,3歳以上,オープン,2026-09-05,pw01sde0106202604011120260905,京成杯オータムハンデキャップ,11,（国際）（特指）,15時45分,牝4,https://www.jra.go.jp/JRADB/accessS.html?CNAME=pw01sde0106202604011120260905%2F50,芝,1:33.0,良,杉山 晴紀,晴,ハンデ,,
508(+4),56.0,16  15  16,中山,PASS_HTML,1600,14,pw01dud002020101784/50,ラケマーダ,16,杉原 誠人,34.0,クビ,01,04,16,3歳以上,オープン,2026-09-05,pw01sde0106202604011120260905,京成杯オータムハンデキャップ,11,（国際）（特指）,15時45分,牡6,https://www.jra.go.jp/JRADB/accessS.html?CNAME=pw01sde0106202604011120260905%2F50,芝,1:33.1,良,千田 輝彦,晴,ハンデ,,
516(-4),55.0,1  1  1,中山,PASS_HTML,1600,15,pw01dud002020101772/5A,メタルスピード,13,田辺 裕信,35.9,２,01,04,12,3歳以上,オープン,2026-09-05,pw01sde0106202604011120260905,京成杯オータムハンデキャップ,11,（国際）（特指）,15時45分,牡6,https://www.jra.go.jp/JRADB/accessS.html?CNAME=pw01sde0106202604011120260905%2F50,芝,1:33.4,良,斎藤 誠,晴,ハンデ,,
478(+4),55.5,12  10  12,中山,PASS_HTML,1600,16,pw01dud002022104764/15,ヴァルキリーバース,10,C.ルメール,35.0,１ 3/4,01,04,3,3歳以上,オープン,2026-09-05,pw01sde0106202604011120260905,京成杯オータムハンデキャップ,11,（国際）（特指）,15時45分,牝4,https://www.jra.go.jp/JRADB/accessS.html?CNAME=pw01sde0106202604011120260905%2F50,芝,1:33.7,良,田中 博康,晴,ハンデ,,
508(+6),58.0,7  6,中山,QUARANTINED_HTML:track_condition,1200,1,pw01dud002022103911/DF,ショウナンタハティ,12,D.レーン,36.0,,01,04,4.0,3歳以上,1勝クラス,2026-09-05,pw01sde0106202604011220260905,3歳以上1勝クラス,12,[指定],16時30分,牡4,https://www.jra.go.jp/JRADB/accessS.html?CNAME=pw01sde0106202604011220260905%2F05,ダート,1:10.8,,中舘 英二,晴,定量,,
482(-2),58.0,3  3,中山,QUARANTINED_HTML:track_condition,1200,2,pw01dud002022101987/23,シルバードン,1,木幡 巧也,36.6,２,01,04,12.0,3歳以上,1勝クラス,2026-09-05,pw01sde0106202604011220260905,3歳以上1勝クラス,12,[指定],16時30分,牡4,https://www.jra.go.jp/JRADB/accessS.html?CNAME=pw01sde0106202604011220260905%2F05,ダート,1:11.1,,牧 光二,晴,定量,,
504(0),58.0,9  10,中山,QUARANTINED_HTML:track_condition,1200,3,pw01dud002020106771/92,トモジャシーマ,14,津村 明秀,36.2,クビ,01,04,3.0,3歳以上,1勝クラス,2026-09-05,pw01sde0106202604011220260905,3歳以上1勝クラス,12,[指定],16時30分,せん6,https://www.jra.go.jp/JRADB/accessS.html?CNAME=pw01sde0106202604011220260905%2F05,ダート,1:11.2,,鈴木 伸尋,晴,定量,,
530(-12),58.0,2  2,中山,QUARANTINED_HTML:track_condition,1200,4,pw01dud002021102192/CF,グランルチャドール,7,石橋 脩,37.1,１,01,04,5.0,3歳以上,1勝クラス,2026-09-05,pw01sde0106202604011220260905,3歳以上1勝クラス,12,[指定],16時30分,牡5,https://www.jra.go.jp/JRADB/accessS.html?CNAME=pw01sde0106202604011220260905%2F05,ダート,1:11.4,,上原 佑紀,晴,定量,,
516(-4),58.0,9  10,中山,QUARANTINED_HTML:track_condition,1200,5,pw01dud002022100582/31,プルシャプラ,9,杉原 誠人,36.6,１／２,01,04,10.0,3歳以上,1勝クラス,2026-09-05,pw01sde0106202604011220260905,3歳以上1勝クラス,12,[指定],16時30分,牡4,https://www.jra.go.jp/JRADB/accessS.html?CNAME=pw01sde0106202604011220260905%2F05,ダート,1:11.5,,池上 昌和,晴,定量,,
452(-2),51.0,1  1,中山,QUARANTINED_HTML:track_condition,1200,6,pw01dud002023104607/69,チュラヴェール,5,▲上里 直汰,37.4,１,01,04,11.0,3歳以上,1勝クラス,2026-09-05,pw01sde0106202604011220260905,3歳以上1勝クラス,12,[指定],16時30分,牝3,https://www.jra.go.jp/JRADB/accessS.html?CNAME=pw01sde0106202604011220260905%2F05,ダート,1:11.6,,松山 将樹,晴,定量,,
494(0),56.0,7  8,中山,QUARANTINED_HTML:track_condition,1200,7,pw01dud002023101146/74,アンプイットアップ,3,横山 武史,36.8,ハナ,01,04,2.0,3歳以上,1勝クラス,2026-09-05,pw01sde0106202604011220260905,3歳以上1勝クラス,12,[指定],16時30分,牡3,https://www.jra.go.jp/JRADB/accessS.html?CNAME=pw01sde0106202604011220260905%2F05,ダート,1:11.6,,岩戸 孝樹,晴,定量,,
466(+4),58.0,12  12,中山,QUARANTINED_HTML:track_condition,1200,8,pw01dud002021100506/F1,キングクレオール,6,大野 拓弥,36.4,クビ,01,04,9.0,3歳以上,1勝クラス,2026-09-05,pw01sde0106202604011220260905,3歳以上1勝クラス,12,[指定],16時30分,牡5,https://www.jra.go.jp/JRADB/accessS.html?CNAME=pw01sde0106202604011220260905%2F05,ダート,1:11.7,,和田 雄二,晴,定量,,
502(+12),58.0,5  6,中山,QUARANTINED_HTML:track_condition,1200,9,pw01dud002022102681/CD,マイネルブリオン,13,菊沢 一樹,37.0,クビ,01,04,7.0,3歳以上,1勝クラス,2026-09-05,pw01sde0106202604011220260905,3歳以上1勝クラス,12,[指定],16時30分,牡4,https://www.jra.go.jp/JRADB/accessS.html?CNAME=pw01sde0106202604011220260905%2F05,ダート,1:11.7,,矢野 英一,晴,定量,,
502(-6),56.0,12  12,中山,QUARANTINED_HTML:track_condition,1200,10,pw01dud002023102978/01,レイズレガシー,10,田辺 裕信,36.6,１ 1/4,01,04,1.0,3歳以上,1勝クラス,2026-09-05,pw01sde0106202604011220260905,3歳以上1勝クラス,12,[指定],16時30分,牡3,https://www.jra.go.jp/JRADB/accessS.html?CNAME=pw01sde0106202604011220260905%2F05,ダート,1:11.9,,高柳 瑞樹,晴,定量,,
442(+2),54.0,9  8,中山,QUARANTINED_HTML:track_condition,1200,11,pw01dud002023104590/A3,スカット,4,小林 脩斗,37.1,１ 1/4,01,04,13.0,3歳以上,1勝クラス,2026-09-05,pw01sde0106202604011220260905,3歳以上1勝クラス,12,[指定],16時30分,牝3,https://www.jra.go.jp/JRADB/accessS.html?CNAME=pw01sde0106202604011220260905%2F05,ダート,1:12.1,,堀内 岳志,晴,定量,,
412(+6),54.0,5  4,中山,QUARANTINED_HTML:track_condition,1200,12,pw01dud002023105784/B0,ピュール,2,◇今村 聖奈,37.5,クビ,01,04,6.0,3歳以上,1勝クラス,2026-09-05,pw01sde0106202604011220260905,3歳以上1勝クラス,12,[指定],16時30分,牡3,https://www.jra.go.jp/JRADB/accessS.html?CNAME=pw01sde0106202604011220260905%2F05,ダート,1:12.2,,久保田 貴士,晴,定量,,
470(+20),58.0,3  4,中山,QUARANTINED_HTML:track_condition,1200,13,pw01dud002022102711/8E,ザクシス,11,原 優介,38.4,４,01,04,8.0,3歳以上,1勝クラス,2026-09-05,pw01sde0106202604011220260905,3歳以上1勝クラス,12,[指定],16時30分,牡4,https://www.jra.go.jp/JRADB/accessS.html?CNAME=pw01sde0106202604011220260905%2F05,ダート,1:12.9,,加藤 士津八,晴,定量,,
,53.0,,中山,QUARANTINED_HTML:track_condition,1200,取消,pw01dud002023103320/E2,ヴェネチアンキング,8,▲佐藤 翔馬,,,01,04,,3歳以上,1勝クラス,2026-09-05,pw01sde0106202604011220260905,3歳以上1勝クラス,12,[指定],16時30分,牡3,https://www.jra.go.jp/JRADB/accessS.html?CNAME=pw01sde0106202604011220260905%2F05,ダート,,,伊藤 圭三,晴,定量,,
454(-10),55.0,3  3,阪神,QUARANTINED_HTML:track_condition,1400,1,pw01dud002024106458/34,ベルヴェール,11,西村 淳也,37.9,,01,04,1,2歳,未勝利,2026-09-05,pw01sde0109202604010120260905,2歳未勝利,01,（混合）［指定］,9時55分,牡2,https://www.jra.go.jp/JRADB/accessS.html?CNAME=pw01sde0109202604010120260905%2FDC,ダート,1:26.3,,石坂 公一,晴,馬齢,,
426(+2),55.0,2  2,阪神,QUARANTINED_HTML:track_condition,1400,2,pw01dud002024108132/AD,マルモリマイベスト,9,泉谷 楓真,37.9,クビ,01,04,3,2歳,未勝利,2026-09-05,pw01sde0109202604010120260905,2歳未勝利,01,（混合）［指定］,9時55分,牡2,https://www.jra.go.jp/JRADB/accessS.html?CNAME=pw01sde0109202604010120260905%2FDC,ダート,1:26.3,,緒方 努,晴,馬齢,,
452(+2),55.0,7  6,阪神,QUARANTINED_HTML:track_condition,1400,3,pw01dud002024106077/1D,リアルメッセージ,1,団野 大成,38.1,４,01,04,6,2歳,未勝利,2026-09-05,pw01sde0109202604010120260905,2歳未勝利,01,（混合）［指定］,9時55分,牡2,https://www.jra.go.jp/JRADB/accessS.html?CNAME=pw01sde0109202604010120260905%2FDC,ダート,1:27.0,,小林 真也,晴,馬齢,,
444(-4),52.0,4  4,阪神,QUARANTINED_HTML:track_condition,1400,4,pw01dud002024100009/F9,クリコキアナ,4,▲森田 誠也,38.5,１ 1/4,01,04,7,2歳,未勝利,2026-09-05,pw01sde0109202604010120260905,2歳未勝利,01,（混合）［指定］,9時55分,牝2,https://www.jra.go.jp/JRADB/accessS.html?CNAME=pw01sde0109202604010120260905%2FDC,ダート,1:27.2,,谷 潔,晴,馬齢,,
438(0),55.0,6  6,阪神,QUARANTINED_HTML:track_condition,1400,5,pw01dud002024106237/3F,スクワミッシュ,8,坂井 瑠星,39.0,３ 1/2,01,04,2,2歳,未勝利,2026-09-05,pw01sde0109202604010120260905,2歳未勝利,01,（混合）［指定］,9時55分,牝2,https://www.jra.go.jp/JRADB/accessS.html?CNAME=pw01sde0109202604010120260905%2FDC,ダート,1:27.8,,梅田 智之,晴,馬齢,,
446(+2),54.0,1  1,阪神,QUARANTINED_HTML:track_condition,1400,6,pw01dud002024104705/40,ビバームス,3,☆田山 旺佑,39.6,クビ,01,04,5,2歳,未勝利,2026-09-05,pw01sde0109202604010120260905,2歳未勝利,01,（混合）［指定］,9時55分,牝2,https://www.jra.go.jp/JRADB/accessS.html?CNAME=pw01sde0109202604010120260905%2FDC,ダート,1:27.9,,高橋 亮,晴,馬齢,,
452(-4),55.0,4  4,阪神,QUARANTINED_HTML:track_condition,1400,7,pw01dud002024107177/3D,ラブシンフォニー,2,幸 英明,39.6,１ 1/4,01,04,8,2歳,未勝利,2026-09-05,pw01sde0109202604010120260905,2歳未勝利,01,（混合）［指定］,9時55分,牝2,https://www.jra.go.jp/JRADB/accessS.html?CNAME=pw01sde0109202604010120260905%2FDC,ダート,1:28.1,,藤野 健太,晴,馬齢,,
490(+2),55.0,7  6,阪神,QUARANTINED_HTML:track_condition,1400,8,pw01dud002024105526/60,ガヤーズランボー,7,菱田 裕二,39.3,１／２,01,04,4,2歳,未勝利,2026-09-05,pw01sde0109202604010120260905,2歳未勝利,01,（混合）［指定］,9時55分,牡2,https://www.jra.go.jp/JRADB/accessS.html?CNAME=pw01sde0109202604010120260905%2FDC,ダート,1:28.2,,秋山 真一郎,晴,馬齢,,
496(+14),55.0,9  9,阪神,QUARANTINED_HTML:track_condition,1400,9,pw01dud002024104494/CA,グラスクラージュ,6,富田 暁,39.3,２,01,04,10,2歳,未勝利,2026-09-05,pw01sde0109202604010120260905,2歳未勝利,01,（混合）［指定］,9時55分,牡2,https://www.jra.go.jp/JRADB/accessS.html?CNAME=pw01sde0109202604010120260905%2FDC,ダート,1:28.5,,牧 光二,晴,馬齢,,
400(0),55.0,9  9,阪神,QUARANTINED_HTML:track_condition,1400,10,pw01dud002024102682/58,ベルメサージュ,5,田口 貫太,39.6,１ 1/2,01,04,9,2歳,未勝利,2026-09-05,pw01sde0109202604010120260905,2歳未勝利,01,（混合）［指定］,9時55分,牝2,https://www.jra.go.jp/JRADB/accessS.html?CNAME=pw01sde0109202604010120260905%2FDC,ダート,1:28.8,,大根田 裕之,晴,馬齢,,
444(+4),53.0,11  11,阪神,QUARANTINED_HTML:track_condition,1400,11,pw01dud002024104785/C0,キモンミナリッチ,10,◇永島 まなみ,41.1,大差,01,04,11,2歳,未勝利,2026-09-05,pw01sde0109202604010120260905,2歳未勝利,01,（混合）［指定］,9時55分,牡2,https://www.jra.go.jp/JRADB/accessS.html?CNAME=pw01sde0109202604010120260905%2FDC,ダート,1:31.0,,加藤 公太,晴,馬齢,,
474(+2),55.0,1  2,阪神,PASS_HTML,1800,1,pw01dud002024103816/05,ティフォシ,2,M.デムーロ,34.4,,01,04,1,2歳,未勝利,2026-09-05,pw01sde0109202604010220260905,2歳未勝利,02,[指定],10時30分,牡2,https://www.jra.go.jp/JRADB/accessS.html?CNAME=pw01sde0109202604010220260905%2F91,芝,1:47.3,稍重,宮地 貴稔,晴,馬齢,,
520(+8),55.0,2  5,阪神,PASS_HTML,1800,2,pw01dud002024106356/1D,ブックオブケルズ,4,西村 淳也,34.5,１ 3/4,01,04,2,2歳,未勝利,2026-09-05,pw01sde0109202604010220260905,2歳未勝利,02,[指定],10時30分,牡2,https://www.jra.go.jp/JRADB/accessS.html?CNAME=pw01sde0109202604010220260905%2F91,芝,1:47.6,稍重,高野 友和,晴,馬齢,,
474(-8),55.0,5  1,阪神,PASS_HTML,1800,3,pw01dud002024104977/F8,デススパイラル,3,松山 弘平,34.9,１／２,01,04,4,2歳,未勝利,2026-09-05,pw01sde0109202604010220260905,2歳未勝利,02,[指定],10時30分,牝2,https://www.jra.go.jp/JRADB/accessS.html?CNAME=pw01sde0109202604010220260905%2F91,芝,1:47.7,稍重,前川 恭子,晴,馬齢,,
492(-2),55.0,4  2,阪神,PASS_HTML,1800,4,pw01dud002024106219/05,ドミナント,5,坂井 瑠星,34.9,１／２,01,04,3,2歳,未勝利,2026-09-05,pw01sde0109202604010220260905,2歳未勝利,02,[指定],10時30分,牝2,https://www.jra.go.jp/JRADB/accessS.html?CNAME=pw01sde0109202604010220260905%2F91,芝,1:47.8,稍重,福永 祐一,晴,馬齢,,
496(+2),55.0,2  2,阪神,PASS_HTML,1800,5,pw01dud002024102103/56,コパノマハロ,1,秋山 稔樹,35.2,１ 1/2,01,04,5,2歳,未勝利,2026-09-05,pw01sde0109202604010220260905,2歳未勝利,02,[指定],10時30分,牝2,https://www.jra.go.jp/JRADB/accessS.html?CNAME=pw01sde0109202604010220260905%2F91,芝,1:48.1,稍重,宮 徹,晴,馬齢,,
498(0),57.0,5  5  4  4,阪神,QUARANTINED_HTML:track_condition,1800,1,pw01dud002023105340/E0,レッドフレーザー,1,坂井 瑠星,37.7,,01,04,2,3歳,未勝利,2026-09-05,pw01sde0109202604010320260905,3歳未勝利,03,[指定],11時00分,牡3,https://www.jra.go.jp/JRADB/accessS.html?CNAME=pw01sde0109202604010320260905%2F46,ダート,1:54.3,,矢作 芳人,晴,馬齢,,
464(0),57.0,2  2  2  2,阪神,QUARANTINED_HTML:track_condition,1800,2,pw01dud002023107303/D7,レジェルテ,11,西村 淳也,38.6,４,01,04,3,3歳,未勝利,2026-09-05,pw01sde0109202604010320260905,3歳未勝利,03,[指定],11時00分,牡3,https://www.jra.go.jp/JRADB/accessS.html?CNAME=pw01sde0109202604010320260905%2F46,ダート,1:55.0,,柴田 卓,晴,馬齢,,
486(+6),57.0,2  4  4  4,阪神,QUARANTINED_HTML:track_condition,1800,3,pw01dud002023103248/69,ラミエルノムスコ,9,吉村 誠之助,38.8,２,01,04,1,3歳,未勝利,2026-09-05,pw01sde0109202604010320260905,3歳未勝利,03,[指定],11時00分,牡3,https://www.jra.go.jp/JRADB/accessS.html?CNAME=pw01sde0109202604010320260905%2F46,ダート,1:55.4,,千田 輝彦,晴,馬齢,,
424(+4),55.0,9  7  7  7,阪神,QUARANTINED_HTML:track_condition,1800,4,pw01dud002023104048/F6,カワキタベレッタ,2,中井 裕二,38.7,１ 3/4,01,04,10,3歳,未勝利,2026-09-05,pw01sde0109202604010320260905,3歳未勝利,03,[指定],11時00分,牝3,https://www.jra.go.jp/JRADB/accessS.html?CNAME=pw01sde0109202604010320260905%2F46,ダート,1:55.7,,角田 晃一,晴,馬齢,,
480(+6),57.0,11  10  7  6,阪神,QUARANTINED_HTML:track_condition,1800,5,pw01dud002023100430/56,ロードファイター,13,松若 風馬,38.8,１,01,04,8,3歳,未勝利,2026-09-05,pw01sde0109202604010320260905,3歳未勝利,03,[指定],11時00分,牡3,https://www.jra.go.jp/JRADB/accessS.html?CNAME=pw01sde0109202604010320260905%2F46,ダート,1:55.8,,東田 明士,晴,馬齢,,
478(-2),55.0,2  2  2  2,阪神,QUARANTINED_HTML:track_condition,1800,6,pw01dud002023103385/81,デルマタカチホ,8,◇永島 まなみ,39.7,１ 1/2,01,04,9,3歳,未勝利,2026-09-05,pw01sde0109202604010320260905,3歳未勝利,03,[指定],11時00分,牡3,https://www.jra.go.jp/JRADB/accessS.html?CNAME=pw01sde0109202604010320260905%2F46,ダート,1:56.1,,田中 克典,晴,馬齢,,
494(+4),57.0,9  10  12  9,阪神,QUARANTINED_HTML:track_condition,1800,7,pw01dud002023105122/44,サラサダンディー,3,国分 恭介,38.9,２,01,04,7,3歳,未勝利,2026-09-05,pw01sde0109202604010320260905,3歳未勝利,03,[指定],11時00分,牡3,https://www.jra.go.jp/JRADB/accessS.html?CNAME=pw01sde0109202604010320260905%2F46,ダート,1:56.4,,岡田 稲男,晴,馬齢,,
500(+14),57.0,12  12  10  9,阪神,QUARANTINED_HTML:track_condition,1800,8,pw01dud002023101781/9B,ラッキーダイヤ,6,酒井 学,39.8,５,01,04,11,3歳,未勝利,2026-09-05,pw01sde0109202604010320260905,3歳未勝利,03,[指定],11時00分,牡3,https://www.jra.go.jp/JRADB/accessS.html?CNAME=pw01sde0109202604010320260905%2F46,ダート,1:57.3,,牧田 和弥,晴,馬齢,,
484(-2),56.0,7  7  10  11,阪神,QUARANTINED_HTML:track_condition,1800,9,pw01dud002023104887/4B,ジャスティンゴッホ,4,☆田山 旺佑,39.7,３／４,01,04,5,3歳,未勝利,2026-09-05,pw01sde0109202604010320260905,3歳未勝利,03,[指定],11時00分,牡3,https://www.jra.go.jp/JRADB/accessS.html?CNAME=pw01sde0109202604010320260905%2F46,ダート,1:57.4,,茶木 太樹,晴,馬齢,,
552(-2),55.0,7  7  4  7,阪神,QUARANTINED_HTML:track_condition,1800,10,pw01dud002023106848/5C,スターチューン,10,団野 大成,40.6,クビ,01,04,6,3歳,未勝利,2026-09-05,pw01sde0109202604010320260905,3歳未勝利,03,[指定],11時00分,牝3,https://www.jra.go.jp/JRADB/accessS.html?CNAME=pw01sde0109202604010320260905%2F46,ダート,1:57.4,,奥村 豊,晴,馬齢,,
446(+4),55.0,13  12  13  13,阪神,QUARANTINED_HTML:track_condition,1800,11,pw01dud002023107336/60,ドラゴングローリア,7,亀田 温心,40.1,３ 1/2,01,04,12,3歳,未勝利,2026-09-05,pw01sde0109202604010320260905,3歳未勝利,03,[指定],11時00分,牝3,https://www.jra.go.jp/JRADB/accessS.html?CNAME=pw01sde0109202604010320260905%2F46,ダート,1:58.0,,斉藤 崇史,晴,馬齢,,
482(-3),55.0,1  1  1  1,阪神,QUARANTINED_HTML:track_condition,1800,12,pw01dud002023104323/2A,アルムランプシー,12,秋山 稔樹,42.2,２ 1/2,01,04,4,3歳,未勝利,2026-09-05,pw01sde0109202604010320260905,3歳未勝利,03,[指定],11時00分,牝3,https://www.jra.go.jp/JRADB/accessS.html?CNAME=pw01sde0109202604010320260905%2F46,ダート,1:58.4,,北出 成人,晴,馬齢,,
428(+2),52.0,5  5  7  11,阪神,QUARANTINED_HTML:track_condition,1800,13,pw01dud002023103194/BC,ガロピーネ,5,▲森田 誠也,43.1,大差,01,04,13,3歳,未勝利,2026-09-05,pw01sde0109202604010320260905,3歳未勝利,03,[指定],11時00分,牝3,https://www.jra.go.jp/JRADB/accessS.html?CNAME=pw01sde0109202604010320260905%2F46,ダート,2:00.6,,笹田 和秀,晴,馬齢,,
498(0),57.0,17  17,阪神,PASS_HTML,1600,1,pw01dud002023106404/8C,ペアピーターソン,17,松若 風馬,34.0,,01,04,7.0,3歳,未勝利,2026-09-05,pw01sde0109202604010420260905,3歳未勝利,04,[指定],11時30分,牡3,https://www.jra.go.jp/JRADB/accessS.html?CNAME=pw01sde0109202604010420260905%2FFB,芝,1:33.7,稍重,梅田 智之,晴,馬齢,,
458(+10),55.0,5  3,阪神,PASS_HTML,1600,2,pw01dud002023104883/7F,アステルディーヴァ,5,坂井 瑠星,35.0,３／４,01,04,4.0,3歳,未勝利,2026-09-05,pw01sde0109202604010420260905,3歳未勝利,04,[指定],11時30分,牝3,https://www.jra.go.jp/JRADB/accessS.html?CNAME=pw01sde0109202604010420260905%2FFB,芝,1:33.8,稍重,西村 真幸,晴,馬齢,,
490(+4),57.0,11  11,阪神,PASS_HTML,1600,3,pw01dud002023106188/45,ビッグヒーロー,2,川田 将雅,34.6,ハナ,01,04,1.0,3歳,未勝利,2026-09-05,pw01sde0109202604010420260905,3歳未勝利,04,[指定],11時30分,牡3,https://www.jra.go.jp/JRADB/accessS.html?CNAME=pw01sde0109202604010420260905%2FFB,芝,1:33.8,稍重,福永 祐一,晴,馬齢,,
404(+2),55.0,9  7,阪神,PASS_HTML,1600,4,pw01dud002023100918/C3,ウイングサンライズ,1,岩田 望来,34.8,クビ,01,04,8.0,3歳,未勝利,2026-09-05,pw01sde0109202604010420260905,3歳未勝利,04,[指定],11時30分,牝3,https://www.jra.go.jp/JRADB/accessS.html?CNAME=pw01sde0109202604010420260905%2FFB,芝,1:33.9,稍重,矢作 芳人,晴,馬齢,,
474(+2),55.0,11  11,阪神,PASS_HTML,1600,5,pw01dud002023101585/05,メイショウプレマ,6,太宰 啓介,34.8,１／２,01,04,3.0,3歳,未勝利,2026-09-05,pw01sde0109202604010420260905,3歳未勝利,04,[指定],11時30分,牝3,https://www.jra.go.jp/JRADB/accessS.html?CNAME=pw01sde0109202604010420260905%2FFB,芝,1:34.0,稍重,石橋 守,晴,馬齢,,
400(0),54.0,15  14,阪神,PASS_HTML,1600,6,pw01dud002023103397/77,カステッロトゥーレ,15,☆田山 旺佑,34.9,１ 1/2,01,04,6.0,3歳,未勝利,2026-09-05,pw01sde0109202604010420260905,3歳未勝利,04,[指定],11時30分,牝3,https://www.jra.go.jp/JRADB/accessS.html?CNAME=pw01sde0109202604010420260905%2FFB,芝,1:34.2,稍重,杉山 佳明,晴,馬齢,,
458(+12),55.0,7  7,阪神,PASS_HTML,1600,7,pw01dud002023107332/94,バロッカネーラ,12,西村 淳也,35.4,１,01,04,2.0,3歳,未勝利,2026-09-05,pw01sde0109202604010420260905,3歳未勝利,04,[指定],11時30分,牝3,https://www.jra.go.jp/JRADB/accessS.html?CNAME=pw01sde0109202604010420260905%2FFB,芝,1:34.4,稍重,池添 学,晴,馬齢,,
418(-2),55.0,2  2,阪神,PASS_HTML,1600,8,pw01dud002023100973/E4,コースタルロード,9,西塚 洸二,35.8,３／４,01,04,9.0,3歳,未勝利,2026-09-05,pw01sde0109202604010420260905,3歳未勝利,04,[指定],11時30分,牝3,https://www.jra.go.jp/JRADB/accessS.html?CNAME=pw01sde0109202604010420260905%2FFB,芝,1:34.5,稍重,辻野 泰之,晴,馬齢,,
452(+10),55.0,9  7,阪神,PASS_HTML,1600,9,pw01dud002023103605/94,ルージュソムニウム,3,富田 暁,35.4,アタマ,01,04,12.0,3歳,未勝利,2026-09-05,pw01sde0109202604010420260905,3歳未勝利,04,[指定],11時30分,牝3,https://www.jra.go.jp/JRADB/accessS.html?CNAME=pw01sde0109202604010420260905%2FFB,芝,1:34.5,稍重,加藤 公太,晴,馬齢,,
432(-2),55.0,14  14,阪神,PASS_HTML,1600,10,pw01dud002023105522/08,エイシンニケ,10,団野 大成,35.6,２,01,04,10.0,3歳,未勝利,2026-09-05,pw01sde0109202604010420260905,3歳未勝利,04,[指定],11時30分,牝3,https://www.jra.go.jp/JRADB/accessS.html?CNAME=pw01sde0109202604010420260905%2FFB,芝,1:34.9,稍重,吉村 圭司,晴,馬齢,,
556(初出走),57.0,15  16,阪神,PASS_HTML,1600,11,pw01dud002023105276/91,サトノシャッツ,11,吉村 誠之助,35.8,２,01,04,13.0,3歳,未勝利,2026-09-05,pw01sde0109202604010420260905,3歳未勝利,04,[指定],11時30分,牡3,https://www.jra.go.jp/JRADB/accessS.html?CNAME=pw01sde0109202604010420260905%2FFB,芝,1:35.2,稍重,池江 泰寿,晴,馬齢,,
420(-8),55.0,5  3,阪神,PASS_HTML,1600,12,pw01dud002023102063/F9,アリディプラチノ,8,酒井 学,36.5,１／２,01,04,16.0,3歳,未勝利,2026-09-05,pw01sde0109202604010420260905,3歳未勝利,04,[指定],11時30分,牝3,https://www.jra.go.jp/JRADB/accessS.html?CNAME=pw01sde0109202604010420260905%2FFB,芝,1:35.3,稍重,畑端 省吾,晴,馬齢,,
394(+2),52.0,1  1,阪神,PASS_HTML,1600,13,pw01dud002023106566/03,メイショウジーニー,4,▲川端 海翼,37.0,１ 3/4,01,04,17.0,3歳,未勝利,2026-09-05,pw01sde0109202604010420260905,3歳未勝利,04,[指定],11時30分,牝3,https://www.jra.go.jp/JRADB/accessS.html?CNAME=pw01sde0109202604010420260905%2FFB,芝,1:35.6,稍重,秋山 真一郎,晴,馬齢,,
540(+6),57.0,2  3,阪神,PASS_HTML,1600,14,pw01dud002023106873/4D,ホワイトフレイムス,18,松山 弘平,36.9,１／２,01,04,5.0,3歳,未勝利,2026-09-05,pw01sde0109202604010420260905,3歳未勝利,04,[指定],11時30分,牡3,https://www.jra.go.jp/JRADB/accessS.html?CNAME=pw01sde0109202604010420260905%2FFB,芝,1:35.7,稍重,吉岡 辰弥,晴,馬齢,,
476(+8),57.0,11  11,阪神,PASS_HTML,1600,15,pw01dud002023103690/E5,サーブルディアマン,16,田口 貫太,36.5,アタマ,01,04,15.0,3歳,未勝利,2026-09-05,pw01sde0109202604010420260905,3歳未勝利,04,[指定],11時30分,牡3,https://www.jra.go.jp/JRADB/accessS.html?CNAME=pw01sde0109202604010420260905%2FFB,芝,1:35.7,稍重,坂口 智康,晴,馬齢,,
432(0),55.0,7  7,阪神,PASS_HTML,1600,16,pw01dud002023107266/5F,セイロンブリーズ,14,M.デムーロ,36.8,クビ,01,04,11.0,3歳,未勝利,2026-09-05,pw01sde0109202604010420260905,3歳未勝利,04,[指定],11時30分,牝3,https://www.jra.go.jp/JRADB/accessS.html?CNAME=pw01sde0109202604010420260905%2FFB,芝,1:35.8,稍重,杉山 晴紀,晴,馬齢,,
474(+6),57.0,2  3,阪神,PASS_HTML,1600,17,pw01dud002023104950/27,アステリアート,13,国分 恭介,38.5,９,01,04,14.0,3歳,未勝利,2026-09-05,pw01sde0109202604010420260905,3歳未勝利,04,[指定],11時30分,牡3,https://www.jra.go.jp/JRADB/accessS.html?CNAME=pw01sde0109202604010420260905%2FFB,芝,1:37.3,稍重,高橋 義忠,晴,馬齢,,
436(+6),55.0,,阪神,PASS_HTML,1600,除外,pw01dud002023105372/F6,シャロン,7,泉谷 楓真,,,01,04,,3歳,未勝利,2026-09-05,pw01sde0109202604010420260905,3歳未勝利,04,[指定],11時30分,牝3,https://www.jra.go.jp/JRADB/accessS.html?CNAME=pw01sde0109202604010420260905%2FFB,芝,,稍重,杉山 晴紀,晴,馬齢,,
472(初出走),55.0,4  4,阪神,PASS_HTML,1400,1,pw01dud002024106246/DC,イッソス,8,西村 淳也,34.3,,01,04,2,2歳,新馬,2026-09-05,pw01sde0109202604010520260905,メイクデビュー阪神,05,（混合）［指定］,12時20分,牡2,https://www.jra.go.jp/JRADB/accessS.html?CNAME=pw01sde0109202604010520260905%2FB0,芝,1:21.6,良,石坂 公一,晴,馬齢,,
404(初出走),55.0,1  1,阪神,PASS_HTML,1400,2,pw01dud002024100590/73,スマートエール,3,高倉 稜,34.6,クビ,01,04,6,2歳,新馬,2026-09-05,pw01sde0109202604010520260905,メイクデビュー阪神,05,（混合）［指定］,12時20分,牝2,https://www.jra.go.jp/JRADB/accessS.html?CNAME=pw01sde0109202604010520260905%2FB0,芝,1:21.6,良,渡辺 薫彦,晴,馬齢,,
496(初出走),55.0,4  4,阪神,PASS_HTML,1400,3,pw01dud002024107052/AD,ブロッサムスピア,2,M.デムーロ,34.3,ハナ,01,04,1,2歳,新馬,2026-09-05,pw01sde0109202604010520260905,メイクデビュー阪神,05,（混合）［指定］,12時20分,牡2,https://www.jra.go.jp/JRADB/accessS.html?CNAME=pw01sde0109202604010520260905%2FB0,芝,1:21.6,良,藤岡 健一,晴,馬齢,,
420(初出走),55.0,9  9,阪神,PASS_HTML,1400,4,pw01dud002024106747/44,レーヴドヒロイン,5,川田 将雅,33.9,３ 1/2,01,04,4,2歳,新馬,2026-09-05,pw01sde0109202604010520260905,メイクデビュー阪神,05,（混合）［指定］,12時20分,牝2,https://www.jra.go.jp/JRADB/accessS.html?CNAME=pw01sde0109202604010520260905%2FB0,芝,1:22.2,良,橋田 宜長,晴,馬齢,,
398(初出走),55.0,2  2,阪神,PASS_HTML,1400,5,pw01dud002024102020/EC,ベルメグスタ,9,幸 英明,35.2,１／２,01,04,11,2歳,新馬,2026-09-05,pw01sde0109202604010520260905,メイクデビュー阪神,05,（混合）［指定］,12時20分,牝2,https://www.jra.go.jp/JRADB/accessS.html?CNAME=pw01sde0109202604010520260905%2FB0,芝,1:22.3,良,森田 直行,晴,馬齢,,
448(初出走),55.0,7  7,阪神,PASS_HTML,1400,6,pw01dud002024108283/A1,アイボリータワー,7,松若 風馬,34.8,３／４,01,04,9,2歳,新馬,2026-09-05,pw01sde0109202604010520260905,メイクデビュー阪神,05,（混合）［指定］,12時20分,牝2,https://www.jra.go.jp/JRADB/accessS.html?CNAME=pw01sde0109202604010520260905%2FB0,芝,1:22.4,良,安田 翔伍,晴,馬齢,,
490(初出走),54.0,7  7,阪神,PASS_HTML,1400,7,pw01dud002024104595/6E,ゴールデンレシオ,6,☆田山 旺佑,36.0,７,01,04,5,2歳,新馬,2026-09-05,pw01sde0109202604010520260905,メイクデビュー阪神,05,（混合）［指定］,12時20分,牡2,https://www.jra.go.jp/JRADB/accessS.html?CNAME=pw01sde0109202604010520260905%2FB0,芝,1:23.6,良,小椋 研介,晴,馬齢,,
482(初出走),55.0,10  10,阪神,PASS_HTML,1400,8,pw01dud002024102561/94,リンピッド,4,富田 暁,35.3,２ 1/2,01,04,12,2歳,新馬,2026-09-05,pw01sde0109202604010520260905,メイクデビュー阪神,05,（混合）［指定］,12時20分,牝2,https://www.jra.go.jp/JRADB/accessS.html?CNAME=pw01sde0109202604010520260905%2FB0,芝,1:24.0,良,飯田 祐史,晴,馬齢,,
450(初出走),55.0,3  3,阪神,PASS_HTML,1400,9,pw01dud002024101476/C3,ルミナスシェリー,10,吉村 誠之助,37.4,３ 1/2,01,04,7,2歳,新馬,2026-09-05,pw01sde0109202604010520260905,メイクデビュー阪神,05,（混合）［指定］,12時20分,牝2,https://www.jra.go.jp/JRADB/accessS.html?CNAME=pw01sde0109202604010520260905%2FB0,芝,1:24.5,良,柴田 卓,晴,馬齢,,
444(初出走),55.0,6  6,阪神,PASS_HTML,1400,10,pw01dud002024106447/B1,トレビスドンナ,12,松山 弘平,37.1,ハナ,01,04,3,2歳,新馬,2026-09-05,pw01sde0109202604010520260905,メイクデビュー阪神,05,（混合）［指定］,12時20分,牝2,https://www.jra.go.jp/JRADB/accessS.html?CNAME=pw01sde0109202604010520260905%2FB0,芝,1:24.5,良,池江 泰寿,晴,馬齢,,
424(初出走),53.0,11  11,阪神,PASS_HTML,1400,11,pw01dud002024102300/5F,メイショウレイナ,1,◇永島 まなみ,35.4,アタマ,01,04,10,2歳,新馬,2026-09-05,pw01sde0109202604010520260905,メイクデビュー阪神,05,（混合）［指定］,12時20分,牝2,https://www.jra.go.jp/JRADB/accessS.html?CNAME=pw01sde0109202604010520260905%2FB0,芝,1:24.5,良,池添 学,晴,馬齢,,
518(初出走),55.0,12  12,阪神,PASS_HTML,1400,12,pw01dud002024105927/97,ソフィアビルド,11,坂井 瑠星,41.1,大差,01,04,8,2歳,新馬,2026-09-05,pw01sde0109202604010520260905,メイクデビュー阪神,05,（混合）［指定］,12時20分,牡2,https://www.jra.go.jp/JRADB/accessS.html?CNAME=pw01sde0109202604010520260905%2FB0,芝,1:32.8,良,藤原 英昭,晴,馬齢,,
448(初出走),55.0,3  4,阪神,QUARANTINED_HTML:track_condition,1400,1,pw01dud002024108215/17,デザートキャンドル,1,吉村 誠之助,37.8,,01,04,9,2歳,新馬,2026-09-05,pw01sde0109202604010620260905,メイクデビュー阪神,06,（混合）［指定］,12時50分,牝2,https://www.jra.go.jp/JRADB/accessS.html?CNAME=pw01sde0109202604010620260905%2F65,ダート,1:25.2,,長谷川 浩大,晴,馬齢,,
484(初出走),55.0,1  1,阪神,QUARANTINED_HTML:track_condition,1400,2,pw01dud002024100937/FC,スカイメテオ,2,菱田 裕二,38.2,クビ,01,04,6,2歳,新馬,2026-09-05,pw01sde0109202604010620260905,メイクデビュー阪神,06,（混合）［指定］,12時50分,牡2,https://www.jra.go.jp/JRADB/accessS.html?CNAME=pw01sde0109202604010620260905%2F65,ダート,1:25.3,,小椋 研介,晴,馬齢,,
490(初出走),55.0,6  4,阪神,QUARANTINED_HTML:track_condition,1400,3,pw01dud002024104223/85,ウルスチャージ,5,田口 貫太,38.2,２ 1/2,01,04,4,2歳,新馬,2026-09-05,pw01sde0109202604010620260905,メイクデビュー阪神,06,（混合）［指定］,12時50分,牡2,https://www.jra.go.jp/JRADB/accessS.html?CNAME=pw01sde0109202604010620260905%2F65,ダート,1:25.7,,大橋 勇樹,晴,馬齢,,
464(初出走),55.0,2  2,阪神,QUARANTINED_HTML:track_condition,1400,4,pw01dud002024105013/02,ツトム,9,松若 風馬,39.5,７,01,04,5,2歳,新馬,2026-09-05,pw01sde0109202604010620260905,メイクデビュー阪神,06,（混合）［指定］,12時50分,牡2,https://www.jra.go.jp/JRADB/accessS.html?CNAME=pw01sde0109202604010620260905%2F65,ダート,1:26.8,,浜田 多実雄,晴,馬齢,,
456(初出走),55.0,10  10,阪神,QUARANTINED_HTML:track_condition,1400,5,pw01dud002024102457/05,テムタワーボス,6,酒井 学,38.5,４,01,04,12,2歳,新馬,2026-09-05,pw01sde0109202604010620260905,メイクデビュー阪神,06,（混合）［指定］,12時50分,牡2,https://www.jra.go.jp/JRADB/accessS.html?CNAME=pw01sde0109202604010620260905%2F65,ダート,1:27.5,,畑端 省吾,晴,馬齢,,
444(初出走),55.0,10  10,阪神,QUARANTINED_HTML:track_condition,1400,6,pw01dud002024106342/41,ムスペルヘイム,3,幸 英明,39.0,３ 1/2,01,04,2,2歳,新馬,2026-09-05,pw01sde0109202604010620260905,メイクデビュー阪神,06,（混合）［指定］,12時50分,牡2,https://www.jra.go.jp/JRADB/accessS.html?CNAME=pw01sde0109202604010620260905%2F65,ダート,1:28.1,,西村 真幸,晴,馬齢,,
452(初出走),55.0,7  9,阪神,QUARANTINED_HTML:track_condition,1400,7,pw01dud002024104092/20,オメガダフネ,8,坂井 瑠星,40.2,２ 1/2,01,04,7,2歳,新馬,2026-09-05,pw01sde0109202604010620260905,メイクデビュー阪神,06,（混合）［指定］,12時50分,牡2,https://www.jra.go.jp/JRADB/accessS.html?CNAME=pw01sde0109202604010620260905%2F65,ダート,1:28.5,,柴田 卓,晴,馬齢,,
474(初出走),55.0,7  7,阪神,QUARANTINED_HTML:track_condition,1400,8,pw01dud002024102875/03,ウブラヴ,12,川須 栄彦,40.4,１ 1/4,01,04,10,2歳,新馬,2026-09-05,pw01sde0109202604010620260905,メイクデビュー阪神,06,（混合）［指定］,12時50分,牡2,https://www.jra.go.jp/JRADB/accessS.html?CNAME=pw01sde0109202604010620260905%2F65,ダート,1:28.7,,中尾 秀正,晴,馬齢,,
500(初出走),55.0,3  3,阪神,QUARANTINED_HTML:track_condition,1400,9,pw01dud002024100422/B8,サンライズモロヘイ,11,岩田 望来,41.5,クビ,01,04,1,2歳,新馬,2026-09-05,pw01sde0109202604010620260905,メイクデビュー阪神,06,（混合）［指定］,12時50分,牡2,https://www.jra.go.jp/JRADB/accessS.html?CNAME=pw01sde0109202604010620260905%2F65,ダート,1:28.8,,牧浦 充徳,晴,馬齢,,
466(初出走),52.0,12  12,阪神,QUARANTINED_HTML:track_condition,1400,10,pw01dud002024104245/8B,ツーエムマドンナ,4,▲森田 誠也,38.0,２,01,04,13,2歳,新馬,2026-09-05,pw01sde0109202604010620260905,メイクデビュー阪神,06,（混合）［指定］,12時50分,牝2,https://www.jra.go.jp/JRADB/accessS.html?CNAME=pw01sde0109202604010620260905%2F65,ダート,1:29.1,,本田 優,晴,馬齢,,
488(初出走),55.0,13  12,阪神,QUARANTINED_HTML:track_condition,1400,11,pw01dud002024106774/1B,サイトゥン,7,西村 淳也,38.2,２,01,04,8,2歳,新馬,2026-09-05,pw01sde0109202604010620260905,メイクデビュー阪神,06,（混合）［指定］,12時50分,牝2,https://www.jra.go.jp/JRADB/accessS.html?CNAME=pw01sde0109202604010620260905%2F65,ダート,1:29.4,,石坂 公一,晴,馬齢,,
474(初出走),54.0,9  8,阪神,QUARANTINED_HTML:track_condition,1400,12,pw01dud002024105955/E1,ナリタライズ,13,☆田山 旺佑,41.3,２ 1/2,01,04,3,2歳,新馬,2026-09-05,pw01sde0109202604010620260905,メイクデビュー阪神,06,（混合）［指定］,12時50分,牡2,https://www.jra.go.jp/JRADB/accessS.html?CNAME=pw01sde0109202604010620260905%2F65,ダート,1:29.8,,高橋 亮,晴,馬齢,,
426(初出走),55.0,3  6,阪神,QUARANTINED_HTML:track_condition,1400,13,pw01dud002024103265/BC,アンジェリカ,10,国分 優作,43.0,６,01,04,11,2歳,新馬,2026-09-05,pw01sde0109202604010620260905,メイクデビュー阪神,06,（混合）［指定］,12時50分,牝2,https://www.jra.go.jp/JRADB/accessS.html?CNAME=pw01sde0109202604010620260905%2F65,ダート,1:30.8,,大根田 裕之,晴,馬齢,,
540(-6),56.0,1  1,阪神,PASS_HTML,1200,1,pw01dud002023101632/8D,マーゴットミスト,14,田口 貫太,33.7,,01,04,4,3歳以上,1勝クラス,2026-09-05,pw01sde0109202604010720260905,3歳以上1勝クラス,07,（混合）［指定］,13時20分,牡3,https://www.jra.go.jp/JRADB/accessS.html?CNAME=pw01sde0109202604010720260905%2F1A,芝,1:07.8,良,杉山 佳明,晴,定量,,
472(+8),54.0,2  2,阪神,PASS_HTML,1200,2,pw01dud002023103836/99,フロムレイブン,16,岩田 望来,33.6,クビ,01,04,1,3歳以上,1勝クラス,2026-09-05,pw01sde0109202604010720260905,3歳以上1勝クラス,07,（混合）［指定］,13時20分,牝3,https://www.jra.go.jp/JRADB/accessS.html?CNAME=pw01sde0109202604010720260905%2F1A,芝,1:07.8,良,坂口 智康,晴,定量,,
454(+2),54.0,3  3,阪神,PASS_HTML,1200,3,pw01dud002023107269/B8,ムーンリットアイル,4,西村 淳也,33.9,３,01,04,2,3歳以上,1勝クラス,2026-09-05,pw01sde0109202604010720260905,3歳以上1勝クラス,07,（混合）［指定］,13時20分,牝3,https://www.jra.go.jp/JRADB/accessS.html?CNAME=pw01sde0109202604010720260905%2F1A,芝,1:08.3,良,武 英智,晴,定量,,
482(+2),56.0,6  5,阪神,PASS_HTML,1200,4,pw01dud002021101414/D9,ベルファスト,7,松若 風馬,33.8,１ 1/4,01,04,3,3歳以上,1勝クラス,2026-09-05,pw01sde0109202604010720260905,3歳以上1勝クラス,07,（混合）［指定］,13時20分,牝5,https://www.jra.go.jp/JRADB/accessS.html?CNAME=pw01sde0109202604010720260905%2F1A,芝,1:08.5,良,今野 貞一,晴,定量,,
498(0),55.0,11  11,阪神,PASS_HTML,1200,5,pw01dud002023104703/CE,ニシノトリビュート,5,☆田山 旺佑,33.3,１ 1/4,01,04,7,3歳以上,1勝クラス,2026-09-05,pw01sde0109202604010720260905,3歳以上1勝クラス,07,（混合）［指定］,13時20分,牡3,https://www.jra.go.jp/JRADB/accessS.html?CNAME=pw01sde0109202604010720260905%2F1A,芝,1:08.7,良,新谷 功一,晴,定量,,
476(+6),56.0,10  10,阪神,PASS_HTML,1200,6,pw01dud002022104901/BE,モルティフレーバー,2,松山 弘平,33.6,１／２,01,04,5,3歳以上,1勝クラス,2026-09-05,pw01sde0109202604010720260905,3歳以上1勝クラス,07,（混合）［指定］,13時20分,牝4,https://www.jra.go.jp/JRADB/accessS.html?CNAME=pw01sde0109202604010720260905%2F1A,芝,1:08.8,良,清水 久詞,晴,定量,,
460(+16),55.0,8  8,阪神,PASS_HTML,1200,7,pw01dud002021104806/40,レオナルドスター,1,▲森田 誠也,33.8,クビ,01,04,8,3歳以上,1勝クラス,2026-09-05,pw01sde0109202604010720260905,3歳以上1勝クラス,07,（混合）［指定］,13時20分,せん5,https://www.jra.go.jp/JRADB/accessS.html?CNAME=pw01sde0109202604010720260905%2F1A,芝,1:08.9,良,秋山 真一郎,晴,定量,,
474(+8),56.0,11  13,阪神,PASS_HTML,1200,8,pw01dud002021106586/0B,ラブカムーン,3,中井 裕二,33.5,３／４,01,04,14,3歳以上,1勝クラス,2026-09-05,pw01sde0109202604010720260905,3歳以上1勝クラス,07,（混合）［指定］,13時20分,牝5,https://www.jra.go.jp/JRADB/accessS.html?CNAME=pw01sde0109202604010720260905%2F1A,芝,1:09.0,良,千田 輝彦,晴,定量,,
480(-2),56.0,5  5,阪神,PASS_HTML,1200,9,pw01dud002021102151/1C,モズイージス,10,◇永島 まなみ,34.5,１,01,04,13,3歳以上,1勝クラス,2026-09-05,pw01sde0109202604010720260905,3歳以上1勝クラス,07,（混合）［指定］,13時20分,牡5,https://www.jra.go.jp/JRADB/accessS.html?CNAME=pw01sde0109202604010720260905%2F1A,芝,1:09.2,良,高橋 康之,晴,定量,,
452(-27),56.0,8  8,阪神,PASS_HTML,1200,10,pw01dud002022102122/EB,モズレイラココナ,11,幸 英明,34.3,１ 1/4,01,04,11,3歳以上,1勝クラス,2026-09-05,pw01sde0109202604010720260905,3歳以上1勝クラス,07,（混合）［指定］,13時20分,牝4,https://www.jra.go.jp/JRADB/accessS.html?CNAME=pw01sde0109202604010720260905%2F1A,芝,1:09.4,良,森田 直行,晴,定量,,
460(0),58.0,11  11,阪神,PASS_HTML,1200,11,pw01dud002020106355/7A,フェゲフォイア,15,菱田 裕二,34.3,２,01,04,16,3歳以上,1勝クラス,2026-09-05,pw01sde0109202604010720260905,3歳以上1勝クラス,07,（混合）［指定］,13時20分,牡6,https://www.jra.go.jp/JRADB/accessS.html?CNAME=pw01sde0109202604010720260905%2F1A,芝,1:09.7,良,岡田 稲男,晴,定量,,
514(+26),54.0,3  3,阪神,PASS_HTML,1200,12,pw01dud002023106985/74,クールフラン,9,坂井 瑠星,35.5,１ 1/4,01,04,9,3歳以上,1勝クラス,2026-09-05,pw01sde0109202604010720260905,3歳以上1勝クラス,07,（混合）［指定］,13時20分,牝3,https://www.jra.go.jp/JRADB/accessS.html?CNAME=pw01sde0109202604010720260905%2F1A,芝,1:09.9,良,池添 学,晴,定量,,
478(+12),56.0,7  7,阪神,PASS_HTML,1200,13,pw01dud002023100631/2B,ワイドシュテルケ,6,吉村 誠之助,35.2,１ 1/4,01,04,6,3歳以上,1勝クラス,2026-09-05,pw01sde0109202604010720260905,3歳以上1勝クラス,07,（混合）［指定］,13時20分,牡3,https://www.jra.go.jp/JRADB/accessS.html?CNAME=pw01sde0109202604010720260905%2F1A,芝,1:10.1,良,藤岡 健一,晴,定量,,
504(-4),58.0,14  14,阪神,PASS_HTML,1200,14,pw01dud002022110128/8D,エコロヴァイス,12,西塚 洸二,34.4,クビ,01,04,12,3歳以上,1勝クラス,2026-09-05,pw01sde0109202604010720260905,3歳以上1勝クラス,07,（混合）［指定］,13時20分,牡4,https://www.jra.go.jp/JRADB/accessS.html?CNAME=pw01sde0109202604010720260905%2F1A,芝,1:10.1,良,吉村 圭司,晴,定量,,
468(+12),56.0,15  16,阪神,PASS_HTML,1200,15,pw01dud002021103075/C6,メイショウヤマモモ,13,長岡 禎仁,34.5,１ 1/2,01,04,15,3歳以上,1勝クラス,2026-09-05,pw01sde0109202604010720260905,3歳以上1勝クラス,07,（混合）［指定］,13時20分,牝5,https://www.jra.go.jp/JRADB/accessS.html?CNAME=pw01sde0109202604010720260905%2F1A,芝,1:10.4,良,高橋 亮,晴,定量,,
436(+2),56.0,15  14,阪神,PASS_HTML,1200,16,pw01dud002020103261/C0,アウクソー,8,秋山 稔樹,34.9,１ 1/2,01,04,10,3歳以上,1勝クラス,2026-09-05,pw01sde0109202604010720260905,3歳以上1勝クラス,07,（混合）［指定］,13時20分,牝6,https://www.jra.go.jp/JRADB/accessS.html?CNAME=pw01sde0109202604010720260905%2F1A,芝,1:10.6,良,平田 修,晴,定量,,
456(+2),53.0,5  5  5  5,阪神,PASS_HTML,2000,1,pw01dud002023103996/2A,オモイヲノセテ,8,幸 英明,34.1,,01,04,7,3歳以上,1勝クラス,2026-09-05,pw01sde0109202604010820260905,3歳以上1勝クラス,08,[指定],13時50分,牝3,https://www.jra.go.jp/JRADB/accessS.html?CNAME=pw01sde0109202604010820260905%2FCF,芝,2:00.2,良,高橋 義忠,晴,定量,,
464(+2),55.0,3  3  3  3,阪神,PASS_HTML,2000,2,pw01dud002023102901/6C,ダンツウルス,4,田口 貫太,34.3,クビ,01,04,2,3歳以上,1勝クラス,2026-09-05,pw01sde0109202604010820260905,3歳以上1勝クラス,08,[指定],13時50分,牡3,https://www.jra.go.jp/JRADB/accessS.html?CNAME=pw01sde0109202604010820260905%2FCF,芝,2:00.2,良,谷 潔,晴,定量,,
464(+4),53.0,2  2  2  2,阪神,PASS_HTML,2000,3,pw01dud002023103676/77,アグレイビューティ,9,富田 暁,34.6,クビ,01,04,5,3歳以上,1勝クラス,2026-09-05,pw01sde0109202604010820260905,3歳以上1勝クラス,08,[指定],13時50分,牝3,https://www.jra.go.jp/JRADB/accessS.html?CNAME=pw01sde0109202604010820260905%2FCF,芝,2:00.3,良,上村 洋行,晴,定量,,
510(+2),55.0,7  7  7  7,阪神,PASS_HTML,2000,4,pw01dud002023103488/0B,シュプリームレルム,7,坂井 瑠星,33.9,アタマ,01,04,4,3歳以上,1勝クラス,2026-09-05,pw01sde0109202604010820260905,3歳以上1勝クラス,08,[指定],13時50分,牡3,https://www.jra.go.jp/JRADB/accessS.html?CNAME=pw01sde0109202604010820260905%2FCF,芝,2:00.3,良,高野 友和,晴,定量,,
434(-2),53.0,1  1  1  1,阪神,PASS_HTML,2000,5,pw01dud002023105292/E5,サンダーバード,3,岩田 望来,34.8,１,01,04,3,3歳以上,1勝クラス,2026-09-05,pw01sde0109202604010820260905,3歳以上1勝クラス,08,[指定],13時50分,牝3,https://www.jra.go.jp/JRADB/accessS.html?CNAME=pw01sde0109202604010820260905%2FCF,芝,2:00.4,良,武 幸四郎,晴,定量,,
498(+6),55.0,3  3  3  4,阪神,PASS_HTML,2000,6,pw01dud002023104996/19,キッコベッロ,1,川田 将雅,34.6,１／２,01,04,1,3歳以上,1勝クラス,2026-09-05,pw01sde0109202604010820260905,3歳以上1勝クラス,08,[指定],13時50分,牡3,https://www.jra.go.jp/JRADB/accessS.html?CNAME=pw01sde0109202604010820260905%2FCF,芝,2:00.5,良,友道 康夫,晴,定量,,
508(-12),58.0,8  7  9  7,阪神,PASS_HTML,2000,7,pw01dud002022107084/AB,ウインヘリオドール,2,国分 恭介,34.4,１ 1/2,01,04,8,3歳以上,1勝クラス,2026-09-05,pw01sde0109202604010820260905,3歳以上1勝クラス,08,[指定],13時50分,牡4,https://www.jra.go.jp/JRADB/accessS.html?CNAME=pw01sde0109202604010820260905%2FCF,芝,2:00.8,良,梅田 智之,晴,定量,,
472(0),56.0,6  6  5  6,阪神,PASS_HTML,2000,8,pw01dud002021105769/B7,ピースヒロフェイス,6,中井 裕二,34.6,ハナ,01,04,9,3歳以上,1勝クラス,2026-09-05,pw01sde0109202604010820260905,3歳以上1勝クラス,08,[指定],13時50分,牝5,https://www.jra.go.jp/JRADB/accessS.html?CNAME=pw01sde0109202604010820260905%2FCF,芝,2:00.8,良,牧 光二,晴,定量,,
484(+2),55.0,9  9  7  7,阪神,PASS_HTML,2000,9,pw01dud002022103263/BE,メイショウアゴナス,5,▲森田 誠也,34.9,３,01,04,6,3歳以上,1勝クラス,2026-09-05,pw01sde0109202604010820260905,3歳以上1勝クラス,08,[指定],13時50分,牡4,https://www.jra.go.jp/JRADB/accessS.html?CNAME=pw01sde0109202604010820260905%2FCF,芝,2:01.3,良,本田 優,晴,定量,,
526(+8),55.0,5  5  6  5,阪神,QUARANTINED_HTML:track_condition,1800,1,pw01dud002023100922/21,ジャイアンバローズ,2,岩田 望来,38.1,,01,04,2,3歳以上,2勝クラス,2026-09-05,pw01sde0109202604010920260905,出石特別,09,（混合）（特指）,14時20分,牡3,https://www.jra.go.jp/JRADB/accessS.html?CNAME=pw01sde0109202604010920260905%2F84,ダート,1:52.3,,池江 泰寿,晴,定量,,
516(-4),58.0,10  10  10  10,阪神,QUARANTINED_HTML:track_condition,1800,2,pw01dud002022110123/4E,クロノスバレット,8,松山 弘平,37.4,アタマ,01,04,3,3歳以上,2勝クラス,2026-09-05,pw01sde0109202604010920260905,出石特別,09,（混合）（特指）,14時20分,牡4,https://www.jra.go.jp/JRADB/accessS.html?CNAME=pw01sde0109202604010920260905%2F84,ダート,1:52.3,,吉村 圭司,晴,定量,,
526(+8),55.0,7  7  7  5,阪神,QUARANTINED_HTML:track_condition,1800,3,pw01dud002023102120/91,システマソラー,6,川田 将雅,38.0,クビ,01,04,1,3歳以上,2勝クラス,2026-09-05,pw01sde0109202604010920260905,出石特別,09,（混合）（特指）,14時20分,牡3,https://www.jra.go.jp/JRADB/accessS.html?CNAME=pw01sde0109202604010920260905%2F84,ダート,1:52.3,,橋田 宜長,晴,定量,,
444(+4),58.0,9  9  8  8,阪神,QUARANTINED_HTML:track_condition,1800,4,pw01dud002022105885/C8,ショーダンサー,7,国分 優作,38.3,２ 1/2,01,04,6,3歳以上,2勝クラス,2026-09-05,pw01sde0109202604010920260905,出石特別,09,（混合）（特指）,14時20分,牡4,https://www.jra.go.jp/JRADB/accessS.html?CNAME=pw01sde0109202604010920260905%2F84,ダート,1:52.8,,大根田 裕之,晴,定量,,
478(+10),56.0,7  7  9  9,阪神,QUARANTINED_HTML:track_condition,1800,5,pw01dud002020106101/FC,シュヴァルツリーベ,10,田山 旺佑,38.8,３ 1/2,01,04,8,3歳以上,2勝クラス,2026-09-05,pw01sde0109202604010920260905,出石特別,09,（混合）（特指）,14時20分,牝6,https://www.jra.go.jp/JRADB/accessS.html?CNAME=pw01sde0109202604010920260905%2F84,ダート,1:53.4,,羽月 友彦,晴,定量,,
518(+8),55.0,3  3  2  2,阪神,QUARANTINED_HTML:track_condition,1800,6,pw01dud002023107295/1C,リヒトミューレ,9,吉村 誠之助,39.6,アタマ,01,04,7,3歳以上,2勝クラス,2026-09-05,pw01sde0109202604010920260905,出石特別,09,（混合）（特指）,14時20分,牡3,https://www.jra.go.jp/JRADB/accessS.html?CNAME=pw01sde0109202604010920260905%2F84,ダート,1:53.4,,中村 直也,晴,定量,,
512(-16),58.0,5  5  5  4,阪神,QUARANTINED_HTML:track_condition,1800,7,pw01dud002022104854/36,ソニックステップ,5,西村 淳也,39.5,クビ,01,04,4,3歳以上,2勝クラス,2026-09-05,pw01sde0109202604010920260905,出石特別,09,（混合）（特指）,14時20分,せん4,https://www.jra.go.jp/JRADB/accessS.html?CNAME=pw01sde0109202604010920260905%2F84,ダート,1:53.5,,高野 友和,晴,定量,,
508(0),58.0,2  2  2  1,阪神,QUARANTINED_HTML:track_condition,1800,8,pw01dud002022103775/A9,テイエムパイロット,11,柴田 裕一郎,40.0,１ 1/2,01,04,5,3歳以上,2勝クラス,2026-09-05,pw01sde0109202604010920260905,出石特別,09,（混合）（特指）,14時20分,牡4,https://www.jra.go.jp/JRADB/accessS.html?CNAME=pw01sde0109202604010920260905%2F84,ダート,1:53.7,,秋山 真一郎,晴,定量,,
500(+2),58.0,10  10  10  10,阪神,QUARANTINED_HTML:track_condition,1800,9,pw01dud002019103829/BF,キングロコマイカイ,4,団野 大成,38.9,クビ,01,04,11,3歳以上,2勝クラス,2026-09-05,pw01sde0109202604010920260905,出石特別,09,（混合）（特指）,14時20分,牡7,https://www.jra.go.jp/JRADB/accessS.html?CNAME=pw01sde0109202604010920260905%2F84,ダート,1:53.8,,畑端 省吾,晴,定量,,
464(+10),58.0,3  3  4  5,阪神,QUARANTINED_HTML:track_condition,1800,10,pw01dud002020100681/D7,ジーニアスバローズ,3,松若 風馬,41.3,９,01,04,9,3歳以上,2勝クラス,2026-09-05,pw01sde0109202604010920260905,出石特別,09,（混合）（特指）,14時20分,せん6,https://www.jra.go.jp/JRADB/accessS.html?CNAME=pw01sde0109202604010920260905%2F84,ダート,1:55.3,,辻野 泰之,晴,定量,,
478(-6),53.0,1  1  1  2,阪神,QUARANTINED_HTML:track_condition,1800,11,pw01dud002023100937/70,ストラーダ,1,富田 暁,42.0,１ 3/4,01,04,10,3歳以上,2勝クラス,2026-09-05,pw01sde0109202604010920260905,出石特別,09,（混合）（特指）,14時20分,牝3,https://www.jra.go.jp/JRADB/accessS.html?CNAME=pw01sde0109202604010920260905%2F84,ダート,1:55.6,,安田 翔伍,晴,定量,,
460(-6),58.0,1  1,阪神,PASS_HTML,1800,1,pw01dud002021105704/18,コルレオニス,3,M.デムーロ,33.5,,01,04,2,3歳以上,3勝クラス,2026-09-05,pw01sde0109202604011020260905,西宮ステークス,10,（混合）（特指）,14時55分,牡5,https://www.jra.go.jp/JRADB/accessS.html?CNAME=pw01sde0109202604011020260905%2F79,芝,1:47.5,良,友道 康夫,曇,定量,,
466(+2),56.0,2  2,阪神,PASS_HTML,1800,2,pw01dud002022105475/F4,レディーミコノス,6,田山 旺佑,33.2,クビ,01,04,3,3歳以上,3勝クラス,2026-09-05,pw01sde0109202604011020260905,西宮ステークス,10,（混合）（特指）,14時55分,牝4,https://www.jra.go.jp/JRADB/accessS.html?CNAME=pw01sde0109202604011020260905%2F79,芝,1:47.6,良,寺島 良,曇,定量,,
454(+2),55.0,4  4,阪神,PASS_HTML,1800,3,pw01dud002023101449/60,サウンドムーブ,7,川田 将雅,32.9,１ 3/4,01,04,1,3歳以上,3勝クラス,2026-09-05,pw01sde0109202604011020260905,西宮ステークス,10,（混合）（特指）,14時55分,牡3,https://www.jra.go.jp/JRADB/accessS.html?CNAME=pw01sde0109202604011020260905%2F79,芝,1:47.9,良,斉藤 崇史,曇,定量,,
478(-6),58.0,6  6,阪神,PASS_HTML,1800,4,pw01dud002021102246/7C,テーオーダグラス,4,横山 典弘,32.9,１ 3/4,01,04,5,3歳以上,3勝クラス,2026-09-05,pw01sde0109202604011020260905,西宮ステークス,10,（混合）（特指）,14時55分,牡5,https://www.jra.go.jp/JRADB/accessS.html?CNAME=pw01sde0109202604011020260905%2F79,芝,1:48.2,良,須貝 尚介,曇,定量,,
452(0),58.0,3  3,阪神,PASS_HTML,1800,5,pw01dud002022105345/93,シンゼンカガ,5,団野 大成,33.5,３／４,01,04,6,3歳以上,3勝クラス,2026-09-05,pw01sde0109202604011020260905,西宮ステークス,10,（混合）（特指）,14時55分,牡4,https://www.jra.go.jp/JRADB/accessS.html?CNAME=pw01sde0109202604011020260905%2F79,芝,1:48.3,良,荒川 義之,曇,定量,,
496(+2),58.0,4  4,阪神,PASS_HTML,1800,6,pw01dud002021104971/A2,オールセインツ,1,富田 暁,33.2,クビ,01,04,4,3歳以上,3勝クラス,2026-09-05,pw01sde0109202604011020260905,西宮ステークス,10,（混合）（特指）,14時55分,せん5,https://www.jra.go.jp/JRADB/accessS.html?CNAME=pw01sde0109202604011020260905%2F79,芝,1:48.3,良,友道 康夫,曇,定量,,
482(0),58.0,7  6,阪神,PASS_HTML,1800,7,pw01dud002019104800/83,エイカイマッケンロ,2,中井 裕二,33.3,１ 1/2,01,04,7,3歳以上,3勝クラス,2026-09-05,pw01sde0109202604011020260905,西宮ステークス,10,（混合）（特指）,14時55分,せん7,https://www.jra.go.jp/JRADB/accessS.html?CNAME=pw01sde0109202604011020260905%2F79,芝,1:48.6,良,藤原 英昭,曇,定量,,
482(+8),55.0,7  8,阪神,QUARANTINED_HTML:track_condition,1400,1,pw01dud002020106063/11,ゴッドブルービー,4,松山 弘平,35.6,,01,04,5,3歳以上,オープン,2026-09-05,pw01sde0109202604011120260905,エニフステークス,11,（国際）（特指）,15時30分,牡6,https://www.jra.go.jp/JRADB/accessS.html?CNAME=pw01sde0109202604011120260905%2F2E,ダート,1:23.5,,角田 晃一,曇,ハンデ,,
500(0),58.0,7  7,阪神,QUARANTINED_HTML:track_condition,1400,2,pw01dud002021110148/21,ノーブルロジャー,2,岩田 望来,35.8,１ 1/4,01,04,4,3歳以上,オープン,2026-09-05,pw01sde0109202604011120260905,エニフステークス,11,（国際）（特指）,15時30分,牡5,https://www.jra.go.jp/JRADB/accessS.html?CNAME=pw01sde0109202604011120260905%2F2E,ダート,1:23.7,,吉岡 辰弥,曇,ハンデ,,
484(+4),55.0,4  4,阪神,QUARANTINED_HTML:track_condition,1400,3,pw01dud002020102045/1B,フェルヴェンテ,3,秋山 稔樹,36.1,クビ,01,04,8,3歳以上,オープン,2026-09-05,pw01sde0109202604011120260905,エニフステークス,11,（国際）（特指）,15時30分,牡6,https://www.jra.go.jp/JRADB/accessS.html?CNAME=pw01sde0109202604011120260905%2F2E,ダート,1:23.7,,宮 徹,曇,ハンデ,,
486(0),56.0,2  2,阪神,QUARANTINED_HTML:track_condition,1400,4,pw01dud002022101543/53,ルークススペイ,10,川田 将雅,36.4,１ 1/4,01,04,1,3歳以上,オープン,2026-09-05,pw01sde0109202604011120260905,エニフステークス,11,（国際）（特指）,15時30分,牡4,https://www.jra.go.jp/JRADB/accessS.html?CNAME=pw01sde0109202604011120260905%2F2E,ダート,1:23.9,,伊藤 圭三,曇,ハンデ,,
458(0),54.0,4  4,阪神,QUARANTINED_HTML:track_condition,1400,5,pw01dud002022100664/28,グランキングオー,7,幸 英明,36.5,１ 1/4,01,04,7,3歳以上,オープン,2026-09-05,pw01sde0109202604011120260905,エニフステークス,11,（国際）（特指）,15時30分,牡4,https://www.jra.go.jp/JRADB/accessS.html?CNAME=pw01sde0109202604011120260905%2F2E,ダート,1:24.1,,高橋 康之,曇,ハンデ,,
476(+4),54.0,11  10,阪神,QUARANTINED_HTML:track_condition,1400,6,pw01dud002022102493/61,トリリオンボーイ,8,中井 裕二,35.8,１／２,01,04,9,3歳以上,オープン,2026-09-05,pw01sde0109202604011120260905,エニフステークス,11,（国際）（特指）,15時30分,せん4,https://www.jra.go.jp/JRADB/accessS.html?CNAME=pw01sde0109202604011120260905%2F2E,ダート,1:24.2,,武井 亮,曇,ハンデ,,
496(-8),53.0,2  2,阪神,QUARANTINED_HTML:track_condition,1400,7,pw01dud002021101457/72,リジル,11,団野 大成,36.7,ハナ,01,04,3,3歳以上,オープン,2026-09-05,pw01sde0109202604011120260905,エニフステークス,11,（国際）（特指）,15時30分,牝5,https://www.jra.go.jp/JRADB/accessS.html?CNAME=pw01sde0109202604011120260905%2F2E,ダート,1:24.2,,奥村 豊,曇,ハンデ,,
504(+2),55.0,6  4,阪神,QUARANTINED_HTML:track_condition,1400,8,pw01dud002021110069/83,エスカル,9,吉村 誠之助,36.5,ハナ,01,04,12,3歳以上,オープン,2026-09-05,pw01sde0109202604011120260905,エニフステークス,11,（国際）（特指）,15時30分,牡5,https://www.jra.go.jp/JRADB/accessS.html?CNAME=pw01sde0109202604011120260905%2F2E,ダート,1:24.2,,森 秀行,曇,ハンデ,,
464(-2),55.0,10  10,阪神,QUARANTINED_HTML:track_condition,1400,9,pw01dud002018102969/B5,タイセイブレイズ,1,国分 恭介,36.1,クビ,01,04,11,3歳以上,オープン,2026-09-05,pw01sde0109202604011120260905,エニフステークス,11,（国際）（特指）,15時30分,牡8,https://www.jra.go.jp/JRADB/accessS.html?CNAME=pw01sde0109202604011120260905%2F2E,ダート,1:24.3,,牧浦 充徳,曇,ハンデ,,
524(0),57.0,1  1,阪神,QUARANTINED_HTML:track_condition,1400,10,pw01dud002020110105/FC,マニバドラ,5,西村 淳也,37.1,３／４,01,04,6,3歳以上,オープン,2026-09-05,pw01sde0109202604011120260905,エニフステークス,11,（国際）（特指）,15時30分,牡6,https://www.jra.go.jp/JRADB/accessS.html?CNAME=pw01sde0109202604011120260905%2F2E,ダート,1:24.4,,森 秀行,曇,ハンデ,,
534(-6),56.0,11  10,阪神,QUARANTINED_HTML:track_condition,1400,11,pw01dud002022104219/0F,ペイシャケイプ,6,横山 典弘,36.0,ハナ,01,04,2,3歳以上,オープン,2026-09-05,pw01sde0109202604011120260905,エニフステークス,11,（国際）（特指）,15時30分,牡4,https://www.jra.go.jp/JRADB/accessS.html?CNAME=pw01sde0109202604011120260905%2F2E,ダート,1:24.4,,高橋 康之,曇,ハンデ,,
464(-4),52.0,9  8,阪神,QUARANTINED_HTML:track_condition,1400,12,pw01dud002022102408/10,ムイ,12,富田 暁,37.7,８,01,04,10,3歳以上,オープン,2026-09-05,pw01sde0109202604011120260905,エニフステークス,11,（国際）（特指）,15時30分,牝4,https://www.jra.go.jp/JRADB/accessS.html?CNAME=pw01sde0109202604011120260905%2F2E,ダート,1:25.7,,笹田 和秀,曇,ハンデ,,
452(-2),54.0,2  2,阪神,QUARANTINED_HTML:track_condition,1400,1,pw01dud002023105792/DA,エンヴェロップ,11,松若 風馬,37.8,,01,04,8,3歳以上,1勝クラス,2026-09-05,pw01sde0109202604011220260905,3歳以上1勝クラス,12,[指定],16時15分,牝3,https://www.jra.go.jp/JRADB/accessS.html?CNAME=pw01sde0109202604011220260905%2FE3,ダート,1:24.5,,佐藤 悠太,曇,定量,,
506(+2),56.0,3  3,阪神,QUARANTINED_HTML:track_condition,1400,2,pw01dud002023105516/C4,エイシンティザー,12,岩田 望来,37.8,１ 1/4,01,04,2,3歳以上,1勝クラス,2026-09-05,pw01sde0109202604011220260905,3歳以上1勝クラス,12,[指定],16時15分,牡3,https://www.jra.go.jp/JRADB/accessS.html?CNAME=pw01sde0109202604011220260905%2FE3,ダート,1:24.7,,吉村 圭司,曇,定量,,
498(+8),56.0,6  4,阪神,QUARANTINED_HTML:track_condition,1400,3,pw01dud002023104275/2F,ハグレジョー,8,菱田 裕二,37.7,１,01,04,1,3歳以上,1勝クラス,2026-09-05,pw01sde0109202604011220260905,3歳以上1勝クラス,12,[指定],16時15分,牡3,https://www.jra.go.jp/JRADB/accessS.html?CNAME=pw01sde0109202604011220260905%2FE3,ダート,1:24.9,,岡田 稲男,曇,定量,,
522(0),58.0,1  1,阪神,QUARANTINED_HTML:track_condition,1400,4,pw01dud002022105921/CD,アーリントンロウ,10,西村 淳也,38.3,３／４,01,04,4,3歳以上,1勝クラス,2026-09-05,pw01sde0109202604011220260905,3歳以上1勝クラス,12,[指定],16時15分,牡4,https://www.jra.go.jp/JRADB/accessS.html?CNAME=pw01sde0109202604011220260905%2FE3,ダート,1:25.0,,松下 武士,曇,定量,,
468(+8),58.0,9  6,阪神,QUARANTINED_HTML:track_condition,1400,5,pw01dud002021105098/1D,ディーエストッキー,7,幸 英明,37.5,クビ,01,04,5,3歳以上,1勝クラス,2026-09-05,pw01sde0109202604011220260905,3歳以上1勝クラス,12,[指定],16時15分,牡5,https://www.jra.go.jp/JRADB/accessS.html?CNAME=pw01sde0109202604011220260905%2FE3,ダート,1:25.0,,橋口 慎介,曇,定量,,
462(0),58.0,7  9,阪神,QUARANTINED_HTML:track_condition,1400,6,pw01dud002022102624/C6,エイシンマールス,2,松山 弘平,37.7,３／４,01,04,3,3歳以上,1勝クラス,2026-09-05,pw01sde0109202604011220260905,3歳以上1勝クラス,12,[指定],16時15分,牡4,https://www.jra.go.jp/JRADB/accessS.html?CNAME=pw01sde0109202604011220260905%2FE3,ダート,1:25.2,,今野 貞一,曇,定量,,
488(+6),56.0,12  11,阪神,QUARANTINED_HTML:track_condition,1400,7,pw01dud002023101199/1D,クリノセーラーマン,5,田口 貫太,37.2,１,01,04,10,3歳以上,1勝クラス,2026-09-05,pw01sde0109202604011220260905,3歳以上1勝クラス,12,[指定],16時15分,牡3,https://www.jra.go.jp/JRADB/accessS.html?CNAME=pw01sde0109202604011220260905%2FE3,ダート,1:25.3,,大橋 勇樹,曇,定量,,
454(-8),54.0,7  6,阪神,QUARANTINED_HTML:track_condition,1400,8,pw01dud002023103674/91,フィアーブル,4,吉村 誠之助,38.0,１／２,01,04,7,3歳以上,1勝クラス,2026-09-05,pw01sde0109202604011220260905,3歳以上1勝クラス,12,[指定],16時15分,牝3,https://www.jra.go.jp/JRADB/accessS.html?CNAME=pw01sde0109202604011220260905%2FE3,ダート,1:25.4,,長谷川 浩大,曇,定量,,
444(0),53.0,4  4,阪神,QUARANTINED_HTML:track_condition,1400,9,pw01dud002023102460/64,アーディアイリ,3,☆田山 旺佑,38.4,クビ,01,04,9,3歳以上,1勝クラス,2026-09-05,pw01sde0109202604011220260905,3歳以上1勝クラス,12,[指定],16時15分,牝3,https://www.jra.go.jp/JRADB/accessS.html?CNAME=pw01sde0109202604011220260905%2FE3,ダート,1:25.5,,緒方 努,曇,定量,,
502(0),56.0,11  12,阪神,QUARANTINED_HTML:track_condition,1400,10,pw01dud002023105738/2C,モズプリフォール,9,坂井 瑠星,38.2,３,01,04,6,3歳以上,1勝クラス,2026-09-05,pw01sde0109202604011220260905,3歳以上1勝クラス,12,[指定],16時15分,牡3,https://www.jra.go.jp/JRADB/accessS.html?CNAME=pw01sde0109202604011220260905%2FE3,ダート,1:26.0,,矢作 芳人,曇,定量,,
452(-4),58.0,9  9,阪神,QUARANTINED_HTML:track_condition,1400,11,pw01dud002022100027/1B,ロイヤルテール,6,高杉 吏麒,38.5,クビ,01,04,11,3歳以上,1勝クラス,2026-09-05,pw01sde0109202604011220260905,3歳以上1勝クラス,12,[指定],16時15分,牡4,https://www.jra.go.jp/JRADB/accessS.html?CNAME=pw01sde0109202604011220260905%2FE3,ダート,1:26.1,,畑端 省吾,曇,定量,,
474(+2),54.0,4  6,阪神,QUARANTINED_HTML:track_condition,1400,12,pw01dud002023103685/14,リーガルスプレンダ,1,加藤 祥太,41.6,大差,01,04,12,3歳以上,1勝クラス,2026-09-05,pw01sde0109202604011220260905,3歳以上1勝クラス,12,[指定],16時15分,牝3,https://www.jra.go.jp/JRADB/accessS.html?CNAME=pw01sde0109202604011220260905%2FE3,ダート,1:28.8,,庄野 靖志,曇,定量,,
