bet_type,data_status,payout_per_100_yen,payout_popularity,race_date,race_id,source_url,winning_selection
単勝,QUARANTINED_HTML:track_condition,310,1,2026-08-01,pw01sde0101202601030120260801,https://www.jra.go.jp/JRADB/accessS.html?CNAME=pw01sde0101202601030120260801%2F70,7
複勝,QUARANTINED_HTML:track_condition,150,2,2026-08-01,pw01sde0101202601030120260801,https://www.jra.go.jp/JRADB/accessS.html?CNAME=pw01sde0101202601030120260801%2F70,7
複勝,QUARANTINED_HTML:track_condition,420,6,2026-08-01,pw01sde0101202601030120260801,https://www.jra.go.jp/JRADB/accessS.html?CNAME=pw01sde0101202601030120260801%2F70,5
複勝,QUARANTINED_HTML:track_condition,200,4,2026-08-01,pw01sde0101202601030120260801,https://www.jra.go.jp/JRADB/accessS.html?CNAME=pw01sde0101202601030120260801%2F70,3
枠連,QUARANTINED_HTML:track_condition,1110,3,2026-08-01,pw01sde0101202601030120260801,https://www.jra.go.jp/JRADB/accessS.html?CNAME=pw01sde0101202601030120260801%2F70,5-6
ワイド,QUARANTINED_HTML:track_condition,930,10,2026-08-01,pw01sde0101202601030120260801,https://www.jra.go.jp/JRADB/accessS.html?CNAME=pw01sde0101202601030120260801%2F70,5-7
ワイド,QUARANTINED_HTML:track_condition,490,4,2026-08-01,pw01sde0101202601030120260801,https://www.jra.go.jp/JRADB/accessS.html?CNAME=pw01sde0101202601030120260801%2F70,3-7
ワイド,QUARANTINED_HTML:track_condition,1110,13,2026-08-01,pw01sde0101202601030120260801,https://www.jra.go.jp/JRADB/accessS.html?CNAME=pw01sde0101202601030120260801%2F70,3-5
馬連,QUARANTINED_HTML:track_condition,2550,8,2026-08-01,pw01sde0101202601030120260801,https://www.jra.go.jp/JRADB/accessS.html?CNAME=pw01sde0101202601030120260801%2F70,5-7
馬単,QUARANTINED_HTML:track_condition,4290,15,2026-08-01,pw01sde0101202601030120260801,https://www.jra.go.jp/JRADB/accessS.html?CNAME=pw01sde0101202601030120260801%2F70,7-5
3連複,QUARANTINED_HTML:track_condition,4180,13,2026-08-01,pw01sde0101202601030120260801,https://www.jra.go.jp/JRADB/accessS.html?CNAME=pw01sde0101202601030120260801%2F70,3-5-7
3連単,QUARANTINED_HTML:track_condition,20550,56,2026-08-01,pw01sde0101202601030120260801,https://www.jra.go.jp/JRADB/accessS.html?CNAME=pw01sde0101202601030120260801%2F70,7-5-3
単勝,QUARANTINED_HTML:track_condition,3130,8,2026-08-02,pw01sde0101202601040120260802,https://www.jra.go.jp/JRADB/accessS.html?CNAME=pw01sde0101202601040120260802%2FA0,5
複勝,QUARANTINED_HTML:track_condition,570,8,2026-08-02,pw01sde0101202601040120260802,https://www.jra.go.jp/JRADB/accessS.html?CNAME=pw01sde0101202601040120260802%2FA0,5
複勝,QUARANTINED_HTML:track_condition,130,2,2026-08-02,pw01sde0101202601040120260802,https://www.jra.go.jp/JRADB/accessS.html?CNAME=pw01sde0101202601040120260802%2FA0,1
複勝,QUARANTINED_HTML:track_condition,130,1,2026-08-02,pw01sde0101202601040120260802,https://www.jra.go.jp/JRADB/accessS.html?CNAME=pw01sde0101202601040120260802%2FA0,8
枠連,QUARANTINED_HTML:track_condition,650,3,2026-08-02,pw01sde0101202601040120260802,https://www.jra.go.jp/JRADB/accessS.html?CNAME=pw01sde0101202601040120260802%2FA0,1-4
ワイド,QUARANTINED_HTML:track_condition,1530,19,2026-08-02,pw01sde0101202601040120260802,https://www.jra.go.jp/JRADB/accessS.html?CNAME=pw01sde0101202601040120260802%2FA0,1-5
ワイド,QUARANTINED_HTML:track_condition,1220,14,2026-08-02,pw01sde0101202601040120260802,https://www.jra.go.jp/JRADB/accessS.html?CNAME=pw01sde0101202601040120260802%2FA0,5-8
ワイド,QUARANTINED_HTML:track_condition,220,1,2026-08-02,pw01sde0101202601040120260802,https://www.jra.go.jp/JRADB/accessS.html?CNAME=pw01sde0101202601040120260802%2FA0,1-8
馬連,QUARANTINED_HTML:track_condition,5770,18,2026-08-02,pw01sde0101202601040120260802,https://www.jra.go.jp/JRADB/accessS.html?CNAME=pw01sde0101202601040120260802%2FA0,1-5
馬単,QUARANTINED_HTML:track_condition,15460,44,2026-08-02,pw01sde0101202601040120260802,https://www.jra.go.jp/JRADB/accessS.html?CNAME=pw01sde0101202601040120260802%2FA0,5-1
3連複,QUARANTINED_HTML:track_condition,5140,15,2026-08-02,pw01sde0101202601040120260802,https://www.jra.go.jp/JRADB/accessS.html?CNAME=pw01sde0101202601040120260802%2FA0,1-5-8
3連単,QUARANTINED_HTML:track_condition,61490,168,2026-08-02,pw01sde0101202601040120260802,https://www.jra.go.jp/JRADB/accessS.html?CNAME=pw01sde0101202601040120260802%2FA0,5-1-8
単勝,PASS_HTML,490,3,2026-08-02,pw01sde0104202602040120260802,https://www.jra.go.jp/JRADB/accessS.html?CNAME=pw01sde0104202602040120260802%2FAF,7
複勝,PASS_HTML,170,3,2026-08-02,pw01sde0104202602040120260802,https://www.jra.go.jp/JRADB/accessS.html?CNAME=pw01sde0104202602040120260802%2FAF,7
複勝,PASS_HTML,160,2,2026-08-02,pw01sde0104202602040120260802,https://www.jra.go.jp/JRADB/accessS.html?CNAME=pw01sde0104202602040120260802%2FAF,5
複勝,PASS_HTML,120,1,2026-08-02,pw01sde0104202602040120260802,https://www.jra.go.jp/JRADB/accessS.html?CNAME=pw01sde0104202602040120260802%2FAF,4
枠連,PASS_HTML,1030,4,2026-08-02,pw01sde0104202602040120260802,https://www.jra.go.jp/JRADB/accessS.html?CNAME=pw01sde0104202602040120260802%2FAF,5-6
ワイド,PASS_HTML,480,6,2026-08-02,pw01sde0104202602040120260802,https://www.jra.go.jp/JRADB/accessS.html?CNAME=pw01sde0104202602040120260802%2FAF,5-7
ワイド,PASS_HTML,450,4,2026-08-02,pw01sde0104202602040120260802,https://www.jra.go.jp/JRADB/accessS.html?CNAME=pw01sde0104202602040120260802%2FAF,4-7
ワイド,PASS_HTML,280,1,2026-08-02,pw01sde0104202602040120260802,https://www.jra.go.jp/JRADB/accessS.html?CNAME=pw01sde0104202602040120260802%2FAF,4-5
馬連,PASS_HTML,1160,3,2026-08-02,pw01sde0104202602040120260802,https://www.jra.go.jp/JRADB/accessS.html?CNAME=pw01sde0104202602040120260802%2FAF,5-7
馬単,PASS_HTML,2130,7,2026-08-02,pw01sde0104202602040120260802,https://www.jra.go.jp/JRADB/accessS.html?CNAME=pw01sde0104202602040120260802%2FAF,7-5
3連複,PASS_HTML,1220,2,2026-08-02,pw01sde0104202602040120260802,https://www.jra.go.jp/JRADB/accessS.html?CNAME=pw01sde0104202602040120260802%2FAF,4-5-7
3連単,PASS_HTML,6610,10,2026-08-02,pw01sde0104202602040120260802,https://www.jra.go.jp/JRADB/accessS.html?CNAME=pw01sde0104202602040120260802%2FAF,7-5-4
単勝,PASS_HTML,550,4,2026-08-01,pw01sde1001202601030220260801,https://www.jra.go.jp/JRADB/accessS.html?CNAME=pw01sde1001202601030220260801%2F04,6
複勝,PASS_HTML,170,4,2026-08-01,pw01sde1001202601030220260801,https://www.jra.go.jp/JRADB/accessS.html?CNAME=pw01sde1001202601030220260801%2F04,6
複勝,PASS_HTML,140,2,2026-08-01,pw01sde1001202601030220260801,https://www.jra.go.jp/JRADB/accessS.html?CNAME=pw01sde1001202601030220260801%2F04,4
複勝,PASS_HTML,140,3,2026-08-01,pw01sde1001202601030220260801,https://www.jra.go.jp/JRADB/accessS.html?CNAME=pw01sde1001202601030220260801%2F04,2
枠連,PASS_HTML,1650,7,2026-08-01,pw01sde1001202601030220260801,https://www.jra.go.jp/JRADB/accessS.html?CNAME=pw01sde1001202601030220260801%2F04,4-6
ワイド,PASS_HTML,440,6,2026-08-01,pw01sde1001202601030220260801,https://www.jra.go.jp/JRADB/accessS.html?CNAME=pw01sde1001202601030220260801%2F04,4-6
ワイド,PASS_HTML,370,5,2026-08-01,pw01sde1001202601030220260801,https://www.jra.go.jp/JRADB/accessS.html?CNAME=pw01sde1001202601030220260801%2F04,2-6
ワイド,PASS_HTML,260,1,2026-08-01,pw01sde1001202601030220260801,https://www.jra.go.jp/JRADB/accessS.html?CNAME=pw01sde1001202601030220260801%2F04,2-4
馬連,PASS_HTML,1310,6,2026-08-01,pw01sde1001202601030220260801,https://www.jra.go.jp/JRADB/accessS.html?CNAME=pw01sde1001202601030220260801%2F04,4-6
馬単,PASS_HTML,2060,11,2026-08-01,pw01sde1001202601030220260801,https://www.jra.go.jp/JRADB/accessS.html?CNAME=pw01sde1001202601030220260801%2F04,6-4
3連複,PASS_HTML,1080,3,2026-08-01,pw01sde1001202601030220260801,https://www.jra.go.jp/JRADB/accessS.html?CNAME=pw01sde1001202601030220260801%2F04,2-4-6
3連単,PASS_HTML,7550,25,2026-08-01,pw01sde1001202601030220260801,https://www.jra.go.jp/JRADB/accessS.html?CNAME=pw01sde1001202601030220260801%2F04,6-4-2
単勝,QUARANTINED_HTML:track_condition,640,4,2026-08-01,pw01sde1001202601030320260801,https://www.jra.go.jp/JRADB/accessS.html?CNAME=pw01sde1001202601030320260801%2FB9,8
複勝,QUARANTINED_HTML:track_condition,170,3,2026-08-01,pw01sde1001202601030320260801,https://www.jra.go.jp/JRADB/accessS.html?CNAME=pw01sde1001202601030320260801%2FB9,8
複勝,QUARANTINED_HTML:track_condition,170,4,2026-08-01,pw01sde1001202601030320260801,https://www.jra.go.jp/JRADB/accessS.html?CNAME=pw01sde1001202601030320260801%2FB9,11
複勝,QUARANTINED_HTML:track_condition,130,1,2026-08-01,pw01sde1001202601030320260801,https://www.jra.go.jp/JRADB/accessS.html?CNAME=pw01sde1001202601030320260801%2FB9,5
枠連,QUARANTINED_HTML:track_condition,1000,4,2026-08-01,pw01sde1001202601030320260801,https://www.jra.go.jp/JRADB/accessS.html?CNAME=pw01sde1001202601030320260801%2FB9,7-8
ワイド,QUARANTINED_HTML:track_condition,460,6,2026-08-01,pw01sde1001202601030320260801,https://www.jra.go.jp/JRADB/accessS.html?CNAME=pw01sde1001202601030320260801%2FB9,8-11
ワイド,QUARANTINED_HTML:track_condition,430,5,2026-08-01,pw01sde1001202601030320260801,https://www.jra.go.jp/JRADB/accessS.html?CNAME=pw01sde1001202601030320260801%2FB9,5-8
ワイド,QUARANTINED_HTML:track_condition,400,4,2026-08-01,pw01sde1001202601030320260801,https://www.jra.go.jp/JRADB/accessS.html?CNAME=pw01sde1001202601030320260801%2FB9,5-11
馬連,QUARANTINED_HTML:track_condition,1570,8,2026-08-01,pw01sde1001202601030320260801,https://www.jra.go.jp/JRADB/accessS.html?CNAME=pw01sde1001202601030320260801%2FB9,8-11
馬単,QUARANTINED_HTML:track_condition,2960,14,2026-08-01,pw01sde1001202601030320260801,https://www.jra.go.jp/JRADB/accessS.html?CNAME=pw01sde1001202601030320260801%2FB9,8-11
3連複,QUARANTINED_HTML:track_condition,1820,6,2026-08-01,pw01sde1001202601030320260801,https://www.jra.go.jp/JRADB/accessS.html?CNAME=pw01sde1001202601030320260801%2FB9,5-8-11
3連単,QUARANTINED_HTML:track_condition,14530,53,2026-08-01,pw01sde1001202601030320260801,https://www.jra.go.jp/JRADB/accessS.html?CNAME=pw01sde1001202601030320260801%2FB9,8-11-5
単勝,PASS_HTML,1000,4,2026-08-01,pw01sde1001202601030420260801,https://www.jra.go.jp/JRADB/accessS.html?CNAME=pw01sde1001202601030420260801%2F6E,7
複勝,PASS_HTML,200,4,2026-08-01,pw01sde1001202601030420260801,https://www.jra.go.jp/JRADB/accessS.html?CNAME=pw01sde1001202601030420260801%2F6E,7
複勝,PASS_HTML,110,1,2026-08-01,pw01sde1001202601030420260801,https://www.jra.go.jp/JRADB/accessS.html?CNAME=pw01sde1001202601030420260801%2F6E,1
複勝,PASS_HTML,150,3,2026-08-01,pw01sde1001202601030420260801,https://www.jra.go.jp/JRADB/accessS.html?CNAME=pw01sde1001202601030420260801%2F6E,11
枠連,PASS_HTML,750,3,2026-08-01,pw01sde1001202601030420260801,https://www.jra.go.jp/JRADB/accessS.html?CNAME=pw01sde1001202601030420260801%2F6E,1-6
ワイド,PASS_HTML,420,4,2026-08-01,pw01sde1001202601030420260801,https://www.jra.go.jp/JRADB/accessS.html?CNAME=pw01sde1001202601030420260801%2F6E,1-7
ワイド,PASS_HTML,820,11,2026-08-01,pw01sde1001202601030420260801,https://www.jra.go.jp/JRADB/accessS.html?CNAME=pw01sde1001202601030420260801%2F6E,7-11
ワイド,PASS_HTML,210,2,2026-08-01,pw01sde1001202601030420260801,https://www.jra.go.jp/JRADB/accessS.html?CNAME=pw01sde1001202601030420260801%2F6E,1-11
馬連,PASS_HTML,1220,4,2026-08-01,pw01sde1001202601030420260801,https://www.jra.go.jp/JRADB/accessS.html?CNAME=pw01sde1001202601030420260801%2F6E,1-7
馬単,PASS_HTML,2860,8,2026-08-01,pw01sde1001202601030420260801,https://www.jra.go.jp/JRADB/accessS.html?CNAME=pw01sde1001202601030420260801%2F6E,7-1
3連複,PASS_HTML,1670,5,2026-08-01,pw01sde1001202601030420260801,https://www.jra.go.jp/JRADB/accessS.html?CNAME=pw01sde1001202601030420260801%2F6E,1-7-11
3連単,PASS_HTML,11300,33,2026-08-01,pw01sde1001202601030420260801,https://www.jra.go.jp/JRADB/accessS.html?CNAME=pw01sde1001202601030420260801%2F6E,7-1-11
単勝,PASS_HTML,250,1,2026-08-01,pw01sde1001202601030520260801,https://www.jra.go.jp/JRADB/accessS.html?CNAME=pw01sde1001202601030520260801%2F23,7
複勝,PASS_HTML,110,1,2026-08-01,pw01sde1001202601030520260801,https://www.jra.go.jp/JRADB/accessS.html?CNAME=pw01sde1001202601030520260801%2F23,7
複勝,PASS_HTML,120,2,2026-08-01,pw01sde1001202601030520260801,https://www.jra.go.jp/JRADB/accessS.html?CNAME=pw01sde1001202601030520260801%2F23,5
複勝,PASS_HTML,130,3,2026-08-01,pw01sde1001202601030520260801,https://www.jra.go.jp/JRADB/accessS.html?CNAME=pw01sde1001202601030520260801%2F23,3
枠連,PASS_HTML,440,1,2026-08-01,pw01sde1001202601030520260801,https://www.jra.go.jp/JRADB/accessS.html?CNAME=pw01sde1001202601030520260801%2F23,4-5
ワイド,PASS_HTML,200,1,2026-08-01,pw01sde1001202601030520260801,https://www.jra.go.jp/JRADB/accessS.html?CNAME=pw01sde1001202601030520260801%2F23,5-7
ワイド,PASS_HTML,240,2,2026-08-01,pw01sde1001202601030520260801,https://www.jra.go.jp/JRADB/accessS.html?CNAME=pw01sde1001202601030520260801%2F23,3-7
ワイド,PASS_HTML,270,4,2026-08-01,pw01sde1001202601030520260801,https://www.jra.go.jp/JRADB/accessS.html?CNAME=pw01sde1001202601030520260801%2F23,3-5
馬連,PASS_HTML,430,1,2026-08-01,pw01sde1001202601030520260801,https://www.jra.go.jp/JRADB/accessS.html?CNAME=pw01sde1001202601030520260801%2F23,5-7
馬単,PASS_HTML,750,1,2026-08-01,pw01sde1001202601030520260801,https://www.jra.go.jp/JRADB/accessS.html?CNAME=pw01sde1001202601030520260801%2F23,7-5
3連複,PASS_HTML,550,1,2026-08-01,pw01sde1001202601030520260801,https://www.jra.go.jp/JRADB/accessS.html?CNAME=pw01sde1001202601030520260801%2F23,3-5-7
3連単,PASS_HTML,2110,1,2026-08-01,pw01sde1001202601030520260801,https://www.jra.go.jp/JRADB/accessS.html?CNAME=pw01sde1001202601030520260801%2F23,7-5-3
単勝,QUARANTINED_HTML:track_condition,160,1,2026-08-01,pw01sde1001202601030620260801,https://www.jra.go.jp/JRADB/accessS.html?CNAME=pw01sde1001202601030620260801%2FD8,8
複勝,QUARANTINED_HTML:track_condition,110,1,2026-08-01,pw01sde1001202601030620260801,https://www.jra.go.jp/JRADB/accessS.html?CNAME=pw01sde1001202601030620260801%2FD8,8
複勝,QUARANTINED_HTML:track_condition,160,3,2026-08-01,pw01sde1001202601030620260801,https://www.jra.go.jp/JRADB/accessS.html?CNAME=pw01sde1001202601030620260801%2FD8,7
複勝,QUARANTINED_HTML:track_condition,150,2,2026-08-01,pw01sde1001202601030620260801,https://www.jra.go.jp/JRADB/accessS.html?CNAME=pw01sde1001202601030620260801%2FD8,4
枠連,QUARANTINED_HTML:track_condition,540,1,2026-08-01,pw01sde1001202601030620260801,https://www.jra.go.jp/JRADB/accessS.html?CNAME=pw01sde1001202601030620260801%2FD8,7-8
ワイド,QUARANTINED_HTML:track_condition,230,1,2026-08-01,pw01sde1001202601030620260801,https://www.jra.go.jp/JRADB/accessS.html?CNAME=pw01sde1001202601030620260801%2FD8,7-8
ワイド,QUARANTINED_HTML:track_condition,250,2,2026-08-01,pw01sde1001202601030620260801,https://www.jra.go.jp/JRADB/accessS.html?CNAME=pw01sde1001202601030620260801%2FD8,4-8
ワイド,QUARANTINED_HTML:track_condition,720,10,2026-08-01,pw01sde1001202601030620260801,https://www.jra.go.jp/JRADB/accessS.html?CNAME=pw01sde1001202601030620260801%2FD8,4-7
馬連,QUARANTINED_HTML:track_condition,570,1,2026-08-01,pw01sde1001202601030620260801,https://www.jra.go.jp/JRADB/accessS.html?CNAME=pw01sde1001202601030620260801%2FD8,7-8
馬単,QUARANTINED_HTML:track_condition,800,2,2026-08-01,pw01sde1001202601030620260801,https://www.jra.go.jp/JRADB/accessS.html?CNAME=pw01sde1001202601030620260801%2FD8,8-7
3連複,QUARANTINED_HTML:track_condition,1320,3,2026-08-01,pw01sde1001202601030620260801,https://www.jra.go.jp/JRADB/accessS.html?CNAME=pw01sde1001202601030620260801%2FD8,4-7-8
3連単,QUARANTINED_HTML:track_condition,3510,5,2026-08-01,pw01sde1001202601030620260801,https://www.jra.go.jp/JRADB/accessS.html?CNAME=pw01sde1001202601030620260801%2FD8,8-7-4
単勝,QUARANTINED_HTML:track_condition,140,1,2026-08-01,pw01sde1001202601030820260801,https://www.jra.go.jp/JRADB/accessS.html?CNAME=pw01sde1001202601030820260801%2F42,4
複勝,QUARANTINED_HTML:track_condition,110,1,2026-08-01,pw01sde1001202601030820260801,https://www.jra.go.jp/JRADB/accessS.html?CNAME=pw01sde1001202601030820260801%2F42,4
複勝,QUARANTINED_HTML:track_condition,410,9,2026-08-01,pw01sde1001202601030820260801,https://www.jra.go.jp/JRADB/accessS.html?CNAME=pw01sde1001202601030820260801%2F42,10
複勝,QUARANTINED_HTML:track_condition,230,4,2026-08-01,pw01sde1001202601030820260801,https://www.jra.go.jp/JRADB/accessS.html?CNAME=pw01sde1001202601030820260801%2F42,8
枠連,QUARANTINED_HTML:track_condition,260,1,2026-08-01,pw01sde1001202601030820260801,https://www.jra.go.jp/JRADB/accessS.html?CNAME=pw01sde1001202601030820260801%2F42,4-8
ワイド,QUARANTINED_HTML:track_condition,760,9,2026-08-01,pw01sde1001202601030820260801,https://www.jra.go.jp/JRADB/accessS.html?CNAME=pw01sde1001202601030820260801%2F42,4-10
ワイド,QUARANTINED_HTML:track_condition,410,3,2026-08-01,pw01sde1001202601030820260801,https://www.jra.go.jp/JRADB/accessS.html?CNAME=pw01sde1001202601030820260801%2F42,4-8
ワイド,QUARANTINED_HTML:track_condition,3020,30,2026-08-01,pw01sde1001202601030820260801,https://www.jra.go.jp/JRADB/accessS.html?CNAME=pw01sde1001202601030820260801%2F42,8-10
馬連,QUARANTINED_HTML:track_condition,1790,7,2026-08-01,pw01sde1001202601030820260801,https://www.jra.go.jp/JRADB/accessS.html?CNAME=pw01sde1001202601030820260801%2F42,4-10
馬単,QUARANTINED_HTML:track_condition,2240,9,2026-08-01,pw01sde1001202601030820260801,https://www.jra.go.jp/JRADB/accessS.html?CNAME=pw01sde1001202601030820260801%2F42,4-10
3連複,QUARANTINED_HTML:track_condition,5010,19,2026-08-01,pw01sde1001202601030820260801,https://www.jra.go.jp/JRADB/accessS.html?CNAME=pw01sde1001202601030820260801%2F42,4-8-10
3連単,QUARANTINED_HTML:track_condition,15250,50,2026-08-01,pw01sde1001202601030820260801,https://www.jra.go.jp/JRADB/accessS.html?CNAME=pw01sde1001202601030820260801%2F42,4-10-8
単勝,PASS_HTML,520,3,2026-08-01,pw01sde1001202601030920260801,https://www.jra.go.jp/JRADB/accessS.html?CNAME=pw01sde1001202601030920260801%2FF7,7
複勝,PASS_HTML,300,3,2026-08-01,pw01sde1001202601030920260801,https://www.jra.go.jp/JRADB/accessS.html?CNAME=pw01sde1001202601030920260801%2FF7,7
複勝,PASS_HTML,790,6,2026-08-01,pw01sde1001202601030920260801,https://www.jra.go.jp/JRADB/accessS.html?CNAME=pw01sde1001202601030920260801%2FF7,5
ワイド,PASS_HTML,1460,16,2026-08-01,pw01sde1001202601030920260801,https://www.jra.go.jp/JRADB/accessS.html?CNAME=pw01sde1001202601030920260801%2FF7,5-7
ワイド,PASS_HTML,800,11,2026-08-01,pw01sde1001202601030920260801,https://www.jra.go.jp/JRADB/accessS.html?CNAME=pw01sde1001202601030920260801%2FF7,1-7
ワイド,PASS_HTML,2290,19,2026-08-01,pw01sde1001202601030920260801,https://www.jra.go.jp/JRADB/accessS.html?CNAME=pw01sde1001202601030920260801%2FF7,1-5
馬連,PASS_HTML,5560,16,2026-08-01,pw01sde1001202601030920260801,https://www.jra.go.jp/JRADB/accessS.html?CNAME=pw01sde1001202601030920260801%2FF7,5-7
馬単,PASS_HTML,8890,27,2026-08-01,pw01sde1001202601030920260801,https://www.jra.go.jp/JRADB/accessS.html?CNAME=pw01sde1001202601030920260801%2FF7,7-5
3連複,PASS_HTML,12110,30,2026-08-01,pw01sde1001202601030920260801,https://www.jra.go.jp/JRADB/accessS.html?CNAME=pw01sde1001202601030920260801%2FF7,1-5-7
3連単,PASS_HTML,59200,138,2026-08-01,pw01sde1001202601030920260801,https://www.jra.go.jp/JRADB/accessS.html?CNAME=pw01sde1001202601030920260801%2FF7,7-5-1
単勝,PASS_HTML,550,3,2026-08-01,pw01sde1001202601030720260801,https://www.jra.go.jp/JRADB/accessS.html?CNAME=pw01sde1001202601030720260801%2F8D,3
複勝,PASS_HTML,260,4,2026-08-01,pw01sde1001202601030720260801,https://www.jra.go.jp/JRADB/accessS.html?CNAME=pw01sde1001202601030720260801%2F8D,3
複勝,PASS_HTML,320,6,2026-08-01,pw01sde1001202601030720260801,https://www.jra.go.jp/JRADB/accessS.html?CNAME=pw01sde1001202601030720260801%2F8D,11
複勝,PASS_HTML,390,7,2026-08-01,pw01sde1001202601030720260801,https://www.jra.go.jp/JRADB/accessS.html?CNAME=pw01sde1001202601030720260801%2F8D,5
枠連,PASS_HTML,1530,8,2026-08-01,pw01sde1001202601030720260801,https://www.jra.go.jp/JRADB/accessS.html?CNAME=pw01sde1001202601030720260801%2F8D,3-8
ワイド,PASS_HTML,1330,19,2026-08-01,pw01sde1001202601030720260801,https://www.jra.go.jp/JRADB/accessS.html?CNAME=pw01sde1001202601030720260801%2F8D,3-11
ワイド,PASS_HTML,1420,20,2026-08-01,pw01sde1001202601030720260801,https://www.jra.go.jp/JRADB/accessS.html?CNAME=pw01sde1001202601030720260801%2F8D,3-5
ワイド,PASS_HTML,1560,21,2026-08-01,pw01sde1001202601030720260801,https://www.jra.go.jp/JRADB/accessS.html?CNAME=pw01sde1001202601030720260801%2F8D,5-11
馬連,PASS_HTML,4400,19,2026-08-01,pw01sde1001202601030720260801,https://www.jra.go.jp/JRADB/accessS.html?CNAME=pw01sde1001202601030720260801%2F8D,3-11
馬単,PASS_HTML,5970,31,2026-08-01,pw01sde1001202601030720260801,https://www.jra.go.jp/JRADB/accessS.html?CNAME=pw01sde1001202601030720260801%2F8D,3-11
3連複,PASS_HTML,15870,60,2026-08-01,pw01sde1001202601030720260801,https://www.jra.go.jp/JRADB/accessS.html?CNAME=pw01sde1001202601030720260801%2F8D,3-5-11
3連単,PASS_HTML,63060,251,2026-08-01,pw01sde1001202601030720260801,https://www.jra.go.jp/JRADB/accessS.html?CNAME=pw01sde1001202601030720260801%2F8D,3-11-5
単勝,PASS_HTML,300,1,2026-08-01,pw01sde1001202601031020260801,https://www.jra.go.jp/JRADB/accessS.html?CNAME=pw01sde1001202601031020260801%2FEC,1
複勝,PASS_HTML,140,2,2026-08-01,pw01sde1001202601031020260801,https://www.jra.go.jp/JRADB/accessS.html?CNAME=pw01sde1001202601031020260801%2FEC,1
複勝,PASS_HTML,130,1,2026-08-01,pw01sde1001202601031020260801,https://www.jra.go.jp/JRADB/accessS.html?CNAME=pw01sde1001202601031020260801%2FEC,8
複勝,PASS_HTML,150,3,2026-08-01,pw01sde1001202601031020260801,https://www.jra.go.jp/JRADB/accessS.html?CNAME=pw01sde1001202601031020260801%2FEC,5
枠連,PASS_HTML,640,1,2026-08-01,pw01sde1001202601031020260801,https://www.jra.go.jp/JRADB/accessS.html?CNAME=pw01sde1001202601031020260801%2FEC,1-5
ワイド,PASS_HTML,310,1,2026-08-01,pw01sde1001202601031020260801,https://www.jra.go.jp/JRADB/accessS.html?CNAME=pw01sde1001202601031020260801%2FEC,1-8
ワイド,PASS_HTML,320,2,2026-08-01,pw01sde1001202601031020260801,https://www.jra.go.jp/JRADB/accessS.html?CNAME=pw01sde1001202601031020260801%2FEC,1-5
ワイド,PASS_HTML,400,4,2026-08-01,pw01sde1001202601031020260801,https://www.jra.go.jp/JRADB/accessS.html?CNAME=pw01sde1001202601031020260801%2FEC,5-8
馬連,PASS_HTML,800,3,2026-08-01,pw01sde1001202601031020260801,https://www.jra.go.jp/JRADB/accessS.html?CNAME=pw01sde1001202601031020260801%2FEC,1-8
馬単,PASS_HTML,1450,4,2026-08-01,pw01sde1001202601031020260801,https://www.jra.go.jp/JRADB/accessS.html?CNAME=pw01sde1001202601031020260801%2FEC,1-8
3連複,PASS_HTML,1020,1,2026-08-01,pw01sde1001202601031020260801,https://www.jra.go.jp/JRADB/accessS.html?CNAME=pw01sde1001202601031020260801%2FEC,1-5-8
3連単,PASS_HTML,5310,5,2026-08-01,pw01sde1001202601031020260801,https://www.jra.go.jp/JRADB/accessS.html?CNAME=pw01sde1001202601031020260801%2FEC,1-8-5
単勝,PASS_HTML,860,5,2026-08-01,pw01sde1001202601031120260801,https://www.jra.go.jp/JRADB/accessS.html?CNAME=pw01sde1001202601031120260801%2FA1,10
複勝,PASS_HTML,240,4,2026-08-01,pw01sde1001202601031120260801,https://www.jra.go.jp/JRADB/accessS.html?CNAME=pw01sde1001202601031120260801%2FA1,10
複勝,PASS_HTML,180,2,2026-08-01,pw01sde1001202601031120260801,https://www.jra.go.jp/JRADB/accessS.html?CNAME=pw01sde1001202601031120260801%2FA1,12
複勝,PASS_HTML,190,3,2026-08-01,pw01sde1001202601031120260801,https://www.jra.go.jp/JRADB/accessS.html?CNAME=pw01sde1001202601031120260801%2FA1,11
枠連,PASS_HTML,740,2,2026-08-01,pw01sde1001202601031120260801,https://www.jra.go.jp/JRADB/accessS.html?CNAME=pw01sde1001202601031120260801%2FA1,5-6
ワイド,PASS_HTML,650,4,2026-08-01,pw01sde1001202601031120260801,https://www.jra.go.jp/JRADB/accessS.html?CNAME=pw01sde1001202601031120260801%2FA1,10-12
ワイド,PASS_HTML,810,7,2026-08-01,pw01sde1001202601031120260801,https://www.jra.go.jp/JRADB/accessS.html?CNAME=pw01sde1001202601031120260801%2FA1,10-11
ワイド,PASS_HTML,790,6,2026-08-01,pw01sde1001202601031120260801,https://www.jra.go.jp/JRADB/accessS.html?CNAME=pw01sde1001202601031120260801%2FA1,11-12
馬連,PASS_HTML,1690,5,2026-08-01,pw01sde1001202601031120260801,https://www.jra.go.jp/JRADB/accessS.html?CNAME=pw01sde1001202601031120260801%2FA1,10-12
馬単,PASS_HTML,3430,8,2026-08-01,pw01sde1001202601031120260801,https://www.jra.go.jp/JRADB/accessS.html?CNAME=pw01sde1001202601031120260801%2FA1,10-12
3連複,PASS_HTML,3090,3,2026-08-01,pw01sde1001202601031120260801,https://www.jra.go.jp/JRADB/accessS.html?CNAME=pw01sde1001202601031120260801%2FA1,10-11-12
3連単,PASS_HTML,16820,19,2026-08-01,pw01sde1001202601031120260801,https://www.jra.go.jp/JRADB/accessS.html?CNAME=pw01sde1001202601031120260801%2FA1,10-12-11
単勝,QUARANTINED_HTML:track_condition,150,1,2026-08-02,pw01sde1001202601040320260802,https://www.jra.go.jp/JRADB/accessS.html?CNAME=pw01sde1001202601040320260802%2FE9,3
複勝,QUARANTINED_HTML:track_condition,110,1,2026-08-02,pw01sde1001202601040320260802,https://www.jra.go.jp/JRADB/accessS.html?CNAME=pw01sde1001202601040320260802%2FE9,3
複勝,QUARANTINED_HTML:track_condition,110,2,2026-08-02,pw01sde1001202601040320260802,https://www.jra.go.jp/JRADB/accessS.html?CNAME=pw01sde1001202601040320260802%2FE9,8
複勝,QUARANTINED_HTML:track_condition,200,5,2026-08-02,pw01sde1001202601040320260802,https://www.jra.go.jp/JRADB/accessS.html?CNAME=pw01sde1001202601040320260802%2FE9,5
枠連,QUARANTINED_HTML:track_condition,150,1,2026-08-02,pw01sde1001202601040320260802,https://www.jra.go.jp/JRADB/accessS.html?CNAME=pw01sde1001202601040320260802%2FE9,3-7
ワイド,QUARANTINED_HTML:track_condition,120,1,2026-08-02,pw01sde1001202601040320260802,https://www.jra.go.jp/JRADB/accessS.html?CNAME=pw01sde1001202601040320260802%2FE9,3-8
ワイド,QUARANTINED_HTML:track_condition,510,7,2026-08-02,pw01sde1001202601040320260802,https://www.jra.go.jp/JRADB/accessS.html?CNAME=pw01sde1001202601040320260802%2FE9,3-5
ワイド,QUARANTINED_HTML:track_condition,630,10,2026-08-02,pw01sde1001202601040320260802,https://www.jra.go.jp/JRADB/accessS.html?CNAME=pw01sde1001202601040320260802%2FE9,5-8
馬連,QUARANTINED_HTML:track_condition,180,1,2026-08-02,pw01sde1001202601040320260802,https://www.jra.go.jp/JRADB/accessS.html?CNAME=pw01sde1001202601040320260802%2FE9,3-8
馬単,QUARANTINED_HTML:track_condition,230,1,2026-08-02,pw01sde1001202601040320260802,https://www.jra.go.jp/JRADB/accessS.html?CNAME=pw01sde1001202601040320260802%2FE9,3-8
3連複,QUARANTINED_HTML:track_condition,920,4,2026-08-02,pw01sde1001202601040320260802,https://www.jra.go.jp/JRADB/accessS.html?CNAME=pw01sde1001202601040320260802%2FE9,3-5-8
3連単,QUARANTINED_HTML:track_condition,2260,5,2026-08-02,pw01sde1001202601040320260802,https://www.jra.go.jp/JRADB/accessS.html?CNAME=pw01sde1001202601040320260802%2FE9,3-8-5
単勝,QUARANTINED_HTML:track_condition,730,3,2026-08-01,pw01sde1001202601031220260801,https://www.jra.go.jp/JRADB/accessS.html?CNAME=pw01sde1001202601031220260801%2F56,1
複勝,QUARANTINED_HTML:track_condition,210,3,2026-08-01,pw01sde1001202601031220260801,https://www.jra.go.jp/JRADB/accessS.html?CNAME=pw01sde1001202601031220260801%2F56,1
複勝,QUARANTINED_HTML:track_condition,130,2,2026-08-01,pw01sde1001202601031220260801,https://www.jra.go.jp/JRADB/accessS.html?CNAME=pw01sde1001202601031220260801%2F56,3
複勝,QUARANTINED_HTML:track_condition,320,7,2026-08-01,pw01sde1001202601031220260801,https://www.jra.go.jp/JRADB/accessS.html?CNAME=pw01sde1001202601031220260801%2F56,6
ワイド,QUARANTINED_HTML:track_condition,440,4,2026-08-01,pw01sde1001202601031220260801,https://www.jra.go.jp/JRADB/accessS.html?CNAME=pw01sde1001202601031220260801%2F56,1-3
ワイド,QUARANTINED_HTML:track_condition,1430,19,2026-08-01,pw01sde1001202601031220260801,https://www.jra.go.jp/JRADB/accessS.html?CNAME=pw01sde1001202601031220260801%2F56,1-6
ワイド,QUARANTINED_HTML:track_condition,820,13,2026-08-01,pw01sde1001202601031220260801,https://www.jra.go.jp/JRADB/accessS.html?CNAME=pw01sde1001202601031220260801%2F56,3-6
馬連,QUARANTINED_HTML:track_condition,1090,4,2026-08-01,pw01sde1001202601031220260801,https://www.jra.go.jp/JRADB/accessS.html?CNAME=pw01sde1001202601031220260801%2F56,1-3
馬単,QUARANTINED_HTML:track_condition,2640,9,2026-08-01,pw01sde1001202601031220260801,https://www.jra.go.jp/JRADB/accessS.html?CNAME=pw01sde1001202601031220260801%2F56,1-3
3連複,QUARANTINED_HTML:track_condition,5620,24,2026-08-01,pw01sde1001202601031220260801,https://www.jra.go.jp/JRADB/accessS.html?CNAME=pw01sde1001202601031220260801%2F56,1-3-6
3連単,QUARANTINED_HTML:track_condition,25760,93,2026-08-01,pw01sde1001202601031220260801,https://www.jra.go.jp/JRADB/accessS.html?CNAME=pw01sde1001202601031220260801%2F56,1-3-6
単勝,PASS_HTML,390,2,2026-08-02,pw01sde1001202601040220260802,https://www.jra.go.jp/JRADB/accessS.html?CNAME=pw01sde1001202601040220260802%2F34,8
複勝,PASS_HTML,160,2,2026-08-02,pw01sde1001202601040220260802,https://www.jra.go.jp/JRADB/accessS.html?CNAME=pw01sde1001202601040220260802%2F34,8
複勝,PASS_HTML,190,3,2026-08-02,pw01sde1001202601040220260802,https://www.jra.go.jp/JRADB/accessS.html?CNAME=pw01sde1001202601040220260802%2F34,11
複勝,PASS_HTML,500,8,2026-08-02,pw01sde1001202601040220260802,https://www.jra.go.jp/JRADB/accessS.html?CNAME=pw01sde1001202601040220260802%2F34,10
枠連,PASS_HTML,680,3,2026-08-02,pw01sde1001202601040220260802,https://www.jra.go.jp/JRADB/accessS.html?CNAME=pw01sde1001202601040220260802%2F34,5-7
ワイド,PASS_HTML,410,3,2026-08-02,pw01sde1001202601040220260802,https://www.jra.go.jp/JRADB/accessS.html?CNAME=pw01sde1001202601040220260802%2F34,8-11
ワイド,PASS_HTML,1170,15,2026-08-02,pw01sde1001202601040220260802,https://www.jra.go.jp/JRADB/accessS.html?CNAME=pw01sde1001202601040220260802%2F34,8-10
ワイド,PASS_HTML,1340,18,2026-08-02,pw01sde1001202601040220260802,https://www.jra.go.jp/JRADB/accessS.html?CNAME=pw01sde1001202601040220260802%2F34,10-11
馬連,PASS_HTML,1170,3,2026-08-02,pw01sde1001202601040220260802,https://www.jra.go.jp/JRADB/accessS.html?CNAME=pw01sde1001202601040220260802%2F34,8-11
馬単,PASS_HTML,1970,4,2026-08-02,pw01sde1001202601040220260802,https://www.jra.go.jp/JRADB/accessS.html?CNAME=pw01sde1001202601040220260802%2F34,8-11
3連複,PASS_HTML,6680,22,2026-08-02,pw01sde1001202601040220260802,https://www.jra.go.jp/JRADB/accessS.html?CNAME=pw01sde1001202601040220260802%2F34,8-10-11
3連単,PASS_HTML,26300,76,2026-08-02,pw01sde1001202601040220260802,https://www.jra.go.jp/JRADB/accessS.html?CNAME=pw01sde1001202601040220260802%2F34,8-11-10
単勝,PASS_HTML,3750,8,2026-08-02,pw01sde1001202601040420260802,https://www.jra.go.jp/JRADB/accessS.html?CNAME=pw01sde1001202601040420260802%2F9E,10
複勝,PASS_HTML,490,8,2026-08-02,pw01sde1001202601040420260802,https://www.jra.go.jp/JRADB/accessS.html?CNAME=pw01sde1001202601040420260802%2F9E,10
複勝,PASS_HTML,110,1,2026-08-02,pw01sde1001202601040420260802,https://www.jra.go.jp/JRADB/accessS.html?CNAME=pw01sde1001202601040420260802%2F9E,5
複勝,PASS_HTML,240,3,2026-08-02,pw01sde1001202601040420260802,https://www.jra.go.jp/JRADB/accessS.html?CNAME=pw01sde1001202601040420260802%2F9E,6
枠連,PASS_HTML,1200,3,2026-08-02,pw01sde1001202601040420260802,https://www.jra.go.jp/JRADB/accessS.html?CNAME=pw01sde1001202601040420260802%2F9E,4-7
ワイド,PASS_HTML,830,8,2026-08-02,pw01sde1001202601040420260802,https://www.jra.go.jp/JRADB/accessS.html?CNAME=pw01sde1001202601040420260802%2F9E,5-10
ワイド,PASS_HTML,2210,22,2026-08-02,pw01sde1001202601040420260802,https://www.jra.go.jp/JRADB/accessS.html?CNAME=pw01sde1001202601040420260802%2F9E,6-10
ワイド,PASS_HTML,410,2,2026-08-02,pw01sde1001202601040420260802,https://www.jra.go.jp/JRADB/accessS.html?CNAME=pw01sde1001202601040420260802%2F9E,5-6
馬連,PASS_HTML,2040,5,2026-08-02,pw01sde1001202601040420260802,https://www.jra.go.jp/JRADB/accessS.html?CNAME=pw01sde1001202601040420260802%2F9E,5-10
馬単,PASS_HTML,7900,20,2026-08-02,pw01sde1001202601040420260802,https://www.jra.go.jp/JRADB/accessS.html?CNAME=pw01sde1001202601040420260802%2F9E,10-5
3連複,PASS_HTML,4710,12,2026-08-02,pw01sde1001202601040420260802,https://www.jra.go.jp/JRADB/accessS.html?CNAME=pw01sde1001202601040420260802%2F9E,5-6-10
3連単,PASS_HTML,62030,152,2026-08-02,pw01sde1001202601040420260802,https://www.jra.go.jp/JRADB/accessS.html?CNAME=pw01sde1001202601040420260802%2F9E,10-5-6
単勝,PASS_HTML,280,1,2026-08-02,pw01sde1001202601040520260802,https://www.jra.go.jp/JRADB/accessS.html?CNAME=pw01sde1001202601040520260802%2F53,2
複勝,PASS_HTML,130,1,2026-08-02,pw01sde1001202601040520260802,https://www.jra.go.jp/JRADB/accessS.html?CNAME=pw01sde1001202601040520260802%2F53,2
複勝,PASS_HTML,210,5,2026-08-02,pw01sde1001202601040520260802,https://www.jra.go.jp/JRADB/accessS.html?CNAME=pw01sde1001202601040520260802%2F53,7
複勝,PASS_HTML,150,3,2026-08-02,pw01sde1001202601040520260802,https://www.jra.go.jp/JRADB/accessS.html?CNAME=pw01sde1001202601040520260802%2F53,3
枠連,PASS_HTML,1430,7,2026-08-02,pw01sde1001202601040520260802,https://www.jra.go.jp/JRADB/accessS.html?CNAME=pw01sde1001202601040520260802%2F53,2-7
ワイド,PASS_HTML,470,7,2026-08-02,pw01sde1001202601040520260802,https://www.jra.go.jp/JRADB/accessS.html?CNAME=pw01sde1001202601040520260802%2F53,2-7
ワイド,PASS_HTML,270,2,2026-08-02,pw01sde1001202601040520260802,https://www.jra.go.jp/JRADB/accessS.html?CNAME=pw01sde1001202601040520260802%2F53,2-3
ワイド,PASS_HTML,640,10,2026-08-02,pw01sde1001202601040520260802,https://www.jra.go.jp/JRADB/accessS.html?CNAME=pw01sde1001202601040520260802%2F53,3-7
馬連,PASS_HTML,1410,5,2026-08-02,pw01sde1001202601040520260802,https://www.jra.go.jp/JRADB/accessS.html?CNAME=pw01sde1001202601040520260802%2F53,2-7
馬単,PASS_HTML,2380,10,2026-08-02,pw01sde1001202601040520260802,https://www.jra.go.jp/JRADB/accessS.html?CNAME=pw01sde1001202601040520260802%2F53,2-7
3連複,PASS_HTML,2210,9,2026-08-02,pw01sde1001202601040520260802,https://www.jra.go.jp/JRADB/accessS.html?CNAME=pw01sde1001202601040520260802%2F53,2-3-7
3連単,PASS_HTML,11370,36,2026-08-02,pw01sde1001202601040520260802,https://www.jra.go.jp/JRADB/accessS.html?CNAME=pw01sde1001202601040520260802%2F53,2-7-3
単勝,PASS_HTML,3440,10,2026-08-02,pw01sde1001202601040720260802,https://www.jra.go.jp/JRADB/accessS.html?CNAME=pw01sde1001202601040720260802%2FBD,4
複勝,PASS_HTML,810,9,2026-08-02,pw01sde1001202601040720260802,https://www.jra.go.jp/JRADB/accessS.html?CNAME=pw01sde1001202601040720260802%2FBD,4
複勝,PASS_HTML,290,2,2026-08-02,pw01sde1001202601040720260802,https://www.jra.go.jp/JRADB/accessS.html?CNAME=pw01sde1001202601040720260802%2FBD,9
複勝,PASS_HTML,920,10,2026-08-02,pw01sde1001202601040720260802,https://www.jra.go.jp/JRADB/accessS.html?CNAME=pw01sde1001202601040720260802%2FBD,12
枠連,PASS_HTML,7960,19,2026-08-02,pw01sde1001202601040720260802,https://www.jra.go.jp/JRADB/accessS.html?CNAME=pw01sde1001202601040720260802%2FBD,4-7
ワイド,PASS_HTML,1950,23,2026-08-02,pw01sde1001202601040720260802,https://www.jra.go.jp/JRADB/accessS.html?CNAME=pw01sde1001202601040720260802%2FBD,4-9
ワイド,PASS_HTML,5340,44,2026-08-02,pw01sde1001202601040720260802,https://www.jra.go.jp/JRADB/accessS.html?CNAME=pw01sde1001202601040720260802%2FBD,4-12
ワイド,PASS_HTML,1470,16,2026-08-02,pw01sde1001202601040720260802,https://www.jra.go.jp/JRADB/accessS.html?CNAME=pw01sde1001202601040720260802%2FBD,9-12
馬連,PASS_HTML,7590,25,2026-08-02,pw01sde1001202601040720260802,https://www.jra.go.jp/JRADB/accessS.html?CNAME=pw01sde1001202601040720260802%2FBD,4-9
馬単,PASS_HTML,18560,52,2026-08-02,pw01sde1001202601040720260802,https://www.jra.go.jp/JRADB/accessS.html?CNAME=pw01sde1001202601040720260802%2FBD,4-9
3連複,PASS_HTML,28530,79,2026-08-02,pw01sde1001202601040720260802,https://www.jra.go.jp/JRADB/accessS.html?CNAME=pw01sde1001202601040720260802%2FBD,4-9-12
3連単,PASS_HTML,231140,478,2026-08-02,pw01sde1001202601040720260802,https://www.jra.go.jp/JRADB/accessS.html?CNAME=pw01sde1001202601040720260802%2FBD,4-9-12
単勝,QUARANTINED_HTML:track_condition,840,6,2026-08-02,pw01sde1001202601040620260802,https://www.jra.go.jp/JRADB/accessS.html?CNAME=pw01sde1001202601040620260802%2F08,10
複勝,QUARANTINED_HTML:track_condition,280,6,2026-08-02,pw01sde1001202601040620260802,https://www.jra.go.jp/JRADB/accessS.html?CNAME=pw01sde1001202601040620260802%2F08,10
複勝,QUARANTINED_HTML:track_condition,960,10,2026-08-02,pw01sde1001202601040620260802,https://www.jra.go.jp/JRADB/accessS.html?CNAME=pw01sde1001202601040620260802%2F08,1
複勝,QUARANTINED_HTML:track_condition,250,3,2026-08-02,pw01sde1001202601040620260802,https://www.jra.go.jp/JRADB/accessS.html?CNAME=pw01sde1001202601040620260802%2F08,2
枠連,QUARANTINED_HTML:track_condition,8460,27,2026-08-02,pw01sde1001202601040620260802,https://www.jra.go.jp/JRADB/accessS.html?CNAME=pw01sde1001202601040620260802%2F08,1-8
ワイド,QUARANTINED_HTML:track_condition,3380,40,2026-08-02,pw01sde1001202601040620260802,https://www.jra.go.jp/JRADB/accessS.html?CNAME=pw01sde1001202601040620260802%2F08,1-10
ワイド,QUARANTINED_HTML:track_condition,1360,22,2026-08-02,pw01sde1001202601040620260802,https://www.jra.go.jp/JRADB/accessS.html?CNAME=pw01sde1001202601040620260802%2F08,2-10
ワイド,QUARANTINED_HTML:track_condition,3390,41,2026-08-02,pw01sde1001202601040620260802,https://www.jra.go.jp/JRADB/accessS.html?CNAME=pw01sde1001202601040620260802%2F08,1-2
馬連,QUARANTINED_HTML:track_condition,15050,42,2026-08-02,pw01sde1001202601040620260802,https://www.jra.go.jp/JRADB/accessS.html?CNAME=pw01sde1001202601040620260802%2F08,1-10
馬単,QUARANTINED_HTML:track_condition,23480,78,2026-08-02,pw01sde1001202601040620260802,https://www.jra.go.jp/JRADB/accessS.html?CNAME=pw01sde1001202601040620260802%2F08,10-1
3連複,QUARANTINED_HTML:track_condition,29960,105,2026-08-02,pw01sde1001202601040620260802,https://www.jra.go.jp/JRADB/accessS.html?CNAME=pw01sde1001202601040620260802%2F08,1-2-10
3連単,QUARANTINED_HTML:track_condition,142400,554,2026-08-02,pw01sde1001202601040620260802,https://www.jra.go.jp/JRADB/accessS.html?CNAME=pw01sde1001202601040620260802%2F08,10-1-2
単勝,PASS_HTML,460,2,2026-08-02,pw01sde1001202601040820260802,https://www.jra.go.jp/JRADB/accessS.html?CNAME=pw01sde1001202601040820260802%2F72,2
複勝,PASS_HTML,170,2,2026-08-02,pw01sde1001202601040820260802,https://www.jra.go.jp/JRADB/accessS.html?CNAME=pw01sde1001202601040820260802%2F72,2
複勝,PASS_HTML,240,4,2026-08-02,pw01sde1001202601040820260802,https://www.jra.go.jp/JRADB/accessS.html?CNAME=pw01sde1001202601040820260802%2F72,1
複勝,PASS_HTML,150,1,2026-08-02,pw01sde1001202601040820260802,https://www.jra.go.jp/JRADB/accessS.html?CNAME=pw01sde1001202601040820260802%2F72,14
枠連,PASS_HTML,2370,10,2026-08-02,pw01sde1001202601040820260802,https://www.jra.go.jp/JRADB/accessS.html?CNAME=pw01sde1001202601040820260802%2F72,1-2
ワイド,PASS_HTML,950,11,2026-08-02,pw01sde1001202601040820260802,https://www.jra.go.jp/JRADB/accessS.html?CNAME=pw01sde1001202601040820260802%2F72,1-2
ワイド,PASS_HTML,530,2,2026-08-02,pw01sde1001202601040820260802,https://www.jra.go.jp/JRADB/accessS.html?CNAME=pw01sde1001202601040820260802%2F72,2-14
ワイド,PASS_HTML,890,8,2026-08-02,pw01sde1001202601040820260802,https://www.jra.go.jp/JRADB/accessS.html?CNAME=pw01sde1001202601040820260802%2F72,1-14
馬連,PASS_HTML,2240,6,2026-08-02,pw01sde1001202601040820260802,https://www.jra.go.jp/JRADB/accessS.html?CNAME=pw01sde1001202601040820260802%2F72,1-2
馬単,PASS_HTML,3980,14,2026-08-02,pw01sde1001202601040820260802,https://www.jra.go.jp/JRADB/accessS.html?CNAME=pw01sde1001202601040820260802%2F72,2-1
3連複,PASS_HTML,3260,4,2026-08-02,pw01sde1001202601040820260802,https://www.jra.go.jp/JRADB/accessS.html?CNAME=pw01sde1001202601040820260802%2F72,1-2-14
3連単,PASS_HTML,15830,23,2026-08-02,pw01sde1001202601040820260802,https://www.jra.go.jp/JRADB/accessS.html?CNAME=pw01sde1001202601040820260802%2F72,2-1-14
単勝,QUARANTINED_HTML:track_condition,170,1,2026-08-02,pw01sde1001202601041020260802,https://www.jra.go.jp/JRADB/accessS.html?CNAME=pw01sde1001202601041020260802%2F1C,8
複勝,QUARANTINED_HTML:track_condition,110,1,2026-08-02,pw01sde1001202601041020260802,https://www.jra.go.jp/JRADB/accessS.html?CNAME=pw01sde1001202601041020260802%2F1C,8
複勝,QUARANTINED_HTML:track_condition,130,2,2026-08-02,pw01sde1001202601041020260802,https://www.jra.go.jp/JRADB/accessS.html?CNAME=pw01sde1001202601041020260802%2F1C,1
複勝,QUARANTINED_HTML:track_condition,290,5,2026-08-02,pw01sde1001202601041020260802,https://www.jra.go.jp/JRADB/accessS.html?CNAME=pw01sde1001202601041020260802%2F1C,9
枠連,QUARANTINED_HTML:track_condition,440,2,2026-08-02,pw01sde1001202601041020260802,https://www.jra.go.jp/JRADB/accessS.html?CNAME=pw01sde1001202601041020260802%2F1C,1-7
ワイド,QUARANTINED_HTML:track_condition,200,2,2026-08-02,pw01sde1001202601041020260802,https://www.jra.go.jp/JRADB/accessS.html?CNAME=pw01sde1001202601041020260802%2F1C,1-8
ワイド,QUARANTINED_HTML:track_condition,780,7,2026-08-02,pw01sde1001202601041020260802,https://www.jra.go.jp/JRADB/accessS.html?CNAME=pw01sde1001202601041020260802%2F1C,8-9
ワイド,QUARANTINED_HTML:track_condition,1030,10,2026-08-02,pw01sde1001202601041020260802,https://www.jra.go.jp/JRADB/accessS.html?CNAME=pw01sde1001202601041020260802%2F1C,1-9
馬連,QUARANTINED_HTML:track_condition,400,2,2026-08-02,pw01sde1001202601041020260802,https://www.jra.go.jp/JRADB/accessS.html?CNAME=pw01sde1001202601041020260802%2F1C,1-8
馬単,QUARANTINED_HTML:track_condition,590,2,2026-08-02,pw01sde1001202601041020260802,https://www.jra.go.jp/JRADB/accessS.html?CNAME=pw01sde1001202601041020260802%2F1C,8-1
3連複,QUARANTINED_HTML:track_condition,2780,7,2026-08-02,pw01sde1001202601041020260802,https://www.jra.go.jp/JRADB/accessS.html?CNAME=pw01sde1001202601041020260802%2F1C,1-8-9
3連単,QUARANTINED_HTML:track_condition,5410,15,2026-08-02,pw01sde1001202601041020260802,https://www.jra.go.jp/JRADB/accessS.html?CNAME=pw01sde1001202601041020260802%2F1C,8-1-9
単勝,PASS_HTML,540,2,2026-08-02,pw01sde1001202601041220260802,https://www.jra.go.jp/JRADB/accessS.html?CNAME=pw01sde1001202601041220260802%2F86,5
複勝,PASS_HTML,230,2,2026-08-02,pw01sde1001202601041220260802,https://www.jra.go.jp/JRADB/accessS.html?CNAME=pw01sde1001202601041220260802%2F86,5
複勝,PASS_HTML,160,1,2026-08-02,pw01sde1001202601041220260802,https://www.jra.go.jp/JRADB/accessS.html?CNAME=pw01sde1001202601041220260802%2F86,2
複勝,PASS_HTML,1140,13,2026-08-02,pw01sde1001202601041220260802,https://www.jra.go.jp/JRADB/accessS.html?CNAME=pw01sde1001202601041220260802%2F86,11
枠連,PASS_HTML,790,1,2026-08-02,pw01sde1001202601041220260802,https://www.jra.go.jp/JRADB/accessS.html?CNAME=pw01sde1001202601041220260802%2F86,2-4
ワイド,PASS_HTML,500,1,2026-08-02,pw01sde1001202601041220260802,https://www.jra.go.jp/JRADB/accessS.html?CNAME=pw01sde1001202601041220260802%2F86,2-5
ワイド,PASS_HTML,5310,65,2026-08-02,pw01sde1001202601041220260802,https://www.jra.go.jp/JRADB/accessS.html?CNAME=pw01sde1001202601041220260802%2F86,5-11
ワイド,PASS_HTML,2830,40,2026-08-02,pw01sde1001202601041220260802,https://www.jra.go.jp/JRADB/accessS.html?CNAME=pw01sde1001202601041220260802%2F86,2-11
馬連,PASS_HTML,960,1,2026-08-02,pw01sde1001202601041220260802,https://www.jra.go.jp/JRADB/accessS.html?CNAME=pw01sde1001202601041220260802%2F86,2-5
馬単,PASS_HTML,2310,3,2026-08-02,pw01sde1001202601041220260802,https://www.jra.go.jp/JRADB/accessS.html?CNAME=pw01sde1001202601041220260802%2F86,5-2
3連複,PASS_HTML,22440,91,2026-08-02,pw01sde1001202601041220260802,https://www.jra.go.jp/JRADB/accessS.html?CNAME=pw01sde1001202601041220260802%2F86,2-5-11
3連単,PASS_HTML,81470,292,2026-08-02,pw01sde1001202601041220260802,https://www.jra.go.jp/JRADB/accessS.html?CNAME=pw01sde1001202601041220260802%2F86,5-2-11
単勝,QUARANTINED_HTML:track_condition,1770,7,2026-08-02,pw01sde1001202601040920260802,https://www.jra.go.jp/JRADB/accessS.html?CNAME=pw01sde1001202601040920260802%2F27,8
複勝,QUARANTINED_HTML:track_condition,430,7,2026-08-02,pw01sde1001202601040920260802,https://www.jra.go.jp/JRADB/accessS.html?CNAME=pw01sde1001202601040920260802%2F27,8
複勝,QUARANTINED_HTML:track_condition,170,1,2026-08-02,pw01sde1001202601040920260802,https://www.jra.go.jp/JRADB/accessS.html?CNAME=pw01sde1001202601040920260802%2F27,5
複勝,QUARANTINED_HTML:track_condition,770,9,2026-08-02,pw01sde1001202601040920260802,https://www.jra.go.jp/JRADB/accessS.html?CNAME=pw01sde1001202601040920260802%2F27,10
枠連,QUARANTINED_HTML:track_condition,870,1,2026-08-02,pw01sde1001202601040920260802,https://www.jra.go.jp/JRADB/accessS.html?CNAME=pw01sde1001202601040920260802%2F27,5-6
ワイド,QUARANTINED_HTML:track_condition,1110,13,2026-08-02,pw01sde1001202601040920260802,https://www.jra.go.jp/JRADB/accessS.html?CNAME=pw01sde1001202601040920260802%2F27,5-8
ワイド,QUARANTINED_HTML:track_condition,4670,45,2026-08-02,pw01sde1001202601040920260802,https://www.jra.go.jp/JRADB/accessS.html?CNAME=pw01sde1001202601040920260802%2F27,8-10
ワイド,QUARANTINED_HTML:track_condition,1420,19,2026-08-02,pw01sde1001202601040920260802,https://www.jra.go.jp/JRADB/accessS.html?CNAME=pw01sde1001202601040920260802%2F27,5-10
馬連,QUARANTINED_HTML:track_condition,2860,13,2026-08-02,pw01sde1001202601040920260802,https://www.jra.go.jp/JRADB/accessS.html?CNAME=pw01sde1001202601040920260802%2F27,5-8
馬単,QUARANTINED_HTML:track_condition,8110,34,2026-08-02,pw01sde1001202601040920260802,https://www.jra.go.jp/JRADB/accessS.html?CNAME=pw01sde1001202601040920260802%2F27,8-5
3連複,QUARANTINED_HTML:track_condition,17600,61,2026-08-02,pw01sde1001202601040920260802,https://www.jra.go.jp/JRADB/accessS.html?CNAME=pw01sde1001202601040920260802%2F27,5-8-10
3連単,QUARANTINED_HTML:track_condition,119110,370,2026-08-02,pw01sde1001202601040920260802,https://www.jra.go.jp/JRADB/accessS.html?CNAME=pw01sde1001202601040920260802%2F27,8-5-10
単勝,PASS_HTML,290,1,2026-08-02,pw01sde1001202601041120260802,https://www.jra.go.jp/JRADB/accessS.html?CNAME=pw01sde1001202601041120260802%2FD1,7
複勝,PASS_HTML,130,1,2026-08-02,pw01sde1001202601041120260802,https://www.jra.go.jp/JRADB/accessS.html?CNAME=pw01sde1001202601041120260802%2FD1,7
複勝,PASS_HTML,230,3,2026-08-02,pw01sde1001202601041120260802,https://www.jra.go.jp/JRADB/accessS.html?CNAME=pw01sde1001202601041120260802%2FD1,11
複勝,PASS_HTML,320,5,2026-08-02,pw01sde1001202601041120260802,https://www.jra.go.jp/JRADB/accessS.html?CNAME=pw01sde1001202601041120260802%2FD1,14
枠連,PASS_HTML,770,3,2026-08-02,pw01sde1001202601041120260802,https://www.jra.go.jp/JRADB/accessS.html?CNAME=pw01sde1001202601041120260802%2FD1,5-7
ワイド,PASS_HTML,450,2,2026-08-02,pw01sde1001202601041120260802,https://www.jra.go.jp/JRADB/accessS.html?CNAME=pw01sde1001202601041120260802%2FD1,7-11
ワイド,PASS_HTML,900,9,2026-08-02,pw01sde1001202601041120260802,https://www.jra.go.jp/JRADB/accessS.html?CNAME=pw01sde1001202601041120260802%2FD1,7-14
ワイド,PASS_HTML,1940,22,2026-08-02,pw01sde1001202601041120260802,https://www.jra.go.jp/JRADB/accessS.html?CNAME=pw01sde1001202601041120260802%2FD1,11-14
馬連,PASS_HTML,1120,2,2026-08-02,pw01sde1001202601041120260802,https://www.jra.go.jp/JRADB/accessS.html?CNAME=pw01sde1001202601041120260802%2FD1,7-11
馬単,PASS_HTML,1790,3,2026-08-02,pw01sde1001202601041120260802,https://www.jra.go.jp/JRADB/accessS.html?CNAME=pw01sde1001202601041120260802%2FD1,7-11
3連複,PASS_HTML,5560,14,2026-08-02,pw01sde1001202601041120260802,https://www.jra.go.jp/JRADB/accessS.html?CNAME=pw01sde1001202601041120260802%2FD1,7-11-14
3連単,PASS_HTML,22210,49,2026-08-02,pw01sde1001202601041120260802,https://www.jra.go.jp/JRADB/accessS.html?CNAME=pw01sde1001202601041120260802%2FD1,7-11-14
単勝,PASS_HTML,210,1,2026-08-01,pw01sde1004202602030120260801,https://www.jra.go.jp/JRADB/accessS.html?CNAME=pw01sde1004202602030120260801%2F5E,10
複勝,PASS_HTML,130,1,2026-08-01,pw01sde1004202602030120260801,https://www.jra.go.jp/JRADB/accessS.html?CNAME=pw01sde1004202602030120260801%2F5E,10
複勝,PASS_HTML,380,5,2026-08-01,pw01sde1004202602030120260801,https://www.jra.go.jp/JRADB/accessS.html?CNAME=pw01sde1004202602030120260801%2F5E,4
複勝,PASS_HTML,430,6,2026-08-01,pw01sde1004202602030120260801,https://www.jra.go.jp/JRADB/accessS.html?CNAME=pw01sde1004202602030120260801%2F5E,7
枠連,PASS_HTML,2040,7,2026-08-01,pw01sde1004202602030120260801,https://www.jra.go.jp/JRADB/accessS.html?CNAME=pw01sde1004202602030120260801%2F5E,4-8
ワイド,PASS_HTML,910,7,2026-08-01,pw01sde1004202602030120260801,https://www.jra.go.jp/JRADB/accessS.html?CNAME=pw01sde1004202602030120260801%2F5E,4-10
ワイド,PASS_HTML,1110,11,2026-08-01,pw01sde1004202602030120260801,https://www.jra.go.jp/JRADB/accessS.html?CNAME=pw01sde1004202602030120260801%2F5E,7-10
ワイド,PASS_HTML,4660,34,2026-08-01,pw01sde1004202602030120260801,https://www.jra.go.jp/JRADB/accessS.html?CNAME=pw01sde1004202602030120260801%2F5E,4-7
馬連,PASS_HTML,2500,7,2026-08-01,pw01sde1004202602030120260801,https://www.jra.go.jp/JRADB/accessS.html?CNAME=pw01sde1004202602030120260801%2F5E,4-10
馬単,PASS_HTML,3370,11,2026-08-01,pw01sde1004202602030120260801,https://www.jra.go.jp/JRADB/accessS.html?CNAME=pw01sde1004202602030120260801%2F5E,10-4
3連複,PASS_HTML,12730,36,2026-08-01,pw01sde1004202602030120260801,https://www.jra.go.jp/JRADB/accessS.html?CNAME=pw01sde1004202602030120260801%2F5E,4-7-10
3連単,PASS_HTML,41350,128,2026-08-01,pw01sde1004202602030120260801,https://www.jra.go.jp/JRADB/accessS.html?CNAME=pw01sde1004202602030120260801%2F5E,10-4-7
単勝,PASS_HTML,160,1,2026-08-01,pw01sde1004202602030220260801,https://www.jra.go.jp/JRADB/accessS.html?CNAME=pw01sde1004202602030220260801%2F13,3
複勝,PASS_HTML,110,1,2026-08-01,pw01sde1004202602030220260801,https://www.jra.go.jp/JRADB/accessS.html?CNAME=pw01sde1004202602030220260801%2F13,3
複勝,PASS_HTML,160,4,2026-08-01,pw01sde1004202602030220260801,https://www.jra.go.jp/JRADB/accessS.html?CNAME=pw01sde1004202602030220260801%2F13,4
複勝,PASS_HTML,120,2,2026-08-01,pw01sde1004202602030220260801,https://www.jra.go.jp/JRADB/accessS.html?CNAME=pw01sde1004202602030220260801%2F13,2
ワイド,PASS_HTML,240,3,2026-08-01,pw01sde1004202602030220260801,https://www.jra.go.jp/JRADB/accessS.html?CNAME=pw01sde1004202602030220260801%2F13,3-4
ワイド,PASS_HTML,140,1,2026-08-01,pw01sde1004202602030220260801,https://www.jra.go.jp/JRADB/accessS.html?CNAME=pw01sde1004202602030220260801%2F13,2-3
ワイド,PASS_HTML,310,5,2026-08-01,pw01sde1004202602030220260801,https://www.jra.go.jp/JRADB/accessS.html?CNAME=pw01sde1004202602030220260801%2F13,2-4
馬連,PASS_HTML,820,4,2026-08-01,pw01sde1004202602030220260801,https://www.jra.go.jp/JRADB/accessS.html?CNAME=pw01sde1004202602030220260801%2F13,3-4
馬単,PASS_HTML,1480,7,2026-08-01,pw01sde1004202602030220260801,https://www.jra.go.jp/JRADB/accessS.html?CNAME=pw01sde1004202602030220260801%2F13,3-4
3連複,PASS_HTML,630,2,2026-08-01,pw01sde1004202602030220260801,https://www.jra.go.jp/JRADB/accessS.html?CNAME=pw01sde1004202602030220260801%2F13,2-3-4
3連単,PASS_HTML,3230,11,2026-08-01,pw01sde1004202602030220260801,https://www.jra.go.jp/JRADB/accessS.html?CNAME=pw01sde1004202602030220260801%2F13,3-4-2
単勝,PASS_HTML,320,1,2026-08-01,pw01sde1004202602030320260801,https://www.jra.go.jp/JRADB/accessS.html?CNAME=pw01sde1004202602030320260801%2FC8,3
複勝,PASS_HTML,160,1,2026-08-01,pw01sde1004202602030320260801,https://www.jra.go.jp/JRADB/accessS.html?CNAME=pw01sde1004202602030320260801%2FC8,3
複勝,PASS_HTML,160,3,2026-08-01,pw01sde1004202602030320260801,https://www.jra.go.jp/JRADB/accessS.html?CNAME=pw01sde1004202602030320260801%2FC8,13
複勝,PASS_HTML,200,4,2026-08-01,pw01sde1004202602030320260801,https://www.jra.go.jp/JRADB/accessS.html?CNAME=pw01sde1004202602030320260801%2FC8,6
枠連,PASS_HTML,870,1,2026-08-01,pw01sde1004202602030320260801,https://www.jra.go.jp/JRADB/accessS.html?CNAME=pw01sde1004202602030320260801%2FC8,2-7
ワイド,PASS_HTML,400,1,2026-08-01,pw01sde1004202602030320260801,https://www.jra.go.jp/JRADB/accessS.html?CNAME=pw01sde1004202602030320260801%2FC8,3-13
ワイド,PASS_HTML,430,3,2026-08-01,pw01sde1004202602030320260801,https://www.jra.go.jp/JRADB/accessS.html?CNAME=pw01sde1004202602030320260801%2FC8,3-6
ワイド,PASS_HTML,610,6,2026-08-01,pw01sde1004202602030320260801,https://www.jra.go.jp/JRADB/accessS.html?CNAME=pw01sde1004202602030320260801%2FC8,6-13
馬連,PASS_HTML,960,1,2026-08-01,pw01sde1004202602030320260801,https://www.jra.go.jp/JRADB/accessS.html?CNAME=pw01sde1004202602030320260801%2FC8,3-13
馬単,PASS_HTML,1390,1,2026-08-01,pw01sde1004202602030320260801,https://www.jra.go.jp/JRADB/accessS.html?CNAME=pw01sde1004202602030320260801%2FC8,3-13
3連複,PASS_HTML,1800,3,2026-08-01,pw01sde1004202602030320260801,https://www.jra.go.jp/JRADB/accessS.html?CNAME=pw01sde1004202602030320260801%2FC8,3-6-13
3連単,PASS_HTML,6880,2,2026-08-01,pw01sde1004202602030320260801,https://www.jra.go.jp/JRADB/accessS.html?CNAME=pw01sde1004202602030320260801%2FC8,3-13-6
単勝,QUARANTINED_HTML:track_condition,370,1,2026-08-01,pw01sde1004202602030420260801,https://www.jra.go.jp/JRADB/accessS.html?CNAME=pw01sde1004202602030420260801%2F7D,6
複勝,QUARANTINED_HTML:track_condition,150,1,2026-08-01,pw01sde1004202602030420260801,https://www.jra.go.jp/JRADB/accessS.html?CNAME=pw01sde1004202602030420260801%2F7D,6
複勝,QUARANTINED_HTML:track_condition,330,7,2026-08-01,pw01sde1004202602030420260801,https://www.jra.go.jp/JRADB/accessS.html?CNAME=pw01sde1004202602030420260801%2F7D,5
複勝,QUARANTINED_HTML:track_condition,200,3,2026-08-01,pw01sde1004202602030420260801,https://www.jra.go.jp/JRADB/accessS.html?CNAME=pw01sde1004202602030420260801%2F7D,15
枠連,QUARANTINED_HTML:track_condition,2010,10,2026-08-01,pw01sde1004202602030420260801,https://www.jra.go.jp/JRADB/accessS.html?CNAME=pw01sde1004202602030420260801%2F7D,3-4
ワイド,QUARANTINED_HTML:track_condition,800,8,2026-08-01,pw01sde1004202602030420260801,https://www.jra.go.jp/JRADB/accessS.html?CNAME=pw01sde1004202602030420260801%2F7D,5-6
ワイド,QUARANTINED_HTML:track_condition,440,2,2026-08-01,pw01sde1004202602030420260801,https://www.jra.go.jp/JRADB/accessS.html?CNAME=pw01sde1004202602030420260801%2F7D,6-15
ワイド,QUARANTINED_HTML:track_condition,930,11,2026-08-01,pw01sde1004202602030420260801,https://www.jra.go.jp/JRADB/accessS.html?CNAME=pw01sde1004202602030420260801%2F7D,5-15
馬連,QUARANTINED_HTML:track_condition,2050,7,2026-08-01,pw01sde1004202602030420260801,https://www.jra.go.jp/JRADB/accessS.html?CNAME=pw01sde1004202602030420260801%2F7D,5-6
馬単,QUARANTINED_HTML:track_condition,3020,9,2026-08-01,pw01sde1004202602030420260801,https://www.jra.go.jp/JRADB/accessS.html?CNAME=pw01sde1004202602030420260801%2F7D,6-5
3連複,QUARANTINED_HTML:track_condition,2550,3,2026-08-01,pw01sde1004202602030420260801,https://www.jra.go.jp/JRADB/accessS.html?CNAME=pw01sde1004202602030420260801%2F7D,5-6-15
3連単,QUARANTINED_HTML:track_condition,14600,22,2026-08-01,pw01sde1004202602030420260801,https://www.jra.go.jp/JRADB/accessS.html?CNAME=pw01sde1004202602030420260801%2F7D,6-5-15
単勝,QUARANTINED_HTML:track_condition,430,2,2026-08-01,pw01sde1004202602030520260801,https://www.jra.go.jp/JRADB/accessS.html?CNAME=pw01sde1004202602030520260801%2F32,6
複勝,QUARANTINED_HTML:track_condition,210,2,2026-08-01,pw01sde1004202602030520260801,https://www.jra.go.jp/JRADB/accessS.html?CNAME=pw01sde1004202602030520260801%2F32,6
複勝,QUARANTINED_HTML:track_condition,1050,10,2026-08-01,pw01sde1004202602030520260801,https://www.jra.go.jp/JRADB/accessS.html?CNAME=pw01sde1004202602030520260801%2F32,5
複勝,QUARANTINED_HTML:track_condition,220,3,2026-08-01,pw01sde1004202602030520260801,https://www.jra.go.jp/JRADB/accessS.html?CNAME=pw01sde1004202602030520260801%2F32,2
枠連,QUARANTINED_HTML:track_condition,2350,12,2026-08-01,pw01sde1004202602030520260801,https://www.jra.go.jp/JRADB/accessS.html?CNAME=pw01sde1004202602030520260801%2F32,3-4
ワイド,QUARANTINED_HTML:track_condition,2140,24,2026-08-01,pw01sde1004202602030520260801,https://www.jra.go.jp/JRADB/accessS.html?CNAME=pw01sde1004202602030520260801%2F32,5-6
ワイド,QUARANTINED_HTML:track_condition,620,7,2026-08-01,pw01sde1004202602030520260801,https://www.jra.go.jp/JRADB/accessS.html?CNAME=pw01sde1004202602030520260801%2F32,2-6
ワイド,QUARANTINED_HTML:track_condition,4910,33,2026-08-01,pw01sde1004202602030520260801,https://www.jra.go.jp/JRADB/accessS.html?CNAME=pw01sde1004202602030520260801%2F32,2-5
馬連,QUARANTINED_HTML:track_condition,10350,26,2026-08-01,pw01sde1004202602030520260801,https://www.jra.go.jp/JRADB/accessS.html?CNAME=pw01sde1004202602030520260801%2F32,5-6
馬単,QUARANTINED_HTML:track_condition,17950,47,2026-08-01,pw01sde1004202602030520260801,https://www.jra.go.jp/JRADB/accessS.html?CNAME=pw01sde1004202602030520260801%2F32,6-5
3連複,QUARANTINED_HTML:track_condition,22490,55,2026-08-01,pw01sde1004202602030520260801,https://www.jra.go.jp/JRADB/accessS.html?CNAME=pw01sde1004202602030520260801%2F32,2-5-6
3連単,QUARANTINED_HTML:track_condition,106040,286,2026-08-01,pw01sde1004202602030520260801,https://www.jra.go.jp/JRADB/accessS.html?CNAME=pw01sde1004202602030520260801%2F32,6-5-2
単勝,PASS_HTML,520,3,2026-08-01,pw01sde1004202602030620260801,https://www.jra.go.jp/JRADB/accessS.html?CNAME=pw01sde1004202602030620260801%2FE7,1
複勝,PASS_HTML,210,3,2026-08-01,pw01sde1004202602030620260801,https://www.jra.go.jp/JRADB/accessS.html?CNAME=pw01sde1004202602030620260801%2FE7,1
複勝,PASS_HTML,120,1,2026-08-01,pw01sde1004202602030620260801,https://www.jra.go.jp/JRADB/accessS.html?CNAME=pw01sde1004202602030620260801%2FE7,10
複勝,PASS_HTML,380,8,2026-08-01,pw01sde1004202602030620260801,https://www.jra.go.jp/JRADB/accessS.html?CNAME=pw01sde1004202602030620260801%2FE7,9
枠連,PASS_HTML,810,2,2026-08-01,pw01sde1004202602030620260801,https://www.jra.go.jp/JRADB/accessS.html?CNAME=pw01sde1004202602030620260801%2FE7,1-7
ワイド,PASS_HTML,390,2,2026-08-01,pw01sde1004202602030620260801,https://www.jra.go.jp/JRADB/accessS.html?CNAME=pw01sde1004202602030620260801%2FE7,1-10
ワイド,PASS_HTML,1860,29,2026-08-01,pw01sde1004202602030620260801,https://www.jra.go.jp/JRADB/accessS.html?CNAME=pw01sde1004202602030620260801%2FE7,1-9
ワイド,PASS_HTML,650,7,2026-08-01,pw01sde1004202602030620260801,https://www.jra.go.jp/JRADB/accessS.html?CNAME=pw01sde1004202602030620260801%2FE7,9-10
馬連,PASS_HTML,950,2,2026-08-01,pw01sde1004202602030620260801,https://www.jra.go.jp/JRADB/accessS.html?CNAME=pw01sde1004202602030620260801%2FE7,1-10
馬単,PASS_HTML,1860,4,2026-08-01,pw01sde1004202602030620260801,https://www.jra.go.jp/JRADB/accessS.html?CNAME=pw01sde1004202602030620260801%2FE7,1-10
3連複,PASS_HTML,3260,9,2026-08-01,pw01sde1004202602030620260801,https://www.jra.go.jp/JRADB/accessS.html?CNAME=pw01sde1004202602030620260801%2FE7,1-9-10
3連単,PASS_HTML,16660,42,2026-08-01,pw01sde1004202602030620260801,https://www.jra.go.jp/JRADB/accessS.html?CNAME=pw01sde1004202602030620260801%2FE7,1-10-9
単勝,PASS_HTML,1100,3,2026-08-01,pw01sde1004202602030820260801,https://www.jra.go.jp/JRADB/accessS.html?CNAME=pw01sde1004202602030820260801%2F51,10
複勝,PASS_HTML,220,4,2026-08-01,pw01sde1004202602030820260801,https://www.jra.go.jp/JRADB/accessS.html?CNAME=pw01sde1004202602030820260801%2F51,10
複勝,PASS_HTML,260,5,2026-08-01,pw01sde1004202602030820260801,https://www.jra.go.jp/JRADB/accessS.html?CNAME=pw01sde1004202602030820260801%2F51,6
複勝,PASS_HTML,110,1,2026-08-01,pw01sde1004202602030820260801,https://www.jra.go.jp/JRADB/accessS.html?CNAME=pw01sde1004202602030820260801%2F51,11
枠連,PASS_HTML,220,1,2026-08-01,pw01sde1004202602030820260801,https://www.jra.go.jp/JRADB/accessS.html?CNAME=pw01sde1004202602030820260801%2F51,5-7
ワイド,PASS_HTML,1300,13,2026-08-01,pw01sde1004202602030820260801,https://www.jra.go.jp/JRADB/accessS.html?CNAME=pw01sde1004202602030820260801%2F51,6-10
ワイド,PASS_HTML,280,2,2026-08-01,pw01sde1004202602030820260801,https://www.jra.go.jp/JRADB/accessS.html?CNAME=pw01sde1004202602030820260801%2F51,10-11
ワイド,PASS_HTML,420,4,2026-08-01,pw01sde1004202602030820260801,https://www.jra.go.jp/JRADB/accessS.html?CNAME=pw01sde1004202602030820260801%2F51,6-11
馬連,PASS_HTML,7330,15,2026-08-01,pw01sde1004202602030820260801,https://www.jra.go.jp/JRADB/accessS.html?CNAME=pw01sde1004202602030820260801%2F51,6-10
馬単,PASS_HTML,13940,25,2026-08-01,pw01sde1004202602030820260801,https://www.jra.go.jp/JRADB/accessS.html?CNAME=pw01sde1004202602030820260801%2F51,10-6
3連複,PASS_HTML,1830,7,2026-08-01,pw01sde1004202602030820260801,https://www.jra.go.jp/JRADB/accessS.html?CNAME=pw01sde1004202602030820260801%2F51,6-10-11
3連単,PASS_HTML,34140,86,2026-08-01,pw01sde1004202602030820260801,https://www.jra.go.jp/JRADB/accessS.html?CNAME=pw01sde1004202602030820260801%2F51,10-6-11
単勝,QUARANTINED_HTML:track_condition,410,2,2026-08-01,pw01sde1004202602030920260801,https://www.jra.go.jp/JRADB/accessS.html?CNAME=pw01sde1004202602030920260801%2F06,7
複勝,QUARANTINED_HTML:track_condition,190,2,2026-08-01,pw01sde1004202602030920260801,https://www.jra.go.jp/JRADB/accessS.html?CNAME=pw01sde1004202602030920260801%2F06,7
複勝,QUARANTINED_HTML:track_condition,990,10,2026-08-01,pw01sde1004202602030920260801,https://www.jra.go.jp/JRADB/accessS.html?CNAME=pw01sde1004202602030920260801%2F06,12
複勝,QUARANTINED_HTML:track_condition,230,3,2026-08-01,pw01sde1004202602030920260801,https://www.jra.go.jp/JRADB/accessS.html?CNAME=pw01sde1004202602030920260801%2F06,3
枠連,QUARANTINED_HTML:track_condition,2270,10,2026-08-01,pw01sde1004202602030920260801,https://www.jra.go.jp/JRADB/accessS.html?CNAME=pw01sde1004202602030920260801%2F06,4-7
ワイド,QUARANTINED_HTML:track_condition,2150,22,2026-08-01,pw01sde1004202602030920260801,https://www.jra.go.jp/JRADB/accessS.html?CNAME=pw01sde1004202602030920260801%2F06,7-12
ワイド,QUARANTINED_HTML:track_condition,580,6,2026-08-01,pw01sde1004202602030920260801,https://www.jra.go.jp/JRADB/accessS.html?CNAME=pw01sde1004202602030920260801%2F06,3-7
ワイド,QUARANTINED_HTML:track_condition,3910,33,2026-08-01,pw01sde1004202602030920260801,https://www.jra.go.jp/JRADB/accessS.html?CNAME=pw01sde1004202602030920260801%2F06,3-12
馬連,QUARANTINED_HTML:track_condition,7430,22,2026-08-01,pw01sde1004202602030920260801,https://www.jra.go.jp/JRADB/accessS.html?CNAME=pw01sde1004202602030920260801%2F06,7-12
馬単,QUARANTINED_HTML:track_condition,11690,36,2026-08-01,pw01sde1004202602030920260801,https://www.jra.go.jp/JRADB/accessS.html?CNAME=pw01sde1004202602030920260801%2F06,7-12
3連複,QUARANTINED_HTML:track_condition,18040,54,2026-08-01,pw01sde1004202602030920260801,https://www.jra.go.jp/JRADB/accessS.html?CNAME=pw01sde1004202602030920260801%2F06,3-7-12
3連単,QUARANTINED_HTML:track_condition,84850,249,2026-08-01,pw01sde1004202602030920260801,https://www.jra.go.jp/JRADB/accessS.html?CNAME=pw01sde1004202602030920260801%2F06,7-12-3
単勝,QUARANTINED_HTML:track_condition,440,2,2026-08-01,pw01sde1004202602030720260801,https://www.jra.go.jp/JRADB/accessS.html?CNAME=pw01sde1004202602030720260801%2F9C,11
複勝,QUARANTINED_HTML:track_condition,180,2,2026-08-01,pw01sde1004202602030720260801,https://www.jra.go.jp/JRADB/accessS.html?CNAME=pw01sde1004202602030720260801%2F9C,11
複勝,QUARANTINED_HTML:track_condition,230,5,2026-08-01,pw01sde1004202602030720260801,https://www.jra.go.jp/JRADB/accessS.html?CNAME=pw01sde1004202602030720260801%2F9C,2
複勝,QUARANTINED_HTML:track_condition,390,6,2026-08-01,pw01sde1004202602030720260801,https://www.jra.go.jp/JRADB/accessS.html?CNAME=pw01sde1004202602030720260801%2F9C,12
枠連,QUARANTINED_HTML:track_condition,1330,6,2026-08-01,pw01sde1004202602030720260801,https://www.jra.go.jp/JRADB/accessS.html?CNAME=pw01sde1004202602030720260801%2F9C,2-6
ワイド,QUARANTINED_HTML:track_condition,780,8,2026-08-01,pw01sde1004202602030720260801,https://www.jra.go.jp/JRADB/accessS.html?CNAME=pw01sde1004202602030720260801%2F9C,2-11
ワイド,QUARANTINED_HTML:track_condition,1630,18,2026-08-01,pw01sde1004202602030720260801,https://www.jra.go.jp/JRADB/accessS.html?CNAME=pw01sde1004202602030720260801%2F9C,11-12
ワイド,QUARANTINED_HTML:track_condition,1270,13,2026-08-01,pw01sde1004202602030720260801,https://www.jra.go.jp/JRADB/accessS.html?CNAME=pw01sde1004202602030720260801%2F9C,2-12
馬連,QUARANTINED_HTML:track_condition,1980,8,2026-08-01,pw01sde1004202602030720260801,https://www.jra.go.jp/JRADB/accessS.html?CNAME=pw01sde1004202602030720260801%2F9C,2-11
馬単,QUARANTINED_HTML:track_condition,3270,14,2026-08-01,pw01sde1004202602030720260801,https://www.jra.go.jp/JRADB/accessS.html?CNAME=pw01sde1004202602030720260801%2F9C,11-2
3連複,QUARANTINED_HTML:track_condition,9280,32,2026-08-01,pw01sde1004202602030720260801,https://www.jra.go.jp/JRADB/accessS.html?CNAME=pw01sde1004202602030720260801%2F9C,2-11-12
3連単,QUARANTINED_HTML:track_condition,38970,121,2026-08-01,pw01sde1004202602030720260801,https://www.jra.go.jp/JRADB/accessS.html?CNAME=pw01sde1004202602030720260801%2F9C,11-2-12
単勝,QUARANTINED_HTML:track_condition,2640,9,2026-08-01,pw01sde1004202602031020260801,https://www.jra.go.jp/JRADB/accessS.html?CNAME=pw01sde1004202602031020260801%2FFB,11
複勝,QUARANTINED_HTML:track_condition,330,7,2026-08-01,pw01sde1004202602031020260801,https://www.jra.go.jp/JRADB/accessS.html?CNAME=pw01sde1004202602031020260801%2FFB,11
複勝,QUARANTINED_HTML:track_condition,280,4,2026-08-01,pw01sde1004202602031020260801,https://www.jra.go.jp/JRADB/accessS.html?CNAME=pw01sde1004202602031020260801%2FFB,1
複勝,QUARANTINED_HTML:track_condition,110,1,2026-08-01,pw01sde1004202602031020260801,https://www.jra.go.jp/JRADB/accessS.html?CNAME=pw01sde1004202602031020260801%2FFB,13
枠連,QUARANTINED_HTML:track_condition,8080,18,2026-08-01,pw01sde1004202602031020260801,https://www.jra.go.jp/JRADB/accessS.html?CNAME=pw01sde1004202602031020260801%2FFB,1-6
ワイド,QUARANTINED_HTML:track_condition,3050,31,2026-08-01,pw01sde1004202602031020260801,https://www.jra.go.jp/JRADB/accessS.html?CNAME=pw01sde1004202602031020260801%2FFB,1-11
ワイド,QUARANTINED_HTML:track_condition,820,9,2026-08-01,pw01sde1004202602031020260801,https://www.jra.go.jp/JRADB/accessS.html?CNAME=pw01sde1004202602031020260801%2FFB,11-13
ワイド,QUARANTINED_HTML:track_condition,450,2,2026-08-01,pw01sde1004202602031020260801,https://www.jra.go.jp/JRADB/accessS.html?CNAME=pw01sde1004202602031020260801%2FFB,1-13
馬連,QUARANTINED_HTML:track_condition,14010,33,2026-08-01,pw01sde1004202602031020260801,https://www.jra.go.jp/JRADB/accessS.html?CNAME=pw01sde1004202602031020260801%2FFB,1-11
馬単,QUARANTINED_HTML:track_condition,29210,60,2026-08-01,pw01sde1004202602031020260801,https://www.jra.go.jp/JRADB/accessS.html?CNAME=pw01sde1004202602031020260801%2FFB,11-1
3連複,QUARANTINED_HTML:track_condition,7040,22,2026-08-01,pw01sde1004202602031020260801,https://www.jra.go.jp/JRADB/accessS.html?CNAME=pw01sde1004202602031020260801%2FFB,1-11-13
3連単,QUARANTINED_HTML:track_condition,95920,259,2026-08-01,pw01sde1004202602031020260801,https://www.jra.go.jp/JRADB/accessS.html?CNAME=pw01sde1004202602031020260801%2FFB,11-1-13
単勝,PASS_HTML,490,2,2026-08-01,pw01sde1004202602031120260801,https://www.jra.go.jp/JRADB/accessS.html?CNAME=pw01sde1004202602031120260801%2FB0,2
複勝,PASS_HTML,180,2,2026-08-01,pw01sde1004202602031120260801,https://www.jra.go.jp/JRADB/accessS.html?CNAME=pw01sde1004202602031120260801%2FB0,2
複勝,PASS_HTML,140,1,2026-08-01,pw01sde1004202602031120260801,https://www.jra.go.jp/JRADB/accessS.html?CNAME=pw01sde1004202602031120260801%2FB0,11
複勝,PASS_HTML,230,4,2026-08-01,pw01sde1004202602031120260801,https://www.jra.go.jp/JRADB/accessS.html?CNAME=pw01sde1004202602031120260801%2FB0,5
枠連,PASS_HTML,540,1,2026-08-01,pw01sde1004202602031120260801,https://www.jra.go.jp/JRADB/accessS.html?CNAME=pw01sde1004202602031120260801%2FB0,1-6
ワイド,PASS_HTML,390,1,2026-08-01,pw01sde1004202602031120260801,https://www.jra.go.jp/JRADB/accessS.html?CNAME=pw01sde1004202602031120260801%2FB0,2-11
ワイド,PASS_HTML,740,6,2026-08-01,pw01sde1004202602031120260801,https://www.jra.go.jp/JRADB/accessS.html?CNAME=pw01sde1004202602031120260801%2FB0,2-5
ワイド,PASS_HTML,480,3,2026-08-01,pw01sde1004202602031120260801,https://www.jra.go.jp/JRADB/accessS.html?CNAME=pw01sde1004202602031120260801%2FB0,5-11
馬連,PASS_HTML,1040,1,2026-08-01,pw01sde1004202602031120260801,https://www.jra.go.jp/JRADB/accessS.html?CNAME=pw01sde1004202602031120260801%2FB0,2-11
馬単,PASS_HTML,1730,1,2026-08-01,pw01sde1004202602031120260801,https://www.jra.go.jp/JRADB/accessS.html?CNAME=pw01sde1004202602031120260801%2FB0,2-11
3連複,PASS_HTML,2260,1,2026-08-01,pw01sde1004202602031120260801,https://www.jra.go.jp/JRADB/accessS.html?CNAME=pw01sde1004202602031120260801%2FB0,2-5-11
3連単,PASS_HTML,9720,4,2026-08-01,pw01sde1004202602031120260801,https://www.jra.go.jp/JRADB/accessS.html?CNAME=pw01sde1004202602031120260801%2FB0,2-11-5
単勝,PASS_HTML,550,1,2026-08-01,pw01sde1004202602031220260801,https://www.jra.go.jp/JRADB/accessS.html?CNAME=pw01sde1004202602031220260801%2F65,7
複勝,PASS_HTML,210,2,2026-08-01,pw01sde1004202602031220260801,https://www.jra.go.jp/JRADB/accessS.html?CNAME=pw01sde1004202602031220260801%2F65,7
複勝,PASS_HTML,310,7,2026-08-01,pw01sde1004202602031220260801,https://www.jra.go.jp/JRADB/accessS.html?CNAME=pw01sde1004202602031220260801%2F65,6
複勝,PASS_HTML,290,6,2026-08-01,pw01sde1004202602031220260801,https://www.jra.go.jp/JRADB/accessS.html?CNAME=pw01sde1004202602031220260801%2F65,8
枠連,PASS_HTML,1180,4,2026-08-01,pw01sde1004202602031220260801,https://www.jra.go.jp/JRADB/accessS.html?CNAME=pw01sde1004202602031220260801%2F65,3-4
ワイド,PASS_HTML,770,9,2026-08-01,pw01sde1004202602031220260801,https://www.jra.go.jp/JRADB/accessS.html?CNAME=pw01sde1004202602031220260801%2F65,6-7
ワイド,PASS_HTML,950,15,2026-08-01,pw01sde1004202602031220260801,https://www.jra.go.jp/JRADB/accessS.html?CNAME=pw01sde1004202602031220260801%2F65,7-8
ワイド,PASS_HTML,1140,21,2026-08-01,pw01sde1004202602031220260801,https://www.jra.go.jp/JRADB/accessS.html?CNAME=pw01sde1004202602031220260801%2F65,6-8
馬連,PASS_HTML,1900,4,2026-08-01,pw01sde1004202602031220260801,https://www.jra.go.jp/JRADB/accessS.html?CNAME=pw01sde1004202602031220260801%2F65,6-7
馬単,PASS_HTML,4090,11,2026-08-01,pw01sde1004202602031220260801,https://www.jra.go.jp/JRADB/accessS.html?CNAME=pw01sde1004202602031220260801%2F65,7-6
3連複,PASS_HTML,5390,22,2026-08-01,pw01sde1004202602031220260801,https://www.jra.go.jp/JRADB/accessS.html?CNAME=pw01sde1004202602031220260801%2F65,6-7-8
3連単,PASS_HTML,25590,73,2026-08-01,pw01sde1004202602031220260801,https://www.jra.go.jp/JRADB/accessS.html?CNAME=pw01sde1004202602031220260801%2F65,7-6-8
単勝,PASS_HTML,3990,8,2026-08-02,pw01sde1004202602040320260802,https://www.jra.go.jp/JRADB/accessS.html?CNAME=pw01sde1004202602040320260802%2FF8,13
複勝,PASS_HTML,680,8,2026-08-02,pw01sde1004202602040320260802,https://www.jra.go.jp/JRADB/accessS.html?CNAME=pw01sde1004202602040320260802%2FF8,13
複勝,PASS_HTML,140,1,2026-08-02,pw01sde1004202602040320260802,https://www.jra.go.jp/JRADB/accessS.html?CNAME=pw01sde1004202602040320260802%2FF8,5
複勝,PASS_HTML,180,3,2026-08-02,pw01sde1004202602040320260802,https://www.jra.go.jp/JRADB/accessS.html?CNAME=pw01sde1004202602040320260802%2FF8,11
枠連,PASS_HTML,540,3,2026-08-02,pw01sde1004202602040320260802,https://www.jra.go.jp/JRADB/accessS.html?CNAME=pw01sde1004202602040320260802%2FF8,4-8
ワイド,PASS_HTML,1700,19,2026-08-02,pw01sde1004202602040320260802,https://www.jra.go.jp/JRADB/accessS.html?CNAME=pw01sde1004202602040320260802%2FF8,5-13
ワイド,PASS_HTML,2540,26,2026-08-02,pw01sde1004202602040320260802,https://www.jra.go.jp/JRADB/accessS.html?CNAME=pw01sde1004202602040320260802%2FF8,11-13
ワイド,PASS_HTML,350,2,2026-08-02,pw01sde1004202602040320260802,https://www.jra.go.jp/JRADB/accessS.html?CNAME=pw01sde1004202602040320260802%2FF8,5-11
馬連,PASS_HTML,5660,17,2026-08-02,pw01sde1004202602040320260802,https://www.jra.go.jp/JRADB/accessS.html?CNAME=pw01sde1004202602040320260802%2FF8,5-13
馬単,PASS_HTML,16260,45,2026-08-02,pw01sde1004202602040320260802,https://www.jra.go.jp/JRADB/accessS.html?CNAME=pw01sde1004202602040320260802%2FF8,13-5
3連複,PASS_HTML,8330,28,2026-08-02,pw01sde1004202602040320260802,https://www.jra.go.jp/JRADB/accessS.html?CNAME=pw01sde1004202602040320260802%2FF8,5-11-13
3連単,PASS_HTML,99050,280,2026-08-02,pw01sde1004202602040320260802,https://www.jra.go.jp/JRADB/accessS.html?CNAME=pw01sde1004202602040320260802%2FF8,13-5-11
単勝,QUARANTINED_HTML:track_condition,530,3,2026-08-02,pw01sde1004202602040220260802,https://www.jra.go.jp/JRADB/accessS.html?CNAME=pw01sde1004202602040220260802%2F43,5
複勝,QUARANTINED_HTML:track_condition,200,3,2026-08-02,pw01sde1004202602040220260802,https://www.jra.go.jp/JRADB/accessS.html?CNAME=pw01sde1004202602040220260802%2F43,5
複勝,QUARANTINED_HTML:track_condition,190,2,2026-08-02,pw01sde1004202602040220260802,https://www.jra.go.jp/JRADB/accessS.html?CNAME=pw01sde1004202602040220260802%2F43,10
複勝,QUARANTINED_HTML:track_condition,440,8,2026-08-02,pw01sde1004202602040220260802,https://www.jra.go.jp/JRADB/accessS.html?CNAME=pw01sde1004202602040220260802%2F43,6
枠連,QUARANTINED_HTML:track_condition,1010,3,2026-08-02,pw01sde1004202602040220260802,https://www.jra.go.jp/JRADB/accessS.html?CNAME=pw01sde1004202602040220260802%2F43,5-7
ワイド,QUARANTINED_HTML:track_condition,620,7,2026-08-02,pw01sde1004202602040220260802,https://www.jra.go.jp/JRADB/accessS.html?CNAME=pw01sde1004202602040220260802%2F43,5-10
ワイド,QUARANTINED_HTML:track_condition,1580,22,2026-08-02,pw01sde1004202602040220260802,https://www.jra.go.jp/JRADB/accessS.html?CNAME=pw01sde1004202602040220260802%2F43,5-6
ワイド,QUARANTINED_HTML:track_condition,1400,19,2026-08-02,pw01sde1004202602040220260802,https://www.jra.go.jp/JRADB/accessS.html?CNAME=pw01sde1004202602040220260802%2F43,6-10
馬連,QUARANTINED_HTML:track_condition,1510,8,2026-08-02,pw01sde1004202602040220260802,https://www.jra.go.jp/JRADB/accessS.html?CNAME=pw01sde1004202602040220260802%2F43,5-10
馬単,QUARANTINED_HTML:track_condition,3010,14,2026-08-02,pw01sde1004202602040220260802,https://www.jra.go.jp/JRADB/accessS.html?CNAME=pw01sde1004202602040220260802%2F43,5-10
3連複,QUARANTINED_HTML:track_condition,7730,33,2026-08-02,pw01sde1004202602040220260802,https://www.jra.go.jp/JRADB/accessS.html?CNAME=pw01sde1004202602040220260802%2F43,5-6-10
3連単,QUARANTINED_HTML:track_condition,29790,122,2026-08-02,pw01sde1004202602040220260802,https://www.jra.go.jp/JRADB/accessS.html?CNAME=pw01sde1004202602040220260802%2F43,5-10-6
単勝,PASS_HTML,950,4,2026-08-02,pw01sde1004202602040520260802,https://www.jra.go.jp/JRADB/accessS.html?CNAME=pw01sde1004202602040520260802%2F62,3
複勝,PASS_HTML,310,5,2026-08-02,pw01sde1004202602040520260802,https://www.jra.go.jp/JRADB/accessS.html?CNAME=pw01sde1004202602040520260802%2F62,3
複勝,PASS_HTML,5430,17,2026-08-02,pw01sde1004202602040520260802,https://www.jra.go.jp/JRADB/accessS.html?CNAME=pw01sde1004202602040520260802%2F62,4
複勝,PASS_HTML,140,1,2026-08-02,pw01sde1004202602040520260802,https://www.jra.go.jp/JRADB/accessS.html?CNAME=pw01sde1004202602040520260802%2F62,7
枠連,PASS_HTML,73240,36,2026-08-02,pw01sde1004202602040520260802,https://www.jra.go.jp/JRADB/accessS.html?CNAME=pw01sde1004202602040520260802%2F62,2-2
ワイド,PASS_HTML,24960,85,2026-08-02,pw01sde1004202602040520260802,https://www.jra.go.jp/JRADB/accessS.html?CNAME=pw01sde1004202602040520260802%2F62,3-4
ワイド,PASS_HTML,570,4,2026-08-02,pw01sde1004202602040520260802,https://www.jra.go.jp/JRADB/accessS.html?CNAME=pw01sde1004202602040520260802%2F62,3-7
ワイド,PASS_HTML,14600,66,2026-08-02,pw01sde1004202602040520260802,https://www.jra.go.jp/JRADB/accessS.html?CNAME=pw01sde1004202602040520260802%2F62,4-7
馬連,PASS_HTML,106250,83,2026-08-02,pw01sde1004202602040520260802,https://www.jra.go.jp/JRADB/accessS.html?CNAME=pw01sde1004202602040520260802%2F62,3-4
馬単,PASS_HTML,185000,141,2026-08-02,pw01sde1004202602040520260802,https://www.jra.go.jp/JRADB/accessS.html?CNAME=pw01sde1004202602040520260802%2F62,3-4
3連複,PASS_HTML,84360,140,2026-08-02,pw01sde1004202602040520260802,https://www.jra.go.jp/JRADB/accessS.html?CNAME=pw01sde1004202602040520260802%2F62,3-4-7
3連単,PASS_HTML,851450,952,2026-08-02,pw01sde1004202602040520260802,https://www.jra.go.jp/JRADB/accessS.html?CNAME=pw01sde1004202602040520260802%2F62,3-4-7
単勝,QUARANTINED_HTML:track_condition,260,1,2026-08-02,pw01sde1004202602040420260802,https://www.jra.go.jp/JRADB/accessS.html?CNAME=pw01sde1004202602040420260802%2FAD,9
複勝,QUARANTINED_HTML:track_condition,160,2,2026-08-02,pw01sde1004202602040420260802,https://www.jra.go.jp/JRADB/accessS.html?CNAME=pw01sde1004202602040420260802%2FAD,9
複勝,QUARANTINED_HTML:track_condition,180,3,2026-08-02,pw01sde1004202602040420260802,https://www.jra.go.jp/JRADB/accessS.html?CNAME=pw01sde1004202602040420260802%2FAD,8
複勝,QUARANTINED_HTML:track_condition,260,5,2026-08-02,pw01sde1004202602040420260802,https://www.jra.go.jp/JRADB/accessS.html?CNAME=pw01sde1004202602040420260802%2FAD,10
枠連,QUARANTINED_HTML:track_condition,790,3,2026-08-02,pw01sde1004202602040420260802,https://www.jra.go.jp/JRADB/accessS.html?CNAME=pw01sde1004202602040420260802%2FAD,5-5
ワイド,QUARANTINED_HTML:track_condition,420,4,2026-08-02,pw01sde1004202602040420260802,https://www.jra.go.jp/JRADB/accessS.html?CNAME=pw01sde1004202602040420260802%2FAD,8-9
ワイド,QUARANTINED_HTML:track_condition,740,9,2026-08-02,pw01sde1004202602040420260802,https://www.jra.go.jp/JRADB/accessS.html?CNAME=pw01sde1004202602040420260802%2FAD,9-10
ワイド,QUARANTINED_HTML:track_condition,630,7,2026-08-02,pw01sde1004202602040420260802,https://www.jra.go.jp/JRADB/accessS.html?CNAME=pw01sde1004202602040420260802%2FAD,8-10
馬連,QUARANTINED_HTML:track_condition,870,1,2026-08-02,pw01sde1004202602040420260802,https://www.jra.go.jp/JRADB/accessS.html?CNAME=pw01sde1004202602040420260802%2FAD,8-9
馬単,QUARANTINED_HTML:track_condition,1340,1,2026-08-02,pw01sde1004202602040420260802,https://www.jra.go.jp/JRADB/accessS.html?CNAME=pw01sde1004202602040420260802%2FAD,9-8
3連複,QUARANTINED_HTML:track_condition,2250,6,2026-08-02,pw01sde1004202602040420260802,https://www.jra.go.jp/JRADB/accessS.html?CNAME=pw01sde1004202602040420260802%2FAD,8-9-10
3連単,QUARANTINED_HTML:track_condition,6290,4,2026-08-02,pw01sde1004202602040420260802,https://www.jra.go.jp/JRADB/accessS.html?CNAME=pw01sde1004202602040420260802%2FAD,9-8-10
単勝,QUARANTINED_HTML:track_condition,520,3,2026-08-02,pw01sde1004202602040620260802,https://www.jra.go.jp/JRADB/accessS.html?CNAME=pw01sde1004202602040620260802%2F17,1
複勝,QUARANTINED_HTML:track_condition,170,3,2026-08-02,pw01sde1004202602040620260802,https://www.jra.go.jp/JRADB/accessS.html?CNAME=pw01sde1004202602040620260802%2F17,1
複勝,QUARANTINED_HTML:track_condition,170,2,2026-08-02,pw01sde1004202602040620260802,https://www.jra.go.jp/JRADB/accessS.html?CNAME=pw01sde1004202602040620260802%2F17,10
複勝,QUARANTINED_HTML:track_condition,240,5,2026-08-02,pw01sde1004202602040620260802,https://www.jra.go.jp/JRADB/accessS.html?CNAME=pw01sde1004202602040620260802%2F17,5
枠連,QUARANTINED_HTML:track_condition,1050,5,2026-08-02,pw01sde1004202602040620260802,https://www.jra.go.jp/JRADB/accessS.html?CNAME=pw01sde1004202602040620260802%2F17,1-6
ワイド,QUARANTINED_HTML:track_condition,460,2,2026-08-02,pw01sde1004202602040620260802,https://www.jra.go.jp/JRADB/accessS.html?CNAME=pw01sde1004202602040620260802%2F17,1-10
ワイド,QUARANTINED_HTML:track_condition,990,12,2026-08-02,pw01sde1004202602040620260802,https://www.jra.go.jp/JRADB/accessS.html?CNAME=pw01sde1004202602040620260802%2F17,1-5
ワイド,QUARANTINED_HTML:track_condition,880,10,2026-08-02,pw01sde1004202602040620260802,https://www.jra.go.jp/JRADB/accessS.html?CNAME=pw01sde1004202602040620260802%2F17,5-10
馬連,QUARANTINED_HTML:track_condition,1090,2,2026-08-02,pw01sde1004202602040620260802,https://www.jra.go.jp/JRADB/accessS.html?CNAME=pw01sde1004202602040620260802%2F17,1-10
馬単,QUARANTINED_HTML:track_condition,2330,4,2026-08-02,pw01sde1004202602040620260802,https://www.jra.go.jp/JRADB/accessS.html?CNAME=pw01sde1004202602040620260802%2F17,1-10
3連複,QUARANTINED_HTML:track_condition,3730,8,2026-08-02,pw01sde1004202602040620260802,https://www.jra.go.jp/JRADB/accessS.html?CNAME=pw01sde1004202602040620260802%2F17,1-5-10
3連単,QUARANTINED_HTML:track_condition,16240,35,2026-08-02,pw01sde1004202602040620260802,https://www.jra.go.jp/JRADB/accessS.html?CNAME=pw01sde1004202602040620260802%2F17,1-10-5
単勝,PASS_HTML,270,1,2026-08-02,pw01sde1004202602040720260802,https://www.jra.go.jp/JRADB/accessS.html?CNAME=pw01sde1004202602040720260802%2FCC,6
複勝,PASS_HTML,160,1,2026-08-02,pw01sde1004202602040720260802,https://www.jra.go.jp/JRADB/accessS.html?CNAME=pw01sde1004202602040720260802%2FCC,6
複勝,PASS_HTML,1280,14,2026-08-02,pw01sde1004202602040720260802,https://www.jra.go.jp/JRADB/accessS.html?CNAME=pw01sde1004202602040720260802%2FCC,11
複勝,PASS_HTML,720,10,2026-08-02,pw01sde1004202602040720260802,https://www.jra.go.jp/JRADB/accessS.html?CNAME=pw01sde1004202602040720260802%2FCC,4
枠連,PASS_HTML,2750,11,2026-08-02,pw01sde1004202602040720260802,https://www.jra.go.jp/JRADB/accessS.html?CNAME=pw01sde1004202602040720260802%2FCC,3-6
ワイド,PASS_HTML,4190,39,2026-08-02,pw01sde1004202602040720260802,https://www.jra.go.jp/JRADB/accessS.html?CNAME=pw01sde1004202602040720260802%2FCC,6-11
ワイド,PASS_HTML,2000,22,2026-08-02,pw01sde1004202602040720260802,https://www.jra.go.jp/JRADB/accessS.html?CNAME=pw01sde1004202602040720260802%2FCC,4-6
ワイド,PASS_HTML,16370,88,2026-08-02,pw01sde1004202602040720260802,https://www.jra.go.jp/JRADB/accessS.html?CNAME=pw01sde1004202602040720260802%2FCC,4-11
馬連,PASS_HTML,14560,34,2026-08-02,pw01sde1004202602040720260802,https://www.jra.go.jp/JRADB/accessS.html?CNAME=pw01sde1004202602040720260802%2FCC,6-11
馬単,PASS_HTML,22080,61,2026-08-02,pw01sde1004202602040720260802,https://www.jra.go.jp/JRADB/accessS.html?CNAME=pw01sde1004202602040720260802%2FCC,6-11
3連複,PASS_HTML,92420,193,2026-08-02,pw01sde1004202602040720260802,https://www.jra.go.jp/JRADB/accessS.html?CNAME=pw01sde1004202602040720260802%2FCC,4-6-11
3連単,PASS_HTML,462350,912,2026-08-02,pw01sde1004202602040720260802,https://www.jra.go.jp/JRADB/accessS.html?CNAME=pw01sde1004202602040720260802%2FCC,6-11-4
単勝,PASS_HTML,2850,9,2026-08-02,pw01sde1004202602040820260802,https://www.jra.go.jp/JRADB/accessS.html?CNAME=pw01sde1004202602040820260802%2F81,4
複勝,PASS_HTML,580,8,2026-08-02,pw01sde1004202602040820260802,https://www.jra.go.jp/JRADB/accessS.html?CNAME=pw01sde1004202602040820260802%2F81,4
複勝,PASS_HTML,350,6,2026-08-02,pw01sde1004202602040820260802,https://www.jra.go.jp/JRADB/accessS.html?CNAME=pw01sde1004202602040820260802%2F81,1
複勝,PASS_HTML,180,2,2026-08-02,pw01sde1004202602040820260802,https://www.jra.go.jp/JRADB/accessS.html?CNAME=pw01sde1004202602040820260802%2F81,8
枠連,PASS_HTML,6820,21,2026-08-02,pw01sde1004202602040820260802,https://www.jra.go.jp/JRADB/accessS.html?CNAME=pw01sde1004202602040820260802%2F81,1-3
ワイド,PASS_HTML,3340,36,2026-08-02,pw01sde1004202602040820260802,https://www.jra.go.jp/JRADB/accessS.html?CNAME=pw01sde1004202602040820260802%2F81,1-4
ワイド,PASS_HTML,1940,19,2026-08-02,pw01sde1004202602040820260802,https://www.jra.go.jp/JRADB/accessS.html?CNAME=pw01sde1004202602040820260802%2F81,4-8
ワイド,PASS_HTML,730,7,2026-08-02,pw01sde1004202602040820260802,https://www.jra.go.jp/JRADB/accessS.html?CNAME=pw01sde1004202602040820260802%2F81,1-8
馬連,PASS_HTML,12280,36,2026-08-02,pw01sde1004202602040820260802,https://www.jra.go.jp/JRADB/accessS.html?CNAME=pw01sde1004202602040820260802%2F81,1-4
馬単,PASS_HTML,28180,81,2026-08-02,pw01sde1004202602040820260802,https://www.jra.go.jp/JRADB/accessS.html?CNAME=pw01sde1004202602040820260802%2F81,4-1
3連複,PASS_HTML,13740,51,2026-08-02,pw01sde1004202602040820260802,https://www.jra.go.jp/JRADB/accessS.html?CNAME=pw01sde1004202602040820260802%2F81,1-4-8
3連単,PASS_HTML,133640,411,2026-08-02,pw01sde1004202602040820260802,https://www.jra.go.jp/JRADB/accessS.html?CNAME=pw01sde1004202602040820260802%2F81,4-1-8
単勝,QUARANTINED_HTML:track_condition,2610,9,2026-08-02,pw01sde1004202602040920260802,https://www.jra.go.jp/JRADB/accessS.html?CNAME=pw01sde1004202602040920260802%2F36,6
複勝,QUARANTINED_HTML:track_condition,490,8,2026-08-02,pw01sde1004202602040920260802,https://www.jra.go.jp/JRADB/accessS.html?CNAME=pw01sde1004202602040920260802%2F36,6
複勝,QUARANTINED_HTML:track_condition,140,1,2026-08-02,pw01sde1004202602040920260802,https://www.jra.go.jp/JRADB/accessS.html?CNAME=pw01sde1004202602040920260802%2F36,13
複勝,QUARANTINED_HTML:track_condition,180,3,2026-08-02,pw01sde1004202602040920260802,https://www.jra.go.jp/JRADB/accessS.html?CNAME=pw01sde1004202602040920260802%2F36,2
枠連,QUARANTINED_HTML:track_condition,820,2,2026-08-02,pw01sde1004202602040920260802,https://www.jra.go.jp/JRADB/accessS.html?CNAME=pw01sde1004202602040920260802%2F36,4-7
ワイド,QUARANTINED_HTML:track_condition,1770,22,2026-08-02,pw01sde1004202602040920260802,https://www.jra.go.jp/JRADB/accessS.html?CNAME=pw01sde1004202602040920260802%2F36,6-13
ワイド,QUARANTINED_HTML:track_condition,1850,24,2026-08-02,pw01sde1004202602040920260802,https://www.jra.go.jp/JRADB/accessS.html?CNAME=pw01sde1004202602040920260802%2F36,2-6
ワイド,QUARANTINED_HTML:track_condition,550,3,2026-08-02,pw01sde1004202602040920260802,https://www.jra.go.jp/JRADB/accessS.html?CNAME=pw01sde1004202602040920260802%2F36,2-13
馬連,QUARANTINED_HTML:track_condition,6660,23,2026-08-02,pw01sde1004202602040920260802,https://www.jra.go.jp/JRADB/accessS.html?CNAME=pw01sde1004202602040920260802%2F36,6-13
馬単,QUARANTINED_HTML:track_condition,13720,50,2026-08-02,pw01sde1004202602040920260802,https://www.jra.go.jp/JRADB/accessS.html?CNAME=pw01sde1004202602040920260802%2F36,6-13
3連複,QUARANTINED_HTML:track_condition,9610,32,2026-08-02,pw01sde1004202602040920260802,https://www.jra.go.jp/JRADB/accessS.html?CNAME=pw01sde1004202602040920260802%2F36,2-6-13
3連単,QUARANTINED_HTML:track_condition,93320,327,2026-08-02,pw01sde1004202602040920260802,https://www.jra.go.jp/JRADB/accessS.html?CNAME=pw01sde1004202602040920260802%2F36,6-13-2
単勝,QUARANTINED_HTML:track_condition,1460,5,2026-08-02,pw01sde1004202602041020260802,https://www.jra.go.jp/JRADB/accessS.html?CNAME=pw01sde1004202602041020260802%2F2B,4
複勝,QUARANTINED_HTML:track_condition,470,6,2026-08-02,pw01sde1004202602041020260802,https://www.jra.go.jp/JRADB/accessS.html?CNAME=pw01sde1004202602041020260802%2F2B,4
複勝,QUARANTINED_HTML:track_condition,530,8,2026-08-02,pw01sde1004202602041020260802,https://www.jra.go.jp/JRADB/accessS.html?CNAME=pw01sde1004202602041020260802%2F2B,11
複勝,QUARANTINED_HTML:track_condition,510,7,2026-08-02,pw01sde1004202602041020260802,https://www.jra.go.jp/JRADB/accessS.html?CNAME=pw01sde1004202602041020260802%2F2B,3
枠連,QUARANTINED_HTML:track_condition,6430,18,2026-08-02,pw01sde1004202602041020260802,https://www.jra.go.jp/JRADB/accessS.html?CNAME=pw01sde1004202602041020260802%2F2B,3-7
ワイド,QUARANTINED_HTML:track_condition,4440,41,2026-08-02,pw01sde1004202602041020260802,https://www.jra.go.jp/JRADB/accessS.html?CNAME=pw01sde1004202602041020260802%2F2B,4-11
ワイド,QUARANTINED_HTML:track_condition,3320,30,2026-08-02,pw01sde1004202602041020260802,https://www.jra.go.jp/JRADB/accessS.html?CNAME=pw01sde1004202602041020260802%2F2B,3-4
ワイド,QUARANTINED_HTML:track_condition,4500,42,2026-08-02,pw01sde1004202602041020260802,https://www.jra.go.jp/JRADB/accessS.html?CNAME=pw01sde1004202602041020260802%2F2B,3-11
馬連,QUARANTINED_HTML:track_condition,17960,43,2026-08-02,pw01sde1004202602041020260802,https://www.jra.go.jp/JRADB/accessS.html?CNAME=pw01sde1004202602041020260802%2F2B,4-11
馬単,QUARANTINED_HTML:track_condition,29760,75,2026-08-02,pw01sde1004202602041020260802,https://www.jra.go.jp/JRADB/accessS.html?CNAME=pw01sde1004202602041020260802%2F2B,4-11
3連複,QUARANTINED_HTML:track_condition,71360,161,2026-08-02,pw01sde1004202602041020260802,https://www.jra.go.jp/JRADB/accessS.html?CNAME=pw01sde1004202602041020260802%2F2B,3-4-11
3連単,QUARANTINED_HTML:track_condition,321520,725,2026-08-02,pw01sde1004202602041020260802,https://www.jra.go.jp/JRADB/accessS.html?CNAME=pw01sde1004202602041020260802%2F2B,4-11-3
単勝,PASS_HTML,840,4,2026-08-02,pw01sde1004202602041220260802,https://www.jra.go.jp/JRADB/accessS.html?CNAME=pw01sde1004202602041220260802%2F95,13
複勝,PASS_HTML,190,4,2026-08-02,pw01sde1004202602041220260802,https://www.jra.go.jp/JRADB/accessS.html?CNAME=pw01sde1004202602041220260802%2F95,13
複勝,PASS_HTML,110,1,2026-08-02,pw01sde1004202602041220260802,https://www.jra.go.jp/JRADB/accessS.html?CNAME=pw01sde1004202602041220260802%2F95,14
複勝,PASS_HTML,130,2,2026-08-02,pw01sde1004202602041220260802,https://www.jra.go.jp/JRADB/accessS.html?CNAME=pw01sde1004202602041220260802%2F95,15
枠連,PASS_HTML,250,1,2026-08-02,pw01sde1004202602041220260802,https://www.jra.go.jp/JRADB/accessS.html?CNAME=pw01sde1004202602041220260802%2F95,7-7
ワイド,PASS_HTML,370,2,2026-08-02,pw01sde1004202602041220260802,https://www.jra.go.jp/JRADB/accessS.html?CNAME=pw01sde1004202602041220260802%2F95,13-14
ワイド,PASS_HTML,450,4,2026-08-02,pw01sde1004202602041220260802,https://www.jra.go.jp/JRADB/accessS.html?CNAME=pw01sde1004202602041220260802%2F95,13-15
ワイド,PASS_HTML,210,1,2026-08-02,pw01sde1004202602041220260802,https://www.jra.go.jp/JRADB/accessS.html?CNAME=pw01sde1004202602041220260802%2F95,14-15
馬連,PASS_HTML,840,2,2026-08-02,pw01sde1004202602041220260802,https://www.jra.go.jp/JRADB/accessS.html?CNAME=pw01sde1004202602041220260802%2F95,13-14
馬単,PASS_HTML,2480,6,2026-08-02,pw01sde1004202602041220260802,https://www.jra.go.jp/JRADB/accessS.html?CNAME=pw01sde1004202602041220260802%2F95,13-14
3連複,PASS_HTML,860,1,2026-08-02,pw01sde1004202602041220260802,https://www.jra.go.jp/JRADB/accessS.html?CNAME=pw01sde1004202602041220260802%2F95,13-14-15
3連単,PASS_HTML,5600,6,2026-08-02,pw01sde1004202602041220260802,https://www.jra.go.jp/JRADB/accessS.html?CNAME=pw01sde1004202602041220260802%2F95,13-14-15
単勝,PASS_HTML,280,1,2026-08-02,pw01sde1004202602041120260802,https://www.jra.go.jp/JRADB/accessS.html?CNAME=pw01sde1004202602041120260802%2FE0,13
複勝,PASS_HTML,140,2,2026-08-02,pw01sde1004202602041120260802,https://www.jra.go.jp/JRADB/accessS.html?CNAME=pw01sde1004202602041120260802%2FE0,13
複勝,PASS_HTML,130,1,2026-08-02,pw01sde1004202602041120260802,https://www.jra.go.jp/JRADB/accessS.html?CNAME=pw01sde1004202602041120260802%2FE0,12
複勝,PASS_HTML,570,10,2026-08-02,pw01sde1004202602041120260802,https://www.jra.go.jp/JRADB/accessS.html?CNAME=pw01sde1004202602041120260802%2FE0,4
枠連,PASS_HTML,240,1,2026-08-02,pw01sde1004202602041120260802,https://www.jra.go.jp/JRADB/accessS.html?CNAME=pw01sde1004202602041120260802%2FE0,7-8
ワイド,PASS_HTML,250,1,2026-08-02,pw01sde1004202602041120260802,https://www.jra.go.jp/JRADB/accessS.html?CNAME=pw01sde1004202602041120260802%2FE0,12-13
ワイド,PASS_HTML,2050,24,2026-08-02,pw01sde1004202602041120260802,https://www.jra.go.jp/JRADB/accessS.html?CNAME=pw01sde1004202602041120260802%2FE0,4-13
ワイド,PASS_HTML,1760,21,2026-08-02,pw01sde1004202602041120260802,https://www.jra.go.jp/JRADB/accessS.html?CNAME=pw01sde1004202602041120260802%2FE0,4-12
馬連,PASS_HTML,530,1,2026-08-02,pw01sde1004202602041120260802,https://www.jra.go.jp/JRADB/accessS.html?CNAME=pw01sde1004202602041120260802%2FE0,12-13
馬単,PASS_HTML,1060,2,2026-08-02,pw01sde1004202602041120260802,https://www.jra.go.jp/JRADB/accessS.html?CNAME=pw01sde1004202602041120260802%2FE0,13-12
3連複,PASS_HTML,5000,14,2026-08-02,pw01sde1004202602041120260802,https://www.jra.go.jp/JRADB/accessS.html?CNAME=pw01sde1004202602041120260802%2FE0,4-12-13
3連単,PASS_HTML,17810,47,2026-08-02,pw01sde1004202602041120260802,https://www.jra.go.jp/JRADB/accessS.html?CNAME=pw01sde1004202602041120260802%2FE0,13-12-4
単勝,PASS_HTML,590,3,2026-08-01,pw01sde1007202602030120260801,https://www.jra.go.jp/JRADB/accessS.html?CNAME=pw01sde1007202602030120260801%2F3C,7
複勝,PASS_HTML,180,3,2026-08-01,pw01sde1007202602030120260801,https://www.jra.go.jp/JRADB/accessS.html?CNAME=pw01sde1007202602030120260801%2F3C,7
複勝,PASS_HTML,140,2,2026-08-01,pw01sde1007202602030120260801,https://www.jra.go.jp/JRADB/accessS.html?CNAME=pw01sde1007202602030120260801%2F3C,8
複勝,PASS_HTML,400,6,2026-08-01,pw01sde1007202602030120260801,https://www.jra.go.jp/JRADB/accessS.html?CNAME=pw01sde1007202602030120260801%2F3C,10
枠連,PASS_HTML,850,2,2026-08-01,pw01sde1007202602030120260801,https://www.jra.go.jp/JRADB/accessS.html?CNAME=pw01sde1007202602030120260801%2F3C,7-7
ワイド,PASS_HTML,350,3,2026-08-01,pw01sde1007202602030120260801,https://www.jra.go.jp/JRADB/accessS.html?CNAME=pw01sde1007202602030120260801%2F3C,7-8
ワイド,PASS_HTML,1520,18,2026-08-01,pw01sde1007202602030120260801,https://www.jra.go.jp/JRADB/accessS.html?CNAME=pw01sde1007202602030120260801%2F3C,7-10
ワイド,PASS_HTML,780,9,2026-08-01,pw01sde1007202602030120260801,https://www.jra.go.jp/JRADB/accessS.html?CNAME=pw01sde1007202602030120260801%2F3C,8-10
馬連,PASS_HTML,760,3,2026-08-01,pw01sde1007202602030120260801,https://www.jra.go.jp/JRADB/accessS.html?CNAME=pw01sde1007202602030120260801%2F3C,7-8
馬単,PASS_HTML,1600,6,2026-08-01,pw01sde1007202602030120260801,https://www.jra.go.jp/JRADB/accessS.html?CNAME=pw01sde1007202602030120260801%2F3C,7-8
3連複,PASS_HTML,4430,14,2026-08-01,pw01sde1007202602030120260801,https://www.jra.go.jp/JRADB/accessS.html?CNAME=pw01sde1007202602030120260801%2F3C,7-8-10
3連単,PASS_HTML,17360,60,2026-08-01,pw01sde1007202602030120260801,https://www.jra.go.jp/JRADB/accessS.html?CNAME=pw01sde1007202602030120260801%2F3C,7-8-10
単勝,PASS_HTML,140,1,2026-08-01,pw01sde1007202602030320260801,https://www.jra.go.jp/JRADB/accessS.html?CNAME=pw01sde1007202602030320260801%2FA6,11
複勝,PASS_HTML,110,1,2026-08-01,pw01sde1007202602030320260801,https://www.jra.go.jp/JRADB/accessS.html?CNAME=pw01sde1007202602030320260801%2FA6,11
複勝,PASS_HTML,230,5,2026-08-01,pw01sde1007202602030320260801,https://www.jra.go.jp/JRADB/accessS.html?CNAME=pw01sde1007202602030320260801%2FA6,2
複勝,PASS_HTML,200,2,2026-08-01,pw01sde1007202602030320260801,https://www.jra.go.jp/JRADB/accessS.html?CNAME=pw01sde1007202602030320260801%2FA6,5
枠連,PASS_HTML,550,4,2026-08-01,pw01sde1007202602030320260801,https://www.jra.go.jp/JRADB/accessS.html?CNAME=pw01sde1007202602030320260801%2FA6,1-6
ワイド,PASS_HTML,620,6,2026-08-01,pw01sde1007202602030320260801,https://www.jra.go.jp/JRADB/accessS.html?CNAME=pw01sde1007202602030320260801%2FA6,2-11
ワイド,PASS_HTML,290,2,2026-08-01,pw01sde1007202602030320260801,https://www.jra.go.jp/JRADB/accessS.html?CNAME=pw01sde1007202602030320260801%2FA6,5-11
ワイド,PASS_HTML,1570,18,2026-08-01,pw01sde1007202602030320260801,https://www.jra.go.jp/JRADB/accessS.html?CNAME=pw01sde1007202602030320260801%2FA6,2-5
馬連,PASS_HTML,1360,6,2026-08-01,pw01sde1007202602030320260801,https://www.jra.go.jp/JRADB/accessS.html?CNAME=pw01sde1007202602030320260801%2FA6,2-11
馬単,PASS_HTML,1760,6,2026-08-01,pw01sde1007202602030320260801,https://www.jra.go.jp/JRADB/accessS.html?CNAME=pw01sde1007202602030320260801%2FA6,11-2
3連複,PASS_HTML,3190,13,2026-08-01,pw01sde1007202602030320260801,https://www.jra.go.jp/JRADB/accessS.html?CNAME=pw01sde1007202602030320260801%2FA6,2-5-11
3連単,PASS_HTML,9470,25,2026-08-01,pw01sde1007202602030320260801,https://www.jra.go.jp/JRADB/accessS.html?CNAME=pw01sde1007202602030320260801%2FA6,11-2-5
単勝,PASS_HTML,440,2,2026-08-01,pw01sde1007202602030220260801,https://www.jra.go.jp/JRADB/accessS.html?CNAME=pw01sde1007202602030220260801%2FF1,8
複勝,PASS_HTML,150,2,2026-08-01,pw01sde1007202602030220260801,https://www.jra.go.jp/JRADB/accessS.html?CNAME=pw01sde1007202602030220260801%2FF1,8
複勝,PASS_HTML,130,1,2026-08-01,pw01sde1007202602030220260801,https://www.jra.go.jp/JRADB/accessS.html?CNAME=pw01sde1007202602030220260801%2FF1,13
複勝,PASS_HTML,190,4,2026-08-01,pw01sde1007202602030220260801,https://www.jra.go.jp/JRADB/accessS.html?CNAME=pw01sde1007202602030220260801%2FF1,6
枠連,PASS_HTML,430,1,2026-08-01,pw01sde1007202602030220260801,https://www.jra.go.jp/JRADB/accessS.html?CNAME=pw01sde1007202602030220260801%2FF1,6-8
ワイド,PASS_HTML,390,2,2026-08-01,pw01sde1007202602030220260801,https://www.jra.go.jp/JRADB/accessS.html?CNAME=pw01sde1007202602030220260801%2FF1,8-13
ワイド,PASS_HTML,510,5,2026-08-01,pw01sde1007202602030220260801,https://www.jra.go.jp/JRADB/accessS.html?CNAME=pw01sde1007202602030220260801%2FF1,6-8
ワイド,PASS_HTML,640,8,2026-08-01,pw01sde1007202602030220260801,https://www.jra.go.jp/JRADB/accessS.html?CNAME=pw01sde1007202602030220260801%2FF1,6-13
馬連,PASS_HTML,880,1,2026-08-01,pw01sde1007202602030220260801,https://www.jra.go.jp/JRADB/accessS.html?CNAME=pw01sde1007202602030220260801%2FF1,8-13
馬単,PASS_HTML,2040,4,2026-08-01,pw01sde1007202602030220260801,https://www.jra.go.jp/JRADB/accessS.html?CNAME=pw01sde1007202602030220260801%2FF1,8-13
3連複,PASS_HTML,1950,2,2026-08-01,pw01sde1007202602030220260801,https://www.jra.go.jp/JRADB/accessS.html?CNAME=pw01sde1007202602030220260801%2FF1,6-8-13
3連単,PASS_HTML,9890,11,2026-08-01,pw01sde1007202602030220260801,https://www.jra.go.jp/JRADB/accessS.html?CNAME=pw01sde1007202602030220260801%2FF1,8-13-6
単勝,QUARANTINED_HTML:track_condition,330,1,2026-08-01,pw01sde1007202602030420260801,https://www.jra.go.jp/JRADB/accessS.html?CNAME=pw01sde1007202602030420260801%2F5B,9
複勝,QUARANTINED_HTML:track_condition,160,1,2026-08-01,pw01sde1007202602030420260801,https://www.jra.go.jp/JRADB/accessS.html?CNAME=pw01sde1007202602030420260801%2F5B,9
複勝,QUARANTINED_HTML:track_condition,2580,14,2026-08-01,pw01sde1007202602030420260801,https://www.jra.go.jp/JRADB/accessS.html?CNAME=pw01sde1007202602030420260801%2F5B,8
複勝,QUARANTINED_HTML:track_condition,410,7,2026-08-01,pw01sde1007202602030420260801,https://www.jra.go.jp/JRADB/accessS.html?CNAME=pw01sde1007202602030420260801%2F5B,13
枠連,QUARANTINED_HTML:track_condition,10230,23,2026-08-01,pw01sde1007202602030420260801,https://www.jra.go.jp/JRADB/accessS.html?CNAME=pw01sde1007202602030420260801%2F5B,4-5
ワイド,QUARANTINED_HTML:track_condition,7770,59,2026-08-01,pw01sde1007202602030420260801,https://www.jra.go.jp/JRADB/accessS.html?CNAME=pw01sde1007202602030420260801%2F5B,8-9
ワイド,QUARANTINED_HTML:track_condition,870,9,2026-08-01,pw01sde1007202602030420260801,https://www.jra.go.jp/JRADB/accessS.html?CNAME=pw01sde1007202602030420260801%2F5B,9-13
ワイド,QUARANTINED_HTML:track_condition,24180,90,2026-08-01,pw01sde1007202602030420260801,https://www.jra.go.jp/JRADB/accessS.html?CNAME=pw01sde1007202602030420260801%2F5B,8-13
馬連,QUARANTINED_HTML:track_condition,29610,57,2026-08-01,pw01sde1007202602030420260801,https://www.jra.go.jp/JRADB/accessS.html?CNAME=pw01sde1007202602030420260801%2F5B,8-9
馬単,QUARANTINED_HTML:track_condition,36520,90,2026-08-01,pw01sde1007202602030420260801,https://www.jra.go.jp/JRADB/accessS.html?CNAME=pw01sde1007202602030420260801%2F5B,9-8
3連複,QUARANTINED_HTML:track_condition,103390,199,2026-08-01,pw01sde1007202602030420260801,https://www.jra.go.jp/JRADB/accessS.html?CNAME=pw01sde1007202602030420260801%2F5B,8-9-13
3連単,QUARANTINED_HTML:track_condition,547990,1078,2026-08-01,pw01sde1007202602030420260801,https://www.jra.go.jp/JRADB/accessS.html?CNAME=pw01sde1007202602030420260801%2F5B,9-8-13
単勝,QUARANTINED_HTML:track_condition,450,2,2026-08-01,pw01sde1007202602030520260801,https://www.jra.go.jp/JRADB/accessS.html?CNAME=pw01sde1007202602030520260801%2F10,14
複勝,QUARANTINED_HTML:track_condition,150,2,2026-08-01,pw01sde1007202602030520260801,https://www.jra.go.jp/JRADB/accessS.html?CNAME=pw01sde1007202602030520260801%2F10,14
複勝,QUARANTINED_HTML:track_condition,130,1,2026-08-01,pw01sde1007202602030520260801,https://www.jra.go.jp/JRADB/accessS.html?CNAME=pw01sde1007202602030520260801%2F10,9
複勝,QUARANTINED_HTML:track_condition,190,4,2026-08-01,pw01sde1007202602030520260801,https://www.jra.go.jp/JRADB/accessS.html?CNAME=pw01sde1007202602030520260801%2F10,2
枠連,QUARANTINED_HTML:track_condition,540,2,2026-08-01,pw01sde1007202602030520260801,https://www.jra.go.jp/JRADB/accessS.html?CNAME=pw01sde1007202602030520260801%2F10,5-7
ワイド,QUARANTINED_HTML:track_condition,290,1,2026-08-01,pw01sde1007202602030520260801,https://www.jra.go.jp/JRADB/accessS.html?CNAME=pw01sde1007202602030520260801%2F10,9-14
ワイド,QUARANTINED_HTML:track_condition,710,10,2026-08-01,pw01sde1007202602030520260801,https://www.jra.go.jp/JRADB/accessS.html?CNAME=pw01sde1007202602030520260801%2F10,2-14
ワイド,QUARANTINED_HTML:track_condition,350,3,2026-08-01,pw01sde1007202602030520260801,https://www.jra.go.jp/JRADB/accessS.html?CNAME=pw01sde1007202602030520260801%2F10,2-9
馬連,QUARANTINED_HTML:track_condition,630,1,2026-08-01,pw01sde1007202602030520260801,https://www.jra.go.jp/JRADB/accessS.html?CNAME=pw01sde1007202602030520260801%2F10,9-14
馬単,QUARANTINED_HTML:track_condition,1440,4,2026-08-01,pw01sde1007202602030520260801,https://www.jra.go.jp/JRADB/accessS.html?CNAME=pw01sde1007202602030520260801%2F10,14-9
3連複,QUARANTINED_HTML:track_condition,1480,2,2026-08-01,pw01sde1007202602030520260801,https://www.jra.go.jp/JRADB/accessS.html?CNAME=pw01sde1007202602030520260801%2F10,2-9-14
3連単,QUARANTINED_HTML:track_condition,6970,15,2026-08-01,pw01sde1007202602030520260801,https://www.jra.go.jp/JRADB/accessS.html?CNAME=pw01sde1007202602030520260801%2F10,14-9-2
単勝,PASS_HTML,1610,7,2026-08-01,pw01sde1007202602030720260801,https://www.jra.go.jp/JRADB/accessS.html?CNAME=pw01sde1007202602030720260801%2F7A,6
複勝,PASS_HTML,460,7,2026-08-01,pw01sde1007202602030720260801,https://www.jra.go.jp/JRADB/accessS.html?CNAME=pw01sde1007202602030720260801%2F7A,6
複勝,PASS_HTML,240,3,2026-08-01,pw01sde1007202602030720260801,https://www.jra.go.jp/JRADB/accessS.html?CNAME=pw01sde1007202602030720260801%2F7A,8
複勝,PASS_HTML,270,4,2026-08-01,pw01sde1007202602030720260801,https://www.jra.go.jp/JRADB/accessS.html?CNAME=pw01sde1007202602030720260801%2F7A,1
枠連,PASS_HTML,2660,11,2026-08-01,pw01sde1007202602030720260801,https://www.jra.go.jp/JRADB/accessS.html?CNAME=pw01sde1007202602030720260801%2F7A,6-7
ワイド,PASS_HTML,2490,31,2026-08-01,pw01sde1007202602030720260801,https://www.jra.go.jp/JRADB/accessS.html?CNAME=pw01sde1007202602030720260801%2F7A,6-8
ワイド,PASS_HTML,1490,19,2026-08-01,pw01sde1007202602030720260801,https://www.jra.go.jp/JRADB/accessS.html?CNAME=pw01sde1007202602030720260801%2F7A,1-6
ワイド,PASS_HTML,1040,10,2026-08-01,pw01sde1007202602030720260801,https://www.jra.go.jp/JRADB/accessS.html?CNAME=pw01sde1007202602030720260801%2F7A,1-8
馬連,PASS_HTML,9850,30,2026-08-01,pw01sde1007202602030720260801,https://www.jra.go.jp/JRADB/accessS.html?CNAME=pw01sde1007202602030720260801%2F7A,6-8
馬単,PASS_HTML,23020,63,2026-08-01,pw01sde1007202602030720260801,https://www.jra.go.jp/JRADB/accessS.html?CNAME=pw01sde1007202602030720260801%2F7A,6-8
3連複,PASS_HTML,19830,65,2026-08-01,pw01sde1007202602030720260801,https://www.jra.go.jp/JRADB/accessS.html?CNAME=pw01sde1007202602030720260801%2F7A,1-6-8
3連単,PASS_HTML,169870,431,2026-08-01,pw01sde1007202602030720260801,https://www.jra.go.jp/JRADB/accessS.html?CNAME=pw01sde1007202602030720260801%2F7A,6-8-1
単勝,QUARANTINED_HTML:track_condition,190,1,2026-08-01,pw01sde1007202602030620260801,https://www.jra.go.jp/JRADB/accessS.html?CNAME=pw01sde1007202602030620260801%2FC5,3
複勝,QUARANTINED_HTML:track_condition,110,1,2026-08-01,pw01sde1007202602030620260801,https://www.jra.go.jp/JRADB/accessS.html?CNAME=pw01sde1007202602030620260801%2FC5,3
複勝,QUARANTINED_HTML:track_condition,290,6,2026-08-01,pw01sde1007202602030620260801,https://www.jra.go.jp/JRADB/accessS.html?CNAME=pw01sde1007202602030620260801%2FC5,13
複勝,QUARANTINED_HTML:track_condition,150,2,2026-08-01,pw01sde1007202602030620260801,https://www.jra.go.jp/JRADB/accessS.html?CNAME=pw01sde1007202602030620260801%2FC5,8
枠連,QUARANTINED_HTML:track_condition,440,2,2026-08-01,pw01sde1007202602030620260801,https://www.jra.go.jp/JRADB/accessS.html?CNAME=pw01sde1007202602030620260801%2FC5,2-7
ワイド,QUARANTINED_HTML:track_condition,520,6,2026-08-01,pw01sde1007202602030620260801,https://www.jra.go.jp/JRADB/accessS.html?CNAME=pw01sde1007202602030620260801%2FC5,3-13
ワイド,QUARANTINED_HTML:track_condition,220,1,2026-08-01,pw01sde1007202602030620260801,https://www.jra.go.jp/JRADB/accessS.html?CNAME=pw01sde1007202602030620260801%2FC5,3-8
ワイド,QUARANTINED_HTML:track_condition,690,8,2026-08-01,pw01sde1007202602030620260801,https://www.jra.go.jp/JRADB/accessS.html?CNAME=pw01sde1007202602030620260801%2FC5,8-13
馬連,QUARANTINED_HTML:track_condition,1490,5,2026-08-01,pw01sde1007202602030620260801,https://www.jra.go.jp/JRADB/accessS.html?CNAME=pw01sde1007202602030620260801%2FC5,3-13
馬単,QUARANTINED_HTML:track_condition,2090,6,2026-08-01,pw01sde1007202602030620260801,https://www.jra.go.jp/JRADB/accessS.html?CNAME=pw01sde1007202602030620260801%2FC5,3-13
3連複,QUARANTINED_HTML:track_condition,1380,3,2026-08-01,pw01sde1007202602030620260801,https://www.jra.go.jp/JRADB/accessS.html?CNAME=pw01sde1007202602030620260801%2FC5,3-8-13
3連単,QUARANTINED_HTML:track_condition,8390,22,2026-08-01,pw01sde1007202602030620260801,https://www.jra.go.jp/JRADB/accessS.html?CNAME=pw01sde1007202602030620260801%2FC5,3-13-8
単勝,QUARANTINED_HTML:track_condition,120,1,2026-08-01,pw01sde1007202602030820260801,https://www.jra.go.jp/JRADB/accessS.html?CNAME=pw01sde1007202602030820260801%2F2F,10
複勝,QUARANTINED_HTML:track_condition,100,1,2026-08-01,pw01sde1007202602030820260801,https://www.jra.go.jp/JRADB/accessS.html?CNAME=pw01sde1007202602030820260801%2F2F,10
複勝,QUARANTINED_HTML:track_condition,220,6,2026-08-01,pw01sde1007202602030820260801,https://www.jra.go.jp/JRADB/accessS.html?CNAME=pw01sde1007202602030820260801%2F2F,8
複勝,QUARANTINED_HTML:track_condition,130,2,2026-08-01,pw01sde1007202602030820260801,https://www.jra.go.jp/JRADB/accessS.html?CNAME=pw01sde1007202602030820260801%2F2F,4
枠連,QUARANTINED_HTML:track_condition,890,4,2026-08-01,pw01sde1007202602030820260801,https://www.jra.go.jp/JRADB/accessS.html?CNAME=pw01sde1007202602030820260801%2F2F,6-7
ワイド,QUARANTINED_HTML:track_condition,320,4,2026-08-01,pw01sde1007202602030820260801,https://www.jra.go.jp/JRADB/accessS.html?CNAME=pw01sde1007202602030820260801%2F2F,8-10
ワイド,QUARANTINED_HTML:track_condition,170,1,2026-08-01,pw01sde1007202602030820260801,https://www.jra.go.jp/JRADB/accessS.html?CNAME=pw01sde1007202602030820260801%2F2F,4-10
ワイド,QUARANTINED_HTML:track_condition,860,9,2026-08-01,pw01sde1007202602030820260801,https://www.jra.go.jp/JRADB/accessS.html?CNAME=pw01sde1007202602030820260801%2F2F,4-8
馬連,QUARANTINED_HTML:track_condition,930,4,2026-08-01,pw01sde1007202602030820260801,https://www.jra.go.jp/JRADB/accessS.html?CNAME=pw01sde1007202602030820260801%2F2F,8-10
馬単,QUARANTINED_HTML:track_condition,1000,4,2026-08-01,pw01sde1007202602030820260801,https://www.jra.go.jp/JRADB/accessS.html?CNAME=pw01sde1007202602030820260801%2F2F,10-8
3連複,QUARANTINED_HTML:track_condition,1170,4,2026-08-01,pw01sde1007202602030820260801,https://www.jra.go.jp/JRADB/accessS.html?CNAME=pw01sde1007202602030820260801%2F2F,4-8-10
3連単,QUARANTINED_HTML:track_condition,3600,7,2026-08-01,pw01sde1007202602030820260801,https://www.jra.go.jp/JRADB/accessS.html?CNAME=pw01sde1007202602030820260801%2F2F,10-8-4
単勝,QUARANTINED_HTML:track_condition,190,1,2026-08-01,pw01sde1007202602031020260801,https://www.jra.go.jp/JRADB/accessS.html?CNAME=pw01sde1007202602031020260801%2FD9,14
複勝,QUARANTINED_HTML:track_condition,120,1,2026-08-01,pw01sde1007202602031020260801,https://www.jra.go.jp/JRADB/accessS.html?CNAME=pw01sde1007202602031020260801%2FD9,14
複勝,QUARANTINED_HTML:track_condition,230,4,2026-08-01,pw01sde1007202602031020260801,https://www.jra.go.jp/JRADB/accessS.html?CNAME=pw01sde1007202602031020260801%2FD9,7
複勝,QUARANTINED_HTML:track_condition,160,2,2026-08-01,pw01sde1007202602031020260801,https://www.jra.go.jp/JRADB/accessS.html?CNAME=pw01sde1007202602031020260801%2FD9,10
枠連,QUARANTINED_HTML:track_condition,780,2,2026-08-01,pw01sde1007202602031020260801,https://www.jra.go.jp/JRADB/accessS.html?CNAME=pw01sde1007202602031020260801%2FD9,4-7
ワイド,QUARANTINED_HTML:track_condition,480,3,2026-08-01,pw01sde1007202602031020260801,https://www.jra.go.jp/JRADB/accessS.html?CNAME=pw01sde1007202602031020260801%2FD9,7-14
ワイド,QUARANTINED_HTML:track_condition,270,1,2026-08-01,pw01sde1007202602031020260801,https://www.jra.go.jp/JRADB/accessS.html?CNAME=pw01sde1007202602031020260801%2FD9,10-14
ワイド,QUARANTINED_HTML:track_condition,890,9,2026-08-01,pw01sde1007202602031020260801,https://www.jra.go.jp/JRADB/accessS.html?CNAME=pw01sde1007202602031020260801%2FD9,7-10
馬連,QUARANTINED_HTML:track_condition,1110,3,2026-08-01,pw01sde1007202602031020260801,https://www.jra.go.jp/JRADB/accessS.html?CNAME=pw01sde1007202602031020260801%2FD9,7-14
馬単,QUARANTINED_HTML:track_condition,1480,2,2026-08-01,pw01sde1007202602031020260801,https://www.jra.go.jp/JRADB/accessS.html?CNAME=pw01sde1007202602031020260801%2FD9,14-7
3連複,QUARANTINED_HTML:track_condition,2550,3,2026-08-01,pw01sde1007202602031020260801,https://www.jra.go.jp/JRADB/accessS.html?CNAME=pw01sde1007202602031020260801%2FD9,7-10-14
3連単,QUARANTINED_HTML:track_condition,8060,6,2026-08-01,pw01sde1007202602031020260801,https://www.jra.go.jp/JRADB/accessS.html?CNAME=pw01sde1007202602031020260801%2FD9,14-7-10
単勝,PASS_HTML,820,4,2026-08-02,pw01sde1007202602040120260802,https://www.jra.go.jp/JRADB/accessS.html?CNAME=pw01sde1007202602040120260802%2F6C,8
複勝,PASS_HTML,160,3,2026-08-02,pw01sde1007202602040120260802,https://www.jra.go.jp/JRADB/accessS.html?CNAME=pw01sde1007202602040120260802%2F6C,8
複勝,PASS_HTML,120,1,2026-08-02,pw01sde1007202602040120260802,https://www.jra.go.jp/JRADB/accessS.html?CNAME=pw01sde1007202602040120260802%2F6C,4
複勝,PASS_HTML,130,2,2026-08-02,pw01sde1007202602040120260802,https://www.jra.go.jp/JRADB/accessS.html?CNAME=pw01sde1007202602040120260802%2F6C,17
枠連,PASS_HTML,690,3,2026-08-02,pw01sde1007202602040120260802,https://www.jra.go.jp/JRADB/accessS.html?CNAME=pw01sde1007202602040120260802%2F6C,2-4
ワイド,PASS_HTML,310,1,2026-08-02,pw01sde1007202602040120260802,https://www.jra.go.jp/JRADB/accessS.html?CNAME=pw01sde1007202602040120260802%2F6C,4-8
ワイド,PASS_HTML,540,5,2026-08-02,pw01sde1007202602040120260802,https://www.jra.go.jp/JRADB/accessS.html?CNAME=pw01sde1007202602040120260802%2F6C,8-17
ワイド,PASS_HTML,320,2,2026-08-02,pw01sde1007202602040120260802,https://www.jra.go.jp/JRADB/accessS.html?CNAME=pw01sde1007202602040120260802%2F6C,4-17
馬連,PASS_HTML,780,1,2026-08-02,pw01sde1007202602040120260802,https://www.jra.go.jp/JRADB/accessS.html?CNAME=pw01sde1007202602040120260802%2F6C,4-8
馬単,PASS_HTML,2120,6,2026-08-02,pw01sde1007202602040120260802,https://www.jra.go.jp/JRADB/accessS.html?CNAME=pw01sde1007202602040120260802%2F6C,8-4
3連複,PASS_HTML,1370,2,2026-08-02,pw01sde1007202602040120260802,https://www.jra.go.jp/JRADB/accessS.html?CNAME=pw01sde1007202602040120260802%2F6C,4-8-17
3連単,PASS_HTML,9970,14,2026-08-02,pw01sde1007202602040120260802,https://www.jra.go.jp/JRADB/accessS.html?CNAME=pw01sde1007202602040120260802%2F6C,8-4-17
単勝,PASS_HTML,480,2,2026-08-01,pw01sde1007202602031120260801,https://www.jra.go.jp/JRADB/accessS.html?CNAME=pw01sde1007202602031120260801%2F8E,3
複勝,PASS_HTML,150,2,2026-08-01,pw01sde1007202602031120260801,https://www.jra.go.jp/JRADB/accessS.html?CNAME=pw01sde1007202602031120260801%2F8E,3
複勝,PASS_HTML,270,6,2026-08-01,pw01sde1007202602031120260801,https://www.jra.go.jp/JRADB/accessS.html?CNAME=pw01sde1007202602031120260801%2F8E,5
複勝,PASS_HTML,110,1,2026-08-01,pw01sde1007202602031120260801,https://www.jra.go.jp/JRADB/accessS.html?CNAME=pw01sde1007202602031120260801%2F8E,7
枠連,PASS_HTML,2930,11,2026-08-01,pw01sde1007202602031120260801,https://www.jra.go.jp/JRADB/accessS.html?CNAME=pw01sde1007202602031120260801%2F8E,3-5
ワイド,PASS_HTML,830,13,2026-08-01,pw01sde1007202602031120260801,https://www.jra.go.jp/JRADB/accessS.html?CNAME=pw01sde1007202602031120260801%2F8E,3-5
ワイド,PASS_HTML,210,1,2026-08-01,pw01sde1007202602031120260801,https://www.jra.go.jp/JRADB/accessS.html?CNAME=pw01sde1007202602031120260801%2F8E,3-7
ワイド,PASS_HTML,520,7,2026-08-01,pw01sde1007202602031120260801,https://www.jra.go.jp/JRADB/accessS.html?CNAME=pw01sde1007202602031120260801%2F8E,5-7
馬連,PASS_HTML,2830,12,2026-08-01,pw01sde1007202602031120260801,https://www.jra.go.jp/JRADB/accessS.html?CNAME=pw01sde1007202602031120260801%2F8E,3-5
馬単,PASS_HTML,4970,20,2026-08-01,pw01sde1007202602031120260801,https://www.jra.go.jp/JRADB/accessS.html?CNAME=pw01sde1007202602031120260801%2F8E,3-5
3連複,PASS_HTML,1590,5,2026-08-01,pw01sde1007202602031120260801,https://www.jra.go.jp/JRADB/accessS.html?CNAME=pw01sde1007202602031120260801%2F8E,3-5-7
3連単,PASS_HTML,13430,45,2026-08-01,pw01sde1007202602031120260801,https://www.jra.go.jp/JRADB/accessS.html?CNAME=pw01sde1007202602031120260801%2F8E,3-5-7
単勝,PASS_HTML,700,4,2026-08-01,pw01sde1007202602030920260801,https://www.jra.go.jp/JRADB/accessS.html?CNAME=pw01sde1007202602030920260801%2FE4,7
複勝,PASS_HTML,160,4,2026-08-01,pw01sde1007202602030920260801,https://www.jra.go.jp/JRADB/accessS.html?CNAME=pw01sde1007202602030920260801%2FE4,7
複勝,PASS_HTML,130,2,2026-08-01,pw01sde1007202602030920260801,https://www.jra.go.jp/JRADB/accessS.html?CNAME=pw01sde1007202602030920260801%2FE4,8
複勝,PASS_HTML,150,3,2026-08-01,pw01sde1007202602030920260801,https://www.jra.go.jp/JRADB/accessS.html?CNAME=pw01sde1007202602030920260801%2FE4,2
枠連,PASS_HTML,960,4,2026-08-01,pw01sde1007202602030920260801,https://www.jra.go.jp/JRADB/accessS.html?CNAME=pw01sde1007202602030920260801%2FE4,6-7
ワイド,PASS_HTML,440,5,2026-08-01,pw01sde1007202602030920260801,https://www.jra.go.jp/JRADB/accessS.html?CNAME=pw01sde1007202602030920260801%2FE4,7-8
ワイド,PASS_HTML,490,7,2026-08-01,pw01sde1007202602030920260801,https://www.jra.go.jp/JRADB/accessS.html?CNAME=pw01sde1007202602030920260801%2FE4,2-7
ワイド,PASS_HTML,290,3,2026-08-01,pw01sde1007202602030920260801,https://www.jra.go.jp/JRADB/accessS.html?CNAME=pw01sde1007202602030920260801%2FE4,2-8
馬連,PASS_HTML,1020,5,2026-08-01,pw01sde1007202602030920260801,https://www.jra.go.jp/JRADB/accessS.html?CNAME=pw01sde1007202602030920260801%2FE4,7-8
馬単,PASS_HTML,2250,10,2026-08-01,pw01sde1007202602030920260801,https://www.jra.go.jp/JRADB/accessS.html?CNAME=pw01sde1007202602030920260801%2FE4,7-8
3連複,PASS_HTML,1680,4,2026-08-01,pw01sde1007202602030920260801,https://www.jra.go.jp/JRADB/accessS.html?CNAME=pw01sde1007202602030920260801%2FE4,2-7-8
3連単,PASS_HTML,9860,31,2026-08-01,pw01sde1007202602030920260801,https://www.jra.go.jp/JRADB/accessS.html?CNAME=pw01sde1007202602030920260801%2FE4,7-8-2
単勝,PASS_HTML,440,2,2026-08-01,pw01sde1007202602031220260801,https://www.jra.go.jp/JRADB/accessS.html?CNAME=pw01sde1007202602031220260801%2F43,1
複勝,PASS_HTML,170,3,2026-08-01,pw01sde1007202602031220260801,https://www.jra.go.jp/JRADB/accessS.html?CNAME=pw01sde1007202602031220260801%2F43,1
複勝,PASS_HTML,230,5,2026-08-01,pw01sde1007202602031220260801,https://www.jra.go.jp/JRADB/accessS.html?CNAME=pw01sde1007202602031220260801%2F43,6
複勝,PASS_HTML,170,2,2026-08-01,pw01sde1007202602031220260801,https://www.jra.go.jp/JRADB/accessS.html?CNAME=pw01sde1007202602031220260801%2F43,3
枠連,PASS_HTML,1140,5,2026-08-01,pw01sde1007202602031220260801,https://www.jra.go.jp/JRADB/accessS.html?CNAME=pw01sde1007202602031220260801%2F43,1-6
ワイド,PASS_HTML,550,8,2026-08-01,pw01sde1007202602031220260801,https://www.jra.go.jp/JRADB/accessS.html?CNAME=pw01sde1007202602031220260801%2F43,1-6
ワイド,PASS_HTML,370,3,2026-08-01,pw01sde1007202602031220260801,https://www.jra.go.jp/JRADB/accessS.html?CNAME=pw01sde1007202602031220260801%2F43,1-3
ワイド,PASS_HTML,730,11,2026-08-01,pw01sde1007202602031220260801,https://www.jra.go.jp/JRADB/accessS.html?CNAME=pw01sde1007202602031220260801%2F43,3-6
馬連,PASS_HTML,1250,5,2026-08-01,pw01sde1007202602031220260801,https://www.jra.go.jp/JRADB/accessS.html?CNAME=pw01sde1007202602031220260801%2F43,1-6
馬単,PASS_HTML,2410,9,2026-08-01,pw01sde1007202602031220260801,https://www.jra.go.jp/JRADB/accessS.html?CNAME=pw01sde1007202602031220260801%2F43,1-6
3連複,PASS_HTML,2190,6,2026-08-01,pw01sde1007202602031220260801,https://www.jra.go.jp/JRADB/accessS.html?CNAME=pw01sde1007202602031220260801%2F43,1-3-6
3連単,PASS_HTML,13030,38,2026-08-01,pw01sde1007202602031220260801,https://www.jra.go.jp/JRADB/accessS.html?CNAME=pw01sde1007202602031220260801%2F43,1-6-3
単勝,QUARANTINED_HTML:track_condition,210,1,2026-08-02,pw01sde1007202602040220260802,https://www.jra.go.jp/JRADB/accessS.html?CNAME=pw01sde1007202602040220260802%2F21,4
複勝,QUARANTINED_HTML:track_condition,120,1,2026-08-02,pw01sde1007202602040220260802,https://www.jra.go.jp/JRADB/accessS.html?CNAME=pw01sde1007202602040220260802%2F21,4
複勝,QUARANTINED_HTML:track_condition,230,5,2026-08-02,pw01sde1007202602040220260802,https://www.jra.go.jp/JRADB/accessS.html?CNAME=pw01sde1007202602040220260802%2F21,5
複勝,QUARANTINED_HTML:track_condition,150,3,2026-08-02,pw01sde1007202602040220260802,https://www.jra.go.jp/JRADB/accessS.html?CNAME=pw01sde1007202602040220260802%2F21,1
ワイド,QUARANTINED_HTML:track_condition,420,6,2026-08-02,pw01sde1007202602040220260802,https://www.jra.go.jp/JRADB/accessS.html?CNAME=pw01sde1007202602040220260802%2F21,4-5
ワイド,QUARANTINED_HTML:track_condition,230,2,2026-08-02,pw01sde1007202602040220260802,https://www.jra.go.jp/JRADB/accessS.html?CNAME=pw01sde1007202602040220260802%2F21,1-4
ワイド,QUARANTINED_HTML:track_condition,770,11,2026-08-02,pw01sde1007202602040220260802,https://www.jra.go.jp/JRADB/accessS.html?CNAME=pw01sde1007202602040220260802%2F21,1-5
馬連,QUARANTINED_HTML:track_condition,1390,6,2026-08-02,pw01sde1007202602040220260802,https://www.jra.go.jp/JRADB/accessS.html?CNAME=pw01sde1007202602040220260802%2F21,4-5
馬単,QUARANTINED_HTML:track_condition,2010,8,2026-08-02,pw01sde1007202602040220260802,https://www.jra.go.jp/JRADB/accessS.html?CNAME=pw01sde1007202602040220260802%2F21,4-5
3連複,QUARANTINED_HTML:track_condition,1960,7,2026-08-02,pw01sde1007202602040220260802,https://www.jra.go.jp/JRADB/accessS.html?CNAME=pw01sde1007202602040220260802%2F21,1-4-5
3連単,QUARANTINED_HTML:track_condition,8220,30,2026-08-02,pw01sde1007202602040220260802,https://www.jra.go.jp/JRADB/accessS.html?CNAME=pw01sde1007202602040220260802%2F21,4-5-1
単勝,PASS_HTML,6350,9,2026-08-02,pw01sde1007202602040320260802,https://www.jra.go.jp/JRADB/accessS.html?CNAME=pw01sde1007202602040320260802%2FD6,8
複勝,PASS_HTML,790,9,2026-08-02,pw01sde1007202602040320260802,https://www.jra.go.jp/JRADB/accessS.html?CNAME=pw01sde1007202602040320260802%2FD6,8
複勝,PASS_HTML,150,2,2026-08-02,pw01sde1007202602040320260802,https://www.jra.go.jp/JRADB/accessS.html?CNAME=pw01sde1007202602040320260802%2FD6,2
複勝,PASS_HTML,180,3,2026-08-02,pw01sde1007202602040320260802,https://www.jra.go.jp/JRADB/accessS.html?CNAME=pw01sde1007202602040320260802%2FD6,6
枠連,PASS_HTML,2190,9,2026-08-02,pw01sde1007202602040320260802,https://www.jra.go.jp/JRADB/accessS.html?CNAME=pw01sde1007202602040320260802%2FD6,2-7
ワイド,PASS_HTML,2200,23,2026-08-02,pw01sde1007202602040320260802,https://www.jra.go.jp/JRADB/accessS.html?CNAME=pw01sde1007202602040320260802%2FD6,2-8
ワイド,PASS_HTML,2720,30,2026-08-02,pw01sde1007202602040320260802,https://www.jra.go.jp/JRADB/accessS.html?CNAME=pw01sde1007202602040320260802%2FD6,6-8
ワイド,PASS_HTML,340,3,2026-08-02,pw01sde1007202602040320260802,https://www.jra.go.jp/JRADB/accessS.html?CNAME=pw01sde1007202602040320260802%2FD6,2-6
馬連,PASS_HTML,9310,24,2026-08-02,pw01sde1007202602040320260802,https://www.jra.go.jp/JRADB/accessS.html?CNAME=pw01sde1007202602040320260802%2FD6,2-8
馬単,PASS_HTML,32090,62,2026-08-02,pw01sde1007202602040320260802,https://www.jra.go.jp/JRADB/accessS.html?CNAME=pw01sde1007202602040320260802%2FD6,8-2
3連複,PASS_HTML,8900,27,2026-08-02,pw01sde1007202602040320260802,https://www.jra.go.jp/JRADB/accessS.html?CNAME=pw01sde1007202602040320260802%2FD6,2-6-8
3連単,PASS_HTML,140290,330,2026-08-02,pw01sde1007202602040320260802,https://www.jra.go.jp/JRADB/accessS.html?CNAME=pw01sde1007202602040320260802%2FD6,8-2-6
単勝,QUARANTINED_HTML:track_condition,600,3,2026-08-02,pw01sde1007202602040420260802,https://www.jra.go.jp/JRADB/accessS.html?CNAME=pw01sde1007202602040420260802%2F8B,11
複勝,QUARANTINED_HTML:track_condition,240,3,2026-08-02,pw01sde1007202602040420260802,https://www.jra.go.jp/JRADB/accessS.html?CNAME=pw01sde1007202602040420260802%2F8B,11
複勝,QUARANTINED_HTML:track_condition,180,1,2026-08-02,pw01sde1007202602040420260802,https://www.jra.go.jp/JRADB/accessS.html?CNAME=pw01sde1007202602040420260802%2F8B,15
複勝,QUARANTINED_HTML:track_condition,1170,12,2026-08-02,pw01sde1007202602040420260802,https://www.jra.go.jp/JRADB/accessS.html?CNAME=pw01sde1007202602040420260802%2F8B,10
枠連,QUARANTINED_HTML:track_condition,920,2,2026-08-02,pw01sde1007202602040420260802,https://www.jra.go.jp/JRADB/accessS.html?CNAME=pw01sde1007202602040420260802%2F8B,6-8
ワイド,QUARANTINED_HTML:track_condition,670,2,2026-08-02,pw01sde1007202602040420260802,https://www.jra.go.jp/JRADB/accessS.html?CNAME=pw01sde1007202602040420260802%2F8B,11-15
ワイド,QUARANTINED_HTML:track_condition,3960,45,2026-08-02,pw01sde1007202602040420260802,https://www.jra.go.jp/JRADB/accessS.html?CNAME=pw01sde1007202602040420260802%2F8B,10-11
ワイド,QUARANTINED_HTML:track_condition,3070,39,2026-08-02,pw01sde1007202602040420260802,https://www.jra.go.jp/JRADB/accessS.html?CNAME=pw01sde1007202602040420260802%2F8B,10-15
馬連,QUARANTINED_HTML:track_condition,1670,2,2026-08-02,pw01sde1007202602040420260802,https://www.jra.go.jp/JRADB/accessS.html?CNAME=pw01sde1007202602040420260802%2F8B,11-15
馬単,QUARANTINED_HTML:track_condition,3040,3,2026-08-02,pw01sde1007202602040420260802,https://www.jra.go.jp/JRADB/accessS.html?CNAME=pw01sde1007202602040420260802%2F8B,11-15
3連複,QUARANTINED_HTML:track_condition,17810,63,2026-08-02,pw01sde1007202602040420260802,https://www.jra.go.jp/JRADB/accessS.html?CNAME=pw01sde1007202602040420260802%2F8B,10-11-15
3連単,QUARANTINED_HTML:track_condition,63190,223,2026-08-02,pw01sde1007202602040420260802,https://www.jra.go.jp/JRADB/accessS.html?CNAME=pw01sde1007202602040420260802%2F8B,11-15-10
単勝,QUARANTINED_HTML:track_condition,210,1,2026-08-02,pw01sde1007202602040520260802,https://www.jra.go.jp/JRADB/accessS.html?CNAME=pw01sde1007202602040520260802%2F40,3
複勝,QUARANTINED_HTML:track_condition,130,1,2026-08-02,pw01sde1007202602040520260802,https://www.jra.go.jp/JRADB/accessS.html?CNAME=pw01sde1007202602040520260802%2F40,3
複勝,QUARANTINED_HTML:track_condition,700,9,2026-08-02,pw01sde1007202602040520260802,https://www.jra.go.jp/JRADB/accessS.html?CNAME=pw01sde1007202602040520260802%2F40,9
複勝,QUARANTINED_HTML:track_condition,180,2,2026-08-02,pw01sde1007202602040520260802,https://www.jra.go.jp/JRADB/accessS.html?CNAME=pw01sde1007202602040520260802%2F40,2
枠連,QUARANTINED_HTML:track_condition,1880,9,2026-08-02,pw01sde1007202602040520260802,https://www.jra.go.jp/JRADB/accessS.html?CNAME=pw01sde1007202602040520260802%2F40,3-8
ワイド,QUARANTINED_HTML:track_condition,1620,21,2026-08-02,pw01sde1007202602040520260802,https://www.jra.go.jp/JRADB/accessS.html?CNAME=pw01sde1007202602040520260802%2F40,3-9
ワイド,QUARANTINED_HTML:track_condition,360,3,2026-08-02,pw01sde1007202602040520260802,https://www.jra.go.jp/JRADB/accessS.html?CNAME=pw01sde1007202602040520260802%2F40,2-3
ワイド,QUARANTINED_HTML:track_condition,1930,23,2026-08-02,pw01sde1007202602040520260802,https://www.jra.go.jp/JRADB/accessS.html?CNAME=pw01sde1007202602040520260802%2F40,2-9
馬連,QUARANTINED_HTML:track_condition,5920,21,2026-08-02,pw01sde1007202602040520260802,https://www.jra.go.jp/JRADB/accessS.html?CNAME=pw01sde1007202602040520260802%2F40,3-9
馬単,QUARANTINED_HTML:track_condition,8300,36,2026-08-02,pw01sde1007202602040520260802,https://www.jra.go.jp/JRADB/accessS.html?CNAME=pw01sde1007202602040520260802%2F40,3-9
3連複,QUARANTINED_HTML:track_condition,5150,21,2026-08-02,pw01sde1007202602040520260802,https://www.jra.go.jp/JRADB/accessS.html?CNAME=pw01sde1007202602040520260802%2F40,2-3-9
3連単,QUARANTINED_HTML:track_condition,35640,143,2026-08-02,pw01sde1007202602040520260802,https://www.jra.go.jp/JRADB/accessS.html?CNAME=pw01sde1007202602040520260802%2F40,3-9-2
単勝,QUARANTINED_HTML:track_condition,450,3,2026-08-02,pw01sde1007202602040720260802,https://www.jra.go.jp/JRADB/accessS.html?CNAME=pw01sde1007202602040720260802%2FAA,9
複勝,QUARANTINED_HTML:track_condition,170,2,2026-08-02,pw01sde1007202602040720260802,https://www.jra.go.jp/JRADB/accessS.html?CNAME=pw01sde1007202602040720260802%2FAA,9
複勝,QUARANTINED_HTML:track_condition,210,4,2026-08-02,pw01sde1007202602040720260802,https://www.jra.go.jp/JRADB/accessS.html?CNAME=pw01sde1007202602040720260802%2FAA,8
複勝,QUARANTINED_HTML:track_condition,310,7,2026-08-02,pw01sde1007202602040720260802,https://www.jra.go.jp/JRADB/accessS.html?CNAME=pw01sde1007202602040720260802%2FAA,7
枠連,QUARANTINED_HTML:track_condition,1340,5,2026-08-02,pw01sde1007202602040720260802,https://www.jra.go.jp/JRADB/accessS.html?CNAME=pw01sde1007202602040720260802%2FAA,8-8
ワイド,QUARANTINED_HTML:track_condition,510,4,2026-08-02,pw01sde1007202602040720260802,https://www.jra.go.jp/JRADB/accessS.html?CNAME=pw01sde1007202602040720260802%2FAA,8-9
ワイド,QUARANTINED_HTML:track_condition,740,8,2026-08-02,pw01sde1007202602040720260802,https://www.jra.go.jp/JRADB/accessS.html?CNAME=pw01sde1007202602040720260802%2FAA,7-9
ワイド,QUARANTINED_HTML:track_condition,1020,16,2026-08-02,pw01sde1007202602040720260802,https://www.jra.go.jp/JRADB/accessS.html?CNAME=pw01sde1007202602040720260802%2FAA,7-8
馬連,QUARANTINED_HTML:track_condition,1500,6,2026-08-02,pw01sde1007202602040720260802,https://www.jra.go.jp/JRADB/accessS.html?CNAME=pw01sde1007202602040720260802%2FAA,8-9
馬単,QUARANTINED_HTML:track_condition,2470,10,2026-08-02,pw01sde1007202602040720260802,https://www.jra.go.jp/JRADB/accessS.html?CNAME=pw01sde1007202602040720260802%2FAA,9-8
3連複,QUARANTINED_HTML:track_condition,4060,16,2026-08-02,pw01sde1007202602040720260802,https://www.jra.go.jp/JRADB/accessS.html?CNAME=pw01sde1007202602040720260802%2FAA,7-8-9
3連単,QUARANTINED_HTML:track_condition,16820,55,2026-08-02,pw01sde1007202602040720260802,https://www.jra.go.jp/JRADB/accessS.html?CNAME=pw01sde1007202602040720260802%2FAA,9-8-7
単勝,PASS_HTML,140,1,2026-08-02,pw01sde1007202602040620260802,https://www.jra.go.jp/JRADB/accessS.html?CNAME=pw01sde1007202602040620260802%2FF5,6
複勝,PASS_HTML,110,1,2026-08-02,pw01sde1007202602040620260802,https://www.jra.go.jp/JRADB/accessS.html?CNAME=pw01sde1007202602040620260802%2FF5,6
複勝,PASS_HTML,110,2,2026-08-02,pw01sde1007202602040620260802,https://www.jra.go.jp/JRADB/accessS.html?CNAME=pw01sde1007202602040620260802%2FF5,4
複勝,PASS_HTML,150,4,2026-08-02,pw01sde1007202602040620260802,https://www.jra.go.jp/JRADB/accessS.html?CNAME=pw01sde1007202602040620260802%2FF5,5
枠連,PASS_HTML,230,1,2026-08-02,pw01sde1007202602040620260802,https://www.jra.go.jp/JRADB/accessS.html?CNAME=pw01sde1007202602040620260802%2FF5,4-6
ワイド,PASS_HTML,140,1,2026-08-02,pw01sde1007202602040620260802,https://www.jra.go.jp/JRADB/accessS.html?CNAME=pw01sde1007202602040620260802%2FF5,4-6
ワイド,PASS_HTML,240,3,2026-08-02,pw01sde1007202602040620260802,https://www.jra.go.jp/JRADB/accessS.html?CNAME=pw01sde1007202602040620260802%2FF5,5-6
ワイド,PASS_HTML,320,4,2026-08-02,pw01sde1007202602040620260802,https://www.jra.go.jp/JRADB/accessS.html?CNAME=pw01sde1007202602040620260802%2FF5,4-5
馬連,PASS_HTML,230,1,2026-08-02,pw01sde1007202602040620260802,https://www.jra.go.jp/JRADB/accessS.html?CNAME=pw01sde1007202602040620260802%2FF5,4-6
馬単,PASS_HTML,300,1,2026-08-02,pw01sde1007202602040620260802,https://www.jra.go.jp/JRADB/accessS.html?CNAME=pw01sde1007202602040620260802%2FF5,6-4
3連複,PASS_HTML,470,2,2026-08-02,pw01sde1007202602040620260802,https://www.jra.go.jp/JRADB/accessS.html?CNAME=pw01sde1007202602040620260802%2FF5,4-5-6
3連単,PASS_HTML,1130,2,2026-08-02,pw01sde1007202602040620260802,https://www.jra.go.jp/JRADB/accessS.html?CNAME=pw01sde1007202602040620260802%2FF5,6-4-5
単勝,PASS_HTML,280,2,2026-08-02,pw01sde1007202602040920260802,https://www.jra.go.jp/JRADB/accessS.html?CNAME=pw01sde1007202602040920260802%2F14,4
複勝,PASS_HTML,120,2,2026-08-02,pw01sde1007202602040920260802,https://www.jra.go.jp/JRADB/accessS.html?CNAME=pw01sde1007202602040920260802%2F14,4
複勝,PASS_HTML,120,1,2026-08-02,pw01sde1007202602040920260802,https://www.jra.go.jp/JRADB/accessS.html?CNAME=pw01sde1007202602040920260802%2F14,8
複勝,PASS_HTML,160,4,2026-08-02,pw01sde1007202602040920260802,https://www.jra.go.jp/JRADB/accessS.html?CNAME=pw01sde1007202602040920260802%2F14,6
枠連,PASS_HTML,280,1,2026-08-02,pw01sde1007202602040920260802,https://www.jra.go.jp/JRADB/accessS.html?CNAME=pw01sde1007202602040920260802%2F14,4-7
ワイド,PASS_HTML,170,1,2026-08-02,pw01sde1007202602040920260802,https://www.jra.go.jp/JRADB/accessS.html?CNAME=pw01sde1007202602040920260802%2F14,4-8
ワイド,PASS_HTML,290,3,2026-08-02,pw01sde1007202602040920260802,https://www.jra.go.jp/JRADB/accessS.html?CNAME=pw01sde1007202602040920260802%2F14,4-6
ワイド,PASS_HTML,280,2,2026-08-02,pw01sde1007202602040920260802,https://www.jra.go.jp/JRADB/accessS.html?CNAME=pw01sde1007202602040920260802%2F14,6-8
馬連,PASS_HTML,360,1,2026-08-02,pw01sde1007202602040920260802,https://www.jra.go.jp/JRADB/accessS.html?CNAME=pw01sde1007202602040920260802%2F14,4-8
馬単,PASS_HTML,650,1,2026-08-02,pw01sde1007202602040920260802,https://www.jra.go.jp/JRADB/accessS.html?CNAME=pw01sde1007202602040920260802%2F14,4-8
3連複,PASS_HTML,590,1,2026-08-02,pw01sde1007202602040920260802,https://www.jra.go.jp/JRADB/accessS.html?CNAME=pw01sde1007202602040920260802%2F14,4-6-8
3連単,PASS_HTML,1900,2,2026-08-02,pw01sde1007202602040920260802,https://www.jra.go.jp/JRADB/accessS.html?CNAME=pw01sde1007202602040920260802%2F14,4-8-6
単勝,QUARANTINED_HTML:track_condition,270,1,2026-08-02,pw01sde1007202602040820260802,https://www.jra.go.jp/JRADB/accessS.html?CNAME=pw01sde1007202602040820260802%2F5F,5
複勝,QUARANTINED_HTML:track_condition,120,1,2026-08-02,pw01sde1007202602040820260802,https://www.jra.go.jp/JRADB/accessS.html?CNAME=pw01sde1007202602040820260802%2F5F,5
複勝,QUARANTINED_HTML:track_condition,200,4,2026-08-02,pw01sde1007202602040820260802,https://www.jra.go.jp/JRADB/accessS.html?CNAME=pw01sde1007202602040820260802%2F5F,7
複勝,QUARANTINED_HTML:track_condition,140,2,2026-08-02,pw01sde1007202602040820260802,https://www.jra.go.jp/JRADB/accessS.html?CNAME=pw01sde1007202602040820260802%2F5F,3
枠連,QUARANTINED_HTML:track_condition,700,3,2026-08-02,pw01sde1007202602040820260802,https://www.jra.go.jp/JRADB/accessS.html?CNAME=pw01sde1007202602040820260802%2F5F,5-6
ワイド,QUARANTINED_HTML:track_condition,420,4,2026-08-02,pw01sde1007202602040820260802,https://www.jra.go.jp/JRADB/accessS.html?CNAME=pw01sde1007202602040820260802%2F5F,5-7
ワイド,QUARANTINED_HTML:track_condition,210,1,2026-08-02,pw01sde1007202602040820260802,https://www.jra.go.jp/JRADB/accessS.html?CNAME=pw01sde1007202602040820260802%2F5F,3-5
ワイド,QUARANTINED_HTML:track_condition,530,6,2026-08-02,pw01sde1007202602040820260802,https://www.jra.go.jp/JRADB/accessS.html?CNAME=pw01sde1007202602040820260802%2F5F,3-7
馬連,QUARANTINED_HTML:track_condition,1320,4,2026-08-02,pw01sde1007202602040820260802,https://www.jra.go.jp/JRADB/accessS.html?CNAME=pw01sde1007202602040820260802%2F5F,5-7
馬単,QUARANTINED_HTML:track_condition,1820,5,2026-08-02,pw01sde1007202602040820260802,https://www.jra.go.jp/JRADB/accessS.html?CNAME=pw01sde1007202602040820260802%2F5F,5-7
3連複,QUARANTINED_HTML:track_condition,1450,2,2026-08-02,pw01sde1007202602040820260802,https://www.jra.go.jp/JRADB/accessS.html?CNAME=pw01sde1007202602040820260802%2F5F,3-5-7
3連単,QUARANTINED_HTML:track_condition,7330,16,2026-08-02,pw01sde1007202602040820260802,https://www.jra.go.jp/JRADB/accessS.html?CNAME=pw01sde1007202602040820260802%2F5F,5-7-3
単勝,PASS_HTML,520,3,2026-08-02,pw01sde1007202602041120260802,https://www.jra.go.jp/JRADB/accessS.html?CNAME=pw01sde1007202602041120260802%2FBE,6
複勝,PASS_HTML,240,3,2026-08-02,pw01sde1007202602041120260802,https://www.jra.go.jp/JRADB/accessS.html?CNAME=pw01sde1007202602041120260802%2FBE,6
複勝,PASS_HTML,630,6,2026-08-02,pw01sde1007202602041120260802,https://www.jra.go.jp/JRADB/accessS.html?CNAME=pw01sde1007202602041120260802%2FBE,2
ワイド,PASS_HTML,650,11,2026-08-02,pw01sde1007202602041120260802,https://www.jra.go.jp/JRADB/accessS.html?CNAME=pw01sde1007202602041120260802%2FBE,2-6
ワイド,PASS_HTML,240,3,2026-08-02,pw01sde1007202602041120260802,https://www.jra.go.jp/JRADB/accessS.html?CNAME=pw01sde1007202602041120260802%2FBE,5-6
ワイド,PASS_HTML,520,9,2026-08-02,pw01sde1007202602041120260802,https://www.jra.go.jp/JRADB/accessS.html?CNAME=pw01sde1007202602041120260802%2FBE,2-5
馬連,PASS_HTML,2910,11,2026-08-02,pw01sde1007202602041120260802,https://www.jra.go.jp/JRADB/accessS.html?CNAME=pw01sde1007202602041120260802%2FBE,2-6
馬単,PASS_HTML,4700,20,2026-08-02,pw01sde1007202602041120260802,https://www.jra.go.jp/JRADB/accessS.html?CNAME=pw01sde1007202602041120260802%2FBE,6-2
3連複,PASS_HTML,2030,8,2026-08-02,pw01sde1007202602041120260802,https://www.jra.go.jp/JRADB/accessS.html?CNAME=pw01sde1007202602041120260802%2FBE,2-5-6
3連単,PASS_HTML,14710,51,2026-08-02,pw01sde1007202602041120260802,https://www.jra.go.jp/JRADB/accessS.html?CNAME=pw01sde1007202602041120260802%2FBE,6-2-5
単勝,QUARANTINED_HTML:track_condition,340,1,2026-08-02,pw01sde1007202602041020260802,https://www.jra.go.jp/JRADB/accessS.html?CNAME=pw01sde1007202602041020260802%2F09,4
複勝,QUARANTINED_HTML:track_condition,160,1,2026-08-02,pw01sde1007202602041020260802,https://www.jra.go.jp/JRADB/accessS.html?CNAME=pw01sde1007202602041020260802%2F09,4
複勝,QUARANTINED_HTML:track_condition,2760,14,2026-08-02,pw01sde1007202602041020260802,https://www.jra.go.jp/JRADB/accessS.html?CNAME=pw01sde1007202602041020260802%2F09,7
複勝,QUARANTINED_HTML:track_condition,220,3,2026-08-02,pw01sde1007202602041020260802,https://www.jra.go.jp/JRADB/accessS.html?CNAME=pw01sde1007202602041020260802%2F09,11
枠連,QUARANTINED_HTML:track_condition,7080,17,2026-08-02,pw01sde1007202602041020260802,https://www.jra.go.jp/JRADB/accessS.html?CNAME=pw01sde1007202602041020260802%2F09,3-5
ワイド,QUARANTINED_HTML:track_condition,8770,58,2026-08-02,pw01sde1007202602041020260802,https://www.jra.go.jp/JRADB/accessS.html?CNAME=pw01sde1007202602041020260802%2F09,4-7
ワイド,QUARANTINED_HTML:track_condition,560,4,2026-08-02,pw01sde1007202602041020260802,https://www.jra.go.jp/JRADB/accessS.html?CNAME=pw01sde1007202602041020260802%2F09,4-11
ワイド,QUARANTINED_HTML:track_condition,17050,76,2026-08-02,pw01sde1007202602041020260802,https://www.jra.go.jp/JRADB/accessS.html?CNAME=pw01sde1007202602041020260802%2F09,7-11
馬連,QUARANTINED_HTML:track_condition,29630,50,2026-08-02,pw01sde1007202602041020260802,https://www.jra.go.jp/JRADB/accessS.html?CNAME=pw01sde1007202602041020260802%2F09,4-7
馬単,QUARANTINED_HTML:track_condition,34780,80,2026-08-02,pw01sde1007202602041020260802,https://www.jra.go.jp/JRADB/accessS.html?CNAME=pw01sde1007202602041020260802%2F09,4-7
3連複,QUARANTINED_HTML:track_condition,63620,141,2026-08-02,pw01sde1007202602041020260802,https://www.jra.go.jp/JRADB/accessS.html?CNAME=pw01sde1007202602041020260802%2F09,4-7-11
3連単,QUARANTINED_HTML:track_condition,329840,720,2026-08-02,pw01sde1007202602041020260802,https://www.jra.go.jp/JRADB/accessS.html?CNAME=pw01sde1007202602041020260802%2F09,4-7-11
単勝,PASS_HTML,590,3,2026-08-02,pw01sde1007202602041220260802,https://www.jra.go.jp/JRADB/accessS.html?CNAME=pw01sde1007202602041220260802%2F73,14
複勝,PASS_HTML,150,3,2026-08-02,pw01sde1007202602041220260802,https://www.jra.go.jp/JRADB/accessS.html?CNAME=pw01sde1007202602041220260802%2F73,14
複勝,PASS_HTML,130,1,2026-08-02,pw01sde1007202602041220260802,https://www.jra.go.jp/JRADB/accessS.html?CNAME=pw01sde1007202602041220260802%2F73,18
複勝,PASS_HTML,130,2,2026-08-02,pw01sde1007202602041220260802,https://www.jra.go.jp/JRADB/accessS.html?CNAME=pw01sde1007202602041220260802%2F73,12
枠連,PASS_HTML,710,2,2026-08-02,pw01sde1007202602041220260802,https://www.jra.go.jp/JRADB/accessS.html?CNAME=pw01sde1007202602041220260802%2F73,7-8
ワイド,PASS_HTML,350,3,2026-08-02,pw01sde1007202602041220260802,https://www.jra.go.jp/JRADB/accessS.html?CNAME=pw01sde1007202602041220260802%2F73,14-18
ワイド,PASS_HTML,310,2,2026-08-02,pw01sde1007202602041220260802,https://www.jra.go.jp/JRADB/accessS.html?CNAME=pw01sde1007202602041220260802%2F73,12-14
ワイド,PASS_HTML,250,1,2026-08-02,pw01sde1007202602041220260802,https://www.jra.go.jp/JRADB/accessS.html?CNAME=pw01sde1007202602041220260802%2F73,12-18
馬連,PASS_HTML,890,3,2026-08-02,pw01sde1007202602041220260802,https://www.jra.go.jp/JRADB/accessS.html?CNAME=pw01sde1007202602041220260802%2F73,14-18
馬単,PASS_HTML,1900,5,2026-08-02,pw01sde1007202602041220260802,https://www.jra.go.jp/JRADB/accessS.html?CNAME=pw01sde1007202602041220260802%2F73,14-18
3連複,PASS_HTML,830,1,2026-08-02,pw01sde1007202602041220260802,https://www.jra.go.jp/JRADB/accessS.html?CNAME=pw01sde1007202602041220260802%2F73,12-14-18
3連単,PASS_HTML,5230,5,2026-08-02,pw01sde1007202602041220260802,https://www.jra.go.jp/JRADB/accessS.html?CNAME=pw01sde1007202602041220260802%2F73,14-18-12
