body_weight_delta,carried_weight,corner_positions,course,data_status,distance_m,finish_position,horse_id,horse_name,horse_no,jockey,last3f,margin,meeting_day,meeting_no,popularity,race_category,race_class,race_date,race_id,race_name,race_no,race_rule,rating,scheduled_start,sex_age,source_url,surface,time,track_condition,trainer,weather,weight_rule,平均1F,枠
498(0),52.0,14  13  12  7,札幌,QUARANTINED_HTML:track_condition,1700,1,pw01dud102023101145/E8,プルーフリーディン,10,▲小林 美駒,36.9,,08,01,2,3歳,未勝利,2026-08-16,pw01sde0101202601080120260816,3歳未勝利,01,牝［指定］,,10時00分,牝3,https://www.jra.go.jp/JRADB/accessS.html?CNAME=pw01sde0101202601080120260816%2FBA,ダート,1:46.5,,小林 真也,晴,馬齢,,
460(-4),55.0,5  4  4  3,札幌,QUARANTINED_HTML:track_condition,1700,2,pw01dud102023105555/78,ウォータースパウト,3,吉田 隼人,38.2,３／４,08,01,5,3歳,未勝利,2026-08-16,pw01sde0101202601080120260816,3歳未勝利,01,牝［指定］,,10時00分,牝3,https://www.jra.go.jp/JRADB/accessS.html?CNAME=pw01sde0101202601080120260816%2FBA,ダート,1:46.6,,小笠 倫弘,晴,馬齢,,
448(+8),55.0,3  3  2  2,札幌,QUARANTINED_HTML:track_condition,1700,3,pw01dud102023104632/41,マスカルポーネ,14,斎藤 新,38.8,２ 1/2,08,01,7,3歳,未勝利,2026-08-16,pw01sde0101202601080120260816,3歳未勝利,01,牝［指定］,,10時00分,牝3,https://www.jra.go.jp/JRADB/accessS.html?CNAME=pw01sde0101202601080120260816%2FBA,ダート,1:47.0,,水野 貴広,晴,馬齢,,
452(+6),55.0,4  4  4  3,札幌,QUARANTINED_HTML:track_condition,1700,4,pw01dud102023104101/A9,テンレッドサン,1,坂井 瑠星,38.9,１ 1/2,08,01,3,3歳,未勝利,2026-08-16,pw01sde0101202601080120260816,3歳未勝利,01,牝［指定］,,10時00分,牝3,https://www.jra.go.jp/JRADB/accessS.html?CNAME=pw01sde0101202601080120260816%2FBA,ダート,1:47.3,,西園 翔太,晴,馬齢,,
412(-2),54.0,8  9  6  6,札幌,QUARANTINED_HTML:track_condition,1700,5,pw01dud102023100580/BE,セントピュアベース,8,☆舟山 瑠泉,38.8,１ 1/4,08,01,6,3歳,未勝利,2026-08-16,pw01sde0101202601080120260816,3歳未勝利,01,牝［指定］,,10時00分,牝3,https://www.jra.go.jp/JRADB/accessS.html?CNAME=pw01sde0101202601080120260816%2FBA,ダート,1:47.5,,藤野 健太,晴,馬齢,,
428(-2),52.0,1  1  1  1,札幌,QUARANTINED_HTML:track_condition,1700,6,pw01dud102023102063/E0,アリディプラチノ,9,▲大久保 友雅,39.4,クビ,08,01,11,3歳,未勝利,2026-08-16,pw01sde0101202601080120260816,3歳未勝利,01,牝［指定］,,10時00分,牝3,https://www.jra.go.jp/JRADB/accessS.html?CNAME=pw01sde0101202601080120260816%2FBA,ダート,1:47.5,,畑端 省吾,晴,馬齢,,
410(+8),55.0,11  11  8  7,札幌,QUARANTINED_HTML:track_condition,1700,7,pw01dud102023105608/B2,ルージュリヴィエラ,5,横山 和生,38.8,２ 1/2,08,01,1,3歳,未勝利,2026-08-16,pw01sde0101202601080120260816,3歳未勝利,01,牝［指定］,,10時00分,牝3,https://www.jra.go.jp/JRADB/accessS.html?CNAME=pw01sde0101202601080120260816%2FBA,ダート,1:47.9,,嘉藤 貴行,晴,馬齢,,
416(-2),55.0,6  6  6  7,札幌,QUARANTINED_HTML:track_condition,1700,8,pw01dud102023104415/18,アインプロージット,4,川又 賢治,40.0,５,08,01,14,3歳,未勝利,2026-08-16,pw01sde0101202601080120260816,3歳未勝利,01,牝［指定］,,10時00分,牝3,https://www.jra.go.jp/JRADB/accessS.html?CNAME=pw01sde0101202601080120260816%2FBA,ダート,1:48.7,,小笠 倫弘,晴,馬齢,,
410(-6),55.0,7  7  10  10,札幌,QUARANTINED_HTML:track_condition,1700,9,pw01dud102023100950/52,ハピネスドリーム,11,北村 友一,39.9,２ 1/2,08,01,9,3歳,未勝利,2026-08-16,pw01sde0101202601080120260816,3歳未勝利,01,牝［指定］,,10時00分,牝3,https://www.jra.go.jp/JRADB/accessS.html?CNAME=pw01sde0101202601080120260816%2FBA,ダート,1:49.1,,木村 哲也,晴,馬齢,,
452(-2),52.0,11  11  12  12,札幌,QUARANTINED_HTML:track_condition,1700,10,pw01dud102023106294/A1,イセッセイ,6,▲遠藤 汰月,40.2,４,08,01,13,3歳,未勝利,2026-08-16,pw01sde0101202601080120260816,3歳未勝利,01,牝［指定］,,10時00分,牝3,https://www.jra.go.jp/JRADB/accessS.html?CNAME=pw01sde0101202601080120260816%2FBA,ダート,1:49.8,,伊藤 伸一,晴,馬齢,,
426(-6),51.0,8  9  10  12,札幌,QUARANTINED_HTML:track_condition,1700,11,pw01dud102023102101/CB,フィエスタ,7,★河原田 菜々,42.0,８,08,01,10,3歳,未勝利,2026-08-16,pw01sde0101202601080120260816,3歳未勝利,01,牝［指定］,,10時00分,牝3,https://www.jra.go.jp/JRADB/accessS.html?CNAME=pw01sde0101202601080120260816%2FBA,ダート,1:51.2,,西村 真幸,晴,馬齢,,
460(+6),55.0,2  2  2  3,札幌,QUARANTINED_HTML:track_condition,1700,12,pw01dud102023101091/3B,ストリートクイーン,13,横山 武史,43.7,３ 1/2,08,01,4,3歳,未勝利,2026-08-16,pw01sde0101202601080120260816,3歳未勝利,01,牝［指定］,,10時00分,牝3,https://www.jra.go.jp/JRADB/accessS.html?CNAME=pw01sde0101202601080120260816%2FBA,ダート,1:51.8,,高橋 一哉,晴,馬齢,,
416(0),55.0,8  7  8  11,札幌,QUARANTINED_HTML:track_condition,1700,13,pw01dud102023105785/0A,フローズンクイーン,12,松本 大輝,43.0,３／４,08,01,12,3歳,未勝利,2026-08-16,pw01sde0101202601080120260816,3歳未勝利,01,牝［指定］,,10時00分,牝3,https://www.jra.go.jp/JRADB/accessS.html?CNAME=pw01sde0101202601080120260816%2FBA,ダート,1:52.0,,藤岡 健一,晴,馬齢,,
440(+8),55.0,13  13  14  14,札幌,QUARANTINED_HTML:track_condition,1700,14,pw01dud102023106517/0D,ルナティックブルー,2,小沢 大仁,44.6,大差,08,01,8,3歳,未勝利,2026-08-16,pw01sde0101202601080120260816,3歳未勝利,01,牝［指定］,,10時00分,牝3,https://www.jra.go.jp/JRADB/accessS.html?CNAME=pw01sde0101202601080120260816%2FBA,ダート,1:55.5,,今野 貞一,晴,馬齢,,
470(0),57.0,3  3  3  2,札幌,QUARANTINED_HTML:track_condition,1700,1,pw01dud102023104001/78,クルビデンス,3,佐々木 大輔,38.7,,07,01,1.0,3歳,未勝利,2026-08-15,pw01sde0101202601070120260815,3歳未勝利,01,[指定],,10時00分,牡3,https://www.jra.go.jp/JRADB/accessS.html?CNAME=pw01sde0101202601070120260815%2F8A,ダート,1:47.6,,菊川 正達,晴,馬齢,,
516(+6),57.0,2  2  2  1,札幌,QUARANTINED_HTML:track_condition,1700,2,pw01dud102023101979/6C,サンオブザサン,12,斎藤 新,39.1,１ 1/2,07,01,4.0,3歳,未勝利,2026-08-15,pw01sde0101202601070120260815,3歳未勝利,01,[指定],,10時00分,牡3,https://www.jra.go.jp/JRADB/accessS.html?CNAME=pw01sde0101202601070120260815%2F8A,ダート,1:47.8,,高橋 一哉,晴,馬齢,,
496(+6),57.0,11  11  9  9,札幌,QUARANTINED_HTML:track_condition,1700,3,pw01dud102023102517/51,ジャストグレース,1,古川 吉洋,37.6,３／４,07,01,10.0,3歳,未勝利,2026-08-15,pw01sde0101202601070120260815,3歳未勝利,01,[指定],,10時00分,牡3,https://www.jra.go.jp/JRADB/accessS.html?CNAME=pw01sde0101202601070120260815%2F8A,ダート,1:48.0,,大根田 裕之,晴,馬齢,,
470(0),57.0,5  3  5  2,札幌,QUARANTINED_HTML:track_condition,1700,4,pw01dud102023100531/E1,ショウナンタヅナ,7,池添 謙一,39.0,クビ,07,01,5.0,3歳,未勝利,2026-08-15,pw01sde0101202601070120260815,3歳未勝利,01,[指定],,10時00分,牡3,https://www.jra.go.jp/JRADB/accessS.html?CNAME=pw01sde0101202601070120260815%2F8A,ダート,1:48.0,,武市 康男,晴,馬齢,,
450(-4),55.0,6  6  8  7,札幌,QUARANTINED_HTML:track_condition,1700,5,pw01dud102023105062/3A,フレンチブラッサム,6,横山 典弘,39.0,３ 1/2,07,01,2.0,3歳,未勝利,2026-08-15,pw01sde0101202601070120260815,3歳未勝利,01,[指定],,10時00分,牝3,https://www.jra.go.jp/JRADB/accessS.html?CNAME=pw01sde0101202601070120260815%2F8A,ダート,1:48.6,,柄崎 将寿,晴,馬齢,,
502(+2),57.0,8  9  6  4,札幌,QUARANTINED_HTML:track_condition,1700,6,pw01dud102023106726/0C,フェンリル,13,菊沢 一樹,39.7,２ 1/2,07,01,6.0,3歳,未勝利,2026-08-15,pw01sde0101202601070120260815,3歳未勝利,01,[指定],,10時00分,牡3,https://www.jra.go.jp/JRADB/accessS.html?CNAME=pw01sde0101202601070120260815%2F8A,ダート,1:49.0,,高木 登,晴,馬齢,,
470(0),56.0,8  10  10  10,札幌,QUARANTINED_HTML:track_condition,1700,7,pw01dud102023106531/7B,ゴーントゥファー,11,☆長浜 鴻緒,38.6,３,07,01,12.0,3歳,未勝利,2026-08-15,pw01sde0101202601070120260815,3歳未勝利,01,[指定],,10時00分,せん3,https://www.jra.go.jp/JRADB/accessS.html?CNAME=pw01sde0101202601070120260815%2F8A,ダート,1:49.5,,小島 茂之,晴,馬齢,,
464(+2),57.0,3  5  6  4,札幌,QUARANTINED_HTML:track_condition,1700,8,pw01dud102023104988/D6,メイショウシンガン,5,横山 琉人,40.2,ハナ,07,01,9.0,3歳,未勝利,2026-08-15,pw01sde0101202601070120260815,3歳未勝利,01,[指定],,10時00分,牡3,https://www.jra.go.jp/JRADB/accessS.html?CNAME=pw01sde0101202601070120260815%2F8A,ダート,1:49.5,,高橋 義忠,晴,馬齢,,
498(+4),57.0,6  6  10  10,札幌,QUARANTINED_HTML:track_condition,1700,9,pw01dud102023103289/03,マーゴットデウス,4,小沢 大仁,38.7,クビ,07,01,8.0,3歳,未勝利,2026-08-15,pw01sde0101202601070120260815,3歳未勝利,01,[指定],,10時00分,せん3,https://www.jra.go.jp/JRADB/accessS.html?CNAME=pw01sde0101202601070120260815%2F8A,ダート,1:49.5,,今野 貞一,晴,馬齢,,
436(-2),57.0,10  8  3  7,札幌,QUARANTINED_HTML:track_condition,1700,10,pw01dud102023101714/6B,ワンダーゾルダート,14,松本 大輝,41.4,５,07,01,7.0,3歳,未勝利,2026-08-15,pw01sde0101202601070120260815,3歳未勝利,01,[指定],,10時00分,牡3,https://www.jra.go.jp/JRADB/accessS.html?CNAME=pw01sde0101202601070120260815%2F8A,ダート,1:50.3,,羽月 友彦,晴,馬齢,,
486(-4),57.0,12  12  12  12,札幌,QUARANTINED_HTML:track_condition,1700,11,pw01dud102023104286/99,リベンジャー,2,石川 倭,39.0,２ 1/2,07,01,11.0,3歳,未勝利,2026-08-15,pw01sde0101202601070120260815,3歳未勝利,01,[指定],,10時00分,牡3,https://www.jra.go.jp/JRADB/accessS.html?CNAME=pw01sde0101202601070120260815%2F8A,ダート,1:50.7,,柴田 卓,晴,馬齢,,
520(+2),57.0,1  1  1  4,札幌,QUARANTINED_HTML:track_condition,1700,12,pw01dud102023105060/54,ロードクローザー,9,横山 和生,44.6,大差,07,01,3.0,3歳,未勝利,2026-08-15,pw01sde0101202601070120260815,3歳未勝利,01,[指定],,10時00分,牡3,https://www.jra.go.jp/JRADB/accessS.html?CNAME=pw01sde0101202601070120260815%2F8A,ダート,1:53.3,,中舘 英二,晴,馬齢,,
438(-2),57.0,,札幌,QUARANTINED_HTML:track_condition,1700,除外,pw01dud102023104977/53,ニットウエース,8,浜中 俊,,,07,01,,3歳,未勝利,2026-08-15,pw01sde0101202601070120260815,3歳未勝利,01,[指定],,10時00分,牡3,https://www.jra.go.jp/JRADB/accessS.html?CNAME=pw01sde0101202601070120260815%2F8A,ダート,,,稲垣 幸雄,晴,馬齢,,
502(-6),54.0,,札幌,QUARANTINED_HTML:track_condition,1700,除外,pw01dud102023100017/7E,アンタレス,10,▲和田 陽希,,,07,01,,3歳,未勝利,2026-08-15,pw01sde0101202601070120260815,3歳未勝利,01,[指定],,10時00分,牡3,https://www.jra.go.jp/JRADB/accessS.html?CNAME=pw01sde0101202601070120260815%2F8A,ダート,,,藤野 健太,晴,馬齢,,
470(+2),55.0,2  3,中京,QUARANTINED_HTML:track_condition,1400,1,pw01dud102024101076/E6,スマートポーション,16,J.コレット,39.6,,07,02,6,2歳,未勝利,2026-08-15,pw01sde0107202602070120260815,2歳未勝利,01,（混合）［指定］,,9時50分,牝2,https://www.jra.go.jp/JRADB/accessS.html?CNAME=pw01sde0107202602070120260815%2F77,ダート,1:26.1,,加藤 公太,晴,馬齢,,
424(+2),55.0,4  4,中京,QUARANTINED_HTML:track_condition,1400,2,pw01dud102024108132/94,マルモリマイベスト,6,泉谷 楓真,39.9,３,07,02,13,2歳,未勝利,2026-08-15,pw01sde0107202602070120260815,2歳未勝利,01,（混合）［指定］,,9時50分,牡2,https://www.jra.go.jp/JRADB/accessS.html?CNAME=pw01sde0107202602070120260815%2F77,ダート,1:26.6,,緒方 努,晴,馬齢,,
448(0),52.0,11  11,中京,QUARANTINED_HTML:track_condition,1400,3,pw01dud102024100009/E0,クリコキアナ,11,▲森田 誠也,39.6,２,07,02,10,2歳,未勝利,2026-08-15,pw01sde0107202602070120260815,2歳未勝利,01,（混合）［指定］,,9時50分,牝2,https://www.jra.go.jp/JRADB/accessS.html?CNAME=pw01sde0107202602070120260815%2F77,ダート,1:26.9,,谷 潔,晴,馬齢,,
488(+4),55.0,1  1,中京,QUARANTINED_HTML:track_condition,1400,4,pw01dud102024104363/DD,タイセイルミナス,2,吉村 誠之助,40.7,１,07,02,9,2歳,未勝利,2026-08-15,pw01sde0107202602070120260815,2歳未勝利,01,（混合）［指定］,,9時50分,牝2,https://www.jra.go.jp/JRADB/accessS.html?CNAME=pw01sde0107202602070120260815%2F77,ダート,1:27.1,,小栗 実,晴,馬齢,,
466(+4),55.0,11  11,中京,QUARANTINED_HTML:track_condition,1400,5,pw01dud102024104583/5F,ソリドゥス,8,秋山 稔樹,40.0,１ 1/4,07,02,7,2歳,未勝利,2026-08-15,pw01sde0107202602070120260815,2歳未勝利,01,（混合）［指定］,,9時50分,牡2,https://www.jra.go.jp/JRADB/accessS.html?CNAME=pw01sde0107202602070120260815%2F77,ダート,1:27.3,,安達 昭夫,晴,馬齢,,
456(-2),55.0,15  15,中京,QUARANTINED_HTML:track_condition,1400,6,pw01dud102024107177/24,ラブシンフォニー,12,幸 英明,39.0,１／２,07,02,16,2歳,未勝利,2026-08-15,pw01sde0107202602070120260815,2歳未勝利,01,（混合）［指定］,,9時50分,牝2,https://www.jra.go.jp/JRADB/accessS.html?CNAME=pw01sde0107202602070120260815%2F77,ダート,1:27.4,,藤野 健太,晴,馬齢,,
480(0),55.0,7  7,中京,QUARANTINED_HTML:track_condition,1400,7,pw01dud102024106131/43,ブラックミューズ,15,岩田 望来,40.7,３／４,07,02,1,2歳,未勝利,2026-08-15,pw01sde0107202602070120260815,2歳未勝利,01,（混合）［指定］,,9時50分,牝2,https://www.jra.go.jp/JRADB/accessS.html?CNAME=pw01sde0107202602070120260815%2F77,ダート,1:27.5,,松永 幹夫,晴,馬齢,,
490(-2),53.0,14  14,中京,QUARANTINED_HTML:track_condition,1400,8,pw01dud102024108222/B5,ルガルデ,5,△柴田 裕一郎,40.0,クビ,07,02,12,2歳,未勝利,2026-08-15,pw01sde0107202602070120260815,2歳未勝利,01,（混合）［指定］,,9時50分,牡2,https://www.jra.go.jp/JRADB/accessS.html?CNAME=pw01sde0107202602070120260815%2F77,ダート,1:27.6,,中竹 和也,晴,馬齢,,
510(-2),55.0,4  5,中京,QUARANTINED_HTML:track_condition,1400,9,pw01dud102024108329/0B,エコログレイス,13,団野 大成,41.0,３／４,07,02,8,2歳,未勝利,2026-08-15,pw01sde0107202602070120260815,2歳未勝利,01,（混合）［指定］,,9時50分,牝2,https://www.jra.go.jp/JRADB/accessS.html?CNAME=pw01sde0107202602070120260815%2F77,ダート,1:27.7,,森 秀行,晴,馬齢,,
448(-6),54.0,10  9,中京,QUARANTINED_HTML:track_condition,1400,10,pw01dud102024107310/01,スピーディスピン,7,☆田山 旺佑,40.7,クビ,07,02,4,2歳,未勝利,2026-08-15,pw01sde0107202602070120260815,2歳未勝利,01,（混合）［指定］,,9時50分,牝2,https://www.jra.go.jp/JRADB/accessS.html?CNAME=pw01sde0107202602070120260815%2F77,ダート,1:27.8,,加藤 公太,晴,馬齢,,
474(0),55.0,13  11,中京,QUARANTINED_HTML:track_condition,1400,11,pw01dud102024107339/2C,シャインロード,10,松若 風馬,40.6,１ 1/4,07,02,11,2歳,未勝利,2026-08-15,pw01sde0107202602070120260815,2歳未勝利,01,（混合）［指定］,,9時50分,牡2,https://www.jra.go.jp/JRADB/accessS.html?CNAME=pw01sde0107202602070120260815%2F77,ダート,1:28.0,,井上 智史,晴,馬齢,,
420(+4),53.0,16  16,中京,QUARANTINED_HTML:track_condition,1400,12,pw01dud102024107158/77,アイシテルヨナオミ,9,◇永島 まなみ,39.2,３／４,07,02,14,2歳,未勝利,2026-08-15,pw01sde0107202602070120260815,2歳未勝利,01,（混合）［指定］,,9時50分,牝2,https://www.jra.go.jp/JRADB/accessS.html?CNAME=pw01sde0107202602070120260815%2F77,ダート,1:28.2,,畑端 省吾,晴,馬齢,,
472(+2),55.0,8  9,中京,QUARANTINED_HTML:track_condition,1400,13,pw01dud102024100725/8B,アイゼンフォルク,1,松山 弘平,41.3,１／２,07,02,2,2歳,未勝利,2026-08-15,pw01sde0107202602070120260815,2歳未勝利,01,（混合）［指定］,,9時50分,牡2,https://www.jra.go.jp/JRADB/accessS.html?CNAME=pw01sde0107202602070120260815%2F77,ダート,1:28.3,,池添 学,晴,馬齢,,
438(-8),55.0,4  5,中京,QUARANTINED_HTML:track_condition,1400,14,pw01dud102024102979/E7,マルモタワー,3,富田 暁,42.4,５,07,02,15,2歳,未勝利,2026-08-15,pw01sde0107202602070120260815,2歳未勝利,01,（混合）［指定］,,9時50分,牡2,https://www.jra.go.jp/JRADB/accessS.html?CNAME=pw01sde0107202602070120260815%2F77,ダート,1:29.1,,中尾 秀正,晴,馬齢,,
456(-2),55.0,8  7,中京,QUARANTINED_HTML:track_condition,1400,15,pw01dud102024107253/69,ブレイズカルナバル,14,国分 恭介,42.2,１／２,07,02,5,2歳,未勝利,2026-08-15,pw01sde0107202602070120260815,2歳未勝利,01,（混合）［指定］,,9時50分,牡2,https://www.jra.go.jp/JRADB/accessS.html?CNAME=pw01sde0107202602070120260815%2F77,ダート,1:29.2,,飯田 祐史,晴,馬齢,,
486(-2),55.0,2  2,中京,QUARANTINED_HTML:track_condition,1400,16,pw01dud102024103380/B5,タガノレクシア,4,田口 貫太,42.8,クビ,07,02,3,2歳,未勝利,2026-08-15,pw01sde0107202602070120260815,2歳未勝利,01,（混合）［指定］,,9時50分,牡2,https://www.jra.go.jp/JRADB/accessS.html?CNAME=pw01sde0107202602070120260815%2F77,ダート,1:29.3,,鈴木 孝志,晴,馬齢,,
448(+8),55.0,5  3,新潟,PASS_HTML,1600,1,pw01dud102024107260/20,サトノスプレマシー,1,田辺 裕信,33.9,,08,02,2,2歳,未勝利,2026-08-16,pw01sde0104202602080120260816,2歳未勝利,01,牝［指定］,,9時40分,牝2,https://www.jra.go.jp/JRADB/accessS.html?CNAME=pw01sde0104202602080120260816%2FC9,芝,1:34.1,良,久保田 貴士,晴,馬齢,,
420(-2),55.0,1  1,新潟,PASS_HTML,1600,2,pw01dud102024105671/89,アテナブレイブ,4,三浦 皇成,34.3,ハナ,08,02,4,2歳,未勝利,2026-08-16,pw01sde0104202602080120260816,2歳未勝利,01,牝［指定］,,9時40分,牝2,https://www.jra.go.jp/JRADB/accessS.html?CNAME=pw01sde0104202602080120260816%2FC9,芝,1:34.1,良,手塚 貴徳,晴,馬齢,,
430(0),55.0,5  6,新潟,PASS_HTML,1600,3,pw01dud102024107186/C1,インサイドエッジ,8,津村 明秀,33.9,１ 1/2,08,02,1,2歳,未勝利,2026-08-16,pw01sde0104202602080120260816,2歳未勝利,01,牝［指定］,,9時40分,牝2,https://www.jra.go.jp/JRADB/accessS.html?CNAME=pw01sde0104202602080120260816%2FC9,芝,1:34.3,良,和田 勇介,晴,馬齢,,
432(+2),55.0,2  2,新潟,PASS_HTML,1600,4,pw01dud102024100295/06,クラオルグジェシダ,7,戸崎 圭太,34.5,１,08,02,7,2歳,未勝利,2026-08-16,pw01sde0104202602080120260816,2歳未勝利,01,牝［指定］,,9時40分,牝2,https://www.jra.go.jp/JRADB/accessS.html?CNAME=pw01sde0104202602080120260816%2FC9,芝,1:34.5,良,田島 俊明,晴,馬齢,,
462(0),55.0,7  6,新潟,PASS_HTML,1600,5,pw01dud102024102989/F7,ビーズスティンガー,3,小崎 綾也,34.0,クビ,08,02,12,2歳,未勝利,2026-08-16,pw01sde0104202602080120260816,2歳未勝利,01,牝［指定］,,9時40分,牝2,https://www.jra.go.jp/JRADB/accessS.html?CNAME=pw01sde0104202602080120260816%2FC9,芝,1:34.5,良,中川 公成,晴,馬齢,,
426(0),55.0,7  9,新潟,PASS_HTML,1600,6,pw01dud102024100076/F7,シュネーバレン,9,杉原 誠人,34.1,１ 1/4,08,02,6,2歳,未勝利,2026-08-16,pw01sde0104202602080120260816,2歳未勝利,01,牝［指定］,,9時40分,牝2,https://www.jra.go.jp/JRADB/accessS.html?CNAME=pw01sde0104202602080120260816%2FC9,芝,1:34.7,良,牧 光二,晴,馬齢,,
464(-2),55.0,7  6,新潟,PASS_HTML,1600,7,pw01dud102024100316/2A,アルアンダルス,5,石橋 脩,34.2,アタマ,08,02,9,2歳,未勝利,2026-08-16,pw01sde0104202602080120260816,2歳未勝利,01,牝［指定］,,9時40分,牝2,https://www.jra.go.jp/JRADB/accessS.html?CNAME=pw01sde0104202602080120260816%2FC9,芝,1:34.7,良,小野 次郎,晴,馬齢,,
486(+26),55.0,7  9,新潟,PASS_HTML,1600,8,pw01dud102024107146/81,スターリーデー,10,菊沢 一樹,34.4,１ 3/4,08,02,3,2歳,未勝利,2026-08-16,pw01sde0104202602080120260816,2歳未勝利,01,牝［指定］,,9時40分,牝2,https://www.jra.go.jp/JRADB/accessS.html?CNAME=pw01sde0104202602080120260816%2FC9,芝,1:35.0,良,茶木 太樹,晴,馬齢,,
444(+4),55.0,11  11,新潟,PASS_HTML,1600,9,pw01dud102024101755/AA,トリプティーク,13,柴田 大知,34.7,４,08,02,10,2歳,未勝利,2026-08-16,pw01sde0104202602080120260816,2歳未勝利,01,牝［指定］,,9時40分,牝2,https://www.jra.go.jp/JRADB/accessS.html?CNAME=pw01sde0104202602080120260816%2FC9,芝,1:35.7,良,和田 雄二,晴,馬齢,,
472(-8),55.0,13  13,新潟,PASS_HTML,1600,10,pw01dud102024100813/C6,フランベリー,11,野中 悠太郎,34.4,クビ,08,02,11,2歳,未勝利,2026-08-16,pw01sde0104202602080120260816,2歳未勝利,01,牝［指定］,,9時40分,牝2,https://www.jra.go.jp/JRADB/accessS.html?CNAME=pw01sde0104202602080120260816%2FC9,芝,1:35.8,良,杉浦 宏昭,晴,馬齢,,
402(-2),52.0,11  11,新潟,PASS_HTML,1600,11,pw01dud102024101296/68,スケルツォテソーロ,6,▲佐藤 翔馬,35.0,１／２,08,02,8,2歳,未勝利,2026-08-16,pw01sde0104202602080120260816,2歳未勝利,01,牝［指定］,,9時40分,牝2,https://www.jra.go.jp/JRADB/accessS.html?CNAME=pw01sde0104202602080120260816%2FC9,芝,1:35.9,良,稲垣 幸雄,晴,馬齢,,
470(-2),55.0,3  3,新潟,PASS_HTML,1600,12,pw01dud102024104453/FE,レーゲンシャウアー,12,武藤 雅,36.6,５,08,02,13,2歳,未勝利,2026-08-16,pw01sde0104202602080120260816,2歳未勝利,01,牝［指定］,,9時40分,牝2,https://www.jra.go.jp/JRADB/accessS.html?CNAME=pw01sde0104202602080120260816%2FC9,芝,1:36.8,良,天間 昭一,晴,馬齢,,
454(-2),55.0,4  3,新潟,PASS_HTML,1600,13,pw01dud102024106664/C1,ユタライト,2,丸山 元気,37.1,３,08,02,5,2歳,未勝利,2026-08-16,pw01sde0104202602080120260816,2歳未勝利,01,牝［指定］,,9時40分,牝2,https://www.jra.go.jp/JRADB/accessS.html?CNAME=pw01sde0104202602080120260816%2FC9,芝,1:37.3,良,宮田 敬介,晴,馬齢,,
472(0),57.0,2  2,札幌,QUARANTINED_HTML:track_condition,1000,1,pw01dud102023103746/5F,メイワキラリ,11,川又 賢治,35.4,,07,01,3,3歳,未勝利,2026-08-15,pw01sde1001202601070320260815,3歳未勝利,03,[指定],,11時00分,牡3,https://www.jra.go.jp/JRADB/accessS.html?CNAME=pw01sde1001202601070320260815%2FD3,ダート,0:59.4,,河嶋 宏樹,晴,馬齢,,
492(+6),57.0,1  1,札幌,QUARANTINED_HTML:track_condition,1000,2,pw01dud102023104377/2D,ナブッコ,1,横山 武史,35.7,クビ,07,01,7,3歳,未勝利,2026-08-15,pw01sde1001202601070320260815,3歳未勝利,03,[指定],,11時00分,牡3,https://www.jra.go.jp/JRADB/accessS.html?CNAME=pw01sde1001202601070320260815%2FD3,ダート,0:59.5,,橋田 宜長,晴,馬齢,,
452(0),57.0,5  2,札幌,QUARANTINED_HTML:track_condition,1000,3,pw01dud102023106605/48,フェイスリフト,10,古川 吉洋,35.4,１ 3/4,07,01,6,3歳,未勝利,2026-08-15,pw01sde1001202601070320260815,3歳未勝利,03,[指定],,11時00分,牡3,https://www.jra.go.jp/JRADB/accessS.html?CNAME=pw01sde1001202601070320260815%2FD3,ダート,0:59.8,,嘉藤 貴行,晴,馬齢,,
484(+22),54.0,8  8,札幌,QUARANTINED_HTML:track_condition,1000,4,pw01dud102023105279/D1,アニマレイ,6,▲小林 美駒,35.4,２ 1/2,07,01,2,3歳,未勝利,2026-08-15,pw01sde1001202601070320260815,3歳未勝利,03,[指定],,11時00分,牡3,https://www.jra.go.jp/JRADB/accessS.html?CNAME=pw01sde1001202601070320260815%2FD3,ダート,1:00.2,,須貝 尚介,晴,馬齢,,
472(+2),57.0,3  2,札幌,QUARANTINED_HTML:track_condition,1000,5,pw01dud102023106556/DA,サンライズロイ,9,菱田 裕二,36.0,クビ,07,01,9,3歳,未勝利,2026-08-15,pw01sde1001202601070320260815,3歳未勝利,03,[指定],,11時00分,牡3,https://www.jra.go.jp/JRADB/accessS.html?CNAME=pw01sde1001202601070320260815%2FD3,ダート,1:00.2,,牧浦 充徳,晴,馬齢,,
438(+10),53.0,3  5,札幌,QUARANTINED_HTML:track_condition,1000,6,pw01dud102023104847/F2,フェアリーキャット,2,◇古川 奈穂,36.2,１,07,01,5,3歳,未勝利,2026-08-15,pw01sde1001202601070320260815,3歳未勝利,03,[指定],,11時00分,牝3,https://www.jra.go.jp/JRADB/accessS.html?CNAME=pw01sde1001202601070320260815%2FD3,ダート,1:00.4,,鈴木 慎太郎,晴,馬齢,,
480(-2),56.0,6  6,札幌,QUARANTINED_HTML:track_condition,1000,7,pw01dud102023101037/8D,ツクバヴァンガード,12,☆長浜 鴻緒,36.0,１ 1/4,07,01,1,3歳,未勝利,2026-08-15,pw01sde1001202601070320260815,3歳未勝利,03,[指定],,11時00分,牡3,https://www.jra.go.jp/JRADB/accessS.html?CNAME=pw01sde1001202601070320260815%2FD3,ダート,1:00.6,,奥平 雅士,晴,馬齢,,
448(0),55.0,7  8,札幌,QUARANTINED_HTML:track_condition,1000,8,pw01dud102023101088/50,トルークマクト,4,石川 倭,35.9,クビ,07,01,11,3歳,未勝利,2026-08-15,pw01sde1001202601070320260815,3歳未勝利,03,[指定],,11時00分,牝3,https://www.jra.go.jp/JRADB/accessS.html?CNAME=pw01sde1001202601070320260815%2FD3,ダート,1:00.6,,福永 祐一,晴,馬齢,,
532(0),57.0,8  6,札幌,QUARANTINED_HTML:track_condition,1000,9,pw01dud102023102809/BA,ダイユウサルターレ,8,佐々木 大輔,35.8,アタマ,07,01,10,3歳,未勝利,2026-08-15,pw01sde1001202601070320260815,3歳未勝利,03,[指定],,11時00分,牡3,https://www.jra.go.jp/JRADB/accessS.html?CNAME=pw01sde1001202601070320260815%2FD3,ダート,1:00.6,,松永 康利,晴,馬齢,,
480(+14),55.0,10  10,札幌,QUARANTINED_HTML:track_condition,1000,10,pw01dud102023104169/A1,ソルトアイリス,3,横山 和生,36.5,６,07,01,4,3歳,未勝利,2026-08-15,pw01sde1001202601070320260815,3歳未勝利,03,[指定],,11時00分,牝3,https://www.jra.go.jp/JRADB/accessS.html?CNAME=pw01sde1001202601070320260815%2FD3,ダート,1:01.6,,四位 洋文,晴,馬齢,,
442(-8),55.0,10  10,札幌,QUARANTINED_HTML:track_condition,1000,11,pw01dud102023107214/10,シルフ,5,松本 大輝,36.5,１／２,07,01,8,3歳,未勝利,2026-08-15,pw01sde1001202601070320260815,3歳未勝利,03,[指定],,11時00分,牝3,https://www.jra.go.jp/JRADB/accessS.html?CNAME=pw01sde1001202601070320260815%2FD3,ダート,1:01.6,,藤野 健太,晴,馬齢,,
468(+6),52.0,10  12,札幌,QUARANTINED_HTML:track_condition,1000,12,pw01dud102023101370/3B,デルマハルナ,7,▲和田 陽希,36.6,１,07,01,12,3歳,未勝利,2026-08-15,pw01sde1001202601070320260815,3歳未勝利,03,[指定],,11時00分,牝3,https://www.jra.go.jp/JRADB/accessS.html?CNAME=pw01sde1001202601070320260815%2FD3,ダート,1:01.8,,天間 昭一,晴,馬齢,,
460(-2),55.0,2  2  3  3,札幌,PASS_HTML,1800,1,pw01dud102024105188/C9,レゾンフォルテ,9,横山 和生,35.9,,07,01,1,2歳,未勝利,2026-08-15,pw01sde1001202601070220260815,2歳未勝利,02,（混合）［指定］,,10時30分,牡2,https://www.jra.go.jp/JRADB/accessS.html?CNAME=pw01sde1001202601070220260815%2F1E,芝,1:49.1,良,昆 貢,晴,馬齢,,
480(-2),55.0,4  4  4  3,札幌,PASS_HTML,1800,2,pw01dud102024103472/BC,オンザボー,2,佐々木 大輔,35.7,クビ,07,01,3,2歳,未勝利,2026-08-15,pw01sde1001202601070220260815,2歳未勝利,02,（混合）［指定］,,10時30分,牡2,https://www.jra.go.jp/JRADB/accessS.html?CNAME=pw01sde1001202601070220260815%2F1E,芝,1:49.1,良,田中 博康,晴,馬齢,,
466(+6),54.0,1  1  1  1,札幌,PASS_HTML,1800,3,pw01dud102024102132/FA,ルージュロマーナ,8,☆舟山 瑠泉,36.5,１ 1/2,07,01,4,2歳,未勝利,2026-08-15,pw01sde1001202601070220260815,2歳未勝利,02,（混合）［指定］,,10時30分,牝2,https://www.jra.go.jp/JRADB/accessS.html?CNAME=pw01sde1001202601070220260815%2F1E,芝,1:49.4,良,手塚 貴徳,晴,馬齢,,
496(+14),55.0,5  5  2  2,札幌,PASS_HTML,1800,4,pw01dud102024104442/7B,イッペイ,3,浜中 俊,36.5,１,07,01,2,2歳,未勝利,2026-08-15,pw01sde1001202601070220260815,2歳未勝利,02,（混合）［指定］,,10時30分,牡2,https://www.jra.go.jp/JRADB/accessS.html?CNAME=pw01sde1001202601070220260815%2F1E,芝,1:49.6,良,松永 幹夫,晴,馬齢,,
462(-4),55.0,5  5  6  6,札幌,PASS_HTML,1800,5,pw01dud102024105029/AB,マイネルラビリンス,1,菊沢 一樹,36.3,２,07,01,6,2歳,未勝利,2026-08-15,pw01sde1001202601070220260815,2歳未勝利,02,（混合）［指定］,,10時30分,牡2,https://www.jra.go.jp/JRADB/accessS.html?CNAME=pw01sde1001202601070220260815%2F1E,芝,1:49.9,良,金成 貴史,晴,馬齢,,
472(+6),55.0,2  2  4  5,札幌,PASS_HTML,1800,6,pw01dud102024103131/76,ラヴァンドローリエ,7,古川 吉洋,36.6,１／２,07,01,5,2歳,未勝利,2026-08-15,pw01sde1001202601070220260815,2歳未勝利,02,（混合）［指定］,,10時30分,牝2,https://www.jra.go.jp/JRADB/accessS.html?CNAME=pw01sde1001202601070220260815%2F1E,芝,1:50.0,良,宮 徹,晴,馬齢,,
472(+2),55.0,9  9  9  7,札幌,PASS_HTML,1800,7,pw01dud102024101670/5A,ローザベッラ,5,石川 倭,35.9,３／４,07,01,7,2歳,未勝利,2026-08-15,pw01sde1001202601070220260815,2歳未勝利,02,（混合）［指定］,,10時30分,牝2,https://www.jra.go.jp/JRADB/accessS.html?CNAME=pw01sde1001202601070220260815%2F1E,芝,1:50.1,良,西園 翔太,晴,馬齢,,
440(0),54.0,7  7  7  7,札幌,PASS_HTML,1800,8,pw01dud102024100130/36,タクミオジュウ,10,☆長浜 鴻緒,36.5,１,07,01,10,2歳,未勝利,2026-08-15,pw01sde1001202601070220260815,2歳未勝利,02,（混合）［指定］,,10時30分,牡2,https://www.jra.go.jp/JRADB/accessS.html?CNAME=pw01sde1001202601070220260815%2F1E,芝,1:50.3,良,小島 茂之,晴,馬齢,,
434(+8),55.0,10  10  10  10,札幌,PASS_HTML,1800,9,pw01dud102024106804/C3,カリスマン,6,吉田 隼人,36.0,１ 1/4,07,01,9,2歳,未勝利,2026-08-15,pw01sde1001202601070220260815,2歳未勝利,02,（混合）［指定］,,10時30分,牡2,https://www.jra.go.jp/JRADB/accessS.html?CNAME=pw01sde1001202601070220260815%2F1E,芝,1:50.5,良,武井 亮,晴,馬齢,,
430(-2),55.0,8  8  8  9,札幌,PASS_HTML,1800,10,pw01dud102024103571/7A,マイネルサリーレ,4,斎藤 新,37.5,５,07,01,8,2歳,未勝利,2026-08-15,pw01sde1001202601070220260815,2歳未勝利,02,（混合）［指定］,,10時30分,牡2,https://www.jra.go.jp/JRADB/accessS.html?CNAME=pw01sde1001202601070220260815%2F1E,芝,1:51.4,良,田島 俊明,晴,馬齢,,
482(+2),54.0,11  11  2  1,札幌,QUARANTINED_HTML:track_condition,2400,1,pw01dud102023106060/43,モロノカガヤキ,12,▲小林 美駒,38.9,,07,01,4,3歳,未勝利,2026-08-15,pw01sde1001202601070420260815,3歳未勝利,04,（混合）［指定］,,11時30分,牡3,https://www.jra.go.jp/JRADB/accessS.html?CNAME=pw01sde1001202601070420260815%2F88,ダート,2:35.0,,林 徹,晴,馬齢,,
472(-2),57.0,5  5  4  3,札幌,QUARANTINED_HTML:track_condition,2400,2,pw01dud102023105444/C4,ポップアップ,3,佐々木 大輔,39.4,３ 1/2,07,01,2,3歳,未勝利,2026-08-15,pw01sde1001202601070420260815,3歳未勝利,04,（混合）［指定］,,11時30分,せん3,https://www.jra.go.jp/JRADB/accessS.html?CNAME=pw01sde1001202601070420260815%2F88,ダート,2:35.6,,寺島 良,晴,馬齢,,
464(+10),52.0,2  2  2  3,札幌,QUARANTINED_HTML:track_condition,2400,3,pw01dud102023102700/7E,コイバナ,7,▲和田 陽希,39.8,１ 3/4,07,01,5,3歳,未勝利,2026-08-15,pw01sde1001202601070420260815,3歳未勝利,04,（混合）［指定］,,11時30分,牝3,https://www.jra.go.jp/JRADB/accessS.html?CNAME=pw01sde1001202601070420260815%2F88,ダート,2:35.9,,渡辺 薫彦,晴,馬齢,,
506(+10),57.0,1  1  1  2,札幌,QUARANTINED_HTML:track_condition,2400,4,pw01dud102023105838/44,ロードステラート,4,横山 琉人,40.2,３／４,07,01,6,3歳,未勝利,2026-08-15,pw01sde1001202601070420260815,3歳未勝利,04,（混合）［指定］,,11時30分,牡3,https://www.jra.go.jp/JRADB/accessS.html?CNAME=pw01sde1001202601070420260815%2F88,ダート,2:36.0,,武 英智,晴,馬齢,,
468(0),57.0,8  9  7  5,札幌,QUARANTINED_HTML:track_condition,2400,5,pw01dud102023105870/EC,ウインガネーシャ,6,菊沢 一樹,39.8,４,07,01,1,3歳,未勝利,2026-08-15,pw01sde1001202601070420260815,3歳未勝利,04,（混合）［指定］,,11時30分,牡3,https://www.jra.go.jp/JRADB/accessS.html?CNAME=pw01sde1001202601070420260815%2F88,ダート,2:36.7,,高木 登,晴,馬齢,,
466(0),57.0,10  10  9  8,札幌,QUARANTINED_HTML:track_condition,2400,6,pw01dud102023106733/C3,ザンテソーロ,1,横山 武史,41.0,８,07,01,3,3歳,未勝利,2026-08-15,pw01sde1001202601070420260815,3歳未勝利,04,（混合）［指定］,,11時30分,牡3,https://www.jra.go.jp/JRADB/accessS.html?CNAME=pw01sde1001202601070420260815%2F88,ダート,2:38.1,,畠山 吉宏,晴,馬齢,,
534(+8),56.0,8  7  5  5,札幌,QUARANTINED_HTML:track_condition,2400,7,pw01dud102023107307/8A,ブラックパロット,9,☆舟山 瑠泉,42.3,５,07,01,8,3歳,未勝利,2026-08-15,pw01sde1001202601070420260815,3歳未勝利,04,（混合）［指定］,,11時30分,牡3,https://www.jra.go.jp/JRADB/accessS.html?CNAME=pw01sde1001202601070420260815%2F88,ダート,2:38.9,,手塚 貴徳,晴,馬齢,,
480(+8),57.0,6  6  6  7,札幌,QUARANTINED_HTML:track_condition,2400,8,pw01dud102023105889/07,ウインモンクール,11,松本 大輝,42.6,２ 1/2,07,01,11,3歳,未勝利,2026-08-15,pw01sde1001202601070420260815,3歳未勝利,04,（混合）［指定］,,11時30分,牡3,https://www.jra.go.jp/JRADB/accessS.html?CNAME=pw01sde1001202601070420260815%2F88,ダート,2:39.3,,新谷 功一,晴,馬齢,,
522(+2),53.0,3  3  7  9,札幌,QUARANTINED_HTML:track_condition,2400,9,pw01dud102023102187/FD,シエルブリエ,2,★河原田 菜々,43.7,８,07,01,9,3歳,未勝利,2026-08-15,pw01sde1001202601070420260815,3歳未勝利,04,（混合）［指定］,,11時30分,牡3,https://www.jra.go.jp/JRADB/accessS.html?CNAME=pw01sde1001202601070420260815%2F88,ダート,2:40.6,,浜田 多実雄,晴,馬齢,,
480(-8),57.0,6  7  10  10,札幌,QUARANTINED_HTML:track_condition,2400,10,pw01dud102023106214/21,ガビーズメロディ,5,原田 和真,43.5,２ 1/2,07,01,10,3歳,未勝利,2026-08-15,pw01sde1001202601070420260815,3歳未勝利,04,（混合）［指定］,,11時30分,牡3,https://www.jra.go.jp/JRADB/accessS.html?CNAME=pw01sde1001202601070420260815%2F88,ダート,2:41.0,,伊坂 重信,晴,馬齢,,
532(初出走),57.0,12  12  12  12,札幌,QUARANTINED_HTML:track_condition,2400,11,pw01dud102023105678/22,ブロント,10,浜中 俊,41.8,６,07,01,7,3歳,未勝利,2026-08-15,pw01sde1001202601070420260815,3歳未勝利,04,（混合）［指定］,,11時30分,牡3,https://www.jra.go.jp/JRADB/accessS.html?CNAME=pw01sde1001202601070420260815%2F88,ダート,2:42.0,,堀 宣行,晴,馬齢,,
424(-2),56.0,3  3  11  11,札幌,QUARANTINED_HTML:track_condition,2400,12,pw01dud102023102550/6C,ワイルドカイザー,8,☆長浜 鴻緒,44.1,３／４,07,01,12,3歳,未勝利,2026-08-15,pw01sde1001202601070420260815,3歳未勝利,04,（混合）［指定］,,11時30分,牡3,https://www.jra.go.jp/JRADB/accessS.html?CNAME=pw01sde1001202601070420260815%2F88,ダート,2:42.2,,矢嶋 大樹,晴,馬齢,,
470(初出走),55.0,1  1,札幌,PASS_HTML,1200,1,pw01dud102024102740/4A,ジオパークカツキ,5,横山 武史,34.1,,07,01,1,2歳,新馬,2026-08-15,pw01sde1001202601070520260815,メイクデビュー札幌,05,（混合）［指定］,,12時20分,牡2,https://www.jra.go.jp/JRADB/accessS.html?CNAME=pw01sde1001202601070520260815%2F3D,芝,1:10.5,良,伊藤 圭三,晴,馬齢,,
394(初出走),55.0,2  2,札幌,PASS_HTML,1200,2,pw01dud102024105302/F9,パーフェクトゲーム,1,横山 和生,34.5,３ 1/2,07,01,2,2歳,新馬,2026-08-15,pw01sde1001202601070520260815,メイクデビュー札幌,05,（混合）［指定］,,12時20分,牝2,https://www.jra.go.jp/JRADB/accessS.html?CNAME=pw01sde1001202601070520260815%2F3D,芝,1:11.1,良,千葉 直人,晴,馬齢,,
390(初出走),52.0,5  5,札幌,PASS_HTML,1200,3,pw01dud102024102041/66,スピリッツ,2,▲小林 美駒,34.6,２ 1/2,07,01,6,2歳,新馬,2026-08-15,pw01sde1001202601070520260815,メイクデビュー札幌,05,（混合）［指定］,,12時20分,牝2,https://www.jra.go.jp/JRADB/accessS.html?CNAME=pw01sde1001202601070520260815%2F3D,芝,1:11.5,良,千田 輝彦,晴,馬齢,,
414(初出走),55.0,5  5,札幌,PASS_HTML,1200,4,pw01dud102024105538/3D,トスカ,9,小沢 大仁,34.8,１ 1/4,07,01,8,2歳,新馬,2026-08-15,pw01sde1001202601070520260815,メイクデビュー札幌,05,（混合）［指定］,,12時20分,牝2,https://www.jra.go.jp/JRADB/accessS.html?CNAME=pw01sde1001202601070520260815%2F3D,芝,1:11.7,良,杉山 佳明,晴,馬齢,,
432(初出走),52.0,8  8,札幌,PASS_HTML,1200,5,pw01dud102024101510/C9,ハミングリップス,6,▲遠藤 汰月,34.5,クビ,07,01,11,2歳,新馬,2026-08-15,pw01sde1001202601070520260815,メイクデビュー札幌,05,（混合）［指定］,,12時20分,牝2,https://www.jra.go.jp/JRADB/accessS.html?CNAME=pw01sde1001202601070520260815%2F3D,芝,1:11.7,良,青木 孝文,晴,馬齢,,
422(初出走),55.0,8  8,札幌,PASS_HTML,1200,6,pw01dud102024100838/25,スマートライナー,10,古川 吉洋,34.7,１,07,01,7,2歳,新馬,2026-08-15,pw01sde1001202601070520260815,メイクデビュー札幌,05,（混合）［指定］,,12時20分,牝2,https://www.jra.go.jp/JRADB/accessS.html?CNAME=pw01sde1001202601070520260815%2F3D,芝,1:11.9,良,角田 晃一,晴,馬齢,,
424(初出走),54.0,5  5,札幌,PASS_HTML,1200,7,pw01dud102024104842/3F,ディンクスマッシュ,4,☆舟山 瑠泉,35.1,１,07,01,9,2歳,新馬,2026-08-15,pw01sde1001202601070520260815,メイクデビュー札幌,05,（混合）［指定］,,12時20分,牡2,https://www.jra.go.jp/JRADB/accessS.html?CNAME=pw01sde1001202601070520260815%2F3D,芝,1:12.0,良,前川 恭子,晴,馬齢,,
406(初出走),55.0,8  8,札幌,PASS_HTML,1200,8,pw01dud102024105634/A2,ゲームチェンジャー,11,原田 和真,35.0,１,07,01,12,2歳,新馬,2026-08-15,pw01sde1001202601070520260815,メイクデビュー札幌,05,（混合）［指定］,,12時20分,牡2,https://www.jra.go.jp/JRADB/accessS.html?CNAME=pw01sde1001202601070520260815%2F3D,芝,1:12.2,良,蛯名 利弘,晴,馬齢,,
494(初出走),55.0,11  11,札幌,PASS_HTML,1200,9,pw01dud102024109022/42,タワーレイヴン,12,横山 琉人,34.8,ハナ,07,01,4,2歳,新馬,2026-08-15,pw01sde1001202601070520260815,メイクデビュー札幌,05,（混合）［指定］,,12時20分,牡2,https://www.jra.go.jp/JRADB/accessS.html?CNAME=pw01sde1001202601070520260815%2F3D,芝,1:12.2,良,岩戸 孝樹,晴,馬齢,,
432(初出走),55.0,2  2,札幌,PASS_HTML,1200,10,pw01dud102024101730/4B,キャンドル,7,浜中 俊,35.7,１／２,07,01,3,2歳,新馬,2026-08-15,pw01sde1001202601070520260815,メイクデビュー札幌,05,（混合）［指定］,,12時20分,牝2,https://www.jra.go.jp/JRADB/accessS.html?CNAME=pw01sde1001202601070520260815%2F3D,芝,1:12.3,良,清水 久詞,晴,馬齢,,
406(初出走),55.0,2  2,札幌,PASS_HTML,1200,11,pw01dud102024106414/0F,アオイスミレ,8,菱田 裕二,35.6,クビ,07,01,5,2歳,新馬,2026-08-15,pw01sde1001202601070520260815,メイクデビュー札幌,05,（混合）［指定］,,12時20分,牝2,https://www.jra.go.jp/JRADB/accessS.html?CNAME=pw01sde1001202601070520260815%2F3D,芝,1:12.3,良,加藤 征弘,晴,馬齢,,
468(初出走),51.0,11  12,札幌,PASS_HTML,1200,12,pw01dud102024100841/10,フレンドミラノ,3,★河原田 菜々,35.3,３,07,01,10,2歳,新馬,2026-08-15,pw01sde1001202601070520260815,メイクデビュー札幌,05,（混合）［指定］,,12時20分,牡2,https://www.jra.go.jp/JRADB/accessS.html?CNAME=pw01sde1001202601070520260815%2F3D,芝,1:12.8,良,加藤 和宏,晴,馬齢,,
422(-4),55.0,4  5  4,札幌,PASS_HTML,1500,1,pw01dud102023106910/AC,エアヴァイブス,7,北村 友一,34.2,,07,01,2,3歳,未勝利,2026-08-15,pw01sde1001202601070620260815,3歳未勝利,06,（混合）［指定］,,12時50分,牝3,https://www.jra.go.jp/JRADB/accessS.html?CNAME=pw01sde1001202601070620260815%2FF2,芝,1:29.0,良,福永 祐一,晴,馬齢,,
416(+2),55.0,7  4  3,札幌,PASS_HTML,1500,2,pw01dud102023104254/83,サウンドファミリエ,11,吉田 隼人,34.6,１ 3/4,07,01,7,3歳,未勝利,2026-08-15,pw01sde1001202601070620260815,3歳未勝利,06,（混合）［指定］,,12時50分,牝3,https://www.jra.go.jp/JRADB/accessS.html?CNAME=pw01sde1001202601070620260815%2FF2,芝,1:29.3,良,和田 正一郎,晴,馬齢,,
476(0),55.0,1  1  1,札幌,PASS_HTML,1500,3,pw01dud102023105530/19,エイシンキーンラン,8,菊沢 一樹,35.0,ハナ,07,01,4,3歳,未勝利,2026-08-15,pw01sde1001202601070620260815,3歳未勝利,06,（混合）［指定］,,12時50分,牝3,https://www.jra.go.jp/JRADB/accessS.html?CNAME=pw01sde1001202601070620260815%2FF2,芝,1:29.3,良,田中 剛,晴,馬齢,,
460(-8),54.0,4  2  2,札幌,PASS_HTML,1500,4,pw01dud102023106620/29,ショウナンバーボン,10,▲小林 美駒,34.9,１ 1/4,07,01,1,3歳,未勝利,2026-08-15,pw01sde1001202601070620260815,3歳未勝利,06,（混合）［指定］,,12時50分,牡3,https://www.jra.go.jp/JRADB/accessS.html?CNAME=pw01sde1001202601070620260815%2FF2,芝,1:29.5,良,加藤 士津八,晴,馬齢,,
396(+8),54.0,12  12  6,札幌,PASS_HTML,1500,5,pw01dud102023107304/31,ランウェイミューズ,13,☆舟山 瑠泉,34.3,クビ,07,01,6,3歳,未勝利,2026-08-15,pw01sde1001202601070620260815,3歳未勝利,06,（混合）［指定］,,12時50分,牝3,https://www.jra.go.jp/JRADB/accessS.html?CNAME=pw01sde1001202601070620260815%2FF2,芝,1:29.6,良,竹内 正洋,晴,馬齢,,
486(+12),57.0,10  8  5,札幌,PASS_HTML,1500,6,pw01dud102023101459/57,シャルムグリーン,9,横山 琉人,34.5,クビ,07,01,3,3歳,未勝利,2026-08-15,pw01sde1001202601070620260815,3歳未勝利,06,（混合）［指定］,,12時50分,牡3,https://www.jra.go.jp/JRADB/accessS.html?CNAME=pw01sde1001202601070620260815%2FF2,芝,1:29.6,良,相沢 郁,晴,馬齢,,
432(+8),57.0,7  8  9,札幌,PASS_HTML,1500,7,pw01dud102023105470/28,グローリーバローズ,1,横山 武史,35.3,４,07,01,5,3歳,未勝利,2026-08-15,pw01sde1001202601070620260815,3歳未勝利,06,（混合）［指定］,,12時50分,せん3,https://www.jra.go.jp/JRADB/accessS.html?CNAME=pw01sde1001202601070620260815%2FF2,芝,1:30.3,良,辻野 泰之,晴,馬齢,,
434(0),55.0,2  5  9,札幌,PASS_HTML,1500,8,pw01dud102023103559/66,レイナデルアイレ,5,石川 倭,35.9,２ 1/2,07,01,8,3歳,未勝利,2026-08-15,pw01sde1001202601070620260815,3歳未勝利,06,（混合）［指定］,,12時50分,牝3,https://www.jra.go.jp/JRADB/accessS.html?CNAME=pw01sde1001202601070620260815%2FF2,芝,1:30.7,良,矢嶋 大樹,晴,馬齢,,
432(+8),53.0,4  5  6,札幌,PASS_HTML,1500,9,pw01dud102023105138/ED,ニシノシャルム,6,◇古川 奈穂,35.9,クビ,07,01,10,3歳,未勝利,2026-08-15,pw01sde1001202601070620260815,3歳未勝利,06,（混合）［指定］,,12時50分,牝3,https://www.jra.go.jp/JRADB/accessS.html?CNAME=pw01sde1001202601070620260815%2FF2,芝,1:30.7,良,栗田 徹,晴,馬齢,,
468(0),55.0,10  8  12,札幌,PASS_HTML,1500,10,pw01dud102023104230/97,タマモパルファン,2,荻野 琢真,35.8,３／４,07,01,9,3歳,未勝利,2026-08-15,pw01sde1001202601070620260815,3歳未勝利,06,（混合）［指定］,,12時50分,牝3,https://www.jra.go.jp/JRADB/accessS.html?CNAME=pw01sde1001202601070620260815%2FF2,芝,1:30.9,良,角田 晃一,晴,馬齢,,
470(+22),55.0,12  13  13,札幌,PASS_HTML,1500,11,pw01dud102023102361/8D,フラワーフェアリー,3,黛 弘人,35.7,２,07,01,14,3歳,未勝利,2026-08-15,pw01sde1001202601070620260815,3歳未勝利,06,（混合）［指定］,,12時50分,牝3,https://www.jra.go.jp/JRADB/accessS.html?CNAME=pw01sde1001202601070620260815%2FF2,芝,1:31.2,良,畠山 吉宏,晴,馬齢,,
478(+5),55.0,7  8  9,札幌,PASS_HTML,1500,12,pw01dud102023100351/9F,ヤマヤロード,12,古川 吉洋,36.4,２,07,01,13,3歳,未勝利,2026-08-15,pw01sde1001202601070620260815,3歳未勝利,06,（混合）［指定］,,12時50分,牝3,https://www.jra.go.jp/JRADB/accessS.html?CNAME=pw01sde1001202601070620260815%2FF2,芝,1:31.5,良,小崎 憲,晴,馬齢,,
456(0),54.0,14  14  13,札幌,PASS_HTML,1500,13,pw01dud102023106687/AE,ヒャクレツケン,4,▲遠藤 汰月,36.1,２,07,01,12,3歳,未勝利,2026-08-15,pw01sde1001202601070620260815,3歳未勝利,06,（混合）［指定］,,12時50分,牡3,https://www.jra.go.jp/JRADB/accessS.html?CNAME=pw01sde1001202601070620260815%2FF2,芝,1:31.9,良,青木 孝文,晴,馬齢,,
488(0),57.0,2  2  6,札幌,PASS_HTML,1500,14,pw01dud102023106772/90,アップターンデイ,14,菱田 裕二,38.0,３ 1/2,07,01,11,3歳,未勝利,2026-08-15,pw01sde1001202601070620260815,3歳未勝利,06,（混合）［指定］,,12時50分,牡3,https://www.jra.go.jp/JRADB/accessS.html?CNAME=pw01sde1001202601070620260815%2FF2,芝,1:32.5,良,藤岡 健一,晴,馬齢,,
516(0),55.0,3  3  2  1,札幌,QUARANTINED_HTML:track_condition,1700,1,pw01dud102023105786/7D,ロードアマルフィ,9,石川 倭,37.2,,07,01,1,3歳以上,1勝クラス,2026-08-15,pw01sde1001202601070820260815,3歳以上1勝クラス,08,[指定],,13時50分,牡3,https://www.jra.go.jp/JRADB/accessS.html?CNAME=pw01sde1001202601070820260815%2F5C,ダート,1:45.6,,中村 直也,晴,定量,,
466(0),55.0,8  8  5  4,札幌,QUARANTINED_HTML:track_condition,1700,2,pw01dud102023105381/7A,ハイライトニング,8,横山 和生,36.5,１ 1/4,07,01,6,3歳以上,1勝クラス,2026-08-15,pw01sde1001202601070820260815,3歳以上1勝クラス,08,[指定],,13時50分,せん3,https://www.jra.go.jp/JRADB/accessS.html?CNAME=pw01sde1001202601070820260815%2F5C,ダート,1:45.7,,嘉藤 貴行,晴,定量,,
458(+4),58.0,4  4  3  2,札幌,QUARANTINED_HTML:track_condition,1700,3,pw01dud102022101684/1E,ミスティマウンテン,10,佐々木 大輔,37.1,３／４,07,01,2,3歳以上,1勝クラス,2026-08-15,pw01sde1001202601070820260815,3歳以上1勝クラス,08,[指定],,13時50分,牡4,https://www.jra.go.jp/JRADB/accessS.html?CNAME=pw01sde1001202601070820260815%2F5C,ダート,1:45.9,,池上 昌和,晴,定量,,
502(-2),58.0,6  6  5  6,札幌,QUARANTINED_HTML:track_condition,1700,4,pw01dud102022102378/36,ファンタイムギフト,4,横山 琉人,37.2,３,07,01,9,3歳以上,1勝クラス,2026-08-15,pw01sde1001202601070820260815,3歳以上1勝クラス,08,[指定],,13時50分,せん4,https://www.jra.go.jp/JRADB/accessS.html?CNAME=pw01sde1001202601070820260815%2F5C,ダート,1:46.4,,相沢 郁,晴,定量,,
490(-2),55.0,4  4  3  5,札幌,QUARANTINED_HTML:track_condition,1700,5,pw01dud102022102397/E3,ビービーバザーク,6,▲和田 陽希,37.7,１／２,07,01,5,3歳以上,1勝クラス,2026-08-15,pw01sde1001202601070820260815,3歳以上1勝クラス,08,[指定],,13時50分,牡4,https://www.jra.go.jp/JRADB/accessS.html?CNAME=pw01sde1001202601070820260815%2F5C,ダート,1:46.5,,武 幸四郎,晴,定量,,
476(+8),56.0,9  10  9  7,札幌,QUARANTINED_HTML:track_condition,1700,6,pw01dud102022101408/08,フェニーチェドーロ,1,荻野 琢真,37.1,３,07,01,10,3歳以上,1勝クラス,2026-08-15,pw01sde1001202601070820260815,3歳以上1勝クラス,08,[指定],,13時50分,牝4,https://www.jra.go.jp/JRADB/accessS.html?CNAME=pw01sde1001202601070820260815%2F5C,ダート,1:47.0,,宮本 博,晴,定量,,
488(0),58.0,1  1  1  2,札幌,QUARANTINED_HTML:track_condition,1700,7,pw01dud102022102929/7F,ザハント,3,小沢 大仁,38.8,クビ,07,01,4,3歳以上,1勝クラス,2026-08-15,pw01sde1001202601070820260815,3歳以上1勝クラス,08,[指定],,13時50分,せん4,https://www.jra.go.jp/JRADB/accessS.html?CNAME=pw01sde1001202601070820260815%2F5C,ダート,1:47.1,,田中 克典,晴,定量,,
480(+10),55.0,11  11  11  9,札幌,QUARANTINED_HTML:track_condition,1700,8,pw01dud102023102352/F0,タイセツナヒ,5,大野 拓弥,37.1,１ 1/4,07,01,8,3歳以上,1勝クラス,2026-08-15,pw01sde1001202601070820260815,3歳以上1勝クラス,08,[指定],,13時50分,牡3,https://www.jra.go.jp/JRADB/accessS.html?CNAME=pw01sde1001202601070820260815%2F5C,ダート,1:47.3,,杉浦 宏昭,晴,定量,,
474(+2),56.0,6  6  9  9,札幌,QUARANTINED_HTML:track_condition,1700,9,pw01dud102022105532/73,カリーン,2,北村 友一,38.8,８,07,01,7,3歳以上,1勝クラス,2026-08-15,pw01sde1001202601070820260815,3歳以上1勝クラス,08,[指定],,13時50分,牝4,https://www.jra.go.jp/JRADB/accessS.html?CNAME=pw01sde1001202601070820260815%2F5C,ダート,1:48.6,,蛯名 正義,晴,定量,,
448(-13),56.0,9  9  7  8,札幌,QUARANTINED_HTML:track_condition,1700,10,pw01dud102021102483/AC,ピースフルワールド,11,菊沢 一樹,39.8,５,07,01,11,3歳以上,1勝クラス,2026-08-15,pw01sde1001202601070820260815,3歳以上1勝クラス,08,[指定],,13時50分,牝5,https://www.jra.go.jp/JRADB/accessS.html?CNAME=pw01sde1001202601070820260815%2F5C,ダート,1:49.4,,岩戸 孝樹,晴,定量,,
480(+4),55.0,2  2  7,札幌,QUARANTINED_HTML:track_condition,1700,中止,pw01dud102023102418/93,ヒロイックヴァース,7,横山 武史,,,07,01,3,3歳以上,1勝クラス,2026-08-15,pw01sde1001202601070820260815,3歳以上1勝クラス,08,[指定],,13時50分,牡3,https://www.jra.go.jp/JRADB/accessS.html?CNAME=pw01sde1001202601070820260815%2F5C,ダート,,,浅利 英明,晴,定量,,
484(+6),55.0,6  6  6  3,札幌,PASS_HTML,1800,1,pw01dud102024106399/9D,デアグランツ,8,浜中 俊,34.7,,07,01,2,2歳,オープン,2026-08-15,pw01sde1001202601070920260815,コスモス賞,09,（国際）（特指）,104.0,14時25分,牡2,https://www.jra.go.jp/JRADB/accessS.html?CNAME=pw01sde1001202601070920260815%2F11,芝,1:48.7,良,鹿戸 雄一,晴,別定,,
438(+10),55.0,3  3  3  3,札幌,PASS_HTML,1800,2,pw01dud102024105444/50,アゴルディーノ,6,横山 和生,35.0,１／２,07,01,1,2歳,オープン,2026-08-15,pw01sde1001202601070920260815,コスモス賞,09,（国際）（特指）,103.0,14時25分,牡2,https://www.jra.go.jp/JRADB/accessS.html?CNAME=pw01sde1001202601070920260815%2F11,芝,1:48.7,良,中舘 英二,晴,別定,,
422(+2),55.0,1  1  2  1,札幌,PASS_HTML,1800,3,pw01dud102024103590/27,コスモハナミズキ,1,佐々木 大輔,36.3,６,07,01,5,2歳,オープン,2026-08-15,pw01sde1001202601070920260815,コスモス賞,09,（国際）（特指）,92.0,14時25分,牝2,https://www.jra.go.jp/JRADB/accessS.html?CNAME=pw01sde1001202601070920260815%2F11,芝,1:49.7,良,菊川 正達,晴,別定,,
396(-2),55.0,3  3  3  5,札幌,PASS_HTML,1800,4,pw01dud102024104046/83,キャトルブランシュ,4,小野 楓馬,36.5,３ 1/2,07,01,8,2歳,オープン,2026-08-15,pw01sde1001202601070920260815,コスモス賞,09,（国際）（特指）,86.0,14時25分,牝2,https://www.jra.go.jp/JRADB/accessS.html?CNAME=pw01sde1001202601070920260815%2F11,芝,1:50.3,良,小野 望,晴,別定,,
494(-2),55.0,2  2  1  2,札幌,PASS_HTML,1800,5,pw01dud102024105890/98,アヴィアトーレ,3,横山 武史,37.5,３ 1/2,07,01,3,2歳,オープン,2026-08-15,pw01sde1001202601070920260815,コスモス賞,09,（国際）（特指）,80.0,14時25分,牡2,https://www.jra.go.jp/JRADB/accessS.html?CNAME=pw01sde1001202601070920260815%2F11,芝,1:50.9,良,田島 俊明,晴,別定,,
488(+4),55.0,3  3  3  6,札幌,PASS_HTML,1800,6,pw01dud102024102518/50,アヴナント,2,吉田 隼人,38.4,８,07,01,7,2歳,オープン,2026-08-15,pw01sde1001202601070920260815,コスモス賞,09,（国際）（特指）,66.0,14時25分,牝2,https://www.jra.go.jp/JRADB/accessS.html?CNAME=pw01sde1001202601070920260815%2F11,芝,1:52.2,良,田中 淳司,晴,別定,,
484(+4),55.0,7  7  7  6,札幌,PASS_HTML,1800,7,pw01dud102024100380/E8,ミラクルヴェリテ,5,石川 倭,38.4,３,07,01,6,2歳,オープン,2026-08-15,pw01sde1001202601070920260815,コスモス賞,09,（国際）（特指）,61.0,14時25分,牝2,https://www.jra.go.jp/JRADB/accessS.html?CNAME=pw01sde1001202601070920260815%2F11,芝,1:52.7,良,米川 昇,晴,別定,,
466(+8),55.0,8  8,札幌,PASS_HTML,1800,中止,pw01dud102024103053/4B,ウインワーグナー,7,菊沢 一樹,,,07,01,4,2歳,オープン,2026-08-15,pw01sde1001202601070920260815,コスモス賞,09,（国際）（特指）,,14時25分,牡2,https://www.jra.go.jp/JRADB/accessS.html?CNAME=pw01sde1001202601070920260815%2F11,芝,,良,武市 康男,晴,別定,,
454(-4),53.0,8  8  9  10,札幌,PASS_HTML,2000,1,pw01dud102023103797/22,アンディムジーク,4,古川 吉洋,35.1,,07,01,6,3歳以上,1勝クラス,2026-08-15,pw01sde1001202601070720260815,3歳以上1勝クラス,07,牝［指定］,,13時20分,牝3,https://www.jra.go.jp/JRADB/accessS.html?CNAME=pw01sde1001202601070720260815%2FA7,芝,2:00.2,良,渡辺 薫彦,晴,定量,,
448(-4),53.0,4  4  3  4,札幌,PASS_HTML,2000,2,pw01dud102023107144/0F,エイカイコバチ,5,小沢 大仁,35.5,アタマ,07,01,7,3歳以上,1勝クラス,2026-08-15,pw01sde1001202601070720260815,3歳以上1勝クラス,07,牝［指定］,,13時20分,牝3,https://www.jra.go.jp/JRADB/accessS.html?CNAME=pw01sde1001202601070720260815%2FA7,芝,2:00.2,良,藤原 英昭,晴,定量,,
446(+18),53.0,2  2  2  2,札幌,PASS_HTML,2000,3,pw01dud102023106840/AB,アドマイヤシュラ,9,佐々木 大輔,35.7,１／２,07,01,2,3歳以上,1勝クラス,2026-08-15,pw01sde1001202601070720260815,3歳以上1勝クラス,07,牝［指定］,,13時20分,牝3,https://www.jra.go.jp/JRADB/accessS.html?CNAME=pw01sde1001202601070720260815%2FA7,芝,2:00.3,良,友道 康夫,晴,定量,,
470(-4),56.0,5  5  5  4,札幌,PASS_HTML,2000,4,pw01dud102022105153/42,ディヒターリーベ,11,石川 倭,35.5,１／２,07,01,5,3歳以上,1勝クラス,2026-08-15,pw01sde1001202601070720260815,3歳以上1勝クラス,07,牝［指定］,,13時20分,牝4,https://www.jra.go.jp/JRADB/accessS.html?CNAME=pw01sde1001202601070720260815%2FA7,芝,2:00.4,良,高橋 文雅,晴,定量,,
430(-6),56.0,5  5  5  4,札幌,PASS_HTML,2000,5,pw01dud102022103271/CF,ドマーネ,10,浜中 俊,35.7,３／４,07,01,11,3歳以上,1勝クラス,2026-08-15,pw01sde1001202601070720260815,3歳以上1勝クラス,07,牝［指定］,,13時20分,牝4,https://www.jra.go.jp/JRADB/accessS.html?CNAME=pw01sde1001202601070720260815%2FA7,芝,2:00.6,良,辻野 泰之,晴,定量,,
432(+6),50.0,7  5  3  3,札幌,PASS_HTML,2000,5,pw01dud102023105977/42,キタノサリスカ,14,▲和田 陽希,35.9,同着,07,01,9,3歳以上,1勝クラス,2026-08-15,pw01sde1001202601070720260815,3歳以上1勝クラス,07,牝［指定］,,13時20分,牝3,https://www.jra.go.jp/JRADB/accessS.html?CNAME=pw01sde1001202601070720260815%2FA7,芝,2:00.6,良,羽月 友彦,晴,定量,,
470(-10),52.0,11  11  9  8,札幌,PASS_HTML,2000,7,pw01dud102023103792/E3,セットエトワール,13,☆長浜 鴻緒,35.6,１,07,01,8,3歳以上,1勝クラス,2026-08-15,pw01sde1001202601070720260815,3歳以上1勝クラス,07,牝［指定］,,13時20分,牝3,https://www.jra.go.jp/JRADB/accessS.html?CNAME=pw01sde1001202601070720260815%2FA7,芝,2:00.8,良,鹿戸 雄一,晴,定量,,
440(+2),53.0,8  8  9  10,札幌,PASS_HTML,2000,8,pw01dud102023105993/96,エトワールブーケ,6,横山 和生,35.7,クビ,07,01,4,3歳以上,1勝クラス,2026-08-15,pw01sde1001202601070720260815,3歳以上1勝クラス,07,牝［指定］,,13時20分,牝3,https://www.jra.go.jp/JRADB/accessS.html?CNAME=pw01sde1001202601070720260815%2FA7,芝,2:00.8,良,昆 貢,晴,定量,,
494(-2),56.0,14  14  15  12,札幌,PASS_HTML,2000,9,pw01dud102022103063/43,ルージュスティーズ,15,吉田 隼人,35.2,クビ,07,01,10,3歳以上,1勝クラス,2026-08-15,pw01sde1001202601070720260815,3歳以上1勝クラス,07,牝［指定］,,13時20分,牝4,https://www.jra.go.jp/JRADB/accessS.html?CNAME=pw01sde1001202601070720260815%2FA7,芝,2:00.8,良,松尾 卓哉,晴,定量,,
444(+2),53.0,12  11  9  8,札幌,PASS_HTML,2000,10,pw01dud102023102238/51,ミッキーテネシー,3,横山 武史,35.9,１ 1/4,07,01,1,3歳以上,1勝クラス,2026-08-15,pw01sde1001202601070720260815,3歳以上1勝クラス,07,牝［指定］,,13時20分,牝3,https://www.jra.go.jp/JRADB/accessS.html?CNAME=pw01sde1001202601070720260815%2FA7,芝,2:01.0,良,中内田 充正,晴,定量,,
464(-6),56.0,1  1  1  1,札幌,PASS_HTML,2000,11,pw01dud102022105182/FF,メリザンド,1,菊沢 一樹,36.6,１／２,07,01,3,3歳以上,1勝クラス,2026-08-15,pw01sde1001202601070720260815,3歳以上1勝クラス,07,牝［指定］,,13時20分,牝4,https://www.jra.go.jp/JRADB/accessS.html?CNAME=pw01sde1001202601070720260815%2FA7,芝,2:01.1,良,小手川 準,晴,定量,,
490(-8),53.0,14  14  13  12,札幌,PASS_HTML,2000,12,pw01dud102020103772/1F,エイトスターズ,12,▲小林 美駒,36.0,２,07,01,13,3歳以上,1勝クラス,2026-08-15,pw01sde1001202601070720260815,3歳以上1勝クラス,07,牝［指定］,,13時20分,牝6,https://www.jra.go.jp/JRADB/accessS.html?CNAME=pw01sde1001202601070720260815%2FA7,芝,2:01.5,良,坂口 智康,晴,定量,,
432(-4),55.0,8  8  5  4,札幌,PASS_HTML,2000,13,pw01dud102022104977/C7,ヴァーナリー,8,☆舟山 瑠泉,36.6,アタマ,07,01,12,3歳以上,1勝クラス,2026-08-15,pw01sde1001202601070720260815,3歳以上1勝クラス,07,牝［指定］,,13時20分,牝4,https://www.jra.go.jp/JRADB/accessS.html?CNAME=pw01sde1001202601070720260815%2FA7,芝,2:01.5,良,浅利 英明,晴,定量,,
410(0),52.0,2  2  5  14,札幌,PASS_HTML,2000,14,pw01dud102022100724/00,ニシノエピカリ,7,★河原田 菜々,38.3,１０,07,01,14,3歳以上,1勝クラス,2026-08-15,pw01sde1001202601070720260815,3歳以上1勝クラス,07,牝［指定］,,13時20分,牝4,https://www.jra.go.jp/JRADB/accessS.html?CNAME=pw01sde1001202601070720260815%2FA7,芝,2:03.2,良,秋本 大介,晴,定量,,
418(+2),54.0,12  11  13  14,札幌,PASS_HTML,2000,15,pw01dud102022101492/E6,エリナ,2,◇古川 奈穂,38.5,４,07,01,15,3歳以上,1勝クラス,2026-08-15,pw01sde1001202601070720260815,3歳以上1勝クラス,07,牝［指定］,,13時20分,牝4,https://www.jra.go.jp/JRADB/accessS.html?CNAME=pw01sde1001202601070720260815%2FA7,芝,2:03.9,良,戸田 博文,晴,定量,,
470(+4),56.0,7  7,札幌,PASS_HTML,1200,1,pw01dud102022100632/F9,ハリウッドメモリー,12,横山 和生,34.9,,07,01,1,3歳以上,2勝クラス,2026-08-15,pw01sde1001202601071020260815,知床特別,10,牝［指定］,,15時01分,牝4,https://www.jra.go.jp/JRADB/accessS.html?CNAME=pw01sde1001202601071020260815%2F06,芝,1:09.3,良,長谷川 浩大,晴,定量,,
422(+2),56.0,11  11,札幌,PASS_HTML,1200,2,pw01dud102022105583/36,セイプリーズ,2,古川 吉洋,34.6,１／２,07,01,7,3歳以上,2勝クラス,2026-08-15,pw01sde1001202601071020260815,知床特別,10,牝［指定］,,15時01分,牝4,https://www.jra.go.jp/JRADB/accessS.html?CNAME=pw01sde1001202601071020260815%2F06,芝,1:09.4,良,宮 徹,晴,定量,,
430(-8),56.0,6  6,札幌,PASS_HTML,1200,3,pw01dud102021102312/98,ストレイトアスク,14,北村 友一,35.2,ハナ,07,01,2,3歳以上,2勝クラス,2026-08-15,pw01sde1001202601071020260815,知床特別,10,牝［指定］,,15時01分,牝5,https://www.jra.go.jp/JRADB/accessS.html?CNAME=pw01sde1001202601071020260815%2F06,芝,1:09.4,良,藤原 英昭,晴,定量,,
532(+26),56.0,4  4,札幌,PASS_HTML,1200,4,pw01dud102020106987/9D,スムースベルベット,5,黛 弘人,35.4,クビ,07,01,6,3歳以上,2勝クラス,2026-08-15,pw01sde1001202601071020260815,知床特別,10,牝［指定］,,15時01分,牝6,https://www.jra.go.jp/JRADB/accessS.html?CNAME=pw01sde1001202601071020260815%2F06,芝,1:09.4,良,手塚 貴徳,晴,定量,,
428(-2),56.0,2  1,札幌,PASS_HTML,1200,5,pw01dud102022106351/AD,ベビーズブレス,13,荻野 琢真,35.7,クビ,07,01,12,3歳以上,2勝クラス,2026-08-15,pw01sde1001202601071020260815,知床特別,10,牝［指定］,,15時01分,牝4,https://www.jra.go.jp/JRADB/accessS.html?CNAME=pw01sde1001202601071020260815%2F06,芝,1:09.5,良,千田 輝彦,晴,定量,,
488(+2),56.0,9  9,札幌,PASS_HTML,1200,6,pw01dud102021100297/48,ブルボンクイーン,4,松本 大輝,35.0,１／２,07,01,10,3歳以上,2勝クラス,2026-08-15,pw01sde1001202601071020260815,知床特別,10,牝［指定］,,15時01分,牝5,https://www.jra.go.jp/JRADB/accessS.html?CNAME=pw01sde1001202601071020260815%2F06,芝,1:09.6,良,角田 晃一,晴,定量,,
470(+10),56.0,4  3,札幌,PASS_HTML,1200,7,pw01dud102021102401/46,グランテレーズ,8,舟山 瑠泉,35.7,１／２,07,01,4,3歳以上,2勝クラス,2026-08-15,pw01sde1001202601071020260815,知床特別,10,牝［指定］,,15時01分,牝5,https://www.jra.go.jp/JRADB/accessS.html?CNAME=pw01sde1001202601071020260815%2F06,芝,1:09.7,良,渡辺 薫彦,晴,定量,,
486(0),56.0,14  12,札幌,PASS_HTML,1200,8,pw01dud102021103278/68,メイショウミリオレ,10,池添 謙一,34.7,クビ,07,01,8,3歳以上,2勝クラス,2026-08-15,pw01sde1001202601071020260815,知床特別,10,牝［指定］,,15時01分,牝5,https://www.jra.go.jp/JRADB/accessS.html?CNAME=pw01sde1001202601071020260815%2F06,芝,1:09.7,良,藤岡 健一,晴,定量,,
464(+8),54.0,15  15,札幌,PASS_HTML,1200,9,pw01dud102023106405/E6,コックオーヴァン,11,長浜 鴻緒,34.5,１ 1/2,07,01,5,3歳以上,2勝クラス,2026-08-15,pw01sde1001202601071020260815,知床特別,10,牝［指定］,,15時01分,牝3,https://www.jra.go.jp/JRADB/accessS.html?CNAME=pw01sde1001202601071020260815%2F06,芝,1:10.0,良,伊藤 伸一,晴,定量,,
480(-8),56.0,2  2,札幌,PASS_HTML,1200,10,pw01dud102022103151/7E,ミニョンマルーン,15,石川 倭,36.1,ハナ,07,01,3,3歳以上,2勝クラス,2026-08-15,pw01sde1001202601071020260815,知床特別,10,牝［指定］,,15時01分,牝4,https://www.jra.go.jp/JRADB/accessS.html?CNAME=pw01sde1001202601071020260815%2F06,芝,1:10.0,良,伊藤 圭三,晴,定量,,
472(+4),56.0,11  12,札幌,PASS_HTML,1200,11,pw01dud102021102468/CB,ブライティアダイヤ,6,横山 琉人,35.1,ハナ,07,01,15,3歳以上,2勝クラス,2026-08-15,pw01sde1001202601071020260815,知床特別,10,牝［指定］,,15時01分,牝5,https://www.jra.go.jp/JRADB/accessS.html?CNAME=pw01sde1001202601071020260815%2F06,芝,1:10.0,良,稲垣 幸雄,晴,定量,,
440(0),56.0,9  9,札幌,PASS_HTML,1200,12,pw01dud102021104217/84,ムチャスグラシアス,3,佐々木 大輔,35.7,１ 1/4,07,01,14,3歳以上,2勝クラス,2026-08-15,pw01sde1001202601071020260815,知床特別,10,牝［指定］,,15時01分,牝5,https://www.jra.go.jp/JRADB/accessS.html?CNAME=pw01sde1001202601071020260815%2F06,芝,1:10.2,良,菊川 正達,晴,定量,,
444(+6),56.0,11  12,札幌,PASS_HTML,1200,13,pw01dud102022100933/FF,エルサトアナ,16,菱田 裕二,35.5,１,07,01,13,3歳以上,2勝クラス,2026-08-15,pw01sde1001202601071020260815,知床特別,10,牝［指定］,,15時01分,牝4,https://www.jra.go.jp/JRADB/accessS.html?CNAME=pw01sde1001202601071020260815%2F06,芝,1:10.3,良,本田 優,晴,定量,,
556(+18),56.0,7  7,札幌,PASS_HTML,1200,14,pw01dud102021102914/A4,モズトキキ,7,菊沢 一樹,36.2,１ 1/4,07,01,9,3歳以上,2勝クラス,2026-08-15,pw01sde1001202601071020260815,知床特別,10,牝［指定］,,15時01分,牝5,https://www.jra.go.jp/JRADB/accessS.html?CNAME=pw01sde1001202601071020260815%2F06,芝,1:10.5,良,平田 修,晴,定量,,
458(+4),56.0,16  16,札幌,PASS_HTML,1200,15,pw01dud102021100662/9D,ベニシア,9,原田 和真,35.8,１０,07,01,16,3歳以上,2勝クラス,2026-08-15,pw01sde1001202601071020260815,知床特別,10,牝［指定］,,15時01分,牝5,https://www.jra.go.jp/JRADB/accessS.html?CNAME=pw01sde1001202601071020260815%2F06,芝,1:12.2,良,粕谷 昌央,晴,定量,,
498(+6),56.0,1  4,札幌,PASS_HTML,1200,16,pw01dud102020105073/19,ガットネロ,1,小沢 大仁,38.9,３,07,01,11,3歳以上,2勝クラス,2026-08-15,pw01sde1001202601071020260815,知床特別,10,牝［指定］,,15時01分,牝6,https://www.jra.go.jp/JRADB/accessS.html?CNAME=pw01sde1001202601071020260815%2F06,芝,1:12.7,良,東田 明士,晴,定量,,
516(0),56.0,10  10  10  4,札幌,QUARANTINED_HTML:track_condition,1700,1,pw01dud102021103502/D9,アイウィル,11,北村 友一,37.1,,07,01,1,3歳以上,3勝クラス,2026-08-15,pw01sde1001202601071120260815,報知杯大雪ハンデキャップ,11,（混合）［指定］,,15時35分,牡5,https://www.jra.go.jp/JRADB/accessS.html?CNAME=pw01sde1001202601071120260815%2FBB,ダート,1:44.4,,高木 登,晴,ハンデ,,
474(0),55.0,8  9  8  8,札幌,QUARANTINED_HTML:track_condition,1700,2,pw01dud102019102102/1B,ゲキザル,5,小林 脩斗,37.4,１,07,01,6,3歳以上,3勝クラス,2026-08-15,pw01sde1001202601071120260815,報知杯大雪ハンデキャップ,11,（混合）［指定］,,15時35分,牡7,https://www.jra.go.jp/JRADB/accessS.html?CNAME=pw01sde1001202601071120260815%2FBB,ダート,1:44.6,,青木 孝文,晴,ハンデ,,
502(+10),56.0,5  7  7  4,札幌,QUARANTINED_HTML:track_condition,1700,3,pw01dud102022104903/8B,セボンサデッセ,7,菱田 裕二,37.7,１,07,01,2,3歳以上,3勝クラス,2026-08-15,pw01sde1001202601071120260815,報知杯大雪ハンデキャップ,11,（混合）［指定］,,15時35分,牡4,https://www.jra.go.jp/JRADB/accessS.html?CNAME=pw01sde1001202601071120260815%2FBB,ダート,1:44.8,,橋口 慎介,晴,ハンデ,,
456(0),54.0,5  4  3  2,札幌,QUARANTINED_HTML:track_condition,1700,4,pw01dud102022103766/F3,トルショー,8,黛 弘人,38.1,１,07,01,11,3歳以上,3勝クラス,2026-08-15,pw01sde1001202601071120260815,報知杯大雪ハンデキャップ,11,（混合）［指定］,,15時35分,牡4,https://www.jra.go.jp/JRADB/accessS.html?CNAME=pw01sde1001202601071120260815%2FBB,ダート,1:44.9,,伊藤 圭三,晴,ハンデ,,
458(+6),54.0,8  8  8  8,札幌,QUARANTINED_HTML:track_condition,1700,5,pw01dud102021103073/C7,プロミシングスター,1,横山 琉人,38.0,１ 1/2,07,01,4,3歳以上,3勝クラス,2026-08-15,pw01sde1001202601071120260815,報知杯大雪ハンデキャップ,11,（混合）［指定］,,15時35分,牡5,https://www.jra.go.jp/JRADB/accessS.html?CNAME=pw01sde1001202601071120260815%2FBB,ダート,1:45.2,,高橋 義忠,晴,ハンデ,,
504(-6),55.0,11  11  11  10,札幌,QUARANTINED_HTML:track_condition,1700,6,pw01dud102021100734/84,レーウィン,6,長浜 鴻緒,38.0,３,07,01,10,3歳以上,3勝クラス,2026-08-15,pw01sde1001202601071120260815,報知杯大雪ハンデキャップ,11,（混合）［指定］,,15時35分,せん5,https://www.jra.go.jp/JRADB/accessS.html?CNAME=pw01sde1001202601071120260815%2FBB,ダート,1:45.7,,平岩 大典,晴,ハンデ,,
508(+4),55.0,14  14  14  13,札幌,QUARANTINED_HTML:track_condition,1700,7,pw01dud102021100162/A8,ロードブレイズ,13,横山 和生,37.3,２,07,01,7,3歳以上,3勝クラス,2026-08-15,pw01sde1001202601071120260815,報知杯大雪ハンデキャップ,11,（混合）［指定］,,15時35分,牡5,https://www.jra.go.jp/JRADB/accessS.html?CNAME=pw01sde1001202601071120260815%2FBB,ダート,1:46.1,,稲垣 幸雄,晴,ハンデ,,
470(-4),53.0,2  2  2  1,札幌,QUARANTINED_HTML:track_condition,1700,8,pw01dud102023110100/48,アスクケンタッキー,12,小沢 大仁,39.7,２,07,01,9,3歳以上,3勝クラス,2026-08-15,pw01sde1001202601071120260815,報知杯大雪ハンデキャップ,11,（混合）［指定］,,15時35分,牡3,https://www.jra.go.jp/JRADB/accessS.html?CNAME=pw01sde1001202601071120260815%2FBB,ダート,1:46.4,,藤原 英昭,晴,ハンデ,,
496(-10),53.0,13  13  13  12,札幌,QUARANTINED_HTML:track_condition,1700,9,pw01dud102019102983/96,キュールエフウジン,9,斎藤 新,38.6,２,07,01,14,3歳以上,3勝クラス,2026-08-15,pw01sde1001202601071120260815,報知杯大雪ハンデキャップ,11,（混合）［指定］,,15時35分,牡7,https://www.jra.go.jp/JRADB/accessS.html?CNAME=pw01sde1001202601071120260815%2FBB,ダート,1:46.7,,中尾 秀正,晴,ハンデ,,
494(+4),56.0,4  4  4  4,札幌,QUARANTINED_HTML:track_condition,1700,10,pw01dud102022101677/67,マンオブザマッチ,2,舟山 瑠泉,40.0,１,07,01,5,3歳以上,3勝クラス,2026-08-15,pw01sde1001202601071120260815,報知杯大雪ハンデキャップ,11,（混合）［指定］,,15時35分,牡4,https://www.jra.go.jp/JRADB/accessS.html?CNAME=pw01sde1001202601071120260815%2FBB,ダート,1:46.9,,高橋 義忠,晴,ハンデ,,
482(-10),54.0,11  11  11  11,札幌,QUARANTINED_HTML:track_condition,1700,11,pw01dud102021102256/73,ノーブルスカイ,4,吉田 隼人,39.5,２,07,01,13,3歳以上,3勝クラス,2026-08-15,pw01sde1001202601071120260815,報知杯大雪ハンデキャップ,11,（混合）［指定］,,15時35分,牡5,https://www.jra.go.jp/JRADB/accessS.html?CNAME=pw01sde1001202601071120260815%2FBB,ダート,1:47.2,,高柳 大輔,晴,ハンデ,,
484(-2),52.0,1  1  1  2,札幌,QUARANTINED_HTML:track_condition,1700,12,pw01dud102022102123/45,モズカトレア,10,小林 美駒,41.8,７,07,01,8,3歳以上,3勝クラス,2026-08-15,pw01sde1001202601071120260815,報知杯大雪ハンデキャップ,11,（混合）［指定］,,15時35分,牝4,https://www.jra.go.jp/JRADB/accessS.html?CNAME=pw01sde1001202601071120260815%2FBB,ダート,1:48.4,,井上 智史,晴,ハンデ,,
424(+8),53.0,2  3  4  14,札幌,QUARANTINED_HTML:track_condition,1700,13,pw01dud102022101678/DA,キャットテイル,3,横山 武史,45.3,大差,07,01,3,3歳以上,3勝クラス,2026-08-15,pw01sde1001202601071120260815,報知杯大雪ハンデキャップ,11,（混合）［指定］,,15時35分,牝4,https://www.jra.go.jp/JRADB/accessS.html?CNAME=pw01sde1001202601071120260815%2FBB,ダート,1:52.2,,野中 賢二,晴,ハンデ,,
514(+4),55.0,5  4  4  4,札幌,QUARANTINED_HTML:track_condition,1700,中止,pw01dud102022102735/61,スマートカイロス,14,古川 奈穂,,,07,01,12,3歳以上,3勝クラス,2026-08-15,pw01sde1001202601071120260815,報知杯大雪ハンデキャップ,11,（混合）［指定］,,15時35分,牡4,https://www.jra.go.jp/JRADB/accessS.html?CNAME=pw01sde1001202601071120260815%2FBB,ダート,,,矢作 芳人,晴,ハンデ,,
442(+2),55.0,2  1,札幌,PASS_HTML,1200,1,pw01dud102024105166/C3,タイフーンナイン,3,佐々木 大輔,34.6,,08,01,1,2歳,未勝利,2026-08-16,pw01sde1001202601080220260816,2歳未勝利,02,（混合）［指定］,,10時30分,牝2,https://www.jra.go.jp/JRADB/accessS.html?CNAME=pw01sde1001202601080220260816%2F4E,芝,1:10.4,良,柴田 卓,晴,馬齢,,
482(-4),55.0,4  2,札幌,PASS_HTML,1200,2,pw01dud102024103914/37,スクレイプバイ,7,横山 琉人,35.1,３ 1/2,08,01,6,2歳,未勝利,2026-08-16,pw01sde1001202601080220260816,2歳未勝利,02,（混合）［指定］,,10時30分,牡2,https://www.jra.go.jp/JRADB/accessS.html?CNAME=pw01sde1001202601080220260816%2F4E,芝,1:11.0,良,高橋 義忠,晴,馬齢,,
416(+2),52.0,1  2,札幌,PASS_HTML,1200,3,pw01dud102024104503/DF,ゴートゥービッツン,2,▲遠藤 汰月,35.4,１／２,08,01,8,2歳,未勝利,2026-08-16,pw01sde1001202601080220260816,2歳未勝利,02,（混合）［指定］,,10時30分,牝2,https://www.jra.go.jp/JRADB/accessS.html?CNAME=pw01sde1001202601080220260816%2F4E,芝,1:11.1,良,伊藤 伸一,晴,馬齢,,
446(-6),55.0,7  6,札幌,PASS_HTML,1200,4,pw01dud102024102714/E6,リアルジャパン,5,吉田 隼人,34.8,クビ,08,01,3,2歳,未勝利,2026-08-16,pw01sde1001202601080220260816,2歳未勝利,02,（混合）［指定］,,10時30分,牡2,https://www.jra.go.jp/JRADB/accessS.html?CNAME=pw01sde1001202601080220260816%2F4E,芝,1:11.1,良,大橋 勇樹,晴,馬齢,,
438(+6),51.0,5  5,札幌,PASS_HTML,1200,5,pw01dud102024106810/07,テイクケア,4,★河原田 菜々,35.2,１ 1/4,08,01,5,2歳,未勝利,2026-08-16,pw01sde1001202601080220260816,2歳未勝利,02,（混合）［指定］,,10時30分,牝2,https://www.jra.go.jp/JRADB/accessS.html?CNAME=pw01sde1001202601080220260816%2F4E,芝,1:11.3,良,和田 正一郎,晴,馬齢,,
456(+8),54.0,2  2,札幌,PASS_HTML,1200,6,pw01dud102024100569/35,キチロクタワー,6,☆長浜 鴻緒,36.7,７,08,01,2,2歳,未勝利,2026-08-16,pw01sde1001202601080220260816,2歳未勝利,02,（混合）［指定］,,10時30分,牡2,https://www.jra.go.jp/JRADB/accessS.html?CNAME=pw01sde1001202601080220260816%2F4E,芝,1:12.5,良,松永 康利,晴,馬齢,,
436(+4),55.0,5  6,札幌,PASS_HTML,1200,7,pw01dud102024104218/9B,リアルクウカイ,1,原田 和真,36.9,２,08,01,7,2歳,未勝利,2026-08-16,pw01sde1001202601080220260816,2歳未勝利,02,（混合）［指定］,,10時30分,牡2,https://www.jra.go.jp/JRADB/accessS.html?CNAME=pw01sde1001202601080220260816%2F4E,芝,1:12.9,良,萱野 浩二,晴,馬齢,,
440(-4),52.0,8  8,札幌,PASS_HTML,1200,8,pw01dud102024105532/8B,モミスケ,8,▲小林 美駒,39.7,大差,08,01,4,2歳,未勝利,2026-08-16,pw01sde1001202601080220260816,2歳未勝利,02,（混合）［指定］,,10時30分,牡2,https://www.jra.go.jp/JRADB/accessS.html?CNAME=pw01sde1001202601080220260816%2F4E,芝,1:16.3,良,水野 貴広,晴,馬齢,,
432(+8),55.0,14  14  8  5,札幌,PASS_HTML,2600,1,pw01dud102023107259/8F,ミッキーファルコン,9,浜中 俊,36.0,,07,01,1,3歳以上,1勝クラス,2026-08-15,pw01sde1001202601071220260815,積丹特別,12,（特指）,,16時15分,牡3,https://www.jra.go.jp/JRADB/accessS.html?CNAME=pw01sde1001202601071220260815%2F70,芝,2:40.7,良,堀 宣行,晴,定量,,
494(-4),55.0,1  1  1  1,札幌,PASS_HTML,2600,2,pw01dud102023105223/CF,アーレムアレス,12,菱田 裕二,38.0,２,07,01,2,3歳以上,1勝クラス,2026-08-15,pw01sde1001202601071220260815,積丹特別,12,（特指）,,16時15分,牡3,https://www.jra.go.jp/JRADB/accessS.html?CNAME=pw01sde1001202601071220260815%2F70,芝,2:41.0,良,橋口 慎介,晴,定量,,
438(+2),55.0,6  6  4  4,札幌,PASS_HTML,2600,3,pw01dud102023106077/78,タケルフォーカス,5,古川 吉洋,37.0,１,07,01,4,3歳以上,1勝クラス,2026-08-15,pw01sde1001202601071220260815,積丹特別,12,（特指）,,16時15分,牡3,https://www.jra.go.jp/JRADB/accessS.html?CNAME=pw01sde1001202601071220260815%2F70,芝,2:41.2,良,四位 洋文,晴,定量,,
444(+2),55.0,4  5  2  2,札幌,PASS_HTML,2600,4,pw01dud102023104920/DE,バルドル,8,横山 和生,37.9,１ 1/4,07,01,3,3歳以上,1勝クラス,2026-08-15,pw01sde1001202601071220260815,積丹特別,12,（特指）,,16時15分,牡3,https://www.jra.go.jp/JRADB/accessS.html?CNAME=pw01sde1001202601071220260815%2F70,芝,2:41.4,良,池上 昌和,晴,定量,,
456(+4),58.0,10  10  8  7,札幌,PASS_HTML,2600,5,pw01dud102021102379/1D,テイクザクラウン,2,川又 賢治,37.6,５,07,01,6,3歳以上,1勝クラス,2026-08-15,pw01sde1001202601071220260815,積丹特別,12,（特指）,,16時15分,牡5,https://www.jra.go.jp/JRADB/accessS.html?CNAME=pw01sde1001202601071220260815%2F70,芝,2:42.3,良,吉村 圭司,晴,定量,,
430(+6),53.0,4  3  3  3,札幌,PASS_HTML,2600,6,pw01dud102023100237/00,オブラプリーマ,10,北村 友一,38.4,クビ,07,01,5,3歳以上,1勝クラス,2026-08-15,pw01sde1001202601071220260815,積丹特別,12,（特指）,,16時15分,牝3,https://www.jra.go.jp/JRADB/accessS.html?CNAME=pw01sde1001202601071220260815%2F70,芝,2:42.3,良,上原 佑紀,晴,定量,,
448(-4),58.0,8  8  6  5,札幌,PASS_HTML,2600,7,pw01dud102020105796/E9,ペリプルス,4,舟山 瑠泉,37.9,クビ,07,01,9,3歳以上,1勝クラス,2026-08-15,pw01sde1001202601071220260815,積丹特別,12,（特指）,,16時15分,牡6,https://www.jra.go.jp/JRADB/accessS.html?CNAME=pw01sde1001202601071220260815%2F70,芝,2:42.3,良,室井 潔,晴,定量,,
498(0),58.0,12  12  11  8,札幌,PASS_HTML,2600,8,pw01dud102022106180/08,シャインバオバブ,14,池添 謙一,37.8,３ 1/2,07,01,10,3歳以上,1勝クラス,2026-08-15,pw01sde1001202601071220260815,積丹特別,12,（特指）,,16時15分,牡4,https://www.jra.go.jp/JRADB/accessS.html?CNAME=pw01sde1001202601071220260815%2F70,芝,2:42.9,良,本田 優,晴,定量,,
484(-2),56.0,3  3  6  8,札幌,PASS_HTML,2600,9,pw01dud102022105529/88,ミッドタウンナイト,7,荻野 琢真,38.6,クビ,07,01,7,3歳以上,1勝クラス,2026-08-15,pw01sde1001202601071220260815,積丹特別,12,（特指）,,16時15分,牝4,https://www.jra.go.jp/JRADB/accessS.html?CNAME=pw01sde1001202601071220260815%2F70,芝,2:43.0,良,河嶋 宏樹,晴,定量,,
468(-2),58.0,7  6  10  10,札幌,PASS_HTML,2600,10,pw01dud102022104661/72,ジーティートシオー,3,菊沢 一樹,38.2,３／４,07,01,13,3歳以上,1勝クラス,2026-08-15,pw01sde1001202601071220260815,積丹特別,12,（特指）,,16時15分,牡4,https://www.jra.go.jp/JRADB/accessS.html?CNAME=pw01sde1001202601071220260815%2F70,芝,2:43.1,良,西村 真幸,晴,定量,,
470(0),58.0,13  13  11  10,札幌,PASS_HTML,2600,11,pw01dud102022101495/3F,シャインフリーリー,13,黛 弘人,38.3,１ 3/4,07,01,12,3歳以上,1勝クラス,2026-08-15,pw01sde1001202601071220260815,積丹特別,12,（特指）,,16時15分,牡4,https://www.jra.go.jp/JRADB/accessS.html?CNAME=pw01sde1001202601071220260815%2F70,芝,2:43.4,良,深山 雅史,晴,定量,,
434(+4),56.0,10  10  11  13,札幌,PASS_HTML,2600,12,pw01dud102022104164/D6,サイモンイロハニー,11,小沢 大仁,38.5,１ 1/2,07,01,11,3歳以上,1勝クラス,2026-08-15,pw01sde1001202601071220260815,積丹特別,12,（特指）,,16時15分,牝4,https://www.jra.go.jp/JRADB/accessS.html?CNAME=pw01sde1001202601071220260815%2F70,芝,2:43.6,良,谷 潔,晴,定量,,
430(+4),53.0,8  8  14  13,札幌,PASS_HTML,2600,13,pw01dud102023101090/C8,ジャストビート,1,斎藤 新,38.6,１,07,01,8,3歳以上,1勝クラス,2026-08-15,pw01sde1001202601071220260815,積丹特別,12,（特指）,,16時15分,牝3,https://www.jra.go.jp/JRADB/accessS.html?CNAME=pw01sde1001202601071220260815%2F70,芝,2:43.8,良,安達 昭夫,晴,定量,,
488(0),58.0,2  2  4  10,札幌,PASS_HTML,2600,14,pw01dud102022103644/BC,ブレイジングスター,6,和田 陽希,41.4,大差,07,01,14,3歳以上,1勝クラス,2026-08-15,pw01sde1001202601071220260815,積丹特別,12,（特指）,,16時15分,牡4,https://www.jra.go.jp/JRADB/accessS.html?CNAME=pw01sde1001202601071220260815%2F70,芝,2:45.6,良,高橋 康之,晴,定量,,
430(0),53.0,3  3  6  2,札幌,PASS_HTML,1800,1,pw01dud102023106894/C7,ハヤブササキチャン,5,吉田 隼人,34.6,,08,01,1,3歳以上,1勝クラス,2026-08-16,pw01sde1001202601080320260816,3歳以上1勝クラス,03,（混合）［指定］,,11時00分,牝3,https://www.jra.go.jp/JRADB/accessS.html?CNAME=pw01sde1001202601080320260816%2F03,芝,1:46.9,良,東田 明士,晴,定量,,
486(+4),55.0,8  8  7  3,札幌,PASS_HTML,1800,2,pw01dud102023102915/2F,テンレディーゴー,11,佐々木 大輔,34.8,２ 1/2,08,01,5,3歳以上,1勝クラス,2026-08-16,pw01sde1001202601080320260816,3歳以上1勝クラス,03,（混合）［指定］,,11時00分,牡3,https://www.jra.go.jp/JRADB/accessS.html?CNAME=pw01sde1001202601080320260816%2F03,芝,1:47.3,良,菊川 正達,晴,定量,,
478(+8),53.0,1  1  1  1,札幌,PASS_HTML,1800,3,pw01dud102023102091/2A,クリスレジーナ,10,横山 武史,35.7,１ 1/4,08,01,3,3歳以上,1勝クラス,2026-08-16,pw01sde1001202601080320260816,3歳以上1勝クラス,03,（混合）［指定］,,11時00分,牝3,https://www.jra.go.jp/JRADB/accessS.html?CNAME=pw01sde1001202601080320260816%2F03,芝,1:47.5,良,高野 友和,晴,定量,,
444(+2),53.0,2  2  3  3,札幌,PASS_HTML,1800,4,pw01dud102023104678/33,コウギョク,13,横山 和生,35.9,２ 1/2,08,01,4,3歳以上,1勝クラス,2026-08-16,pw01sde1001202601080320260816,3歳以上1勝クラス,03,（混合）［指定］,,11時00分,牝3,https://www.jra.go.jp/JRADB/accessS.html?CNAME=pw01sde1001202601080320260816%2F03,芝,1:47.9,良,昆 貢,晴,定量,,
474(+4),55.0,10  13  14  12,札幌,PASS_HTML,1800,5,pw01dud102020100621/5E,マイバラード,3,▲遠藤 汰月,34.5,アタマ,08,01,13,3歳以上,1勝クラス,2026-08-16,pw01sde1001202601080320260816,3歳以上1勝クラス,03,（混合）［指定］,,11時00分,牡6,https://www.jra.go.jp/JRADB/accessS.html?CNAME=pw01sde1001202601080320260816%2F03,芝,1:47.9,良,松永 康利,晴,定量,,
432(-1),57.0,12  12  11  6,札幌,PASS_HTML,1800,6,pw01dud102022100860/A5,クラシカルカイザー,9,☆舟山 瑠泉,34.9,クビ,08,01,11,3歳以上,1勝クラス,2026-08-16,pw01sde1001202601080320260816,3歳以上1勝クラス,03,（混合）［指定］,,11時00分,牡4,https://www.jra.go.jp/JRADB/accessS.html?CNAME=pw01sde1001202601080320260816%2F03,芝,1:48.0,良,稲垣 幸雄,晴,定量,,
498(-2),53.0,6  6  7  5,札幌,PASS_HTML,1800,7,pw01dud102023106835/DA,レダアトミカ,7,北村 友一,35.6,１／２,08,01,7,3歳以上,1勝クラス,2026-08-16,pw01sde1001202601080320260816,3歳以上1勝クラス,03,（混合）［指定］,,11時00分,牝3,https://www.jra.go.jp/JRADB/accessS.html?CNAME=pw01sde1001202601080320260816%2F03,芝,1:48.1,良,上原 佑紀,晴,定量,,
496(+4),55.0,5  3  3  9,札幌,PASS_HTML,1800,8,pw01dud102023105005/33,ブランドブラン,6,西村 淳也,36.2,１ 1/4,08,01,2,3歳以上,1勝クラス,2026-08-16,pw01sde1001202601080320260816,3歳以上1勝クラス,03,（混合）［指定］,,11時00分,牡3,https://www.jra.go.jp/JRADB/accessS.html?CNAME=pw01sde1001202601080320260816%2F03,芝,1:48.3,良,杉山 晴紀,晴,定量,,
488(+2),55.0,3  3  5  6,札幌,PASS_HTML,1800,9,pw01dud102023103630/6C,ライフイズカラフル,2,斎藤 新,36.1,クビ,08,01,6,3歳以上,1勝クラス,2026-08-16,pw01sde1001202601080320260816,3歳以上1勝クラス,03,（混合）［指定］,,11時00分,牡3,https://www.jra.go.jp/JRADB/accessS.html?CNAME=pw01sde1001202601080320260816%2F03,芝,1:48.3,良,河嶋 宏樹,晴,定量,,
492(+8),53.0,9  9  7  9,札幌,PASS_HTML,1800,10,pw01dud102023106226/17,ナムラヒナギク,14,小沢 大仁,36.1,１ 3/4,08,01,9,3歳以上,1勝クラス,2026-08-16,pw01sde1001202601080320260816,3歳以上1勝クラス,03,（混合）［指定］,,11時00分,牝3,https://www.jra.go.jp/JRADB/accessS.html?CNAME=pw01sde1001202601080320260816%2F03,芝,1:48.6,良,大橋 勇樹,晴,定量,,
444(+4),58.0,12  14  11  12,札幌,PASS_HTML,1800,11,pw01dud102022106846/D1,ゴールドジェスター,1,黛 弘人,35.8,１,08,01,12,3歳以上,1勝クラス,2026-08-16,pw01sde1001202601080320260816,3歳以上1勝クラス,03,（混合）［指定］,,11時00分,せん4,https://www.jra.go.jp/JRADB/accessS.html?CNAME=pw01sde1001202601080320260816%2F03,芝,1:48.8,良,中川 公成,晴,定量,,
446(-6),58.0,10  10  11  12,札幌,PASS_HTML,1800,12,pw01dud102022104840/41,カーフキック,12,大野 拓弥,36.2,２ 1/2,08,01,10,3歳以上,1勝クラス,2026-08-16,pw01sde1001202601080320260816,3歳以上1勝クラス,03,（混合）［指定］,,11時00分,せん4,https://www.jra.go.jp/JRADB/accessS.html?CNAME=pw01sde1001202601080320260816%2F03,芝,1:49.2,良,高橋 文雅,晴,定量,,
518(+2),58.0,6  6  7  9,札幌,PASS_HTML,1800,13,pw01dud102021107279/97,トクシージェネラル,4,横山 琉人,37.2,２ 1/2,08,01,14,3歳以上,1勝クラス,2026-08-16,pw01sde1001202601080320260816,3歳以上1勝クラス,03,（混合）［指定］,,11時00分,牡5,https://www.jra.go.jp/JRADB/accessS.html?CNAME=pw01sde1001202601080320260816%2F03,芝,1:49.6,良,小島 茂之,晴,定量,,
526(-8),55.0,12  10  2  6,札幌,PASS_HTML,1800,14,pw01dud102023106921/2F,ブルースカイブルー,8,池添 謙一,38.2,３,08,01,8,3歳以上,1勝クラス,2026-08-16,pw01sde1001202601080320260816,3歳以上1勝クラス,03,（混合）［指定］,,11時00分,牡3,https://www.jra.go.jp/JRADB/accessS.html?CNAME=pw01sde1001202601080320260816%2F03,芝,1:50.1,良,平田 修,晴,定量,,
506(初出走),55.0,1  1  1  1,札幌,PASS_HTML,1800,1,pw01dud102024104953/F3,シティオブドリーム,12,横山 典弘,35.8,,08,01,3,2歳,新馬,2026-08-16,pw01sde1001202601080520260816,メイクデビュー札幌,05,[指定],,12時20分,牝2,https://www.jra.go.jp/JRADB/accessS.html?CNAME=pw01sde1001202601080520260816%2F6D,芝,1:51.7,良,昆 貢,晴,馬齢,,
496(初出走),55.0,4  3  2  2,札幌,PASS_HTML,1800,2,pw01dud102024100699/96,レジームチェンジ,11,横山 武史,35.9,１ 1/2,08,01,1,2歳,新馬,2026-08-16,pw01sde1001202601080520260816,メイクデビュー札幌,05,[指定],,12時20分,牡2,https://www.jra.go.jp/JRADB/accessS.html?CNAME=pw01sde1001202601080520260816%2F6D,芝,1:52.0,良,鹿戸 雄一,晴,馬齢,,
520(初出走),55.0,5  4  2  2,札幌,PASS_HTML,1800,3,pw01dud102024103393/1E,ハヤブサカツオー,9,吉田 隼人,35.8,ハナ,08,01,6,2歳,新馬,2026-08-16,pw01sde1001202601080520260816,メイクデビュー札幌,05,[指定],,12時20分,牡2,https://www.jra.go.jp/JRADB/accessS.html?CNAME=pw01sde1001202601080520260816%2F6D,芝,1:52.0,良,岡田 稲男,晴,馬齢,,
442(初出走),55.0,7  8  5  6,札幌,PASS_HTML,1800,4,pw01dud102024103694/24,レッドディーヴァ,10,小沢 大仁,36.2,３ 1/2,08,01,7,2歳,新馬,2026-08-16,pw01sde1001202601080520260816,メイクデビュー札幌,05,[指定],,12時20分,牝2,https://www.jra.go.jp/JRADB/accessS.html?CNAME=pw01sde1001202601080520260816%2F6D,芝,1:52.6,良,小椋 研介,晴,馬齢,,
470(初出走),52.0,11  11  12  12,札幌,PASS_HTML,1800,5,pw01dud102024105151/74,マサノブルスカイ,2,▲和田 陽希,35.2,１ 1/4,08,01,11,2歳,新馬,2026-08-16,pw01sde1001202601080520260816,メイクデビュー札幌,05,[指定],,12時20分,牡2,https://www.jra.go.jp/JRADB/accessS.html?CNAME=pw01sde1001202601080520260816%2F6D,芝,1:52.8,良,藤野 健太,晴,馬齢,,
436(初出走),54.0,7  6  5  5,札幌,PASS_HTML,1800,6,pw01dud102024104262/39,ネージュエトワール,6,☆長浜 鴻緒,36.6,２,08,01,8,2歳,新馬,2026-08-16,pw01sde1001202601080520260816,メイクデビュー札幌,05,[指定],,12時20分,牝2,https://www.jra.go.jp/JRADB/accessS.html?CNAME=pw01sde1001202601080520260816%2F6D,芝,1:53.1,良,新開 幸一,晴,馬齢,,
474(初出走),55.0,10  10  7  2,札幌,PASS_HTML,1800,7,pw01dud102024106048/47,レッドマスキュラー,8,横山 和生,36.6,１／２,08,01,2,2歳,新馬,2026-08-16,pw01sde1001202601080520260816,メイクデビュー札幌,05,[指定],,12時20分,牡2,https://www.jra.go.jp/JRADB/accessS.html?CNAME=pw01sde1001202601080520260816%2F6D,芝,1:53.2,良,黒岩 陽一,晴,馬齢,,
438(初出走),55.0,12  11  10  8,札幌,PASS_HTML,1800,8,pw01dud102024104580/06,リアンディール,5,佐々木 大輔,36.6,１ 3/4,08,01,5,2歳,新馬,2026-08-16,pw01sde1001202601080520260816,メイクデビュー札幌,05,[指定],,12時20分,牝2,https://www.jra.go.jp/JRADB/accessS.html?CNAME=pw01sde1001202601080520260816%2F6D,芝,1:53.5,良,秋本 大介,晴,馬齢,,
442(初出走),52.0,3  4  8  9,札幌,PASS_HTML,1800,9,pw01dud102024101323/D0,シャイニーヒーロー,7,▲大久保 友雅,36.9,１／２,08,01,12,2歳,新馬,2026-08-16,pw01sde1001202601080520260816,メイクデビュー札幌,05,[指定],,12時20分,牡2,https://www.jra.go.jp/JRADB/accessS.html?CNAME=pw01sde1001202601080520260816%2F6D,芝,1:53.6,良,畠山 吉宏,晴,馬齢,,
450(初出走),55.0,9  9  8  9,札幌,PASS_HTML,1800,10,pw01dud102024106018/17,アイアムツヨスギル,3,池添 謙一,37.1,１ 1/2,08,01,4,2歳,新馬,2026-08-16,pw01sde1001202601080520260816,メイクデビュー札幌,05,[指定],,12時20分,牡2,https://www.jra.go.jp/JRADB/accessS.html?CNAME=pw01sde1001202601080520260816%2F6D,芝,1:53.8,良,奥平 雅士,晴,馬齢,,
470(初出走),55.0,5  7  10  11,札幌,PASS_HTML,1800,11,pw01dud102024101091/C7,グリームウッド,4,横山 琉人,37.0,クビ,08,01,10,2歳,新馬,2026-08-16,pw01sde1001202601080520260816,メイクデビュー札幌,05,[指定],,12時20分,牡2,https://www.jra.go.jp/JRADB/accessS.html?CNAME=pw01sde1001202601080520260816%2F6D,芝,1:53.9,良,手塚 貴徳,晴,馬齢,,
500(初出走),54.0,2  2  2  6,札幌,PASS_HTML,1800,12,pw01dud102024105446/36,ミライショウグン,1,☆舟山 瑠泉,38.9,７,08,01,9,2歳,新馬,2026-08-16,pw01sde1001202601080520260816,メイクデビュー札幌,05,[指定],,12時20分,牡2,https://www.jra.go.jp/JRADB/accessS.html?CNAME=pw01sde1001202601080520260816%2F6D,芝,1:55.0,良,前川 恭子,晴,馬齢,,
502(+4),57.0,8  8  4  3,札幌,QUARANTINED_HTML:track_condition,1700,1,pw01dud102023105675/C9,アルジェンタム,8,横山 和生,36.9,,08,01,1,3歳,未勝利,2026-08-16,pw01sde1001202601080420260816,3歳未勝利,04,[指定],,11時30分,せん3,https://www.jra.go.jp/JRADB/accessS.html?CNAME=pw01sde1001202601080420260816%2FB8,ダート,1:46.3,,野中 賢二,晴,馬齢,,
464(+8),55.0,4  4  2  1,札幌,QUARANTINED_HTML:track_condition,1700,2,pw01dud102023104374/D4,ブライトエンジェル,13,川又 賢治,37.2,３／４,08,01,6,3歳,未勝利,2026-08-16,pw01sde1001202601080420260816,3歳未勝利,04,[指定],,11時30分,牝3,https://www.jra.go.jp/JRADB/accessS.html?CNAME=pw01sde1001202601080420260816%2FB8,ダート,1:46.4,,角田 晃一,晴,馬齢,,
498(+2),55.0,3  3  1  2,札幌,QUARANTINED_HTML:track_condition,1700,3,pw01dud102023100609/7A,ペガサスウィンド,12,坂井 瑠星,37.9,３ 1/2,08,01,2,3歳,未勝利,2026-08-16,pw01sde1001202601080420260816,3歳未勝利,04,[指定],,11時30分,牝3,https://www.jra.go.jp/JRADB/accessS.html?CNAME=pw01sde1001202601080420260816%2FB8,ダート,1:47.0,,宮地 貴稔,晴,馬齢,,
462(-2),57.0,4  4  4  5,札幌,QUARANTINED_HTML:track_condition,1700,4,pw01dud102023106570/48,メイショウタイザン,4,小沢 大仁,37.6,クビ,08,01,3,3歳,未勝利,2026-08-16,pw01sde1001202601080420260816,3歳未勝利,04,[指定],,11時30分,牡3,https://www.jra.go.jp/JRADB/accessS.html?CNAME=pw01sde1001202601080420260816%2FB8,ダート,1:47.0,,高橋 義忠,晴,馬齢,,
408(-4),55.0,4  4  8  6,札幌,QUARANTINED_HTML:track_condition,1700,5,pw01dud102023103475/89,ディープマウンテン,6,吉田 隼人,38.1,５,08,01,12,3歳,未勝利,2026-08-16,pw01sde1001202601080420260816,3歳未勝利,04,[指定],,11時30分,牝3,https://www.jra.go.jp/JRADB/accessS.html?CNAME=pw01sde1001202601080420260816%2FB8,ダート,1:47.8,,深山 雅史,晴,馬齢,,
456(-2),53.0,14  14  14  13,札幌,QUARANTINED_HTML:track_condition,1700,6,pw01dud102023103776/8F,フォーティンブラス,10,★河原田 菜々,37.2,クビ,08,01,7,3歳,未勝利,2026-08-16,pw01sde1001202601080420260816,3歳未勝利,04,[指定],,11時30分,牡3,https://www.jra.go.jp/JRADB/accessS.html?CNAME=pw01sde1001202601080420260816%2FB8,ダート,1:47.9,,池江 泰寿,晴,馬齢,,
442(0),55.0,2  2  2  3,札幌,QUARANTINED_HTML:track_condition,1700,7,pw01dud102023102396/FC,ホウオウロレンシア,11,北村 友一,39.3,３,08,01,4,3歳,未勝利,2026-08-16,pw01sde1001202601080420260816,3歳未勝利,04,[指定],,11時30分,牝3,https://www.jra.go.jp/JRADB/accessS.html?CNAME=pw01sde1001202601080420260816%2FB8,ダート,1:48.4,,高木 登,晴,馬齢,,
434(+4),55.0,1  1  7  8,札幌,QUARANTINED_HTML:track_condition,1700,8,pw01dud102023105791/4E,メカニックバレエ,9,小野 楓馬,38.9,３／４,08,01,11,3歳,未勝利,2026-08-16,pw01sde1001202601080420260816,3歳未勝利,04,[指定],,11時30分,牝3,https://www.jra.go.jp/JRADB/accessS.html?CNAME=pw01sde1001202601080420260816%2FB8,ダート,1:48.5,,中村 直也,晴,馬齢,,
488(+2),54.0,8  8  9  10,札幌,QUARANTINED_HTML:track_condition,1700,9,pw01dud102023107156/05,トランスマリーン,2,▲和田 陽希,38.7,１,08,01,9,3歳,未勝利,2026-08-16,pw01sde1001202601080420260816,3歳未勝利,04,[指定],,11時30分,牡3,https://www.jra.go.jp/JRADB/accessS.html?CNAME=pw01sde1001202601080420260816%2FB8,ダート,1:48.7,,平田 修,晴,馬齢,,
484(0),57.0,8  8  10  11,札幌,QUARANTINED_HTML:track_condition,1700,10,pw01dud102023100784/EC,エースオブゴールド,7,佐々木 大輔,39.8,７,08,01,10,3歳,未勝利,2026-08-16,pw01sde1001202601080420260816,3歳未勝利,04,[指定],,11時30分,牡3,https://www.jra.go.jp/JRADB/accessS.html?CNAME=pw01sde1001202601080420260816%2FB8,ダート,1:49.9,,堀内 岳志,晴,馬齢,,
452(0),55.0,11  11  10  8,札幌,QUARANTINED_HTML:track_condition,1700,11,pw01dud102023106115/63,アロハ,1,西村 淳也,39.8,アタマ,08,01,5,3歳,未勝利,2026-08-16,pw01sde1001202601080420260816,3歳未勝利,04,[指定],,11時30分,牝3,https://www.jra.go.jp/JRADB/accessS.html?CNAME=pw01sde1001202601080420260816%2FB8,ダート,1:49.9,,橋田 宜長,晴,馬齢,,
446(-2),55.0,12  11  13  11,札幌,QUARANTINED_HTML:track_condition,1700,12,pw01dud102023101796/D1,テリオスリコ,5,古川 吉洋,39.6,１／２,08,01,14,3歳,未勝利,2026-08-16,pw01sde1001202601080420260816,3歳未勝利,04,[指定],,11時30分,牝3,https://www.jra.go.jp/JRADB/accessS.html?CNAME=pw01sde1001202601080420260816%2FB8,ダート,1:50.0,,松下 武士,晴,馬齢,,
470(0),54.0,13  11  4  7,札幌,QUARANTINED_HTML:track_condition,1700,13,pw01dud102023101759/EA,ワンダージェム,3,☆長浜 鴻緒,40.8,１／２,08,01,13,3歳,未勝利,2026-08-16,pw01sde1001202601080420260816,3歳未勝利,04,[指定],,11時30分,牝3,https://www.jra.go.jp/JRADB/accessS.html?CNAME=pw01sde1001202601080420260816%2FB8,ダート,1:50.1,,石坂 公一,晴,馬齢,,
470(+4),57.0,7  7  10  14,札幌,QUARANTINED_HTML:track_condition,1700,14,pw01dud102023103290/08,パーシヴァル,14,横山 琉人,40.4,３,08,01,8,3歳,未勝利,2026-08-16,pw01sde1001202601080420260816,3歳未勝利,04,[指定],,11時30分,せん3,https://www.jra.go.jp/JRADB/accessS.html?CNAME=pw01sde1001202601080420260816%2FB8,ダート,1:50.6,,相沢 郁,晴,馬齢,,
470(-2),57.0,3  3  3  3,札幌,PASS_HTML,2000,1,pw01dud102023107359/C0,ウイルソン,14,北村 友一,35.6,,08,01,1,3歳,未勝利,2026-08-16,pw01sde1001202601080720260816,3歳未勝利,07,（混合）［指定］,,13時25分,牡3,https://www.jra.go.jp/JRADB/accessS.html?CNAME=pw01sde1001202601080720260816%2FD7,芝,2:00.4,良,杉山 晴紀,晴,馬齢,,
462(-8),55.0,5  5  4  3,札幌,PASS_HTML,2000,2,pw01dud102023101812/B6,デイズインザサン,5,佐々木 大輔,35.6,１／２,08,01,7,3歳,未勝利,2026-08-16,pw01sde1001202601080720260816,3歳未勝利,07,（混合）［指定］,,13時25分,牝3,https://www.jra.go.jp/JRADB/accessS.html?CNAME=pw01sde1001202601080720260816%2FD7,芝,2:00.5,良,小野 次郎,晴,馬齢,,
442(+2),54.0,13  14  13  8,札幌,PASS_HTML,2000,3,pw01dud102023100608/07,メイショウライガ,9,▲和田 陽希,35.1,３,08,01,9,3歳,未勝利,2026-08-16,pw01sde1001202601080720260816,3歳未勝利,07,（混合）［指定］,,13時25分,牡3,https://www.jra.go.jp/JRADB/accessS.html?CNAME=pw01sde1001202601080720260816%2FD7,芝,2:01.0,良,藤原 英昭,晴,馬齢,,
398(+2),51.0,7  6  7  5,札幌,PASS_HTML,2000,4,pw01dud102023106148/EC,ヒメヒオウギ,12,★河原田 菜々,35.8,１／２,08,01,6,3歳,未勝利,2026-08-16,pw01sde1001202601080720260816,3歳未勝利,07,（混合）［指定］,,13時25分,牝3,https://www.jra.go.jp/JRADB/accessS.html?CNAME=pw01sde1001202601080720260816%2FD7,芝,2:01.1,良,中竹 和也,晴,馬齢,,
472(-4),57.0,15  14  7  5,札幌,PASS_HTML,2000,5,pw01dud102023103483/B3,クールフィデル,2,横山 和生,35.9,１／２,08,01,5,3歳,未勝利,2026-08-16,pw01sde1001202601080720260816,3歳未勝利,07,（混合）［指定］,,13時25分,牡3,https://www.jra.go.jp/JRADB/accessS.html?CNAME=pw01sde1001202601080720260816%2FD7,芝,2:01.2,良,和田 勇介,晴,馬齢,,
458(+4),57.0,1  1  1  1,札幌,PASS_HTML,2000,6,pw01dud102023105449/03,ミナヅキ,16,西村 淳也,36.6,ハナ,08,01,3,3歳,未勝利,2026-08-16,pw01sde1001202601080720260816,3歳未勝利,07,（混合）［指定］,,13時25分,牡3,https://www.jra.go.jp/JRADB/accessS.html?CNAME=pw01sde1001202601080720260816%2FD7,芝,2:01.2,良,清水 英克,晴,馬齢,,
432(+6),57.0,16  16  15  11,札幌,PASS_HTML,2000,7,pw01dud102023102128/10,マコトアディントン,7,横山 武史,35.3,１ 3/4,08,01,2,3歳,未勝利,2026-08-16,pw01sde1001202601080720260816,3歳未勝利,07,（混合）［指定］,,13時25分,牡3,https://www.jra.go.jp/JRADB/accessS.html?CNAME=pw01sde1001202601080720260816%2FD7,芝,2:01.5,良,前川 恭子,晴,馬齢,,
434(+14),55.0,6  6  6  8,札幌,PASS_HTML,2000,8,pw01dud102023105282/BC,キトゥンズラスター,3,小沢 大仁,36.6,２,08,01,14,3歳,未勝利,2026-08-16,pw01sde1001202601080720260816,3歳未勝利,07,（混合）［指定］,,13時25分,牝3,https://www.jra.go.jp/JRADB/accessS.html?CNAME=pw01sde1001202601080720260816%2FD7,芝,2:01.8,良,橋口 慎介,晴,馬齢,,
454(0),57.0,13  11  9  10,札幌,PASS_HTML,2000,9,pw01dud102023102802/95,ヤクジョ,13,坂井 瑠星,36.4,１／２,08,01,8,3歳,未勝利,2026-08-16,pw01sde1001202601080720260816,3歳未勝利,07,（混合）［指定］,,13時25分,牡3,https://www.jra.go.jp/JRADB/accessS.html?CNAME=pw01sde1001202601080720260816%2FD7,芝,2:01.9,良,松永 康利,晴,馬齢,,
456(0),57.0,10  9  11  12,札幌,PASS_HTML,2000,10,pw01dud102023103369/14,アームアンフルール,8,岩田 康誠,36.3,１,08,01,13,3歳,未勝利,2026-08-16,pw01sde1001202601080720260816,3歳未勝利,07,（混合）［指定］,,13時25分,牡3,https://www.jra.go.jp/JRADB/accessS.html?CNAME=pw01sde1001202601080720260816%2FD7,芝,2:02.1,良,本間 忍,晴,馬齢,,
450(0),54.0,2  2  2  2,札幌,PASS_HTML,2000,11,pw01dud102023103607/61,ロッサコメータ,6,☆舟山 瑠泉,37.7,２,08,01,4,3歳,未勝利,2026-08-16,pw01sde1001202601080720260816,3歳未勝利,07,（混合）［指定］,,13時25分,牝3,https://www.jra.go.jp/JRADB/accessS.html?CNAME=pw01sde1001202601080720260816%2FD7,芝,2:02.4,良,吉岡 辰弥,晴,馬齢,,
474(+12),54.0,11  11  11  12,札幌,PASS_HTML,2000,12,pw01dud102023100645/EE,トーレス,4,▲大久保 友雅,37.1,３,08,01,15,3歳,未勝利,2026-08-16,pw01sde1001202601080720260816,3歳未勝利,07,（混合）［指定］,,13時25分,牡3,https://www.jra.go.jp/JRADB/accessS.html?CNAME=pw01sde1001202601080720260816%2FD7,芝,2:02.9,良,秋山 真一郎,晴,馬齢,,
458(+10),55.0,4  4  4  5,札幌,PASS_HTML,2000,13,pw01dud102023107525/26,ホウオウワイズ,11,斎藤 新,38.3,１ 1/2,08,01,11,3歳,未勝利,2026-08-16,pw01sde1001202601080720260816,3歳未勝利,07,（混合）［指定］,,13時25分,牝3,https://www.jra.go.jp/JRADB/accessS.html?CNAME=pw01sde1001202601080720260816%2FD7,芝,2:03.2,良,吉岡 辰弥,晴,馬齢,,
448(-6),57.0,11  11  15  15,札幌,PASS_HTML,2000,14,pw01dud102023106447/0C,コスモマウイ,10,横山 琉人,37.1,１ 1/4,08,01,16,3歳,未勝利,2026-08-16,pw01sde1001202601080720260816,3歳未勝利,07,（混合）［指定］,,13時25分,牡3,https://www.jra.go.jp/JRADB/accessS.html?CNAME=pw01sde1001202601080720260816%2FD7,芝,2:03.4,良,深山 雅史,晴,馬齢,,
448(+2),57.0,9  9  13  15,札幌,PASS_HTML,2000,15,pw01dud102023102765/1D,ルクスユアン,1,吉田 隼人,37.7,２,08,01,10,3歳,未勝利,2026-08-16,pw01sde1001202601080720260816,3歳未勝利,07,（混合）［指定］,,13時25分,牡3,https://www.jra.go.jp/JRADB/accessS.html?CNAME=pw01sde1001202601080720260816%2FD7,芝,2:03.7,良,清水 久詞,晴,馬齢,,
442(+10),55.0,8  8  9  14,札幌,PASS_HTML,2000,16,pw01dud102023104789/E7,スチョウプリンセス,15,大野 拓弥,39.1,５,08,01,12,3歳,未勝利,2026-08-16,pw01sde1001202601080720260816,3歳未勝利,07,（混合）［指定］,,13時25分,牝3,https://www.jra.go.jp/JRADB/accessS.html?CNAME=pw01sde1001202601080720260816%2FD7,芝,2:04.6,良,的場 均,晴,馬齢,,
456(+8),54.0,7  6,札幌,QUARANTINED_HTML:track_condition,1000,1,pw01dud102023105815/CB,エスカレイト,11,西村 淳也,35.1,,08,01,4,3歳以上,1勝クラス,2026-08-16,pw01sde1001202601080620260816,3歳以上1勝クラス,06,[指定],,12時50分,牝3,https://www.jra.go.jp/JRADB/accessS.html?CNAME=pw01sde1001202601080620260816%2F22,ダート,0:59.3,,小栗 実,晴,定量,,
462(0),56.0,4  4,札幌,QUARANTINED_HTML:track_condition,1000,2,pw01dud102023103557/80,ラテラルパーム,4,岩田 康誠,35.5,３／４,08,01,3,3歳以上,1勝クラス,2026-08-16,pw01sde1001202601080620260816,3歳以上1勝クラス,06,[指定],,12時50分,牡3,https://www.jra.go.jp/JRADB/accessS.html?CNAME=pw01sde1001202601080620260816%2F22,ダート,0:59.4,,栗田 徹,晴,定量,,
484(-2),58.0,5  5,札幌,QUARANTINED_HTML:track_condition,1000,3,pw01dud102018103293/B2,ヨドノゴールド,10,川田 将雅,35.3,ハナ,08,01,2,3歳以上,1勝クラス,2026-08-16,pw01sde1001202601080620260816,3歳以上1勝クラス,06,[指定],,12時50分,牡8,https://www.jra.go.jp/JRADB/accessS.html?CNAME=pw01sde1001202601080620260816%2F22,ダート,0:59.4,,橋田 宜長,晴,定量,,
470(0),50.0,2  1,札幌,QUARANTINED_HTML:track_condition,1000,4,pw01dud102023103699/D7,パドゼフィール,9,★河原田 菜々,36.2,２ 1/2,08,01,6,3歳以上,1勝クラス,2026-08-16,pw01sde1001202601080620260816,3歳以上1勝クラス,06,[指定],,12時50分,牝3,https://www.jra.go.jp/JRADB/accessS.html?CNAME=pw01sde1001202601080620260816%2F22,ダート,0:59.8,,新谷 功一,晴,定量,,
474(+4),53.0,9  7,札幌,QUARANTINED_HTML:track_condition,1000,5,pw01dud102022104370/7C,マカニ,2,▲遠藤 汰月,35.5,１,08,01,12,3歳以上,1勝クラス,2026-08-16,pw01sde1001202601080620260816,3歳以上1勝クラス,06,[指定],,12時50分,牝4,https://www.jra.go.jp/JRADB/accessS.html?CNAME=pw01sde1001202601080620260816%2F22,ダート,1:00.0,,尾形 和幸,晴,定量,,
500(+14),55.0,11  12,札幌,QUARANTINED_HTML:track_condition,1000,6,pw01dud102023102427/30,イングラム,3,☆舟山 瑠泉,35.1,２ 1/2,08,01,1,3歳以上,1勝クラス,2026-08-16,pw01sde1001202601080620260816,3歳以上1勝クラス,06,[指定],,12時50分,牡3,https://www.jra.go.jp/JRADB/accessS.html?CNAME=pw01sde1001202601080620260816%2F22,ダート,1:00.4,,千田 輝彦,晴,定量,,
488(+4),58.0,9  9,札幌,QUARANTINED_HTML:track_condition,1000,7,pw01dud102022102799/8D,タイセイアビリティ,5,黛 弘人,36.0,アタマ,08,01,9,3歳以上,1勝クラス,2026-08-16,pw01sde1001202601080620260816,3歳以上1勝クラス,06,[指定],,12時50分,牡4,https://www.jra.go.jp/JRADB/accessS.html?CNAME=pw01sde1001202601080620260816%2F22,ダート,1:00.5,,小林 真也,晴,定量,,
490(+10),56.0,5  7,札幌,QUARANTINED_HTML:track_condition,1000,8,pw01dud102022103237/41,メイショウホダワラ,12,吉田 隼人,36.5,３／４,08,01,10,3歳以上,1勝クラス,2026-08-16,pw01sde1001202601080620260816,3歳以上1勝クラス,06,[指定],,12時50分,牝4,https://www.jra.go.jp/JRADB/accessS.html?CNAME=pw01sde1001202601080620260816%2F22,ダート,1:00.6,,荒川 義之,晴,定量,,
466(+10),56.0,12  11,札幌,QUARANTINED_HTML:track_condition,1000,9,pw01dud102022102878/2B,ナンナンプー,7,横山 琉人,35.3,１,08,01,7,3歳以上,1勝クラス,2026-08-16,pw01sde1001202601080620260816,3歳以上1勝クラス,06,[指定],,12時50分,牝4,https://www.jra.go.jp/JRADB/accessS.html?CNAME=pw01sde1001202601080620260816%2F22,ダート,1:00.8,,水野 貴広,晴,定量,,
496(+8),56.0,2  2,札幌,QUARANTINED_HTML:track_condition,1000,10,pw01dud102023105630/4A,ビタミンドロップ,8,佐々木 大輔,37.3,アタマ,08,01,5,3歳以上,1勝クラス,2026-08-16,pw01sde1001202601080620260816,3歳以上1勝クラス,06,[指定],,12時50分,牡3,https://www.jra.go.jp/JRADB/accessS.html?CNAME=pw01sde1001202601080620260816%2F22,ダート,1:00.8,,松山 将樹,晴,定量,,
454(-2),54.0,8  9,札幌,QUARANTINED_HTML:track_condition,1000,11,pw01dud102023106912/92,ジュジュドール,1,斎藤 新,36.6,１ 1/4,08,01,11,3歳以上,1勝クラス,2026-08-16,pw01sde1001202601080620260816,3歳以上1勝クラス,06,[指定],,12時50分,牝3,https://www.jra.go.jp/JRADB/accessS.html?CNAME=pw01sde1001202601080620260816%2F22,ダート,1:01.0,,西園 翔太,晴,定量,,
456(-16),56.0,1  2,札幌,QUARANTINED_HTML:track_condition,1000,12,pw01dud102021101891/AB,スパークルジョイ,6,小沢 大仁,37.8,２,08,01,8,3歳以上,1勝クラス,2026-08-16,pw01sde1001202601080620260816,3歳以上1勝クラス,06,[指定],,12時50分,牝5,https://www.jra.go.jp/JRADB/accessS.html?CNAME=pw01sde1001202601080620260816%2F22,ダート,1:01.3,,前川 恭子,晴,定量,,
512(0),56.0,10  5,札幌,PASS_HTML,1200,1,pw01dud102023103585/CA,リヴァイ,16,西村 淳也,33.4,,08,01,3,3歳以上,1勝クラス,2026-08-16,pw01sde1001202601080920260816,小樽特別,09,（混合）（特指）,,14時35分,牡3,https://www.jra.go.jp/JRADB/accessS.html?CNAME=pw01sde1001202601080920260816%2F41,芝,1:08.1,良,高野 友和,晴,定量,,
450(+2),54.0,13  9,札幌,PASS_HTML,1200,2,pw01dud102023104047/6A,ノアールビーナス,13,舟山 瑠泉,34.0,５,08,01,10,3歳以上,1勝クラス,2026-08-16,pw01sde1001202601080920260816,小樽特別,09,（混合）（特指）,,14時35分,牝3,https://www.jra.go.jp/JRADB/accessS.html?CNAME=pw01sde1001202601080920260816%2F41,芝,1:08.9,良,杉山 佳明,晴,定量,,
414(+6),54.0,9  9,札幌,PASS_HTML,1200,3,pw01dud102023105325/E6,ラヴノー,12,佐々木 大輔,34.4,３／４,08,01,5,3歳以上,1勝クラス,2026-08-16,pw01sde1001202601080920260816,小樽特別,09,（混合）（特指）,,14時35分,牝3,https://www.jra.go.jp/JRADB/accessS.html?CNAME=pw01sde1001202601080920260816%2F41,芝,1:09.0,良,林 徹,晴,定量,,
458(+2),56.0,3  4,札幌,PASS_HTML,1200,4,pw01dud102023103137/9C,ハッピーラッキー,5,横山 和生,34.8,ハナ,08,01,1,3歳以上,1勝クラス,2026-08-16,pw01sde1001202601080920260816,小樽特別,09,（混合）（特指）,,14時35分,牡3,https://www.jra.go.jp/JRADB/accessS.html?CNAME=pw01sde1001202601080920260816%2F41,芝,1:09.0,良,武市 康男,晴,定量,,
448(0),54.0,4  2,札幌,PASS_HTML,1200,5,pw01dud102023104875/3C,ダブルチャレンジ,14,吉田 隼人,34.7,３／４,08,01,6,3歳以上,1勝クラス,2026-08-16,pw01sde1001202601080920260816,小樽特別,09,（混合）（特指）,,14時35分,牝3,https://www.jra.go.jp/JRADB/accessS.html?CNAME=pw01sde1001202601080920260816%2F41,芝,1:09.1,良,深山 雅史,晴,定量,,
440(+8),56.0,10  12,札幌,PASS_HTML,1200,6,pw01dud102022102088/B3,ユーティジャーニー,8,長浜 鴻緒,34.3,ハナ,08,01,4,3歳以上,1勝クラス,2026-08-16,pw01sde1001202601080920260816,小樽特別,09,（混合）（特指）,,14時35分,牝4,https://www.jra.go.jp/JRADB/accessS.html?CNAME=pw01sde1001202601080920260816%2F41,芝,1:09.1,良,矢嶋 大樹,晴,定量,,
466(0),56.0,15  14,札幌,PASS_HTML,1200,7,pw01dud102020100084/F1,レッドカメリア,4,古川 吉洋,33.9,ハナ,08,01,12,3歳以上,1勝クラス,2026-08-16,pw01sde1001202601080920260816,小樽特別,09,（混合）（特指）,,14時35分,牝6,https://www.jra.go.jp/JRADB/accessS.html?CNAME=pw01sde1001202601080920260816%2F41,芝,1:09.1,良,佐藤 吉勝,晴,定量,,
520(+8),56.0,1  1,札幌,PASS_HTML,1200,8,pw01dud102023104856/8F,マイケルバローズ,15,横山 武史,35.5,クビ,08,01,7,3歳以上,1勝クラス,2026-08-16,pw01sde1001202601080920260816,小樽特別,09,（混合）（特指）,,14時35分,牡3,https://www.jra.go.jp/JRADB/accessS.html?CNAME=pw01sde1001202601080920260816%2F41,芝,1:09.2,良,上村 洋行,晴,定量,,
436(+6),56.0,7  5,札幌,PASS_HTML,1200,9,pw01dud102022105212/C0,エコロハート,3,川田 将雅,34.9,１ 1/4,08,01,2,3歳以上,1勝クラス,2026-08-16,pw01sde1001202601080920260816,小樽特別,09,（混合）（特指）,,14時35分,牝4,https://www.jra.go.jp/JRADB/accessS.html?CNAME=pw01sde1001202601080920260816%2F41,芝,1:09.4,良,須貝 尚介,晴,定量,,
462(-8),56.0,7  9,札幌,PASS_HTML,1200,10,pw01dud102023103847/03,トーアサジタリウス,10,小野 楓馬,34.9,１／２,08,01,13,3歳以上,1勝クラス,2026-08-16,pw01sde1001202601080920260816,小樽特別,09,（混合）（特指）,,14時35分,牡3,https://www.jra.go.jp/JRADB/accessS.html?CNAME=pw01sde1001202601080920260816%2F41,芝,1:09.4,良,佐々木 国明,晴,定量,,
482(-8),56.0,4  7,札幌,PASS_HTML,1200,11,pw01dud102020100759/57,アルマロクザン,11,大野 拓弥,35.1,クビ,08,01,15,3歳以上,1勝クラス,2026-08-16,pw01sde1001202601080920260816,小樽特別,09,（混合）（特指）,,14時35分,牝6,https://www.jra.go.jp/JRADB/accessS.html?CNAME=pw01sde1001202601080920260816%2F41,芝,1:09.5,良,伊藤 伸一,晴,定量,,
398(+2),56.0,14  14,札幌,PASS_HTML,1200,12,pw01dud102022103316/DF,キタノクニカラ,6,遠藤 汰月,34.5,３／４,08,01,16,3歳以上,1勝クラス,2026-08-16,pw01sde1001202601080920260816,小樽特別,09,（混合）（特指）,,14時35分,牝4,https://www.jra.go.jp/JRADB/accessS.html?CNAME=pw01sde1001202601080920260816%2F41,芝,1:09.6,良,奥平 雅士,晴,定量,,
406(-2),54.0,10  12,札幌,PASS_HTML,1200,13,pw01dud102023105812/72,ラスベガスサイン,2,横山 琉人,35.3,２,08,01,11,3歳以上,1勝クラス,2026-08-16,pw01sde1001202601080920260816,小樽特別,09,（混合）（特指）,,14時35分,牝3,https://www.jra.go.jp/JRADB/accessS.html?CNAME=pw01sde1001202601080920260816%2F41,芝,1:10.0,良,長谷川 浩大,晴,定量,,
476(-2),56.0,15  16,札幌,PASS_HTML,1200,14,pw01dud102022106016/19,ブライアーヒル,7,斎藤 新,34.8,ハナ,08,01,14,3歳以上,1勝クラス,2026-08-16,pw01sde1001202601080920260816,小樽特別,09,（混合）（特指）,,14時35分,牝4,https://www.jra.go.jp/JRADB/accessS.html?CNAME=pw01sde1001202601080920260816%2F41,芝,1:10.0,良,中尾 秀正,晴,定量,,
460(+12),56.0,4  7,札幌,PASS_HTML,1200,15,pw01dud102023102027/6C,フィオラーノ,9,松本 大輝,36.5,５,08,01,8,3歳以上,1勝クラス,2026-08-16,pw01sde1001202601080920260816,小樽特別,09,（混合）（特指）,,14時35分,牡3,https://www.jra.go.jp/JRADB/accessS.html?CNAME=pw01sde1001202601080920260816%2F41,芝,1:10.8,良,吉田 直弘,晴,定量,,
436(+4),56.0,2  2,札幌,PASS_HTML,1200,16,pw01dud102021104404/7D,シュークリーム,1,坂井 瑠星,37.1,３／４,08,01,9,3歳以上,1勝クラス,2026-08-16,pw01sde1001202601080920260816,小樽特別,09,（混合）（特指）,,14時35分,牝5,https://www.jra.go.jp/JRADB/accessS.html?CNAME=pw01sde1001202601080920260816%2F41,芝,1:11.0,良,西村 真幸,晴,定量,,
490(-8),58.0,2  2  2  1,札幌,QUARANTINED_HTML:track_condition,1700,1,pw01dud102022103149/06,タイキインドラ,7,坂井 瑠星,36.8,,08,01,1,3歳以上,1勝クラス,2026-08-16,pw01sde1001202601080820260816,3歳以上1勝クラス,08,（混合）（特指）,,14時01分,牡4,https://www.jra.go.jp/JRADB/accessS.html?CNAME=pw01sde1001202601080820260816%2F8C,ダート,1:45.6,,平岩 大典,晴,定量,,
460(-8),58.0,5  4  3  2,札幌,QUARANTINED_HTML:track_condition,1700,2,pw01dud102022101044/B8,グレイスフルマーチ,4,斎藤 新,36.7,ハナ,08,01,3,3歳以上,1勝クラス,2026-08-16,pw01sde1001202601080820260816,3歳以上1勝クラス,08,（混合）（特指）,,14時01分,牡4,https://www.jra.go.jp/JRADB/accessS.html?CNAME=pw01sde1001202601080820260816%2F8C,ダート,1:45.6,,中村 直也,晴,定量,,
460(+2),58.0,11  11  10  7,札幌,QUARANTINED_HTML:track_condition,1700,3,pw01dud102022100637/38,ロードアルディート,5,横山 和生,36.3,３ 1/2,08,01,5,3歳以上,1勝クラス,2026-08-16,pw01sde1001202601080820260816,3歳以上1勝クラス,08,（混合）（特指）,,14時01分,牡4,https://www.jra.go.jp/JRADB/accessS.html?CNAME=pw01sde1001202601080820260816%2F8C,ダート,1:46.2,,武 幸四郎,晴,定量,,
486(-4),55.0,10  10  7  4,札幌,QUARANTINED_HTML:track_condition,1700,4,pw01dud102023103806/50,ジェネラスキング,10,横山 武史,37.3,４,08,01,4,3歳以上,1勝クラス,2026-08-16,pw01sde1001202601080820260816,3歳以上1勝クラス,08,（混合）（特指）,,14時01分,牡3,https://www.jra.go.jp/JRADB/accessS.html?CNAME=pw01sde1001202601080820260816%2F8C,ダート,1:46.9,,久保田 貴士,晴,定量,,
478(-4),55.0,1  1  1  3,札幌,QUARANTINED_HTML:track_condition,1700,5,pw01dud102023100612/65,タイセイジェイド,2,西村 淳也,38.4,１ 1/4,08,01,2,3歳以上,1勝クラス,2026-08-16,pw01sde1001202601080820260816,3歳以上1勝クラス,08,（混合）（特指）,,14時01分,牡3,https://www.jra.go.jp/JRADB/accessS.html?CNAME=pw01sde1001202601080820260816%2F8C,ダート,1:47.1,,矢作 芳人,晴,定量,,
458(+8),53.0,6  6  6  4,札幌,QUARANTINED_HTML:track_condition,1700,6,pw01dud102023104679/A6,タイセイルビー,3,吉田 隼人,38.6,５,08,01,6,3歳以上,1勝クラス,2026-08-16,pw01sde1001202601080820260816,3歳以上1勝クラス,08,（混合）（特指）,,14時01分,牝3,https://www.jra.go.jp/JRADB/accessS.html?CNAME=pw01sde1001202601080820260816%2F8C,ダート,1:48.0,,千葉 直人,晴,定量,,
568(-4),55.0,3  2  3  4,札幌,QUARANTINED_HTML:track_condition,1700,7,pw01dud102022107021/D9,ファミーユウルーズ,8,▲和田 陽希,39.0,クビ,08,01,9,3歳以上,1勝クラス,2026-08-16,pw01sde1001202601080820260816,3歳以上1勝クラス,08,（混合）（特指）,,14時01分,牡4,https://www.jra.go.jp/JRADB/accessS.html?CNAME=pw01sde1001202601080820260816%2F8C,ダート,1:48.0,,武藤 善則,晴,定量,,
502(+2),50.0,8  6  7  9,札幌,QUARANTINED_HTML:track_condition,1700,8,pw01dud102023106163/CD,サマースプラッシュ,9,★河原田 菜々,38.5,３／４,08,01,10,3歳以上,1勝クラス,2026-08-16,pw01sde1001202601080820260816,3歳以上1勝クラス,08,（混合）（特指）,,14時01分,牝3,https://www.jra.go.jp/JRADB/accessS.html?CNAME=pw01sde1001202601080820260816%2F8C,ダート,1:48.2,,石栗 龍彦,晴,定量,,
476(+4),57.0,8  9  10  10,札幌,QUARANTINED_HTML:track_condition,1700,9,pw01dud102022103235/5B,カフェブーケット,11,☆長浜 鴻緒,39.0,５,08,01,8,3歳以上,1勝クラス,2026-08-16,pw01sde1001202601080820260816,3歳以上1勝クラス,08,（混合）（特指）,,14時01分,牡4,https://www.jra.go.jp/JRADB/accessS.html?CNAME=pw01sde1001202601080820260816%2F8C,ダート,1:49.0,,柄崎 将寿,晴,定量,,
456(-4),53.0,3  4  5  8,札幌,QUARANTINED_HTML:track_condition,1700,10,pw01dud102023110034/13,カフジクロミエ,1,古川 吉洋,39.9,クビ,08,01,7,3歳以上,1勝クラス,2026-08-16,pw01sde1001202601080820260816,3歳以上1勝クラス,08,（混合）（特指）,,14時01分,牝3,https://www.jra.go.jp/JRADB/accessS.html?CNAME=pw01sde1001202601080820260816%2F8C,ダート,1:49.0,,中竹 和也,晴,定量,,
472(-2),50.0,6  8  7  10,札幌,QUARANTINED_HTML:track_condition,1700,11,pw01dud102023100777/35,スパークルレイ,6,▲遠藤 汰月,41.4,大差,08,01,11,3歳以上,1勝クラス,2026-08-16,pw01sde1001202601080820260816,3歳以上1勝クラス,08,（混合）（特指）,,14時01分,牝3,https://www.jra.go.jp/JRADB/accessS.html?CNAME=pw01sde1001202601080820260816%2F8C,ダート,1:51.0,,的場 均,晴,定量,,
450(-6),58.0,12  10  8  8,札幌,PASS_HTML,2000,1,pw01dud102020103101/16,シェイクユアハート,15,古川 吉洋,34.6,レコード,08,01,3,3歳以上,オープン,2026-08-16,pw01sde1001202601081120260816,札幌記念,11,（国際）（特指）,117,15時45分,牡6,https://www.jra.go.jp/JRADB/accessS.html?CNAME=pw01sde1001202601081120260816%2FEB,芝,1:58.2,良,宮 徹,晴,定量,,
514(-2),58.0,6  5  4  2,札幌,PASS_HTML,2000,2,pw01dud102022104094/D5,サクラファレル,8,佐々木 大輔,35.2,２ 1/2,08,01,5,3歳以上,オープン,2026-08-16,pw01sde1001202601081120260816,札幌記念,11,（国際）（特指）,112,15時45分,牡4,https://www.jra.go.jp/JRADB/accessS.html?CNAME=pw01sde1001202601081120260816%2FEB,芝,1:58.6,良,堀 宣行,晴,定量,,
500(+16),58.0,3  3  4  5,札幌,PASS_HTML,2000,3,pw01dud102022104416/FF,レディネス,14,横山 典弘,35.4,１ 1/4,08,01,10,3歳以上,オープン,2026-08-16,pw01sde1001202601081120260816,札幌記念,11,（国際）（特指）,110,15時45分,牡4,https://www.jra.go.jp/JRADB/accessS.html?CNAME=pw01sde1001202601081120260816%2FEB,芝,1:58.8,良,昆 貢,晴,定量,,
506(-4),58.0,10  10  10  8,札幌,PASS_HTML,2000,4,pw01dud102019105552/FC,ローシャムパーク,6,池添 謙一,35.1,クビ,08,01,9,3歳以上,オープン,2026-08-16,pw01sde1001202601081120260816,札幌記念,11,（国際）（特指）,109,15時45分,牡7,https://www.jra.go.jp/JRADB/accessS.html?CNAME=pw01sde1001202601081120260816%2FEB,芝,1:58.8,良,田中 博康,晴,定量,,
488(0),58.0,10  8  6  5,札幌,PASS_HTML,2000,5,pw01dud102019105302/4A,グランディア,13,西村 淳也,35.4,アタマ,08,01,6,3歳以上,オープン,2026-08-16,pw01sde1001202601081120260816,札幌記念,11,（国際）（特指）,109,15時45分,せん7,https://www.jra.go.jp/JRADB/accessS.html?CNAME=pw01sde1001202601081120260816%2FEB,芝,1:58.9,良,中内田 充正,晴,定量,,
518(+4),58.0,15  13  10  5,札幌,PASS_HTML,2000,6,pw01dud102022104772/26,マジックサンズ,4,横山 和生,35.3,１／２,08,01,4,3歳以上,オープン,2026-08-16,pw01sde1001202601081120260816,札幌記念,11,（国際）（特指）,108,15時45分,牡4,https://www.jra.go.jp/JRADB/accessS.html?CNAME=pw01sde1001202601081120260816%2FEB,芝,1:59.0,良,須貝 尚介,晴,定量,,
464(-12),58.0,4  3  2  2,札幌,PASS_HTML,2000,7,pw01dud102022104714/AC,ショウヘイ,7,川田 将雅,35.9,１ 1/4,08,01,1,3歳以上,オープン,2026-08-16,pw01sde1001202601081120260816,札幌記念,11,（国際）（特指）,106,15時45分,牡4,https://www.jra.go.jp/JRADB/accessS.html?CNAME=pw01sde1001202601081120260816%2FEB,芝,1:59.2,良,友道 康夫,晴,定量,,
466(+2),58.0,13  13  15  10,札幌,PASS_HTML,2000,8,pw01dud102020105749/F2,マイネルモーント,9,斎藤 新,35.2,１,08,01,12,3歳以上,オープン,2026-08-16,pw01sde1001202601081120260816,札幌記念,11,（国際）（特指）,104,15時45分,牡6,https://www.jra.go.jp/JRADB/accessS.html?CNAME=pw01sde1001202601081120260816%2FEB,芝,1:59.3,良,高木 登,晴,定量,,
494(-6),58.0,8  6  2  2,札幌,PASS_HTML,2000,9,pw01dud102021105369/DA,アドマイヤテラ,10,坂井 瑠星,36.1,３／４,08,01,2,3歳以上,オープン,2026-08-16,pw01sde1001202601081120260816,札幌記念,11,（国際）（特指）,103,15時45分,牡5,https://www.jra.go.jp/JRADB/accessS.html?CNAME=pw01sde1001202601081120260816%2FEB,芝,1:59.4,良,友道 康夫,晴,定量,,
504(-8),58.0,1  1  1  1,札幌,PASS_HTML,2000,10,pw01dud102020103941/DE,ホウオウビスケッツ,16,岩田 康誠,36.4,クビ,08,01,8,3歳以上,オープン,2026-08-16,pw01sde1001202601081120260816,札幌記念,11,（国際）（特指）,102,15時45分,牡6,https://www.jra.go.jp/JRADB/accessS.html?CNAME=pw01sde1001202601081120260816%2FEB,芝,1:59.5,良,奥村 武,晴,定量,,
444(+2),58.0,13  13  12  10,札幌,PASS_HTML,2000,11,pw01dud102022106306/9C,ゼンダンハヤブサ,12,酒井 学,35.6,クビ,08,01,13,3歳以上,オープン,2026-08-16,pw01sde1001202601081120260816,札幌記念,11,（国際）（特指）,102,15時45分,牡4,https://www.jra.go.jp/JRADB/accessS.html?CNAME=pw01sde1001202601081120260816%2FEB,芝,1:59.5,良,橋田 宜長,晴,定量,,
472(-8),58.0,16  16  16  15,札幌,PASS_HTML,2000,12,pw01dud102017104756/23,アラタ,11,大野 拓弥,35.4,１ 1/4,08,01,15,3歳以上,オープン,2026-08-16,pw01sde1001202601081120260816,札幌記念,11,（国際）（特指）,100,15時45分,牡9,https://www.jra.go.jp/JRADB/accessS.html?CNAME=pw01sde1001202601081120260816%2FEB,芝,1:59.7,良,和田 勇介,晴,定量,,
448(+2),56.0,9  10  12  15,札幌,PASS_HTML,2000,13,pw01dud102020106966/0A,ピンクジン,3,黛 弘人,36.1,１ 1/2,08,01,16,3歳以上,オープン,2026-08-16,pw01sde1001202601081120260816,札幌記念,11,（国際）（特指）,93,15時45分,牝6,https://www.jra.go.jp/JRADB/accessS.html?CNAME=pw01sde1001202601081120260816%2FEB,芝,2:00.0,良,室井 潔,晴,定量,,
488(+6),58.0,5  6  8  14,札幌,PASS_HTML,2000,14,pw01dud102022100699/7E,イガッチ,2,吉田 隼人,37.1,４,08,01,11,3歳以上,オープン,2026-08-16,pw01sde1001202601081120260816,札幌記念,11,（国際）（特指）,90,15時45分,牡4,https://www.jra.go.jp/JRADB/accessS.html?CNAME=pw01sde1001202601081120260816%2FEB,芝,2:00.7,良,笹田 和秀,晴,定量,,
462(-6),58.0,2  2  6  12,札幌,PASS_HTML,2000,15,pw01dud102019104756/3B,オニャンコポン,1,横山 琉人,37.2,クビ,08,01,14,3歳以上,オープン,2026-08-16,pw01sde1001202601081120260816,札幌記念,11,（国際）（特指）,90,15時45分,せん7,https://www.jra.go.jp/JRADB/accessS.html?CNAME=pw01sde1001202601081120260816%2FEB,芝,2:00.7,良,小島 茂之,晴,定量,,
494(-2),58.0,7  8  12  12,札幌,PASS_HTML,2000,16,pw01dud102021101436/C6,エコロヴァルツ,5,横山 武史,36.9,１／２,08,01,7,3歳以上,オープン,2026-08-16,pw01sde1001202601081120260816,札幌記念,11,（国際）（特指）,89,15時45分,牡5,https://www.jra.go.jp/JRADB/accessS.html?CNAME=pw01sde1001202601081120260816%2FEB,芝,2:00.8,良,牧浦 充徳,晴,定量,,
460(+2),55.0,2  2,新潟,PASS_HTML,1800,1,pw01dud102024104561/59,フルーツバスケット,3,川田 将雅,33.4,,07,02,2,2歳,未勝利,2026-08-15,pw01sde1004202602070120260815,2歳未勝利,01,（混合）［指定］,,9時40分,牡2,https://www.jra.go.jp/JRADB/accessS.html?CNAME=pw01sde1004202602070120260815%2F78,芝,1:46.6,良,前川 恭子,晴,馬齢,,
488(+2),55.0,7  7,新潟,PASS_HTML,1800,2,pw01dud102024107076/80,シュートザワークス,6,津村 明秀,33.4,３,07,02,4,2歳,未勝利,2026-08-15,pw01sde1004202602070120260815,2歳未勝利,01,（混合）［指定］,,9時40分,牡2,https://www.jra.go.jp/JRADB/accessS.html?CNAME=pw01sde1004202602070120260815%2F78,芝,1:47.1,良,千葉 直人,晴,馬齢,,
448(+4),55.0,9  9,新潟,PASS_HTML,1800,3,pw01dud102024104692/2D,スターマイン,5,岩田 康誠,33.5,２,07,02,7,2歳,未勝利,2026-08-15,pw01sde1004202602070120260815,2歳未勝利,01,（混合）［指定］,,9時40分,牝2,https://www.jra.go.jp/JRADB/accessS.html?CNAME=pw01sde1004202602070120260815%2F78,芝,1:47.5,良,大竹 正博,晴,馬齢,,
474(-2),55.0,5  5,新潟,PASS_HTML,1800,4,pw01dud102024102244/21,ドミナートル,9,原 優介,34.1,１ 1/4,07,02,1,2歳,未勝利,2026-08-15,pw01sde1004202602070120260815,2歳未勝利,01,（混合）［指定］,,9時40分,牡2,https://www.jra.go.jp/JRADB/accessS.html?CNAME=pw01sde1004202602070120260815%2F78,芝,1:47.7,良,矢野 英一,晴,馬齢,,
490(-2),55.0,3  3,新潟,PASS_HTML,1800,5,pw01dud102024106309/0D,コナパームス,4,戸崎 圭太,34.4,１,07,02,3,2歳,未勝利,2026-08-15,pw01sde1004202602070120260815,2歳未勝利,01,（混合）［指定］,,9時40分,牡2,https://www.jra.go.jp/JRADB/accessS.html?CNAME=pw01sde1004202602070120260815%2F78,芝,1:47.8,良,森 一誠,晴,馬齢,,
506(+4),55.0,1  1,新潟,PASS_HTML,1800,6,pw01dud102024108324/CC,ミライノシャチョウ,1,丸山 元気,34.9,１,07,02,5,2歳,未勝利,2026-08-15,pw01sde1004202602070120260815,2歳未勝利,01,（混合）［指定］,,9時40分,牝2,https://www.jra.go.jp/JRADB/accessS.html?CNAME=pw01sde1004202602070120260815%2F78,芝,1:48.0,良,森 秀行,晴,馬齢,,
406(+2),55.0,8  7,新潟,PASS_HTML,1800,7,pw01dud102024107030/8E,オーラムミーティア,7,松岡 正海,34.6,３,07,02,6,2歳,未勝利,2026-08-15,pw01sde1004202602070120260815,2歳未勝利,01,（混合）［指定］,,9時40分,牡2,https://www.jra.go.jp/JRADB/accessS.html?CNAME=pw01sde1004202602070120260815%2F78,芝,1:48.5,良,吉村 圭司,晴,馬齢,,
456(-2),55.0,5  5,新潟,PASS_HTML,1800,8,pw01dud102024105550/C5,マルガリート,8,小崎 綾也,35.2,３,07,02,8,2歳,未勝利,2026-08-15,pw01sde1004202602070120260815,2歳未勝利,01,（混合）［指定］,,9時40分,牝2,https://www.jra.go.jp/JRADB/accessS.html?CNAME=pw01sde1004202602070120260815%2F78,芝,1:49.0,良,佐藤 吉勝,晴,馬齢,,
436(+6),55.0,3  3,新潟,PASS_HTML,1800,9,pw01dud102024102839/76,ムーチョピカンテ,2,江田 照男,35.7,１ 3/4,07,02,9,2歳,未勝利,2026-08-15,pw01sde1004202602070120260815,2歳未勝利,01,（混合）［指定］,,9時40分,牡2,https://www.jra.go.jp/JRADB/accessS.html?CNAME=pw01sde1004202602070120260815%2F78,芝,1:49.3,良,奥平 雅士,晴,馬齢,,
470(-2),58.0,3  2,札幌,QUARANTINED_HTML:track_condition,1000,1,pw01dud102022106513/B5,キーガッツ,12,西村 淳也,35.5,,08,01,8,3歳以上,2勝クラス,2026-08-16,pw01sde1001202601081020260816,大通公園特別,10,（混合）［指定］,,15時10分,牡4,https://www.jra.go.jp/JRADB/accessS.html?CNAME=pw01sde1001202601081020260816%2F36,ダート,0:59.1,,杉山 佳明,晴,定量,,
530(-6),56.0,9  5,札幌,QUARANTINED_HTML:track_condition,1000,2,pw01dud102022102427/A4,パールフロント,10,北村 友一,34.7,クビ,08,01,2,3歳以上,2勝クラス,2026-08-16,pw01sde1001202601081020260816,大通公園特別,10,（混合）［指定］,,15時10分,牝4,https://www.jra.go.jp/JRADB/accessS.html?CNAME=pw01sde1001202601081020260816%2F36,ダート,0:59.1,,寺島 良,晴,定量,,
504(-2),58.0,4  4,札幌,QUARANTINED_HTML:track_condition,1000,3,pw01dud102022100729/3F,ビーマックス,2,川田 将雅,35.6,１ 1/2,08,01,5,3歳以上,2勝クラス,2026-08-16,pw01sde1001202601081020260816,大通公園特別,10,（混合）［指定］,,15時10分,牡4,https://www.jra.go.jp/JRADB/accessS.html?CNAME=pw01sde1001202601081020260816%2F36,ダート,0:59.4,,藤野 健太,晴,定量,,
454(-6),56.0,12  9,札幌,QUARANTINED_HTML:track_condition,1000,4,pw01dud102022103857/87,クインズシフォン,8,吉田 隼人,34.9,２,08,01,6,3歳以上,2勝クラス,2026-08-16,pw01sde1001202601081020260816,大通公園特別,10,（混合）［指定］,,15時10分,牝4,https://www.jra.go.jp/JRADB/accessS.html?CNAME=pw01sde1001202601081020260816%2F36,ダート,0:59.7,,和田 正一郎,晴,定量,,
456(+4),54.0,2  2,札幌,QUARANTINED_HTML:track_condition,1000,5,pw01dud102023103929/FA,ウーマンズパワー,9,横山 琉人,36.2,ハナ,08,01,4,3歳以上,2勝クラス,2026-08-16,pw01sde1001202601081020260816,大通公園特別,10,（混合）［指定］,,15時10分,牝3,https://www.jra.go.jp/JRADB/accessS.html?CNAME=pw01sde1001202601081020260816%2F36,ダート,0:59.7,,中尾 秀正,晴,定量,,
494(+4),58.0,6  5,札幌,QUARANTINED_HTML:track_condition,1000,6,pw01dud102021104145/9D,オセアエクスプレス,4,佐々木 大輔,35.6,ハナ,08,01,10,3歳以上,2勝クラス,2026-08-16,pw01sde1001202601081020260816,大通公園特別,10,（混合）［指定］,,15時10分,牡5,https://www.jra.go.jp/JRADB/accessS.html?CNAME=pw01sde1001202601081020260816%2F36,ダート,0:59.7,,菊川 正達,晴,定量,,
458(+2),56.0,6  7,札幌,QUARANTINED_HTML:track_condition,1000,7,pw01dud102022100091/C0,キャリーグレイス,3,舟山 瑠泉,35.7,１／２,08,01,7,3歳以上,2勝クラス,2026-08-16,pw01sde1001202601081020260816,大通公園特別,10,（混合）［指定］,,15時10分,牝4,https://www.jra.go.jp/JRADB/accessS.html?CNAME=pw01sde1001202601081020260816%2F36,ダート,0:59.8,,寺島 良,晴,定量,,
490(+8),56.0,1  1,札幌,QUARANTINED_HTML:track_condition,1000,8,pw01dud102022106261/8C,タッカージーティー,7,横山 武史,36.6,１ 1/4,08,01,3,3歳以上,2勝クラス,2026-08-16,pw01sde1001202601081020260816,大通公園特別,10,（混合）［指定］,,15時10分,牝4,https://www.jra.go.jp/JRADB/accessS.html?CNAME=pw01sde1001202601081020260816%2F36,ダート,1:00.0,,鈴木 伸尋,晴,定量,,
504(+4),56.0,8  7,札幌,QUARANTINED_HTML:track_condition,1000,8,pw01dud102022104479/B8,フェデルミエール,11,黛 弘人,35.8,同着,08,01,11,3歳以上,2勝クラス,2026-08-16,pw01sde1001202601081020260816,大通公園特別,10,（混合）［指定］,,15時10分,牝4,https://www.jra.go.jp/JRADB/accessS.html?CNAME=pw01sde1001202601081020260816%2F36,ダート,1:00.0,,中川 公成,晴,定量,,
444(-2),56.0,11  9,札幌,QUARANTINED_HTML:track_condition,1000,10,pw01dud102023105591/EC,マメタンク,6,斎藤 新,35.7,１,08,01,1,3歳以上,2勝クラス,2026-08-16,pw01sde1001202601081020260816,大通公園特別,10,（混合）［指定］,,15時10分,牡3,https://www.jra.go.jp/JRADB/accessS.html?CNAME=pw01sde1001202601081020260816%2F36,ダート,1:00.2,,東田 明士,晴,定量,,
440(0),56.0,9  9,札幌,QUARANTINED_HTML:track_condition,1000,11,pw01dud102023105661/ED,ストロングボンド,5,長浜 鴻緒,36.6,５,08,01,12,3歳以上,2勝クラス,2026-08-16,pw01sde1001202601081020260816,大通公園特別,10,（混合）［指定］,,15時10分,せん3,https://www.jra.go.jp/JRADB/accessS.html?CNAME=pw01sde1001202601081020260816%2F36,ダート,1:01.0,,菊川 正達,晴,定量,,
480(+6),56.0,5  12,札幌,QUARANTINED_HTML:track_condition,1000,12,pw01dud102023107534/C3,カッタッパ,1,松本 大輝,37.3,１ 3/4,08,01,9,3歳以上,2勝クラス,2026-08-16,pw01sde1001202601081020260816,大通公園特別,10,（混合）［指定］,,15時10分,牡3,https://www.jra.go.jp/JRADB/accessS.html?CNAME=pw01sde1001202601081020260816%2F36,ダート,1:01.3,,森 秀行,晴,定量,,
478(0),55.0,4  4  2  1,札幌,PASS_HTML,2600,1,pw01dud102023107005/11,ダノンヒストリー,2,佐々木 大輔,35.6,,08,01,1,3歳以上,2勝クラス,2026-08-16,pw01sde1001202601081220260816,阿寒湖特別,12,（混合）（特指）,,16時30分,牡3,https://www.jra.go.jp/JRADB/accessS.html?CNAME=pw01sde1001202601081220260816%2FA0,芝,2:39.0,良,堀 宣行,晴,定量,,
500(-4),58.0,6  6  6  4,札幌,PASS_HTML,2600,2,pw01dud102020103208/6C,ジュンツバメガエシ,12,川田 将雅,36.2,８,08,01,2,3歳以上,2勝クラス,2026-08-16,pw01sde1001202601081220260816,阿寒湖特別,12,（混合）（特指）,,16時30分,牡6,https://www.jra.go.jp/JRADB/accessS.html?CNAME=pw01sde1001202601081220260816%2FA0,芝,2:40.3,良,友道 康夫,晴,定量,,
474(-4),58.0,7  7  7  7,札幌,PASS_HTML,2600,3,pw01dud102022103406/00,ラーシャローム,13,岩田 康誠,36.1,３／４,08,01,7,3歳以上,2勝クラス,2026-08-16,pw01sde1001202601081220260816,阿寒湖特別,12,（混合）（特指）,,16時30分,牡4,https://www.jra.go.jp/JRADB/accessS.html?CNAME=pw01sde1001202601081220260816%2FA0,芝,2:40.4,良,奥村 武,晴,定量,,
484(-14),58.0,9  9  11  9,札幌,PASS_HTML,2600,4,pw01dud102022104856/03,ブリヤディアマンテ,7,横山 和生,35.5,３／４,08,01,12,3歳以上,2勝クラス,2026-08-16,pw01sde1001202601081220260816,阿寒湖特別,12,（混合）（特指）,,16時30分,牡4,https://www.jra.go.jp/JRADB/accessS.html?CNAME=pw01sde1001202601081220260816%2FA0,芝,2:40.6,良,小島 茂之,晴,定量,,
430(+4),58.0,8  8  7  4,札幌,PASS_HTML,2600,5,pw01dud102022105597/12,ゲンジ,3,横山 琉人,36.5,１ 1/4,08,01,5,3歳以上,2勝クラス,2026-08-16,pw01sde1001202601081220260816,阿寒湖特別,12,（混合）（特指）,,16時30分,牡4,https://www.jra.go.jp/JRADB/accessS.html?CNAME=pw01sde1001202601081220260816%2FA0,芝,2:40.8,良,尾形 和幸,晴,定量,,
444(-6),58.0,12  12  11  11,札幌,PASS_HTML,2600,6,pw01dud102021105002/C2,サラトガチップス,9,西村 淳也,36.0,１ 3/4,08,01,3,3歳以上,2勝クラス,2026-08-16,pw01sde1001202601081220260816,阿寒湖特別,12,（混合）（特指）,,16時30分,牡5,https://www.jra.go.jp/JRADB/accessS.html?CNAME=pw01sde1001202601081220260816%2FA0,芝,2:41.1,良,新谷 功一,晴,定量,,
484(0),58.0,11  11  9  9,札幌,PASS_HTML,2600,7,pw01dud102022105839/2B,アスクデッドヒート,6,横山 武史,36.7,１ 1/2,08,01,4,3歳以上,2勝クラス,2026-08-16,pw01sde1001202601081220260816,阿寒湖特別,12,（混合）（特指）,,16時30分,牡4,https://www.jra.go.jp/JRADB/accessS.html?CNAME=pw01sde1001202601081220260816%2FA0,芝,2:41.3,良,矢作 芳人,晴,定量,,
550(-6),58.0,1  1  1  2,札幌,PASS_HTML,2600,8,pw01dud102021110130/60,ドッビアーコ,10,小沢 大仁,38.5,クビ,08,01,13,3歳以上,2勝クラス,2026-08-16,pw01sde1001202601081220260816,阿寒湖特別,12,（混合）（特指）,,16時30分,せん5,https://www.jra.go.jp/JRADB/accessS.html?CNAME=pw01sde1001202601081220260816%2FA0,芝,2:41.4,良,奥村 豊,晴,定量,,
470(0),58.0,4  4  5  7,札幌,PASS_HTML,2600,9,pw01dud102022103070/FA,レイデラティエラ,1,松本 大輝,37.8,ハナ,08,01,6,3歳以上,2勝クラス,2026-08-16,pw01sde1001202601081220260816,阿寒湖特別,12,（混合）（特指）,,16時30分,牡4,https://www.jra.go.jp/JRADB/accessS.html?CNAME=pw01sde1001202601081220260816%2FA0,芝,2:41.4,良,小崎 憲,晴,定量,,
460(0),58.0,12  12  13  12,札幌,PASS_HTML,2600,10,pw01dud102021105285/FD,ライフセービング,11,古川 吉洋,36.7,４,08,01,10,3歳以上,2勝クラス,2026-08-16,pw01sde1001202601081220260816,阿寒湖特別,12,（混合）（特指）,,16時30分,牡5,https://www.jra.go.jp/JRADB/accessS.html?CNAME=pw01sde1001202601081220260816%2FA0,芝,2:42.1,良,宮 徹,晴,定量,,
486(0),58.0,10  9  9  12,札幌,PASS_HTML,2600,11,pw01dud102021105475/4F,レイデラルース,8,斎藤 新,37.4,ハナ,08,01,11,3歳以上,2勝クラス,2026-08-16,pw01sde1001202601081220260816,阿寒湖特別,12,（混合）（特指）,,16時30分,牡5,https://www.jra.go.jp/JRADB/accessS.html?CNAME=pw01sde1001202601081220260816%2FA0,芝,2:42.1,良,西田 雄一郎,晴,定量,,
416(0),58.0,2  2  2  3,札幌,PASS_HTML,2600,12,pw01dud102022106828/97,マイネルゼウス,4,坂井 瑠星,39.0,１ 1/4,08,01,8,3歳以上,2勝クラス,2026-08-16,pw01sde1001202601081220260816,阿寒湖特別,12,（混合）（特指）,,16時30分,牡4,https://www.jra.go.jp/JRADB/accessS.html?CNAME=pw01sde1001202601081220260816%2FA0,芝,2:42.3,良,奥村 武,晴,定量,,
518(-6),58.0,3  3  2  4,札幌,PASS_HTML,2600,13,pw01dud102021105784/7F,リアルファインド,14,吉田 隼人,40.0,７,08,01,9,3歳以上,2勝クラス,2026-08-16,pw01sde1001202601081220260816,阿寒湖特別,12,（混合）（特指）,,16時30分,牡5,https://www.jra.go.jp/JRADB/accessS.html?CNAME=pw01sde1001202601081220260816%2FA0,芝,2:43.4,良,小笠 倫弘,晴,定量,,
536(+12),58.0,14  14  14  14,札幌,PASS_HTML,2600,14,pw01dud102020104553/FF,パープルクラウド,5,川又 賢治,40.2,大差,08,01,14,3歳以上,2勝クラス,2026-08-16,pw01sde1001202601081220260816,阿寒湖特別,12,（混合）（特指）,,16時30分,牡6,https://www.jra.go.jp/JRADB/accessS.html?CNAME=pw01sde1001202601081220260816%2FA0,芝,2:47.8,良,吉村 圭司,晴,定量,,
468(初出走),55.0,6  6,新潟,PASS_HTML,1800,1,pw01dud102024100713/95,ピコベリー,10,津村 明秀,33.8,,07,02,2,2歳,新馬,2026-08-15,pw01sde1004202602070320260815,メイクデビュー新潟,03,（混合）［指定］,,10時40分,牝2,https://www.jra.go.jp/JRADB/accessS.html?CNAME=pw01sde1004202602070320260815%2FE2,芝,1:48.0,良,奥村 武,晴,馬齢,,
420(初出走),55.0,9  8,新潟,PASS_HTML,1800,2,pw01dud102024102469/E2,コウサイリクリ,9,柴田 大知,33.9,１ 3/4,07,02,6,2歳,新馬,2026-08-15,pw01sde1004202602070320260815,メイクデビュー新潟,03,（混合）［指定］,,10時40分,牝2,https://www.jra.go.jp/JRADB/accessS.html?CNAME=pw01sde1004202602070320260815%2FE2,芝,1:48.3,良,粕谷 昌央,晴,馬齢,,
476(初出走),55.0,3  3,新潟,PASS_HTML,1800,3,pw01dud102024107067/E3,リバーススイープ,8,戸崎 圭太,34.7,２,07,02,4,2歳,新馬,2026-08-15,pw01sde1004202602070320260815,メイクデビュー新潟,03,（混合）［指定］,,10時40分,牡2,https://www.jra.go.jp/JRADB/accessS.html?CNAME=pw01sde1004202602070320260815%2FE2,芝,1:48.6,良,田島 俊明,晴,馬齢,,
482(初出走),55.0,2  2,新潟,PASS_HTML,1800,4,pw01dud102024101291/29,イカルステソーロ,12,石川 裕紀人,35.0,クビ,07,02,7,2歳,新馬,2026-08-15,pw01sde1004202602070320260815,メイクデビュー新潟,03,（混合）［指定］,,10時40分,牡2,https://www.jra.go.jp/JRADB/accessS.html?CNAME=pw01sde1004202602070320260815%2FE2,芝,1:48.7,良,武市 康男,晴,馬齢,,
492(初出走),55.0,5  5,新潟,PASS_HTML,1800,5,pw01dud102024107154/AB,リボンロード,2,川田 将雅,34.8,１,07,02,1,2歳,新馬,2026-08-15,pw01sde1004202602070320260815,メイクデビュー新潟,03,（混合）［指定］,,10時40分,牡2,https://www.jra.go.jp/JRADB/accessS.html?CNAME=pw01sde1004202602070320260815%2FE2,芝,1:48.8,良,上原 佑紀,晴,馬齢,,
462(初出走),55.0,6  6,新潟,PASS_HTML,1800,6,pw01dud102024105883/E1,モナークスヴァラー,4,木幡 巧也,34.5,ハナ,07,02,3,2歳,新馬,2026-08-15,pw01sde1004202602070320260815,メイクデビュー新潟,03,（混合）［指定］,,10時40分,牡2,https://www.jra.go.jp/JRADB/accessS.html?CNAME=pw01sde1004202602070320260815%2FE2,芝,1:48.8,良,牧 光二,晴,馬齢,,
480(初出走),55.0,8  8,新潟,PASS_HTML,1800,7,pw01dud102024107023/D7,ルバート,5,岩田 康誠,34.7,１ 3/4,07,02,5,2歳,新馬,2026-08-15,pw01sde1004202602070320260815,メイクデビュー新潟,03,（混合）［指定］,,10時40分,牡2,https://www.jra.go.jp/JRADB/accessS.html?CNAME=pw01sde1004202602070320260815%2FE2,芝,1:49.1,良,茶木 太樹,晴,馬齢,,
472(初出走),55.0,9  10,新潟,PASS_HTML,1800,8,pw01dud102024101173/BE,キョウエイシャトル,11,原 優介,34.6,１,07,02,10,2歳,新馬,2026-08-15,pw01sde1004202602070320260815,メイクデビュー新潟,03,（混合）［指定］,,10時40分,牡2,https://www.jra.go.jp/JRADB/accessS.html?CNAME=pw01sde1004202602070320260815%2FE2,芝,1:49.3,良,萱野 浩二,晴,馬齢,,
466(初出走),55.0,3  3,新潟,PASS_HTML,1800,9,pw01dud102024103607/ED,ケイジャーダ,3,石橋 脩,35.5,３／４,07,02,12,2歳,新馬,2026-08-15,pw01sde1004202602070320260815,メイクデビュー新潟,03,（混合）［指定］,,10時40分,牝2,https://www.jra.go.jp/JRADB/accessS.html?CNAME=pw01sde1004202602070320260815%2FE2,芝,1:49.4,良,佐藤 吉勝,晴,馬齢,,
460(初出走),55.0,1  1,新潟,PASS_HTML,1800,10,pw01dud102024103613/31,ケブラダラボジェラ,7,松岡 正海,36.9,７,07,02,8,2歳,新馬,2026-08-15,pw01sde1004202602070320260815,メイクデビュー新潟,03,（混合）［指定］,,10時40分,牝2,https://www.jra.go.jp/JRADB/accessS.html?CNAME=pw01sde1004202602070320260815%2FE2,芝,1:50.5,良,伊藤 伸一,晴,馬齢,,
498(初出走),55.0,12  12,新潟,PASS_HTML,1800,11,pw01dud102024104167/47,ルークスイテルム,1,丸山 元気,36.2,５,07,02,11,2歳,新馬,2026-08-15,pw01sde1004202602070320260815,メイクデビュー新潟,03,（混合）［指定］,,10時40分,牡2,https://www.jra.go.jp/JRADB/accessS.html?CNAME=pw01sde1004202602070320260815%2FE2,芝,1:51.3,良,中川 公成,晴,馬齢,,
490(初出走),55.0,11  10,新潟,PASS_HTML,1800,12,pw01dud102024106388/1A,フォクセン,6,武藤 雅,36.9,２,07,02,9,2歳,新馬,2026-08-15,pw01sde1004202602070320260815,メイクデビュー新潟,03,（混合）［指定］,,10時40分,牡2,https://www.jra.go.jp/JRADB/accessS.html?CNAME=pw01sde1004202602070320260815%2FE2,芝,1:51.6,良,戸田 博文,晴,馬齢,,
480(初出走),53.0,7  7,新潟,PASS_HTML,1400,1,pw01dud102024101108/8D,カナデルペガサス,1,◇今村 聖奈,34.8,,07,02,5,2歳,新馬,2026-08-15,pw01sde1004202602070220260815,メイクデビュー新潟,02,牝［指定］,,10時10分,牝2,https://www.jra.go.jp/JRADB/accessS.html?CNAME=pw01sde1004202602070220260815%2F2D,芝,1:22.2,良,尾形 和幸,晴,馬齢,,
446(初出走),55.0,2  2,新潟,PASS_HTML,1400,2,pw01dud102024106776/E8,ディーヴァソラーレ,3,木幡 巧也,35.3,クビ,07,02,7,2歳,新馬,2026-08-15,pw01sde1004202602070220260815,メイクデビュー新潟,02,牝［指定］,,10時10分,牝2,https://www.jra.go.jp/JRADB/accessS.html?CNAME=pw01sde1004202602070220260815%2F2D,芝,1:22.3,良,中舘 英二,晴,馬齢,,
466(初出走),55.0,1  1,新潟,PASS_HTML,1400,3,pw01dud102024106007/94,アルデラッシュ,10,丸山 元気,35.5,１／２,07,02,8,2歳,新馬,2026-08-15,pw01sde1004202602070220260815,メイクデビュー新潟,02,牝［指定］,,10時10分,牝2,https://www.jra.go.jp/JRADB/accessS.html?CNAME=pw01sde1004202602070220260815%2F2D,芝,1:22.4,良,田中 剛,晴,馬齢,,
436(初出走),55.0,4  3,新潟,PASS_HTML,1400,4,pw01dud102024107017/93,スナッチアップ,4,杉原 誠人,35.3,１,07,02,2,2歳,新馬,2026-08-15,pw01sde1004202602070220260815,メイクデビュー新潟,02,牝［指定］,,10時10分,牝2,https://www.jra.go.jp/JRADB/accessS.html?CNAME=pw01sde1004202602070220260815%2F2D,芝,1:22.5,良,武市 康男,晴,馬齢,,
428(初出走),55.0,4  3,新潟,PASS_HTML,1400,5,pw01dud102024105831/AB,エコロブラン,2,津村 明秀,35.4,１／２,07,02,4,2歳,新馬,2026-08-15,pw01sde1004202602070220260815,メイクデビュー新潟,02,牝［指定］,,10時10分,牝2,https://www.jra.go.jp/JRADB/accessS.html?CNAME=pw01sde1004202602070220260815%2F2D,芝,1:22.6,良,中舘 英二,晴,馬齢,,
420(初出走),55.0,9  7,新潟,PASS_HTML,1400,6,pw01dud102024108000/4D,ジーティーマルク,14,三浦 皇成,35.2,１／２,07,02,6,2歳,新馬,2026-08-15,pw01sde1004202602070220260815,メイクデビュー新潟,02,牝［指定］,,10時10分,牝2,https://www.jra.go.jp/JRADB/accessS.html?CNAME=pw01sde1004202602070220260815%2F2D,芝,1:22.7,良,柄崎 将寿,晴,馬齢,,
424(初出走),55.0,11  10,新潟,PASS_HTML,1400,7,pw01dud102024105177/46,マムダッドベル,8,柴田 大知,35.6,３ 1/2,07,02,13,2歳,新馬,2026-08-15,pw01sde1004202602070220260815,メイクデビュー新潟,02,牝［指定］,,10時10分,牝2,https://www.jra.go.jp/JRADB/accessS.html?CNAME=pw01sde1004202602070220260815%2F2D,芝,1:23.3,良,粕谷 昌央,晴,馬齢,,
450(初出走),55.0,9  11,新潟,PASS_HTML,1400,8,pw01dud102024103660/28,オモチ,7,丸田 恭介,35.8,クビ,07,02,9,2歳,新馬,2026-08-15,pw01sde1004202602070220260815,メイクデビュー新潟,02,牝［指定］,,10時10分,牝2,https://www.jra.go.jp/JRADB/accessS.html?CNAME=pw01sde1004202602070220260815%2F2D,芝,1:23.3,良,加藤 和宏,晴,馬齢,,
466(初出走),55.0,7  9,新潟,PASS_HTML,1400,9,pw01dud102024106551/27,テリオスブギ,9,戸崎 圭太,36.2,３／４,07,02,3,2歳,新馬,2026-08-15,pw01sde1004202602070220260815,メイクデビュー新潟,02,牝［指定］,,10時10分,牝2,https://www.jra.go.jp/JRADB/accessS.html?CNAME=pw01sde1004202602070220260815%2F2D,芝,1:23.5,良,田島 俊明,晴,馬齢,,
400(初出走),55.0,12  12,新潟,PASS_HTML,1400,10,pw01dud102024100942/B4,ラインディーバ,13,武藤 雅,35.5,２ 1/2,07,02,10,2歳,新馬,2026-08-15,pw01sde1004202602070220260815,メイクデビュー新潟,02,牝［指定］,,10時10分,牝2,https://www.jra.go.jp/JRADB/accessS.html?CNAME=pw01sde1004202602070220260815%2F2D,芝,1:23.9,良,武藤 善則,晴,馬齢,,
442(初出走),55.0,12  12,新潟,PASS_HTML,1400,11,pw01dud102024102743/A3,ウキ,12,原 優介,35.6,１／２,07,02,11,2歳,新馬,2026-08-15,pw01sde1004202602070220260815,メイクデビュー新潟,02,牝［指定］,,10時10分,牝2,https://www.jra.go.jp/JRADB/accessS.html?CNAME=pw01sde1004202602070220260815%2F2D,芝,1:24.0,良,小手川 準,晴,馬齢,,
454(初出走),53.0,2  3,新潟,PASS_HTML,1400,12,pw01dud102024103600/C8,コスモベスケーデン,5,△石神 深道,37.3,１ 3/4,07,02,1,2歳,新馬,2026-08-15,pw01sde1004202602070220260815,メイクデビュー新潟,02,牝［指定］,,10時10分,牝2,https://www.jra.go.jp/JRADB/accessS.html?CNAME=pw01sde1004202602070220260815%2F2D,芝,1:24.3,良,手塚 貴久,晴,馬齢,,
396(初出走),55.0,4  3,新潟,PASS_HTML,1400,13,pw01dud102024100287/DC,マリノミステリアス,6,小崎 綾也,37.7,３ 1/2,07,02,12,2歳,新馬,2026-08-15,pw01sde1004202602070220260815,メイクデビュー新潟,02,牝［指定］,,10時10分,牝2,https://www.jra.go.jp/JRADB/accessS.html?CNAME=pw01sde1004202602070220260815%2F2D,芝,1:24.9,良,伊坂 重信,晴,馬齢,,
426(初出走),52.0,14  14,新潟,PASS_HTML,1400,14,pw01dud102024103969/C6,ハチキンキリシマ,15,▲佐藤 翔馬,36.0,４,07,02,15,2歳,新馬,2026-08-15,pw01sde1004202602070220260815,メイクデビュー新潟,02,牝［指定］,,10時10分,牝2,https://www.jra.go.jp/JRADB/accessS.html?CNAME=pw01sde1004202602070220260815%2F2D,芝,1:25.6,良,蛯名 利弘,晴,馬齢,,
460(初出走),52.0,15  15,新潟,PASS_HTML,1400,15,pw01dud102024105666/B8,アンナモエ,11,▲石田 拓郎,35.9,１,07,02,14,2歳,新馬,2026-08-15,pw01sde1004202602070220260815,メイクデビュー新潟,02,牝［指定］,,10時10分,牝2,https://www.jra.go.jp/JRADB/accessS.html?CNAME=pw01sde1004202602070220260815%2F2D,芝,1:25.8,良,天間 昭一,晴,馬齢,,
508(+10),57.0,3  3,新潟,QUARANTINED_HTML:track_condition,1200,1,pw01dud102023102978/E8,レイズレガシー,12,田辺 裕信,36.8,,07,02,1,3歳,未勝利,2026-08-15,pw01sde1004202602070420260815,3歳未勝利,04,[指定],,11時10分,牡3,https://www.jra.go.jp/JRADB/accessS.html?CNAME=pw01sde1004202602070420260815%2F97,ダート,1:11.6,,高柳 瑞樹,晴,馬齢,,
436(-4),55.0,7  6,新潟,QUARANTINED_HTML:track_condition,1200,2,pw01dud102023100692/E5,ハンナパール,9,吉田 豊,36.8,４,07,02,5,3歳,未勝利,2026-08-15,pw01sde1004202602070420260815,3歳未勝利,04,[指定],,11時10分,牝3,https://www.jra.go.jp/JRADB/accessS.html?CNAME=pw01sde1004202602070420260815%2F97,ダート,1:12.3,,小野 次郎,晴,馬齢,,
462(-8),53.0,4  5,新潟,QUARANTINED_HTML:track_condition,1200,3,pw01dud102023106053/8C,ロンバスブレス,15,△石神 深道,37.2,クビ,07,02,3,3歳,未勝利,2026-08-15,pw01sde1004202602070420260815,3歳未勝利,04,[指定],,11時10分,牝3,https://www.jra.go.jp/JRADB/accessS.html?CNAME=pw01sde1004202602070420260815%2F97,ダート,1:12.3,,石栗 龍彦,晴,馬齢,,
478(+6),55.0,2  2,新潟,QUARANTINED_HTML:track_condition,1200,4,pw01dud102023106000/E3,スマートレイナ,4,川田 将雅,38.0,１ 3/4,07,02,4,3歳,未勝利,2026-08-15,pw01sde1004202602070420260815,3歳未勝利,04,[指定],,11時10分,牝3,https://www.jra.go.jp/JRADB/accessS.html?CNAME=pw01sde1004202602070420260815%2F97,ダート,1:12.6,,加藤 征弘,晴,馬齢,,
454(+6),57.0,1  1,新潟,QUARANTINED_HTML:track_condition,1200,5,pw01dud102023106658/F1,ニンジャトットリ,8,木幡 育也,39.3,３ 1/2,07,02,2,3歳,未勝利,2026-08-15,pw01sde1004202602070420260815,3歳未勝利,04,[指定],,11時10分,牡3,https://www.jra.go.jp/JRADB/accessS.html?CNAME=pw01sde1004202602070420260815%2F97,ダート,1:13.2,,松永 康利,晴,馬齢,,
464(+6),55.0,6  6,新潟,QUARANTINED_HTML:track_condition,1200,6,pw01dud102023105196/67,ワンダーバリエンス,6,柴田 大知,38.0,３／４,07,02,15,3歳,未勝利,2026-08-15,pw01sde1004202602070420260815,3歳未勝利,04,[指定],,11時10分,牝3,https://www.jra.go.jp/JRADB/accessS.html?CNAME=pw01sde1004202602070420260815%2F97,ダート,1:13.4,,畠山 吉宏,晴,馬齢,,
466(0),57.0,4  4,新潟,QUARANTINED_HTML:track_condition,1200,7,pw01dud102023103133/D0,ヴェントベローチェ,7,三浦 皇成,38.4,クビ,07,02,6,3歳,未勝利,2026-08-15,pw01sde1004202602070420260815,3歳未勝利,04,[指定],,11時10分,牡3,https://www.jra.go.jp/JRADB/accessS.html?CNAME=pw01sde1004202602070420260815%2F97,ダート,1:13.4,,勢司 和浩,晴,馬齢,,
458(-6),52.0,8  8,新潟,QUARANTINED_HTML:track_condition,1200,8,pw01dud102023102211/0C,イナンナ,5,▲上里 直汰,37.6,１／２,07,02,11,3歳,未勝利,2026-08-15,pw01sde1004202602070420260815,3歳未勝利,04,[指定],,11時10分,牝3,https://www.jra.go.jp/JRADB/accessS.html?CNAME=pw01sde1004202602070420260815%2F97,ダート,1:13.5,,奥村 武,晴,馬齢,,
432(初出走),52.0,14  14,新潟,QUARANTINED_HTML:track_condition,1200,9,pw01dud102023101433/85,マジギレカレン,10,▲佐藤 翔馬,37.3,３,07,02,9,3歳,未勝利,2026-08-15,pw01sde1004202602070420260815,3歳未勝利,04,[指定],,11時10分,牝3,https://www.jra.go.jp/JRADB/accessS.html?CNAME=pw01sde1004202602070420260815%2F97,ダート,1:14.0,,的場 均,晴,馬齢,,
458(0),55.0,12  12,新潟,QUARANTINED_HTML:track_condition,1200,10,pw01dud102023105240/96,バターショコラ,14,岩田 康誠,37.5,クビ,07,02,7,3歳,未勝利,2026-08-15,pw01sde1004202602070420260815,3歳未勝利,04,[指定],,11時10分,牝3,https://www.jra.go.jp/JRADB/accessS.html?CNAME=pw01sde1004202602070420260815%2F97,ダート,1:14.0,,戸田 博文,晴,馬齢,,
456(0),57.0,9  9,新潟,QUARANTINED_HTML:track_condition,1200,11,pw01dud102023104893/76,レオスキーム,11,木幡 巧也,38.0,クビ,07,02,14,3歳,未勝利,2026-08-15,pw01sde1004202602070420260815,3歳未勝利,04,[指定],,11時10分,牡3,https://www.jra.go.jp/JRADB/accessS.html?CNAME=pw01sde1004202602070420260815%2F97,ダート,1:14.1,,萱野 浩二,晴,馬齢,,
464(-20),54.0,10  10,新潟,QUARANTINED_HTML:track_condition,1200,12,pw01dud102023102246/7B,カフェプラウド,1,▲水沼 元輝,38.0,１／２,07,02,12,3歳,未勝利,2026-08-15,pw01sde1004202602070420260815,3歳未勝利,04,[指定],,11時10分,牡3,https://www.jra.go.jp/JRADB/accessS.html?CNAME=pw01sde1004202602070420260815%2F97,ダート,1:14.2,,柄崎 将寿,晴,馬齢,,
506(-6),57.0,12  12,新潟,QUARANTINED_HTML:track_condition,1200,13,pw01dud102023109078/B8,ユニオンジャック,13,木幡 初也,37.9,１ 1/4,07,02,10,3歳,未勝利,2026-08-15,pw01sde1004202602070420260815,3歳未勝利,04,[指定],,11時10分,牡3,https://www.jra.go.jp/JRADB/accessS.html?CNAME=pw01sde1004202602070420260815%2F97,ダート,1:14.4,,竹内 正洋,晴,馬齢,,
424(+4),55.0,10  10,新潟,QUARANTINED_HTML:track_condition,1200,14,pw01dud102023101396/0D,ホットジュピター,2,丸田 恭介,40.0,大差,07,02,13,3歳,未勝利,2026-08-15,pw01sde1004202602070420260815,3歳未勝利,04,[指定],,11時10分,牝3,https://www.jra.go.jp/JRADB/accessS.html?CNAME=pw01sde1004202602070420260815%2F97,ダート,1:16.2,,千葉 直人,晴,馬齢,,
480(-4),53.0,15  15,新潟,QUARANTINED_HTML:track_condition,1200,15,pw01dud102023104693/14,モーニンムスメ,3,◇今村 聖奈,42.1,大差,07,02,8,3歳,未勝利,2026-08-15,pw01sde1004202602070420260815,3歳未勝利,04,[指定],,11時10分,牝3,https://www.jra.go.jp/JRADB/accessS.html?CNAME=pw01sde1004202602070420260815%2F97,ダート,1:18.9,,加藤 和宏,晴,馬齢,,
494(-12),58.0,5  6,新潟,PASS_HTML,1400,1,pw01dud102022105257/3F,ウフドゥウフ,4,田辺 裕信,34.1,,07,02,3,3歳以上,1勝クラス,2026-08-15,pw01sde1004202602070520260815,3歳以上1勝クラス,05,[指定],,11時40分,牡4,https://www.jra.go.jp/JRADB/accessS.html?CNAME=pw01sde1004202602070520260815%2F4C,芝,1:20.1,良,上原 博之,晴,定量,,
472(-6),55.0,3  3,新潟,PASS_HTML,1400,2,pw01dud102023106883/44,グリオンヴール,15,戸崎 圭太,34.6,３／４,07,02,1,3歳以上,1勝クラス,2026-08-15,pw01sde1004202602070520260815,3歳以上1勝クラス,05,[指定],,11時40分,牡3,https://www.jra.go.jp/JRADB/accessS.html?CNAME=pw01sde1004202602070520260815%2F4C,芝,1:20.2,良,宮田 敬介,晴,定量,,
442(0),55.0,5  5,新潟,PASS_HTML,1400,3,pw01dud102023100831/74,ミスターマーボー,7,原 優介,34.5,１ 1/4,07,02,5,3歳以上,1勝クラス,2026-08-15,pw01sde1004202602070520260815,3歳以上1勝クラス,05,[指定],,11時40分,牡3,https://www.jra.go.jp/JRADB/accessS.html?CNAME=pw01sde1004202602070520260815%2F4C,芝,1:20.4,良,青木 孝文,晴,定量,,
548(-4),58.0,2  2,新潟,PASS_HTML,1400,4,pw01dud102022106203/12,カシオペア,18,石橋 脩,35.1,ハナ,07,02,6,3歳以上,1勝クラス,2026-08-15,pw01sde1004202602070520260815,3歳以上1勝クラス,05,[指定],,11時40分,牡4,https://www.jra.go.jp/JRADB/accessS.html?CNAME=pw01sde1004202602070520260815%2F4C,芝,1:20.4,良,上原 佑紀,晴,定量,,
450(+6),53.0,3  3,新潟,PASS_HTML,1400,5,pw01dud102023106477/3C,ベレーバスク,8,丸山 元気,34.8,１,07,02,4,3歳以上,1勝クラス,2026-08-15,pw01sde1004202602070520260815,3歳以上1勝クラス,05,[指定],,11時40分,牝3,https://www.jra.go.jp/JRADB/accessS.html?CNAME=pw01sde1004202602070520260815%2F4C,芝,1:20.5,良,清水 英克,晴,定量,,
446(0),53.0,7  8,新潟,PASS_HTML,1400,6,pw01dud102023103657/B1,ノーブルクロンヌ,13,三浦 皇成,34.4,ハナ,07,02,11,3歳以上,1勝クラス,2026-08-15,pw01sde1004202602070520260815,3歳以上1勝クラス,05,[指定],,11時40分,牝3,https://www.jra.go.jp/JRADB/accessS.html?CNAME=pw01sde1004202602070520260815%2F4C,芝,1:20.5,良,高柳 瑞樹,晴,定量,,
420(0),53.0,1  1,新潟,PASS_HTML,1400,7,pw01dud102023104425/28,リーデレクオーレ,14,柴田 大知,35.4,アタマ,07,02,12,3歳以上,1勝クラス,2026-08-15,pw01sde1004202602070520260815,3歳以上1勝クラス,05,[指定],,11時40分,牝3,https://www.jra.go.jp/JRADB/accessS.html?CNAME=pw01sde1004202602070520260815%2F4C,芝,1:20.6,良,秋本 大介,晴,定量,,
494(0),58.0,16  16,新潟,PASS_HTML,1400,8,pw01dud102022104953/DB,モティスフォント,2,川田 将雅,33.9,１,07,02,7,3歳以上,1勝クラス,2026-08-15,pw01sde1004202602070520260815,3歳以上1勝クラス,05,[指定],,11時40分,牡4,https://www.jra.go.jp/JRADB/accessS.html?CNAME=pw01sde1004202602070520260815%2F4C,芝,1:20.7,良,中舘 英二,晴,定量,,
496(-4),53.0,9  8,新潟,PASS_HTML,1400,9,pw01dud102023104764/88,エバーラスト,16,△石神 深道,34.5,１／２,07,02,13,3歳以上,1勝クラス,2026-08-15,pw01sde1004202602070520260815,3歳以上1勝クラス,05,[指定],,11時40分,牡3,https://www.jra.go.jp/JRADB/accessS.html?CNAME=pw01sde1004202602070520260815%2F4C,芝,1:20.8,良,和田 正一郎,晴,定量,,
440(0),55.0,12  14,新潟,PASS_HTML,1400,10,pw01dud102023104450/19,シュペルリング,6,津村 明秀,34.4,クビ,07,02,8,3歳以上,1勝クラス,2026-08-15,pw01sde1004202602070520260815,3歳以上1勝クラス,05,[指定],,11時40分,牡3,https://www.jra.go.jp/JRADB/accessS.html?CNAME=pw01sde1004202602070520260815%2F4C,芝,1:20.9,良,嘉藤 貴行,晴,定量,,
442(0),55.0,12  12,新潟,PASS_HTML,1400,11,pw01dud102023100776/C2,シャオママル,12,丸田 恭介,34.4,クビ,07,02,9,3歳以上,1勝クラス,2026-08-15,pw01sde1004202602070520260815,3歳以上1勝クラス,05,[指定],,11時40分,牡3,https://www.jra.go.jp/JRADB/accessS.html?CNAME=pw01sde1004202602070520260815%2F4C,芝,1:20.9,良,加藤 士津八,晴,定量,,
454(-6),53.0,9  8,新潟,PASS_HTML,1400,12,pw01dud102023103146/39,スタートレイン,1,木幡 巧也,34.6,ハナ,07,02,10,3歳以上,1勝クラス,2026-08-15,pw01sde1004202602070520260815,3歳以上1勝クラス,05,[指定],,11時40分,牝3,https://www.jra.go.jp/JRADB/accessS.html?CNAME=pw01sde1004202602070520260815%2F4C,芝,1:20.9,良,黒岩 陽一,晴,定量,,
440(+2),58.0,12  12,新潟,PASS_HTML,1400,13,pw01dud102022101191/E0,ポタリング,9,武藤 雅,34.5,１／２,07,02,16,3歳以上,1勝クラス,2026-08-15,pw01sde1004202602070520260815,3歳以上1勝クラス,05,[指定],,11時40分,せん4,https://www.jra.go.jp/JRADB/accessS.html?CNAME=pw01sde1004202602070520260815%2F4C,芝,1:21.0,良,武藤 善則,晴,定量,,
514(+4),54.0,17  17,新潟,PASS_HTML,1400,14,pw01dud102021106419/AA,ココボロ,3,◇今村 聖奈,34.1,１ 1/4,07,02,15,3歳以上,1勝クラス,2026-08-15,pw01sde1004202602070520260815,3歳以上1勝クラス,05,[指定],,11時40分,牝5,https://www.jra.go.jp/JRADB/accessS.html?CNAME=pw01sde1004202602070520260815%2F4C,芝,1:21.2,良,松山 将樹,晴,定量,,
450(+4),53.0,9  11,新潟,PASS_HTML,1400,15,pw01dud102022105477/C1,デルマケセラセラ,11,▲上里 直汰,34.8,ハナ,07,02,17,3歳以上,1勝クラス,2026-08-15,pw01sde1004202602070520260815,3歳以上1勝クラス,05,[指定],,11時40分,牝4,https://www.jra.go.jp/JRADB/accessS.html?CNAME=pw01sde1004202602070520260815%2F4C,芝,1:21.2,良,小野 次郎,晴,定量,,
408(-12),55.0,17  17,新潟,PASS_HTML,1400,16,pw01dud102023105128/DD,ヤマメライズ,10,野中 悠太郎,34.1,アタマ,07,02,18,3歳以上,1勝クラス,2026-08-15,pw01sde1004202602070520260815,3歳以上1勝クラス,05,[指定],,11時40分,せん3,https://www.jra.go.jp/JRADB/accessS.html?CNAME=pw01sde1004202602070520260815%2F4C,芝,1:21.2,良,田島 俊明,晴,定量,,
436(-4),50.0,7  6,新潟,PASS_HTML,1400,17,pw01dud102023106484/F3,フェーダーローター,17,▲石田 拓郎,35.2,３／４,07,02,14,3歳以上,1勝クラス,2026-08-15,pw01sde1004202602070520260815,3歳以上1勝クラス,05,[指定],,11時40分,牝3,https://www.jra.go.jp/JRADB/accessS.html?CNAME=pw01sde1004202602070520260815%2F4C,芝,1:21.3,良,天間 昭一,晴,定量,,
466(+4),55.0,12  14,新潟,PASS_HTML,1400,18,pw01dud102023101085/F7,デスサイズ,5,石川 裕紀人,34.7,アタマ,07,02,2,3歳以上,1勝クラス,2026-08-15,pw01sde1004202602070520260815,3歳以上1勝クラス,05,[指定],,11時40分,牡3,https://www.jra.go.jp/JRADB/accessS.html?CNAME=pw01sde1004202602070520260815%2F4C,芝,1:21.3,良,小手川 準,晴,定量,,
510(-2),58.0,13  14,新潟,QUARANTINED_HTML:track_condition,1200,1,pw01dud102021101737/CC,エンヤラヴフェイス,7,川須 栄彦,35.5,,07,02,7,3歳以上,3勝クラス,2026-08-15,pw01sde1004202602070720260815,上越ステークス,07,（混合）（特指）,,15時25分,牡5,https://www.jra.go.jp/JRADB/accessS.html?CNAME=pw01sde1004202602070720260815%2FB6,ダート,1:11.7,,森田 直行,晴,定量,,
444(-10),56.0,10  10,新潟,QUARANTINED_HTML:track_condition,1200,2,pw01dud102021104745/C3,イノセントキャット,9,田辺 裕信,36.3,クビ,07,02,13,3歳以上,3勝クラス,2026-08-15,pw01sde1004202602070720260815,上越ステークス,07,（混合）（特指）,,15時25分,牝5,https://www.jra.go.jp/JRADB/accessS.html?CNAME=pw01sde1004202602070720260815%2FB6,ダート,1:11.8,,久保田 貴士,晴,定量,,
496(0),58.0,2  2,新潟,QUARANTINED_HTML:track_condition,1200,3,pw01dud102022101626/A4,フウセツ,10,武藤 雅,38.0,３／４,07,02,9,3歳以上,3勝クラス,2026-08-15,pw01sde1004202602070720260815,上越ステークス,07,（混合）（特指）,,15時25分,牡4,https://www.jra.go.jp/JRADB/accessS.html?CNAME=pw01sde1004202602070720260815%2FB6,ダート,1:11.9,,鈴木 慎太郎,晴,定量,,
484(0),58.0,9  9,新潟,QUARANTINED_HTML:track_condition,1200,4,pw01dud102022100328/08,ハクサンアイリス,6,丸山 元気,36.7,クビ,07,02,3,3歳以上,3勝クラス,2026-08-15,pw01sde1004202602070720260815,上越ステークス,07,（混合）（特指）,,15時25分,牡4,https://www.jra.go.jp/JRADB/accessS.html?CNAME=pw01sde1004202602070720260815%2FB6,ダート,1:11.9,,高橋 一哉,晴,定量,,
434(+4),56.0,7  7,新潟,QUARANTINED_HTML:track_condition,1200,5,pw01dud102022110077/20,イリフィ,15,川田 将雅,37.2,クビ,07,02,1,3歳以上,3勝クラス,2026-08-15,pw01sde1004202602070720260815,上越ステークス,07,（混合）（特指）,,15時25分,牝4,https://www.jra.go.jp/JRADB/accessS.html?CNAME=pw01sde1004202602070720260815%2FB6,ダート,1:12.0,,高野 友和,晴,定量,,
488(+6),58.0,11  11,新潟,QUARANTINED_HTML:track_condition,1200,6,pw01dud102021102462/19,ワークソング,5,三浦 皇成,36.3,１／２,07,02,8,3歳以上,3勝クラス,2026-08-15,pw01sde1004202602070720260815,上越ステークス,07,（混合）（特指）,,15時25分,牡5,https://www.jra.go.jp/JRADB/accessS.html?CNAME=pw01sde1004202602070720260815%2FB6,ダート,1:12.1,,牧浦 充徳,晴,定量,,
492(+2),58.0,1  1,新潟,QUARANTINED_HTML:track_condition,1200,7,pw01dud102021110122/36,アメリカンチケット,1,小崎 綾也,38.5,アタマ,07,02,2,3歳以上,3勝クラス,2026-08-15,pw01sde1004202602070720260815,上越ステークス,07,（混合）（特指）,,15時25分,せん5,https://www.jra.go.jp/JRADB/accessS.html?CNAME=pw01sde1004202602070720260815%2FB6,ダート,1:12.1,,藤原 英昭,晴,定量,,
444(+8),56.0,13  13,新潟,QUARANTINED_HTML:track_condition,1200,8,pw01dud102021100906/9C,ペレグリン,3,今村 聖奈,36.0,クビ,07,02,12,3歳以上,3勝クラス,2026-08-15,pw01sde1004202602070720260815,上越ステークス,07,（混合）（特指）,,15時25分,牝5,https://www.jra.go.jp/JRADB/accessS.html?CNAME=pw01sde1004202602070720260815%2FB6,ダート,1:12.2,,河嶋 宏樹,晴,定量,,
488(+6),56.0,3  3,新潟,QUARANTINED_HTML:track_condition,1200,9,pw01dud102021101397/68,ヴェロクオーレ,11,石川 裕紀人,38.1,クビ,07,02,6,3歳以上,3勝クラス,2026-08-15,pw01sde1004202602070720260815,上越ステークス,07,（混合）（特指）,,15時25分,牝5,https://www.jra.go.jp/JRADB/accessS.html?CNAME=pw01sde1004202602070720260815%2FB6,ダート,1:12.2,,石坂 公一,晴,定量,,
472(-4),58.0,15  15,新潟,QUARANTINED_HTML:track_condition,1200,10,pw01dud102021100623/D0,スプランドゥール,8,石神 深道,35.8,１ 1/4,07,02,14,3歳以上,3勝クラス,2026-08-15,pw01sde1004202602070720260815,上越ステークス,07,（混合）（特指）,,15時25分,牡5,https://www.jra.go.jp/JRADB/accessS.html?CNAME=pw01sde1004202602070720260815%2FB6,ダート,1:12.4,,和田 雄二,晴,定量,,
508(0),58.0,11  11,新潟,QUARANTINED_HTML:track_condition,1200,11,pw01dud102021104058/D5,ライトニングゼウス,4,杉原 誠人,36.8,１ 1/4,07,02,5,3歳以上,3勝クラス,2026-08-15,pw01sde1004202602070720260815,上越ステークス,07,（混合）（特指）,,15時25分,牡5,https://www.jra.go.jp/JRADB/accessS.html?CNAME=pw01sde1004202602070720260815%2FB6,ダート,1:12.6,,伊藤 圭三,晴,定量,,
462(+2),56.0,5  5,新潟,QUARANTINED_HTML:track_condition,1200,12,pw01dud102021102259/CC,クリノオリーブ,2,岩田 康誠,38.5,１ 1/2,07,02,11,3歳以上,3勝クラス,2026-08-15,pw01sde1004202602070720260815,上越ステークス,07,（混合）（特指）,,15時25分,牝5,https://www.jra.go.jp/JRADB/accessS.html?CNAME=pw01sde1004202602070720260815%2FB6,ダート,1:12.9,,谷 潔,晴,定量,,
464(-2),56.0,5  4,新潟,QUARANTINED_HTML:track_condition,1200,13,pw01dud102022101675/81,スノーサイレンス,13,戸崎 圭太,38.8,１ 3/4,07,02,4,3歳以上,3勝クラス,2026-08-15,pw01sde1004202602070720260815,上越ステークス,07,（混合）（特指）,,15時25分,牝4,https://www.jra.go.jp/JRADB/accessS.html?CNAME=pw01sde1004202602070720260815%2FB6,ダート,1:13.2,,小栗 実,晴,定量,,
492(+18),56.0,7  7,新潟,QUARANTINED_HTML:track_condition,1200,14,pw01dud102022104862/47,パラサイコロジー,14,石田 拓郎,39.2,５,07,02,10,3歳以上,3勝クラス,2026-08-15,pw01sde1004202602070720260815,上越ステークス,07,（混合）（特指）,,15時25分,牝4,https://www.jra.go.jp/JRADB/accessS.html?CNAME=pw01sde1004202602070720260815%2FB6,ダート,1:14.0,,新開 幸一,晴,定量,,
496(-8),58.0,4  5,新潟,QUARANTINED_HTML:track_condition,1200,15,pw01dud102021102700/66,ビバップ,12,吉田 豊,40.9,７,07,02,15,3歳以上,3勝クラス,2026-08-15,pw01sde1004202602070720260815,上越ステークス,07,（混合）（特指）,,15時25分,牡5,https://www.jra.go.jp/JRADB/accessS.html?CNAME=pw01sde1004202602070720260815%2FB6,ダート,1:15.1,,清水 久詞,晴,定量,,
522(0),55.0,1  1  1  1,新潟,PASS_HTML,2200,1,pw01dud102023105818/24,ロードフィレール,5,戸崎 圭太,35.1,レコード,07,02,2,3歳以上,2勝クラス,2026-08-15,pw01sde1004202602070620260815,阿賀野川特別,06,（混合）（特指）,,14時50分,牡3,https://www.jra.go.jp/JRADB/accessS.html?CNAME=pw01sde1004202602070620260815%2F01,芝,2:09.3,良,吉岡 辰弥,晴,定量,,
536(+6),55.0,5  5  2  2,新潟,PASS_HTML,2200,2,pw01dud102023107168/FB,ブラックオリンピア,12,川田 将雅,35.2,１ 3/4,07,02,1,3歳以上,2勝クラス,2026-08-15,pw01sde1004202602070620260815,阿賀野川特別,06,（混合）（特指）,,14時50分,牡3,https://www.jra.go.jp/JRADB/accessS.html?CNAME=pw01sde1004202602070620260815%2F01,芝,2:09.6,良,友道 康夫,晴,定量,,
504(+6),58.0,6  6  6  7,新潟,PASS_HTML,2200,3,pw01dud102020103718/71,オールマイデイズ,11,丸山 元気,35.6,５,07,02,9,3歳以上,2勝クラス,2026-08-15,pw01sde1004202602070620260815,阿賀野川特別,06,（混合）（特指）,,14時50分,牡6,https://www.jra.go.jp/JRADB/accessS.html?CNAME=pw01sde1004202602070620260815%2F01,芝,2:10.4,良,矢嶋 大樹,晴,定量,,
468(0),58.0,14  14  10  2,新潟,PASS_HTML,2200,4,pw01dud102021100597/DB,ズイウンゴサイ,14,石橋 脩,35.3,アタマ,07,02,10,3歳以上,2勝クラス,2026-08-15,pw01sde1004202602070620260815,阿賀野川特別,06,（混合）（特指）,,14時50分,牡5,https://www.jra.go.jp/JRADB/accessS.html?CNAME=pw01sde1004202602070620260815%2F01,芝,2:10.4,良,武市 康男,晴,定量,,
498(0),58.0,8  8  4  2,新潟,PASS_HTML,2200,5,pw01dud102022105280/4A,ファーングロット,6,岩田 康誠,35.9,１／２,07,02,3,3歳以上,2勝クラス,2026-08-15,pw01sde1004202602070620260815,阿賀野川特別,06,（混合）（特指）,,14時50分,牡4,https://www.jra.go.jp/JRADB/accessS.html?CNAME=pw01sde1004202602070620260815%2F01,芝,2:10.5,良,上村 洋行,晴,定量,,
462(0),58.0,12  11  10  7,新潟,PASS_HTML,2200,6,pw01dud102021105763/EC,ビップチェイス,8,杉原 誠人,35.5,３／４,07,02,12,3歳以上,2勝クラス,2026-08-15,pw01sde1004202602070620260815,阿賀野川特別,06,（混合）（特指）,,14時50分,牡5,https://www.jra.go.jp/JRADB/accessS.html?CNAME=pw01sde1004202602070620260815%2F01,芝,2:10.6,良,田島 俊明,晴,定量,,
392(-10),53.0,3  3  6  10,新潟,PASS_HTML,2200,7,pw01dud102023101116/2B,ゴールデンパゴーダ,3,石川 裕紀人,36.3,２,07,02,11,3歳以上,2勝クラス,2026-08-15,pw01sde1004202602070620260815,阿賀野川特別,06,（混合）（特指）,,14時50分,牝3,https://www.jra.go.jp/JRADB/accessS.html?CNAME=pw01sde1004202602070620260815%2F01,芝,2:11.0,良,上原 佑紀,晴,定量,,
462(0),58.0,11  10  6  2,新潟,PASS_HTML,2200,8,pw01dud102022103510/8F,キングズトゥルー,9,丸田 恭介,36.5,１,07,02,4,3歳以上,2勝クラス,2026-08-15,pw01sde1004202602070620260815,阿賀野川特別,06,（混合）（特指）,,14時50分,牡4,https://www.jra.go.jp/JRADB/accessS.html?CNAME=pw01sde1004202602070620260815%2F01,芝,2:11.2,良,大竹 正博,晴,定量,,
502(+20),58.0,8  9  10  10,新潟,PASS_HTML,2200,9,pw01dud102022104980/B2,ダノンピクチャー,1,小崎 綾也,36.1,ハナ,07,02,5,3歳以上,2勝クラス,2026-08-15,pw01sde1004202602070620260815,阿賀野川特別,06,（混合）（特指）,,14時50分,牡4,https://www.jra.go.jp/JRADB/accessS.html?CNAME=pw01sde1004202602070620260815%2F01,芝,2:11.2,良,田中 博康,晴,定量,,
496(+4),58.0,2  2  2  2,新潟,PASS_HTML,2200,10,pw01dud102022101605/11,サミダレナイツ,7,田辺 裕信,37.2,１ 3/4,07,02,7,3歳以上,2勝クラス,2026-08-15,pw01sde1004202602070620260815,阿賀野川特別,06,（混合）（特指）,,14時50分,牡4,https://www.jra.go.jp/JRADB/accessS.html?CNAME=pw01sde1004202602070620260815%2F01,芝,2:11.5,良,谷 潔,晴,定量,,
466(0),58.0,7  7  9  10,新潟,PASS_HTML,2200,11,pw01dud102022105577/F2,ランツフート,4,三浦 皇成,36.7,３／４,07,02,8,3歳以上,2勝クラス,2026-08-15,pw01sde1004202602070620260815,阿賀野川特別,06,（混合）（特指）,,14時50分,牡4,https://www.jra.go.jp/JRADB/accessS.html?CNAME=pw01sde1004202602070620260815%2F01,芝,2:11.6,良,大久保 龍志,晴,定量,,
432(-8),58.0,12  13  14  14,新潟,PASS_HTML,2200,12,pw01dud102019104531/7A,バンフィエルド,10,柴田 大知,37.6,大差,07,02,14,3歳以上,2勝クラス,2026-08-15,pw01sde1004202602070620260815,阿賀野川特別,06,（混合）（特指）,,14時50分,牡7,https://www.jra.go.jp/JRADB/accessS.html?CNAME=pw01sde1004202602070620260815%2F01,芝,2:13.4,良,粕谷 昌央,晴,定量,,
448(+2),58.0,10  11  13  13,新潟,PASS_HTML,2200,中止,pw01dud102021106077/60,プリズマジコ,2,原 優介,,,07,02,13,3歳以上,2勝クラス,2026-08-15,pw01sde1004202602070620260815,阿賀野川特別,06,（混合）（特指）,,14時50分,牡5,https://www.jra.go.jp/JRADB/accessS.html?CNAME=pw01sde1004202602070620260815%2F01,芝,,良,高橋 義忠,晴,定量,,
500(+4),58.0,3  4  4  7,新潟,PASS_HTML,2200,中止,pw01dud102022105390/8B,パッションリッチ,13,木幡 巧也,,,07,02,6,3歳以上,2勝クラス,2026-08-15,pw01sde1004202602070620260815,阿賀野川特別,06,（混合）（特指）,,14時50分,牡4,https://www.jra.go.jp/JRADB/accessS.html?CNAME=pw01sde1004202602070620260815%2F01,芝,,良,久保田 貴士,晴,定量,,
446(-4),55.0,13  12  7  7,新潟,QUARANTINED_HTML:track_condition,1800,1,pw01dud102023106313/DF,ジェイエルモーダル,9,田辺 裕信,37.5,,07,02,1,3歳以上,1勝クラス,2026-08-15,pw01sde1004202602070820260815,三国特別,08,（混合）（特指）,,16時05分,牡3,https://www.jra.go.jp/JRADB/accessS.html?CNAME=pw01sde1004202602070820260815%2F6B,ダート,1:52.8,,松尾 卓哉,晴,定量,,
470(+4),55.0,4  3  4  3,新潟,QUARANTINED_HTML:track_condition,1800,2,pw01dud102023103013/7F,ルーナディサングエ,3,菅原 隆一,38.1,３／４,07,02,2,3歳以上,1勝クラス,2026-08-15,pw01sde1004202602070820260815,三国特別,08,（混合）（特指）,,16時05分,牡3,https://www.jra.go.jp/JRADB/accessS.html?CNAME=pw01sde1004202602070820260815%2F6B,ダート,1:52.9,,天間 昭一,晴,定量,,
498(0),58.0,2  2  2  1,新潟,QUARANTINED_HTML:track_condition,1800,3,pw01dud102022100348/28,ヨドノタイヨウ,5,野中 悠太郎,39.1,４,07,02,7,3歳以上,1勝クラス,2026-08-15,pw01sde1004202602070820260815,三国特別,08,（混合）（特指）,,16時05分,牡4,https://www.jra.go.jp/JRADB/accessS.html?CNAME=pw01sde1004202602070820260815%2F6B,ダート,1:53.6,,室井 潔,晴,定量,,
516(-6),55.0,7  8  4  5,新潟,QUARANTINED_HTML:track_condition,1800,4,pw01dud102023103714/49,インナーパッション,8,戸崎 圭太,39.5,５,07,02,3,3歳以上,1勝クラス,2026-08-15,pw01sde1004202602070820260815,三国特別,08,（混合）（特指）,,16時05分,牡3,https://www.jra.go.jp/JRADB/accessS.html?CNAME=pw01sde1004202602070820260815%2F6B,ダート,1:54.4,,斎藤 誠,晴,定量,,
520(+6),58.0,1  1  1  2,新潟,QUARANTINED_HTML:track_condition,1800,5,pw01dud102021103500/F3,レボルシオン,4,江田 照男,40.2,１,07,02,9,3歳以上,1勝クラス,2026-08-15,pw01sde1004202602070820260815,三国特別,08,（混合）（特指）,,16時05分,牡5,https://www.jra.go.jp/JRADB/accessS.html?CNAME=pw01sde1004202602070820260815%2F6B,ダート,1:54.6,,蛯名 正義,晴,定量,,
524(-14),55.0,9  6  4  5,新潟,QUARANTINED_HTML:track_condition,1800,6,pw01dud102023107090/62,インディヴァイン,2,丸山 元気,40.1,２,07,02,6,3歳以上,1勝クラス,2026-08-15,pw01sde1004202602070820260815,三国特別,08,（混合）（特指）,,16時05分,牡3,https://www.jra.go.jp/JRADB/accessS.html?CNAME=pw01sde1004202602070820260815%2F6B,ダート,1:54.9,,林 徹,晴,定量,,
512(-2),56.0,7  10  10  9,新潟,QUARANTINED_HTML:track_condition,1800,7,pw01dud102021110075/AE,スターチスブーケ,13,丸田 恭介,39.3,クビ,07,02,14,3歳以上,1勝クラス,2026-08-15,pw01sde1004202602070820260815,三国特別,08,（混合）（特指）,,16時05分,牝5,https://www.jra.go.jp/JRADB/accessS.html?CNAME=pw01sde1004202602070820260815%2F6B,ダート,1:54.9,,田中 勝春,晴,定量,,
460(+2),55.0,10  8  7  7,新潟,QUARANTINED_HTML:track_condition,1800,8,pw01dud102023101929/1C,アンシュウマト,11,三浦 皇成,39.7,アタマ,07,02,4,3歳以上,1勝クラス,2026-08-15,pw01sde1004202602070820260815,三国特別,08,（混合）（特指）,,16時05分,牡3,https://www.jra.go.jp/JRADB/accessS.html?CNAME=pw01sde1004202602070820260815%2F6B,ダート,1:55.0,,中川 公成,晴,定量,,
494(+4),55.0,3  3  3  3,新潟,QUARANTINED_HTML:track_condition,1800,9,pw01dud102023101087/DD,ベストブラザーズ,6,津村 明秀,40.4,ハナ,07,02,5,3歳以上,1勝クラス,2026-08-15,pw01sde1004202602070820260815,三国特別,08,（混合）（特指）,,16時05分,牡3,https://www.jra.go.jp/JRADB/accessS.html?CNAME=pw01sde1004202602070820260815%2F6B,ダート,1:55.0,,辻 哲英,晴,定量,,
500(-8),55.0,4  6  9  10,新潟,QUARANTINED_HTML:track_condition,1800,10,pw01dud102023102833/38,グランドスウェル,12,武藤 雅,40.0,２ 1/2,07,02,8,3歳以上,1勝クラス,2026-08-15,pw01sde1004202602070820260815,三国特別,08,（混合）（特指）,,16時05分,せん3,https://www.jra.go.jp/JRADB/accessS.html?CNAME=pw01sde1004202602070820260815%2F6B,ダート,1:55.4,,畠山 吉宏,晴,定量,,
470(+14),58.0,12  12  12  12,新潟,QUARANTINED_HTML:track_condition,1800,11,pw01dud102022100423/FA,オンサイト,15,小崎 綾也,39.5,２,07,02,13,3歳以上,1勝クラス,2026-08-15,pw01sde1004202602070820260815,三国特別,08,（混合）（特指）,,16時05分,牡4,https://www.jra.go.jp/JRADB/accessS.html?CNAME=pw01sde1004202602070820260815%2F6B,ダート,1:55.7,,岩戸 孝樹,晴,定量,,
524(0),56.0,10  10  11  11,新潟,QUARANTINED_HTML:track_condition,1800,12,pw01dud102020104744/C4,ノーブルアクト,7,水沼 元輝,40.0,１,07,02,12,3歳以上,1勝クラス,2026-08-15,pw01sde1004202602070820260815,三国特別,08,（混合）（特指）,,16時05分,牝6,https://www.jra.go.jp/JRADB/accessS.html?CNAME=pw01sde1004202602070820260815%2F6B,ダート,1:55.9,,上原 博之,晴,定量,,
468(+10),55.0,14  14  15  15,新潟,QUARANTINED_HTML:track_condition,1800,13,pw01dud102023104958/A6,ターフクリスタル,14,石橋 脩,39.4,７,07,02,10,3歳以上,1勝クラス,2026-08-15,pw01sde1004202602070820260815,三国特別,08,（混合）（特指）,,16時05分,牡3,https://www.jra.go.jp/JRADB/accessS.html?CNAME=pw01sde1004202602070820260815%2F6B,ダート,1:57.0,,矢野 英一,晴,定量,,
528(+14),58.0,15  15  14  13,新潟,QUARANTINED_HTML:track_condition,1800,14,pw01dud102022104177/3F,シュガーハイ,10,上里 直汰,40.7,１ 1/4,07,02,15,3歳以上,1勝クラス,2026-08-15,pw01sde1004202602070820260815,三国特別,08,（混合）（特指）,,16時05分,牡4,https://www.jra.go.jp/JRADB/accessS.html?CNAME=pw01sde1004202602070820260815%2F6B,ダート,1:57.2,,加藤 和宏,晴,定量,,
450(-14),58.0,4  3  12  14,新潟,QUARANTINED_HTML:track_condition,1800,15,pw01dud102021103208/F8,プルメリアクヒオ,1,石神 深道,43.5,大差,07,02,11,3歳以上,1勝クラス,2026-08-15,pw01sde1004202602070820260815,三国特別,08,（混合）（特指）,,16時05分,牡5,https://www.jra.go.jp/JRADB/accessS.html?CNAME=pw01sde1004202602070820260815%2F6B,ダート,1:59.6,,深山 雅史,晴,定量,,
490(0),60.0,2  2  2  2,新潟,PASS_HTML,3250,1,pw01dud102020101429/83,ローディアマント,8,伴 啓太,,,07,02,3,障害3歳以上,オープン,2026-08-15,pw01sde1004202602070920260815,新潟ジャンプステークス,09,（混合）,,16時40分,せん6,https://www.jra.go.jp/JRADB/accessS.html?CNAME=pw01sde1004202602070920260815%2F20,芝,3:29.3,良,尾関 知人,晴,別定,12.9,
450(0),60.0,1  1  1  1,新潟,PASS_HTML,3250,2,pw01dud102019104767/BE,ヴェールランス,11,五十嵐 雄祐,,クビ,07,02,5,障害3歳以上,オープン,2026-08-15,pw01sde1004202602070920260815,新潟ジャンプステークス,09,（混合）,,16時40分,牡7,https://www.jra.go.jp/JRADB/accessS.html?CNAME=pw01sde1004202602070920260815%2F20,芝,3:29.3,良,中舘 英二,晴,別定,12.9,
486(-2),60.0,6  6  5  5,新潟,PASS_HTML,3250,3,pw01dud102019106330/83,プラチナドリーム,6,高田 潤,,４,07,02,1,障害3歳以上,オープン,2026-08-15,pw01sde1004202602070920260815,新潟ジャンプステークス,09,（混合）,,16時40分,牡7,https://www.jra.go.jp/JRADB/accessS.html?CNAME=pw01sde1004202602070920260815%2F20,芝,3:30.0,良,菊川 正達,晴,別定,12.9,
456(+4),60.0,3  3  3  3,新潟,PASS_HTML,3250,4,pw01dud102020100233/90,セイウンパシュート,5,水沼 元輝,,２,07,02,7,障害3歳以上,オープン,2026-08-15,pw01sde1004202602070920260815,新潟ジャンプステークス,09,（混合）,,16時40分,せん6,https://www.jra.go.jp/JRADB/accessS.html?CNAME=pw01sde1004202602070920260815%2F20,芝,3:30.3,良,上原 博之,晴,別定,12.9,
448(-6),60.0,8  7  7  6,新潟,PASS_HTML,3250,5,pw01dud102020104328/AC,パープルアドミラル,10,金子 光希,,大差,07,02,9,障害3歳以上,オープン,2026-08-15,pw01sde1004202602070920260815,新潟ジャンプステークス,09,（混合）,,16時40分,牡6,https://www.jra.go.jp/JRADB/accessS.html?CNAME=pw01sde1004202602070920260815%2F20,芝,3:32.3,良,堀内 岳志,晴,別定,13.1,
460(+2),60.0,3  4  4  4,新潟,PASS_HTML,3250,6,pw01dud102018110131/3C,アメリカンピース,2,小坂 忠士,,クビ,07,02,8,障害3歳以上,オープン,2026-08-15,pw01sde1004202602070920260815,新潟ジャンプステークス,09,（混合）,,16時40分,せん8,https://www.jra.go.jp/JRADB/accessS.html?CNAME=pw01sde1004202602070920260815%2F20,芝,3:32.3,良,東田 明士,晴,別定,13.1,
506(+2),60.0,8  9  8  7,新潟,PASS_HTML,3250,7,pw01dud102020103193/8C,シャンデルナゴル,1,中村 将之,,１／２,07,02,2,障害3歳以上,オープン,2026-08-15,pw01sde1004202602070920260815,新潟ジャンプステークス,09,（混合）,,16時40分,牡6,https://www.jra.go.jp/JRADB/accessS.html?CNAME=pw01sde1004202602070920260815%2F20,芝,3:32.4,良,石坂 公一,晴,別定,13.1,
476(+4),60.0,10  10  10  10,新潟,PASS_HTML,3250,8,pw01dud102021103578/FB,ビーンスターク,7,草野 太郎,,３ 1/2,07,02,11,障害3歳以上,オープン,2026-08-15,pw01sde1004202602070920260815,新潟ジャンプステークス,09,（混合）,,16時40分,せん5,https://www.jra.go.jp/JRADB/accessS.html?CNAME=pw01sde1004202602070920260815%2F20,芝,3:33.0,良,粕谷 昌央,晴,別定,13.1,
484(+4),60.0,7  7  9  9,新潟,PASS_HTML,3250,9,pw01dud102021104112/14,ローンウルフ,3,大江原 圭,,クビ,07,02,10,障害3歳以上,オープン,2026-08-15,pw01sde1004202602070920260815,新潟ジャンプステークス,09,（混合）,,16時40分,牡5,https://www.jra.go.jp/JRADB/accessS.html?CNAME=pw01sde1004202602070920260815%2F20,芝,3:33.0,良,武市 康男,晴,別定,13.1,
516(-4),60.0,5  5  6  7,新潟,PASS_HTML,3250,10,pw01dud102019105276/55,ブラックボイス,4,坂口 智康,,１０,07,02,4,障害3歳以上,オープン,2026-08-15,pw01sde1004202602070920260815,新潟ジャンプステークス,09,（混合）,,16時40分,牡7,https://www.jra.go.jp/JRADB/accessS.html?CNAME=pw01sde1004202602070920260815%2F20,芝,3:34.6,良,浅利 英明,晴,別定,13.2,
472(-4),60.0,,新潟,PASS_HTML,3250,中止,pw01dud102020105611/F9,ピーターサイト,9,上野 翔,,,07,02,6,障害3歳以上,オープン,2026-08-15,pw01sde1004202602070920260815,新潟ジャンプステークス,09,（混合）,,16時40分,せん6,https://www.jra.go.jp/JRADB/accessS.html?CNAME=pw01sde1004202602070920260815%2F20,芝,,良,村田 一誠,晴,別定,,
490(+8),57.0,1  1  1  1,新潟,QUARANTINED_HTML:track_condition,1800,1,pw01dud102023102580/9C,マーチンゲール,9,川田 将雅,38.2,,07,02,1,3歳,未勝利,2026-08-15,pw01sde1004202602071020260815,3歳未勝利,10,[指定],,17時15分,牡3,https://www.jra.go.jp/JRADB/accessS.html?CNAME=pw01sde1004202602071020260815%2F15,ダート,1:54.3,,斉藤 崇史,晴,馬齢,,
464(-3),57.0,6  7  3  3,新潟,QUARANTINED_HTML:track_condition,1800,2,pw01dud102023107303/BE,レジェルテ,12,戸崎 圭太,38.6,３ 1/2,07,02,7,3歳,未勝利,2026-08-15,pw01sde1004202602071020260815,3歳未勝利,10,[指定],,17時15分,牡3,https://www.jra.go.jp/JRADB/accessS.html?CNAME=pw01sde1004202602071020260815%2F15,ダート,1:54.9,,柴田 卓,晴,馬齢,,
450(+4),57.0,8  8  7  7,新潟,QUARANTINED_HTML:track_condition,1800,3,pw01dud102023101848/98,ジューンマーチ,15,川須 栄彦,38.8,４,07,02,9,3歳,未勝利,2026-08-15,pw01sde1004202602071020260815,3歳未勝利,10,[指定],,17時15分,牡3,https://www.jra.go.jp/JRADB/accessS.html?CNAME=pw01sde1004202602071020260815%2F15,ダート,1:55.6,,松下 武士,晴,馬齢,,
470(0),57.0,5  5  5  5,新潟,QUARANTINED_HTML:track_condition,1800,4,pw01dud102023102804/7B,サンタピア,4,田辺 裕信,39.2,２,07,02,6,3歳,未勝利,2026-08-15,pw01sde1004202602071020260815,3歳未勝利,10,[指定],,17時15分,牡3,https://www.jra.go.jp/JRADB/accessS.html?CNAME=pw01sde1004202602071020260815%2F15,ダート,1:55.9,,松山 将樹,晴,馬齢,,
500(+6),57.0,11  11  11  11,新潟,QUARANTINED_HTML:track_condition,1800,5,pw01dud102023102555/AB,エターナルホープ,5,吉田 豊,38.9,１,07,02,3,3歳,未勝利,2026-08-15,pw01sde1004202602071020260815,3歳未勝利,10,[指定],,17時15分,牡3,https://www.jra.go.jp/JRADB/accessS.html?CNAME=pw01sde1004202602071020260815%2F15,ダート,1:56.1,,鈴木 慎太郎,晴,馬齢,,
434(0),54.0,8  8  9  7,新潟,QUARANTINED_HTML:track_condition,1800,6,pw01dud102023106198/3C,パワポケグッド,7,▲佐藤 翔馬,39.1,クビ,07,02,14,3歳,未勝利,2026-08-15,pw01sde1004202602071020260815,3歳未勝利,10,[指定],,17時15分,牡3,https://www.jra.go.jp/JRADB/accessS.html?CNAME=pw01sde1004202602071020260815%2F15,ダート,1:56.1,,大和田 成,晴,馬齢,,
492(-8),57.0,8  8  9  9,新潟,QUARANTINED_HTML:track_condition,1800,7,pw01dud102023104706/0E,ニシノロッドマン,11,野中 悠太郎,39.2,１／２,07,02,8,3歳,未勝利,2026-08-15,pw01sde1004202602071020260815,3歳未勝利,10,[指定],,17時15分,牡3,https://www.jra.go.jp/JRADB/accessS.html?CNAME=pw01sde1004202602071020260815%2F15,ダート,1:56.2,,矢嶋 大樹,晴,馬齢,,
480(-4),57.0,3  3  4  3,新潟,QUARANTINED_HTML:track_condition,1800,8,pw01dud102023106180/94,ブルーリファール,2,石橋 脩,39.8,アタマ,07,02,11,3歳,未勝利,2026-08-15,pw01sde1004202602071020260815,3歳未勝利,10,[指定],,17時15分,牡3,https://www.jra.go.jp/JRADB/accessS.html?CNAME=pw01sde1004202602071020260815%2F15,ダート,1:56.2,,小野 次郎,晴,馬齢,,
526(+6),57.0,2  2  2  2,新潟,QUARANTINED_HTML:track_condition,1800,9,pw01dud102023105369/F2,ダノンオンザビート,10,三浦 皇成,40.3,１,07,02,2,3歳,未勝利,2026-08-15,pw01sde1004202602071020260815,3歳未勝利,10,[指定],,17時15分,牡3,https://www.jra.go.jp/JRADB/accessS.html?CNAME=pw01sde1004202602071020260815%2F15,ダート,1:56.4,,堀 宣行,晴,馬齢,,
486(+2),57.0,6  6  5  5,新潟,QUARANTINED_HTML:track_condition,1800,10,pw01dud102023106436/89,マイネルシュラハト,3,柴田 大知,40.3,３ 1/2,07,02,5,3歳,未勝利,2026-08-15,pw01sde1004202602071020260815,3歳未勝利,10,[指定],,17時15分,牡3,https://www.jra.go.jp/JRADB/accessS.html?CNAME=pw01sde1004202602071020260815%2F15,ダート,1:57.0,,畠山 吉宏,晴,馬齢,,
450(+6),55.0,15  15  13  10,新潟,QUARANTINED_HTML:track_condition,1800,11,pw01dud102023103510/1B,オーシャンミューズ,8,杉原 誠人,39.6,クビ,07,02,15,3歳,未勝利,2026-08-15,pw01sde1004202602071020260815,3歳未勝利,10,[指定],,17時15分,牝3,https://www.jra.go.jp/JRADB/accessS.html?CNAME=pw01sde1004202602071020260815%2F15,ダート,1:57.0,,堀内 岳志,晴,馬齢,,
378(0),55.0,13  13  13  11,新潟,QUARANTINED_HTML:track_condition,1800,12,pw01dud102023104192/AC,クライナリーゼ,6,◇今村 聖奈,39.8,１ 1/4,07,02,12,3歳,未勝利,2026-08-15,pw01sde1004202602071020260815,3歳未勝利,10,[指定],,17時15分,牡3,https://www.jra.go.jp/JRADB/accessS.html?CNAME=pw01sde1004202602071020260815%2F15,ダート,1:57.2,,高橋 康之,晴,馬齢,,
468(+2),55.0,14  14  15  14,新潟,QUARANTINED_HTML:track_condition,1800,13,pw01dud102023102033/B0,イデアクリスタル,1,石川 裕紀人,40.7,７,07,02,10,3歳,未勝利,2026-08-15,pw01sde1004202602071020260815,3歳未勝利,10,[指定],,17時15分,牝3,https://www.jra.go.jp/JRADB/accessS.html?CNAME=pw01sde1004202602071020260815%2F15,ダート,1:58.3,,手塚 貴徳,晴,馬齢,,
454(-2),52.0,3  3  7  11,新潟,QUARANTINED_HTML:track_condition,1800,14,pw01dud102023101733/18,ナツミカンチャン,14,▲上里 直汰,41.7,１ 1/4,07,02,13,3歳,未勝利,2026-08-15,pw01sde1004202602071020260815,3歳未勝利,10,[指定],,17時15分,牝3,https://www.jra.go.jp/JRADB/accessS.html?CNAME=pw01sde1004202602071020260815%2F15,ダート,1:58.5,,千葉 直人,晴,馬齢,,
442(-2),57.0,11  11  11  14,新潟,QUARANTINED_HTML:track_condition,1800,15,pw01dud102023106338/3E,コールリッジ,13,津村 明秀,41.8,２ 1/2,07,02,4,3歳,未勝利,2026-08-15,pw01sde1004202602071020260815,3歳未勝利,10,[指定],,17時15分,牡3,https://www.jra.go.jp/JRADB/accessS.html?CNAME=pw01sde1004202602071020260815%2F15,ダート,1:59.0,,林 徹,晴,馬齢,,
432(+2),52.0,,新潟,PASS_HTML,1000,1,pw01dud102023105102/0B,ダイユウヴェンティ,9,▲石田 拓郎,33.2,,07,02,10,3歳,未勝利,2026-08-15,pw01sde1004202602071120260815,3歳未勝利,11,（混合）［指定］,,17時55分,牝3,https://www.jra.go.jp/JRADB/accessS.html?CNAME=pw01sde1004202602071120260815%2FCA,芝,0:55.9,良,松永 康利,晴,馬齢,,
418(-2),53.0,,新潟,PASS_HTML,1000,2,pw01dud102023107213/9D,ソレム,10,△石神 深道,33.2,１ 1/4,07,02,2,3歳,未勝利,2026-08-15,pw01sde1004202602071120260815,3歳未勝利,11,（混合）［指定］,,17時55分,牝3,https://www.jra.go.jp/JRADB/accessS.html?CNAME=pw01sde1004202602071120260815%2FCA,芝,0:56.1,良,稲垣 幸雄,晴,馬齢,,
452(-6),55.0,,新潟,PASS_HTML,1000,3,pw01dud102023105751/0E,ラウンドヒル,18,三浦 皇成,33.9,１／２,07,02,1,3歳,未勝利,2026-08-15,pw01sde1004202602071120260815,3歳未勝利,11,（混合）［指定］,,17時55分,牝3,https://www.jra.go.jp/JRADB/accessS.html?CNAME=pw01sde1004202602071120260815%2FCA,芝,0:56.2,良,田島 俊明,晴,馬齢,,
410(-14),55.0,,新潟,PASS_HTML,1000,4,pw01dud102023103934/CB,ルディドゥゲンジ,16,杉原 誠人,33.9,１ 1/2,07,02,4,3歳,未勝利,2026-08-15,pw01sde1004202602071120260815,3歳未勝利,11,（混合）［指定］,,17時55分,牝3,https://www.jra.go.jp/JRADB/accessS.html?CNAME=pw01sde1004202602071120260815%2FCA,芝,0:56.4,良,蛯名 利弘,晴,馬齢,,
434(+14),55.0,,新潟,PASS_HTML,1000,5,pw01dud102023106429/D2,メーレスブリーゼ,8,武藤 雅,33.3,１ 1/4,07,02,15,3歳,未勝利,2026-08-15,pw01sde1004202602071120260815,3歳未勝利,11,（混合）［指定］,,17時55分,牝3,https://www.jra.go.jp/JRADB/accessS.html?CNAME=pw01sde1004202602071120260815%2FCA,芝,0:56.6,良,水野 貴広,晴,馬齢,,
498(+20),52.0,,新潟,PASS_HTML,1000,6,pw01dud102023103571/EE,メインテーマ,15,▲佐藤 翔馬,33.8,アタマ,07,02,5,3歳,未勝利,2026-08-15,pw01sde1004202602071120260815,3歳未勝利,11,（混合）［指定］,,17時55分,牝3,https://www.jra.go.jp/JRADB/accessS.html?CNAME=pw01sde1004202602071120260815%2FCA,芝,0:56.6,良,小手川 準,晴,馬齢,,
432(0),55.0,,新潟,PASS_HTML,1000,7,pw01dud102023102342/E0,コンフィアンサ,2,津村 明秀,34.4,１ 1/4,07,02,3,3歳,未勝利,2026-08-15,pw01sde1004202602071120260815,3歳未勝利,11,（混合）［指定］,,17時55分,牝3,https://www.jra.go.jp/JRADB/accessS.html?CNAME=pw01sde1004202602071120260815%2FCA,芝,0:56.8,良,菊川 正達,晴,馬齢,,
450(+2),57.0,,新潟,PASS_HTML,1000,8,pw01dud102023106437/FC,リュウセイコウテイ,6,戸崎 圭太,33.7,クビ,07,02,7,3歳,未勝利,2026-08-15,pw01sde1004202602071120260815,3歳未勝利,11,（混合）［指定］,,17時55分,牡3,https://www.jra.go.jp/JRADB/accessS.html?CNAME=pw01sde1004202602071120260815%2FCA,芝,0:56.9,良,奥平 雅士,晴,馬齢,,
416(+8),55.0,,新潟,PASS_HTML,1000,9,pw01dud102023101483/D5,シャルマンナナ,11,柴田 大知,33.0,クビ,07,02,6,3歳,未勝利,2026-08-15,pw01sde1004202602071120260815,3歳未勝利,11,（混合）［指定］,,17時55分,牝3,https://www.jra.go.jp/JRADB/accessS.html?CNAME=pw01sde1004202602071120260815%2FCA,芝,0:56.9,良,矢嶋 大樹,晴,馬齢,,
468(0),52.0,,新潟,PASS_HTML,1000,10,pw01dud102023103663/F5,ユアベストダンサー,14,▲上里 直汰,34.0,３／４,07,02,17,3歳,未勝利,2026-08-15,pw01sde1004202602071120260815,3歳未勝利,11,（混合）［指定］,,17時55分,牝3,https://www.jra.go.jp/JRADB/accessS.html?CNAME=pw01sde1004202602071120260815%2FCA,芝,0:57.0,良,松尾 卓哉,晴,馬齢,,
448(+4),57.0,,新潟,PASS_HTML,1000,11,pw01dud102023106608/A1,エレクトロン,13,江田 照男,33.2,ハナ,07,02,9,3歳,未勝利,2026-08-15,pw01sde1004202602071120260815,3歳未勝利,11,（混合）［指定］,,17時55分,牡3,https://www.jra.go.jp/JRADB/accessS.html?CNAME=pw01sde1004202602071120260815%2FCA,芝,0:57.0,良,佐藤 吉勝,晴,馬齢,,
424(+6),53.0,,新潟,PASS_HTML,1000,12,pw01dud102023105567/6E,ミヤカグラ,3,◇今村 聖奈,34.7,１,07,02,14,3歳,未勝利,2026-08-15,pw01sde1004202602071120260815,3歳未勝利,11,（混合）［指定］,,17時55分,牝3,https://www.jra.go.jp/JRADB/accessS.html?CNAME=pw01sde1004202602071120260815%2FCA,芝,0:57.2,良,中舘 英二,晴,馬齢,,
428(+2),55.0,,新潟,PASS_HTML,1000,13,pw01dud102023105725/AA,スタンダールロマン,7,松岡 正海,34.4,１／２,07,02,16,3歳,未勝利,2026-08-15,pw01sde1004202602071120260815,3歳未勝利,11,（混合）［指定］,,17時55分,牝3,https://www.jra.go.jp/JRADB/accessS.html?CNAME=pw01sde1004202602071120260815%2FCA,芝,0:57.3,良,堀内 岳志,晴,馬齢,,
438(+2),55.0,,新潟,PASS_HTML,1000,14,pw01dud102023100290/3B,リナシタ,12,石川 裕紀人,33.4,１ 1/4,07,02,8,3歳,未勝利,2026-08-15,pw01sde1004202602071120260815,3歳未勝利,11,（混合）［指定］,,17時55分,牝3,https://www.jra.go.jp/JRADB/accessS.html?CNAME=pw01sde1004202602071120260815%2FCA,芝,0:57.5,良,清水 英克,晴,馬齢,,
428(-4),55.0,,新潟,PASS_HTML,1000,15,pw01dud102023103728/25,ジーティーソレイユ,1,丸田 恭介,34.4,１,07,02,12,3歳,未勝利,2026-08-15,pw01sde1004202602071120260815,3歳未勝利,11,（混合）［指定］,,17時55分,牝3,https://www.jra.go.jp/JRADB/accessS.html?CNAME=pw01sde1004202602071120260815%2FCA,芝,0:57.6,良,千葉 直人,晴,馬齢,,
488(+4),57.0,,新潟,PASS_HTML,1000,16,pw01dud102023107249/7F,スーホ,4,石橋 脩,34.9,１ 1/4,07,02,11,3歳,未勝利,2026-08-15,pw01sde1004202602071120260815,3歳未勝利,11,（混合）［指定］,,17時55分,牡3,https://www.jra.go.jp/JRADB/accessS.html?CNAME=pw01sde1004202602071120260815%2FCA,芝,0:57.8,良,上原 佑紀,晴,馬齢,,
470(-7),57.0,,新潟,PASS_HTML,1000,17,pw01dud102023106062/29,アルティーノ,5,川須 栄彦,33.9,１ 1/4,07,02,18,3歳,未勝利,2026-08-15,pw01sde1004202602071120260815,3歳未勝利,11,（混合）［指定］,,17時55分,牡3,https://www.jra.go.jp/JRADB/accessS.html?CNAME=pw01sde1004202602071120260815%2FCA,芝,0:58.0,良,伊坂 重信,晴,馬齢,,
432(+4),55.0,,新潟,PASS_HTML,1000,18,pw01dud102023100890/61,カゼノオモイデ,17,丸山 元気,35.8,４,07,02,13,3歳,未勝利,2026-08-15,pw01sde1004202602071120260815,3歳未勝利,11,（混合）［指定］,,17時55分,牝3,https://www.jra.go.jp/JRADB/accessS.html?CNAME=pw01sde1004202602071120260815%2FCA,芝,0:58.7,良,佐藤 吉勝,晴,馬齢,,
442(+12),52.0,14  14  14  14,新潟,PASS_HTML,2000,1,pw01dud102023100812/C7,カドドゥディエ,4,▲上里 直汰,34.7,,07,02,4,3歳,未勝利,2026-08-15,pw01sde1004202602071220260815,3歳未勝利,12,（混合）［指定］,,18時20分,牝3,https://www.jra.go.jp/JRADB/accessS.html?CNAME=pw01sde1004202602071220260815%2F7F,芝,2:00.2,良,西田 雄一郎,晴,馬齢,,
468(-2),57.0,8  7  6  6,新潟,PASS_HTML,2000,2,pw01dud102023103447/3F,セキテイリノ,13,江田 照男,35.3,３／４,07,02,2,3歳,未勝利,2026-08-15,pw01sde1004202602071220260815,3歳未勝利,12,（混合）［指定］,,18時20分,牡3,https://www.jra.go.jp/JRADB/accessS.html?CNAME=pw01sde1004202602071220260815%2F7F,芝,2:00.3,良,田中 剛,晴,馬齢,,
422(-2),55.0,3  3  3  3,新潟,PASS_HTML,2000,3,pw01dud102023106463/60,ラグアイリータ,5,津村 明秀,35.8,１ 1/4,07,02,9,3歳,未勝利,2026-08-15,pw01sde1004202602071220260815,3歳未勝利,12,（混合）［指定］,,18時20分,牝3,https://www.jra.go.jp/JRADB/accessS.html?CNAME=pw01sde1004202602071220260815%2F7F,芝,2:00.5,良,岩戸 孝樹,晴,馬齢,,
418(-8),52.0,15  14  14  14,新潟,PASS_HTML,2000,4,pw01dud102023103321/3C,キコリータ,8,▲石田 拓郎,35.2,１ 1/4,07,02,6,3歳,未勝利,2026-08-15,pw01sde1004202602071220260815,3歳未勝利,12,（混合）［指定］,,18時20分,牝3,https://www.jra.go.jp/JRADB/accessS.html?CNAME=pw01sde1004202602071220260815%2F7F,芝,2:00.7,良,田中 勝春,晴,馬齢,,
440(+2),57.0,11  10  9  9,新潟,PASS_HTML,2000,5,pw01dud102023107335/D4,エラガバリウム,17,丸山 元気,35.4,ハナ,07,02,5,3歳,未勝利,2026-08-15,pw01sde1004202602071220260815,3歳未勝利,12,（混合）［指定］,,18時20分,せん3,https://www.jra.go.jp/JRADB/accessS.html?CNAME=pw01sde1004202602071220260815%2F7F,芝,2:00.7,良,千葉 直人,晴,馬齢,,
430(0),55.0,5  5  6  6,新潟,PASS_HTML,2000,6,pw01dud102023101048/10,アドマイヤフク,10,松岡 正海,35.8,クビ,07,02,13,3歳,未勝利,2026-08-15,pw01sde1004202602071220260815,3歳未勝利,12,（混合）［指定］,,18時20分,牝3,https://www.jra.go.jp/JRADB/accessS.html?CNAME=pw01sde1004202602071220260815%2F7F,芝,2:00.7,良,加藤 征弘,晴,馬齢,,
462(0),55.0,1  1  1  1,新潟,PASS_HTML,2000,7,pw01dud102023102008/BF,ソニックブーム,1,戸崎 圭太,36.5,クビ,07,02,7,3歳,未勝利,2026-08-15,pw01sde1004202602071220260815,3歳未勝利,12,（混合）［指定］,,18時20分,牝3,https://www.jra.go.jp/JRADB/accessS.html?CNAME=pw01sde1004202602071220260815%2F7F,芝,2:00.8,良,柴田 卓,晴,馬齢,,
450(+2),55.0,11  12  2  2,新潟,PASS_HTML,2000,8,pw01dud102023102941/93,フォーエバーラブ,18,△石神 深道,36.4,１／２,07,02,11,3歳,未勝利,2026-08-15,pw01sde1004202602071220260815,3歳未勝利,12,（混合）［指定］,,18時20分,牡3,https://www.jra.go.jp/JRADB/accessS.html?CNAME=pw01sde1004202602071220260815%2F7F,芝,2:00.8,良,金成 貴史,晴,馬齢,,
442(-2),55.0,8  9  9  9,新潟,PASS_HTML,2000,9,pw01dud102023100186/AC,セレスティアハート,9,野中 悠太郎,35.7,クビ,07,02,17,3歳,未勝利,2026-08-15,pw01sde1004202602071220260815,3歳未勝利,12,（混合）［指定］,,18時20分,牝3,https://www.jra.go.jp/JRADB/accessS.html?CNAME=pw01sde1004202602071220260815%2F7F,芝,2:00.9,良,的場 均,晴,馬齢,,
418(+5),55.0,5  5  6  6,新潟,PASS_HTML,2000,10,pw01dud102023106482/0D,コスモペンタス,12,柴田 大知,36.0,クビ,07,02,14,3歳,未勝利,2026-08-15,pw01sde1004202602071220260815,3歳未勝利,12,（混合）［指定］,,18時20分,牝3,https://www.jra.go.jp/JRADB/accessS.html?CNAME=pw01sde1004202602071220260815%2F7F,芝,2:00.9,良,西田 雄一郎,晴,馬齢,,
438(初出走),57.0,11  12  13  13,新潟,PASS_HTML,2000,11,pw01dud102023105014/D0,イノーマル,3,三浦 皇成,35.7,１ 1/4,07,02,3,3歳,未勝利,2026-08-15,pw01sde1004202602071220260815,3歳未勝利,12,（混合）［指定］,,18時20分,牡3,https://www.jra.go.jp/JRADB/accessS.html?CNAME=pw01sde1004202602071220260815%2F7F,芝,2:01.1,良,高柳 瑞樹,晴,馬齢,,
464(0),55.0,8  10  9  9,新潟,PASS_HTML,2000,12,pw01dud102023102389/45,アマンヘセル,15,田辺 裕信,35.9,ハナ,07,02,1,3歳,未勝利,2026-08-15,pw01sde1004202602071220260815,3歳未勝利,12,（混合）［指定］,,18時20分,牝3,https://www.jra.go.jp/JRADB/accessS.html?CNAME=pw01sde1004202602071220260815%2F7F,芝,2:01.1,良,蛯名 正義,晴,馬齢,,
442(0),55.0,7  7  9  9,新潟,PASS_HTML,2000,13,pw01dud102023100312/D2,キリスパークル,14,石橋 脩,36.0,クビ,07,02,16,3歳,未勝利,2026-08-15,pw01sde1004202602071220260815,3歳未勝利,12,（混合）［指定］,,18時20分,牝3,https://www.jra.go.jp/JRADB/accessS.html?CNAME=pw01sde1004202602071220260815%2F7F,芝,2:01.2,良,勢司 和浩,晴,馬齢,,
444(-14),53.0,16  17  17  16,新潟,PASS_HTML,2000,14,pw01dud102023106145/93,スノーエルヴァ,11,◇今村 聖奈,35.3,１ 1/4,07,02,10,3歳,未勝利,2026-08-15,pw01sde1004202602071220260815,3歳未勝利,12,（混合）［指定］,,18時20分,牝3,https://www.jra.go.jp/JRADB/accessS.html?CNAME=pw01sde1004202602071220260815%2F7F,芝,2:01.4,良,中舘 英二,晴,馬齢,,
446(+16),55.0,3  4  3  3,新潟,PASS_HTML,2000,15,pw01dud102023106236/27,ナムラオリガミ,6,小崎 綾也,36.7,１／２,07,02,8,3歳,未勝利,2026-08-15,pw01sde1004202602071220260815,3歳未勝利,12,（混合）［指定］,,18時20分,牝3,https://www.jra.go.jp/JRADB/accessS.html?CNAME=pw01sde1004202602071220260815%2F7F,芝,2:01.5,良,高橋 一哉,晴,馬齢,,
428(-2),55.0,2  2  3  3,新潟,PASS_HTML,2000,16,pw01dud102023107282/9A,モーブプリエール,7,杉原 誠人,37.0,１ 3/4,07,02,15,3歳,未勝利,2026-08-15,pw01sde1004202602071220260815,3歳未勝利,12,（混合）［指定］,,18時20分,牝3,https://www.jra.go.jp/JRADB/accessS.html?CNAME=pw01sde1004202602071220260815%2F7F,芝,2:01.8,良,鈴木 慎太郎,晴,馬齢,,
488(+1),57.0,16  16  16  16,新潟,PASS_HTML,2000,17,pw01dud102023104379/13,サマーナジュム,2,石川 裕紀人,36.9,６,07,02,12,3歳,未勝利,2026-08-15,pw01sde1004202602071220260815,3歳未勝利,12,（混合）［指定］,,18時20分,牡3,https://www.jra.go.jp/JRADB/accessS.html?CNAME=pw01sde1004202602071220260815%2F7F,芝,2:02.8,良,角田 晃一,晴,馬齢,,
528(-4),54.0,18  18  18  18,新潟,PASS_HTML,2000,18,pw01dud102023100893/BA,モストロ,16,▲佐藤 翔馬,35.7,５,07,02,18,3歳,未勝利,2026-08-15,pw01sde1004202602071220260815,3歳未勝利,12,（混合）［指定］,,18時20分,牡3,https://www.jra.go.jp/JRADB/accessS.html?CNAME=pw01sde1004202602071220260815%2F7F,芝,2:03.6,良,勢司 和浩,晴,馬齢,,
448(0),55.0,1  1,新潟,QUARANTINED_HTML:track_condition,1200,1,pw01dud102024106284/1D,ラキアーヴェ,3,戸崎 圭太,38.1,,08,02,2,2歳,未勝利,2026-08-16,pw01sde1004202602080320260816,2歳未勝利,03,（混合）［指定］,,10時40分,牝2,https://www.jra.go.jp/JRADB/accessS.html?CNAME=pw01sde1004202602080320260816%2F12,ダート,1:12.3,,加藤 士津八,晴,馬齢,,
434(0),55.0,2  2,新潟,QUARANTINED_HTML:track_condition,1200,2,pw01dud102024101054/E0,イリスロッソ,8,吉田 豊,38.0,クビ,08,02,3,2歳,未勝利,2026-08-16,pw01sde1004202602080320260816,2歳未勝利,03,（混合）［指定］,,10時40分,牝2,https://www.jra.go.jp/JRADB/accessS.html?CNAME=pw01sde1004202602080320260816%2F12,ダート,1:12.3,,伊坂 重信,晴,馬齢,,
434(+8),55.0,3  3,新潟,QUARANTINED_HTML:track_condition,1200,3,pw01dud102024100292/AD,マリノエスプレッソ,10,田辺 裕信,38.2,２ 1/2,08,02,8,2歳,未勝利,2026-08-16,pw01sde1004202602080320260816,2歳未勝利,03,（混合）［指定］,,10時40分,牝2,https://www.jra.go.jp/JRADB/accessS.html?CNAME=pw01sde1004202602080320260816%2F12,ダート,1:12.8,,村田 一誠,晴,馬齢,,
462(+8),55.0,4  3,新潟,QUARANTINED_HTML:track_condition,1200,4,pw01dud102024101581/AC,アレックスケー,6,石橋 脩,38.4,２ 1/2,08,02,1,2歳,未勝利,2026-08-16,pw01sde1004202602080320260816,2歳未勝利,03,（混合）［指定］,,10時40分,牡2,https://www.jra.go.jp/JRADB/accessS.html?CNAME=pw01sde1004202602080320260816%2F12,ダート,1:13.2,,小野 次郎,晴,馬齢,,
516(+14),55.0,4  5,新潟,QUARANTINED_HTML:track_condition,1200,5,pw01dud102024105548/4D,キュータンチャン,7,菊沢 一樹,38.5,３／４,08,02,5,2歳,未勝利,2026-08-16,pw01sde1004202602080320260816,2歳未勝利,03,（混合）［指定］,,10時40分,牡2,https://www.jra.go.jp/JRADB/accessS.html?CNAME=pw01sde1004202602080320260816%2F12,ダート,1:13.3,,尾形 和幸,晴,馬齢,,
426(+2),55.0,10  10,新潟,QUARANTINED_HTML:track_condition,1200,6,pw01dud102024104736/CA,パルセノスミハ,5,江田 照男,37.7,２,08,02,9,2歳,未勝利,2026-08-16,pw01sde1004202602080320260816,2歳未勝利,03,（混合）［指定］,,10時40分,牝2,https://www.jra.go.jp/JRADB/accessS.html?CNAME=pw01sde1004202602080320260816%2F12,ダート,1:13.7,,菊川 正達,晴,馬齢,,
444(+2),52.0,14  13,新潟,QUARANTINED_HTML:track_condition,1200,7,pw01dud102024102636/BB,リコルディオーロ,14,▲佐藤 翔馬,37.3,クビ,08,02,4,2歳,未勝利,2026-08-16,pw01sde1004202602080320260816,2歳未勝利,03,（混合）［指定］,,10時40分,牡2,https://www.jra.go.jp/JRADB/accessS.html?CNAME=pw01sde1004202602080320260816%2F12,ダート,1:13.7,,伊藤 圭三,晴,馬齢,,
532(-8),55.0,8  8,新潟,QUARANTINED_HTML:track_condition,1200,8,pw01dud102024105391/16,セイウンガジュマル,4,杉原 誠人,38.2,クビ,08,02,7,2歳,未勝利,2026-08-16,pw01sde1004202602080320260816,2歳未勝利,03,（混合）［指定］,,10時40分,牡2,https://www.jra.go.jp/JRADB/accessS.html?CNAME=pw01sde1004202602080320260816%2F12,ダート,1:13.8,,牧 光二,晴,馬齢,,
482(-2),55.0,10  11,新潟,QUARANTINED_HTML:track_condition,1200,9,pw01dud102024102201/88,アイアムキレマスネ,13,津村 明秀,38.3,４,08,02,12,2歳,未勝利,2026-08-16,pw01sde1004202602080320260816,2歳未勝利,03,（混合）［指定］,,10時40分,牡2,https://www.jra.go.jp/JRADB/accessS.html?CNAME=pw01sde1004202602080320260816%2F12,ダート,1:14.4,,奥平 雅士,晴,馬齢,,
436(-2),55.0,7  7,新潟,QUARANTINED_HTML:track_condition,1200,10,pw01dud102024100877/F2,サザンヴィターレ,1,野中 悠太郎,39.3,クビ,08,02,6,2歳,未勝利,2026-08-16,pw01sde1004202602080320260816,2歳未勝利,03,（混合）［指定］,,10時40分,牝2,https://www.jra.go.jp/JRADB/accessS.html?CNAME=pw01sde1004202602080320260816%2F12,ダート,1:14.5,,栗田 徹,晴,馬齢,,
442(+10),52.0,13  13,新潟,QUARANTINED_HTML:track_condition,1200,11,pw01dud102024102820/5B,ブラボーワン,9,▲石田 拓郎,38.3,クビ,08,02,13,2歳,未勝利,2026-08-16,pw01sde1004202602080320260816,2歳未勝利,03,（混合）［指定］,,10時40分,牡2,https://www.jra.go.jp/JRADB/accessS.html?CNAME=pw01sde1004202602080320260816%2F12,ダート,1:14.5,,相沢 郁,晴,馬齢,,
462(-4),52.0,4  5,新潟,QUARANTINED_HTML:track_condition,1200,12,pw01dud102024101902/63,レオライジング,12,▲上里 直汰,40.2,３,08,02,15,2歳,未勝利,2026-08-16,pw01sde1004202602080320260816,2歳未勝利,03,（混合）［指定］,,10時40分,牝2,https://www.jra.go.jp/JRADB/accessS.html?CNAME=pw01sde1004202602080320260816%2F12,ダート,1:15.0,,杉浦 宏昭,晴,馬齢,,
474(-2),53.0,9  9,新潟,QUARANTINED_HTML:track_condition,1200,13,pw01dud102024103242/2A,エリンヘラクレス,11,△石神 深道,39.1,ハナ,08,02,10,2歳,未勝利,2026-08-16,pw01sde1004202602080320260816,2歳未勝利,03,（混合）［指定］,,10時40分,牡2,https://www.jra.go.jp/JRADB/accessS.html?CNAME=pw01sde1004202602080320260816%2F12,ダート,1:15.0,,清水 英克,晴,馬齢,,
448(+4),51.0,10  11,新潟,QUARANTINED_HTML:track_condition,1200,14,pw01dud102024100285/F6,ラヴァブルロマン,2,★谷原 柚希,39.8,５,08,02,11,2歳,未勝利,2026-08-16,pw01sde1004202602080320260816,2歳未勝利,03,（混合）［指定］,,10時40分,牝2,https://www.jra.go.jp/JRADB/accessS.html?CNAME=pw01sde1004202602080320260816%2F12,ダート,1:15.8,,伊藤 圭三,晴,馬齢,,
438(+6),55.0,15  15,新潟,QUARANTINED_HTML:track_condition,1200,15,pw01dud102024109020/5C,アップルザビート,15,松岡 正海,39.8,４,08,02,14,2歳,未勝利,2026-08-16,pw01sde1004202602080320260816,2歳未勝利,03,（混合）［指定］,,10時40分,牡2,https://www.jra.go.jp/JRADB/accessS.html?CNAME=pw01sde1004202602080320260816%2F12,ダート,1:16.5,,本間 忍,晴,馬齢,,
470(+2),55.0,11  11  1  1,新潟,PASS_HTML,2400,1,pw01dud102023105552/1F,ベルトラッキ,5,△石神 深道,35.6,,08,02,4,3歳,未勝利,2026-08-16,pw01sde1004202602080220260816,3歳未勝利,02,[指定],,10時10分,牡3,https://www.jra.go.jp/JRADB/accessS.html?CNAME=pw01sde1004202602080220260816%2F5D,芝,2:25.4,良,加藤 士津八,晴,馬齢,,
502(-4),57.0,4  4  2  2,新潟,PASS_HTML,2400,2,pw01dud102023107195/D2,ゾネブルーム,15,丸山 元気,36.1,５,08,02,1,3歳,未勝利,2026-08-16,pw01sde1004202602080220260816,3歳未勝利,02,[指定],,10時10分,牡3,https://www.jra.go.jp/JRADB/accessS.html?CNAME=pw01sde1004202602080220260816%2F5D,芝,2:26.2,良,矢嶋 大樹,晴,馬齢,,
430(-6),57.0,13  12  13  13,新潟,PASS_HTML,2400,3,pw01dud102023106182/7A,サヴマ,3,菊沢 一樹,35.6,１／２,08,02,5,3歳,未勝利,2026-08-16,pw01sde1004202602080220260816,3歳未勝利,02,[指定],,10時10分,牡3,https://www.jra.go.jp/JRADB/accessS.html?CNAME=pw01sde1004202602080220260816%2F5D,芝,2:26.3,良,辻 哲英,晴,馬齢,,
442(-10),57.0,8  8  9  5,新潟,PASS_HTML,2400,4,pw01dud102023103506/BD,レイランディ,4,川須 栄彦,35.8,ハナ,08,02,16,3歳,未勝利,2026-08-16,pw01sde1004202602080220260816,3歳未勝利,02,[指定],,10時10分,牡3,https://www.jra.go.jp/JRADB/accessS.html?CNAME=pw01sde1004202602080220260816%2F5D,芝,2:26.3,良,古賀 慎明,晴,馬齢,,
428(0),57.0,16  15  13  10,新潟,PASS_HTML,2400,5,pw01dud102023103743/06,シャリキモン,11,三浦 皇成,35.7,３／４,08,02,10,3歳,未勝利,2026-08-16,pw01sde1004202602080220260816,3歳未勝利,02,[指定],,10時10分,牡3,https://www.jra.go.jp/JRADB/accessS.html?CNAME=pw01sde1004202602080220260816%2F5D,芝,2:26.4,良,吉田 直弘,晴,馬齢,,
472(-4),57.0,15  15  16  14,新潟,PASS_HTML,2400,6,pw01dud102023102333/43,ゴールドエンバー,12,木幡 初也,35.5,１／２,08,02,6,3歳,未勝利,2026-08-16,pw01sde1004202602080220260816,3歳未勝利,02,[指定],,10時10分,牡3,https://www.jra.go.jp/JRADB/accessS.html?CNAME=pw01sde1004202602080220260816%2F5D,芝,2:26.5,良,竹内 正洋,晴,馬齢,,
398(+6),55.0,8  8  9  10,新潟,PASS_HTML,2400,7,pw01dud102023106811/EE,アルティマローネ,14,戸崎 圭太,36.3,２,08,02,2,3歳,未勝利,2026-08-16,pw01sde1004202602080220260816,3歳未勝利,02,[指定],,10時10分,牝3,https://www.jra.go.jp/JRADB/accessS.html?CNAME=pw01sde1004202602080220260816%2F5D,芝,2:26.8,良,武市 康男,晴,馬齢,,
508(-6),57.0,17  15  6  9,新潟,PASS_HTML,2400,8,pw01dud102023102358/A2,ラウターユーベル,7,丸田 恭介,36.6,１ 1/4,08,02,8,3歳,未勝利,2026-08-16,pw01sde1004202602080220260816,3歳未勝利,02,[指定],,10時10分,牡3,https://www.jra.go.jp/JRADB/accessS.html?CNAME=pw01sde1004202602080220260816%2F5D,芝,2:27.0,良,青木 孝文,晴,馬齢,,
464(+2),57.0,3  3  5  2,新潟,PASS_HTML,2400,9,pw01dud102023102937/35,アイスアイスベイビ,6,杉原 誠人,36.9,１／２,08,02,7,3歳,未勝利,2026-08-16,pw01sde1004202602080220260816,3歳未勝利,02,[指定],,10時10分,牡3,https://www.jra.go.jp/JRADB/accessS.html?CNAME=pw01sde1004202602080220260816%2F5D,芝,2:27.1,良,岩戸 孝樹,晴,馬齢,,
510(+4),57.0,8  8  9  10,新潟,PASS_HTML,2400,10,pw01dud102023107061/A5,ヨーゼフ,13,武藤 雅,36.7,１,08,02,14,3歳,未勝利,2026-08-16,pw01sde1004202602080220260816,3歳未勝利,02,[指定],,10時10分,牡3,https://www.jra.go.jp/JRADB/accessS.html?CNAME=pw01sde1004202602080220260816%2F5D,芝,2:27.2,良,戸田 博文,晴,馬齢,,
468(+4),55.0,5  5  6  5,新潟,PASS_HTML,2400,11,pw01dud102023105305/C6,コンティ,8,津村 明秀,37.5,３ 1/2,08,02,3,3歳,未勝利,2026-08-16,pw01sde1004202602080220260816,3歳未勝利,02,[指定],,10時10分,牝3,https://www.jra.go.jp/JRADB/accessS.html?CNAME=pw01sde1004202602080220260816%2F5D,芝,2:27.8,良,黒岩 陽一,晴,馬齢,,
446(-4),57.0,13  12  15  14,新潟,PASS_HTML,2400,12,pw01dud102023100512/34,ノアソノマ,9,小林 脩斗,37.0,ハナ,08,02,17,3歳,未勝利,2026-08-16,pw01sde1004202602080220260816,3歳未勝利,02,[指定],,10時10分,せん3,https://www.jra.go.jp/JRADB/accessS.html?CNAME=pw01sde1004202602080220260816%2F5D,芝,2:27.8,良,武藤 善則,晴,馬齢,,
434(0),55.0,5  5  6  5,新潟,PASS_HTML,2400,13,pw01dud102023101588/45,フライングビーナス,10,小崎 綾也,38.3,５,08,02,12,3歳,未勝利,2026-08-16,pw01sde1004202602080220260816,3歳未勝利,02,[指定],,10時10分,牝3,https://www.jra.go.jp/JRADB/accessS.html?CNAME=pw01sde1004202602080220260816%2F5D,芝,2:28.6,良,田中 博康,晴,馬齢,,
500(0),55.0,1  1  2  2,新潟,PASS_HTML,2400,14,pw01dud102023103579/86,アグアフレスカ,1,松岡 正海,38.6,アタマ,08,02,9,3歳,未勝利,2026-08-16,pw01sde1004202602080220260816,3歳未勝利,02,[指定],,10時10分,牝3,https://www.jra.go.jp/JRADB/accessS.html?CNAME=pw01sde1004202602080220260816%2F5D,芝,2:28.6,良,稲垣 幸雄,晴,馬齢,,
434(-2),54.0,2  2  2  5,新潟,PASS_HTML,2400,15,pw01dud102023103955/5E,ノブステップ,2,▲石田 拓郎,38.7,１,08,02,13,3歳,未勝利,2026-08-16,pw01sde1004202602080220260816,3歳未勝利,02,[指定],,10時10分,牡3,https://www.jra.go.jp/JRADB/accessS.html?CNAME=pw01sde1004202602080220260816%2F5D,芝,2:28.8,良,田中 勝春,晴,馬齢,,
500(+4),57.0,5  5  16  17,新潟,PASS_HTML,2400,16,pw01dud102023105330/B7,コスモメイウェザー,17,柴田 大知,41.1,大差,08,02,15,3歳,未勝利,2026-08-16,pw01sde1004202602080220260816,3歳未勝利,02,[指定],,10時10分,牡3,https://www.jra.go.jp/JRADB/accessS.html?CNAME=pw01sde1004202602080220260816%2F5D,芝,2:32.0,良,高木 登,晴,馬齢,,
474(+2),53.0,12  12  9  16,新潟,PASS_HTML,2400,17,pw01dud102023103905/0E,メジロピオラ,16,◇今村 聖奈,43.1,１０,08,02,11,3歳,未勝利,2026-08-16,pw01sde1004202602080220260816,3歳未勝利,02,[指定],,10時10分,牝3,https://www.jra.go.jp/JRADB/accessS.html?CNAME=pw01sde1004202602080220260816%2F5D,芝,2:33.6,良,武井 亮,晴,馬齢,,
522(+2),55.0,1  1,新潟,PASS_HTML,1800,1,pw01dud102023106960/FC,キシダンチョウ,10,津村 明秀,33.5,,08,02,2,3歳以上,1勝クラス,2026-08-16,pw01sde1004202602080520260816,3歳以上1勝クラス,05,（混合）［指定］,,11時40分,牡3,https://www.jra.go.jp/JRADB/accessS.html?CNAME=pw01sde1004202602080520260816%2F7C,芝,1:46.8,良,吉岡 辰弥,晴,定量,,
476(+4),56.0,2  2,新潟,PASS_HTML,1800,2,pw01dud102021104173/E7,デイジー,12,田辺 裕信,33.6,１ 1/2,08,02,5,3歳以上,1勝クラス,2026-08-16,pw01sde1004202602080520260816,3歳以上1勝クラス,05,（混合）［指定］,,11時40分,牝5,https://www.jra.go.jp/JRADB/accessS.html?CNAME=pw01sde1004202602080520260816%2F7C,芝,1:47.0,良,田中 勝春,晴,定量,,
446(+6),53.0,3  3,新潟,PASS_HTML,1800,3,pw01dud102023105650/6A,モントゥリエ,4,菊沢 一樹,33.4,ハナ,08,02,3,3歳以上,1勝クラス,2026-08-16,pw01sde1004202602080520260816,3歳以上1勝クラス,05,（混合）［指定］,,11時40分,牝3,https://www.jra.go.jp/JRADB/accessS.html?CNAME=pw01sde1004202602080520260816%2F7C,芝,1:47.0,良,中舘 英二,晴,定量,,
462(0),55.0,9  9,新潟,PASS_HTML,1800,4,pw01dud102023105324/73,ダノンファンスター,6,戸崎 圭太,33.1,クビ,08,02,1,3歳以上,1勝クラス,2026-08-16,pw01sde1004202602080520260816,3歳以上1勝クラス,05,（混合）［指定］,,11時40分,牡3,https://www.jra.go.jp/JRADB/accessS.html?CNAME=pw01sde1004202602080520260816%2F7C,芝,1:47.1,良,田中 博康,晴,定量,,
464(-4),55.0,11  11,新潟,PASS_HTML,1800,5,pw01dud102023102730/AE,ショウナンダイン,5,丸山 元気,33.0,１／２,08,02,7,3歳以上,1勝クラス,2026-08-16,pw01sde1004202602080520260816,3歳以上1勝クラス,05,（混合）［指定］,,11時40分,せん3,https://www.jra.go.jp/JRADB/accessS.html?CNAME=pw01sde1004202602080520260816%2F7C,芝,1:47.2,良,森 一誠,晴,定量,,
510(+10),58.0,3  3,新潟,PASS_HTML,1800,6,pw01dud102022104666/B1,カザンラク,11,三浦 皇成,33.6,アタマ,08,02,4,3歳以上,1勝クラス,2026-08-16,pw01sde1004202602080520260816,3歳以上1勝クラス,05,（混合）［指定］,,11時40分,牡4,https://www.jra.go.jp/JRADB/accessS.html?CNAME=pw01sde1004202602080520260816%2F7C,芝,1:47.2,良,嘉藤 貴行,晴,定量,,
480(+6),56.0,3  5,新潟,PASS_HTML,1800,7,pw01dud102022106832/F5,コスモキャバリエ,9,△石神 深道,33.7,１ 1/4,08,02,6,3歳以上,1勝クラス,2026-08-16,pw01sde1004202602080520260816,3歳以上1勝クラス,05,（混合）［指定］,,11時40分,牡4,https://www.jra.go.jp/JRADB/accessS.html?CNAME=pw01sde1004202602080520260816%2F7C,芝,1:47.4,良,室井 潔,晴,定量,,
484(-6),52.0,6  6,新潟,PASS_HTML,1800,8,pw01dud102023103552/41,ビルバンテ,2,▲石田 拓郎,33.5,クビ,08,02,10,3歳以上,1勝クラス,2026-08-16,pw01sde1004202602080520260816,3歳以上1勝クラス,05,（混合）［指定］,,11時40分,牡3,https://www.jra.go.jp/JRADB/accessS.html?CNAME=pw01sde1004202602080520260816%2F7C,芝,1:47.4,良,蛯名 正義,晴,定量,,
484(-10),55.0,6  6,新潟,PASS_HTML,1800,9,pw01dud102022101498/98,クモヒトツナイ,3,▲佐藤 翔馬,33.5,アタマ,08,02,9,3歳以上,1勝クラス,2026-08-16,pw01sde1004202602080520260816,3歳以上1勝クラス,05,（混合）［指定］,,11時40分,牡4,https://www.jra.go.jp/JRADB/accessS.html?CNAME=pw01sde1004202602080520260816%2F7C,芝,1:47.4,良,加藤 和宏,晴,定量,,
470(0),56.0,9  9,新潟,PASS_HTML,1800,10,pw01dud102022100106/A0,ペプロス,1,石橋 脩,33.5,１,08,02,11,3歳以上,1勝クラス,2026-08-16,pw01sde1004202602080520260816,3歳以上1勝クラス,05,（混合）［指定］,,11時40分,牝4,https://www.jra.go.jp/JRADB/accessS.html?CNAME=pw01sde1004202602080520260816%2F7C,芝,1:47.6,良,矢野 英一,晴,定量,,
470(-2),55.0,6  6,新潟,PASS_HTML,1800,11,pw01dud102023104488/E1,コーディアリー,8,柴田 大知,33.8,クビ,08,02,8,3歳以上,1勝クラス,2026-08-16,pw01sde1004202602080520260816,3歳以上1勝クラス,05,（混合）［指定］,,11時40分,牡3,https://www.jra.go.jp/JRADB/accessS.html?CNAME=pw01sde1004202602080520260816%2F7C,芝,1:47.6,良,天間 昭一,晴,定量,,
434(+6),56.0,11  11,新潟,PASS_HTML,1800,12,pw01dud102021101801/1B,ケイツールピア,7,松岡 正海,33.8,３,08,02,12,3歳以上,1勝クラス,2026-08-16,pw01sde1004202602080520260816,3歳以上1勝クラス,05,（混合）［指定］,,11時40分,牝5,https://www.jra.go.jp/JRADB/accessS.html?CNAME=pw01sde1004202602080520260816%2F7C,芝,1:48.1,良,蛯名 利弘,晴,定量,,
486(初出走),53.0,5  5,新潟,PASS_HTML,1600,1,pw01dud102024106413/9C,トップレイアー,9,◇今村 聖奈,33.0,,08,02,2,2歳,新馬,2026-08-16,pw01sde1004202602080420260816,メイクデビュー新潟,04,[指定],,11時10分,牡2,https://www.jra.go.jp/JRADB/accessS.html?CNAME=pw01sde1004202602080420260816%2FC7,芝,1:34.3,良,大久保 龍志,晴,馬齢,,
446(初出走),55.0,3  3,新潟,PASS_HTML,1600,2,pw01dud102024105759/32,ロインクロス,4,田辺 裕信,33.6,１ 3/4,08,02,3,2歳,新馬,2026-08-16,pw01sde1004202602080420260816,メイクデビュー新潟,04,[指定],,11時10分,牡2,https://www.jra.go.jp/JRADB/accessS.html?CNAME=pw01sde1004202602080420260816%2FC7,芝,1:34.6,良,中舘 英二,晴,馬齢,,
480(初出走),55.0,1  1,新潟,PASS_HTML,1600,3,pw01dud102024102735/79,ヨドノプレミアム,5,吉田 豊,34.3,２,08,02,9,2歳,新馬,2026-08-16,pw01sde1004202602080420260816,メイクデビュー新潟,04,[指定],,11時10分,牡2,https://www.jra.go.jp/JRADB/accessS.html?CNAME=pw01sde1004202602080420260816%2FC7,芝,1:34.9,良,菊川 正達,晴,馬齢,,
470(初出走),55.0,8  8,新潟,PASS_HTML,1600,4,pw01dud102024106621/28,マルスレジーナ,11,戸崎 圭太,33.2,１／２,08,02,1,2歳,新馬,2026-08-16,pw01sde1004202602080420260816,メイクデビュー新潟,04,[指定],,11時10分,牝2,https://www.jra.go.jp/JRADB/accessS.html?CNAME=pw01sde1004202602080420260816%2FC7,芝,1:35.0,良,森 一誠,晴,馬齢,,
416(初出走),55.0,10  10,新潟,PASS_HTML,1600,5,pw01dud102024102782/70,ビップラージャ,2,江田 照男,33.1,１／２,08,02,10,2歳,新馬,2026-08-16,pw01sde1004202602080420260816,メイクデビュー新潟,04,[指定],,11時10分,牡2,https://www.jra.go.jp/JRADB/accessS.html?CNAME=pw01sde1004202602080420260816%2FC7,芝,1:35.1,良,嘉藤 貴行,晴,馬齢,,
486(初出走),55.0,3  3,新潟,PASS_HTML,1600,6,pw01dud102024106361/D5,ダノンアズール,7,丸山 元気,34.4,１ 3/4,08,02,7,2歳,新馬,2026-08-16,pw01sde1004202602080420260816,メイクデビュー新潟,04,[指定],,11時10分,牡2,https://www.jra.go.jp/JRADB/accessS.html?CNAME=pw01sde1004202602080420260816%2FC7,芝,1:35.4,良,茶木 太樹,晴,馬齢,,
444(初出走),55.0,10  10,新潟,PASS_HTML,1600,7,pw01dud102024102097/68,パープルタウン,10,津村 明秀,33.8,２,08,02,6,2歳,新馬,2026-08-16,pw01sde1004202602080420260816,メイクデビュー新潟,04,[指定],,11時10分,牝2,https://www.jra.go.jp/JRADB/accessS.html?CNAME=pw01sde1004202602080420260816%2FC7,芝,1:35.8,良,鈴木 慎太郎,晴,馬齢,,
480(初出走),55.0,8  8,新潟,PASS_HTML,1600,8,pw01dud102024101781/0E,アルティシモ,1,三浦 皇成,34.3,１ 1/4,08,02,5,2歳,新馬,2026-08-16,pw01sde1004202602080420260816,メイクデビュー新潟,04,[指定],,11時10分,牡2,https://www.jra.go.jp/JRADB/accessS.html?CNAME=pw01sde1004202602080420260816%2FC7,芝,1:36.0,良,和田 正一郎,晴,馬齢,,
480(初出走),55.0,2  2,新潟,PASS_HTML,1600,9,pw01dud102024104688/CF,リキマル,6,藤懸 貴志,35.3,クビ,08,02,8,2歳,新馬,2026-08-16,pw01sde1004202602080420260816,メイクデビュー新潟,04,[指定],,11時10分,牡2,https://www.jra.go.jp/JRADB/accessS.html?CNAME=pw01sde1004202602080420260816%2FC7,芝,1:36.0,良,青木 孝文,晴,馬齢,,
442(初出走),55.0,5  7,新潟,PASS_HTML,1600,10,pw01dud102024106071/52,リアスブルー,12,菊沢 一樹,34.7,３／４,08,02,4,2歳,新馬,2026-08-16,pw01sde1004202602080420260816,メイクデビュー新潟,04,[指定],,11時10分,牝2,https://www.jra.go.jp/JRADB/accessS.html?CNAME=pw01sde1004202602080420260816%2FC7,芝,1:36.2,良,菊沢 隆徳,晴,馬齢,,
452(初出走),55.0,5  5,新潟,PASS_HTML,1600,11,pw01dud102024100566/DC,ノーブルミント,8,木幡 初也,35.7,５,08,02,12,2歳,新馬,2026-08-16,pw01sde1004202602080420260816,メイクデビュー新潟,04,[指定],,11時10分,牝2,https://www.jra.go.jp/JRADB/accessS.html?CNAME=pw01sde1004202602080420260816%2FC7,芝,1:37.0,良,粕谷 昌央,晴,馬齢,,
452(初出走),55.0,13  13,新潟,PASS_HTML,1600,12,pw01dud102024106768/BE,ラヴレイン,3,小崎 綾也,34.2,アタマ,08,02,11,2歳,新馬,2026-08-16,pw01sde1004202602080420260816,メイクデビュー新潟,04,[指定],,11時10分,牝2,https://www.jra.go.jp/JRADB/accessS.html?CNAME=pw01sde1004202602080420260816%2FC7,芝,1:37.0,良,松山 将樹,晴,馬齢,,
478(初出走),55.0,12  12,新潟,PASS_HTML,1600,13,pw01dud102024105344/1F,コスモデュアリズム,13,松岡 正海,35.1,２ 1/2,08,02,13,2歳,新馬,2026-08-16,pw01sde1004202602080420260816,メイクデビュー新潟,04,[指定],,11時10分,牡2,https://www.jra.go.jp/JRADB/accessS.html?CNAME=pw01sde1004202602080420260816%2FC7,芝,1:37.4,良,伊藤 伸一,晴,馬齢,,
550(-6),56.0,,新潟,PASS_HTML,1000,1,pw01dud102022100627/28,カウスリップ,8,津村 明秀,32.3,,08,02,1,3歳以上,3勝クラス,2026-08-16,pw01sde1004202602080620260816,稲妻ステークス,06,（混合）（特指）,,14時50分,牝4,https://www.jra.go.jp/JRADB/accessS.html?CNAME=pw01sde1004202602080620260816%2F31,芝,0:54.0,良,中舘 英二,晴,定量,,
494(+4),58.0,,新潟,PASS_HTML,1000,2,pw01dud102021103155/BE,メイショウキルギス,9,川須 栄彦,32.8,４,08,02,5,3歳以上,3勝クラス,2026-08-16,pw01sde1004202602080620260816,稲妻ステークス,06,（混合）（特指）,,14時50分,牡5,https://www.jra.go.jp/JRADB/accessS.html?CNAME=pw01sde1004202602080620260816%2F31,芝,0:54.7,良,高橋 亮,晴,定量,,
492(-2),58.0,,新潟,PASS_HTML,1000,3,pw01dud102018100442/84,モーデン,11,丸山 元気,32.4,クビ,08,02,4,3歳以上,3勝クラス,2026-08-16,pw01sde1004202602080620260816,稲妻ステークス,06,（混合）（特指）,,14時50分,牡8,https://www.jra.go.jp/JRADB/accessS.html?CNAME=pw01sde1004202602080620260816%2F31,芝,0:54.7,良,加藤 公太,晴,定量,,
456(-2),56.0,,新潟,PASS_HTML,1000,4,pw01dud102022102514/6C,ベイビーキッス,6,菊沢 一樹,33.2,２,08,02,2,3歳以上,3勝クラス,2026-08-16,pw01sde1004202602080620260816,稲妻ステークス,06,（混合）（特指）,,14時50分,牝4,https://www.jra.go.jp/JRADB/accessS.html?CNAME=pw01sde1004202602080620260816%2F31,芝,0:55.0,良,青木 孝文,晴,定量,,
494(-2),56.0,,新潟,PASS_HTML,1000,5,pw01dud102021105334/6B,トーアアイギス,1,江田 照男,32.8,クビ,08,02,12,3歳以上,3勝クラス,2026-08-16,pw01sde1004202602080620260816,稲妻ステークス,06,（混合）（特指）,,14時50分,牝5,https://www.jra.go.jp/JRADB/accessS.html?CNAME=pw01sde1004202602080620260816%2F31,芝,0:55.1,良,村田 一誠,晴,定量,,
486(-4),58.0,,新潟,PASS_HTML,1000,6,pw01dud102021100792/FE,スコーピオン,3,武藤 雅,33.0,１ 1/2,08,02,9,3歳以上,3勝クラス,2026-08-16,pw01sde1004202602080620260816,稲妻ステークス,06,（混合）（特指）,,14時50分,牡5,https://www.jra.go.jp/JRADB/accessS.html?CNAME=pw01sde1004202602080620260816%2F31,芝,0:55.3,良,武藤 善則,晴,定量,,
500(+2),58.0,,新潟,PASS_HTML,1000,7,pw01dud102020103284/20,トールキン,13,三浦 皇成,32.8,ハナ,08,02,6,3歳以上,3勝クラス,2026-08-16,pw01sde1004202602080620260816,稲妻ステークス,06,（混合）（特指）,,14時50分,牡6,https://www.jra.go.jp/JRADB/accessS.html?CNAME=pw01sde1004202602080620260816%2F31,芝,0:55.3,良,橋田 宜長,晴,定量,,
498(+10),58.0,,新潟,PASS_HTML,1000,8,pw01dud102022110108/54,エコロジーク,5,戸崎 圭太,33.5,１／２,08,02,7,3歳以上,3勝クラス,2026-08-16,pw01sde1004202602080620260816,稲妻ステークス,06,（混合）（特指）,,14時50分,牡4,https://www.jra.go.jp/JRADB/accessS.html?CNAME=pw01sde1004202602080620260816%2F31,芝,0:55.4,良,森 秀行,晴,定量,,
474(0),56.0,,新潟,PASS_HTML,1000,9,pw01dud102021100356/C6,クールベイビー,10,石橋 脩,33.9,３／４,08,02,3,3歳以上,3勝クラス,2026-08-16,pw01sde1004202602080620260816,稲妻ステークス,06,（混合）（特指）,,14時50分,牝5,https://www.jra.go.jp/JRADB/accessS.html?CNAME=pw01sde1004202602080620260816%2F31,芝,0:55.5,良,矢野 英一,晴,定量,,
442(-6),56.0,,新潟,PASS_HTML,1000,10,pw01dud102021104365/1F,リュウノタブーク,2,小崎 綾也,32.6,ハナ,08,02,13,3歳以上,3勝クラス,2026-08-16,pw01sde1004202602080620260816,稲妻ステークス,06,（混合）（特指）,,14時50分,牝5,https://www.jra.go.jp/JRADB/accessS.html?CNAME=pw01sde1004202602080620260816%2F31,芝,0:55.5,良,伊坂 重信,晴,定量,,
450(+6),56.0,,新潟,PASS_HTML,1000,11,pw01dud102022100648/BB,クーデール,7,藤懸 貴志,33.6,１,08,02,10,3歳以上,3勝クラス,2026-08-16,pw01sde1004202602080620260816,稲妻ステークス,06,（混合）（特指）,,14時50分,牝4,https://www.jra.go.jp/JRADB/accessS.html?CNAME=pw01sde1004202602080620260816%2F31,芝,0:55.7,良,坂口 智康,晴,定量,,
466(0),58.0,,新潟,PASS_HTML,1000,12,pw01dud102018103926/F2,ショウナンラスボス,4,野中 悠太郎,33.1,１ 1/2,08,02,11,3歳以上,3勝クラス,2026-08-16,pw01sde1004202602080620260816,稲妻ステークス,06,（混合）（特指）,,14時50分,牡8,https://www.jra.go.jp/JRADB/accessS.html?CNAME=pw01sde1004202602080620260816%2F31,芝,0:55.9,良,奥村 武,晴,定量,,
448(+8),58.0,,新潟,PASS_HTML,1000,13,pw01dud102022105537/B2,ポッドソル,12,今村 聖奈,33.4,ハナ,08,02,8,3歳以上,3勝クラス,2026-08-16,pw01sde1004202602080620260816,稲妻ステークス,06,（混合）（特指）,,14時50分,牡4,https://www.jra.go.jp/JRADB/accessS.html?CNAME=pw01sde1004202602080620260816%2F31,芝,0:55.9,良,手塚 貴徳,晴,定量,,
500(+10),56.0,2  2,新潟,QUARANTINED_HTML:track_condition,1200,1,pw01dud102021103812/7C,ワイワイレジェンド,11,田辺 裕信,36.7,,08,02,6,3歳以上,オープン,2026-08-16,pw01sde1004202602080720260816,NST賞,07,（国際）（特指）,102,15時25分,牡5,https://www.jra.go.jp/JRADB/accessS.html?CNAME=pw01sde1004202602080720260816%2FE6,ダート,1:10.4,,前川 恭子,晴,ハンデ,,
472(+6),55.0,7  7,新潟,QUARANTINED_HTML:track_condition,1200,2,pw01dud102021100161/35,ロードフロンティア,6,川須 栄彦,35.9,１ 1/2,08,02,5,3歳以上,オープン,2026-08-16,pw01sde1004202602080720260816,NST賞,07,（国際）（特指）,96,15時25分,牡5,https://www.jra.go.jp/JRADB/accessS.html?CNAME=pw01sde1004202602080720260816%2FE6,ダート,1:10.6,,松下 武士,晴,ハンデ,,
506(0),55.0,1  1,新潟,QUARANTINED_HTML:track_condition,1200,3,pw01dud102021100768/80,ジョーローリット,10,武藤 雅,37.2,１ 1/2,08,02,4,3歳以上,オープン,2026-08-16,pw01sde1004202602080720260816,NST賞,07,（国際）（特指）,93,15時25分,牝5,https://www.jra.go.jp/JRADB/accessS.html?CNAME=pw01sde1004202602080720260816%2FE6,ダート,1:10.9,,中竹 和也,晴,ハンデ,,
494(-6),58.0,6  5,新潟,QUARANTINED_HTML:track_condition,1200,4,pw01dud102020106557/A9,コンクイスタ,5,津村 明秀,36.4,ハナ,08,02,1,3歳以上,オープン,2026-08-16,pw01sde1004202602080720260816,NST賞,07,（国際）（特指）,99,15時25分,せん6,https://www.jra.go.jp/JRADB/accessS.html?CNAME=pw01sde1004202602080720260816%2FE6,ダート,1:10.9,,吉岡 辰弥,晴,ハンデ,,
524(+6),56.0,12  12,新潟,QUARANTINED_HTML:track_condition,1200,5,pw01dud102020102843/A4,アッチャゴーラ,7,小崎 綾也,35.7,１,08,02,7,3歳以上,オープン,2026-08-16,pw01sde1004202602080720260816,NST賞,07,（国際）（特指）,93,15時25分,牡6,https://www.jra.go.jp/JRADB/accessS.html?CNAME=pw01sde1004202602080720260816%2FE6,ダート,1:11.1,,浅利 英明,晴,ハンデ,,
484(+2),54.0,3  3,新潟,QUARANTINED_HTML:track_condition,1200,6,pw01dud102022110142/E2,ファムエレガンテ,2,菊沢 一樹,37.3,１,08,02,3,3歳以上,オープン,2026-08-16,pw01sde1004202602080720260816,NST賞,07,（国際）（特指）,87,15時25分,牝4,https://www.jra.go.jp/JRADB/accessS.html?CNAME=pw01sde1004202602080720260816%2FE6,ダート,1:11.2,,中村 直也,晴,ハンデ,,
466(+14),54.0,10  9,新潟,QUARANTINED_HTML:track_condition,1200,7,pw01dud102022104972/88,スリーピース,3,今村 聖奈,36.3,１ 3/4,08,02,11,3歳以上,オープン,2026-08-16,pw01sde1004202602080720260816,NST賞,07,（国際）（特指）,83,15時25分,せん4,https://www.jra.go.jp/JRADB/accessS.html?CNAME=pw01sde1004202602080720260816%2FE6,ダート,1:11.5,,武井 亮,晴,ハンデ,,
478(+2),53.0,15  14,新潟,QUARANTINED_HTML:track_condition,1200,8,pw01dud102019104385/34,カンパニョーラ,14,吉田 豊,35.8,アタマ,08,02,10,3歳以上,オープン,2026-08-16,pw01sde1004202602080720260816,NST賞,07,（国際）（特指）,81,15時25分,牝7,https://www.jra.go.jp/JRADB/accessS.html?CNAME=pw01sde1004202602080720260816%2FE6,ダート,1:11.5,,伊坂 重信,晴,ハンデ,,
498(-6),57.5,10  9,新潟,QUARANTINED_HTML:track_condition,1200,9,pw01dud102021106601/64,ヤマニンアルリフラ,9,戸崎 圭太,36.5,３／４,08,02,2,3歳以上,オープン,2026-08-16,pw01sde1004202602080720260816,NST賞,07,（国際）（特指）,88,15時25分,牡5,https://www.jra.go.jp/JRADB/accessS.html?CNAME=pw01sde1004202602080720260816%2FE6,ダート,1:11.6,,斉藤 崇史,晴,ハンデ,,
440(-10),53.0,14  13,新潟,QUARANTINED_HTML:track_condition,1200,10,pw01dud102021100895/88,サフランヒーロー,4,石神 深道,36.2,クビ,08,02,15,3歳以上,オープン,2026-08-16,pw01sde1004202602080720260816,NST賞,07,（国際）（特指）,78,15時25分,せん5,https://www.jra.go.jp/JRADB/accessS.html?CNAME=pw01sde1004202602080720260816%2FE6,ダート,1:11.7,,森 一誠,晴,ハンデ,,
510(-2),55.0,4  4,新潟,QUARANTINED_HTML:track_condition,1200,11,pw01dud102021104830/A5,グロリアラウス,15,石橋 脩,37.8,１ 1/4,08,02,8,3歳以上,オープン,2026-08-16,pw01sde1004202602080720260816,NST賞,07,（国際）（特指）,79,15時25分,せん5,https://www.jra.go.jp/JRADB/accessS.html?CNAME=pw01sde1004202602080720260816%2FE6,ダート,1:11.9,,斉藤 崇史,晴,ハンデ,,
472(-6),55.0,5  5,新潟,QUARANTINED_HTML:track_condition,1200,12,pw01dud102021110056/01,エコロガイア,1,江田 照男,38.4,５,08,02,12,3歳以上,オープン,2026-08-16,pw01sde1004202602080720260816,NST賞,07,（国際）（特指）,68,15時25分,牡5,https://www.jra.go.jp/JRADB/accessS.html?CNAME=pw01sde1004202602080720260816%2FE6,ダート,1:12.7,,森 秀行,晴,ハンデ,,
550(+8),55.0,7  8,新潟,QUARANTINED_HTML:track_condition,1200,13,pw01dud102020103277/69,ダノンタッチダウン,13,三浦 皇成,38.0,１／２,08,02,13,3歳以上,オープン,2026-08-16,pw01sde1004202602080720260816,NST賞,07,（国際）（特指）,67,15時25分,せん6,https://www.jra.go.jp/JRADB/accessS.html?CNAME=pw01sde1004202602080720260816%2FE6,ダート,1:12.8,,堀 宣行,晴,ハンデ,,
502(-4),55.0,12  14,新潟,QUARANTINED_HTML:track_condition,1200,14,pw01dud102021110069/6A,エスカル,12,丸山 元気,37.6,１ 1/4,08,02,9,3歳以上,オープン,2026-08-16,pw01sde1004202602080720260816,NST賞,07,（国際）（特指）,64,15時25分,牡5,https://www.jra.go.jp/JRADB/accessS.html?CNAME=pw01sde1004202602080720260816%2FE6,ダート,1:13.0,,森 秀行,晴,ハンデ,,
488(0),56.0,9  9,新潟,QUARANTINED_HTML:track_condition,1200,15,pw01dud102020110106/56,アドバンスファラオ,8,松岡 正海,38.4,２,08,02,14,3歳以上,オープン,2026-08-16,pw01sde1004202602080720260816,NST賞,07,（国際）（特指）,62,15時25分,せん6,https://www.jra.go.jp/JRADB/accessS.html?CNAME=pw01sde1004202602080720260816%2FE6,ダート,1:13.3,,森 秀行,晴,ハンデ,,
496(0),58.0,3  4  3  3,新潟,PASS_HTML,2850,1,pw01dud102018105199/11,ビジューブリランテ,5,△坂口 智康,,,08,02,3,障害3歳以上,未勝利,2026-08-16,pw01sde1004202602080920260816,障害3歳以上未勝利,09,（混合）,,16時40分,せん8,https://www.jra.go.jp/JRADB/accessS.html?CNAME=pw01sde1004202602080920260816%2F50,障害,3:05.0,良,浅利 英明,晴,定量,13.0,
486(+2),60.0,1  1  1  1,新潟,PASS_HTML,2850,2,pw01dud102021110065/9E,メイショウトム,4,難波 剛健,,１,08,02,6,障害3歳以上,未勝利,2026-08-16,pw01sde1004202602080920260816,障害3歳以上未勝利,09,（混合）,,16時40分,牡5,https://www.jra.go.jp/JRADB/accessS.html?CNAME=pw01sde1004202602080920260816%2F50,障害,3:05.2,良,谷 潔,晴,定量,13.0,
458(-6),60.0,8  8  7  6,新潟,PASS_HTML,2850,3,pw01dud102022102387/D3,プレミアブルー,12,中村 将之,,１ 1/4,08,02,9,障害3歳以上,未勝利,2026-08-16,pw01sde1004202602080920260816,障害3歳以上未勝利,09,（混合）,,16時40分,牡4,https://www.jra.go.jp/JRADB/accessS.html?CNAME=pw01sde1004202602080920260816%2F50,障害,3:05.4,良,菊川 正達,晴,定量,13.0,
498(+6),60.0,7  7  6  6,新潟,PASS_HTML,2850,4,pw01dud102018101010/99,アウスヴァール,2,森 一馬,,クビ,08,02,2,障害3歳以上,未勝利,2026-08-16,pw01sde1004202602080920260816,障害3歳以上未勝利,09,（混合）,,16時40分,せん8,https://www.jra.go.jp/JRADB/accessS.html?CNAME=pw01sde1004202602080920260816%2F50,障害,3:05.4,良,昆 貢,晴,定量,13.0,
496(-10),60.0,4  5  4  4,新潟,PASS_HTML,2850,5,pw01dud102020102976/5E,ノーブルクライ,6,五十嵐 雄祐,,クビ,08,02,1,障害3歳以上,未勝利,2026-08-16,pw01sde1004202602080920260816,障害3歳以上未勝利,09,（混合）,,16時40分,牡6,https://www.jra.go.jp/JRADB/accessS.html?CNAME=pw01sde1004202602080920260816%2F50,障害,3:05.5,良,中舘 英二,晴,定量,13.0,
444(-2),57.0,4  2  2  2,新潟,PASS_HTML,2850,6,pw01dud102022100737/69,セイウンビッグバン,9,▲水沼 元輝,,１／２,08,02,5,障害3歳以上,未勝利,2026-08-16,pw01sde1004202602080920260816,障害3歳以上未勝利,09,（混合）,,16時40分,牡4,https://www.jra.go.jp/JRADB/accessS.html?CNAME=pw01sde1004202602080920260816%2F50,障害,3:05.6,良,萱野 浩二,晴,定量,13.0,
492(0),60.0,6  5  4  4,新潟,PASS_HTML,2850,7,pw01dud102021105646/F4,タイセイレスポンス,11,小牧 加矢太,,４,08,02,4,障害3歳以上,未勝利,2026-08-16,pw01sde1004202602080920260816,障害3歳以上未勝利,09,（混合）,,16時40分,せん5,https://www.jra.go.jp/JRADB/accessS.html?CNAME=pw01sde1004202602080920260816%2F50,障害,3:06.3,良,安田 翔伍,晴,定量,13.1,
484(+14),60.0,9  9  8  8,新潟,PASS_HTML,2850,8,pw01dud102022105347/60,ジロラータ,3,草野 太郎,,２ 1/2,08,02,8,障害3歳以上,未勝利,2026-08-16,pw01sde1004202602080920260816,障害3歳以上未勝利,09,（混合）,,16時40分,牡4,https://www.jra.go.jp/JRADB/accessS.html?CNAME=pw01sde1004202602080920260816%2F50,障害,3:06.7,良,久保田 貴士,晴,定量,13.1,
512(-6),60.0,2  2  9  9,新潟,PASS_HTML,2850,9,pw01dud102021103770/C5,スペイドアン,7,上野 翔,,大差,08,02,7,障害3歳以上,未勝利,2026-08-16,pw01sde1004202602080920260816,障害3歳以上未勝利,09,（混合）,,16時40分,牡5,https://www.jra.go.jp/JRADB/accessS.html?CNAME=pw01sde1004202602080920260816%2F50,障害,3:12.1,良,加藤 士津八,晴,定量,13.5,
454(+16),58.0,,新潟,PASS_HTML,2850,中止,pw01dud102022106116/4A,ラッキーダンス,1,江田 勇亮,,,08,02,12,障害3歳以上,未勝利,2026-08-16,pw01sde1004202602080920260816,障害3歳以上未勝利,09,（混合）,,16時40分,牝4,https://www.jra.go.jp/JRADB/accessS.html?CNAME=pw01sde1004202602080920260816%2F50,障害,,良,新開 幸一,晴,定量,,
488(+12),58.0,11  11,新潟,PASS_HTML,2850,中止,pw01dud102022101404/3C,クラリティー,8,伴 啓太,,,08,02,10,障害3歳以上,未勝利,2026-08-16,pw01sde1004202602080920260816,障害3歳以上未勝利,09,（混合）,,16時40分,牝4,https://www.jra.go.jp/JRADB/accessS.html?CNAME=pw01sde1004202602080920260816%2F50,障害,,良,平岩 大典,晴,定量,,
504(-10),60.0,10  10,新潟,PASS_HTML,2850,中止,pw01dud102021109086/CA,サミアド,10,大江原 圭,,,08,02,11,障害3歳以上,未勝利,2026-08-16,pw01sde1004202602080920260816,障害3歳以上未勝利,09,（混合）,,16時40分,牡5,https://www.jra.go.jp/JRADB/accessS.html?CNAME=pw01sde1004202602080920260816%2F50,障害,,良,竹内 正洋,晴,定量,,
500(+2),58.0,6  6  4  3,新潟,QUARANTINED_HTML:track_condition,1800,1,pw01dud102020102793/C3,ルーラーリッチ,8,武藤 雅,38.9,,08,02,13,3歳以上,2勝クラス,2026-08-16,pw01sde1004202602080820260816,瀬波温泉特別,08,（混合）［指定］,,16時05分,せん6,https://www.jra.go.jp/JRADB/accessS.html?CNAME=pw01sde1004202602080820260816%2F9B,ダート,1:52.4,,小島 茂之,晴,定量,,
474(-2),58.0,3  3  2  3,新潟,QUARANTINED_HTML:track_condition,1800,2,pw01dud102022100526/84,コスモコンフェルマ,10,柴田 大知,39.0,クビ,08,02,5,3歳以上,2勝クラス,2026-08-16,pw01sde1004202602080820260816,瀬波温泉特別,08,（混合）［指定］,,16時05分,牡4,https://www.jra.go.jp/JRADB/accessS.html?CNAME=pw01sde1004202602080820260816%2F9B,ダート,1:52.4,,鈴木 慎太郎,晴,定量,,
516(0),58.0,8  8  8  8,新潟,QUARANTINED_HTML:track_condition,1800,3,pw01dud102021104868/6D,フリーマントル,6,津村 明秀,38.6,１ 3/4,08,02,8,3歳以上,2勝クラス,2026-08-16,pw01sde1004202602080820260816,瀬波温泉特別,08,（混合）［指定］,,16時05分,牡5,https://www.jra.go.jp/JRADB/accessS.html?CNAME=pw01sde1004202602080820260816%2F9B,ダート,1:52.7,,斎藤 誠,晴,定量,,
486(+8),58.0,11  10  10  10,新潟,QUARANTINED_HTML:track_condition,1800,4,pw01dud102022105556/5F,ラストレガシー,5,田辺 裕信,38.0,クビ,08,02,1,3歳以上,2勝クラス,2026-08-16,pw01sde1004202602080820260816,瀬波温泉特別,08,（混合）［指定］,,16時05分,牡4,https://www.jra.go.jp/JRADB/accessS.html?CNAME=pw01sde1004202602080820260816%2F9B,ダート,1:52.8,,手塚 貴久,晴,定量,,
484(+2),58.0,6  6  7  6,新潟,QUARANTINED_HTML:track_condition,1800,5,pw01dud102022107226/7A,カゼノタカトシ,4,今村 聖奈,38.9,クビ,08,02,6,3歳以上,2勝クラス,2026-08-16,pw01sde1004202602080820260816,瀬波温泉特別,08,（混合）［指定］,,16時05分,牡4,https://www.jra.go.jp/JRADB/accessS.html?CNAME=pw01sde1004202602080820260816%2F9B,ダート,1:52.8,,久保田 貴士,晴,定量,,
466(-2),56.0,5  5  6  6,新潟,QUARANTINED_HTML:track_condition,1800,6,pw01dud102022101457/E5,アンドリーナ,7,菊沢 一樹,39.2,１／２,08,02,4,3歳以上,2勝クラス,2026-08-16,pw01sde1004202602080820260816,瀬波温泉特別,08,（混合）［指定］,,16時05分,牝4,https://www.jra.go.jp/JRADB/accessS.html?CNAME=pw01sde1004202602080820260816%2F9B,ダート,1:52.9,,牧浦 充徳,晴,定量,,
476(-14),58.0,13  12  11  11,新潟,QUARANTINED_HTML:track_condition,1800,7,pw01dud102021101195/20,コーリンカルベラ,13,吉田 豊,38.3,１ 3/4,08,02,7,3歳以上,2勝クラス,2026-08-16,pw01sde1004202602080820260816,瀬波温泉特別,08,（混合）［指定］,,16時05分,牡5,https://www.jra.go.jp/JRADB/accessS.html?CNAME=pw01sde1004202602080820260816%2F9B,ダート,1:53.2,,小野 次郎,晴,定量,,
444(-4),58.0,2  2  2  2,新潟,QUARANTINED_HTML:track_condition,1800,8,pw01dud102021100677/EC,ヴォルスター,11,石橋 脩,40.0,クビ,08,02,10,3歳以上,2勝クラス,2026-08-16,pw01sde1004202602080820260816,瀬波温泉特別,08,（混合）［指定］,,16時05分,牡5,https://www.jra.go.jp/JRADB/accessS.html?CNAME=pw01sde1004202602080820260816%2F9B,ダート,1:53.3,,清水 久詞,晴,定量,,
478(+6),58.0,8  8  8  9,新潟,QUARANTINED_HTML:track_condition,1800,9,pw01dud102016100126/85,ダディーズトリップ,3,藤懸 貴志,39.1,アタマ,08,02,11,3歳以上,2勝クラス,2026-08-16,pw01sde1004202602080820260816,瀬波温泉特別,08,（混合）［指定］,,16時05分,牡10,https://www.jra.go.jp/JRADB/accessS.html?CNAME=pw01sde1004202602080820260816%2F9B,ダート,1:53.3,,千田 輝彦,晴,定量,,
450(+8),58.0,10  10  11  11,新潟,QUARANTINED_HTML:track_condition,1800,10,pw01dud102021101701/EA,クリフハンガー,9,小崎 綾也,39.0,３ 1/2,08,02,12,3歳以上,2勝クラス,2026-08-16,pw01sde1004202602080820260816,瀬波温泉特別,08,（混合）［指定］,,16時05分,せん5,https://www.jra.go.jp/JRADB/accessS.html?CNAME=pw01sde1004202602080820260816%2F9B,ダート,1:53.9,,上原 博之,晴,定量,,
504(+4),58.0,1  1  1  1,新潟,QUARANTINED_HTML:track_condition,1800,11,pw01dud102021103376/B3,ブレードサクセス,12,戸崎 圭太,40.7,アタマ,08,02,2,3歳以上,2勝クラス,2026-08-16,pw01sde1004202602080820260816,瀬波温泉特別,08,（混合）［指定］,,16時05分,牡5,https://www.jra.go.jp/JRADB/accessS.html?CNAME=pw01sde1004202602080820260816%2F9B,ダート,1:53.9,,岩戸 孝樹,晴,定量,,
462(+6),58.0,11  12  11  13,新潟,QUARANTINED_HTML:track_condition,1800,12,pw01dud102022103518/27,リラゲイル,1,野中 悠太郎,39.4,２,08,02,9,3歳以上,2勝クラス,2026-08-16,pw01sde1004202602080820260816,瀬波温泉特別,08,（混合）［指定］,,16時05分,牡4,https://www.jra.go.jp/JRADB/accessS.html?CNAME=pw01sde1004202602080820260816%2F9B,ダート,1:54.3,,矢野 英一,晴,定量,,
486(0),58.0,3  3  4  3,新潟,QUARANTINED_HTML:track_condition,1800,13,pw01dud102021104321/13,カレンワッツアップ,2,丸山 元気,41.2,３ 1/2,08,02,3,3歳以上,2勝クラス,2026-08-16,pw01sde1004202602080820260816,瀬波温泉特別,08,（混合）［指定］,,16時05分,牡5,https://www.jra.go.jp/JRADB/accessS.html?CNAME=pw01sde1004202602080820260816%2F9B,ダート,1:54.8,,小林 真也,晴,定量,,
418(0),55.0,9  9  8  4,新潟,QUARANTINED_HTML:track_condition,1800,1,pw01dud102023103530/3B,ワイルドミュール,4,三浦 皇成,37.9,,08,02,7,3歳,未勝利,2026-08-16,pw01sde1004202602081020260816,3歳未勝利,10,牝［指定］,,17時15分,牝3,https://www.jra.go.jp/JRADB/accessS.html?CNAME=pw01sde1004202602081020260816%2F45,ダート,1:54.7,,鹿戸 雄一,晴,馬齢,,
472(-6),55.0,1  1  1  1,新潟,QUARANTINED_HTML:track_condition,1800,2,pw01dud102023105268/4E,ラショナルポイント,10,津村 明秀,39.1,クビ,08,02,1,3歳,未勝利,2026-08-16,pw01sde1004202602081020260816,3歳未勝利,10,牝［指定］,,17時15分,牝3,https://www.jra.go.jp/JRADB/accessS.html?CNAME=pw01sde1004202602081020260816%2F45,ダート,1:54.7,,古賀 大生,晴,馬齢,,
496(+10),55.0,2  2  2  2,新潟,QUARANTINED_HTML:track_condition,1800,3,pw01dud102023101367/50,デルマザオウ,13,小崎 綾也,39.4,１ 3/4,08,02,2,3歳,未勝利,2026-08-16,pw01sde1004202602081020260816,3歳未勝利,10,牝［指定］,,17時15分,牝3,https://www.jra.go.jp/JRADB/accessS.html?CNAME=pw01sde1004202602081020260816%2F45,ダート,1:55.0,,松山 将樹,晴,馬齢,,
466(-6),55.0,7  7  5  4,新潟,QUARANTINED_HTML:track_condition,1800,4,pw01dud102023102680/CD,イサチルクイーン,1,木幡 初也,39.3,５,08,02,5,3歳,未勝利,2026-08-16,pw01sde1004202602081020260816,3歳未勝利,10,牝［指定］,,17時15分,牝3,https://www.jra.go.jp/JRADB/accessS.html?CNAME=pw01sde1004202602081020260816%2F45,ダート,1:55.8,,竹内 正洋,晴,馬齢,,
446(+2),52.0,12  12  12  13,新潟,QUARANTINED_HTML:track_condition,1800,5,pw01dud102023103404/A6,カーボフリオ,15,▲佐藤 翔馬,38.5,アタマ,08,02,3,3歳,未勝利,2026-08-16,pw01sde1004202602081020260816,3歳未勝利,10,牝［指定］,,17時15分,牝3,https://www.jra.go.jp/JRADB/accessS.html?CNAME=pw01sde1004202602081020260816%2F45,ダート,1:55.8,,高木 登,晴,馬齢,,
450(+2),55.0,12  12  12  12,新潟,QUARANTINED_HTML:track_condition,1800,6,pw01dud102023105655/A9,ソフィアプルーマ,7,田辺 裕信,39.2,４,08,02,8,3歳,未勝利,2026-08-16,pw01sde1004202602081020260816,3歳未勝利,10,牝［指定］,,17時15分,牝3,https://www.jra.go.jp/JRADB/accessS.html?CNAME=pw01sde1004202602081020260816%2F45,ダート,1:56.4,,上原 博之,晴,馬齢,,
476(+2),55.0,11  10  10  9,新潟,QUARANTINED_HTML:track_condition,1800,7,pw01dud102023104394/F4,バーヴァンシー,9,戸崎 圭太,39.4,１／２,08,02,4,3歳,未勝利,2026-08-16,pw01sde1004202602081020260816,3歳未勝利,10,牝［指定］,,17時15分,牝3,https://www.jra.go.jp/JRADB/accessS.html?CNAME=pw01sde1004202602081020260816%2F45,ダート,1:56.5,,村田 一誠,晴,馬齢,,
448(+2),55.0,10  10  10  9,新潟,QUARANTINED_HTML:track_condition,1800,8,pw01dud102023106183/ED,シェリーシュシュ,3,丸田 恭介,39.4,ハナ,08,02,11,3歳,未勝利,2026-08-16,pw01sde1004202602081020260816,3歳未勝利,10,牝［指定］,,17時15分,牝3,https://www.jra.go.jp/JRADB/accessS.html?CNAME=pw01sde1004202602081020260816%2F45,ダート,1:56.5,,大竹 正博,晴,馬齢,,
438(-8),53.0,7  8  8  9,新潟,QUARANTINED_HTML:track_condition,1800,9,pw01dud102023102796/C0,ディレクティオ,5,◇今村 聖奈,39.7,クビ,08,02,14,3歳,未勝利,2026-08-16,pw01sde1004202602081020260816,3歳未勝利,10,牝［指定］,,17時15分,牝3,https://www.jra.go.jp/JRADB/accessS.html?CNAME=pw01sde1004202602081020260816%2F45,ダート,1:56.6,,金成 貴史,晴,馬齢,,
446(+4),55.0,3  4  5  7,新潟,QUARANTINED_HTML:track_condition,1800,10,pw01dud102023100513/A7,ノアレジェンド,6,武藤 雅,40.2,１ 1/2,08,02,15,3歳,未勝利,2026-08-16,pw01sde1004202602081020260816,3歳未勝利,10,牝［指定］,,17時15分,牝3,https://www.jra.go.jp/JRADB/accessS.html?CNAME=pw01sde1004202602081020260816%2F45,ダート,1:56.8,,小笠 倫弘,晴,馬齢,,
446(-2),55.0,3  4  3  3,新潟,QUARANTINED_HTML:track_condition,1800,11,pw01dud102023106609/14,ユーゲットミー,2,江田 照男,40.7,１ 1/4,08,02,10,3歳,未勝利,2026-08-16,pw01sde1004202602081020260816,3歳未勝利,10,牝［指定］,,17時15分,牝3,https://www.jra.go.jp/JRADB/accessS.html?CNAME=pw01sde1004202602081020260816%2F45,ダート,1:57.0,,西田 雄一郎,晴,馬齢,,
458(0),52.0,6  6  5  7,新潟,QUARANTINED_HTML:track_condition,1800,12,pw01dud102023102618/F5,カグヤヒメ,14,▲上里 直汰,41.1,４,08,02,9,3歳,未勝利,2026-08-16,pw01sde1004202602081020260816,3歳未勝利,10,牝［指定］,,17時15分,牝3,https://www.jra.go.jp/JRADB/accessS.html?CNAME=pw01sde1004202602081020260816%2F45,ダート,1:57.7,,加藤 士津八,晴,馬齢,,
502(-2),55.0,3  2  3  4,新潟,QUARANTINED_HTML:track_condition,1800,13,pw01dud102023103588/23,バイアブランカ,8,丸山 元気,41.5,クビ,08,02,12,3歳,未勝利,2026-08-16,pw01sde1004202602081020260816,3歳未勝利,10,牝［指定］,,17時15分,牝3,https://www.jra.go.jp/JRADB/accessS.html?CNAME=pw01sde1004202602081020260816%2F45,ダート,1:57.7,,古賀 慎明,晴,馬齢,,
488(+2),55.0,15  15  15  15,新潟,QUARANTINED_HTML:track_condition,1800,14,pw01dud102023103052/4C,ベアエクスプレス,12,松岡 正海,39.3,３ 1/2,08,02,6,3歳,未勝利,2026-08-16,pw01sde1004202602081020260816,3歳未勝利,10,牝［指定］,,17時15分,牝3,https://www.jra.go.jp/JRADB/accessS.html?CNAME=pw01sde1004202602081020260816%2F45,ダート,1:58.3,,柄崎 将寿,晴,馬齢,,
468(初出走),55.0,14  14  14  14,新潟,QUARANTINED_HTML:track_condition,1800,15,pw01dud102023106393/5F,ナイア,11,菊沢 一樹,41.3,６,08,02,13,3歳,未勝利,2026-08-16,pw01sde1004202602081020260816,3歳未勝利,10,牝［指定］,,17時15分,牝3,https://www.jra.go.jp/JRADB/accessS.html?CNAME=pw01sde1004202602081020260816%2F45,ダート,1:59.3,,尾関 知人,晴,馬齢,,
484(-10),57.0,3  3  3  3,新潟,QUARANTINED_HTML:track_condition,1800,1,pw01dud102023103252/AE,タマモブレイキン,13,菊沢 一樹,38.9,,08,02,2,3歳,未勝利,2026-08-16,pw01sde1004202602081220260816,3歳未勝利,12,（混合）［指定］,,18時20分,牡3,https://www.jra.go.jp/JRADB/accessS.html?CNAME=pw01sde1004202602081220260816%2FAF,ダート,1:55.1,,伊藤 圭三,晴,馬齢,,
486(+2),54.0,2  2  2  2,新潟,QUARANTINED_HTML:track_condition,1800,2,pw01dud102023100578/46,ロジキセキ,11,▲石田 拓郎,39.2,１／２,08,02,1,3歳,未勝利,2026-08-16,pw01sde1004202602081220260816,3歳未勝利,12,（混合）［指定］,,18時20分,牡3,https://www.jra.go.jp/JRADB/accessS.html?CNAME=pw01sde1004202602081220260816%2FAF,ダート,1:55.2,,新開 幸一,晴,馬齢,,
438(+6),54.0,7  6  6  8,新潟,QUARANTINED_HTML:track_condition,1800,3,pw01dud102023107440/D6,パワポケウォーズ,15,▲上里 直汰,38.6,クビ,08,02,10,3歳,未勝利,2026-08-16,pw01sde1004202602081220260816,3歳未勝利,12,（混合）［指定］,,18時20分,牡3,https://www.jra.go.jp/JRADB/accessS.html?CNAME=pw01sde1004202602081220260816%2FAF,ダート,1:55.3,,大和田 成,晴,馬齢,,
478(+2),57.0,7  8  6  5,新潟,QUARANTINED_HTML:track_condition,1800,4,pw01dud102023106889/F6,マーゴットライズ,3,杉原 誠人,38.9,１ 3/4,08,02,3,3歳,未勝利,2026-08-16,pw01sde1004202602081220260816,3歳未勝利,12,（混合）［指定］,,18時20分,牡3,https://www.jra.go.jp/JRADB/accessS.html?CNAME=pw01sde1004202602081220260816%2FAF,ダート,1:55.6,,伊坂 重信,晴,馬齢,,
516(+12),57.0,10  9  9  9,新潟,QUARANTINED_HTML:track_condition,1800,5,pw01dud102023103624/28,レプレセンタル,12,小崎 綾也,38.7,アタマ,08,02,11,3歳,未勝利,2026-08-16,pw01sde1004202602081220260816,3歳未勝利,12,（混合）［指定］,,18時20分,牡3,https://www.jra.go.jp/JRADB/accessS.html?CNAME=pw01sde1004202602081220260816%2FAF,ダート,1:55.6,,池上 昌和,晴,馬齢,,
492(+8),57.0,4  4  4  3,新潟,QUARANTINED_HTML:track_condition,1800,6,pw01dud102023103419/F5,ギレイ,6,藤懸 貴志,39.2,クビ,08,02,6,3歳,未勝利,2026-08-16,pw01sde1004202602081220260816,3歳未勝利,12,（混合）［指定］,,18時20分,牡3,https://www.jra.go.jp/JRADB/accessS.html?CNAME=pw01sde1004202602081220260816%2FAF,ダート,1:55.6,,清水 久詞,晴,馬齢,,
474(+4),57.0,6  6  6  5,新潟,QUARANTINED_HTML:track_condition,1800,7,pw01dud102023100739/DB,ヤマタケボニータ,10,丸山 元気,39.7,５,08,02,5,3歳,未勝利,2026-08-16,pw01sde1004202602081220260816,3歳未勝利,12,（混合）［指定］,,18時20分,牡3,https://www.jra.go.jp/JRADB/accessS.html?CNAME=pw01sde1004202602081220260816%2FAF,ダート,1:56.4,,萱野 浩二,晴,馬齢,,
444(+8),55.0,13  12  11  11,新潟,QUARANTINED_HTML:track_condition,1800,8,pw01dud102023100204/77,キタイノホシ,7,△石神 深道,39.6,２,08,02,4,3歳,未勝利,2026-08-16,pw01sde1004202602081220260816,3歳未勝利,12,（混合）［指定］,,18時20分,牡3,https://www.jra.go.jp/JRADB/accessS.html?CNAME=pw01sde1004202602081220260816%2FAF,ダート,1:56.8,,蛯名 利弘,晴,馬齢,,
436(-6),57.0,14  14  12  13,新潟,QUARANTINED_HTML:track_condition,1800,9,pw01dud102023101129/94,ノクターナルハント,5,川須 栄彦,38.9,クビ,08,02,15,3歳,未勝利,2026-08-16,pw01sde1004202602081220260816,3歳未勝利,12,（混合）［指定］,,18時20分,せん3,https://www.jra.go.jp/JRADB/accessS.html?CNAME=pw01sde1004202602081220260816%2FAF,ダート,1:56.8,,和田 勇介,晴,馬齢,,
408(0),55.0,11  9  9  10,新潟,QUARANTINED_HTML:track_condition,1800,10,pw01dud102023105572/3F,チャチャット,14,江田 照男,40.0,１／２,08,02,7,3歳,未勝利,2026-08-16,pw01sde1004202602081220260816,3歳未勝利,12,（混合）［指定］,,18時20分,牝3,https://www.jra.go.jp/JRADB/accessS.html?CNAME=pw01sde1004202602081220260816%2FAF,ダート,1:56.9,,柄崎 将寿,晴,馬齢,,
500(+8),57.0,11  12  12  12,新潟,QUARANTINED_HTML:track_condition,1800,11,pw01dud102023102042/4D,ディメンシア,9,野中 悠太郎,39.2,１／２,08,02,14,3歳,未勝利,2026-08-16,pw01sde1004202602081220260816,3歳未勝利,12,（混合）［指定］,,18時20分,牡3,https://www.jra.go.jp/JRADB/accessS.html?CNAME=pw01sde1004202602081220260816%2FAF,ダート,1:57.0,,稲垣 幸雄,晴,馬齢,,
442(+4),57.0,4  5  5  5,新潟,QUARANTINED_HTML:track_condition,1800,12,pw01dud102023102069/92,メイショウバリスタ,2,武藤 雅,41.0,３,08,02,9,3歳,未勝利,2026-08-16,pw01sde1004202602081220260816,3歳未勝利,12,（混合）［指定］,,18時20分,牡3,https://www.jra.go.jp/JRADB/accessS.html?CNAME=pw01sde1004202602081220260816%2FAF,ダート,1:57.5,,西田 雄一郎,晴,馬齢,,
486(-10),57.0,1  1  1  1,新潟,QUARANTINED_HTML:track_condition,1800,13,pw01dud102023100225/0A,ウィゾマニア,8,小林 脩斗,41.8,１ 1/4,08,02,8,3歳,未勝利,2026-08-16,pw01sde1004202602081220260816,3歳未勝利,12,（混合）［指定］,,18時20分,牡3,https://www.jra.go.jp/JRADB/accessS.html?CNAME=pw01sde1004202602081220260816%2FAF,ダート,1:57.7,,青木 孝文,晴,馬齢,,
464(0),55.0,9  9  14  14,新潟,QUARANTINED_HTML:track_condition,1800,14,pw01dud102023105254/72,パルミエ,4,松岡 正海,39.4,１／２,08,02,12,3歳,未勝利,2026-08-16,pw01sde1004202602081220260816,3歳未勝利,12,（混合）［指定］,,18時20分,牝3,https://www.jra.go.jp/JRADB/accessS.html?CNAME=pw01sde1004202602081220260816%2FAF,ダート,1:57.8,,松尾 卓哉,晴,馬齢,,
438(+2),52.0,15  15  15  14,新潟,QUARANTINED_HTML:track_condition,1800,15,pw01dud102023100999/9D,ブロッコロ,1,▲佐藤 翔馬,40.1,５,08,02,13,3歳,未勝利,2026-08-16,pw01sde1004202602081220260816,3歳未勝利,12,（混合）［指定］,,18時20分,牝3,https://www.jra.go.jp/JRADB/accessS.html?CNAME=pw01sde1004202602081220260816%2FAF,ダート,1:58.7,,加藤 和宏,晴,馬齢,,
526(+2),58.0,3  3  3  2,新潟,PASS_HTML,2400,1,pw01dud102022104899/9C,ジュンライデン,5,杉原 誠人,33.5,,08,02,6,3歳以上,1勝クラス,2026-08-16,pw01sde1004202602081120260816,3歳以上1勝クラス,11,[指定],,17時45分,牡4,https://www.jra.go.jp/JRADB/accessS.html?CNAME=pw01sde1004202602081120260816%2FFA,芝,2:28.8,良,友道 康夫,晴,定量,,
508(+14),56.0,2  2  2  2,新潟,PASS_HTML,2400,2,pw01dud102021105780/B3,ポルトフェリス,9,戸崎 圭太,33.7,３／４,08,02,2,3歳以上,1勝クラス,2026-08-16,pw01sde1004202602081120260816,3歳以上1勝クラス,11,[指定],,17時45分,牝5,https://www.jra.go.jp/JRADB/accessS.html?CNAME=pw01sde1004202602081120260816%2FFA,芝,2:28.9,良,栗田 徹,晴,定量,,
492(+8),51.0,1  1  1  1,新潟,PASS_HTML,2400,3,pw01dud102023106443/40,コスモナエマ,8,△石神 深道,34.0,１／２,08,02,9,3歳以上,1勝クラス,2026-08-16,pw01sde1004202602081120260816,3歳以上1勝クラス,11,[指定],,17時45分,牝3,https://www.jra.go.jp/JRADB/accessS.html?CNAME=pw01sde1004202602081120260816%2FFA,芝,2:29.0,良,手塚 貴久,晴,定量,,
450(+2),58.0,3  3  3  4,新潟,PASS_HTML,2400,4,pw01dud102022106811/62,マイネルアウルム,2,三浦 皇成,33.8,３／４,08,02,3,3歳以上,1勝クラス,2026-08-16,pw01sde1004202602081120260816,3歳以上1勝クラス,11,[指定],,17時45分,牡4,https://www.jra.go.jp/JRADB/accessS.html?CNAME=pw01sde1004202602081120260816%2FFA,芝,2:29.1,良,伊藤 伸一,晴,定量,,
542(0),58.0,5  5  5  4,新潟,PASS_HTML,2400,5,pw01dud102022104884/4D,ヴィジョンメーカー,4,丸山 元気,33.8,３／４,08,02,4,3歳以上,1勝クラス,2026-08-16,pw01sde1004202602081120260816,3歳以上1勝クラス,11,[指定],,17時45分,牡4,https://www.jra.go.jp/JRADB/accessS.html?CNAME=pw01sde1004202602081120260816%2FFA,芝,2:29.2,良,林 徹,晴,定量,,
458(+4),55.0,8  8  8  6,新潟,PASS_HTML,2400,6,pw01dud102023103468/D2,ポッドクロス,1,津村 明秀,33.3,３／４,08,02,1,3歳以上,1勝クラス,2026-08-16,pw01sde1004202602081120260816,3歳以上1勝クラス,11,[指定],,17時45分,牡3,https://www.jra.go.jp/JRADB/accessS.html?CNAME=pw01sde1004202602081120260816%2FFA,芝,2:29.3,良,大竹 正博,晴,定量,,
480(+4),55.0,7  7  7  6,新潟,PASS_HTML,2400,7,pw01dud102023104069/70,ベルウッドバイオ,7,吉田 豊,33.7,１／２,08,02,5,3歳以上,1勝クラス,2026-08-16,pw01sde1004202602081120260816,3歳以上1勝クラス,11,[指定],,17時45分,牡3,https://www.jra.go.jp/JRADB/accessS.html?CNAME=pw01sde1004202602081120260816%2FFA,芝,2:29.4,良,高橋 文雅,晴,定量,,
444(+4),53.0,5  6  5  6,新潟,PASS_HTML,2400,8,pw01dud102023105808/14,フレキシブル,6,菊沢 一樹,34.2,２,08,02,7,3歳以上,1勝クラス,2026-08-16,pw01sde1004202602081120260816,3歳以上1勝クラス,11,[指定],,17時45分,牝3,https://www.jra.go.jp/JRADB/accessS.html?CNAME=pw01sde1004202602081120260816%2FFA,芝,2:29.7,良,斎藤 誠,晴,定量,,
488(-10),55.0,9  9  9  9,新潟,PASS_HTML,2400,9,pw01dud102023103521/9E,ウインターブレス,3,武藤 雅,33.9,２ 1/2,08,02,8,3歳以上,1勝クラス,2026-08-16,pw01sde1004202602081120260816,3歳以上1勝クラス,11,[指定],,17時45分,牡3,https://www.jra.go.jp/JRADB/accessS.html?CNAME=pw01sde1004202602081120260816%2FFA,芝,2:30.1,良,竹内 正洋,晴,定量,,
460(0),57.0,11  9,中京,PASS_HTML,1400,1,pw01dud102023104357/0D,ヤマニンアレシス,7,鮫島 良太,33.5,,07,02,2,3歳,未勝利,2026-08-15,pw01sde1007202602070220260815,3歳未勝利,02,（混合）［指定］,,10時20分,牡3,https://www.jra.go.jp/JRADB/accessS.html?CNAME=pw01sde1007202602070220260815%2F0B,芝,1:19.8,良,堀内 岳志,曇,馬齢,,
432(+4),57.0,4  4,中京,PASS_HTML,1400,2,pw01dud102023100555/CD,トウカイジーク,6,岩田 望来,34.3,２,07,02,4,3歳,未勝利,2026-08-15,pw01sde1007202602070220260815,3歳未勝利,02,（混合）［指定］,,10時20分,牡3,https://www.jra.go.jp/JRADB/accessS.html?CNAME=pw01sde1007202602070220260815%2F0B,芝,1:20.1,良,野中 賢二,曇,馬齢,,
460(-4),55.0,4  4,中京,PASS_HTML,1400,3,pw01dud102023106856/6D,アンガーザガール,9,西村 淳也,34.4,クビ,07,02,1,3歳,未勝利,2026-08-15,pw01sde1007202602070220260815,3歳未勝利,02,（混合）［指定］,,10時20分,牝3,https://www.jra.go.jp/JRADB/accessS.html?CNAME=pw01sde1007202602070220260815%2F0B,芝,1:20.2,良,東田 明士,曇,馬齢,,
476(+16),55.0,10  9,中京,PASS_HTML,1400,4,pw01dud102023103334/A5,モカプウイング,14,J.コレット,34.0,１,07,02,6,3歳,未勝利,2026-08-15,pw01sde1007202602070220260815,3歳未勝利,02,（混合）［指定］,,10時20分,牝3,https://www.jra.go.jp/JRADB/accessS.html?CNAME=pw01sde1007202602070220260815%2F0B,芝,1:20.3,良,加藤 公太,曇,馬齢,,
462(-6),57.0,8  7,中京,PASS_HTML,1400,5,pw01dud102023101973/BA,デルニエジョイ,13,田口 貫太,34.2,ハナ,07,02,5,3歳,未勝利,2026-08-15,pw01sde1007202602070220260815,3歳未勝利,02,（混合）［指定］,,10時20分,牡3,https://www.jra.go.jp/JRADB/accessS.html?CNAME=pw01sde1007202602070220260815%2F0B,芝,1:20.3,良,鈴木 孝志,曇,馬齢,,
474(+8),57.0,7  7,中京,PASS_HTML,1400,6,pw01dud102023100277/40,ショウナンライラ,10,富田 暁,34.5,３／４,07,02,8,3歳,未勝利,2026-08-15,pw01sde1007202602070220260815,3歳未勝利,02,（混合）［指定］,,10時20分,牡3,https://www.jra.go.jp/JRADB/accessS.html?CNAME=pw01sde1007202602070220260815%2F0B,芝,1:20.5,良,松下 武士,曇,馬齢,,
408(初出走),52.0,13  12,中京,PASS_HTML,1400,7,pw01dud102023103684/88,キュールエサクラコ,12,▲川端 海翼,34.3,２ 1/2,07,02,12,3歳,未勝利,2026-08-15,pw01sde1007202602070220260815,3歳未勝利,02,（混合）［指定］,,10時20分,牝3,https://www.jra.go.jp/JRADB/accessS.html?CNAME=pw01sde1007202602070220260815%2F0B,芝,1:20.9,良,中尾 秀正,曇,馬齢,,
440(+8),55.0,3  2,中京,PASS_HTML,1400,8,pw01dud102023106988/B4,グッデイ,15,秋山 稔樹,35.3,ハナ,07,02,7,3歳,未勝利,2026-08-15,pw01sde1007202602070220260815,3歳未勝利,02,（混合）［指定］,,10時20分,牝3,https://www.jra.go.jp/JRADB/accessS.html?CNAME=pw01sde1007202602070220260815%2F0B,芝,1:20.9,良,河嶋 宏樹,曇,馬齢,,
486(初出走),57.0,12  12,中京,PASS_HTML,1400,9,pw01dud102023110023/90,チャンピオンロード,8,坂井 瑠星,34.5,１ 1/4,07,02,3,3歳,未勝利,2026-08-15,pw01sde1007202602070220260815,3歳未勝利,02,（混合）［指定］,,10時20分,牡3,https://www.jra.go.jp/JRADB/accessS.html?CNAME=pw01sde1007202602070220260815%2F0B,芝,1:21.1,良,矢作 芳人,曇,馬齢,,
446(+6),54.0,14  14,中京,PASS_HTML,1400,10,pw01dud102023105253/FF,リアンマカ,1,▲森田 誠也,34.2,１ 1/4,07,02,13,3歳,未勝利,2026-08-15,pw01sde1007202602070220260815,3歳未勝利,02,（混合）［指定］,,10時20分,牡3,https://www.jra.go.jp/JRADB/accessS.html?CNAME=pw01sde1007202602070220260815%2F0B,芝,1:21.3,良,高橋 一哉,曇,馬齢,,
438(-6),53.0,8  9,中京,PASS_HTML,1400,11,pw01dud102023101013/A1,ベルフィーノ,11,◇永島 まなみ,35.1,クビ,07,02,11,3歳,未勝利,2026-08-15,pw01sde1007202602070220260815,3歳未勝利,02,（混合）［指定］,,10時20分,牝3,https://www.jra.go.jp/JRADB/accessS.html?CNAME=pw01sde1007202602070220260815%2F0B,芝,1:21.3,良,宮本 博,曇,馬齢,,
414(+6),53.0,14  14,中京,PASS_HTML,1400,12,pw01dud102023104381/8B,ビケイムフリー,2,△柴田 裕一郎,35.0,４,07,02,14,3歳,未勝利,2026-08-15,pw01sde1007202602070220260815,3歳未勝利,02,（混合）［指定］,,10時20分,牝3,https://www.jra.go.jp/JRADB/accessS.html?CNAME=pw01sde1007202602070220260815%2F0B,芝,1:22.0,良,吉村 圭司,曇,馬齢,,
444(+4),57.0,4  4,中京,PASS_HTML,1400,13,pw01dud102023107409/A1,シバノパージャン,5,高倉 稜,36.4,１ 1/4,07,02,15,3歳,未勝利,2026-08-15,pw01sde1007202602070220260815,3歳未勝利,02,（混合）［指定］,,10時20分,牡3,https://www.jra.go.jp/JRADB/accessS.html?CNAME=pw01sde1007202602070220260815%2F0B,芝,1:22.2,良,牧田 和弥,曇,馬齢,,
384(-8),55.0,1  1,中京,PASS_HTML,1400,14,pw01dud102023103195/16,ノーブルラホーヤ,3,国分 恭介,36.7,クビ,07,02,10,3歳,未勝利,2026-08-15,pw01sde1007202602070220260815,3歳未勝利,02,（混合）［指定］,,10時20分,牝3,https://www.jra.go.jp/JRADB/accessS.html?CNAME=pw01sde1007202602070220260815%2F0B,芝,1:22.2,良,深山 雅史,曇,馬齢,,
464(0),55.0,2  2,中京,PASS_HTML,1400,15,pw01dud102023105788/63,リフルフォース,4,角田 大和,37.2,３ 1/2,07,02,9,3歳,未勝利,2026-08-15,pw01sde1007202602070220260815,3歳未勝利,02,（混合）［指定］,,10時20分,牝3,https://www.jra.go.jp/JRADB/accessS.html?CNAME=pw01sde1007202602070220260815%2F0B,芝,1:22.8,良,上村 洋行,曇,馬齢,,
428(初出走),54.0,1  1,中京,PASS_HTML,1200,1,pw01dud102024101674/26,セイウンマイラヴ,3,☆田山 旺佑,33.5,,07,02,4,2歳,新馬,2026-08-15,pw01sde1007202602070320260815,メイクデビュー中京,03,（混合）［指定］,,10時50分,牝2,https://www.jra.go.jp/JRADB/accessS.html?CNAME=pw01sde1007202602070320260815%2FC0,芝,1:08.6,良,長谷川 浩大,曇,馬齢,,
440(初出走),55.0,2  2,中京,PASS_HTML,1200,2,pw01dud102024106723/3F,コルベータ,6,西村 淳也,33.5,１ 1/4,07,02,1,2歳,新馬,2026-08-15,pw01sde1007202602070320260815,メイクデビュー中京,03,（混合）［指定］,,10時50分,牡2,https://www.jra.go.jp/JRADB/accessS.html?CNAME=pw01sde1007202602070320260815%2FC0,芝,1:08.8,良,松下 武士,曇,馬齢,,
412(初出走),55.0,3  3,中京,PASS_HTML,1200,3,pw01dud102024103414/42,ステラヴェント,2,高倉 稜,33.4,クビ,07,02,6,2歳,新馬,2026-08-15,pw01sde1007202602070320260815,メイクデビュー中京,03,（混合）［指定］,,10時50分,牝2,https://www.jra.go.jp/JRADB/accessS.html?CNAME=pw01sde1007202602070320260815%2FC0,芝,1:08.8,良,武 英智,曇,馬齢,,
422(初出走),55.0,5  5,中京,PASS_HTML,1200,4,pw01dud102024104674/F3,スクールディーヴァ,5,J.コレット,33.6,１ 1/2,07,02,2,2歳,新馬,2026-08-15,pw01sde1007202602070320260815,メイクデビュー中京,03,（混合）［指定］,,10時50分,牝2,https://www.jra.go.jp/JRADB/accessS.html?CNAME=pw01sde1007202602070320260815%2FC0,芝,1:09.1,良,斉藤 崇史,曇,馬齢,,
498(初出走),55.0,7  7,中京,PASS_HTML,1200,5,pw01dud102024104764/14,リアルカムイ,1,田口 貫太,34.4,８,07,02,5,2歳,新馬,2026-08-15,pw01sde1007202602070320260815,メイクデビュー中京,03,（混合）［指定］,,10時50分,牡2,https://www.jra.go.jp/JRADB/accessS.html?CNAME=pw01sde1007202602070320260815%2FC0,芝,1:10.4,良,大橋 勇樹,曇,馬齢,,
432(初出走),55.0,3  3,中京,PASS_HTML,1200,6,pw01dud102024104236/D5,レットミーゴー,7,城戸 義政,35.1,１／２,07,02,7,2歳,新馬,2026-08-15,pw01sde1007202602070320260815,メイクデビュー中京,03,（混合）［指定］,,10時50分,牝2,https://www.jra.go.jp/JRADB/accessS.html?CNAME=pw01sde1007202602070320260815%2FC0,芝,1:10.5,良,西村 真幸,曇,馬齢,,
472(初出走),55.0,5  5,中京,PASS_HTML,1200,7,pw01dud102024108326/B2,ピコキング,4,団野 大成,36.2,８,07,02,3,2歳,新馬,2026-08-15,pw01sde1007202602070320260815,メイクデビュー中京,03,（混合）［指定］,,10時50分,牡2,https://www.jra.go.jp/JRADB/accessS.html?CNAME=pw01sde1007202602070320260815%2FC0,芝,1:11.8,良,森 秀行,曇,馬齢,,
450(-4),55.0,10  10  7  4,中京,QUARANTINED_HTML:track_condition,1800,1,pw01dud102023100912/F8,エレーデサンライズ,6,幸 英明,39.4,,07,02,1,3歳,未勝利,2026-08-15,pw01sde1007202602070520260815,3歳未勝利,05,牝［指定］,,11時50分,牝3,https://www.jra.go.jp/JRADB/accessS.html?CNAME=pw01sde1007202602070520260815%2F2A,ダート,1:55.2,,平田 修,曇,馬齢,,
422(+2),55.0,12  13  12  10,中京,QUARANTINED_HTML:track_condition,1800,2,pw01dud102023100233/34,アキノビューティー,7,鮫島 良太,39.1,１ 1/4,07,02,2,3歳,未勝利,2026-08-15,pw01sde1007202602070520260815,3歳未勝利,05,牝［指定］,,11時50分,牝3,https://www.jra.go.jp/JRADB/accessS.html?CNAME=pw01sde1007202602070520260815%2F2A,ダート,1:55.4,,河嶋 宏樹,曇,馬齢,,
426(+4),55.0,8  7  8  8,中京,QUARANTINED_HTML:track_condition,1800,3,pw01dud102023100605/AE,キミガスキダ,3,藤懸 貴志,39.8,１ 1/2,07,02,7,3歳,未勝利,2026-08-15,pw01sde1007202602070520260815,3歳未勝利,05,牝［指定］,,11時50分,牝3,https://www.jra.go.jp/JRADB/accessS.html?CNAME=pw01sde1007202602070520260815%2F2A,ダート,1:55.7,,牧田 和弥,曇,馬齢,,
430(-4),55.0,2  2  2  2,中京,QUARANTINED_HTML:track_condition,1800,4,pw01dud102023107190/93,グランビスタ,14,吉村 誠之助,40.8,２ 1/2,07,02,8,3歳,未勝利,2026-08-15,pw01sde1007202602070520260815,3歳未勝利,05,牝［指定］,,11時50分,牝3,https://www.jra.go.jp/JRADB/accessS.html?CNAME=pw01sde1007202602070520260815%2F2A,ダート,1:56.1,,池添 学,曇,馬齢,,
472(-4),55.0,1  1  1  1,中京,QUARANTINED_HTML:track_condition,1800,5,pw01dud102023101585/EC,メイショウプレマ,2,国分 優作,41.0,１,07,02,3,3歳,未勝利,2026-08-15,pw01sde1007202602070520260815,3歳未勝利,05,牝［指定］,,11時50分,牝3,https://www.jra.go.jp/JRADB/accessS.html?CNAME=pw01sde1007202602070520260815%2F2A,ダート,1:56.3,,石橋 守,曇,馬齢,,
466(0),55.0,3  2  2  3,中京,QUARANTINED_HTML:track_condition,1800,6,pw01dud102023105252/8C,フローマジック,13,岩田 望来,40.9,クビ,07,02,4,3歳,未勝利,2026-08-15,pw01sde1007202602070520260815,3歳未勝利,05,牝［指定］,,11時50分,牝3,https://www.jra.go.jp/JRADB/accessS.html?CNAME=pw01sde1007202602070520260815%2F2A,ダート,1:56.3,,辻野 泰之,曇,馬齢,,
496(+2),55.0,4  5  4  4,中京,QUARANTINED_HTML:track_condition,1800,7,pw01dud102023105155/B4,マルベック,16,J.コレット,40.8,クビ,07,02,6,3歳,未勝利,2026-08-15,pw01sde1007202602070520260815,3歳未勝利,05,牝［指定］,,11時50分,牝3,https://www.jra.go.jp/JRADB/accessS.html?CNAME=pw01sde1007202602070520260815%2F2A,ダート,1:56.4,,坂口 智康,曇,馬齢,,
464(0),52.0,4  4  4  4,中京,QUARANTINED_HTML:track_condition,1800,8,pw01dud102023105641/CD,アティラン,4,▲森田 誠也,40.7,ハナ,07,02,13,3歳,未勝利,2026-08-15,pw01sde1007202602070520260815,3歳未勝利,05,牝［指定］,,11時50分,牝3,https://www.jra.go.jp/JRADB/accessS.html?CNAME=pw01sde1007202602070520260815%2F2A,ダート,1:56.4,,寺島 良,曇,馬齢,,
430(+10),54.0,12  12  13  12,中京,QUARANTINED_HTML:track_condition,1800,9,pw01dud102023102724/6A,ブライトココナッツ,5,☆田山 旺佑,40.2,１ 1/2,07,02,14,3歳,未勝利,2026-08-15,pw01sde1007202602070520260815,3歳未勝利,05,牝［指定］,,11時50分,牝3,https://www.jra.go.jp/JRADB/accessS.html?CNAME=pw01sde1007202602070520260815%2F2A,ダート,1:56.7,,橋口 慎介,曇,馬齢,,
408(-4),53.0,15  15  15  15,中京,QUARANTINED_HTML:track_condition,1800,10,pw01dud102023101666/70,ウォーターコトノハ,15,△柴田 裕一郎,39.6,１ 1/2,07,02,16,3歳,未勝利,2026-08-15,pw01sde1007202602070520260815,3歳未勝利,05,牝［指定］,,11時50分,牝3,https://www.jra.go.jp/JRADB/accessS.html?CNAME=pw01sde1007202602070520260815%2F2A,ダート,1:56.9,,岡田 稲男,曇,馬齢,,
450(-2),55.0,10  10  8  8,中京,QUARANTINED_HTML:track_condition,1800,11,pw01dud102023105587/8E,ノヴァレジーナ,1,国分 恭介,41.0,３／４,07,02,10,3歳,未勝利,2026-08-15,pw01sde1007202602070520260815,3歳未勝利,05,牝［指定］,,11時50分,牝3,https://www.jra.go.jp/JRADB/accessS.html?CNAME=pw01sde1007202602070520260815%2F2A,ダート,1:57.0,,中尾 秀正,曇,馬齢,,
410(+4),55.0,14  14  14  14,中京,QUARANTINED_HTML:track_condition,1800,12,pw01dud102023101229/C5,ピンクカメリア,8,西塚 洸二,40.2,１／２,07,02,11,3歳,未勝利,2026-08-15,pw01sde1007202602070520260815,3歳未勝利,05,牝［指定］,,11時50分,牝3,https://www.jra.go.jp/JRADB/accessS.html?CNAME=pw01sde1007202602070520260815%2F2A,ダート,1:57.1,,笹田 和秀,曇,馬齢,,
418(+4),53.0,7  7  11  13,中京,QUARANTINED_HTML:track_condition,1800,13,pw01dud102023103819/B9,ショルタメンテ,12,◇永島 まなみ,41.8,５,07,02,9,3歳,未勝利,2026-08-15,pw01sde1007202602070520260815,3歳未勝利,05,牝［指定］,,11時50分,牝3,https://www.jra.go.jp/JRADB/accessS.html?CNAME=pw01sde1007202602070520260815%2F2A,ダート,1:58.0,,田中 克典,曇,馬齢,,
474(-6),55.0,6  5  4  7,中京,QUARANTINED_HTML:track_condition,1800,14,pw01dud102023105819/97,ベイニーニャ,11,長岡 禎仁,42.4,１／２,07,02,5,3歳,未勝利,2026-08-15,pw01sde1007202602070520260815,3歳未勝利,05,牝［指定］,,11時50分,牝3,https://www.jra.go.jp/JRADB/accessS.html?CNAME=pw01sde1007202602070520260815%2F2A,ダート,1:58.1,,茶木 太樹,曇,馬齢,,
394(+6),55.0,8  7  8  10,中京,QUARANTINED_HTML:track_condition,1800,15,pw01dud102023103829/C9,クレスコフェーヴ,10,中井 裕二,42.6,３,07,02,15,3歳,未勝利,2026-08-15,pw01sde1007202602070520260815,3歳未勝利,05,牝［指定］,,11時50分,牝3,https://www.jra.go.jp/JRADB/accessS.html?CNAME=pw01sde1007202602070520260815%2F2A,ダート,1:58.6,,羽月 友彦,曇,馬齢,,
550(初出走),55.0,16  16  16  16,中京,QUARANTINED_HTML:track_condition,1800,16,pw01dud102023106365/15,パーフェクトパティ,9,西村 淳也,41.9,大差,07,02,12,3歳,未勝利,2026-08-15,pw01sde1007202602070520260815,3歳未勝利,05,牝［指定］,,11時50分,牝3,https://www.jra.go.jp/JRADB/accessS.html?CNAME=pw01sde1007202602070520260815%2F2A,ダート,2:02.1,,高橋 一哉,曇,馬齢,,
448(+2),57.0,8  7,中京,PASS_HTML,1400,1,pw01dud102023105000/F4,モンシーク,14,松山 弘平,33.6,,07,02,1,3歳,未勝利,2026-08-15,pw01sde1007202602070420260815,3歳未勝利,04,（混合）［指定］,,11時20分,牡3,https://www.jra.go.jp/JRADB/accessS.html?CNAME=pw01sde1007202602070420260815%2F75,芝,1:19.8,良,橋口 慎介,曇,馬齢,,
482(+12),57.0,8  7,中京,PASS_HTML,1400,2,pw01dud102023106931/3F,パトローナス,4,吉村 誠之助,33.6,ハナ,07,02,2,3歳,未勝利,2026-08-15,pw01sde1007202602070420260815,3歳未勝利,04,（混合）［指定］,,11時20分,せん3,https://www.jra.go.jp/JRADB/accessS.html?CNAME=pw01sde1007202602070420260815%2F75,芝,1:19.8,良,高橋 亮,曇,馬齢,,
466(-6),57.0,10  10,中京,PASS_HTML,1400,3,pw01dud102023101735/FE,リントゥラウル,12,幸 英明,33.4,１,07,02,4,3歳,未勝利,2026-08-15,pw01sde1007202602070420260815,3歳未勝利,04,（混合）［指定］,,11時20分,牡3,https://www.jra.go.jp/JRADB/accessS.html?CNAME=pw01sde1007202602070420260815%2F75,芝,1:19.9,良,秋山 真一郎,曇,馬齢,,
474(+6),55.0,3  3,中京,PASS_HTML,1400,4,pw01dud102023100910/12,ハピネスサンライズ,8,団野 大成,34.1,ハナ,07,02,7,3歳,未勝利,2026-08-15,pw01sde1007202602070420260815,3歳未勝利,04,（混合）［指定］,,11時20分,牝3,https://www.jra.go.jp/JRADB/accessS.html?CNAME=pw01sde1007202602070420260815%2F75,芝,1:19.9,良,東田 明士,曇,馬齢,,
498(-1),57.0,13  14,中京,PASS_HTML,1400,5,pw01dud102023106404/73,ペアピーターソン,3,松若 風馬,33.3,２,07,02,10,3歳,未勝利,2026-08-15,pw01sde1007202602070420260815,3歳未勝利,04,（混合）［指定］,,11時20分,牡3,https://www.jra.go.jp/JRADB/accessS.html?CNAME=pw01sde1007202602070420260815%2F75,芝,1:20.3,良,梅田 智之,曇,馬齢,,
472(+8),55.0,2  2,中京,PASS_HTML,1400,6,pw01dud102023107072/28,パノラマステージ,13,国分 優作,34.7,１／２,07,02,14,3歳,未勝利,2026-08-15,pw01sde1007202602070420260815,3歳未勝利,04,（混合）［指定］,,11時20分,牝3,https://www.jra.go.jp/JRADB/accessS.html?CNAME=pw01sde1007202602070420260815%2F75,芝,1:20.4,良,牧浦 充徳,曇,馬齢,,
444(-2),55.0,13  12,中京,PASS_HTML,1400,7,pw01dud102023103333/32,スワトウ,6,M.デムーロ,33.7,クビ,07,02,6,3歳,未勝利,2026-08-15,pw01sde1007202602070420260815,3歳未勝利,04,（混合）［指定］,,11時20分,牝3,https://www.jra.go.jp/JRADB/accessS.html?CNAME=pw01sde1007202602070420260815%2F75,芝,1:20.4,良,牧田 和弥,曇,馬齢,,
426(+1),54.0,5  5,中京,PASS_HTML,1400,8,pw01dud102023107432/AC,ルナカカオ,5,☆田山 旺佑,34.5,クビ,07,02,9,3歳,未勝利,2026-08-15,pw01sde1007202602070420260815,3歳未勝利,04,（混合）［指定］,,11時20分,牝3,https://www.jra.go.jp/JRADB/accessS.html?CNAME=pw01sde1007202602070420260815%2F75,芝,1:20.5,良,前川 恭子,曇,馬齢,,
498(+4),57.0,10  10,中京,PASS_HTML,1400,9,pw01dud102023104417/FE,アンリミテッド,1,藤懸 貴志,34.0,クビ,07,02,8,3歳,未勝利,2026-08-15,pw01sde1007202602070420260815,3歳未勝利,04,（混合）［指定］,,11時20分,牡3,https://www.jra.go.jp/JRADB/accessS.html?CNAME=pw01sde1007202602070420260815%2F75,芝,1:20.5,良,高野 友和,曇,馬齢,,
478(-4),55.0,5  5,中京,PASS_HTML,1400,10,pw01dud102023103330/D9,ルージュエテルナ,10,西塚 洸二,34.6,３／４,07,02,3,3歳,未勝利,2026-08-15,pw01sde1007202602070420260815,3歳未勝利,04,（混合）［指定］,,11時20分,牝3,https://www.jra.go.jp/JRADB/accessS.html?CNAME=pw01sde1007202602070420260815%2F75,芝,1:20.6,良,友道 康夫,曇,馬齢,,
472(+8),55.0,1  1,中京,PASS_HTML,1400,11,pw01dud102023103685/FB,リーガルスプレンダ,11,加藤 祥太,35.0,クビ,07,02,11,3歳,未勝利,2026-08-15,pw01sde1007202602070420260815,3歳未勝利,04,（混合）［指定］,,11時20分,牝3,https://www.jra.go.jp/JRADB/accessS.html?CNAME=pw01sde1007202602070420260815%2F75,芝,1:20.6,良,庄野 靖志,曇,馬齢,,
396(+2),55.0,7  7,中京,PASS_HTML,1400,12,pw01dud102023103159/A2,ロングジーニアス,7,長岡 禎仁,34.6,クビ,07,02,13,3歳,未勝利,2026-08-15,pw01sde1007202602070420260815,3歳未勝利,04,（混合）［指定］,,11時20分,牝3,https://www.jra.go.jp/JRADB/accessS.html?CNAME=pw01sde1007202602070420260815%2F75,芝,1:20.7,良,高橋 亮,曇,馬齢,,
420(+4),55.0,12  12,中京,PASS_HTML,1400,13,pw01dud102023103081/09,ヴィーラー,9,中井 裕二,34.2,１ 1/4,07,02,12,3歳,未勝利,2026-08-15,pw01sde1007202602070420260815,3歳未勝利,04,（混合）［指定］,,11時20分,牝3,https://www.jra.go.jp/JRADB/accessS.html?CNAME=pw01sde1007202602070420260815%2F75,芝,1:20.9,良,矢作 芳人,曇,馬齢,,
512(+4),57.0,4  3,中京,PASS_HTML,1400,14,pw01dud102023102920/00,アイルトン,2,酒井 学,35.6,３ 1/2,07,02,5,3歳,未勝利,2026-08-15,pw01sde1007202602070420260815,3歳未勝利,04,（混合）［指定］,,11時20分,牡3,https://www.jra.go.jp/JRADB/accessS.html?CNAME=pw01sde1007202602070420260815%2F75,芝,1:21.5,良,橋田 宜長,曇,馬齢,,
522(-6),56.0,5  5,中京,PASS_HTML,1200,1,pw01dud102023105273/1F,フォーゲル,10,J.コレット,33.0,,07,02,2,3歳以上,2勝クラス,2026-08-15,pw01sde1007202602070620260815,知多特別,06,（混合）（特指）,,15時10分,牡3,https://www.jra.go.jp/JRADB/accessS.html?CNAME=pw01sde1007202602070620260815%2FDF,芝,1:07.3,良,斉藤 崇史,晴,定量,,
474(+6),56.0,1  1,中京,PASS_HTML,1200,2,pw01dud102023104528/B2,トップアタック,7,坂井 瑠星,33.7,１／２,07,02,1,3歳以上,2勝クラス,2026-08-15,pw01sde1007202602070620260815,知多特別,06,（混合）（特指）,,15時10分,牡3,https://www.jra.go.jp/JRADB/accessS.html?CNAME=pw01sde1007202602070620260815%2FDF,芝,1:07.4,良,小椋 研介,晴,定量,,
506(0),58.0,2  2,中京,PASS_HTML,1200,3,pw01dud102021100476/17,ファイツオン,8,吉村 誠之助,33.6,クビ,07,02,9,3歳以上,2勝クラス,2026-08-15,pw01sde1007202602070620260815,知多特別,06,（混合）（特指）,,15時10分,牡5,https://www.jra.go.jp/JRADB/accessS.html?CNAME=pw01sde1007202602070620260815%2FDF,芝,1:07.4,良,藤岡 健一,晴,定量,,
466(+4),56.0,8  8,中京,PASS_HTML,1200,4,pw01dud102022104501/E1,パリコレジェンヌ,5,田口 貫太,33.1,１,07,02,5,3歳以上,2勝クラス,2026-08-15,pw01sde1007202602070620260815,知多特別,06,（混合）（特指）,,15時10分,牝4,https://www.jra.go.jp/JRADB/accessS.html?CNAME=pw01sde1007202602070620260815%2FDF,芝,1:07.6,良,鈴木 孝志,晴,定量,,
462(-16),56.0,8  8,中京,PASS_HTML,1200,5,pw01dud102023104044/11,モンサンゴールデン,4,柴田 裕一郎,33.2,ハナ,07,02,7,3歳以上,2勝クラス,2026-08-15,pw01sde1007202602070620260815,知多特別,06,（混合）（特指）,,15時10分,牡3,https://www.jra.go.jp/JRADB/accessS.html?CNAME=pw01sde1007202602070620260815%2FDF,芝,1:07.6,良,中竹 和也,晴,定量,,
446(-2),58.0,10  10,中京,PASS_HTML,1200,6,pw01dud102021106661/C4,ヒーローインチーフ,3,富田 暁,33.0,クビ,07,02,8,3歳以上,2勝クラス,2026-08-15,pw01sde1007202602070620260815,知多特別,06,（混合）（特指）,,15時10分,せん5,https://www.jra.go.jp/JRADB/accessS.html?CNAME=pw01sde1007202602070620260815%2FDF,芝,1:07.6,良,吉田 直弘,晴,定量,,
450(+2),54.0,3  3,中京,PASS_HTML,1200,7,pw01dud102023105668/12,シラヌイ,9,松山 弘平,33.7,１ 1/4,07,02,3,3歳以上,2勝クラス,2026-08-15,pw01sde1007202602070620260815,知多特別,06,（混合）（特指）,,15時10分,牝3,https://www.jra.go.jp/JRADB/accessS.html?CNAME=pw01sde1007202602070620260815%2FDF,芝,1:07.8,良,高橋 亮,晴,定量,,
472(0),58.0,10  10,中京,PASS_HTML,1200,8,pw01dud102020104732/CE,ハルオーブ,2,酒井 学,33.3,１ 1/4,07,02,10,3歳以上,2勝クラス,2026-08-15,pw01sde1007202602070620260815,知多特別,06,（混合）（特指）,,15時10分,牡6,https://www.jra.go.jp/JRADB/accessS.html?CNAME=pw01sde1007202602070620260815%2FDF,芝,1:08.0,良,武井 亮,晴,定量,,
494(+24),56.0,3  3,中京,PASS_HTML,1200,9,pw01dud102021100650/A7,タミゼ,6,幸 英明,34.3,１ 1/2,07,02,11,3歳以上,2勝クラス,2026-08-15,pw01sde1007202602070620260815,知多特別,06,（混合）（特指）,,15時10分,牝5,https://www.jra.go.jp/JRADB/accessS.html?CNAME=pw01sde1007202602070620260815%2FDF,芝,1:08.3,良,平田 修,晴,定量,,
442(-2),56.0,5  5,中京,PASS_HTML,1200,10,pw01dud102022102729/1D,インフローレ,11,岩田 望来,34.1,クビ,07,02,6,3歳以上,2勝クラス,2026-08-15,pw01sde1007202602070620260815,知多特別,06,（混合）（特指）,,15時10分,牝4,https://www.jra.go.jp/JRADB/accessS.html?CNAME=pw01sde1007202602070620260815%2FDF,芝,1:08.3,良,寺島 良,晴,定量,,
476(+8),56.0,5  5,中京,PASS_HTML,1200,11,pw01dud102022104597/23,モンテディアーナ,1,団野 大成,34.3,１ 1/4,07,02,4,3歳以上,2勝クラス,2026-08-15,pw01sde1007202602070620260815,知多特別,06,（混合）（特指）,,15時10分,牝4,https://www.jra.go.jp/JRADB/accessS.html?CNAME=pw01sde1007202602070620260815%2FDF,芝,1:08.5,良,四位 洋文,晴,定量,,
476(+2),57.0,8  8  7  7,中京,PASS_HTML,2000,1,pw01dud102021102728/1E,バッデレイト,5,岩田 望来,34.4,,07,02,2,3歳以上,3勝クラス,2026-08-15,pw01sde1007202602070720260815,高山ステークス,07,（混合）［指定］,,15時45分,牡5,https://www.jra.go.jp/JRADB/accessS.html?CNAME=pw01sde1007202602070720260815%2F94,芝,1:57.8,良,上村 洋行,晴,ハンデ,,
478(+8),55.0,7  7  7  7,中京,PASS_HTML,2000,2,pw01dud102020101486/8A,ドットクルー,3,西塚 洸二,34.6,１ 1/2,07,02,7,3歳以上,3勝クラス,2026-08-15,pw01sde1007202602070720260815,高山ステークス,07,（混合）［指定］,,15時45分,牡6,https://www.jra.go.jp/JRADB/accessS.html?CNAME=pw01sde1007202602070720260815%2F94,芝,1:58.0,良,笹田 和秀,晴,ハンデ,,
494(+2),55.0,3  3  3  3,中京,PASS_HTML,2000,3,pw01dud102021102115/8F,アラタマフェーヴル,1,J.コレット,34.9,クビ,07,02,6,3歳以上,3勝クラス,2026-08-15,pw01sde1007202602070720260815,高山ステークス,07,（混合）［指定］,,15時45分,牡5,https://www.jra.go.jp/JRADB/accessS.html?CNAME=pw01sde1007202602070720260815%2F94,芝,1:58.0,良,浜田 多実雄,晴,ハンデ,,
456(+4),55.0,2  2  2  2,中京,PASS_HTML,2000,4,pw01dud102022105399/96,ダノンジャイアン,4,西村 淳也,35.2,１／２,07,02,5,3歳以上,3勝クラス,2026-08-15,pw01sde1007202602070720260815,高山ステークス,07,（混合）［指定］,,15時45分,牡4,https://www.jra.go.jp/JRADB/accessS.html?CNAME=pw01sde1007202602070720260815%2F94,芝,1:58.1,良,茶木 太樹,晴,ハンデ,,
468(+10),54.0,3  3  3  3,中京,PASS_HTML,2000,5,pw01dud102022100626/B5,フィオレストラーダ,7,松若 風馬,35.1,アタマ,07,02,1,3歳以上,3勝クラス,2026-08-15,pw01sde1007202602070720260815,高山ステークス,07,（混合）［指定］,,15時45分,牝4,https://www.jra.go.jp/JRADB/accessS.html?CNAME=pw01sde1007202602070720260815%2F94,芝,1:58.2,良,杉山 晴紀,晴,ハンデ,,
452(-4),56.0,6  6  5  5,中京,PASS_HTML,2000,6,pw01dud102022105345/7A,シンゼンカガ,2,団野 大成,35.6,３ 1/2,07,02,3,3歳以上,3勝クラス,2026-08-15,pw01sde1007202602070720260815,高山ステークス,07,（混合）［指定］,,15時45分,牡4,https://www.jra.go.jp/JRADB/accessS.html?CNAME=pw01sde1007202602070720260815%2F94,芝,1:58.8,良,荒川 義之,晴,ハンデ,,
466(0),53.0,5  5  5  5,中京,PASS_HTML,2000,7,pw01dud102021104948/7E,キーパフォーマー,6,吉村 誠之助,35.7,３／４,07,02,4,3歳以上,3勝クラス,2026-08-15,pw01sde1007202602070720260815,高山ステークス,07,（混合）［指定］,,15時45分,牝5,https://www.jra.go.jp/JRADB/accessS.html?CNAME=pw01sde1007202602070720260815%2F94,芝,1:58.9,良,辻野 泰之,晴,ハンデ,,
470(-10),50.0,1  1  1  1,中京,PASS_HTML,2000,8,pw01dud102023101405/3B,カクウチ,8,藤懸 貴志,36.5,１ 3/4,07,02,8,3歳以上,3勝クラス,2026-08-15,pw01sde1007202602070720260815,高山ステークス,07,（混合）［指定］,,15時45分,牡3,https://www.jra.go.jp/JRADB/accessS.html?CNAME=pw01sde1007202602070720260815%2F94,芝,1:59.2,良,小崎 憲,晴,ハンデ,,
504(-2),55.0,3  3  2  2,中京,PASS_HTML,2000,1,pw01dud102023107106/B5,チェルヴァーラ,8,西村 淳也,33.6,,07,02,2,3歳以上,1勝クラス,2026-08-15,pw01sde1007202602070820260815,常滑特別,08,（特指）,,16時25分,牡3,https://www.jra.go.jp/JRADB/accessS.html?CNAME=pw01sde1007202602070820260815%2F49,芝,1:58.2,良,松下 武士,晴,定量,,
480(+4),55.0,1  1  1  1,中京,PASS_HTML,2000,2,pw01dud102023100947/67,アクセス,1,坂井 瑠星,34.0,１／２,07,02,1,3歳以上,1勝クラス,2026-08-15,pw01sde1007202602070820260815,常滑特別,08,（特指）,,16時25分,牡3,https://www.jra.go.jp/JRADB/accessS.html?CNAME=pw01sde1007202602070820260815%2F49,芝,1:58.3,良,上村 洋行,晴,定量,,
462(0),55.0,5  5  5  5,中京,PASS_HTML,2000,3,pw01dud102023102901/53,ダンツウルス,6,田口 貫太,34.1,３ 1/2,07,02,5,3歳以上,1勝クラス,2026-08-15,pw01sde1007202602070820260815,常滑特別,08,（特指）,,16時25分,牡3,https://www.jra.go.jp/JRADB/accessS.html?CNAME=pw01sde1007202602070820260815%2F49,芝,1:58.9,良,谷 潔,晴,定量,,
470(-6),55.0,8  8  8  8,中京,PASS_HTML,2000,4,pw01dud102023103897/53,ショウグンマサムネ,10,岩田 望来,34.0,１／２,07,02,3,3歳以上,1勝クラス,2026-08-15,pw01sde1007202602070820260815,常滑特別,08,（特指）,,16時25分,牡3,https://www.jra.go.jp/JRADB/accessS.html?CNAME=pw01sde1007202602070820260815%2F49,芝,1:59.0,良,佐藤 悠太,晴,定量,,
434(-2),55.0,5  5  5  5,中京,PASS_HTML,2000,5,pw01dud102023104008/9D,アトレッタ,9,幸 英明,34.5,１ 3/4,07,02,7,3歳以上,1勝クラス,2026-08-15,pw01sde1007202602070820260815,常滑特別,08,（特指）,,16時25分,牡3,https://www.jra.go.jp/JRADB/accessS.html?CNAME=pw01sde1007202602070820260815%2F49,芝,1:59.3,良,斉藤 崇史,晴,定量,,
410(+4),53.0,10  9  9  9,中京,PASS_HTML,2000,6,pw01dud102023101404/C8,パンチャマハブータ,4,松山 弘平,34.5,１ 3/4,07,02,6,3歳以上,1勝クラス,2026-08-15,pw01sde1007202602070820260815,常滑特別,08,（特指）,,16時25分,牝3,https://www.jra.go.jp/JRADB/accessS.html?CNAME=pw01sde1007202602070820260815%2F49,芝,1:59.6,良,吉田 直弘,晴,定量,,
472(+8),56.0,7  5  5  5,中京,PASS_HTML,2000,7,pw01dud102021105769/9E,ピースヒロフェイス,5,富田 暁,35.7,５,07,02,8,3歳以上,1勝クラス,2026-08-15,pw01sde1007202602070820260815,常滑特別,08,（特指）,,16時25分,牝5,https://www.jra.go.jp/JRADB/accessS.html?CNAME=pw01sde1007202602070820260815%2F49,芝,2:00.5,良,牧 光二,晴,定量,,
506(-2),55.0,3  3  2  2,中京,PASS_HTML,2000,8,pw01dud102023101582/93,ベンティガオルサ,7,団野 大成,36.8,５,07,02,4,3歳以上,1勝クラス,2026-08-15,pw01sde1007202602070820260815,常滑特別,08,（特指）,,16時25分,牡3,https://www.jra.go.jp/JRADB/accessS.html?CNAME=pw01sde1007202602070820260815%2F49,芝,2:01.4,良,清水 久詞,晴,定量,,
486(+12),58.0,2  2  2  2,中京,PASS_HTML,2000,9,pw01dud102022106295/88,スイッチビスケット,3,松若 風馬,36.9,クビ,07,02,9,3歳以上,1勝クラス,2026-08-15,pw01sde1007202602070820260815,常滑特別,08,（特指）,,16時25分,牡4,https://www.jra.go.jp/JRADB/accessS.html?CNAME=pw01sde1007202602070820260815%2F49,芝,2:01.5,良,森田 直行,晴,定量,,
432(+1),53.0,9  9  10  10,中京,PASS_HTML,2000,10,pw01dud102023105495/87,エイシンリファイン,2,筒井 勇介,36.1,５,07,02,10,3歳以上,1勝クラス,2026-08-15,pw01sde1007202602070820260815,常滑特別,08,（特指）,,16時25分,牝3,https://www.jra.go.jp/JRADB/accessS.html?CNAME=pw01sde1007202602070820260815%2F49,芝,2:02.4,良,笹野 博司,晴,定量,,
488(+4),54.0,2  1,中京,QUARANTINED_HTML:track_condition,1400,1,pw01dud102021106332/74,ミルミナーヴァ,9,◇永島 まなみ,37.6,,07,02,11,3歳以上,1勝クラス,2026-08-15,pw01sde1007202602071020260815,3歳以上1勝クラス,10,（混合）［指定］,,17時30分,牝5,https://www.jra.go.jp/JRADB/accessS.html?CNAME=pw01sde1007202602071020260815%2FF3,ダート,1:24.1,,橋田 宜長,晴,定量,,
498(-8),55.0,16  16,中京,QUARANTINED_HTML:track_condition,1400,2,pw01dud102023102902/C6,エブリデイ,2,秋山 稔樹,36.1,１ 1/4,07,02,9,3歳以上,1勝クラス,2026-08-15,pw01sde1007202602071020260815,3歳以上1勝クラス,10,（混合）［指定］,,17時30分,牡3,https://www.jra.go.jp/JRADB/accessS.html?CNAME=pw01sde1007202602071020260815%2FF3,ダート,1:24.3,,北出 成人,晴,定量,,
516(0),55.0,3  3,中京,QUARANTINED_HTML:track_condition,1400,3,pw01dud102023110029/42,ジューンセクレタ,14,富田 暁,37.9,３／４,07,02,3,3歳以上,1勝クラス,2026-08-15,pw01sde1007202602071020260815,3歳以上1勝クラス,10,（混合）［指定］,,17時30分,牡3,https://www.jra.go.jp/JRADB/accessS.html?CNAME=pw01sde1007202602071020260815%2FF3,ダート,1:24.5,,武 英智,晴,定量,,
516(0),58.0,4  4,中京,QUARANTINED_HTML:track_condition,1400,4,pw01dud102020110051/36,ザングウィル,10,岩田 望来,37.9,１ 1/4,07,02,2,3歳以上,1勝クラス,2026-08-15,pw01sde1007202602071020260815,3歳以上1勝クラス,10,（混合）［指定］,,17時30分,牡6,https://www.jra.go.jp/JRADB/accessS.html?CNAME=pw01sde1007202602071020260815%2FF3,ダート,1:24.7,,佐藤 悠太,晴,定量,,
504(-2),53.0,8  8,中京,QUARANTINED_HTML:track_condition,1400,5,pw01dud102023103718/15,アーガイルショア,12,団野 大成,37.7,１ 1/4,07,02,5,3歳以上,1勝クラス,2026-08-15,pw01sde1007202602071020260815,3歳以上1勝クラス,10,（混合）［指定］,,17時30分,牝3,https://www.jra.go.jp/JRADB/accessS.html?CNAME=pw01sde1007202602071020260815%2FF3,ダート,1:24.9,,安田 翔伍,晴,定量,,
430(+2),54.0,8  8,中京,QUARANTINED_HTML:track_condition,1400,6,pw01dud102022110157/31,レーヴドアンジュ,5,△柴田 裕一郎,37.8,１／２,07,02,16,3歳以上,1勝クラス,2026-08-15,pw01sde1007202602071020260815,3歳以上1勝クラス,10,（混合）［指定］,,17時30分,牝4,https://www.jra.go.jp/JRADB/accessS.html?CNAME=pw01sde1007202602071020260815%2FF3,ダート,1:25.0,,河嶋 宏樹,晴,定量,,
512(-4),55.0,7  7,中京,QUARANTINED_HTML:track_condition,1400,7,pw01dud102023110036/F9,キーンセンス,15,幸 英明,38.1,１,07,02,6,3歳以上,1勝クラス,2026-08-15,pw01sde1007202602071020260815,3歳以上1勝クラス,10,（混合）［指定］,,17時30分,牡3,https://www.jra.go.jp/JRADB/accessS.html?CNAME=pw01sde1007202602071020260815%2FF3,ダート,1:25.1,,松永 幹夫,晴,定量,,
464(+2),53.0,4  4,中京,QUARANTINED_HTML:track_condition,1400,8,pw01dud102023106228/FD,ナムラティアラ,7,松若 風馬,38.4,１／２,07,02,10,3歳以上,1勝クラス,2026-08-15,pw01sde1007202602071020260815,3歳以上1勝クラス,10,（混合）［指定］,,17時30分,牝3,https://www.jra.go.jp/JRADB/accessS.html?CNAME=pw01sde1007202602071020260815%2FF3,ダート,1:25.2,,牧田 和弥,晴,定量,,
450(-8),58.0,12  11,中京,QUARANTINED_HTML:track_condition,1400,9,pw01dud102022106177/1D,バルミラクル,6,鮫島 良太,37.7,ハナ,07,02,13,3歳以上,1勝クラス,2026-08-15,pw01sde1007202602071020260815,3歳以上1勝クラス,10,（混合）［指定］,,17時30分,牡4,https://www.jra.go.jp/JRADB/accessS.html?CNAME=pw01sde1007202602071020260815%2FF3,ダート,1:25.2,,河嶋 宏樹,晴,定量,,
462(+2),58.0,8  11,中京,QUARANTINED_HTML:track_condition,1400,10,pw01dud102022102624/AD,エイシンマールス,11,松山 弘平,38.1,１ 1/4,07,02,4,3歳以上,1勝クラス,2026-08-15,pw01sde1007202602071020260815,3歳以上1勝クラス,10,（混合）［指定］,,17時30分,牡4,https://www.jra.go.jp/JRADB/accessS.html?CNAME=pw01sde1007202602071020260815%2FF3,ダート,1:25.4,,今野 貞一,晴,定量,,
444(+10),53.0,8  8,中京,QUARANTINED_HTML:track_condition,1400,11,pw01dud102023102460/4B,アーディアイリ,3,吉村 誠之助,38.4,１ 1/2,07,02,7,3歳以上,1勝クラス,2026-08-15,pw01sde1007202602071020260815,3歳以上1勝クラス,10,（混合）［指定］,,17時30分,牝3,https://www.jra.go.jp/JRADB/accessS.html?CNAME=pw01sde1007202602071020260815%2FF3,ダート,1:25.7,,緒方 努,晴,定量,,
470(+10),55.0,4  4,中京,QUARANTINED_HTML:track_condition,1400,12,pw01dud102021107097/6F,ララバッカナール,16,☆田山 旺佑,39.4,３,07,02,1,3歳以上,1勝クラス,2026-08-15,pw01sde1007202602071020260815,3歳以上1勝クラス,10,（混合）［指定］,,17時30分,牝5,https://www.jra.go.jp/JRADB/accessS.html?CNAME=pw01sde1007202602071020260815%2FF3,ダート,1:26.2,,佐藤 悠太,晴,定量,,
490(+6),55.0,14  13,中京,QUARANTINED_HTML:track_condition,1400,13,pw01dud102023104674/67,タイセイサーブル,1,西村 淳也,38.4,１／２,07,02,12,3歳以上,1勝クラス,2026-08-15,pw01sde1007202602071020260815,3歳以上1勝クラス,10,（混合）［指定］,,17時30分,牡3,https://www.jra.go.jp/JRADB/accessS.html?CNAME=pw01sde1007202602071020260815%2FF3,ダート,1:26.3,,高野 友和,晴,定量,,
464(+6),53.0,12  15,中京,QUARANTINED_HTML:track_condition,1400,14,pw01dud102023105301/FA,シュテフィ,13,田口 貫太,39.0,２,07,02,14,3歳以上,1勝クラス,2026-08-15,pw01sde1007202602071020260815,3歳以上1勝クラス,10,（混合）［指定］,,17時30分,牝3,https://www.jra.go.jp/JRADB/accessS.html?CNAME=pw01sde1007202602071020260815%2FF3,ダート,1:26.6,,牧田 和弥,晴,定量,,
462(+10),53.0,14  13,中京,QUARANTINED_HTML:track_condition,1400,15,pw01dud102022103453/F7,ラブミーナッソー,4,▲森田 誠也,38.9,１,07,02,15,3歳以上,1勝クラス,2026-08-15,pw01sde1007202602071020260815,3歳以上1勝クラス,10,（混合）［指定］,,17時30分,牝4,https://www.jra.go.jp/JRADB/accessS.html?CNAME=pw01sde1007202602071020260815%2FF3,ダート,1:26.8,,宮 徹,晴,定量,,
460(-5),58.0,1  2,中京,QUARANTINED_HTML:track_condition,1400,16,pw01dud102021102318/4A,アスクムービーオン,8,J.コレット,43.2,大差,07,02,8,3歳以上,1勝クラス,2026-08-15,pw01sde1007202602071020260815,3歳以上1勝クラス,10,（混合）［指定］,,17時30分,せん5,https://www.jra.go.jp/JRADB/accessS.html?CNAME=pw01sde1007202602071020260815%2FF3,ダート,1:29.7,,前川 恭子,晴,定量,,
468(0),54.0,2  2  2  2,中京,QUARANTINED_HTML:track_condition,1800,1,pw01dud102023102707/A3,ヨカオウ,15,☆田山 旺佑,38.8,,07,02,4,3歳以上,1勝クラス,2026-08-15,pw01sde1007202602070920260815,3歳以上1勝クラス,09,（混合）［指定］,,17時00分,牡3,https://www.jra.go.jp/JRADB/accessS.html?CNAME=pw01sde1007202602070920260815%2FFE,ダート,1:53.6,,谷 潔,晴,定量,,
476(+4),55.0,11  11  12  9,中京,QUARANTINED_HTML:track_condition,1800,2,pw01dud102023105762/91,ケイアイアマゾン,16,藤懸 貴志,37.9,３／４,07,02,7,3歳以上,1勝クラス,2026-08-15,pw01sde1007202602070920260815,3歳以上1勝クラス,09,（混合）［指定］,,17時00分,牡3,https://www.jra.go.jp/JRADB/accessS.html?CNAME=pw01sde1007202602070920260815%2FFE,ダート,1:53.7,,秋山 真一郎,晴,定量,,
474(+2),58.0,15  15  15  14,中京,QUARANTINED_HTML:track_condition,1800,3,pw01dud102021104618/BB,タリスマン,12,伊藤 工真,37.6,３／４,07,02,15,3歳以上,1勝クラス,2026-08-15,pw01sde1007202602070920260815,3歳以上1勝クラス,09,（混合）［指定］,,17時00分,牡5,https://www.jra.go.jp/JRADB/accessS.html?CNAME=pw01sde1007202602070920260815%2FFE,ダート,1:53.8,,金成 貴史,晴,定量,,
504(+4),55.0,10  9  5  4,中京,QUARANTINED_HTML:track_condition,1800,4,pw01dud102023105516/AB,エイシンティザー,3,岩田 望来,38.7,１／２,07,02,1,3歳以上,1勝クラス,2026-08-15,pw01sde1007202602070920260815,3歳以上1勝クラス,09,（混合）［指定］,,17時00分,牡3,https://www.jra.go.jp/JRADB/accessS.html?CNAME=pw01sde1007202602070920260815%2FFE,ダート,1:53.9,,吉村 圭司,晴,定量,,
416(-4),55.0,11  11  13  13,中京,QUARANTINED_HTML:track_condition,1800,5,pw01dud102023101953/9A,メイショウサッソウ,5,加藤 祥太,38.2,１ 1/2,07,02,11,3歳以上,1勝クラス,2026-08-15,pw01sde1007202602070920260815,3歳以上1勝クラス,09,（混合）［指定］,,17時00分,牡3,https://www.jra.go.jp/JRADB/accessS.html?CNAME=pw01sde1007202602070920260815%2FFE,ダート,1:54.2,,庄野 靖志,晴,定量,,
482(-6),58.0,14  13  7  6,中京,QUARANTINED_HTML:track_condition,1800,6,pw01dud102022104841/B4,オーレアミスト,6,角田 大和,38.8,１／２,07,02,13,3歳以上,1勝クラス,2026-08-15,pw01sde1007202602070920260815,3歳以上1勝クラス,09,（混合）［指定］,,17時00分,せん4,https://www.jra.go.jp/JRADB/accessS.html?CNAME=pw01sde1007202602070920260815%2FFE,ダート,1:54.3,,井上 智史,晴,定量,,
484(+2),58.0,3  3  5  6,中京,QUARANTINED_HTML:track_condition,1800,7,pw01dud102021102835/06,メイショウマドロス,2,坂井 瑠星,39.6,４,07,02,3,3歳以上,1勝クラス,2026-08-15,pw01sde1007202602070920260815,3歳以上1勝クラス,09,（混合）［指定］,,17時00分,牡5,https://www.jra.go.jp/JRADB/accessS.html?CNAME=pw01sde1007202602070920260815%2FFE,ダート,1:54.9,,石橋 守,晴,定量,,
450(+2),58.0,13  13  10  9,中京,QUARANTINED_HTML:track_condition,1800,8,pw01dud102022103143/54,ロックウイズユー,14,J.コレット,39.2,クビ,07,02,9,3歳以上,1勝クラス,2026-08-15,pw01sde1007202602070920260815,3歳以上1勝クラス,09,（混合）［指定］,,17時00分,せん4,https://www.jra.go.jp/JRADB/accessS.html?CNAME=pw01sde1007202602070920260815%2FFE,ダート,1:54.9,,橋田 宜長,晴,定量,,
522(-18),55.0,7  7  7  6,中京,QUARANTINED_HTML:track_condition,1800,9,pw01dud102023107203/8D,インシオン,7,西塚 洸二,39.5,１／２,07,02,5,3歳以上,1勝クラス,2026-08-15,pw01sde1007202602070920260815,3歳以上1勝クラス,09,（混合）［指定］,,17時00分,牡3,https://www.jra.go.jp/JRADB/accessS.html?CNAME=pw01sde1007202602070920260815%2FFE,ダート,1:55.0,,藤原 英昭,晴,定量,,
480(+2),55.0,8  7  10  9,中京,QUARANTINED_HTML:track_condition,1800,10,pw01dud102022104640/DF,ルシタニア,1,▲森田 誠也,39.5,１ 1/2,07,02,14,3歳以上,1勝クラス,2026-08-15,pw01sde1007202602070920260815,3歳以上1勝クラス,09,（混合）［指定］,,17時00分,せん4,https://www.jra.go.jp/JRADB/accessS.html?CNAME=pw01sde1007202602070920260815%2FFE,ダート,1:55.2,,武 幸四郎,晴,定量,,
472(-12),58.0,15  16  16  15,中京,QUARANTINED_HTML:track_condition,1800,11,pw01dud102022105697/43,ソリッドベーシス,4,秋山 稔樹,38.6,ハナ,07,02,16,3歳以上,1勝クラス,2026-08-15,pw01sde1007202602070920260815,3歳以上1勝クラス,09,（混合）［指定］,,17時00分,せん4,https://www.jra.go.jp/JRADB/accessS.html?CNAME=pw01sde1007202602070920260815%2FFE,ダート,1:55.2,,大和田 成,晴,定量,,
550(+18),58.0,3  3  3  3,中京,QUARANTINED_HTML:track_condition,1800,12,pw01dud102022105075/17,タイセイドラード,10,西村 淳也,40.3,１／２,07,02,2,3歳以上,1勝クラス,2026-08-15,pw01sde1007202602070920260815,3歳以上1勝クラス,09,（混合）［指定］,,17時00分,牡4,https://www.jra.go.jp/JRADB/accessS.html?CNAME=pw01sde1007202602070920260815%2FFE,ダート,1:55.3,,杉山 晴紀,晴,定量,,
482(0),55.0,1  1  1  1,中京,QUARANTINED_HTML:track_condition,1800,13,pw01dud102023101694/BA,ケンフィールド,13,幸 英明,40.9,１,07,02,8,3歳以上,1勝クラス,2026-08-15,pw01sde1007202602070920260815,3歳以上1勝クラス,09,（混合）［指定］,,17時00分,牡3,https://www.jra.go.jp/JRADB/accessS.html?CNAME=pw01sde1007202602070920260815%2FFE,ダート,1:55.5,,大根田 裕之,晴,定量,,
478(+8),55.0,8  10  14  16,中京,QUARANTINED_HTML:track_condition,1800,14,pw01dud102023105963/66,ナリノシャーウッド,11,団野 大成,39.7,１ 1/2,07,02,6,3歳以上,1勝クラス,2026-08-15,pw01sde1007202602070920260815,3歳以上1勝クラス,09,（混合）［指定］,,17時00分,牡3,https://www.jra.go.jp/JRADB/accessS.html?CNAME=pw01sde1007202602070920260815%2FFE,ダート,1:55.8,,小笠 倫弘,晴,定量,,
500(-6),58.0,3  3  3  4,中京,QUARANTINED_HTML:track_condition,1800,15,pw01dud102022105548/35,プロスペクトパーク,9,筒井 勇介,41.4,３ 1/2,07,02,10,3歳以上,1勝クラス,2026-08-15,pw01sde1007202602070920260815,3歳以上1勝クラス,09,（混合）［指定］,,17時00分,牡4,https://www.jra.go.jp/JRADB/accessS.html?CNAME=pw01sde1007202602070920260815%2FFE,ダート,1:56.4,,高柳 瑞樹,晴,定量,,
496(+6),55.0,3  6  7  9,中京,QUARANTINED_HTML:track_condition,1800,16,pw01dud102023105468/B0,アーサーバローズ,8,吉村 誠之助,41.8,６,07,02,12,3歳以上,1勝クラス,2026-08-15,pw01sde1007202602070920260815,3歳以上1勝クラス,09,（混合）［指定］,,17時00分,牡3,https://www.jra.go.jp/JRADB/accessS.html?CNAME=pw01sde1007202602070920260815%2FFE,ダート,1:57.4,,寺島 良,晴,定量,,
478(+10),55.0,10  9  8,中京,PASS_HTML,1600,1,pw01dud102023102814/8B,イージーライダー,4,J.コレット,32.9,,07,02,2,3歳以上,1勝クラス,2026-08-15,pw01sde1007202602071120260815,3歳以上1勝クラス,11,[指定],,18時00分,牡3,https://www.jra.go.jp/JRADB/accessS.html?CNAME=pw01sde1007202602071120260815%2FA8,芝,1:33.4,良,杉山 晴紀,晴,定量,,
504(+10),58.0,2  5  5,中京,PASS_HTML,1600,2,pw01dud102022101565/40,プチプランス,3,吉村 誠之助,33.4,１ 1/2,07,02,9,3歳以上,1勝クラス,2026-08-15,pw01sde1007202602071120260815,3歳以上1勝クラス,11,[指定],,18時00分,牡4,https://www.jra.go.jp/JRADB/accessS.html?CNAME=pw01sde1007202602071120260815%2FA8,芝,1:33.6,良,藤岡 健一,晴,定量,,
466(+4),55.0,12  11  10,中京,PASS_HTML,1600,3,pw01dud102023106785/F9,マイリトルヒーロー,11,幸 英明,32.9,ハナ,07,02,4,3歳以上,1勝クラス,2026-08-15,pw01sde1007202602071120260815,3歳以上1勝クラス,11,[指定],,18時00分,牡3,https://www.jra.go.jp/JRADB/accessS.html?CNAME=pw01sde1007202602071120260815%2FA8,芝,1:33.6,良,高橋 康之,晴,定量,,
458(-2),53.0,2  2  2,中京,PASS_HTML,1600,4,pw01dud102023105720/6B,ペプチドブッドレア,13,団野 大成,33.9,１ 1/4,07,02,3,3歳以上,1勝クラス,2026-08-15,pw01sde1007202602071120260815,3歳以上1勝クラス,11,[指定],,18時00分,牝3,https://www.jra.go.jp/JRADB/accessS.html?CNAME=pw01sde1007202602071120260815%2FA8,芝,1:33.8,良,吉村 圭司,晴,定量,,
462(-2),56.0,4  7  5,中京,PASS_HTML,1600,5,pw01dud102020103292/4A,ハレアカラフラ,8,松若 風馬,33.7,１,07,02,7,3歳以上,1勝クラス,2026-08-15,pw01sde1007202602071120260815,3歳以上1勝クラス,11,[指定],,18時00分,牝6,https://www.jra.go.jp/JRADB/accessS.html?CNAME=pw01sde1007202602071120260815%2FA8,芝,1:34.0,良,吉田 直弘,晴,定量,,
408(+2),53.0,6  8  8,中京,PASS_HTML,1600,6,pw01dud102023102225/E8,スマートティアナ,1,岩田 望来,33.6,アタマ,07,02,1,3歳以上,1勝クラス,2026-08-15,pw01sde1007202602071120260815,3歳以上1勝クラス,11,[指定],,18時00分,牝3,https://www.jra.go.jp/JRADB/accessS.html?CNAME=pw01sde1007202602071120260815%2FA8,芝,1:34.0,良,石橋 守,晴,定量,,
422(+2),56.0,7  2  3,中京,PASS_HTML,1600,7,pw01dud102021105416/62,ラガークイン,15,田口 貫太,33.9,クビ,07,02,14,3歳以上,1勝クラス,2026-08-15,pw01sde1007202602071120260815,3歳以上1勝クラス,11,[指定],,18時00分,牝5,https://www.jra.go.jp/JRADB/accessS.html?CNAME=pw01sde1007202602071120260815%2FA8,芝,1:34.0,良,大久保 龍志,晴,定量,,
472(-12),53.0,10  11  10,中京,PASS_HTML,1600,8,pw01dud102023107074/0E,ミラキュラスアース,2,西塚 洸二,33.4,１／２,07,02,5,3歳以上,1勝クラス,2026-08-15,pw01sde1007202602071120260815,3歳以上1勝クラス,11,[指定],,18時00分,牝3,https://www.jra.go.jp/JRADB/accessS.html?CNAME=pw01sde1007202602071120260815%2FA8,芝,1:34.1,良,奥村 豊,晴,定量,,
422(-4),56.0,14  14  13,中京,PASS_HTML,1600,9,pw01dud102022100457/F6,テレプシコーラ,14,中井 裕二,33.1,クビ,07,02,10,3歳以上,1勝クラス,2026-08-15,pw01sde1007202602071120260815,3歳以上1勝クラス,11,[指定],,18時00分,牝4,https://www.jra.go.jp/JRADB/accessS.html?CNAME=pw01sde1007202602071120260815%2FA8,芝,1:34.1,良,坂口 智康,晴,定量,,
444(-4),58.0,12  13  13,中京,PASS_HTML,1600,10,pw01dud102022103251/AF,メイショウビストロ,5,富田 暁,33.2,ハナ,07,02,6,3歳以上,1勝クラス,2026-08-15,pw01sde1007202602071120260815,3歳以上1勝クラス,11,[指定],,18時00分,牡4,https://www.jra.go.jp/JRADB/accessS.html?CNAME=pw01sde1007202602071120260815%2FA8,芝,1:34.1,良,岡田 稲男,晴,定量,,
478(0),55.0,7  10  10,中京,PASS_HTML,1600,11,pw01dud102022104117/DF,レインオンミー,7,▲森田 誠也,33.4,クビ,07,02,12,3歳以上,1勝クラス,2026-08-15,pw01sde1007202602071120260815,3歳以上1勝クラス,11,[指定],,18時00分,牡4,https://www.jra.go.jp/JRADB/accessS.html?CNAME=pw01sde1007202602071120260815%2FA8,芝,1:34.1,良,福永 祐一,晴,定量,,
484(-12),56.0,1  1  1,中京,PASS_HTML,1600,12,pw01dud102022104794/2C,サリーチェ,9,国分 優作,34.3,クビ,07,02,13,3歳以上,1勝クラス,2026-08-15,pw01sde1007202602071120260815,3歳以上1勝クラス,11,[指定],,18時00分,牝4,https://www.jra.go.jp/JRADB/accessS.html?CNAME=pw01sde1007202602071120260815%2FA8,芝,1:34.2,良,池添 学,晴,定量,,
460(+8),55.0,4  5  5,中京,PASS_HTML,1600,13,pw01dud102022105831/93,フェルシナ,10,☆田山 旺佑,33.9,クビ,07,02,8,3歳以上,1勝クラス,2026-08-15,pw01sde1007202602071120260815,3歳以上1勝クラス,11,[指定],,18時00分,牝4,https://www.jra.go.jp/JRADB/accessS.html?CNAME=pw01sde1007202602071120260815%2FA8,芝,1:34.2,良,西園 翔太,晴,定量,,
462(+10),56.0,14  15  15,中京,PASS_HTML,1600,14,pw01dud102022106715/FD,ギザキズラヴ,12,藤懸 貴志,33.1,１／２,07,02,15,3歳以上,1勝クラス,2026-08-15,pw01sde1007202602071120260815,3歳以上1勝クラス,11,[指定],,18時00分,牝4,https://www.jra.go.jp/JRADB/accessS.html?CNAME=pw01sde1007202602071120260815%2FA8,芝,1:34.3,良,加藤 公太,晴,定量,,
418(0),56.0,7  2  3,中京,PASS_HTML,1600,15,pw01dud102021105245/BD,マルモア,6,角田 大和,34.4,１ 1/2,07,02,11,3歳以上,1勝クラス,2026-08-15,pw01sde1007202602071120260815,3歳以上1勝クラス,11,[指定],,18時00分,牝5,https://www.jra.go.jp/JRADB/accessS.html?CNAME=pw01sde1007202602071120260815%2FA8,芝,1:34.5,良,松永 幹夫,晴,定量,,
408(-2),55.0,1  1,中京,PASS_HTML,1200,1,pw01dud102024104986/7C,ラホーヤアイズ,6,松若 風馬,33.6,,08,02,5,2歳,未勝利,2026-08-16,pw01sde1007202602080120260816,2歳未勝利,01,（混合）［指定］,,9時50分,牝2,https://www.jra.go.jp/JRADB/accessS.html?CNAME=pw01sde1007202602080120260816%2F86,芝,1:08.4,良,藤野 健太,晴,馬齢,,
470(+2),55.0,5  5,中京,PASS_HTML,1200,2,pw01dud102024108273/78,バクソウシャチョウ,5,団野 大成,33.2,クビ,08,02,3,2歳,未勝利,2026-08-16,pw01sde1007202602080120260816,2歳未勝利,01,（混合）［指定］,,9時50分,牡2,https://www.jra.go.jp/JRADB/accessS.html?CNAME=pw01sde1007202602080120260816%2F86,芝,1:08.4,良,森 秀行,晴,馬齢,,
508(+8),55.0,8  8,中京,PASS_HTML,1200,3,pw01dud102024101744/27,カツダルマ,8,幸 英明,32.9,ハナ,08,02,1,2歳,未勝利,2026-08-16,pw01sde1007202602080120260816,2歳未勝利,01,（混合）［指定］,,9時50分,牡2,https://www.jra.go.jp/JRADB/accessS.html?CNAME=pw01sde1007202602080120260816%2F86,芝,1:08.4,良,秋山 真一郎,晴,馬齢,,
432(+4),55.0,3  3,中京,PASS_HTML,1200,4,pw01dud102024104520/A6,スマートメモリー,1,吉村 誠之助,33.6,１ 1/4,08,02,6,2歳,未勝利,2026-08-16,pw01sde1007202602080120260816,2歳未勝利,01,（混合）［指定］,,9時50分,牝2,https://www.jra.go.jp/JRADB/accessS.html?CNAME=pw01sde1007202602080120260816%2F86,芝,1:08.6,良,石坂 公一,晴,馬齢,,
468(+6),55.0,3  3,中京,PASS_HTML,1200,5,pw01dud102024105630/D6,アームズラムレイ,9,岩田 望来,33.6,３／４,08,02,2,2歳,未勝利,2026-08-16,pw01sde1007202602080120260816,2歳未勝利,01,（混合）［指定］,,9時50分,牝2,https://www.jra.go.jp/JRADB/accessS.html?CNAME=pw01sde1007202602080120260816%2F86,芝,1:08.7,良,上村 洋行,晴,馬齢,,
446(-4),55.0,6  5,中京,PASS_HTML,1200,6,pw01dud102024106383/DB,インディジャズ,2,松山 弘平,33.6,１ 1/4,08,02,4,2歳,未勝利,2026-08-16,pw01sde1007202602080120260816,2歳未勝利,01,（混合）［指定］,,9時50分,牝2,https://www.jra.go.jp/JRADB/accessS.html?CNAME=pw01sde1007202602080120260816%2F86,芝,1:08.9,良,高野 友和,晴,馬齢,,
438(-12),53.0,2  2,中京,PASS_HTML,1200,7,pw01dud102024105760/37,メイケイリチャード,7,△柴田 裕一郎,34.2,１／２,08,02,8,2歳,未勝利,2026-08-16,pw01sde1007202602080120260816,2歳未勝利,01,（混合）［指定］,,9時50分,牡2,https://www.jra.go.jp/JRADB/accessS.html?CNAME=pw01sde1007202602080120260816%2F86,芝,1:09.0,良,中竹 和也,晴,馬齢,,
406(-4),55.0,6  5,中京,PASS_HTML,1200,8,pw01dud102024103699/63,ナムラメアリー,4,田口 貫太,33.9,１ 1/4,08,02,7,2歳,未勝利,2026-08-16,pw01sde1007202602080120260816,2歳未勝利,01,（混合）［指定］,,9時50分,牝2,https://www.jra.go.jp/JRADB/accessS.html?CNAME=pw01sde1007202602080120260816%2F86,芝,1:09.2,良,鈴木 孝志,晴,馬齢,,
436(+2),55.0,9  9,中京,PASS_HTML,1200,9,pw01dud102024101724/07,キシュウマミー,10,国分 恭介,33.9,２ 1/2,08,02,9,2歳,未勝利,2026-08-16,pw01sde1007202602080120260816,2歳未勝利,01,（混合）［指定］,,9時50分,牝2,https://www.jra.go.jp/JRADB/accessS.html?CNAME=pw01sde1007202602080120260816%2F86,芝,1:09.6,良,安達 昭夫,晴,馬齢,,
452(+2),52.0,10  10,中京,PASS_HTML,1200,10,pw01dud102024104826/EB,ヤマトデュノール,3,▲森田 誠也,34.6,５,08,02,10,2歳,未勝利,2026-08-16,pw01sde1007202602080120260816,2歳未勝利,01,（混合）［指定］,,9時50分,牡2,https://www.jra.go.jp/JRADB/accessS.html?CNAME=pw01sde1007202602080120260816%2F86,芝,1:10.5,良,安達 昭夫,晴,馬齢,,
522(+2),57.0,4  4,中京,QUARANTINED_HTML:track_condition,1200,1,pw01dud102023102051/EA,ゴールドアーチ,15,岩田 望来,36.3,,07,02,2,3歳,未勝利,2026-08-15,pw01sde1007202602071220260815,3歳未勝利,12,[指定],,18時30分,牡3,https://www.jra.go.jp/JRADB/accessS.html?CNAME=pw01sde1007202602071220260815%2F5D,ダート,1:11.8,,坂口 智康,晴,馬齢,,
474(-2),56.0,4  4,中京,QUARANTINED_HTML:track_condition,1200,2,pw01dud102023106223/BE,ナムラロダン,5,☆田山 旺佑,36.8,３ 1/2,07,02,1,3歳,未勝利,2026-08-15,pw01sde1007202602071220260815,3歳未勝利,12,[指定],,18時30分,牡3,https://www.jra.go.jp/JRADB/accessS.html?CNAME=pw01sde1007202602071220260815%2F5D,ダート,1:12.4,,長谷川 浩大,晴,馬齢,,
456(-2),55.0,2  2,中京,QUARANTINED_HTML:track_condition,1200,3,pw01dud102023104226/39,チョウスター,7,幸 英明,37.3,１ 1/4,07,02,3,3歳,未勝利,2026-08-15,pw01sde1007202602071220260815,3歳未勝利,12,[指定],,18時30分,牝3,https://www.jra.go.jp/JRADB/accessS.html?CNAME=pw01sde1007202602071220260815%2F5D,ダート,1:12.6,,羽月 友彦,晴,馬齢,,
496(-4),55.0,8  7,中京,QUARANTINED_HTML:track_condition,1200,4,pw01dud102023106339/B1,ペコリズム,9,田口 貫太,36.7,１ 1/4,07,02,6,3歳,未勝利,2026-08-15,pw01sde1007202602071220260815,3歳未勝利,12,[指定],,18時30分,牝3,https://www.jra.go.jp/JRADB/accessS.html?CNAME=pw01sde1007202602071220260815%2F5D,ダート,1:12.8,,森田 直行,晴,馬齢,,
458(+6),55.0,7  7,中京,QUARANTINED_HTML:track_condition,1200,5,pw01dud102023104199/D1,ミスジェイド,16,長岡 禎仁,36.9,クビ,07,02,5,3歳,未勝利,2026-08-15,pw01sde1007202602071220260815,3歳未勝利,12,[指定],,18時30分,牝3,https://www.jra.go.jp/JRADB/accessS.html?CNAME=pw01sde1007202602071220260815%2F5D,ダート,1:12.8,,杉山 佳明,晴,馬齢,,
484(+8),53.0,1  1,中京,QUARANTINED_HTML:track_condition,1200,6,pw01dud102023102448/C3,タマモビスケット,1,△柴田 裕一郎,37.7,１ 1/4,07,02,9,3歳,未勝利,2026-08-15,pw01sde1007202602071220260815,3歳未勝利,12,[指定],,18時30分,牝3,https://www.jra.go.jp/JRADB/accessS.html?CNAME=pw01sde1007202602071220260815%2F5D,ダート,1:13.0,,中竹 和也,晴,馬齢,,
416(-4),55.0,2  2,中京,QUARANTINED_HTML:track_condition,1200,7,pw01dud102023100166/8C,ワンダーミューズ,2,松若 風馬,38.3,３ 1/2,07,02,11,3歳,未勝利,2026-08-15,pw01sde1007202602071220260815,3歳未勝利,12,[指定],,18時30分,牝3,https://www.jra.go.jp/JRADB/accessS.html?CNAME=pw01sde1007202602071220260815%2F5D,ダート,1:13.6,,今野 貞一,晴,馬齢,,
504(+2),57.0,13  13,中京,QUARANTINED_HTML:track_condition,1200,8,pw01dud102023106979/17,ブロンザイト,3,国分 優作,37.0,１／２,07,02,10,3歳,未勝利,2026-08-15,pw01sde1007202602071220260815,3歳未勝利,12,[指定],,18時30分,牡3,https://www.jra.go.jp/JRADB/accessS.html?CNAME=pw01sde1007202602071220260815%2F5D,ダート,1:13.7,,福永 祐一,晴,馬齢,,
464(-4),57.0,9  9,中京,QUARANTINED_HTML:track_condition,1200,9,pw01dud102023101803/19,フェイトブレイカー,4,秋山 稔樹,37.5,３／４,07,02,12,3歳,未勝利,2026-08-15,pw01sde1007202602071220260815,3歳未勝利,12,[指定],,18時30分,せん3,https://www.jra.go.jp/JRADB/accessS.html?CNAME=pw01sde1007202602071220260815%2F5D,ダート,1:13.8,,坂口 智康,晴,馬齢,,
478(+8),57.0,6  6,中京,QUARANTINED_HTML:track_condition,1200,10,pw01dud102023101888/D8,ブルークレスト,10,城戸 義政,38.3,１ 1/2,07,02,15,3歳,未勝利,2026-08-15,pw01sde1007202602071220260815,3歳未勝利,12,[指定],,18時30分,牡3,https://www.jra.go.jp/JRADB/accessS.html?CNAME=pw01sde1007202602071220260815%2F5D,ダート,1:14.0,,宮地 貴稔,晴,馬齢,,
436(+2),55.0,10  10,中京,QUARANTINED_HTML:track_condition,1200,11,pw01dud102023101691/61,ファーヴニル,14,筒井 勇介,37.6,アタマ,07,02,16,3歳,未勝利,2026-08-15,pw01sde1007202602071220260815,3歳未勝利,12,[指定],,18時30分,牝3,https://www.jra.go.jp/JRADB/accessS.html?CNAME=pw01sde1007202602071220260815%2F5D,ダート,1:14.0,,千田 輝彦,晴,馬齢,,
430(0),57.0,13  13,中京,QUARANTINED_HTML:track_condition,1200,12,pw01dud102023103096/58,アイアン,8,吉村 誠之助,37.5,１,07,02,8,3歳,未勝利,2026-08-15,pw01sde1007202602071220260815,3歳未勝利,12,[指定],,18時30分,牡3,https://www.jra.go.jp/JRADB/accessS.html?CNAME=pw01sde1007202602071220260815%2F5D,ダート,1:14.2,,辻野 泰之,晴,馬齢,,
498(-2),57.0,10  10,中京,QUARANTINED_HTML:track_condition,1200,13,pw01dud102023104433/52,ザキノフレンズ,6,団野 大成,37.9,１／２,07,02,4,3歳,未勝利,2026-08-15,pw01sde1007202602071220260815,3歳未勝利,12,[指定],,18時30分,牡3,https://www.jra.go.jp/JRADB/accessS.html?CNAME=pw01sde1007202602071220260815%2F5D,ダート,1:14.3,,東田 明士,晴,馬齢,,
424(+4),52.0,15  15,中京,QUARANTINED_HTML:track_condition,1200,14,pw01dud102023102488/03,クリノゴージャス,13,▲森田 誠也,38.2,６,07,02,14,3歳,未勝利,2026-08-15,pw01sde1007202602071220260815,3歳未勝利,12,[指定],,18時30分,牝3,https://www.jra.go.jp/JRADB/accessS.html?CNAME=pw01sde1007202602071220260815%2F5D,ダート,1:15.3,,荒川 義之,晴,馬齢,,
430(-9),55.0,16  16,中京,QUARANTINED_HTML:track_condition,1200,15,pw01dud102023104385/57,チェカ,12,西塚 洸二,38.3,２ 1/2,07,02,13,3歳,未勝利,2026-08-15,pw01sde1007202602071220260815,3歳未勝利,12,[指定],,18時30分,牝3,https://www.jra.go.jp/JRADB/accessS.html?CNAME=pw01sde1007202602071220260815%2F5D,ダート,1:15.7,,小崎 憲,晴,馬齢,,
470(-2),55.0,10  10,中京,QUARANTINED_HTML:track_condition,1200,16,pw01dud102023101899/5B,ハッピーリオン,11,太宰 啓介,40.3,６,07,02,7,3歳,未勝利,2026-08-15,pw01sde1007202602071220260815,3歳未勝利,12,[指定],,18時30分,牝3,https://www.jra.go.jp/JRADB/accessS.html?CNAME=pw01sde1007202602071220260815%2F5D,ダート,1:16.7,,武 英智,晴,馬齢,,
536(初出走),55.0,1  2  2,中京,PASS_HTML,1600,1,pw01dud102024106491/36,ホウオウワールド,8,J.コレット,33.5,,08,02,1,2歳,新馬,2026-08-16,pw01sde1007202602080320260816,メイクデビュー中京,03,[指定],,10時55分,牡2,https://www.jra.go.jp/JRADB/accessS.html?CNAME=pw01sde1007202602080320260816%2FF0,芝,1:36.1,良,池江 泰寿,晴,馬齢,,
472(初出走),55.0,4  3  3,中京,PASS_HTML,1600,2,pw01dud102024103816/EC,ティフォシ,5,M.デムーロ,33.3,ハナ,08,02,7,2歳,新馬,2026-08-16,pw01sde1007202602080320260816,メイクデビュー中京,03,[指定],,10時55分,牡2,https://www.jra.go.jp/JRADB/accessS.html?CNAME=pw01sde1007202602080320260816%2FF0,芝,1:36.1,良,宮地 貴稔,晴,馬齢,,
476(初出走),55.0,2  1  1,中京,PASS_HTML,1600,3,pw01dud102024106430/63,グラシアレスインク,7,団野 大成,33.6,クビ,08,02,4,2歳,新馬,2026-08-16,pw01sde1007202602080320260816,メイクデビュー中京,03,[指定],,10時55分,牡2,https://www.jra.go.jp/JRADB/accessS.html?CNAME=pw01sde1007202602080320260816%2FF0,芝,1:36.2,良,安田 翔伍,晴,馬齢,,
462(初出走),55.0,6  7  8,中京,PASS_HTML,1600,4,pw01dud102024101678/F2,テラレガル,6,松若 風馬,33.0,１ 1/2,08,02,5,2歳,新馬,2026-08-16,pw01sde1007202602080320260816,メイクデビュー中京,03,[指定],,10時55分,牡2,https://www.jra.go.jp/JRADB/accessS.html?CNAME=pw01sde1007202602080320260816%2FF0,芝,1:36.4,良,秋山 真一郎,晴,馬齢,,
460(初出走),55.0,3  3  3,中京,PASS_HTML,1600,5,pw01dud102024103035/11,サウンドシェリー,2,幸 英明,33.6,３／４,08,02,3,2歳,新馬,2026-08-16,pw01sde1007202602080320260816,メイクデビュー中京,03,[指定],,10時55分,牝2,https://www.jra.go.jp/JRADB/accessS.html?CNAME=pw01sde1007202602080320260816%2FF0,芝,1:36.5,良,鈴木 孝志,晴,馬齢,,
486(初出走),55.0,7  6  6,中京,PASS_HTML,1600,6,pw01dud102024107058/46,デュアルサイン,3,吉村 誠之助,33.5,１／２,08,02,2,2歳,新馬,2026-08-16,pw01sde1007202602080320260816,メイクデビュー中京,03,[指定],,10時55分,牡2,https://www.jra.go.jp/JRADB/accessS.html?CNAME=pw01sde1007202602080320260816%2FF0,芝,1:36.6,良,武 幸四郎,晴,馬齢,,
408(初出走),54.0,5  3  3,中京,PASS_HTML,1600,7,pw01dud102024101155/84,グルード,1,☆田山 旺佑,33.7,アタマ,08,02,6,2歳,新馬,2026-08-16,pw01sde1007202602080320260816,メイクデビュー中京,03,[指定],,10時55分,牡2,https://www.jra.go.jp/JRADB/accessS.html?CNAME=pw01sde1007202602080320260816%2FF0,芝,1:36.6,良,牧田 和弥,晴,馬齢,,
426(初出走),55.0,7  7  6,中京,PASS_HTML,1600,8,pw01dud102024103680/48,ゴールドシューター,4,富田 暁,34.2,４,08,02,8,2歳,新馬,2026-08-16,pw01sde1007202602080320260816,メイクデビュー中京,03,[指定],,10時55分,牡2,https://www.jra.go.jp/JRADB/accessS.html?CNAME=pw01sde1007202602080320260816%2FF0,芝,1:37.3,良,加藤 公太,晴,馬齢,,
446(-6),54.0,2  2  2  2,中京,PASS_HTML,2000,1,pw01dud102023103497/8F,ダーコ,4,☆田山 旺佑,34.7,,08,02,3,3歳,未勝利,2026-08-16,pw01sde1007202602080420260816,3歳未勝利,04,[指定],,11時20分,牝3,https://www.jra.go.jp/JRADB/accessS.html?CNAME=pw01sde1007202602080420260816%2FA5,芝,1:57.7,良,長谷川 浩大,晴,馬齢,,
474(+4),57.0,7  6  6  5,中京,PASS_HTML,2000,2,pw01dud102023107357/DA,レッドブライトン,7,浜中 俊,34.9,３,08,02,4,3歳,未勝利,2026-08-16,pw01sde1007202602080420260816,3歳未勝利,04,[指定],,11時20分,牡3,https://www.jra.go.jp/JRADB/accessS.html?CNAME=pw01sde1007202602080420260816%2FA5,芝,1:58.2,良,奥村 豊,晴,馬齢,,
482(+4),55.0,3  3  4  3,中京,PASS_HTML,2000,3,pw01dud102023104882/F3,リボンインザスカイ,3,団野 大成,35.2,３／４,08,02,5,3歳,未勝利,2026-08-16,pw01sde1007202602080420260816,3歳未勝利,04,[指定],,11時20分,牝3,https://www.jra.go.jp/JRADB/accessS.html?CNAME=pw01sde1007202602080420260816%2FA5,芝,1:58.3,良,安田 翔伍,晴,馬齢,,
488(-4),55.0,6  6  7  6,中京,PASS_HTML,2000,4,pw01dud102023102060/87,オーマイラッキーン,9,秋山 稔樹,34.9,３／４,08,02,10,3歳,未勝利,2026-08-16,pw01sde1007202602080420260816,3歳未勝利,04,[指定],,11時20分,牝3,https://www.jra.go.jp/JRADB/accessS.html?CNAME=pw01sde1007202602080420260816%2FA5,芝,1:58.4,良,高橋 康之,晴,馬齢,,
452(-6),57.0,12  11  10  10,中京,PASS_HTML,2000,5,pw01dud102023101677/F3,プロスト,11,田口 貫太,34.8,アタマ,08,02,9,3歳,未勝利,2026-08-16,pw01sde1007202602080420260816,3歳未勝利,04,[指定],,11時20分,牡3,https://www.jra.go.jp/JRADB/accessS.html?CNAME=pw01sde1007202602080420260816%2FA5,芝,1:58.5,良,梅田 智之,晴,馬齢,,
484(0),57.0,13  13  13  13,中京,PASS_HTML,2000,6,pw01dud102023105281/49,ホウオウモチーヴ,18,松山 弘平,34.7,２,08,02,2,3歳,未勝利,2026-08-16,pw01sde1007202602080420260816,3歳未勝利,04,[指定],,11時20分,牡3,https://www.jra.go.jp/JRADB/accessS.html?CNAME=pw01sde1007202602080420260816%2FA5,芝,1:58.8,良,矢作 芳人,晴,馬齢,,
430(-8),55.0,3  5  4  6,中京,PASS_HTML,2000,7,pw01dud102023105798/73,スレイクイーン,5,J.コレット,35.6,１ 1/4,08,02,11,3歳,未勝利,2026-08-16,pw01sde1007202602080420260816,3歳未勝利,04,[指定],,11時20分,牝3,https://www.jra.go.jp/JRADB/accessS.html?CNAME=pw01sde1007202602080420260816%2FA5,芝,1:59.0,良,吉岡 辰弥,晴,馬齢,,
466(-2),57.0,9  8  10  10,中京,PASS_HTML,2000,8,pw01dud102023103707/92,テイクザスローン,1,高倉 稜,35.3,ハナ,08,02,14,3歳,未勝利,2026-08-16,pw01sde1007202602080420260816,3歳未勝利,04,[指定],,11時20分,牡3,https://www.jra.go.jp/JRADB/accessS.html?CNAME=pw01sde1007202602080420260816%2FA5,芝,1:59.0,良,武 英智,晴,馬齢,,
468(-12),57.0,3  3  3  3,中京,PASS_HTML,2000,9,pw01dud102023105323/00,バックドラフト,6,岩田 望来,35.9,ハナ,08,02,6,3歳,未勝利,2026-08-16,pw01sde1007202602080420260816,3歳未勝利,04,[指定],,11時20分,牡3,https://www.jra.go.jp/JRADB/accessS.html?CNAME=pw01sde1007202602080420260816%2FA5,芝,1:59.0,良,友道 康夫,晴,馬齢,,
482(0),57.0,1  1  1  1,中京,PASS_HTML,2000,10,pw01dud102023107094/2E,コスモフィレンツェ,2,幸 英明,36.2,１／２,08,02,1,3歳,未勝利,2026-08-16,pw01sde1007202602080420260816,3歳未勝利,04,[指定],,11時20分,牡3,https://www.jra.go.jp/JRADB/accessS.html?CNAME=pw01sde1007202602080420260816%2FA5,芝,1:59.1,良,北出 成人,晴,馬齢,,
474(-14),57.0,15  15  15  14,中京,PASS_HTML,2000,11,pw01dud102023101156/6B,プシュパ,17,富田 暁,34.9,クビ,08,02,8,3歳,未勝利,2026-08-16,pw01sde1007202602080420260816,3歳未勝利,04,[指定],,11時20分,牡3,https://www.jra.go.jp/JRADB/accessS.html?CNAME=pw01sde1007202602080420260816%2FA5,芝,1:59.2,良,藤原 英昭,晴,馬齢,,
480(0),57.0,15  17  17  14,中京,PASS_HTML,2000,12,pw01dud102023104773/25,ドットカモン,13,西塚 洸二,34.9,１／２,08,02,15,3歳,未勝利,2026-08-16,pw01sde1007202602080420260816,3歳未勝利,04,[指定],,11時20分,牡3,https://www.jra.go.jp/JRADB/accessS.html?CNAME=pw01sde1007202602080420260816%2FA5,芝,1:59.3,良,笹田 和秀,晴,馬齢,,
470(+16),57.0,18  18  18  17,中京,PASS_HTML,2000,13,pw01dud102023104376/BA,ミーサーク,8,M.デムーロ,34.8,１／２,08,02,7,3歳,未勝利,2026-08-16,pw01sde1007202602080420260816,3歳未勝利,04,[指定],,11時20分,牡3,https://www.jra.go.jp/JRADB/accessS.html?CNAME=pw01sde1007202602080420260816%2FA5,芝,1:59.4,良,武 幸四郎,晴,馬齢,,
416(-2),55.0,8  8  7  8,中京,PASS_HTML,2000,14,pw01dud102023102343/53,キョウエイクローム,12,渡辺 竜也,36.5,４,08,02,18,3歳,未勝利,2026-08-16,pw01sde1007202602080420260816,3歳未勝利,04,[指定],,11時20分,牝3,https://www.jra.go.jp/JRADB/accessS.html?CNAME=pw01sde1007202602080420260816%2FA5,芝,2:00.1,良,森田 直行,晴,馬齢,,
510(-2),57.0,9  10  7  8,中京,PASS_HTML,2000,15,pw01dud102023104546/EC,テーオーシュテルン,16,加藤 祥太,36.7,１ 1/2,08,02,17,3歳,未勝利,2026-08-16,pw01sde1007202602080420260816,3歳未勝利,04,[指定],,11時20分,牡3,https://www.jra.go.jp/JRADB/accessS.html?CNAME=pw01sde1007202602080420260816%2FA5,芝,2:00.3,良,梅田 智之,晴,馬齢,,
458(-8),57.0,13  14  14  14,中京,PASS_HTML,2000,16,pw01dud102023103477/6F,ニミッツハイウェイ,10,吉村 誠之助,36.0,クビ,08,02,12,3歳,未勝利,2026-08-16,pw01sde1007202602080420260816,3歳未勝利,04,[指定],,11時20分,牡3,https://www.jra.go.jp/JRADB/accessS.html?CNAME=pw01sde1007202602080420260816%2FA5,芝,2:00.3,良,梅田 智之,晴,馬齢,,
408(+2),55.0,11  11  10  12,中京,PASS_HTML,2000,17,pw01dud102023105028/AC,メイショウタカネ,14,菱田 裕二,36.5,クビ,08,02,13,3歳,未勝利,2026-08-16,pw01sde1007202602080420260816,3歳未勝利,04,[指定],,11時20分,牝3,https://www.jra.go.jp/JRADB/accessS.html?CNAME=pw01sde1007202602080420260816%2FA5,芝,2:00.4,良,岡田 稲男,晴,馬齢,,
440(-8),57.0,15  15  15  17,中京,PASS_HTML,2000,18,pw01dud102023101525/8C,マテンロウブリッジ,15,太宰 啓介,36.1,１ 1/4,08,02,16,3歳,未勝利,2026-08-16,pw01sde1007202602080420260816,3歳未勝利,04,[指定],,11時20分,せん3,https://www.jra.go.jp/JRADB/accessS.html?CNAME=pw01sde1007202602080420260816%2FA5,芝,2:00.6,良,昆 貢,晴,馬齢,,
460(初出走),55.0,1  1,中京,QUARANTINED_HTML:track_condition,1400,1,pw01dud102024105160/11,パシアンジェンヌ,12,松山 弘平,37.5,,08,02,5,2歳,新馬,2026-08-16,pw01sde1007202602080220260816,メイクデビュー中京,02,（混合）［指定］,,10時20分,牝2,https://www.jra.go.jp/JRADB/accessS.html?CNAME=pw01sde1007202602080220260816%2F3B,ダート,1:25.9,,鈴木 孝志,晴,馬齢,,
462(初出走),55.0,2  2,中京,QUARANTINED_HTML:track_condition,1400,2,pw01dud102024108221/42,ジョルティーニ,4,J.コレット,38.0,３ 1/2,08,02,2,2歳,新馬,2026-08-16,pw01sde1007202602080220260816,メイクデビュー中京,02,（混合）［指定］,,10時20分,牝2,https://www.jra.go.jp/JRADB/accessS.html?CNAME=pw01sde1007202602080220260816%2F3B,ダート,1:26.5,,田中 克典,晴,馬齢,,
488(初出走),55.0,6  3,中京,QUARANTINED_HTML:track_condition,1400,3,pw01dud102024105526/47,ガヤーズランボー,10,菱田 裕二,38.4,４,08,02,8,2歳,新馬,2026-08-16,pw01sde1007202602080220260816,メイクデビュー中京,02,（混合）［指定］,,10時20分,牡2,https://www.jra.go.jp/JRADB/accessS.html?CNAME=pw01sde1007202602080220260816%2F3B,ダート,1:27.2,,秋山 真一郎,晴,馬齢,,
460(初出走),55.0,7  6,中京,QUARANTINED_HTML:track_condition,1400,4,pw01dud102024101321/EA,ドリーペイル,9,浜中 俊,38.2,１／２,08,02,7,2歳,新馬,2026-08-16,pw01sde1007202602080220260816,メイクデビュー中京,02,（混合）［指定］,,10時20分,牡2,https://www.jra.go.jp/JRADB/accessS.html?CNAME=pw01sde1007202602080220260816%2F3B,ダート,1:27.3,,佐藤 悠太,晴,馬齢,,
434(初出走),53.0,11  10,中京,QUARANTINED_HTML:track_condition,1400,5,pw01dud102024104646/A9,コパノコーリング,1,△柴田 裕一郎,38.4,３ 1/2,08,02,12,2歳,新馬,2026-08-16,pw01sde1007202602080220260816,メイクデビュー中京,02,（混合）［指定］,,10時20分,牡2,https://www.jra.go.jp/JRADB/accessS.html?CNAME=pw01sde1007202602080220260816%2F3B,ダート,1:27.9,,田中 勝春,晴,馬齢,,
482(初出走),55.0,3  3,中京,QUARANTINED_HTML:track_condition,1400,6,pw01dud102024108317/15,アイビークロノス,2,富田 暁,39.2,クビ,08,02,6,2歳,新馬,2026-08-16,pw01sde1007202602080220260816,メイクデビュー中京,02,（混合）［指定］,,10時20分,牡2,https://www.jra.go.jp/JRADB/accessS.html?CNAME=pw01sde1007202602080220260816%2F3B,ダート,1:27.9,,牧 光二,晴,馬齢,,
428(初出走),54.0,7  8,中京,QUARANTINED_HTML:track_condition,1400,7,pw01dud102024103560/F7,ティンクルピクシー,5,☆田山 旺佑,39.1,２,08,02,10,2歳,新馬,2026-08-16,pw01sde1007202602080220260816,メイクデビュー中京,02,（混合）［指定］,,10時20分,牝2,https://www.jra.go.jp/JRADB/accessS.html?CNAME=pw01sde1007202602080220260816%2F3B,ダート,1:28.2,,宮本 博,晴,馬齢,,
446(初出走),55.0,3  5,中京,QUARANTINED_HTML:track_condition,1400,8,pw01dud102024108327/25,ピコジャック,7,団野 大成,39.8,１ 3/4,08,02,3,2歳,新馬,2026-08-16,pw01sde1007202602080220260816,メイクデビュー中京,02,（混合）［指定］,,10時20分,牡2,https://www.jra.go.jp/JRADB/accessS.html?CNAME=pw01sde1007202602080220260816%2F3B,ダート,1:28.5,,森 秀行,晴,馬齢,,
466(初出走),55.0,7  8,中京,QUARANTINED_HTML:track_condition,1400,9,pw01dud102024102997/21,マコトブリッツ,11,吉村 誠之助,40.5,６,08,02,4,2歳,新馬,2026-08-16,pw01sde1007202602080220260816,メイクデビュー中京,02,（混合）［指定］,,10時20分,牡2,https://www.jra.go.jp/JRADB/accessS.html?CNAME=pw01sde1007202602080220260816%2F3B,ダート,1:29.5,,武 英智,晴,馬齢,,
428(初出走),55.0,7  10,中京,QUARANTINED_HTML:track_condition,1400,10,pw01dud102024100784/78,クルクルミラクル,8,松若 風馬,40.7,１ 1/4,08,02,9,2歳,新馬,2026-08-16,pw01sde1007202602080220260816,メイクデビュー中京,02,（混合）［指定］,,10時20分,牝2,https://www.jra.go.jp/JRADB/accessS.html?CNAME=pw01sde1007202602080220260816%2F3B,ダート,1:29.7,,森田 直行,晴,馬齢,,
440(初出走),53.0,12  12,中京,QUARANTINED_HTML:track_condition,1400,11,pw01dud102024104785/A7,キモンミナリッチ,6,◇永島 まなみ,39.8,２,08,02,11,2歳,新馬,2026-08-16,pw01sde1007202602080220260816,メイクデビュー中京,02,（混合）［指定］,,10時20分,牡2,https://www.jra.go.jp/JRADB/accessS.html?CNAME=pw01sde1007202602080220260816%2F3B,ダート,1:30.1,,加藤 公太,晴,馬齢,,
564(初出走),55.0,3  6,中京,QUARANTINED_HTML:track_condition,1400,12,pw01dud102024106640/D5,ソルテヴェローチェ,3,岩田 望来,44.6,大差,08,02,1,2歳,新馬,2026-08-16,pw01sde1007202602080220260816,メイクデビュー中京,02,（混合）［指定］,,10時20分,牡2,https://www.jra.go.jp/JRADB/accessS.html?CNAME=pw01sde1007202602080220260816%2F3B,ダート,1:33.3,,上村 洋行,晴,馬齢,,
498(-10),57.0,2  2,中京,QUARANTINED_HTML:track_condition,1400,1,pw01dud102023104325/F7,パンサーズ,8,松若 風馬,36.9,,08,02,10,3歳,未勝利,2026-08-16,pw01sde1007202602080520260816,3歳未勝利,05,（混合）［指定］,,11時50分,牡3,https://www.jra.go.jp/JRADB/accessS.html?CNAME=pw01sde1007202602080520260816%2F5A,ダート,1:24.3,,今野 貞一,晴,馬齢,,
464(-2),57.0,3  3,中京,QUARANTINED_HTML:track_condition,1400,2,pw01dud102023102255/18,セッシュウ,2,団野 大成,36.9,３／４,08,02,3,3歳,未勝利,2026-08-16,pw01sde1007202602080520260816,3歳未勝利,05,（混合）［指定］,,11時50分,牡3,https://www.jra.go.jp/JRADB/accessS.html?CNAME=pw01sde1007202602080520260816%2F5A,ダート,1:24.5,,石橋 守,晴,馬齢,,
410(-4),57.0,4  5,中京,QUARANTINED_HTML:track_condition,1400,3,pw01dud102023102022/2D,ペプチドアロン,11,吉村 誠之助,37.2,３,08,02,2,3歳,未勝利,2026-08-16,pw01sde1007202602080520260816,3歳未勝利,05,（混合）［指定］,,11時50分,牡3,https://www.jra.go.jp/JRADB/accessS.html?CNAME=pw01sde1007202602080520260816%2F5A,ダート,1:25.0,,小椋 研介,晴,馬齢,,
472(-8),57.0,7  5,中京,QUARANTINED_HTML:track_condition,1400,4,pw01dud102023105124/11,キングズテイル,15,角田 大和,37.4,１ 3/4,08,02,5,3歳,未勝利,2026-08-16,pw01sde1007202602080520260816,3歳未勝利,05,（混合）［指定］,,11時50分,牡3,https://www.jra.go.jp/JRADB/accessS.html?CNAME=pw01sde1007202602080520260816%2F5A,ダート,1:25.3,,岡田 稲男,晴,馬齢,,
464(+8),55.0,4  4,中京,QUARANTINED_HTML:track_condition,1400,5,pw01dud102023110041/CA,クロレ,6,渡辺 竜也,37.6,３／４,08,02,7,3歳,未勝利,2026-08-16,pw01sde1007202602080520260816,3歳未勝利,05,（混合）［指定］,,11時50分,牝3,https://www.jra.go.jp/JRADB/accessS.html?CNAME=pw01sde1007202602080520260816%2F5A,ダート,1:25.4,,福永 祐一,晴,馬齢,,
476(-4),57.0,4  5,中京,QUARANTINED_HTML:track_condition,1400,6,pw01dud102023105348/5F,ジョーカー,14,幸 英明,37.7,ハナ,08,02,4,3歳,未勝利,2026-08-16,pw01sde1007202602080520260816,3歳未勝利,05,（混合）［指定］,,11時50分,牡3,https://www.jra.go.jp/JRADB/accessS.html?CNAME=pw01sde1007202602080520260816%2F5A,ダート,1:25.4,,友道 康夫,晴,馬齢,,
514(-2),57.0,1  1,中京,QUARANTINED_HTML:track_condition,1400,7,pw01dud102023105377/1C,タイセイドゥマーニ,3,高倉 稜,38.4,１／２,08,02,6,3歳,未勝利,2026-08-16,pw01sde1007202602080520260816,3歳未勝利,05,（混合）［指定］,,11時50分,牡3,https://www.jra.go.jp/JRADB/accessS.html?CNAME=pw01sde1007202602080520260816%2F5A,ダート,1:25.5,,杉山 晴紀,晴,馬齢,,
484(+4),56.0,9  9,中京,QUARANTINED_HTML:track_condition,1400,8,pw01dud102023105635/89,ナリタアーマー,7,☆田山 旺佑,37.4,クビ,08,02,8,3歳,未勝利,2026-08-16,pw01sde1007202602080520260816,3歳未勝利,05,（混合）［指定］,,11時50分,牡3,https://www.jra.go.jp/JRADB/accessS.html?CNAME=pw01sde1007202602080520260816%2F5A,ダート,1:25.6,,高橋 亮,晴,馬齢,,
502(0),57.0,9  9,中京,QUARANTINED_HTML:track_condition,1400,9,pw01dud102023105738/13,モズプリフォール,9,岩田 望来,38.0,３ 1/2,08,02,1,3歳,未勝利,2026-08-16,pw01sde1007202602080520260816,3歳未勝利,05,（混合）［指定］,,11時50分,牡3,https://www.jra.go.jp/JRADB/accessS.html?CNAME=pw01sde1007202602080520260816%2F5A,ダート,1:26.2,,矢作 芳人,晴,馬齢,,
430(+2),57.0,14  12,中京,QUARANTINED_HTML:track_condition,1400,10,pw01dud102023104012/FB,キタノアンドレイ,5,太宰 啓介,37.9,２,08,02,14,3歳,未勝利,2026-08-16,pw01sde1007202602080520260816,3歳未勝利,05,（混合）［指定］,,11時50分,牡3,https://www.jra.go.jp/JRADB/accessS.html?CNAME=pw01sde1007202602080520260816%2F5A,ダート,1:26.6,,秋山 真一郎,晴,馬齢,,
464(-12),54.0,14  15,中京,QUARANTINED_HTML:track_condition,1400,11,pw01dud102023104468/C1,ゼットドリーム,12,▲森田 誠也,38.1,１／２,08,02,13,3歳,未勝利,2026-08-16,pw01sde1007202602080520260816,3歳未勝利,05,（混合）［指定］,,11時50分,牡3,https://www.jra.go.jp/JRADB/accessS.html?CNAME=pw01sde1007202602080520260816%2F5A,ダート,1:26.7,,吉田 直弘,晴,馬齢,,
506(-10),57.0,7  8,中京,QUARANTINED_HTML:track_condition,1400,12,pw01dud102023106017/18,ブラストビート,16,秋山 稔樹,38.9,１／２,08,02,12,3歳,未勝利,2026-08-16,pw01sde1007202602080520260816,3歳未勝利,05,（混合）［指定］,,11時50分,牡3,https://www.jra.go.jp/JRADB/accessS.html?CNAME=pw01sde1007202602080520260816%2F5A,ダート,1:26.8,,浜田 多実雄,晴,馬齢,,
472(-6),55.0,11  12,中京,QUARANTINED_HTML:track_condition,1400,13,pw01dud102023106018/8B,リフラ,4,△柴田 裕一郎,38.6,３／４,08,02,9,3歳,未勝利,2026-08-16,pw01sde1007202602080520260816,3歳未勝利,05,（混合）［指定］,,11時50分,牡3,https://www.jra.go.jp/JRADB/accessS.html?CNAME=pw01sde1007202602080520260816%2F5A,ダート,1:26.9,,西村 真幸,晴,馬齢,,
486(+14),55.0,16  15,中京,QUARANTINED_HTML:track_condition,1400,14,pw01dud102023103785/2C,ソブリンズオーブ,13,西塚 洸二,38.1,３／４,08,02,16,3歳,未勝利,2026-08-16,pw01sde1007202602080520260816,3歳未勝利,05,（混合）［指定］,,11時50分,牝3,https://www.jra.go.jp/JRADB/accessS.html?CNAME=pw01sde1007202602080520260816%2F5A,ダート,1:27.0,,小栗 実,晴,馬齢,,
444(+2),55.0,11  11,中京,QUARANTINED_HTML:track_condition,1400,15,pw01dud102023106282/AB,トリーア,1,田口 貫太,39.2,３ 1/2,08,02,11,3歳,未勝利,2026-08-16,pw01sde1007202602080520260816,3歳未勝利,05,（混合）［指定］,,11時50分,牝3,https://www.jra.go.jp/JRADB/accessS.html?CNAME=pw01sde1007202602080520260816%2F5A,ダート,1:27.6,,渡辺 薫彦,晴,馬齢,,
510(初出走),57.0,13  12,中京,QUARANTINED_HTML:track_condition,1400,16,pw01dud102023102922/E6,ペンタトニッカー,10,国分 恭介,39.7,３ 1/2,08,02,15,3歳,未勝利,2026-08-16,pw01sde1007202602080520260816,3歳未勝利,05,（混合）［指定］,,11時50分,牡3,https://www.jra.go.jp/JRADB/accessS.html?CNAME=pw01sde1007202602080520260816%2F5A,ダート,1:28.2,,小栗 実,晴,馬齢,,
494(0),56.0,4  6  6,中京,PASS_HTML,1600,1,pw01dud102021107098/E2,ラヴァンダ,3,岩田 望来,33.6,レコード,08,02,2,3歳以上,オープン,2026-08-16,pw01sde1007202602080720260816,中京記念,07,（国際）（特指）,109,15時35分,牝5,https://www.jra.go.jp/JRADB/accessS.html?CNAME=pw01sde1007202602080720260816%2FC4,芝,1:31.1,良,中村 直也,晴,別定,,
472(0),57.0,13  12  12,中京,PASS_HTML,1600,2,pw01dud102022105230/FA,ミニトランザット,5,松山 弘平,33.1,３／４,08,02,5,3歳以上,オープン,2026-08-16,pw01sde1007202602080720260816,中京記念,07,（国際）（特指）,109,15時35分,牡4,https://www.jra.go.jp/JRADB/accessS.html?CNAME=pw01sde1007202602080720260816%2FC4,芝,1:31.2,良,杉山 佳明,晴,別定,,
504(+6),57.0,8  7  6,中京,PASS_HTML,1600,3,pw01dud102022101420/90,サトノシャイニング,12,J.コレット,33.7,１／２,08,02,1,3歳以上,オープン,2026-08-16,pw01sde1007202602080720260816,中京記念,07,（国際）（特指）,108,15時35分,牡4,https://www.jra.go.jp/JRADB/accessS.html?CNAME=pw01sde1007202602080720260816%2FC4,芝,1:31.3,良,杉山 晴紀,晴,別定,,
504(0),57.0,10  10  11,中京,PASS_HTML,1600,4,pw01dud102021105564/FD,カズミクラーシュ,4,M.デムーロ,33.3,クビ,08,02,8,3歳以上,オープン,2026-08-16,pw01sde1007202602080720260816,中京記念,07,（国際）（特指）,107,15時35分,牡5,https://www.jra.go.jp/JRADB/accessS.html?CNAME=pw01sde1007202602080720260816%2FC4,芝,1:31.3,良,吉岡 辰弥,晴,別定,,
510(-2),57.0,2  2  2,中京,PASS_HTML,1600,5,pw01dud102021104854/91,ミナデオロ,14,西塚 洸二,34.2,クビ,08,02,11,3歳以上,オープン,2026-08-16,pw01sde1007202602080720260816,中京記念,07,（国際）（特指）,107,15時35分,牡5,https://www.jra.go.jp/JRADB/accessS.html?CNAME=pw01sde1007202602080720260816%2FC4,芝,1:31.3,良,藤原 英昭,晴,別定,,
454(-12),57.0,12  12  13,中京,PASS_HTML,1600,6,pw01dud102020103428/EE,スイープアワーズ,8,国分 優作,33.2,１／２,08,02,10,3歳以上,オープン,2026-08-16,pw01sde1007202602080720260816,中京記念,07,（国際）（特指）,106,15時35分,牡6,https://www.jra.go.jp/JRADB/accessS.html?CNAME=pw01sde1007202602080720260816%2FC4,芝,1:31.4,良,宮地 貴稔,晴,別定,,
498(+6),55.0,4  5  5,中京,PASS_HTML,1600,7,pw01dud102022105778/C7,チェルビアット,11,吉村 誠之助,34.2,１,08,02,6,3歳以上,オープン,2026-08-16,pw01sde1007202602080720260816,中京記念,07,（国際）（特指）,100,15時35分,牝4,https://www.jra.go.jp/JRADB/accessS.html?CNAME=pw01sde1007202602080720260816%2FC4,芝,1:31.6,良,高野 友和,晴,別定,,
496(+14),55.0,4  7  8,中京,PASS_HTML,1600,8,pw01dud102022104839/3C,カネラフィーナ,7,石川 裕紀人,33.8,クビ,08,02,9,3歳以上,オープン,2026-08-16,pw01sde1007202602080720260816,中京記念,07,（国際）（特指）,100,15時35分,牝4,https://www.jra.go.jp/JRADB/accessS.html?CNAME=pw01sde1007202602080720260816%2FC4,芝,1:31.6,良,手塚 貴久,晴,別定,,
500(0),57.0,13  16  15,中京,PASS_HTML,1600,9,pw01dud102021105119/28,キープカルム,6,柴田 裕一郎,33.4,１ 1/4,08,02,7,3歳以上,オープン,2026-08-16,pw01sde1007202602080720260816,中京記念,07,（国際）（特指）,101,15時35分,牡5,https://www.jra.go.jp/JRADB/accessS.html?CNAME=pw01sde1007202602080720260816%2FC4,芝,1:31.8,良,中竹 和也,晴,別定,,
472(-4),57.0,8  7  8,中京,PASS_HTML,1600,10,pw01dud102022103146/AD,カンシン,16,団野 大成,34.1,１／２,08,02,15,3歳以上,オープン,2026-08-16,pw01sde1007202602080720260816,中京記念,07,（国際）（特指）,100,15時35分,牡4,https://www.jra.go.jp/JRADB/accessS.html?CNAME=pw01sde1007202602080720260816%2FC4,芝,1:31.9,良,西園 翔太,晴,別定,,
460(+2),58.0,10  10  8,中京,PASS_HTML,1600,11,pw01dud102021105454/BC,ブエナオンダ,1,菱田 裕二,34.1,１／２,08,02,12,3歳以上,オープン,2026-08-16,pw01sde1007202602080720260816,中京記念,07,（国際）（特指）,101,15時35分,牡5,https://www.jra.go.jp/JRADB/accessS.html?CNAME=pw01sde1007202602080720260816%2FC4,芝,1:32.0,良,須貝 尚介,晴,別定,,
424(+6),57.0,13  15  15,中京,PASS_HTML,1600,12,pw01dud102022103793/CA,ケイズレーヴ,13,渡辺 竜也,33.5,クビ,08,02,16,3歳以上,オープン,2026-08-16,pw01sde1007202602080720260816,中京記念,07,（国際）（特指）,99,15時35分,牡4,https://www.jra.go.jp/JRADB/accessS.html?CNAME=pw01sde1007202602080720260816%2FC4,芝,1:32.0,良,榎屋 充,晴,別定,,
516(-4),57.0,4  3  3,中京,PASS_HTML,1600,13,pw01dud102019105239/6E,ショウナンアデイブ,15,田山 旺佑,34.9,１／２,08,02,14,3歳以上,オープン,2026-08-16,pw01sde1007202602080720260816,中京記念,07,（国際）（特指）,98,15時35分,牡7,https://www.jra.go.jp/JRADB/accessS.html?CNAME=pw01sde1007202602080720260816%2FC4,芝,1:32.1,良,高野 友和,晴,別定,,
442(-14),52.0,1  1  1,中京,PASS_HTML,1600,14,pw01dud102023105312/7D,リリージョワ,9,浜中 俊,35.3,クビ,08,02,4,3歳以上,オープン,2026-08-16,pw01sde1007202602080720260816,中京記念,07,（国際）（特指）,93,15時35分,牝3,https://www.jra.go.jp/JRADB/accessS.html?CNAME=pw01sde1007202602080720260816%2FC4,芝,1:32.2,良,武 幸四郎,晴,別定,,
490(0),52.0,2  3  4,中京,PASS_HTML,1600,15,pw01dud102023106227/8A,ナムラコスモス,10,田口 貫太,35.4,３,08,02,3,3歳以上,オープン,2026-08-16,pw01sde1007202602080720260816,中京記念,07,（国際）（特指）,87,15時35分,牝3,https://www.jra.go.jp/JRADB/accessS.html?CNAME=pw01sde1007202602080720260816%2FC4,芝,1:32.7,良,大橋 勇樹,晴,別定,,
508(+4),57.0,13  12  13,中京,PASS_HTML,1600,16,pw01dud102020106582/9A,ファントムシーフ,2,幸 英明,34.7,１ 1/4,08,02,13,3歳以上,オープン,2026-08-16,pw01sde1007202602080720260816,中京記念,07,（国際）（特指）,88,15時35分,牡6,https://www.jra.go.jp/JRADB/accessS.html?CNAME=pw01sde1007202602080720260816%2FC4,芝,1:32.9,良,西村 真幸,晴,別定,,
456(-2),56.0,2  2  2  2,中京,PASS_HTML,2000,1,pw01dud102021106100/FC,パフュームセント,6,幸 英明,33.4,,08,02,3,3歳以上,2勝クラス,2026-08-16,pw01sde1007202602080620260816,長久手特別,06,牝［指定］,,15時01分,牝5,https://www.jra.go.jp/JRADB/accessS.html?CNAME=pw01sde1007202602080620260816%2F0F,芝,2:00.5,良,斉藤 崇史,晴,定量,,
498(0),56.0,6  5  7  7,中京,PASS_HTML,2000,2,pw01dud102022103278/F4,ホウオウタイタン,1,田山 旺佑,32.8,１,08,02,2,3歳以上,2勝クラス,2026-08-16,pw01sde1007202602080620260816,長久手特別,06,牝［指定］,,15時01分,牝4,https://www.jra.go.jp/JRADB/accessS.html?CNAME=pw01sde1007202602080620260816%2F0F,芝,2:00.7,良,須貝 尚介,晴,定量,,
504(-4),56.0,3  3  3  3,中京,PASS_HTML,2000,3,pw01dud102022105250/1A,エアビッグマム,3,西塚 洸二,33.5,１／２,08,02,6,3歳以上,2勝クラス,2026-08-16,pw01sde1007202602080620260816,長久手特別,06,牝［指定］,,15時01分,牝4,https://www.jra.go.jp/JRADB/accessS.html?CNAME=pw01sde1007202602080620260816%2F0F,芝,2:00.8,良,笹田 和秀,晴,定量,,
460(+2),53.0,1  1  1  1,中京,PASS_HTML,2000,4,pw01dud102023107071/B5,アーリーハーベスト,5,松山 弘平,33.7,ハナ,08,02,1,3歳以上,2勝クラス,2026-08-16,pw01sde1007202602080620260816,長久手特別,06,牝［指定］,,15時01分,牝3,https://www.jra.go.jp/JRADB/accessS.html?CNAME=pw01sde1007202602080620260816%2F0F,芝,2:00.8,良,小林 真也,晴,定量,,
502(0),56.0,3  3  3  3,中京,PASS_HTML,2000,5,pw01dud102021101454/00,ステラクラウン,2,岩田 望来,33.5,１／２,08,02,4,3歳以上,2勝クラス,2026-08-16,pw01sde1007202602080620260816,長久手特別,06,牝［指定］,,15時01分,牝5,https://www.jra.go.jp/JRADB/accessS.html?CNAME=pw01sde1007202602080620260816%2F0F,芝,2:00.9,良,上村 洋行,晴,定量,,
454(-4),56.0,5  5  5  5,中京,PASS_HTML,2000,6,pw01dud102021105102/F3,スターリングアップ,4,菱田 裕二,33.4,３／４,08,02,5,3歳以上,2勝クラス,2026-08-16,pw01sde1007202602080620260816,長久手特別,06,牝［指定］,,15時01分,牝5,https://www.jra.go.jp/JRADB/accessS.html?CNAME=pw01sde1007202602080620260816%2F0F,芝,2:01.0,良,松永 幹夫,晴,定量,,
468(+10),56.0,7  5  5  5,中京,PASS_HTML,2000,7,pw01dud102021106904/50,レイピカケ,7,団野 大成,33.9,３,08,02,7,3歳以上,2勝クラス,2026-08-16,pw01sde1007202602080620260816,長久手特別,06,牝［指定］,,15時01分,牝5,https://www.jra.go.jp/JRADB/accessS.html?CNAME=pw01sde1007202602080620260816%2F0F,芝,2:01.5,良,野中 賢二,晴,定量,,
448(0),56.0,2  2,中京,QUARANTINED_HTML:track_condition,1400,1,pw01dud102021103268/58,メイショウタムシバ,15,菱田 裕二,36.7,,08,02,9,3歳以上,2勝クラス,2026-08-16,pw01sde1007202602080820260816,大垣特別,08,（混合）［指定］,,16時15分,牝5,https://www.jra.go.jp/JRADB/accessS.html?CNAME=pw01sde1007202602080820260816%2F79,ダート,1:24.1,,飯田 祐史,晴,定量,,
512(0),58.0,12  11,中京,QUARANTINED_HTML:track_condition,1400,2,pw01dud102022104120/CA,コスモストーム,6,秋山 稔樹,36.1,１ 1/4,08,02,1,3歳以上,2勝クラス,2026-08-16,pw01sde1007202602080820260816,大垣特別,08,（混合）［指定］,,16時15分,牡4,https://www.jra.go.jp/JRADB/accessS.html?CNAME=pw01sde1007202602080820260816%2F79,ダート,1:24.3,,北出 成人,晴,定量,,
472(-2),58.0,10  7,中京,QUARANTINED_HTML:track_condition,1400,3,pw01dud102021100171/45,ダノンキラウェア,10,岩田 望来,36.2,クビ,08,02,2,3歳以上,2勝クラス,2026-08-16,pw01sde1007202602080820260816,大垣特別,08,（混合）［指定］,,16時15分,牡5,https://www.jra.go.jp/JRADB/accessS.html?CNAME=pw01sde1007202602080820260816%2F79,ダート,1:24.3,,中内田 充正,晴,定量,,
488(+2),58.0,6  4,中京,QUARANTINED_HTML:track_condition,1400,4,pw01dud102021105849/AF,オコタンペ,13,富田 暁,36.9,１ 3/4,08,02,14,3歳以上,2勝クラス,2026-08-16,pw01sde1007202602080820260816,大垣特別,08,（混合）［指定］,,16時15分,牡5,https://www.jra.go.jp/JRADB/accessS.html?CNAME=pw01sde1007202602080820260816%2F79,ダート,1:24.6,,須貝 尚介,晴,定量,,
464(+4),58.0,4  4,中京,QUARANTINED_HTML:track_condition,1400,5,pw01dud102021101468/DC,アリエスキング,16,国分 優作,37.1,クビ,08,02,6,3歳以上,2勝クラス,2026-08-16,pw01sde1007202602080820260816,大垣特別,08,（混合）［指定］,,16時15分,牡5,https://www.jra.go.jp/JRADB/accessS.html?CNAME=pw01sde1007202602080820260816%2F79,ダート,1:24.7,,庄野 靖志,晴,定量,,
508(+2),56.0,8  8,中京,QUARANTINED_HTML:track_condition,1400,6,pw01dud102022103619/CB,タマモジャスミン,1,田口 貫太,36.9,３／４,08,02,10,3歳以上,2勝クラス,2026-08-16,pw01sde1007202602080820260816,大垣特別,08,（混合）［指定］,,16時15分,牝4,https://www.jra.go.jp/JRADB/accessS.html?CNAME=pw01sde1007202602080820260816%2F79,ダート,1:24.8,,大橋 勇樹,晴,定量,,
468(-2),58.0,8  8,中京,QUARANTINED_HTML:track_condition,1400,7,pw01dud102022101903/BE,アンビシャスヨシノ,14,角田 大和,37.0,１／２,08,02,4,3歳以上,2勝クラス,2026-08-16,pw01sde1007202602080820260816,大垣特別,08,（混合）［指定］,,16時15分,牡4,https://www.jra.go.jp/JRADB/accessS.html?CNAME=pw01sde1007202602080820260816%2F79,ダート,1:24.9,,吉田 直弘,晴,定量,,
484(+2),55.0,1  1,中京,QUARANTINED_HTML:track_condition,1400,8,pw01dud102023104700/5C,カナタコナタ,5,吉村 誠之助,37.9,１ 3/4,08,02,5,3歳以上,2勝クラス,2026-08-16,pw01sde1007202602080820260816,大垣特別,08,（混合）［指定］,,16時15分,牡3,https://www.jra.go.jp/JRADB/accessS.html?CNAME=pw01sde1007202602080820260816%2F79,ダート,1:25.2,,高橋 一哉,晴,定量,,
480(+2),58.0,15  15,中京,QUARANTINED_HTML:track_condition,1400,9,pw01dud102022110038/53,ミクストベリーズ,3,浜中 俊,36.9,クビ,08,02,12,3歳以上,2勝クラス,2026-08-16,pw01sde1007202602080820260816,大垣特別,08,（混合）［指定］,,16時15分,牡4,https://www.jra.go.jp/JRADB/accessS.html?CNAME=pw01sde1007202602080820260816%2F79,ダート,1:25.2,,伊藤 圭三,晴,定量,,
476(+6),56.0,16  16,中京,QUARANTINED_HTML:track_condition,1400,10,pw01dud102021100652/8D,ラピダリア,7,西塚 洸二,36.6,クビ,08,02,15,3歳以上,2勝クラス,2026-08-16,pw01sde1007202602080820260816,大垣特別,08,（混合）［指定］,,16時15分,牝5,https://www.jra.go.jp/JRADB/accessS.html?CNAME=pw01sde1007202602080820260816%2F79,ダート,1:25.2,,吉田 直弘,晴,定量,,
486(+2),56.0,6  8,中京,QUARANTINED_HTML:track_condition,1400,11,pw01dud102022104788/E8,ジュルナール,8,田山 旺佑,37.8,１ 1/2,08,02,8,3歳以上,2勝クラス,2026-08-16,pw01sde1007202602080820260816,大垣特別,08,（混合）［指定］,,16時15分,牝4,https://www.jra.go.jp/JRADB/accessS.html?CNAME=pw01sde1007202602080820260816%2F79,ダート,1:25.5,,池添 学,晴,定量,,
438(-14),55.0,12  14,中京,QUARANTINED_HTML:track_condition,1400,12,pw01dud102023101323/44,ラインジーク,12,団野 大成,37.3,クビ,08,02,3,3歳以上,2勝クラス,2026-08-16,pw01sde1007202602080820260816,大垣特別,08,（混合）［指定］,,16時15分,牡3,https://www.jra.go.jp/JRADB/accessS.html?CNAME=pw01sde1007202602080820260816%2F79,ダート,1:25.5,,水野 貴広,晴,定量,,
516(0),56.0,4  6,中京,QUARANTINED_HTML:track_condition,1400,13,pw01dud102022103746/D3,マキシマムビスタ,2,幸 英明,38.0,１／２,08,02,7,3歳以上,2勝クラス,2026-08-16,pw01sde1007202602080820260816,大垣特別,08,（混合）［指定］,,16時15分,牝4,https://www.jra.go.jp/JRADB/accessS.html?CNAME=pw01sde1007202602080820260816%2F79,ダート,1:25.6,,斉藤 崇史,晴,定量,,
480(+2),56.0,2  2,中京,QUARANTINED_HTML:track_condition,1400,14,pw01dud102021100382/2A,ケープアグラス,9,永島 まなみ,38.2,クビ,08,02,16,3歳以上,2勝クラス,2026-08-16,pw01sde1007202602080820260816,大垣特別,08,（混合）［指定］,,16時15分,牝5,https://www.jra.go.jp/JRADB/accessS.html?CNAME=pw01sde1007202602080820260816%2F79,ダート,1:25.6,,金成 貴史,晴,定量,,
474(-4),58.0,12  11,中京,QUARANTINED_HTML:track_condition,1400,15,pw01dud102021100739/C3,ワンダーカモン,11,M.デムーロ,37.8,２ 1/2,08,02,11,3歳以上,2勝クラス,2026-08-16,pw01sde1007202602080820260816,大垣特別,08,（混合）［指定］,,16時15分,牡5,https://www.jra.go.jp/JRADB/accessS.html?CNAME=pw01sde1007202602080820260816%2F79,ダート,1:26.0,,吉村 圭司,晴,定量,,
500(0),58.0,10  11,中京,QUARANTINED_HTML:track_condition,1400,16,pw01dud102022103704/AD,アスゴッド,4,中井 裕二,38.1,１／２,08,02,13,3歳以上,2勝クラス,2026-08-16,pw01sde1007202602080820260816,大垣特別,08,（混合）［指定］,,16時15分,牡4,https://www.jra.go.jp/JRADB/accessS.html?CNAME=pw01sde1007202602080820260816%2F79,ダート,1:26.1,,矢作 芳人,晴,定量,,
486(0),57.0,6  4  5  4,中京,PASS_HTML,2200,1,pw01dud102023102013/90,ロイドウェバー,3,松山 弘平,34.9,,08,02,1,3歳,未勝利,2026-08-16,pw01sde1007202602080920260816,3歳未勝利,09,（混合）［指定］,,16時55分,牡3,https://www.jra.go.jp/JRADB/accessS.html?CNAME=pw01sde1007202602080920260816%2F2E,芝,2:12.7,良,杉山 晴紀,晴,馬齢,,
460(-6),57.0,15  15  14  14,中京,PASS_HTML,2200,2,pw01dud102023103411/5D,スクランプシャス,12,菱田 裕二,34.4,１ 1/4,08,02,7,3歳,未勝利,2026-08-16,pw01sde1007202602080920260816,3歳未勝利,09,（混合）［指定］,,16時55分,牡3,https://www.jra.go.jp/JRADB/accessS.html?CNAME=pw01sde1007202602080920260816%2F2E,芝,2:12.9,良,橋口 慎介,晴,馬齢,,
444(-6),57.0,13  14  11  10,中京,PASS_HTML,2200,3,pw01dud102023105573/B2,オープンザパンドラ,9,田口 貫太,34.9,１ 1/4,08,02,9,3歳,未勝利,2026-08-16,pw01sde1007202602080920260816,3歳未勝利,09,（混合）［指定］,,16時55分,牡3,https://www.jra.go.jp/JRADB/accessS.html?CNAME=pw01sde1007202602080920260816%2F2E,芝,2:13.1,良,小椋 研介,晴,馬齢,,
428(-6),57.0,2  3  3  3,中京,PASS_HTML,2200,4,pw01dud102023106243/DE,ナムラヴンダー,6,幸 英明,36.0,２ 1/2,08,02,2,3歳,未勝利,2026-08-16,pw01sde1007202602080920260816,3歳未勝利,09,（混合）［指定］,,16時55分,牡3,https://www.jra.go.jp/JRADB/accessS.html?CNAME=pw01sde1007202602080920260816%2F2E,芝,2:13.6,良,河嶋 宏樹,晴,馬齢,,
484(-8),57.0,4  4  4  4,中京,PASS_HTML,2200,5,pw01dud102023105256/58,タイセイグローバル,13,角田 大和,35.9,アタマ,08,02,11,3歳,未勝利,2026-08-16,pw01sde1007202602080920260816,3歳未勝利,09,（混合）［指定］,,16時55分,牡3,https://www.jra.go.jp/JRADB/accessS.html?CNAME=pw01sde1007202602080920260816%2F2E,芝,2:13.6,良,小林 真也,晴,馬齢,,
472(0),57.0,16  15  14  14,中京,PASS_HTML,2200,6,pw01dud102023105232/6C,ヴァンドゥーヴル,10,富田 暁,35.3,１ 1/4,08,02,13,3歳,未勝利,2026-08-16,pw01sde1007202602080920260816,3歳未勝利,09,（混合）［指定］,,16時55分,牡3,https://www.jra.go.jp/JRADB/accessS.html?CNAME=pw01sde1007202602080920260816%2F2E,芝,2:13.8,良,石坂 公一,晴,馬齢,,
498(+2),56.0,10  10  8  6,中京,PASS_HTML,2200,7,pw01dud102023106218/ED,ブルーザー,11,☆田山 旺佑,36.0,１ 1/2,08,02,5,3歳,未勝利,2026-08-16,pw01sde1007202602080920260816,3歳未勝利,09,（混合）［指定］,,16時55分,牡3,https://www.jra.go.jp/JRADB/accessS.html?CNAME=pw01sde1007202602080920260816%2F2E,芝,2:14.0,良,池添 学,晴,馬齢,,
434(0),55.0,2  2  2  2,中京,PASS_HTML,2200,8,pw01dud102023101308/63,グリミスティ,7,松若 風馬,36.6,３／４,08,02,12,3歳,未勝利,2026-08-16,pw01sde1007202602080920260816,3歳未勝利,09,（混合）［指定］,,16時55分,牝3,https://www.jra.go.jp/JRADB/accessS.html?CNAME=pw01sde1007202602080920260816%2F2E,芝,2:14.1,良,森田 直行,晴,馬齢,,
426(-6),52.0,13  13  11  12,中京,PASS_HTML,2200,9,pw01dud102023101197/1E,ゴールドアベニュー,2,▲森田 誠也,35.9,クビ,08,02,16,3歳,未勝利,2026-08-16,pw01sde1007202602080920260816,3歳未勝利,09,（混合）［指定］,,16時55分,牝3,https://www.jra.go.jp/JRADB/accessS.html?CNAME=pw01sde1007202602080920260816%2F2E,芝,2:14.2,良,宮地 貴稔,晴,馬齢,,
544(+2),57.0,9  6  7  6,中京,PASS_HTML,2200,10,pw01dud102023102630/7D,グランシャン,8,吉村 誠之助,36.1,アタマ,08,02,8,3歳,未勝利,2026-08-16,pw01sde1007202602080920260816,3歳未勝利,09,（混合）［指定］,,16時55分,牡3,https://www.jra.go.jp/JRADB/accessS.html?CNAME=pw01sde1007202602080920260816%2F2E,芝,2:14.2,良,松永 幹夫,晴,馬齢,,
520(-4),57.0,10  6  8  6,中京,PASS_HTML,2200,11,pw01dud102023102593/05,ジャスティンレビン,4,団野 大成,36.2,アタマ,08,02,10,3歳,未勝利,2026-08-16,pw01sde1007202602080920260816,3歳未勝利,09,（混合）［指定］,,16時55分,牡3,https://www.jra.go.jp/JRADB/accessS.html?CNAME=pw01sde1007202602080920260816%2F2E,芝,2:14.2,良,吉岡 辰弥,晴,馬齢,,
490(初出走),57.0,18  18  18  16,中京,PASS_HTML,2200,12,pw01dud102023102168/50,スミヨン,5,渡辺 竜也,35.4,アタマ,08,02,15,3歳,未勝利,2026-08-16,pw01sde1007202602080920260816,3歳未勝利,09,（混合）［指定］,,16時55分,牡3,https://www.jra.go.jp/JRADB/accessS.html?CNAME=pw01sde1007202602080920260816%2F2E,芝,2:14.2,良,小栗 実,晴,馬齢,,
486(-4),55.0,17  17  17  16,中京,PASS_HTML,2200,13,pw01dud102023101363/84,デルマトカチ,1,国分 優作,35.6,１,08,02,17,3歳,未勝利,2026-08-16,pw01sde1007202602080920260816,3歳未勝利,09,（混合）［指定］,,16時55分,牝3,https://www.jra.go.jp/JRADB/accessS.html?CNAME=pw01sde1007202602080920260816%2F2E,芝,2:14.4,良,畑端 省吾,晴,馬齢,,
430(-4),55.0,10  10  11  12,中京,PASS_HTML,2200,14,pw01dud102023102073/F0,レーヴドリュヌ,18,国分 恭介,36.2,３／４,08,02,14,3歳,未勝利,2026-08-16,pw01sde1007202602080920260816,3歳未勝利,09,（混合）［指定］,,16時55分,牝3,https://www.jra.go.jp/JRADB/accessS.html?CNAME=pw01sde1007202602080920260816%2F2E,芝,2:14.5,良,宮本 博,晴,馬齢,,
466(-4),57.0,7  6  5  6,中京,PASS_HTML,2200,15,pw01dud102023106007/08,スマートエラン,16,J.コレット,36.7,１ 1/4,08,02,3,3歳,未勝利,2026-08-16,pw01sde1007202602080920260816,3歳未勝利,09,（混合）［指定］,,16時55分,牡3,https://www.jra.go.jp/JRADB/accessS.html?CNAME=pw01sde1007202602080920260816%2F2E,芝,2:14.7,良,池江 泰寿,晴,馬齢,,
432(+14),55.0,7  10  8  10,中京,PASS_HTML,2200,16,pw01dud102023103708/05,ノチェブエナ,17,岩田 望来,36.5,クビ,08,02,6,3歳,未勝利,2026-08-16,pw01sde1007202602080920260816,3歳未勝利,09,（混合）［指定］,,16時55分,牝3,https://www.jra.go.jp/JRADB/accessS.html?CNAME=pw01sde1007202602080920260816%2F2E,芝,2:14.7,良,小栗 実,晴,馬齢,,
516(0),57.0,1  1  1  1,中京,PASS_HTML,2200,17,pw01dud102023103398/D1,ダノンオブアイデア,14,西塚 洸二,37.7,２ 1/2,08,02,4,3歳,未勝利,2026-08-16,pw01sde1007202602080920260816,3歳未勝利,09,（混合）［指定］,,16時55分,牡3,https://www.jra.go.jp/JRADB/accessS.html?CNAME=pw01sde1007202602080920260816%2F2E,芝,2:15.1,良,藤原 英昭,晴,馬齢,,
522(-6),55.0,4  6  14  18,中京,PASS_HTML,2200,18,pw01dud102023100141/2D,ヨシノサンキュー,15,△柴田 裕一郎,41.3,大差,08,02,18,3歳,未勝利,2026-08-16,pw01sde1007202602080920260816,3歳未勝利,09,（混合）［指定］,,16時55分,牡3,https://www.jra.go.jp/JRADB/accessS.html?CNAME=pw01sde1007202602080920260816%2F2E,芝,2:21.0,良,中竹 和也,晴,馬齢,,
482(-6),58.0,12  14,中京,PASS_HTML,1400,1,pw01dud102022102052/D1,セルズパワー,5,J.コレット,33.3,,08,02,9,3歳以上,1勝クラス,2026-08-16,pw01sde1007202602081120260816,3歳以上1勝クラス,11,（混合）［指定］,,18時00分,牡4,https://www.jra.go.jp/JRADB/accessS.html?CNAME=pw01sde1007202602081120260816%2FD8,芝,1:19.4,良,牧田 和弥,晴,定量,,
436(-2),55.0,7  7,中京,PASS_HTML,1400,1,pw01dud102023102990/70,キングケープ,15,西塚 洸二,33.8,同着,08,02,12,3歳以上,1勝クラス,2026-08-16,pw01sde1007202602081120260816,3歳以上1勝クラス,11,（混合）［指定］,,18時00分,牡3,https://www.jra.go.jp/JRADB/accessS.html?CNAME=pw01sde1007202602081120260816%2FD8,芝,1:19.4,良,大橋 勇樹,晴,定量,,
462(0),58.0,12  12,中京,PASS_HTML,1400,3,pw01dud102022106912/06,ヴァージル,12,M.デムーロ,33.4,クビ,08,02,4,3歳以上,1勝クラス,2026-08-16,pw01sde1007202602081120260816,3歳以上1勝クラス,11,（混合）［指定］,,18時00分,牡4,https://www.jra.go.jp/JRADB/accessS.html?CNAME=pw01sde1007202602081120260816%2FD8,芝,1:19.4,良,小椋 研介,晴,定量,,
470(+10),53.0,10  10,中京,PASS_HTML,1400,4,pw01dud102023107183/DC,フォルナックス,11,吉村 誠之助,33.8,３／４,08,02,6,3歳以上,1勝クラス,2026-08-16,pw01sde1007202602081120260816,3歳以上1勝クラス,11,（混合）［指定］,,18時00分,牝3,https://www.jra.go.jp/JRADB/accessS.html?CNAME=pw01sde1007202602081120260816%2FD8,芝,1:19.5,良,奥村 豊,晴,定量,,
518(-4),58.0,15  14,中京,PASS_HTML,1400,5,pw01dud102022105012/5E,フロンティエール,3,幸 英明,33.5,１,08,02,10,3歳以上,1勝クラス,2026-08-16,pw01sde1007202602081120260816,3歳以上1勝クラス,11,（混合）［指定］,,18時00分,牡4,https://www.jra.go.jp/JRADB/accessS.html?CNAME=pw01sde1007202602081120260816%2FD8,芝,1:19.7,良,柴田 卓,晴,定量,,
450(+6),51.0,1  1,中京,PASS_HTML,1400,6,pw01dud102023103247/DD,フルールジェンヌ,2,◇永島 まなみ,35.0,１／２,08,02,3,3歳以上,1勝クラス,2026-08-16,pw01sde1007202602081120260816,3歳以上1勝クラス,11,（混合）［指定］,,18時00分,牝3,https://www.jra.go.jp/JRADB/accessS.html?CNAME=pw01sde1007202602081120260816%2FD8,芝,1:19.8,良,鈴木 孝志,晴,定量,,
438(-10),53.0,3  3,中京,PASS_HTML,1400,7,pw01dud102023105300/87,スウィッチインラヴ,13,松山 弘平,34.6,ハナ,08,02,2,3歳以上,1勝クラス,2026-08-16,pw01sde1007202602081120260816,3歳以上1勝クラス,11,（混合）［指定］,,18時00分,牝3,https://www.jra.go.jp/JRADB/accessS.html?CNAME=pw01sde1007202602081120260816%2FD8,芝,1:19.8,良,矢作 芳人,晴,定量,,
460(+2),53.0,7  7,中京,PASS_HTML,1400,8,pw01dud102023107105/42,ルージュバロン,7,岩田 望来,34.3,クビ,08,02,1,3歳以上,1勝クラス,2026-08-16,pw01sde1007202602081120260816,3歳以上1勝クラス,11,（混合）［指定］,,18時00分,牝3,https://www.jra.go.jp/JRADB/accessS.html?CNAME=pw01sde1007202602081120260816%2FD8,芝,1:19.8,良,福永 祐一,晴,定量,,
458(-8),55.0,4  4,中京,PASS_HTML,1400,9,pw01dud102023101501/A0,マイティキングダム,14,富田 暁,34.4,ハナ,08,02,7,3歳以上,1勝クラス,2026-08-16,pw01sde1007202602081120260816,3歳以上1勝クラス,11,（混合）［指定］,,18時00分,牡3,https://www.jra.go.jp/JRADB/accessS.html?CNAME=pw01sde1007202602081120260816%2FD8,芝,1:19.8,良,加藤 公太,晴,定量,,
472(+2),56.0,11  10,中京,PASS_HTML,1400,10,pw01dud102022105715/0E,ジョワイユノエル,8,浜中 俊,34.2,１／２,08,02,5,3歳以上,1勝クラス,2026-08-16,pw01sde1007202602081120260816,3歳以上1勝クラス,11,（混合）［指定］,,18時00分,牝4,https://www.jra.go.jp/JRADB/accessS.html?CNAME=pw01sde1007202602081120260816%2FD8,芝,1:19.9,良,辻野 泰之,晴,定量,,
410(-6),53.0,12  12,中京,PASS_HTML,1400,11,pw01dud102023106107/39,ベルフラム,4,角田 大和,34.1,１ 1/4,08,02,11,3歳以上,1勝クラス,2026-08-16,pw01sde1007202602081120260816,3歳以上1勝クラス,11,（混合）［指定］,,18時00分,牝3,https://www.jra.go.jp/JRADB/accessS.html?CNAME=pw01sde1007202602081120260816%2FD8,芝,1:20.1,良,高橋 一哉,晴,定量,,
464(+2),56.0,2  2,中京,PASS_HTML,1400,12,pw01dud102022107147/DC,キョラムン,6,太宰 啓介,35.3,１ 1/4,08,02,8,3歳以上,1勝クラス,2026-08-16,pw01sde1007202602081120260816,3歳以上1勝クラス,11,（混合）［指定］,,18時00分,牝4,https://www.jra.go.jp/JRADB/accessS.html?CNAME=pw01sde1007202602081120260816%2FD8,芝,1:20.3,良,石橋 守,晴,定量,,
470(-8),58.0,7  7,中京,PASS_HTML,1400,13,pw01dud102022101690/62,グレゴリオ,1,石川 裕紀人,34.8,クビ,08,02,13,3歳以上,1勝クラス,2026-08-16,pw01sde1007202602081120260816,3歳以上1勝クラス,11,（混合）［指定］,,18時00分,せん4,https://www.jra.go.jp/JRADB/accessS.html?CNAME=pw01sde1007202602081120260816%2FD8,芝,1:20.3,良,松尾 卓哉,晴,定量,,
448(-2),53.0,4  4,中京,PASS_HTML,1400,14,pw01dud102023102025/86,フィラーエ,9,国分 恭介,35.3,１ 1/2,08,02,14,3歳以上,1勝クラス,2026-08-16,pw01sde1007202602081120260816,3歳以上1勝クラス,11,（混合）［指定］,,18時00分,牝3,https://www.jra.go.jp/JRADB/accessS.html?CNAME=pw01sde1007202602081120260816%2FD8,芝,1:20.6,良,高橋 康之,晴,定量,,
490(0),58.0,4  4,中京,PASS_HTML,1400,15,pw01dud102022104892/77,ダノンフェルゼン,10,団野 大成,36.0,４,08,02,15,3歳以上,1勝クラス,2026-08-16,pw01sde1007202602081120260816,3歳以上1勝クラス,11,（混合）［指定］,,18時00分,牡4,https://www.jra.go.jp/JRADB/accessS.html?CNAME=pw01sde1007202602081120260816%2FD8,芝,1:21.3,良,東田 明士,晴,定量,,
484(+2),56.0,15  14,中京,PASS_HTML,1400,16,pw01dud102022101429/9B,ブーディガ,16,田口 貫太,35.2,３／４,08,02,16,3歳以上,1勝クラス,2026-08-16,pw01sde1007202602081120260816,3歳以上1勝クラス,11,（混合）［指定］,,18時00分,牝4,https://www.jra.go.jp/JRADB/accessS.html?CNAME=pw01sde1007202602081120260816%2FD8,芝,1:21.4,良,高橋 一哉,晴,定量,,
470(0),53.0,2  3  2  2,中京,QUARANTINED_HTML:track_condition,1800,1,pw01dud102023106711/BD,ヴァイヴァーイ,10,田口 貫太,38.9,,08,02,9,3歳以上,1勝クラス,2026-08-16,pw01sde1007202602081020260816,3歳以上1勝クラス,10,牝［指定］,,17時30分,牝3,https://www.jra.go.jp/JRADB/accessS.html?CNAME=pw01sde1007202602081020260816%2F23,ダート,1:53.6,,小崎 憲,晴,定量,,
458(+2),53.0,11  11  9  10,中京,QUARANTINED_HTML:track_condition,1800,2,pw01dud102023104858/75,エイコーンドリーム,11,鮫島 良太,38.6,２ 1/2,08,02,4,3歳以上,1勝クラス,2026-08-16,pw01sde1007202602081020260816,3歳以上1勝クラス,10,牝［指定］,,17時30分,牝3,https://www.jra.go.jp/JRADB/accessS.html?CNAME=pw01sde1007202602081020260816%2F23,ダート,1:54.0,,河嶋 宏樹,晴,定量,,
500(+20),56.0,8  8  6  8,中京,QUARANTINED_HTML:track_condition,1800,3,pw01dud102022101706/B5,ガールズデイアウト,7,岩田 望来,39.7,５,08,02,6,3歳以上,1勝クラス,2026-08-16,pw01sde1007202602081020260816,3歳以上1勝クラス,10,牝［指定］,,17時30分,牝4,https://www.jra.go.jp/JRADB/accessS.html?CNAME=pw01sde1007202602081020260816%2F23,ダート,1:54.8,,吉村 圭司,晴,定量,,
468(+4),53.0,15  15  12  10,中京,QUARANTINED_HTML:track_condition,1800,4,pw01dud102023103852/D4,コズミックフレア,16,幸 英明,39.2,アタマ,08,02,7,3歳以上,1勝クラス,2026-08-16,pw01sde1007202602081020260816,3歳以上1勝クラス,10,牝［指定］,,17時30分,牝3,https://www.jra.go.jp/JRADB/accessS.html?CNAME=pw01sde1007202602081020260816%2F23,ダート,1:54.8,,吉田 直弘,晴,定量,,
436(0),53.0,7  7  6  7,中京,QUARANTINED_HTML:track_condition,1800,5,pw01dud102023105544/F5,オーケーリアン,1,富田 暁,39.8,クビ,08,02,13,3歳以上,1勝クラス,2026-08-16,pw01sde1007202602081020260816,3歳以上1勝クラス,10,牝［指定］,,17時30分,牝3,https://www.jra.go.jp/JRADB/accessS.html?CNAME=pw01sde1007202602081020260816%2F23,ダート,1:54.9,,宮地 貴稔,晴,定量,,
448(-8),56.0,16  16  16  15,中京,QUARANTINED_HTML:track_condition,1800,6,pw01dud102022104633/28,アーデルリーベ,9,亀田 温心,39.0,２,08,02,12,3歳以上,1勝クラス,2026-08-16,pw01sde1007202602081020260816,3歳以上1勝クラス,10,牝［指定］,,17時30分,牝4,https://www.jra.go.jp/JRADB/accessS.html?CNAME=pw01sde1007202602081020260816%2F23,ダート,1:55.2,,斉藤 崇史,晴,定量,,
510(+6),53.0,8  9  6  6,中京,QUARANTINED_HTML:track_condition,1800,7,pw01dud102023104393/81,クレマチス,14,松若 風馬,40.2,１／２,08,02,2,3歳以上,1勝クラス,2026-08-16,pw01sde1007202602081020260816,3歳以上1勝クラス,10,牝［指定］,,17時30分,牝3,https://www.jra.go.jp/JRADB/accessS.html?CNAME=pw01sde1007202602081020260816%2F23,ダート,1:55.3,,杉山 佳明,晴,定量,,
472(+4),53.0,13  13  14  14,中京,QUARANTINED_HTML:track_condition,1800,8,pw01dud102021102894/F3,ルルフィーユ,3,▲森田 誠也,39.4,１／２,08,02,15,3歳以上,1勝クラス,2026-08-16,pw01sde1007202602081020260816,3歳以上1勝クラス,10,牝［指定］,,17時30分,牝5,https://www.jra.go.jp/JRADB/accessS.html?CNAME=pw01sde1007202602081020260816%2F23,ダート,1:55.4,,谷 潔,晴,定量,,
440(-5),51.0,12  13  14  15,中京,QUARANTINED_HTML:track_condition,1800,9,pw01dud102023102701/F1,ブラッドムーン,15,◇永島 まなみ,39.6,１ 1/4,08,02,14,3歳以上,1勝クラス,2026-08-16,pw01sde1007202602081020260816,3歳以上1勝クラス,10,牝［指定］,,17時30分,牝3,https://www.jra.go.jp/JRADB/accessS.html?CNAME=pw01sde1007202602081020260816%2F23,ダート,1:55.6,,宮本 博,晴,定量,,
470(+6),53.0,13  12  9  8,中京,QUARANTINED_HTML:track_condition,1800,10,pw01dud102023104861/60,ティエラレイナ,8,角田 大和,40.5,２,08,02,5,3歳以上,1勝クラス,2026-08-16,pw01sde1007202602081020260816,3歳以上1勝クラス,10,牝［指定］,,17時30分,牝3,https://www.jra.go.jp/JRADB/accessS.html?CNAME=pw01sde1007202602081020260816%2F23,ダート,1:55.9,,四位 洋文,晴,定量,,
478(+2),56.0,2  2  2  2,中京,QUARANTINED_HTML:track_condition,1800,11,pw01dud102022106631/20,バシリス,6,渡辺 竜也,41.5,１ 1/4,08,02,11,3歳以上,1勝クラス,2026-08-16,pw01sde1007202602081020260816,3歳以上1勝クラス,10,牝［指定］,,17時30分,牝4,https://www.jra.go.jp/JRADB/accessS.html?CNAME=pw01sde1007202602081020260816%2F23,ダート,1:56.1,,寺島 良,晴,定量,,
444(+8),54.0,8  9  12  12,中京,QUARANTINED_HTML:track_condition,1800,12,pw01dud102022107342/FF,ザラタン,5,△柴田 裕一郎,40.7,１／２,08,02,3,3歳以上,1勝クラス,2026-08-16,pw01sde1007202602081020260816,3歳以上1勝クラス,10,牝［指定］,,17時30分,牝4,https://www.jra.go.jp/JRADB/accessS.html?CNAME=pw01sde1007202602081020260816%2F23,ダート,1:56.2,,中竹 和也,晴,定量,,
490(-2),52.0,1  1  1  1,中京,QUARANTINED_HTML:track_condition,1800,13,pw01dud102023102641/00,ベルソテイラ,4,☆田山 旺佑,41.7,３／４,08,02,1,3歳以上,1勝クラス,2026-08-16,pw01sde1007202602081020260816,3歳以上1勝クラス,10,牝［指定］,,17時30分,牝3,https://www.jra.go.jp/JRADB/accessS.html?CNAME=pw01sde1007202602081020260816%2F23,ダート,1:56.3,,西村 真幸,晴,定量,,
406(-10),56.0,5  4  4  4,中京,QUARANTINED_HTML:track_condition,1800,14,pw01dud102022103065/29,ローズゴジャール,12,城戸 義政,41.7,１ 3/4,08,02,16,3歳以上,1勝クラス,2026-08-16,pw01sde1007202602081020260816,3歳以上1勝クラス,10,牝［指定］,,17時30分,牝4,https://www.jra.go.jp/JRADB/accessS.html?CNAME=pw01sde1007202602081020260816%2F23,ダート,1:56.6,,荒川 義之,晴,定量,,
486(+2),56.0,5  4  4  4,中京,QUARANTINED_HTML:track_condition,1800,15,pw01dud102022104301/7F,リポジノ,13,中井 裕二,42.7,６,08,02,10,3歳以上,1勝クラス,2026-08-16,pw01sde1007202602081020260816,3歳以上1勝クラス,10,牝［指定］,,17時30分,牝4,https://www.jra.go.jp/JRADB/accessS.html?CNAME=pw01sde1007202602081020260816%2F23,ダート,1:57.6,,秋本 大介,晴,定量,,
492(+8),56.0,4  4  9  12,中京,QUARANTINED_HTML:track_condition,1800,16,pw01dud102022104990/C2,マリーヌ,2,J.コレット,47.4,大差,08,02,8,3歳以上,1勝クラス,2026-08-16,pw01sde1007202602081020260816,3歳以上1勝クラス,10,牝［指定］,,17時30分,牝4,https://www.jra.go.jp/JRADB/accessS.html?CNAME=pw01sde1007202602081020260816%2F23,ダート,2:02.7,,斉藤 崇史,晴,定量,,
472(0),57.0,2  2  2  2,中京,QUARANTINED_HTML:track_condition,1800,1,pw01dud102023100944/0E,アイランド,13,吉村 誠之助,38.8,,08,02,1,3歳,未勝利,2026-08-16,pw01sde1007202602081220260816,3歳未勝利,12,[指定],,18時30分,牡3,https://www.jra.go.jp/JRADB/accessS.html?CNAME=pw01sde1007202602081220260816%2F8D,ダート,1:55.0,,清水 久詞,晴,馬齢,,
514(-4),57.0,5  5  3  3,中京,QUARANTINED_HTML:track_condition,1800,2,pw01dud102023104330/C8,タガノランパート,5,田口 貫太,38.9,２ 1/2,08,02,9,3歳,未勝利,2026-08-16,pw01sde1007202602081220260816,3歳未勝利,12,[指定],,18時30分,牡3,https://www.jra.go.jp/JRADB/accessS.html?CNAME=pw01sde1007202602081220260816%2F8D,ダート,1:55.4,,奥村 豊,晴,馬齢,,
446(0),57.0,16  16  16  15,中京,QUARANTINED_HTML:track_condition,1800,3,pw01dud102023104872/E3,ゴールデンドラゴン,11,松若 風馬,37.5,１ 3/4,08,02,4,3歳,未勝利,2026-08-16,pw01sde1007202602081220260816,3歳未勝利,12,[指定],,18時30分,牡3,https://www.jra.go.jp/JRADB/accessS.html?CNAME=pw01sde1007202602081220260816%2F8D,ダート,1:55.7,,宮本 博,晴,馬齢,,
458(-20),57.0,6  6  8  5,中京,QUARANTINED_HTML:track_condition,1800,4,pw01dud102023104063/BE,コンゴウフジ,10,渡辺 竜也,38.9,１ 1/4,08,02,8,3歳,未勝利,2026-08-16,pw01sde1007202602081220260816,3歳未勝利,12,[指定],,18時30分,牡3,https://www.jra.go.jp/JRADB/accessS.html?CNAME=pw01sde1007202602081220260816%2F8D,ダート,1:55.9,,福永 祐一,晴,馬齢,,
480(+4),57.0,13  13  13  12,中京,QUARANTINED_HTML:track_condition,1800,5,pw01dud102023100567/C3,グレートアゲイン,16,鮫島 良太,38.7,１ 1/4,08,02,16,3歳,未勝利,2026-08-16,pw01sde1007202602081220260816,3歳未勝利,12,[指定],,18時30分,牡3,https://www.jra.go.jp/JRADB/accessS.html?CNAME=pw01sde1007202602081220260816%2F8D,ダート,1:56.1,,牧浦 充徳,晴,馬齢,,
466(-12),56.0,10  10  6  5,中京,QUARANTINED_HTML:track_condition,1800,6,pw01dud102023102726/50,タロ,12,☆田山 旺佑,39.3,クビ,08,02,3,3歳,未勝利,2026-08-16,pw01sde1007202602081220260816,3歳未勝利,12,[指定],,18時30分,牡3,https://www.jra.go.jp/JRADB/accessS.html?CNAME=pw01sde1007202602081220260816%2F8D,ダート,1:56.2,,新谷 功一,晴,馬齢,,
512(+2),54.0,14  13  14  12,中京,QUARANTINED_HTML:track_condition,1800,7,pw01dud102023107252/6A,カラバッシュ,14,▲森田 誠也,38.8,１,08,02,11,3歳,未勝利,2026-08-16,pw01sde1007202602081220260816,3歳未勝利,12,[指定],,18時30分,牡3,https://www.jra.go.jp/JRADB/accessS.html?CNAME=pw01sde1007202602081220260816%2F8D,ダート,1:56.3,,寺島 良,晴,馬齢,,
492(+6),57.0,1  1  1  1,中京,QUARANTINED_HTML:track_condition,1800,8,pw01dud102023101650/AE,ガトー,8,秋山 稔樹,40.5,２,08,02,2,3歳,未勝利,2026-08-16,pw01sde1007202602081220260816,3歳未勝利,12,[指定],,18時30分,牡3,https://www.jra.go.jp/JRADB/accessS.html?CNAME=pw01sde1007202602081220260816%2F8D,ダート,1:56.6,,高橋 義忠,晴,馬齢,,
476(-8),57.0,11  11  9  9,中京,QUARANTINED_HTML:track_condition,1800,9,pw01dud102023102708/16,クボウサマ,6,加藤 祥太,39.5,クビ,08,02,14,3歳,未勝利,2026-08-16,pw01sde1007202602081220260816,3歳未勝利,12,[指定],,18時30分,せん3,https://www.jra.go.jp/JRADB/accessS.html?CNAME=pw01sde1007202602081220260816%2F8D,ダート,1:56.7,,庄野 靖志,晴,馬齢,,
506(+2),57.0,15  13  9  9,中京,QUARANTINED_HTML:track_condition,1800,10,pw01dud102023101043/D1,メイショウジンソウ,1,太宰 啓介,39.8,１ 1/2,08,02,7,3歳,未勝利,2026-08-16,pw01sde1007202602081220260816,3歳未勝利,12,[指定],,18時30分,牡3,https://www.jra.go.jp/JRADB/accessS.html?CNAME=pw01sde1007202602081220260816%2F8D,ダート,1:56.9,,本田 優,晴,馬齢,,
494(0),57.0,7  6  12  11,中京,QUARANTINED_HTML:track_condition,1800,11,pw01dud102023105010/04,サトノディヴァイン,4,幸 英明,40.1,３,08,02,6,3歳,未勝利,2026-08-16,pw01sde1007202602081220260816,3歳未勝利,12,[指定],,18時30分,牡3,https://www.jra.go.jp/JRADB/accessS.html?CNAME=pw01sde1007202602081220260816%2F8D,ダート,1:57.4,,橋口 慎介,晴,馬齢,,
472(-2),57.0,9  8  5  5,中京,QUARANTINED_HTML:track_condition,1800,12,pw01dud102023104937/13,バチラ,7,富田 暁,41.3,３ 1/2,08,02,10,3歳,未勝利,2026-08-16,pw01sde1007202602081220260816,3歳未勝利,12,[指定],,18時30分,牡3,https://www.jra.go.jp/JRADB/accessS.html?CNAME=pw01sde1007202602081220260816%2F8D,ダート,1:58.0,,須貝 尚介,晴,馬齢,,
448(-2),57.0,3  3  3  4,中京,QUARANTINED_HTML:track_condition,1800,13,pw01dud102023100899/6C,マーゴットショット,15,団野 大成,41.7,クビ,08,02,5,3歳,未勝利,2026-08-16,pw01sde1007202602081220260816,3歳未勝利,12,[指定],,18時30分,牡3,https://www.jra.go.jp/JRADB/accessS.html?CNAME=pw01sde1007202602081220260816%2F8D,ダート,1:58.1,,小林 真也,晴,馬齢,,
460(-4),57.0,11  11  15  15,中京,QUARANTINED_HTML:track_condition,1800,14,pw01dud102023102718/26,レイワノキセキ,2,高倉 稜,40.6,３,08,02,12,3歳,未勝利,2026-08-16,pw01sde1007202602081220260816,3歳未勝利,12,[指定],,18時30分,牡3,https://www.jra.go.jp/JRADB/accessS.html?CNAME=pw01sde1007202602081220260816%2F8D,ダート,1:58.6,,本田 優,晴,馬齢,,
464(+4),54.0,7  9  9  14,中京,QUARANTINED_HTML:track_condition,1800,15,pw01dud102023104570/6A,ハッピーブルー,9,▲川端 海翼,41.9,３,08,02,15,3歳,未勝利,2026-08-16,pw01sde1007202602081220260816,3歳未勝利,12,[指定],,18時30分,牡3,https://www.jra.go.jp/JRADB/accessS.html?CNAME=pw01sde1007202602081220260816%2F8D,ダート,1:59.1,,緒方 努,晴,馬齢,,
450(0),55.0,3  3  6  8,中京,QUARANTINED_HTML:track_condition,1800,16,pw01dud102023107480/16,シンゼンコジロウ,3,◇永島 まなみ,43.3,７,08,02,13,3歳,未勝利,2026-08-16,pw01sde1007202602081220260816,3歳未勝利,12,[指定],,18時30分,牡3,https://www.jra.go.jp/JRADB/accessS.html?CNAME=pw01sde1007202602081220260816%2F8D,ダート,2:00.2,,飯田 祐史,晴,馬齢,,
